{
  "name": "faust_matrix_diffusion_gcn_512_redo",
  "checkpoint": "/data2/home/jrr25/Documents/shape-match-diffusion/experiments/faust_matrix_diffusion_gcn_512_redo/models/final.pth",
  "fps_metric": "geodesic",
  "n_pairs": 380,
  "flip_thresh": 0.2,
  "default_lm_weight": 5.0,
  "weights": [
    0.0,
    0.5,
    1.0,
    2.0,
    5.0,
    10.0,
    20.0,
    50.0
  ],
  "model_landmarks": {
    "0.0": {
      "mean": 0.3109908998012543,
      "flip_rate": 0.45863631578947367
    },
    "0.5": {
      "mean": 0.0902721956372261,
      "flip_rate": 0.11033368421052632
    },
    "1.0": {
      "mean": 0.09035783261060715,
      "flip_rate": 0.11034052631578947
    },
    "2.0": {
      "mean": 0.09042824059724808,
      "flip_rate": 0.11034684210526316
    },
    "5.0": {
      "mean": 0.09050016105175018,
      "flip_rate": 0.11035315789473685
    },
    "10.0": {
      "mean": 0.09054529666900635,
      "flip_rate": 0.11035263157894737
    },
    "20.0": {
      "mean": 0.09057621657848358,
      "flip_rate": 0.11035578947368421
    },
    "50.0": {
      "mean": 0.09059174358844757,
      "flip_rate": 0.11034842105263158
    }
  },
  "gt_landmarks": {
    "0.0": {
      "mean": 0.3109908998012543,
      "flip_rate": 0.45863631578947367
    },
    "0.5": {
      "mean": 0.01242416724562645,
      "flip_rate": 0.0009442105263157895
    },
    "1.0": {
      "mean": 0.012407499365508556,
      "flip_rate": 0.0009436842105263158
    },
    "2.0": {
      "mean": 0.012398992665112019,
      "flip_rate": 0.0009436842105263158
    },
    "5.0": {
      "mean": 0.012396934442222118,
      "flip_rate": 0.0009431578947368421
    },
    "10.0": {
      "mean": 0.012398606166243553,
      "flip_rate": 0.0009431578947368421
    },
    "20.0": {
      "mean": 0.01239896472543478,
      "flip_rate": 0.0009431578947368421
    },
    "50.0": {
      "mean": 0.012398428283631802,
      "flip_rate": 0.0009431578947368421
    }
  }
}