wall_time,iter,epoch,tag,value
1784130292.922314,3,0,Val/avg_error,0.5587745308876038
1784130292.9224808,3,0,Val/acc,0.0068359375
