wall_time,iter,epoch,tag,value
1784128374.467314,3,0,Val/avg_error,0.5662462115287781
1784128374.4695969,3,0,Val/acc,0.00439453125
