wall_time,iter,epoch,tag,value
1784121864.993424,3,0,Val/avg_error,0.4179845452308655
1784121864.9957461,3,0,Val/acc,0.00947265625
