{
  "name": "runB_patch48_euc",
  "checkpoint": "/data2/home/jrr25/Documents/shape-match-diffusion/experiments/runB_patch48_euc/models/final.pth",
  "n_pairs": 8,
  "n_samples": 8,
  "t_bins": 10,
  "t_repeats": 16,
  "divergence_mean": 0.08572823660714286,
  "divergence_median": 0.08994838169642858,
  "divergence_max": 0.15708705357142858,
  "slope_mean": 0.025103471076780928,
  "per_pair": [
    {
      "pair": 0,
      "trajectory_divergence": 0.019252232142857144,
      "loss_t_slope": 0.0017228814009609917,
      "loss_vs_t": {
        "0.05": 4.365574308301534e-11,
        "0.15": 4.2200551299970135e-10,
        "0.25": 7.56699470444433e-10,
        "0.35": 8.73114705535194e-10,
        "0.45": 4.045430197427424e-09,
        "0.55": 2.274437487306824e-08,
        "0.65": 2.7095510002350665e-07,
        "0.75": 9.23280915117175e-05,
        "0.85": 0.0017793858824006747,
        "0.95": 0.0067424054723232985
      }
    },
    {
      "pair": 54,
      "trajectory_divergence": 0.11314174107142858,
      "loss_t_slope": 0.019865779040089165,
      "loss_vs_t": {
        "0.05": 1.8786468325426853e-08,
        "0.15": 6.120418238886316e-08,
        "0.25": 1.2805667748416738e-08,
        "0.35": 1.4377219831329668e-08,
        "0.45": 8.918544613933932e-08,
        "0.55": 3.2064939947673565e-07,
        "0.65": 3.301636413866049e-05,
        "0.75": 0.0009783367640920915,
        "0.85": 0.01875048689544201,
        "0.95": 0.07956693088635802
      }
    },
    {
      "pair": 108,
      "trajectory_divergence": 0.05608258928571429,
      "loss_t_slope": 0.01205492808891088,
      "loss_vs_t": {
        "0.05": 5.922625001542059e-09,
        "0.15": 1.4871988918141454e-08,
        "0.25": 1.2295494855596445e-07,
        "0.35": 1.0128119301566763e-08,
        "0.45": 6.046272110760142e-08,
        "0.55": 2.0404250652972244e-07,
        "0.65": 1.0452476510103281e-05,
        "0.75": 0.00027782552569988184,
        "0.85": 0.010212822613539174,
        "0.95": 0.04977355012670159
      }
    },
    {
      "pair": 162,
      "trajectory_divergence": 0.15708705357142858,
      "loss_t_slope": 0.07244913114141507,
      "loss_vs_t": {
        "0.05": 3.972671441809794e-09,
        "0.15": 6.359183721271755e-09,
        "0.25": 1.2310906322143822e-08,
        "0.35": 3.93307349577654e-07,
        "0.45": 7.505259802531583e-07,
        "0.55": 4.720692216153566e-05,
        "0.65": 0.00012100310729579178,
        "0.75": 0.006287391712248791,
        "0.85": 0.0967924790456891,
        "0.95": 0.2589987413957715
      }
    },
    {
      "pair": 217,
      "trajectory_divergence": 0.10972377232142858,
      "loss_t_slope": 0.04521698126988874,
      "loss_vs_t": {
        "0.05": 1.0477378062367926e-09,
        "0.15": 2.8085191949855925e-09,
        "0.25": 1.0026247929117993e-08,
        "0.35": 6.170007380013054e-09,
        "0.45": 5.200701644336725e-08,
        "0.55": 1.0999639932229854e-07,
        "0.65": 1.9802538946400716e-05,
        "0.75": 0.000674898519719136,
        "0.85": 0.026408334641018882,
        "0.95": 0.19898183271288872
      }
    },
    {
      "pair": 271,
      "trajectory_divergence": 0.05064174107142857,
      "loss_t_slope": 0.015862533571308783,
      "loss_vs_t": {
        "0.05": 8.87666756071992e-10,
        "0.15": 2.4010657073691988e-09,
        "0.25": 8.469210777128922e-09,
        "0.35": 1.4464537484437656e-08,
        "0.45": 6.594797441472622e-08,
        "0.55": 1.5557016441736238e-07,
        "0.65": 1.4299289325947484e-06,
        "0.75": 0.0004896582231594948,
        "0.85": 0.013437556044664234,
        "0.95": 0.06538396026007831
      }
    },
    {
      "pair": 325,
      "trajectory_divergence": 0.09312220982142858,
      "loss_t_slope": 0.027767382131614834,
      "loss_vs_t": {
        "0.05": 1.2805684394823214e-09,
        "0.15": 3.070453738485135e-09,
        "0.25": 9.487843843913879e-09,
        "0.35": 2.401036047761096e-08,
        "0.45": 2.329756032537489e-08,
        "0.55": 1.0264001533144551e-06,
        "0.65": 8.066005989348923e-05,
        "0.75": 0.001133622648922028,
        "0.85": 0.027478192117996514,
        "0.95": 0.11014347057789564
      }
    },
    {
      "pair": 379,
      "trajectory_divergence": 0.08677455357142858,
      "loss_t_slope": 0.005888151970058939,
      "loss_vs_t": {
        "0.05": 3.3178355063334664e-09,
        "0.15": 5.0931673462040195e-09,
        "0.25": 9.749774321221594e-09,
        "0.35": 1.3050933406200116e-07,
        "0.45": 8.313367749757106e-08,
        "0.55": 1.0678601176650204e-06,
        "0.65": 7.331304281876783e-06,
        "0.75": 0.0004891146654699696,
        "0.85": 0.005053969376604073,
        "0.95": 0.023889508447609842
      }
    }
  ]
}