wall_time,iter,epoch,tag,value
1786448397.717563,20,0,Loss/l_ce,1.7684648036956787
1786448397.7178693,20,0,Loss/l_total,1.7684648036956787
1786448397.7179012,20,0,LR,0.0001
1786448411.2265174,40,0,Loss/l_ce,1.730243444442749
1786448411.2267466,40,0,Loss/l_total,1.730243444442749
1786448411.2267737,40,0,LR,0.0001
1786448428.8475618,60,0,Loss/l_ce,0.45009946823120117
1786448428.8477728,60,0,Loss/l_total,0.45009946823120117
1786448428.8477955,60,0,LR,0.0001
1786448448.8812802,80,0,Loss/l_ce,0.6726434230804443
1786448448.8816056,80,0,Loss/l_total,0.6726434230804443
1786448448.8816319,80,0,LR,0.0001
1786448469.1662877,100,0,Loss/l_ce,1.194901943206787
1786448469.1665442,100,0,Loss/l_total,1.194901943206787
1786448469.1665654,100,0,LR,0.0001
1786448488.6279974,120,0,Loss/l_ce,1.0805702209472656
1786448488.6284487,120,0,Loss/l_total,1.0805702209472656
1786448488.628742,120,0,LR,0.0001
1786448509.2482293,140,0,Loss/l_ce,1.0434532165527344
1786448509.2485034,140,0,Loss/l_total,1.0434532165527344
1786448509.2485323,140,0,LR,0.0001
1786448528.6365373,160,0,Loss/l_ce,1.7722337245941162
1786448528.6367178,160,0,Loss/l_total,1.7722337245941162
1786448528.636739,160,0,LR,0.0001
1786448546.6680176,180,0,Loss/l_ce,0.7317848205566406
1786448546.6683228,180,0,Loss/l_total,0.7317848205566406
1786448546.6683478,180,0,LR,0.0001
1786448569.2532856,200,0,Loss/l_ce,0.3403611183166504
1786448569.2535775,200,0,Loss/l_total,0.3403611183166504
1786448569.2536025,200,0,LR,0.0001
1786448593.4693694,220,0,Loss/l_ce,0.70125412940979
1786448593.469627,220,0,Loss/l_total,0.70125412940979
1786448593.4696484,220,0,LR,0.0001
1786448609.748873,240,0,Loss/l_ce,3.5364456176757812
1786448609.749121,240,0,Loss/l_total,3.5364456176757812
1786448609.7491426,240,0,LR,0.0001
1786448630.604205,260,0,Loss/l_ce,0.4004325866699219
1786448630.6044722,260,0,Loss/l_total,0.4004325866699219
1786448630.6044946,260,0,LR,0.0001
1786448644.923638,280,0,Loss/l_ce,0.36780333518981934
1786448644.9239123,280,0,Loss/l_total,0.36780333518981934
1786448644.9239337,280,0,LR,0.0001
1786448666.3800013,300,0,Loss/l_ce,0.24807262420654297
1786448666.3802185,300,0,Loss/l_total,0.24807262420654297
1786448666.3802435,300,0,LR,0.0001
1786448695.3268697,320,0,Loss/l_ce,0.2354717254638672
1786448695.3270872,320,0,Loss/l_total,0.2354717254638672
1786448695.3271074,320,0,LR,0.0001
1786448713.29455,340,0,Loss/l_ce,0.3354003429412842
1786448713.2947602,340,0,Loss/l_total,0.3354003429412842
1786448713.2947805,340,0,LR,0.0001
1786448739.4429615,360,0,Loss/l_ce,0.26230907440185547
1786448739.4431891,360,0,Loss/l_total,0.26230907440185547
1786448739.4432166,360,0,LR,0.0001
1786448763.8427663,380,0,Loss/l_ce,0.3152947425842285
1786448763.8430774,380,0,Loss/l_total,0.3152947425842285
1786448763.8431058,380,0,LR,0.0001
1786448793.0841649,400,0,Loss/l_ce,2.0075602531433105
1786448793.0843337,400,0,Loss/l_total,2.0075602531433105
1786448793.084356,400,0,LR,0.0001
1786448819.2691367,420,0,Loss/l_ce,0.1634516716003418
1786448819.2693172,420,0,Loss/l_total,0.1634516716003418
1786448819.269341,420,0,LR,0.0001
1786448847.9282386,440,0,Loss/l_ce,0.3485097885131836
1786448847.9284048,440,0,Loss/l_total,0.3485097885131836
1786448847.9284344,440,0,LR,0.0001
1786448867.658026,460,0,Loss/l_ce,0.19453144073486328
1786448867.6582077,460,0,Loss/l_total,0.19453144073486328
1786448867.6582327,460,0,LR,0.0001
1786448896.2577786,480,0,Loss/l_ce,3.765256643295288
1786448896.2579532,480,0,Loss/l_total,3.765256643295288
1786448896.2579782,480,0,LR,0.0001
1786448920.4384224,500,0,Loss/l_ce,0.18292951583862305
1786448920.4385815,500,0,Loss/l_total,0.18292951583862305
1786448920.4386053,500,0,LR,0.0001
1786448949.4782364,520,0,Loss/l_ce,0.17321252822875977
1786448949.4784029,520,0,Loss/l_total,0.17321252822875977
1786448949.4784267,520,0,LR,0.0001
1786448978.8379612,540,0,Loss/l_ce,0.18938517570495605
1786448978.838206,540,0,Loss/l_total,0.18938517570495605
1786448978.838232,540,0,LR,0.0001
1786449005.8291566,560,0,Loss/l_ce,1.5075020790100098
1786449005.8293989,560,0,Loss/l_total,1.5075020790100098
1786449005.8294451,560,0,LR,0.0001
1786449029.5733879,580,0,Loss/l_ce,0.25447750091552734
1786449029.5736039,580,0,Loss/l_total,0.25447750091552734
1786449029.5736313,580,0,LR,0.0001
1786449055.3828518,600,0,Loss/l_ce,0.1941976547241211
1786449055.3830726,600,0,Loss/l_total,0.1941976547241211
1786449055.3830976,600,0,LR,0.0001
1786449078.007276,620,0,Loss/l_ce,0.2536337375640869
1786449078.0075479,620,0,Loss/l_total,0.2536337375640869
1786449078.0075715,620,0,LR,0.0001
1786449108.0301688,640,0,Loss/l_ce,0.22079682350158691
1786449108.0303233,640,0,Loss/l_total,0.22079682350158691
1786449108.0303447,640,0,LR,0.0001
1786449127.0289245,660,0,Loss/l_ce,0.1912095546722412
1786449127.0291572,660,0,Loss/l_total,0.1912095546722412
1786449127.029189,660,0,LR,0.0001
1786449154.0692124,680,0,Loss/l_ce,0.15178155899047852
1786449154.0693893,680,0,Loss/l_total,0.15178155899047852
1786449154.0694118,680,0,LR,0.0001
1786449179.9349978,700,0,Loss/l_ce,0.40465354919433594
1786449179.9352436,700,0,Loss/l_total,0.40465354919433594
1786449179.9352696,700,0,LR,0.0001
1786449204.3248587,720,0,Loss/l_ce,0.16881418228149414
1786449204.3252218,720,0,Loss/l_total,0.16881418228149414
1786449204.325248,720,0,LR,0.0001
1786449219.1080034,740,0,Loss/l_ce,0.17659449577331543
1786449219.108305,740,0,Loss/l_total,0.17659449577331543
1786449219.1083298,740,0,LR,0.0001
1786449240.9058247,760,0,Loss/l_ce,0.17374038696289062
1786449240.906079,760,0,Loss/l_total,0.17374038696289062
1786449240.9061038,760,0,LR,0.0001
1786449258.294807,780,0,Loss/l_ce,0.15167999267578125
1786449258.2950268,780,0,Loss/l_total,0.15167999267578125
1786449258.295079,780,0,LR,0.0001
1786449274.6858943,800,0,Loss/l_ce,3.6856937408447266
1786449274.6861777,800,0,Loss/l_total,3.6856937408447266
1786449274.6862016,800,0,LR,0.0001
1786449287.9264643,820,0,Loss/l_ce,0.15655136108398438
1786449287.9267337,820,0,Loss/l_total,0.15655136108398438
1786449287.9267573,820,0,LR,0.0001
1786449309.4426956,840,0,Loss/l_ce,0.13303470611572266
1786449309.4428656,840,0,Loss/l_total,0.13303470611572266
1786449309.4428883,840,0,LR,0.0001
1786449323.126776,860,0,Loss/l_ce,0.18866777420043945
1786449323.1269352,860,0,Loss/l_total,0.18866777420043945
1786449323.126958,860,0,LR,0.0001
1786449338.896276,880,0,Loss/l_ce,0.19379711151123047
1786449338.8964257,880,0,Loss/l_total,0.19379711151123047
1786449338.8964484,880,0,LR,0.0001
1786449353.2521744,900,0,Loss/l_ce,0.14914464950561523
1786449353.2523558,900,0,Loss/l_total,0.14914464950561523
1786449353.2523785,900,0,LR,0.0001
1786449377.1043477,920,0,Loss/l_ce,0.16675209999084473
1786449377.1045496,920,0,Loss/l_total,0.16675209999084473
1786449377.10457,920,0,LR,0.0001
1786449408.877263,940,0,Loss/l_ce,0.13643646240234375
1786449408.8774662,940,0,Loss/l_total,0.13643646240234375
1786449408.8774862,940,0,LR,0.0001
1786449432.9879265,960,0,Loss/l_ce,0.16314911842346191
1786449432.9881556,960,0,Loss/l_total,0.16314911842346191
1786449432.9881804,960,0,LR,0.0001
1786449472.4694366,980,0,Loss/l_ce,0.13851451873779297
1786449472.469719,980,0,Loss/l_total,0.13851451873779297
1786449472.4697442,980,0,LR,0.0001
1786449547.6065476,1000,0,Loss/l_ce,0.17913007736206055
1786449547.6067376,1000,0,Loss/l_total,0.17913007736206055
1786449547.6067579,1000,0,LR,0.0001
1786449599.6273022,1020,0,Loss/l_ce,0.17815136909484863
1786449599.6275754,1020,0,Loss/l_total,0.17815136909484863
1786449599.6275966,1020,0,LR,0.0001
1786449671.041876,1040,0,Loss/l_ce,1.8150017261505127
1786449671.0422204,1040,0,Loss/l_total,1.8150017261505127
1786449671.0422442,1040,0,LR,0.0001
1786449722.7042677,1060,0,Loss/l_ce,3.4530558586120605
1786449722.7044802,1060,0,Loss/l_total,3.4530558586120605
1786449722.7045064,1060,0,LR,0.0001
1786449764.4987342,1080,0,Loss/l_ce,0.2024226188659668
1786449764.498972,1080,0,Loss/l_total,0.2024226188659668
1786449764.4989944,1080,0,LR,0.0001
1786449794.4568038,1100,0,Loss/l_ce,1.0263216495513916
1786449794.4570684,1100,0,Loss/l_total,1.0263216495513916
1786449794.4571207,1100,0,LR,0.0001
1786449810.8741705,1120,0,Loss/l_ce,0.18460655212402344
1786449810.8743722,1120,0,Loss/l_total,0.18460655212402344
1786449810.8746064,1120,0,LR,0.0001
1786449829.0328803,1140,0,Loss/l_ce,0.3475193977355957
1786449829.0331583,1140,0,Loss/l_total,0.3475193977355957
1786449829.0331845,1140,0,LR,0.0001
1786449855.0784075,1160,0,Loss/l_ce,0.1910386085510254
1786449855.078658,1160,0,Loss/l_total,0.1910386085510254
1786449855.0786817,1160,0,LR,0.0001
1786449890.8096077,1180,0,Loss/l_ce,0.16666412353515625
1786449890.8098307,1180,0,Loss/l_total,0.16666412353515625
1786449890.8098571,1180,0,LR,0.0001
1786449914.0783052,1200,0,Loss/l_ce,0.18021726608276367
1786449914.0784502,1200,0,Loss/l_total,0.18021726608276367
1786449914.078469,1200,0,LR,0.0001
1786449934.522978,1220,0,Loss/l_ce,0.1314685344696045
1786449934.5231597,1220,0,Loss/l_total,0.1314685344696045
1786449934.5231833,1220,0,LR,0.0001
1786449971.3452532,1240,0,Loss/l_ce,0.9862465858459473
1786449971.3454738,1240,0,Loss/l_total,0.9862465858459473
1786449971.3454976,1240,0,LR,0.0001
1786449996.9732606,1260,0,Loss/l_ce,0.1430497169494629
1786449996.9734528,1260,0,Loss/l_total,0.1430497169494629
1786449996.9734766,1260,0,LR,0.0001
1786450010.6994195,1280,0,Loss/l_ce,0.17512226104736328
1786450010.6996012,1280,0,Loss/l_total,0.17512226104736328
1786450010.6998231,1280,0,LR,0.0001
1786450033.3157399,1300,0,Loss/l_ce,0.910987138748169
1786450033.3159404,1300,0,Loss/l_total,0.910987138748169
1786450033.3159642,1300,0,LR,0.0001
1786450050.8857772,1320,0,Loss/l_ce,0.20103073120117188
1786450050.885998,1320,0,Loss/l_total,0.20103073120117188
1786450050.8860219,1320,0,LR,0.0001
1786450073.81952,1340,0,Loss/l_ce,0.294628381729126
1786450073.8197942,1340,0,Loss/l_total,0.294628381729126
1786450073.8198192,1340,0,LR,0.0001
1786450094.445759,1360,0,Loss/l_ce,0.19408583641052246
1786450094.446007,1360,0,Loss/l_total,0.19408583641052246
1786450094.44607,1360,0,LR,0.0001
1786450116.6638572,1380,0,Loss/l_ce,0.2141420841217041
1786450116.664129,1380,0,Loss/l_total,0.2141420841217041
1786450116.6641538,1380,0,LR,0.0001
1786450143.3123448,1400,0,Loss/l_ce,0.1996474266052246
1786450143.3125966,1400,0,Loss/l_total,0.1996474266052246
1786450143.3126204,1400,0,LR,0.0001
1786450162.8043349,1420,0,Loss/l_ce,0.15952587127685547
1786450162.8045735,1420,0,Loss/l_total,0.15952587127685547
1786450162.8045936,1420,0,LR,0.0001
1786450184.2336884,1440,0,Loss/l_ce,0.14868569374084473
1786450184.2338831,1440,0,Loss/l_total,0.14868569374084473
1786450184.2339034,1440,0,LR,0.0001
1786450203.6806645,1460,0,Loss/l_ce,0.20929622650146484
1786450203.6808927,1460,0,Loss/l_total,0.20929622650146484
1786450203.680915,1460,0,LR,0.0001
1786450221.511781,1480,0,Loss/l_ce,0.1564943790435791
1786450221.5119483,1480,0,Loss/l_total,0.1564943790435791
1786450221.5119698,1480,0,LR,0.0001
1786450236.7368915,1500,0,Loss/l_ce,1.2322134971618652
1786450236.7370872,1500,0,Loss/l_total,1.2322134971618652
1786450236.7371132,1500,0,LR,0.0001
1786450257.202531,1520,0,Loss/l_ce,0.20195388793945312
1786450257.2026925,1520,0,Loss/l_total,0.20195388793945312
1786450257.2027152,1520,0,LR,0.0001
1786450275.9685721,1540,0,Loss/l_ce,0.09617733955383301
1786450275.9687872,1540,0,Loss/l_total,0.09617733955383301
1786450275.968811,1540,0,LR,0.0001
1786450300.3899636,1560,0,Loss/l_ce,0.14353203773498535
1786450300.3902318,1560,0,Loss/l_total,0.14353203773498535
1786450300.3902533,1560,0,LR,0.0001
1786450319.7621305,1580,0,Loss/l_ce,0.19489479064941406
1786450319.762291,1580,0,Loss/l_total,0.19489479064941406
1786450319.7623134,1580,0,LR,0.0001
1786450342.0374944,1600,0,Loss/l_ce,0.15343284606933594
1786450342.037784,1600,0,Loss/l_total,0.15343284606933594
1786450342.0378065,1600,0,LR,0.0001
1786450357.2054453,1620,0,Loss/l_ce,0.5803225040435791
1786450357.2056794,1620,0,Loss/l_total,0.5803225040435791
1786450357.2057033,1620,0,LR,0.0001
1786450378.4274664,1640,0,Loss/l_ce,0.16997170448303223
1786450378.4277184,1640,0,Loss/l_total,0.16997170448303223
1786450378.4278905,1640,0,LR,0.0001
1786450401.2195373,1660,0,Loss/l_ce,0.15288496017456055
1786450401.2197258,1660,0,Loss/l_total,0.15288496017456055
1786450401.219758,1660,0,LR,0.0001
1786450421.4163141,1680,0,Loss/l_ce,0.16044402122497559
1786450421.4165647,1680,0,Loss/l_total,0.16044402122497559
1786450421.416598,1680,0,LR,0.0001
1786450438.3023307,1700,0,Loss/l_ce,0.1841447353363037
1786450438.3025706,1700,0,Loss/l_total,0.1841447353363037
1786450438.302594,1700,0,LR,0.0001
1786450459.6678078,1720,0,Loss/l_ce,0.17491650581359863
1786450459.668,1720,0,Loss/l_total,0.17491650581359863
1786450459.6680548,1720,0,LR,0.0001
1786450466.859431,1740,0,Loss/l_ce,0.14216065406799316
1786450466.8596127,1740,0,Loss/l_total,0.14216065406799316
1786450466.8596342,1740,0,LR,0.0001
1786450480.3259766,1760,0,Loss/l_ce,3.5275492668151855
1786450480.326212,1760,0,Loss/l_total,3.5275492668151855
1786450480.3262439,1760,0,LR,0.0001
1786450489.6793647,1780,0,Loss/l_ce,0.17099618911743164
1786450489.679531,1780,0,Loss/l_total,0.17099618911743164
1786450489.6795535,1780,0,LR,0.0001
1786450506.6403532,1800,0,Loss/l_ce,0.1432638168334961
1786450506.6405184,1800,0,Loss/l_total,0.1432638168334961
1786450506.6405423,1800,0,LR,0.0001
1786450523.5694926,1820,0,Loss/l_ce,0.16038060188293457
1786450523.569654,1820,0,Loss/l_total,0.16038060188293457
1786450523.5696752,1820,0,LR,0.0001
1786450535.2449813,1840,0,Loss/l_ce,0.13969016075134277
1786450535.2451699,1840,0,Loss/l_total,0.13969016075134277
1786450535.2451901,1840,0,LR,0.0001
1786450549.209002,1860,0,Loss/l_ce,0.21080994606018066
1786450549.2092252,1860,0,Loss/l_total,0.21080994606018066
1786450549.2092502,1860,0,LR,0.0001
1786450558.8541584,1880,0,Loss/l_ce,1.2942767143249512
1786450558.8543613,1880,0,Loss/l_total,1.2942767143249512
1786450558.8543851,1880,0,LR,0.0001
1786450572.172791,1900,0,Loss/l_ce,0.1186518669128418
1786450572.1730676,1900,0,Loss/l_total,0.1186518669128418
1786450572.1730926,1900,0,LR,0.0001
1786450584.1422763,1920,0,Loss/l_ce,0.129960298538208
1786450584.142471,1920,0,Loss/l_total,0.129960298538208
1786450584.142496,1920,0,LR,0.0001
1786450596.567168,1940,0,Loss/l_ce,0.17406415939331055
1786450596.5673926,1940,0,Loss/l_total,0.17406415939331055
1786450596.5674174,1940,0,LR,0.0001
1786450604.794975,1960,0,Loss/l_ce,0.1564035415649414
1786450604.795236,1960,0,Loss/l_total,0.1564035415649414
1786450604.7952611,1960,0,LR,0.0001
1786450634.6067145,1980,0,Loss/l_ce,0.1235654354095459
1786450634.6069007,1980,0,Loss/l_total,0.1235654354095459
1786450634.6069221,1980,0,LR,0.0001
1786450654.0923574,2000,0,Loss/l_ce,0.13796091079711914
1786450654.0925603,2000,0,Loss/l_total,0.13796091079711914
1786450654.0925841,2000,0,LR,0.0001
1786450678.6714709,2020,0,Loss/l_ce,0.14385032653808594
1786450678.6717238,2020,0,Loss/l_total,0.14385032653808594
1786450678.671745,2020,0,LR,0.0001
1786450724.7720177,2040,0,Loss/l_ce,0.16118741035461426
1786450724.772337,2040,0,Loss/l_total,0.16118741035461426
1786450724.7723596,2040,0,LR,0.0001
1786450768.4889088,2060,0,Loss/l_ce,0.12577056884765625
1786450768.4891355,2060,0,Loss/l_total,0.12577056884765625
1786450768.489157,2060,0,LR,0.0001
1786450813.7358782,2080,0,Loss/l_ce,0.18907856941223145
1786450813.7361062,2080,0,Loss/l_total,0.18907856941223145
1786450813.7361324,2080,0,LR,0.0001
1786450847.0210245,2100,0,Loss/l_ce,0.13086557388305664
1786450847.0212371,2100,0,Loss/l_total,0.13086557388305664
1786450847.0212586,2100,0,LR,0.0001
1786450869.7702434,2120,0,Loss/l_ce,0.6015257835388184
1786450869.7703907,2120,0,Loss/l_total,0.6015257835388184
1786450869.7704144,2120,0,LR,0.0001
1786450890.8537261,2140,0,Loss/l_ce,4.317037582397461
1786450890.8539314,2140,0,Loss/l_total,4.317037582397461
1786450890.853954,2140,0,LR,0.0001
1786450916.0993557,2160,0,Loss/l_ce,0.15239667892456055
1786450916.0995705,2160,0,Loss/l_total,0.15239667892456055
1786450916.0995944,2160,0,LR,0.0001
1786450938.84581,2180,0,Loss/l_ce,0.18201899528503418
1786450938.8460748,2180,0,Loss/l_total,0.18201899528503418
1786450938.8461304,2180,0,LR,0.0001
1786450952.997102,2200,0,Loss/l_ce,0.1337599754333496
1786450952.9973452,2200,0,Loss/l_total,0.1337599754333496
1786450952.997369,2200,0,LR,0.0001
1786450974.6222227,2220,0,Loss/l_ce,0.28482675552368164
1786450974.6224291,2220,0,Loss/l_total,0.28482675552368164
1786450974.6224566,2220,0,LR,0.0001
1786450991.4775348,2240,0,Loss/l_ce,0.14115238189697266
1786450991.4777591,2240,0,Loss/l_total,0.14115238189697266
1786450991.4777794,2240,0,LR,0.0001
1786451011.703535,2260,0,Loss/l_ce,0.1271228790283203
1786451011.7037225,2260,0,Loss/l_total,0.1271228790283203
1786451011.7037427,2260,0,LR,0.0001
1786451035.500241,2280,0,Loss/l_ce,0.148484468460083
1786451035.500418,2280,0,Loss/l_total,0.148484468460083
1786451035.5004394,2280,0,LR,0.0001
1786451052.239548,2300,0,Loss/l_ce,0.13066506385803223
1786451052.239758,2300,0,Loss/l_total,0.13066506385803223
1786451052.2397878,2300,0,LR,0.0001
1786451074.1955385,2320,0,Loss/l_ce,0.22993755340576172
1786451074.195758,2320,0,Loss/l_total,0.22993755340576172
1786451074.195782,2320,0,LR,0.0001
1786451096.5229154,2340,0,Loss/l_ce,0.17851662635803223
1786451096.5232098,2340,0,Loss/l_total,0.17851662635803223
1786451096.5232408,2340,0,LR,0.0001
1786451121.6267273,2360,0,Loss/l_ce,0.19414138793945312
1786451121.6269777,2360,0,Loss/l_total,0.19414138793945312
1786451121.6269968,2360,0,LR,0.0001
1786451138.3607213,2380,0,Loss/l_ce,0.21469640731811523
1786451138.360928,2380,0,Loss/l_total,0.21469640731811523
1786451138.3609495,2380,0,LR,0.0001
1786451155.2684748,2400,0,Loss/l_ce,0.1670980453491211
1786451155.2687147,2400,0,Loss/l_total,0.1670980453491211
1786451155.2687373,2400,0,LR,0.0001
1786451175.401293,2420,0,Loss/l_ce,1.941896677017212
1786451175.4015412,2420,0,Loss/l_total,1.941896677017212
1786451175.401564,2420,0,LR,0.0001
1786451193.9038706,2440,0,Loss/l_ce,0.1352400779724121
1786451193.9041507,2440,0,Loss/l_total,0.1352400779724121
1786451193.9041755,2440,0,LR,0.0001
1786451212.6798313,2460,0,Loss/l_ce,0.13661646842956543
1786451212.6800947,2460,0,Loss/l_total,0.13661646842956543
1786451212.680121,2460,0,LR,0.0001
1786451238.0608659,2480,0,Loss/l_ce,0.17499732971191406
1786451238.0611863,2480,0,Loss/l_total,0.17499732971191406
1786451238.0612102,2480,0,LR,0.0001
1786451266.387411,2500,0,Loss/l_ce,0.1377274990081787
1786451266.387607,2500,0,Loss/l_total,0.1377274990081787
1786451266.3876295,2500,0,LR,0.0001
1786451296.4192467,2520,0,Loss/l_ce,0.1267087459564209
1786451296.4194355,2520,0,Loss/l_total,0.1267087459564209
1786451296.4194567,2520,0,LR,0.0001
1786451318.4967544,2540,0,Loss/l_ce,0.17403841018676758
1786451318.4969313,2540,0,Loss/l_total,0.17403841018676758
1786451318.496954,2540,0,LR,0.0001
1786451460.0085013,2550,0,Val/avg_error,0.012621807865798473
1786451460.0087862,2550,0,Val/acc,0.81591796875
1786451460.0088089,2550,0,Val/sparse_auc,0.9037671638257575
1786451460.0088253,2550,0,Val/sparse_pck_max,0.1
1786451460.008842,2550,0,Val/sparse_pck_n,100.0
1786451472.75564,2560,1,Loss/l_ce,0.15124082565307617
1786451472.7561266,2560,1,Loss/l_total,0.15124082565307617
1786451472.7561564,2560,1,LR,9.986128001799077e-05
1786451485.8861039,2580,1,Loss/l_ce,0.1631913185119629
1786451485.8862915,2580,1,Loss/l_total,0.1631913185119629
1786451485.8863153,2580,1,LR,9.986128001799077e-05
1786451498.2453218,2600,1,Loss/l_ce,0.17356371879577637
1786451498.245526,2600,1,Loss/l_total,0.17356371879577637
1786451498.2455497,2600,1,LR,9.986128001799077e-05
1786451515.1215825,2620,1,Loss/l_ce,0.1319594383239746
1786451515.1218,2620,1,Loss/l_total,0.1319594383239746
1786451515.1218247,2620,1,LR,9.986128001799077e-05
1786451527.7525883,2640,1,Loss/l_ce,0.15223979949951172
1786451527.752776,2640,1,Loss/l_total,0.15223979949951172
1786451527.7527997,2640,1,LR,9.986128001799077e-05
1786451539.347797,2660,1,Loss/l_ce,0.6325786113739014
1786451539.348285,2660,1,Loss/l_total,0.6325786113739014
1786451539.348311,2660,1,LR,9.986128001799077e-05
1786451548.9715686,2680,1,Loss/l_ce,0.7327914237976074
1786451548.9718037,2680,1,Loss/l_total,0.7327914237976074
1786451548.9718251,2680,1,LR,9.986128001799077e-05
1786451560.5157638,2700,1,Loss/l_ce,0.17538022994995117
1786451560.5159428,2700,1,Loss/l_total,0.17538022994995117
1786451560.515963,2700,1,LR,9.986128001799077e-05
1786451576.1369836,2720,1,Loss/l_ce,0.14713048934936523
1786451576.137182,2720,1,Loss/l_total,0.14713048934936523
1786451576.1372058,2720,1,LR,9.986128001799077e-05
1786451584.5430753,2740,1,Loss/l_ce,0.11330342292785645
1786451584.5432415,2740,1,Loss/l_total,0.11330342292785645
1786451584.543264,2740,1,LR,9.986128001799077e-05
1786451595.449616,2760,1,Loss/l_ce,0.15581464767456055
1786451595.449864,2760,1,Loss/l_total,0.15581464767456055
1786451595.449883,2760,1,LR,9.986128001799077e-05
1786451617.757202,2780,1,Loss/l_ce,0.15013766288757324
1786451617.757418,2780,1,Loss/l_total,0.15013766288757324
1786451617.7574408,2780,1,LR,9.986128001799077e-05
1786451643.7007997,2800,1,Loss/l_ce,0.13987016677856445
1786451643.7009897,2800,1,Loss/l_total,0.13987016677856445
1786451643.7010112,2800,1,LR,9.986128001799077e-05
1786451667.9838893,2820,1,Loss/l_ce,0.14702653884887695
1786451667.9841137,2820,1,Loss/l_total,0.14702653884887695
1786451667.9841325,2820,1,LR,9.986128001799077e-05
1786451698.7530885,2840,1,Loss/l_ce,0.2054157257080078
1786451698.7532845,2840,1,Loss/l_total,0.2054157257080078
1786451698.7533057,2840,1,LR,9.986128001799077e-05
1786451733.8195488,2860,1,Loss/l_ce,0.5797281265258789
1786451733.8199456,2860,1,Loss/l_total,0.5797281265258789
1786451733.8199787,2860,1,LR,9.986128001799077e-05
1786451779.4644196,2880,1,Loss/l_ce,0.1773538589477539
1786451779.4646392,2880,1,Loss/l_total,0.1773538589477539
1786451779.464663,2880,1,LR,9.986128001799077e-05
1786451813.708492,2900,1,Loss/l_ce,0.13763952255249023
1786451813.7086594,2900,1,Loss/l_total,0.13763952255249023
1786451813.708683,2900,1,LR,9.986128001799077e-05
1786451851.0162928,2920,1,Loss/l_ce,1.0402781963348389
1786451851.0164864,2920,1,Loss/l_total,1.0402781963348389
1786451851.0165102,2920,1,LR,9.986128001799077e-05
1786451878.7219682,2940,1,Loss/l_ce,0.14608430862426758
1786451878.7221782,2940,1,Loss/l_total,0.14608430862426758
1786451878.7222,2940,1,LR,9.986128001799077e-05
1786451896.4151921,2960,1,Loss/l_ce,0.17798972129821777
1786451896.4153879,2960,1,Loss/l_total,0.17798972129821777
1786451896.4154081,2960,1,LR,9.986128001799077e-05
1786451911.8468099,2980,1,Loss/l_ce,0.19262981414794922
1786451911.8469796,2980,1,Loss/l_total,0.19262981414794922
1786451911.8470047,2980,1,LR,9.986128001799077e-05
1786451928.4368756,3000,1,Loss/l_ce,0.16305303573608398
1786451928.4370928,3000,1,Loss/l_total,0.16305303573608398
1786451928.4371202,3000,1,LR,9.986128001799077e-05
1786451949.6264102,3020,1,Loss/l_ce,0.1368272304534912
1786451949.6265955,3020,1,Loss/l_total,0.1368272304534912
1786451949.6266181,3020,1,LR,9.986128001799077e-05
1786451969.8603227,3040,1,Loss/l_ce,2.0626704692840576
1786451969.8604927,3040,1,Loss/l_total,2.0626704692840576
1786451969.8605142,3040,1,LR,9.986128001799077e-05
1786451996.2782657,3060,1,Loss/l_ce,0.15681719779968262
1786451996.278465,3060,1,Loss/l_total,0.15681719779968262
1786451996.2784889,3060,1,LR,9.986128001799077e-05
1786452013.7155912,3080,1,Loss/l_ce,0.14573287963867188
1786452013.7158334,3080,1,Loss/l_total,0.14573287963867188
1786452013.7158558,3080,1,LR,9.986128001799077e-05
1786452035.3490486,3100,1,Loss/l_ce,0.16164278984069824
1786452035.3492637,3100,1,Loss/l_total,0.16164278984069824
1786452035.3492873,3100,1,LR,9.986128001799077e-05
1786452054.5432003,3120,1,Loss/l_ce,0.17487502098083496
1786452054.5434518,3120,1,Loss/l_total,0.17487502098083496
1786452054.5434735,3120,1,LR,9.986128001799077e-05
1786452079.827179,3140,1,Loss/l_ce,0.13641095161437988
1786452079.8273356,3140,1,Loss/l_total,0.13641095161437988
1786452079.8273559,3140,1,LR,9.986128001799077e-05
1786452097.5932896,3160,1,Loss/l_ce,0.13356280326843262
1786452097.593468,3160,1,Loss/l_total,0.13356280326843262
1786452097.593521,3160,1,LR,9.986128001799077e-05
1786452120.708226,3180,1,Loss/l_ce,0.24418902397155762
1786452120.708378,3180,1,Loss/l_total,0.24418902397155762
1786452120.7083983,3180,1,LR,9.986128001799077e-05
1786452140.0401275,3200,1,Loss/l_ce,0.16283845901489258
1786452140.0402937,3200,1,Loss/l_total,0.16283845901489258
1786452140.0403152,3200,1,LR,9.986128001799077e-05
1786452166.6755273,3220,1,Loss/l_ce,0.16636991500854492
1786452166.6757057,3220,1,Loss/l_total,0.16636991500854492
1786452166.6757245,3220,1,LR,9.986128001799077e-05
1786452189.7521818,3240,1,Loss/l_ce,0.12735605239868164
1786452189.7523634,3240,1,Loss/l_total,0.12735605239868164
1786452189.7523897,3240,1,LR,9.986128001799077e-05
1786452208.198316,3260,1,Loss/l_ce,0.20514702796936035
1786452208.1984692,3260,1,Loss/l_total,0.20514702796936035
1786452208.198493,3260,1,LR,9.986128001799077e-05
1786452221.9998827,3280,1,Loss/l_ce,0.2036879062652588
1786452222.0001073,3280,1,Loss/l_total,0.2036879062652588
1786452222.0001285,3280,1,LR,9.986128001799077e-05
1786452245.2449188,3300,1,Loss/l_ce,0.12960076332092285
1786452245.2450922,3300,1,Loss/l_total,0.12960076332092285
1786452245.2451136,3300,1,LR,9.986128001799077e-05
1786452274.3187604,3320,1,Loss/l_ce,0.16960859298706055
1786452274.3189585,3320,1,Loss/l_total,0.16960859298706055
1786452274.3189847,3320,1,LR,9.986128001799077e-05
1786452297.901954,3340,1,Loss/l_ce,0.18387413024902344
1786452297.9022403,3340,1,Loss/l_total,0.18387413024902344
1786452297.902264,3340,1,LR,9.986128001799077e-05
1786452327.9527552,3360,1,Loss/l_ce,0.1564469337463379
1786452327.9529798,3360,1,Loss/l_total,0.1564469337463379
1786452327.953001,3360,1,LR,9.986128001799077e-05
1786452355.3382049,3380,1,Loss/l_ce,0.11915779113769531
1786452355.3384411,3380,1,Loss/l_total,0.11915779113769531
1786452355.3384674,3380,1,LR,9.986128001799077e-05
1786452381.2559438,3400,1,Loss/l_ce,0.14565491676330566
1786452381.2561624,3400,1,Loss/l_total,0.14565491676330566
1786452381.2561893,3400,1,LR,9.986128001799077e-05
1786452407.8406203,3420,1,Loss/l_ce,0.12415790557861328
1786452407.840884,3420,1,Loss/l_total,0.12415790557861328
1786452407.8409052,3420,1,LR,9.986128001799077e-05
1786452433.9275217,3440,1,Loss/l_ce,0.1161806583404541
1786452433.9277248,3440,1,Loss/l_total,0.1161806583404541
1786452433.9277487,3440,1,LR,9.986128001799077e-05
1786452466.0999873,3460,1,Loss/l_ce,0.10247659683227539
1786452466.1002674,3460,1,Loss/l_total,0.10247659683227539
1786452466.10029,3460,1,LR,9.986128001799077e-05
1786452486.6711893,3480,1,Loss/l_ce,0.15952372550964355
1786452486.6713896,3480,1,Loss/l_total,0.15952372550964355
1786452486.6714098,3480,1,LR,9.986128001799077e-05
1786452514.3897088,3500,1,Loss/l_ce,0.1331319808959961
1786452514.3899486,3500,1,Loss/l_total,0.1331319808959961
1786452514.3899689,3500,1,LR,9.986128001799077e-05
1786452543.2753038,3520,1,Loss/l_ce,0.13789796829223633
1786452543.2754998,3520,1,Loss/l_total,0.13789796829223633
1786452543.2755222,3520,1,LR,9.986128001799077e-05
1786452562.045996,3540,1,Loss/l_ce,0.13393163681030273
1786452562.04618,3540,1,Loss/l_total,0.13393163681030273
1786452562.046205,3540,1,LR,9.986128001799077e-05
1786452578.5622585,3560,1,Loss/l_ce,0.1501460075378418
1786452578.5624354,3560,1,Loss/l_total,0.1501460075378418
1786452578.5624552,3560,1,LR,9.986128001799077e-05
1786452591.8710842,3580,1,Loss/l_ce,0.16010355949401855
1786452591.8713682,3580,1,Loss/l_total,0.16010355949401855
1786452591.8713918,3580,1,LR,9.986128001799077e-05
1786452603.2154357,3600,1,Loss/l_ce,0.1954493522644043
1786452603.215609,3600,1,Loss/l_total,0.1954493522644043
1786452603.2156339,3600,1,LR,9.986128001799077e-05
1786452617.116386,3620,1,Loss/l_ce,0.14504027366638184
1786452617.1165607,3620,1,Loss/l_total,0.14504027366638184
1786452617.116583,3620,1,LR,9.986128001799077e-05
1786452634.5380929,3640,1,Loss/l_ce,0.15766549110412598
1786452634.5382543,3640,1,Loss/l_total,0.15766549110412598
1786452634.538279,3640,1,LR,9.986128001799077e-05
1786452646.1097176,3660,1,Loss/l_ce,3.5636768341064453
1786452646.109924,3660,1,Loss/l_total,3.5636768341064453
1786452646.1099503,3660,1,LR,9.986128001799077e-05
1786452662.456655,3680,1,Loss/l_ce,0.1136629581451416
1786452662.4568248,3680,1,Loss/l_total,0.1136629581451416
1786452662.4568439,3680,1,LR,9.986128001799077e-05
1786452681.6134279,3700,1,Loss/l_ce,0.20713567733764648
1786452681.6135883,3700,1,Loss/l_total,0.20713567733764648
1786452681.6136107,3700,1,LR,9.986128001799077e-05
1786452695.393871,3720,1,Loss/l_ce,2.0029804706573486
1786452695.3941336,3720,1,Loss/l_total,2.0029804706573486
1786452695.3941572,3720,1,LR,9.986128001799077e-05
1786452711.0955327,3740,1,Loss/l_ce,0.12270545959472656
1786452711.0957415,3740,1,Loss/l_total,0.12270545959472656
1786452711.095764,3740,1,LR,9.986128001799077e-05
1786452727.7117388,3760,1,Loss/l_ce,0.14219141006469727
1786452727.7119951,3760,1,Loss/l_total,0.14219141006469727
1786452727.712019,3760,1,LR,9.986128001799077e-05
1786452748.7557817,3780,1,Loss/l_ce,0.13957643508911133
1786452748.7560833,3780,1,Loss/l_total,0.13957643508911133
1786452748.7561152,3780,1,LR,9.986128001799077e-05
1786452767.5124524,3800,1,Loss/l_ce,0.14673089981079102
1786452767.5126588,3800,1,Loss/l_total,0.14673089981079102
1786452767.5126815,3800,1,LR,9.986128001799077e-05
1786452784.9809754,3820,1,Loss/l_ce,0.20473837852478027
1786452784.9812212,3820,1,Loss/l_total,0.20473837852478027
1786452784.9812472,3820,1,LR,9.986128001799077e-05
1786452802.906653,3840,1,Loss/l_ce,0.1180880069732666
1786452802.9067955,3840,1,Loss/l_total,0.1180880069732666
1786452802.9068182,3840,1,LR,9.986128001799077e-05
1786452820.9974895,3860,1,Loss/l_ce,0.15870451927185059
1786452820.9976711,3860,1,Loss/l_total,0.15870451927185059
1786452820.9977067,3860,1,LR,9.986128001799077e-05
1786452837.7919147,3880,1,Loss/l_ce,2.6512930393218994
1786452837.7920845,3880,1,Loss/l_total,2.6512930393218994
1786452837.7921083,3880,1,LR,9.986128001799077e-05
1786452856.5373118,3900,1,Loss/l_ce,0.17885041236877441
1786452856.5374782,3900,1,Loss/l_total,0.17885041236877441
1786452856.5374994,3900,1,LR,9.986128001799077e-05
1786452899.0373402,3920,1,Loss/l_ce,0.1299571990966797
1786452899.0375597,3920,1,Loss/l_total,0.1299571990966797
1786452899.0375798,3920,1,LR,9.986128001799077e-05
1786452930.0627072,3940,1,Loss/l_ce,0.09130978584289551
1786452930.0628877,3940,1,Loss/l_total,0.09130978584289551
1786452930.0629127,3940,1,LR,9.986128001799077e-05
1786452972.378453,3960,1,Loss/l_ce,0.16007566452026367
1786452972.3787096,3960,1,Loss/l_total,0.16007566452026367
1786452972.3787296,3960,1,LR,9.986128001799077e-05
1786453018.5666738,3980,1,Loss/l_ce,3.4242615699768066
1786453018.567329,3980,1,Loss/l_total,3.4242615699768066
1786453018.5673552,3980,1,LR,9.986128001799077e-05
1786453054.5766983,4000,1,Loss/l_ce,0.12121367454528809
1786453054.5768883,4000,1,Loss/l_total,0.12121367454528809
1786453054.5771601,4000,1,LR,9.986128001799077e-05
1786453097.0795288,4020,1,Loss/l_ce,0.17097711563110352
1786453097.0797138,4020,1,Loss/l_total,0.17097711563110352
1786453097.07974,4020,1,LR,9.986128001799077e-05
1786453134.0132873,4040,1,Loss/l_ce,0.1636214256286621
1786453134.0134513,4040,1,Loss/l_total,0.1636214256286621
1786453134.0134752,4040,1,LR,9.986128001799077e-05
1786453167.9940536,4060,1,Loss/l_ce,0.15131425857543945
1786453167.9942377,4060,1,Loss/l_total,0.15131425857543945
1786453167.994258,4060,1,LR,9.986128001799077e-05
1786453199.6286757,4080,1,Loss/l_ce,0.14071917533874512
1786453199.62892,4080,1,Loss/l_total,0.14071917533874512
1786453199.6289535,4080,1,LR,9.986128001799077e-05
1786453236.0551286,4100,1,Loss/l_ce,0.16193222999572754
1786453236.0552902,4100,1,Loss/l_total,0.16193222999572754
1786453236.055315,4100,1,LR,9.986128001799077e-05
1786453249.7072985,4120,1,Loss/l_ce,0.16489815711975098
1786453249.7074552,4120,1,Loss/l_total,0.16489815711975098
1786453249.7075632,4120,1,LR,9.986128001799077e-05
1786453276.48385,4140,1,Loss/l_ce,0.15616464614868164
1786453276.4841385,4140,1,Loss/l_total,0.15616464614868164
1786453276.4841623,4140,1,LR,9.986128001799077e-05
1786453296.6408591,4160,1,Loss/l_ce,0.24346590042114258
1786453296.641207,4160,1,Loss/l_total,0.24346590042114258
1786453296.641238,4160,1,LR,9.986128001799077e-05
1786453318.4606702,4180,1,Loss/l_ce,3.363680362701416
1786453318.4608648,4180,1,Loss/l_total,3.363680362701416
1786453318.4608922,4180,1,LR,9.986128001799077e-05
1786453343.1716728,4200,1,Loss/l_ce,0.15024781227111816
1786453343.1718876,4200,1,Loss/l_total,0.15024781227111816
1786453343.171908,4200,1,LR,9.986128001799077e-05
1786453359.9958956,4220,1,Loss/l_ce,0.1786661148071289
1786453359.9960845,4220,1,Loss/l_total,0.1786661148071289
1786453359.9961083,4220,1,LR,9.986128001799077e-05
1786453376.8369172,4240,1,Loss/l_ce,3.5296740531921387
1786453376.837132,4240,1,Loss/l_total,3.5296740531921387
1786453376.8371534,4240,1,LR,9.986128001799077e-05
1786453399.209887,4260,1,Loss/l_ce,0.17446303367614746
1786453399.2101245,4260,1,Loss/l_total,0.17446303367614746
1786453399.2101507,4260,1,LR,9.986128001799077e-05
1786453420.6202598,4280,1,Loss/l_ce,1.2150511741638184
1786453420.6204238,4280,1,Loss/l_total,1.2150511741638184
1786453420.6204464,4280,1,LR,9.986128001799077e-05
1786453443.593687,4300,1,Loss/l_ce,0.1767578125
1786453443.5938818,4300,1,Loss/l_total,0.1767578125
1786453443.593902,4300,1,LR,9.986128001799077e-05
1786453455.1257381,4320,1,Loss/l_ce,0.12144637107849121
1786453455.1258986,4320,1,Loss/l_total,0.12144637107849121
1786453455.1259198,4320,1,LR,9.986128001799077e-05
1786453470.3986297,4340,1,Loss/l_ce,0.13550090789794922
1786453470.3988087,4340,1,Loss/l_total,0.13550090789794922
1786453470.3988314,4340,1,LR,9.986128001799077e-05
1786453485.1803105,4360,1,Loss/l_ce,0.1207728385925293
1786453485.1804838,4360,1,Loss/l_total,0.1207728385925293
1786453485.18051,4360,1,LR,9.986128001799077e-05
1786453500.2471304,4380,1,Loss/l_ce,0.7631700038909912
1786453500.2472775,4380,1,Loss/l_total,0.7631700038909912
1786453500.2472978,4380,1,LR,9.986128001799077e-05
1786453511.7988212,4400,1,Loss/l_ce,0.14566326141357422
1786453511.7989693,4400,1,Loss/l_total,0.14566326141357422
1786453511.798991,4400,1,LR,9.986128001799077e-05
1786453525.9659507,4420,1,Loss/l_ce,0.16411828994750977
1786453525.966154,4420,1,Loss/l_total,0.16411828994750977
1786453525.9661775,4420,1,LR,9.986128001799077e-05
1786453539.3656428,4440,1,Loss/l_ce,0.5129518508911133
1786453539.3658054,4440,1,Loss/l_total,0.5129518508911133
1786453539.3658245,4440,1,LR,9.986128001799077e-05
1786453560.1898801,4460,1,Loss/l_ce,0.19218993186950684
1786453560.1900191,4460,1,Loss/l_total,0.19218993186950684
1786453560.190088,4460,1,LR,9.986128001799077e-05
1786453579.0215285,4480,1,Loss/l_ce,0.12764525413513184
1786453579.021715,4480,1,Loss/l_total,0.12764525413513184
1786453579.023104,4480,1,LR,9.986128001799077e-05
1786453603.2588172,4500,1,Loss/l_ce,0.17904996871948242
1786453603.2590523,4500,1,Loss/l_total,0.17904996871948242
1786453603.2590806,4500,1,LR,9.986128001799077e-05
1786453627.400465,4520,1,Loss/l_ce,0.5702104568481445
1786453627.4006796,4520,1,Loss/l_total,0.5702104568481445
1786453627.4007022,4520,1,LR,9.986128001799077e-05
1786453654.6116643,4540,1,Loss/l_ce,0.16022920608520508
1786453654.6118507,4540,1,Loss/l_total,0.16022920608520508
1786453654.612182,4540,1,LR,9.986128001799077e-05
1786453671.3198295,4560,1,Loss/l_ce,2.092205762863159
1786453671.3200123,4560,1,Loss/l_total,2.092205762863159
1786453671.32006,4560,1,LR,9.986128001799077e-05
1786453690.2472725,4580,1,Loss/l_ce,0.3133046627044678
1786453690.247728,4580,1,Loss/l_total,0.3133046627044678
1786453690.247752,4580,1,LR,9.986128001799077e-05
1786453705.3187416,4600,1,Loss/l_ce,0.1097860336303711
1786453705.3189468,4600,1,Loss/l_total,0.1097860336303711
1786453705.3189695,4600,1,LR,9.986128001799077e-05
1786453717.217082,4620,1,Loss/l_ce,0.14441728591918945
1786453717.217266,4620,1,Loss/l_total,0.14441728591918945
1786453717.21729,4620,1,LR,9.986128001799077e-05
1786453728.894293,4640,1,Loss/l_ce,0.870945930480957
1786453728.8945189,4640,1,Loss/l_total,0.870945930480957
1786453728.8945422,4640,1,LR,9.986128001799077e-05
1786453740.7689137,4660,1,Loss/l_ce,2.5159707069396973
1786453740.7691572,4660,1,Loss/l_total,2.5159707069396973
1786453740.7691832,4660,1,LR,9.986128001799077e-05
1786453749.7682574,4680,1,Loss/l_ce,0.10262608528137207
1786453749.7684736,4680,1,Loss/l_total,0.10262608528137207
1786453749.7684972,4680,1,LR,9.986128001799077e-05
1786453760.5972242,4700,1,Loss/l_ce,0.14725160598754883
1786453760.597419,4700,1,Loss/l_total,0.14725160598754883
1786453760.5974402,4700,1,LR,9.986128001799077e-05
1786453772.7876754,4720,1,Loss/l_ce,0.15838956832885742
1786453772.7878606,4720,1,Loss/l_total,0.15838956832885742
1786453772.7878914,4720,1,LR,9.986128001799077e-05
1786453782.9050193,4740,1,Loss/l_ce,0.2617647647857666
1786453782.9052153,4740,1,Loss/l_total,0.2617647647857666
1786453782.9052377,4740,1,LR,9.986128001799077e-05
1786453797.2420204,4760,1,Loss/l_ce,0.14522409439086914
1786453797.2422922,4760,1,Loss/l_total,0.14522409439086914
1786453797.2423205,4760,1,LR,9.986128001799077e-05
1786453812.4354587,4780,1,Loss/l_ce,0.17827701568603516
1786453812.4356806,4780,1,Loss/l_total,0.17827701568603516
1786453812.4357054,4780,1,LR,9.986128001799077e-05
1786453825.4327984,4800,1,Loss/l_ce,0.21692132949829102
1786453825.4329777,4800,1,Loss/l_total,0.21692132949829102
1786453825.4330015,4800,1,LR,9.986128001799077e-05
1786453835.9397433,4820,1,Loss/l_ce,0.13380146026611328
1786453835.9399416,4820,1,Loss/l_total,0.13380146026611328
1786453835.9399629,4820,1,LR,9.986128001799077e-05
1786453857.4142418,4840,1,Loss/l_ce,0.10633349418640137
1786453857.4144578,4840,1,Loss/l_total,0.10633349418640137
1786453857.4144793,4840,1,LR,9.986128001799077e-05
1786453874.0498445,4860,1,Loss/l_ce,0.16628122329711914
1786453874.0500286,4860,1,Loss/l_total,0.16628122329711914
1786453874.0500724,4860,1,LR,9.986128001799077e-05
1786453895.920018,4880,1,Loss/l_ce,1.9375653266906738
1786453895.9201975,4880,1,Loss/l_total,1.9375653266906738
1786453895.92022,4880,1,LR,9.986128001799077e-05
1786453911.6865087,4900,1,Loss/l_ce,0.1591477394104004
1786453911.6867247,4900,1,Loss/l_total,0.1591477394104004
1786453911.6867542,4900,1,LR,9.986128001799077e-05
1786453928.4649782,4920,1,Loss/l_ce,2.3579392433166504
1786453928.4651659,4920,1,Loss/l_total,2.3579392433166504
1786453928.4651906,4920,1,LR,9.986128001799077e-05
1786453947.0959704,4940,1,Loss/l_ce,0.11061501502990723
1786453947.096367,4940,1,Loss/l_total,0.11061501502990723
1786453947.0963907,4940,1,LR,9.986128001799077e-05
1786453968.40166,4960,1,Loss/l_ce,0.1492776870727539
1786453968.4018831,4960,1,Loss/l_total,0.1492776870727539
1786453968.4019094,4960,1,LR,9.986128001799077e-05
1786453990.3305018,4980,1,Loss/l_ce,0.14532256126403809
1786453990.3307393,4980,1,Loss/l_total,0.14532256126403809
1786453990.330762,4980,1,LR,9.986128001799077e-05
1786454005.4805667,5000,1,Loss/l_ce,2.455561637878418
1786454005.4808242,5000,1,Loss/l_total,2.455561637878418
1786454005.480847,5000,1,LR,9.986128001799077e-05
1786454025.4273374,5020,1,Loss/l_ce,0.1320972442626953
1786454025.4276602,5020,1,Loss/l_total,0.1320972442626953
1786454025.4276853,5020,1,LR,9.986128001799077e-05
1786454140.367619,5040,1,Loss/l_ce,0.27604150772094727
1786454140.3678956,5040,1,Loss/l_total,0.27604150772094727
1786454140.3682044,5040,1,LR,9.986128001799077e-05
1786454156.3883834,5060,1,Loss/l_ce,0.17700672149658203
1786454156.3885853,5060,1,Loss/l_total,0.17700672149658203
1786454156.388609,5060,1,LR,9.986128001799077e-05
1786454173.7867565,5080,1,Loss/l_ce,1.419579029083252
1786454173.7869349,5080,1,Loss/l_total,1.419579029083252
1786454173.786955,5080,1,LR,9.986128001799077e-05
1786454189.988571,5100,1,Loss/l_ce,0.14983463287353516
1786454189.98875,5100,1,Loss/l_total,0.14983463287353516
1786454189.9887738,5100,1,LR,9.986128001799077e-05
1786454466.57508,5100,1,Val/avg_error,0.00869736634194851
1786454466.5754266,5100,1,Val/acc,0.85947265625
1786454466.5754683,5100,1,Val/sparse_auc,0.9277585424558079
1786454466.5754886,5100,1,Val/sparse_pck_max,0.1
1786454466.5755038,5100,1,Val/sparse_pck_n,100.0
1786454490.0228164,5120,2,Loss/l_ce,0.10726594924926758
1786454490.0229683,5120,2,Loss/l_total,0.10726594924926758
1786454490.0229957,5120,2,LR,9.94459753267812e-05
1786454502.893734,5140,2,Loss/l_ce,0.1680917739868164
1786454502.8940034,5140,2,Loss/l_total,0.1680917739868164
1786454502.894027,5140,2,LR,9.94459753267812e-05
1786454522.4573612,5160,2,Loss/l_ce,0.14399051666259766
1786454522.4575474,5160,2,Loss/l_total,0.14399051666259766
1786454522.45757,5160,2,LR,9.94459753267812e-05
1786454540.484011,5180,2,Loss/l_ce,0.14933252334594727
1786454540.4841833,5180,2,Loss/l_total,0.14933252334594727
1786454540.4842057,5180,2,LR,9.94459753267812e-05
1786454591.174127,5200,2,Loss/l_ce,0.15801572799682617
1786454591.1744332,5200,2,Loss/l_total,0.15801572799682617
1786454591.1744535,5200,2,LR,9.94459753267812e-05
1786454623.9743319,5220,2,Loss/l_ce,0.15419673919677734
1786454623.9745386,5220,2,Loss/l_total,0.15419673919677734
1786454623.9745634,5220,2,LR,9.94459753267812e-05
1786454643.3775501,5240,2,Loss/l_ce,0.15417051315307617
1786454643.377803,5240,2,Loss/l_total,0.15417051315307617
1786454643.377827,5240,2,LR,9.94459753267812e-05
1786454663.9394572,5260,2,Loss/l_ce,0.2039966583251953
1786454663.9396746,5260,2,Loss/l_total,0.2039966583251953
1786454663.939695,5260,2,LR,9.94459753267812e-05
1786454687.448762,5280,2,Loss/l_ce,0.11205697059631348
1786454687.448991,5280,2,Loss/l_total,0.11205697059631348
1786454687.449015,5280,2,LR,9.94459753267812e-05
1786454702.6505196,5300,2,Loss/l_ce,0.17615175247192383
1786454702.6506844,5300,2,Loss/l_total,0.17615175247192383
1786454702.6507082,5300,2,LR,9.94459753267812e-05
1786454722.876534,5320,2,Loss/l_ce,0.3106832504272461
1786454722.876718,5320,2,Loss/l_total,0.3106832504272461
1786454722.8767393,5320,2,LR,9.94459753267812e-05
1786454746.7074416,5340,2,Loss/l_ce,1.394261360168457
1786454746.707659,5340,2,Loss/l_total,1.394261360168457
1786454746.7076814,5340,2,LR,9.94459753267812e-05
1786454772.428307,5360,2,Loss/l_ce,1.194469928741455
1786454772.4284801,5360,2,Loss/l_total,1.194469928741455
1786454772.4285028,5360,2,LR,9.94459753267812e-05
1786454796.106358,5380,2,Loss/l_ce,0.17397642135620117
1786454796.1065707,5380,2,Loss/l_total,0.17397642135620117
1786454796.106592,5380,2,LR,9.94459753267812e-05
1786454817.3549957,5400,2,Loss/l_ce,0.1445603370666504
1786454817.355181,5400,2,Loss/l_total,0.1445603370666504
1786454817.3552022,5400,2,LR,9.94459753267812e-05
1786454834.33454,5420,2,Loss/l_ce,0.12592744827270508
1786454834.3347437,5420,2,Loss/l_total,0.12592744827270508
1786454834.3350503,5420,2,LR,9.94459753267812e-05
1786454861.9040065,5440,2,Loss/l_ce,0.16099238395690918
1786454861.9042401,5440,2,Loss/l_total,0.16099238395690918
1786454861.904264,5440,2,LR,9.94459753267812e-05
1786454880.755475,5460,2,Loss/l_ce,0.1560814380645752
1786454880.7556424,5460,2,Loss/l_total,0.1560814380645752
1786454880.7556639,5460,2,LR,9.94459753267812e-05
1786454898.1301825,5480,2,Loss/l_ce,0.20078039169311523
1786454898.1303952,5480,2,Loss/l_total,0.20078039169311523
1786454898.1304188,5480,2,LR,9.94459753267812e-05
1786454908.8705525,5500,2,Loss/l_ce,0.10934948921203613
1786454908.8707614,5500,2,Loss/l_total,0.10934948921203613
1786454908.8707862,5500,2,LR,9.94459753267812e-05
1786454922.47377,5520,2,Loss/l_ce,0.10965442657470703
1786454922.4740846,5520,2,Loss/l_total,0.10965442657470703
1786454922.474118,5520,2,LR,9.94459753267812e-05
1786454932.2122586,5540,2,Loss/l_ce,0.1377248764038086
1786454932.2124128,5540,2,Loss/l_total,0.1377248764038086
1786454932.2124357,5540,2,LR,9.94459753267812e-05
1786454941.220311,5560,2,Loss/l_ce,0.10318851470947266
1786454941.2204714,5560,2,Loss/l_total,0.10318851470947266
1786454941.2204974,5560,2,LR,9.94459753267812e-05
1786454955.9465165,5580,2,Loss/l_ce,0.46440935134887695
1786454955.9466994,5580,2,Loss/l_total,0.46440935134887695
1786454955.946742,5580,2,LR,9.94459753267812e-05
1786454966.688146,5600,2,Loss/l_ce,0.21781134605407715
1786454966.6883204,5600,2,Loss/l_total,0.21781134605407715
1786454966.688342,5600,2,LR,9.94459753267812e-05
1786454981.0002742,5620,2,Loss/l_ce,0.13124895095825195
1786454981.00045,5620,2,Loss/l_total,0.13124895095825195
1786454981.0004723,5620,2,LR,9.94459753267812e-05
1786455000.0704536,5640,2,Loss/l_ce,0.13734674453735352
1786455000.070641,5640,2,Loss/l_total,0.13734674453735352
1786455000.0706708,5640,2,LR,9.94459753267812e-05
1786455013.3268352,5660,2,Loss/l_ce,0.34836435317993164
1786455013.3272731,5660,2,Loss/l_total,0.34836435317993164
1786455013.3273005,5660,2,LR,9.94459753267812e-05
1786455023.138998,5680,2,Loss/l_ce,1.2252840995788574
1786455023.1392546,5680,2,Loss/l_total,1.2252840995788574
1786455023.1392806,5680,2,LR,9.94459753267812e-05
1786455044.369313,5700,2,Loss/l_ce,0.10758113861083984
1786455044.3695636,5700,2,Loss/l_total,0.10758113861083984
1786455044.3695838,5700,2,LR,9.94459753267812e-05
1786455074.338179,5720,2,Loss/l_ce,0.11326003074645996
1786455074.3383977,5720,2,Loss/l_total,0.11326003074645996
1786455074.338419,5720,2,LR,9.94459753267812e-05
1786455088.8056045,5740,2,Loss/l_ce,0.17262029647827148
1786455088.805778,5740,2,Loss/l_total,0.17262029647827148
1786455088.8058014,5740,2,LR,9.94459753267812e-05
1786455110.067535,5760,2,Loss/l_ce,0.7758619785308838
1786455110.0677307,5760,2,Loss/l_total,0.7758619785308838
1786455110.067751,5760,2,LR,9.94459753267812e-05
1786455130.4850943,5780,2,Loss/l_ce,0.1437394618988037
1786455130.48527,5780,2,Loss/l_total,0.1437394618988037
1786455130.4852924,5780,2,LR,9.94459753267812e-05
1786455150.5864205,5800,2,Loss/l_ce,0.1473836898803711
1786455150.5866034,5800,2,Loss/l_total,0.1473836898803711
1786455150.586626,5800,2,LR,9.94459753267812e-05
1786455176.3692777,5820,2,Loss/l_ce,0.32746124267578125
1786455176.3694627,5820,2,Loss/l_total,0.32746124267578125
1786455176.3694842,5820,2,LR,9.94459753267812e-05
1786455197.2483315,5840,2,Loss/l_ce,0.14270520210266113
1786455197.248576,5840,2,Loss/l_total,0.14270520210266113
1786455197.2486022,5840,2,LR,9.94459753267812e-05
1786455216.8413692,5860,2,Loss/l_ce,0.13793396949768066
1786455216.8415675,5860,2,Loss/l_total,0.13793396949768066
1786455216.841608,5860,2,LR,9.94459753267812e-05
1786455230.327257,5880,2,Loss/l_ce,0.13469171524047852
1786455230.3274574,5880,2,Loss/l_total,0.13469171524047852
1786455230.32748,5880,2,LR,9.94459753267812e-05
1786455244.2349496,5900,2,Loss/l_ce,0.12730622291564941
1786455244.2351823,5900,2,Loss/l_total,0.12730622291564941
1786455244.2352133,5900,2,LR,9.94459753267812e-05
1786455261.5511737,5920,2,Loss/l_ce,0.12693047523498535
1786455261.5513682,5920,2,Loss/l_total,0.12693047523498535
1786455261.5513873,5920,2,LR,9.94459753267812e-05
1786455282.0978777,5940,2,Loss/l_ce,0.24757671356201172
1786455282.0981696,5940,2,Loss/l_total,0.24757671356201172
1786455282.0982707,5940,2,LR,9.94459753267812e-05
1786455302.8073304,5960,2,Loss/l_ce,0.10644388198852539
1786455302.807563,5960,2,Loss/l_total,0.10644388198852539
1786455302.8075845,5960,2,LR,9.94459753267812e-05
1786455320.0602973,5980,2,Loss/l_ce,0.1369490623474121
1786455320.060492,5980,2,Loss/l_total,0.1369490623474121
1786455320.0605123,5980,2,LR,9.94459753267812e-05
1786455336.3087404,6000,2,Loss/l_ce,0.1475999355316162
1786455336.308914,6000,2,Loss/l_total,0.1475999355316162
1786455336.3089328,6000,2,LR,9.94459753267812e-05
1786455350.292654,6020,2,Loss/l_ce,0.12465167045593262
1786455350.2928545,6020,2,Loss/l_total,0.12465167045593262
1786455350.292877,6020,2,LR,9.94459753267812e-05
1786455368.6652148,6040,2,Loss/l_ce,0.9393010139465332
1786455368.665375,6040,2,Loss/l_total,0.9393010139465332
1786455368.6653953,6040,2,LR,9.94459753267812e-05
1786455378.047832,6060,2,Loss/l_ce,0.1392195224761963
1786455378.0480018,6060,2,Loss/l_total,0.1392195224761963
1786455378.048022,6060,2,LR,9.94459753267812e-05
1786455393.6474905,6080,2,Loss/l_ce,0.11448431015014648
1786455393.647766,6080,2,Loss/l_total,0.11448431015014648
1786455393.6477993,6080,2,LR,9.94459753267812e-05
1786455405.3336241,6100,2,Loss/l_ce,0.1170351505279541
1786455405.3337903,6100,2,Loss/l_total,0.1170351505279541
1786455405.3338103,6100,2,LR,9.94459753267812e-05
1786455424.5246735,6120,2,Loss/l_ce,0.44402122497558594
1786455424.5248375,6120,2,Loss/l_total,0.44402122497558594
1786455424.5248601,6120,2,LR,9.94459753267812e-05
1786455438.5779986,6140,2,Loss/l_ce,0.11603689193725586
1786455438.5782597,6140,2,Loss/l_total,0.11603689193725586
1786455438.5782895,6140,2,LR,9.94459753267812e-05
1786455454.685587,6160,2,Loss/l_ce,0.14263391494750977
1786455454.6857605,6160,2,Loss/l_total,0.14263391494750977
1786455454.6857831,6160,2,LR,9.94459753267812e-05
1786455471.7846398,6180,2,Loss/l_ce,0.10576820373535156
1786455471.7848868,6180,2,Loss/l_total,0.10576820373535156
1786455471.785199,6180,2,LR,9.94459753267812e-05
1786455485.1501548,6200,2,Loss/l_ce,0.14276528358459473
1786455485.15031,6200,2,Loss/l_total,0.14276528358459473
1786455485.150333,6200,2,LR,9.94459753267812e-05
1786455497.7574368,6220,2,Loss/l_ce,0.22377347946166992
1786455497.757599,6220,2,Loss/l_total,0.22377347946166992
1786455497.7576208,6220,2,LR,9.94459753267812e-05
1786455520.5332286,6240,2,Loss/l_ce,0.13236761093139648
1786455520.533409,6240,2,Loss/l_total,0.13236761093139648
1786455520.5334303,6240,2,LR,9.94459753267812e-05
1786455558.1649358,6260,2,Loss/l_ce,0.11359524726867676
1786455558.165209,6260,2,Loss/l_total,0.11359524726867676
1786455558.165233,6260,2,LR,9.94459753267812e-05
1786455586.483872,6280,2,Loss/l_ce,0.11515593528747559
1786455586.4841187,6280,2,Loss/l_total,0.11515593528747559
1786455586.4841413,6280,2,LR,9.94459753267812e-05
1786455606.628977,6300,2,Loss/l_ce,0.29688262939453125
1786455606.6291432,6300,2,Loss/l_total,0.29688262939453125
1786455606.629167,6300,2,LR,9.94459753267812e-05
1786455625.9949412,6320,2,Loss/l_ce,0.42070841789245605
1786455625.9951632,6320,2,Loss/l_total,0.42070841789245605
1786455625.995187,6320,2,LR,9.94459753267812e-05
1786455643.9586837,6340,2,Loss/l_ce,0.14433622360229492
1786455643.9588678,6340,2,Loss/l_total,0.14433622360229492
1786455643.958888,6340,2,LR,9.94459753267812e-05
1786455676.8917882,6360,2,Loss/l_ce,0.9500794410705566
1786455676.8919864,6360,2,Loss/l_total,0.9500794410705566
1786455676.8920078,6360,2,LR,9.94459753267812e-05
1786455692.7461264,6380,2,Loss/l_ce,0.14009380340576172
1786455692.7463117,6380,2,Loss/l_total,0.14009380340576172
1786455692.7463343,6380,2,LR,9.94459753267812e-05
1786455716.8334374,6400,2,Loss/l_ce,0.13188862800598145
1786455716.833626,6400,2,Loss/l_total,0.13188862800598145
1786455716.833649,6400,2,LR,9.94459753267812e-05
1786455742.4247942,6420,2,Loss/l_ce,0.15162944793701172
1786455742.4249628,6420,2,Loss/l_total,0.15162944793701172
1786455742.4249854,6420,2,LR,9.94459753267812e-05
1786455763.051486,6440,2,Loss/l_ce,0.125244140625
1786455763.0516686,6440,2,Loss/l_total,0.125244140625
1786455763.0516913,6440,2,LR,9.94459753267812e-05
1786455789.9526722,6460,2,Loss/l_ce,0.15129947662353516
1786455789.952899,6460,2,Loss/l_total,0.15129947662353516
1786455789.9529207,6460,2,LR,9.94459753267812e-05
1786455814.9049487,6480,2,Loss/l_ce,0.13593482971191406
1786455814.9052455,6480,2,Loss/l_total,0.13593482971191406
1786455814.9052691,6480,2,LR,9.94459753267812e-05
1786455834.7567825,6500,2,Loss/l_ce,0.14159154891967773
1786455834.7570546,6500,2,Loss/l_total,0.14159154891967773
1786455834.7570832,6500,2,LR,9.94459753267812e-05
1786455853.8592594,6520,2,Loss/l_ce,2.128046989440918
1786455853.859486,6520,2,Loss/l_total,2.128046989440918
1786455853.85951,6520,2,LR,9.94459753267812e-05
1786455874.7161171,6540,2,Loss/l_ce,0.12616229057312012
1786455874.716414,6540,2,Loss/l_total,0.12616229057312012
1786455874.7164426,6540,2,LR,9.94459753267812e-05
1786455888.1062376,6560,2,Loss/l_ce,0.16091680526733398
1786455888.1064703,6560,2,Loss/l_total,0.16091680526733398
1786455888.1064951,6560,2,LR,9.94459753267812e-05
1786455903.2206018,6580,2,Loss/l_ce,0.23576045036315918
1786455903.2207656,6580,2,Loss/l_total,0.23576045036315918
1786455903.2207856,6580,2,LR,9.94459753267812e-05
1786455916.0980904,6600,2,Loss/l_ce,0.19837164878845215
1786455916.0982828,6600,2,Loss/l_total,0.19837164878845215
1786455916.0983067,6600,2,LR,9.94459753267812e-05
1786455928.4219,6620,2,Loss/l_ce,0.14319872856140137
1786455928.422091,6620,2,Loss/l_total,0.14319872856140137
1786455928.422116,6620,2,LR,9.94459753267812e-05
1786455947.1027515,6640,2,Loss/l_ce,0.1198720932006836
1786455947.102969,6640,2,Loss/l_total,0.1198720932006836
1786455947.1029923,6640,2,LR,9.94459753267812e-05
1786455961.0612009,6660,2,Loss/l_ce,3.520968437194824
1786455961.0614061,6660,2,Loss/l_total,3.520968437194824
1786455961.06143,6660,2,LR,9.94459753267812e-05
1786455977.8980787,6680,2,Loss/l_ce,0.15724825859069824
1786455977.8982449,6680,2,Loss/l_total,0.15724825859069824
1786455977.8982687,6680,2,LR,9.94459753267812e-05
1786456006.524146,6700,2,Loss/l_ce,0.15659284591674805
1786456006.5243325,6700,2,Loss/l_total,0.15659284591674805
1786456006.5243564,6700,2,LR,9.94459753267812e-05
1786456027.8818018,6720,2,Loss/l_ce,4.660640716552734
1786456027.8821268,6720,2,Loss/l_total,4.660640716552734
1786456027.882159,6720,2,LR,9.94459753267812e-05
1786456047.7628825,6740,2,Loss/l_ce,0.12668704986572266
1786456047.763108,6740,2,Loss/l_total,0.12668704986572266
1786456047.7631342,6740,2,LR,9.94459753267812e-05
1786456066.4150805,6760,2,Loss/l_ce,0.16452383995056152
1786456066.415432,6760,2,Loss/l_total,0.16452383995056152
1786456066.4154544,6760,2,LR,9.94459753267812e-05
1786456092.5500486,6780,2,Loss/l_ce,3.283008098602295
1786456092.5504606,6780,2,Loss/l_total,3.283008098602295
1786456092.5504901,6780,2,LR,9.94459753267812e-05
1786456112.240942,6800,2,Loss/l_ce,0.12876272201538086
1786456112.2411416,6800,2,Loss/l_total,0.12876272201538086
1786456112.2411664,6800,2,LR,9.94459753267812e-05
1786456135.5370991,6820,2,Loss/l_ce,0.15491867065429688
1786456135.537296,6820,2,Loss/l_total,0.15491867065429688
1786456135.5373173,6820,2,LR,9.94459753267812e-05
1786456165.411236,6840,2,Loss/l_ce,0.12603068351745605
1786456165.4114344,6840,2,Loss/l_total,0.12603068351745605
1786456165.411458,6840,2,LR,9.94459753267812e-05
1786456185.0316074,6860,2,Loss/l_ce,0.696772575378418
1786456185.0318472,6860,2,Loss/l_total,0.696772575378418
1786456185.0318732,6860,2,LR,9.94459753267812e-05
1786456201.2280037,6880,2,Loss/l_ce,0.9483869075775146
1786456201.228258,6880,2,Loss/l_total,0.9483869075775146
1786456201.2282815,6880,2,LR,9.94459753267812e-05
1786456224.241857,6900,2,Loss/l_ce,0.10458636283874512
1786456224.2422252,6900,2,Loss/l_total,0.10458636283874512
1786456224.24225,6900,2,LR,9.94459753267812e-05
1786456245.1056602,6920,2,Loss/l_ce,0.10585975646972656
1786456245.1059406,6920,2,Loss/l_total,0.10585975646972656
1786456245.1059594,6920,2,LR,9.94459753267812e-05
1786456269.2801101,6940,2,Loss/l_ce,0.11327028274536133
1786456269.280299,6940,2,Loss/l_total,0.11327028274536133
1786456269.2803192,6940,2,LR,9.94459753267812e-05
1786456294.5315018,6960,2,Loss/l_ce,0.12084603309631348
1786456294.5317616,6960,2,Loss/l_total,0.12084603309631348
1786456294.5317855,6960,2,LR,9.94459753267812e-05
1786456315.7569041,6980,2,Loss/l_ce,3.0432591438293457
1786456315.7572746,6980,2,Loss/l_total,3.0432591438293457
1786456315.757302,6980,2,LR,9.94459753267812e-05
1786456338.2900767,7000,2,Loss/l_ce,0.10035872459411621
1786456338.2903378,7000,2,Loss/l_total,0.10035872459411621
1786456338.290358,7000,2,LR,9.94459753267812e-05
1786456357.0633497,7020,2,Loss/l_ce,0.2747068405151367
1786456357.0635834,7020,2,Loss/l_total,0.2747068405151367
1786456357.0636072,7020,2,LR,9.94459753267812e-05
1786456379.264102,7040,2,Loss/l_ce,0.13644099235534668
1786456379.2642977,7040,2,Loss/l_total,0.13644099235534668
1786456379.2643263,7040,2,LR,9.94459753267812e-05
1786456402.4796953,7060,2,Loss/l_ce,0.08363962173461914
1786456402.4798687,7060,2,Loss/l_total,0.08363962173461914
1786456402.4799185,7060,2,LR,9.94459753267812e-05
1786456422.8447535,7080,2,Loss/l_ce,0.1554734706878662
1786456422.8449078,7080,2,Loss/l_total,0.1554734706878662
1786456422.8449304,7080,2,LR,9.94459753267812e-05
1786456451.1389415,7100,2,Loss/l_ce,0.09977197647094727
1786456451.1391585,7100,2,Loss/l_total,0.09977197647094727
1786456451.1391811,7100,2,LR,9.94459753267812e-05
1786456477.0223355,7120,2,Loss/l_ce,0.07032251358032227
1786456477.0227344,7120,2,Loss/l_total,0.07032251358032227
1786456477.0227628,7120,2,LR,9.94459753267812e-05
1786456508.2358704,7140,2,Loss/l_ce,0.15985608100891113
1786456508.236103,7140,2,Loss/l_total,0.15985608100891113
1786456508.2361233,7140,2,LR,9.94459753267812e-05
1786456539.0353656,7160,2,Loss/l_ce,0.11440420150756836
1786456539.0356033,7160,2,Loss/l_total,0.11440420150756836
1786456539.0356233,7160,2,LR,9.94459753267812e-05
1786456563.6576037,7180,2,Loss/l_ce,0.12853097915649414
1786456563.657783,7180,2,Loss/l_total,0.12853097915649414
1786456563.6578045,7180,2,LR,9.94459753267812e-05
1786456587.7659833,7200,2,Loss/l_ce,0.1114206314086914
1786456587.7662182,7200,2,Loss/l_total,0.1114206314086914
1786456587.7662432,7200,2,LR,9.94459753267812e-05
1786456617.898225,7220,2,Loss/l_ce,0.11723947525024414
1786456617.8983948,7220,2,Loss/l_total,0.11723947525024414
1786456617.8984175,7220,2,LR,9.94459753267812e-05
1786456633.0747,7240,2,Loss/l_ce,0.7307076454162598
1786456633.0748818,7240,2,Loss/l_total,0.7307076454162598
1786456633.0749042,7240,2,LR,9.94459753267812e-05
1786456653.8608344,7260,2,Loss/l_ce,0.13552260398864746
1786456653.8610837,7260,2,Loss/l_total,0.13552260398864746
1786456653.8611097,7260,2,LR,9.94459753267812e-05
1786456673.5495665,7280,2,Loss/l_ce,0.16416668891906738
1786456673.5497303,7280,2,Loss/l_total,0.16416668891906738
1786456673.549753,7280,2,LR,9.94459753267812e-05
1786456691.2950826,7300,2,Loss/l_ce,0.1763899326324463
1786456691.2952604,7300,2,Loss/l_total,0.1763899326324463
1786456691.2952843,7300,2,LR,9.94459753267812e-05
1786456709.5366275,7320,2,Loss/l_ce,0.7118930816650391
1786456709.5368161,7320,2,Loss/l_total,0.7118930816650391
1786456709.5368412,7320,2,LR,9.94459753267812e-05
1786456735.548579,7340,2,Loss/l_ce,0.12210941314697266
1786456735.548744,7340,2,Loss/l_total,0.12210941314697266
1786456735.5487666,7340,2,LR,9.94459753267812e-05
1786456761.76188,7360,2,Loss/l_ce,0.172041654586792
1786456761.7620733,7360,2,Loss/l_total,0.172041654586792
1786456761.762097,7360,2,LR,9.94459753267812e-05
1786456779.672917,7380,2,Loss/l_ce,1.4970507621765137
1786456779.6730998,7380,2,Loss/l_total,1.4970507621765137
1786456779.6731236,7380,2,LR,9.94459753267812e-05
1786456805.8673186,7400,2,Loss/l_ce,0.1156623363494873
1786456805.8675263,7400,2,Loss/l_total,0.1156623363494873
1786456805.8675463,7400,2,LR,9.94459753267812e-05
1786456838.6074638,7420,2,Loss/l_ce,0.10999250411987305
1786456838.6077917,7420,2,Loss/l_total,0.10999250411987305
1786456838.607813,7420,2,LR,9.94459753267812e-05
1786456865.36672,7440,2,Loss/l_ce,0.119873046875
1786456865.3669136,7440,2,Loss/l_total,0.119873046875
1786456865.366935,7440,2,LR,9.94459753267812e-05
1786456886.5388741,7460,2,Loss/l_ce,0.08648896217346191
1786456886.5390713,7460,2,Loss/l_total,0.08648896217346191
1786456886.5390973,7460,2,LR,9.94459753267812e-05
1786456900.7164373,7480,2,Loss/l_ce,0.11381292343139648
1786456900.7169394,7480,2,Loss/l_total,0.11381292343139648
1786456900.7169669,7480,2,LR,9.94459753267812e-05
1786456922.0548618,7500,2,Loss/l_ce,0.41791749000549316
1786456922.0550506,7500,2,Loss/l_total,0.41791749000549316
1786456922.0550756,7500,2,LR,9.94459753267812e-05
1786456932.9359853,7520,2,Loss/l_ce,1.1936278343200684
1786456932.9361658,7520,2,Loss/l_total,1.1936278343200684
1786456932.9361894,7520,2,LR,9.94459753267812e-05
1786456946.5536203,7540,2,Loss/l_ce,0.12485384941101074
1786456946.5540144,7540,2,Loss/l_total,0.12485384941101074
1786456946.5540693,7540,2,LR,9.94459753267812e-05
1786456961.3949363,7560,2,Loss/l_ce,0.4918057918548584
1786456961.3951619,7560,2,Loss/l_total,0.4918057918548584
1786456961.3951857,7560,2,LR,9.94459753267812e-05
1786456970.8477993,7580,2,Loss/l_ce,1.3070366382598877
1786456970.848,7580,2,Loss/l_total,1.3070366382598877
1786456970.8480225,7580,2,LR,9.94459753267812e-05
1786456979.7403648,7600,2,Loss/l_ce,0.16151952743530273
1786456979.740741,7600,2,Loss/l_total,0.16151952743530273
1786456979.7407637,7600,2,LR,9.94459753267812e-05
1786456993.904704,7620,2,Loss/l_ce,0.10354971885681152
1786456993.9049022,7620,2,Loss/l_total,0.10354971885681152
1786456993.9049249,7620,2,LR,9.94459753267812e-05
1786457006.1686301,7640,2,Loss/l_ce,0.08598613739013672
1786457006.1688023,7640,2,Loss/l_total,0.08598613739013672
1786457006.1688342,7640,2,LR,9.94459753267812e-05
1786457159.1209002,7650,2,Val/avg_error,0.009934362024068832
1786457159.121375,7650,2,Val/acc,0.85244140625
1786457159.1214058,7650,2,Val/sparse_auc,0.9231973050820708
1786457159.121425,7650,2,Val/sparse_pck_max,0.1
1786457159.1214428,7650,2,Val/sparse_pck_n,100.0
1786457171.44845,7660,3,Loss/l_ce,0.10945391654968262
1786457171.4486723,7660,3,Loss/l_total,0.10945391654968262
1786457171.4486923,7660,3,LR,9.875664641789545e-05
1786457200.1061075,7680,3,Loss/l_ce,0.11635065078735352
1786457200.1062758,7680,3,Loss/l_total,0.11635065078735352
1786457200.1062996,7680,3,LR,9.875664641789545e-05
1786457218.8580196,7700,3,Loss/l_ce,0.07307100296020508
1786457218.8582475,7700,3,Loss/l_total,0.07307100296020508
1786457218.858277,7700,3,LR,9.875664641789545e-05
1786457242.1409326,7720,3,Loss/l_ce,0.1901867389678955
1786457242.1411226,7720,3,Loss/l_total,0.1901867389678955
1786457242.1411464,7720,3,LR,9.875664641789545e-05
1786457266.6865559,7740,3,Loss/l_ce,0.10496115684509277
1786457266.6867661,7740,3,Loss/l_total,0.10496115684509277
1786457266.686791,7740,3,LR,9.875664641789545e-05
1786457288.3313704,7760,3,Loss/l_ce,3.220149278640747
1786457288.331522,7760,3,Loss/l_total,3.220149278640747
1786457288.3315423,7760,3,LR,9.875664641789545e-05
1786457320.1216705,7780,3,Loss/l_ce,0.11976981163024902
1786457320.1218567,7780,3,Loss/l_total,0.11976981163024902
1786457320.1218793,7780,3,LR,9.875664641789545e-05
1786457343.2496989,7800,3,Loss/l_ce,0.12742829322814941
1786457343.24986,7800,3,Loss/l_total,0.12742829322814941
1786457343.2498815,7800,3,LR,9.875664641789545e-05
1786457356.7142975,7820,3,Loss/l_ce,0.1874406337738037
1786457356.7144938,7820,3,Loss/l_total,0.1874406337738037
1786457356.7145185,7820,3,LR,9.875664641789545e-05
1786457377.1868262,7840,3,Loss/l_ce,0.1553020477294922
1786457377.187058,7840,3,Loss/l_total,0.1553020477294922
1786457377.1870852,7840,3,LR,9.875664641789545e-05
1786457402.6709313,7860,3,Loss/l_ce,0.14341402053833008
1786457402.6711714,7860,3,Loss/l_total,0.14341402053833008
1786457402.6711948,7860,3,LR,9.875664641789545e-05
1786457420.900829,7880,3,Loss/l_ce,0.14706659317016602
1786457420.9010146,7880,3,Loss/l_total,0.14706659317016602
1786457420.9011474,7880,3,LR,9.875664641789545e-05
1786457443.1880884,7900,3,Loss/l_ce,0.07804107666015625
1786457443.188309,7900,3,Loss/l_total,0.07804107666015625
1786457443.1883316,7900,3,LR,9.875664641789545e-05
1786457474.8549113,7920,3,Loss/l_ce,0.10681819915771484
1786457474.8551998,7920,3,Loss/l_total,0.10681819915771484
1786457474.8552272,7920,3,LR,9.875664641789545e-05
1786457496.4208274,7940,3,Loss/l_ce,0.11541342735290527
1786457496.421358,7940,3,Loss/l_total,0.11541342735290527
1786457496.4213877,7940,3,LR,9.875664641789545e-05
1786457518.9141538,7960,3,Loss/l_ce,0.1638023853302002
1786457518.914326,7960,3,Loss/l_total,0.1638023853302002
1786457518.914346,7960,3,LR,9.875664641789545e-05
1786457536.7096527,7980,3,Loss/l_ce,0.09778285026550293
1786457536.709812,7980,3,Loss/l_total,0.09778285026550293
1786457536.7098322,7980,3,LR,9.875664641789545e-05
1786457559.875745,8000,3,Loss/l_ce,0.11101007461547852
1786457559.8759434,8000,3,Loss/l_total,0.11101007461547852
1786457559.8759696,8000,3,LR,9.875664641789545e-05
1786457588.5239377,8020,3,Loss/l_ce,0.7949931621551514
1786457588.524123,8020,3,Loss/l_total,0.7949931621551514
1786457588.5241444,8020,3,LR,9.875664641789545e-05
1786457613.7815769,8040,3,Loss/l_ce,0.14344215393066406
1786457613.7818003,8040,3,Loss/l_total,0.14344215393066406
1786457613.7818215,8040,3,LR,9.875664641789545e-05
1786457637.7455623,8060,3,Loss/l_ce,0.11722350120544434
1786457637.7457619,8060,3,Loss/l_total,0.11722350120544434
1786457637.7457843,8060,3,LR,9.875664641789545e-05
1786457655.8964186,8080,3,Loss/l_ce,0.12952947616577148
1786457655.8965847,8080,3,Loss/l_total,0.12952947616577148
1786457655.8966072,8080,3,LR,9.875664641789545e-05
1786457679.4669087,8100,3,Loss/l_ce,3.1279470920562744
1786457679.4671414,8100,3,Loss/l_total,3.1279470920562744
1786457679.4671662,8100,3,LR,9.875664641789545e-05
1786457707.5493724,8120,3,Loss/l_ce,0.12046933174133301
1786457707.549586,8120,3,Loss/l_total,0.12046933174133301
1786457707.5496075,8120,3,LR,9.875664641789545e-05
1786457735.7688,8140,3,Loss/l_ce,0.12460875511169434
1786457735.7689981,8140,3,Loss/l_total,0.12460875511169434
1786457735.7690206,8140,3,LR,9.875664641789545e-05
1786457758.5019379,8160,3,Loss/l_ce,2.4018845558166504
1786457758.5022004,8160,3,Loss/l_total,2.4018845558166504
1786457758.5022252,8160,3,LR,9.875664641789545e-05
1786457778.809639,8180,3,Loss/l_ce,0.11413836479187012
1786457778.8098621,8180,3,Loss/l_total,0.11413836479187012
1786457778.8098848,8180,3,LR,9.875664641789545e-05
1786457792.8503964,8200,3,Loss/l_ce,0.11787271499633789
1786457792.8506067,8200,3,Loss/l_total,0.11787271499633789
1786457792.850629,8200,3,LR,9.875664641789545e-05
1786457807.435086,8220,3,Loss/l_ce,0.11272120475769043
1786457807.4352796,8220,3,Loss/l_total,0.11272120475769043
1786457807.4353023,8220,3,LR,9.875664641789545e-05
1786457826.462593,8240,3,Loss/l_ce,0.10906505584716797
1786457826.4630063,8240,3,Loss/l_total,0.10906505584716797
1786457826.463068,8240,3,LR,9.875664641789545e-05
1786457845.315486,8260,3,Loss/l_ce,0.1352062225341797
1786457845.3156486,8260,3,Loss/l_total,0.1352062225341797
1786457845.3156745,8260,3,LR,9.875664641789545e-05
1786457863.0474043,8280,3,Loss/l_ce,0.15476322174072266
1786457863.047562,8280,3,Loss/l_total,0.15476322174072266
1786457863.0475848,8280,3,LR,9.875664641789545e-05
1786457870.0559654,8300,3,Loss/l_ce,0.200361967086792
1786457870.0561707,8300,3,Loss/l_total,0.200361967086792
1786457870.0561957,8300,3,LR,9.875664641789545e-05
1786457881.1656952,8320,3,Loss/l_ce,0.11686420440673828
1786457881.1658447,8320,3,Loss/l_total,0.11686420440673828
1786457881.1658661,8320,3,LR,9.875664641789545e-05
1786457890.5864174,8340,3,Loss/l_ce,0.09700632095336914
1786457890.5866015,8340,3,Loss/l_total,0.09700632095336914
1786457890.5866287,8340,3,LR,9.875664641789545e-05
1786457901.7111626,8360,3,Loss/l_ce,0.12051057815551758
1786457901.7113335,8360,3,Loss/l_total,0.12051057815551758
1786457901.7113552,8360,3,LR,9.875664641789545e-05
1786457909.1819875,8380,3,Loss/l_ce,0.12867045402526855
1786457909.1822145,8380,3,Loss/l_total,0.12867045402526855
1786457909.1822379,8380,3,LR,9.875664641789545e-05
1786457922.7064414,8400,3,Loss/l_ce,0.14472484588623047
1786457922.7066684,8400,3,Loss/l_total,0.14472484588623047
1786457922.7066932,8400,3,LR,9.875664641789545e-05
1786457935.652378,8420,3,Loss/l_ce,0.11148500442504883
1786457935.6525648,8420,3,Loss/l_total,0.11148500442504883
1786457935.6525884,8420,3,LR,9.875664641789545e-05
1786457942.4935918,8440,3,Loss/l_ce,0.16254568099975586
1786457942.4937606,8440,3,Loss/l_total,0.16254568099975586
1786457942.493784,8440,3,LR,9.875664641789545e-05
1786457953.9381723,8460,3,Loss/l_ce,2.162616729736328
1786457953.9383326,8460,3,Loss/l_total,2.162616729736328
1786457953.9383552,8460,3,LR,9.875664641789545e-05
1786457963.1046913,8480,3,Loss/l_ce,0.32950496673583984
1786457963.1049428,8480,3,Loss/l_total,0.32950496673583984
1786457963.1049678,8480,3,LR,9.875664641789545e-05
1786457975.0993183,8500,3,Loss/l_ce,0.5644986629486084
1786457975.0996401,8500,3,Loss/l_total,0.5644986629486084
1786457975.0996792,8500,3,LR,9.875664641789545e-05
1786457983.0658207,8520,3,Loss/l_ce,0.14610838890075684
1786457983.0660272,8520,3,Loss/l_total,0.14610838890075684
1786457983.0660784,8520,3,LR,9.875664641789545e-05
1786457996.956908,8540,3,Loss/l_ce,0.1441512107849121
1786457996.957174,8540,3,Loss/l_total,0.1441512107849121
1786457996.9572,8540,3,LR,9.875664641789545e-05
1786458019.917292,8560,3,Loss/l_ce,0.4486865997314453
1786458019.9175959,8560,3,Loss/l_total,0.4486865997314453
1786458019.917621,8560,3,LR,9.875664641789545e-05
1786458048.3569288,8580,3,Loss/l_ce,0.1342618465423584
1786458048.3571591,8580,3,Loss/l_total,0.1342618465423584
1786458048.3571875,8580,3,LR,9.875664641789545e-05
1786458063.313073,8600,3,Loss/l_ce,0.09361696243286133
1786458063.3132415,8600,3,Loss/l_total,0.09361696243286133
1786458063.313265,8600,3,LR,9.875664641789545e-05
1786458083.318833,8620,3,Loss/l_ce,0.16504168510437012
1786458083.319004,8620,3,Loss/l_total,0.16504168510437012
1786458083.3190255,8620,3,LR,9.875664641789545e-05
1786458105.46837,8640,3,Loss/l_ce,0.12628698348999023
1786458105.4685729,8640,3,Loss/l_total,0.12628698348999023
1786458105.4685967,8640,3,LR,9.875664641789545e-05
1786458120.908339,8660,3,Loss/l_ce,0.14603209495544434
1786458120.9085052,8660,3,Loss/l_total,0.14603209495544434
1786458120.9085264,8660,3,LR,9.875664641789545e-05
1786458141.0506544,8680,3,Loss/l_ce,0.11499285697937012
1786458141.0508623,8680,3,Loss/l_total,0.11499285697937012
1786458141.0508835,8680,3,LR,9.875664641789545e-05
1786458161.3552225,8700,3,Loss/l_ce,0.1586766242980957
1786458161.3554206,8700,3,Loss/l_total,0.1586766242980957
1786458161.3554409,8700,3,LR,9.875664641789545e-05
1786458183.0649765,8720,3,Loss/l_ce,0.12232613563537598
1786458183.0651615,8720,3,Loss/l_total,0.12232613563537598
1786458183.0651817,8720,3,LR,9.875664641789545e-05
1786458204.7498467,8740,3,Loss/l_ce,2.8135175704956055
1786458204.7500544,8740,3,Loss/l_total,2.8135175704956055
1786458204.7500794,8740,3,LR,9.875664641789545e-05
1786458216.2111466,8760,3,Loss/l_ce,0.15157008171081543
1786458216.2113757,8760,3,Loss/l_total,0.15157008171081543
1786458216.2114089,8760,3,LR,9.875664641789545e-05
1786458240.5037062,8780,3,Loss/l_ce,0.14969229698181152
1786458240.5038784,8780,3,Loss/l_total,0.14969229698181152
1786458240.5038986,8780,3,LR,9.875664641789545e-05
1786458259.2638993,8800,3,Loss/l_ce,0.14601564407348633
1786458259.2641642,8800,3,Loss/l_total,0.14601564407348633
1786458259.2641878,8800,3,LR,9.875664641789545e-05
1786458282.1675315,8820,3,Loss/l_ce,0.35745787620544434
1786458282.1677737,8820,3,Loss/l_total,0.35745787620544434
1786458282.167794,8820,3,LR,9.875664641789545e-05
1786458307.3081112,8840,3,Loss/l_ce,0.3326261043548584
1786458307.3083925,8840,3,Loss/l_total,0.3326261043548584
1786458307.308649,8840,3,LR,9.875664641789545e-05
1786458323.77188,8860,3,Loss/l_ce,0.11635398864746094
1786458323.7721364,8860,3,Loss/l_total,0.11635398864746094
1786458323.7721589,8860,3,LR,9.875664641789545e-05
1786458349.5454006,8880,3,Loss/l_ce,0.14163589477539062
1786458349.5455987,8880,3,Loss/l_total,0.14163589477539062
1786458349.5456176,8880,3,LR,9.875664641789545e-05
1786458378.2218034,8900,3,Loss/l_ce,0.1180119514465332
1786458378.2219887,8900,3,Loss/l_total,0.1180119514465332
1786458378.2220078,8900,3,LR,9.875664641789545e-05
1786458390.335745,8920,3,Loss/l_ce,0.1440870761871338
1786458390.335903,8920,3,Loss/l_total,0.1440870761871338
1786458390.3359256,8920,3,LR,9.875664641789545e-05
1786458410.849619,8940,3,Loss/l_ce,0.14293861389160156
1786458410.8498232,8940,3,Loss/l_total,0.14293861389160156
1786458410.8498435,8940,3,LR,9.875664641789545e-05
1786458432.5387728,8960,3,Loss/l_ce,0.12461495399475098
1786458432.5389686,8960,3,Loss/l_total,0.12461495399475098
1786458432.5389924,8960,3,LR,9.875664641789545e-05
1786458451.948095,8980,3,Loss/l_ce,0.16759300231933594
1786458451.9482884,8980,3,Loss/l_total,0.16759300231933594
1786458451.9483113,8980,3,LR,9.875664641789545e-05
1786458474.939902,9000,3,Loss/l_ce,0.1350698471069336
1786458474.940099,9000,3,Loss/l_total,0.1350698471069336
1786458474.9401217,9000,3,LR,9.875664641789545e-05
1786458486.1697516,9020,3,Loss/l_ce,0.0980978012084961
1786458486.1699557,9020,3,Loss/l_total,0.0980978012084961
1786458486.169995,9020,3,LR,9.875664641789545e-05
1786458510.5105176,9040,3,Loss/l_ce,0.09912967681884766
1786458510.510724,9040,3,Loss/l_total,0.09912967681884766
1786458510.5107477,9040,3,LR,9.875664641789545e-05
1786458532.0263135,9060,3,Loss/l_ce,0.11434173583984375
1786458532.0264773,9060,3,Loss/l_total,0.11434173583984375
1786458532.0264976,9060,3,LR,9.875664641789545e-05
1786458549.452804,9080,3,Loss/l_ce,0.11005353927612305
1786458549.4530737,9080,3,Loss/l_total,0.11005353927612305
1786458549.4530997,9080,3,LR,9.875664641789545e-05
1786458568.8892403,9100,3,Loss/l_ce,0.6967489719390869
1786458568.8894339,9100,3,Loss/l_total,0.6967489719390869
1786458568.8895395,9100,3,LR,9.875664641789545e-05
1786458592.5750008,9120,3,Loss/l_ce,0.10398721694946289
1786458592.5752158,9120,3,Loss/l_total,0.10398721694946289
1786458592.575237,9120,3,LR,9.875664641789545e-05
1786458617.7012053,9140,3,Loss/l_ce,0.20613980293273926
1786458617.7014496,9140,3,Loss/l_total,0.20613980293273926
1786458617.7014713,9140,3,LR,9.875664641789545e-05
1786458635.7530193,9160,3,Loss/l_ce,0.15166425704956055
1786458635.753297,9160,3,Loss/l_total,0.15166425704956055
1786458635.7533233,9160,3,LR,9.875664641789545e-05
1786458657.4763496,9180,3,Loss/l_ce,0.13834047317504883
1786458657.4765458,9180,3,Loss/l_total,0.13834047317504883
1786458657.4765658,9180,3,LR,9.875664641789545e-05
1786458673.5468857,9200,3,Loss/l_ce,0.15904808044433594
1786458673.547162,9200,3,Loss/l_total,0.15904808044433594
1786458673.5471823,9200,3,LR,9.875664641789545e-05
1786458694.0661297,9220,3,Loss/l_ce,0.23356914520263672
1786458694.0665395,9220,3,Loss/l_total,0.23356914520263672
1786458694.066568,9220,3,LR,9.875664641789545e-05
1786458721.6555965,9240,3,Loss/l_ce,0.12010025978088379
1786458721.6557748,9240,3,Loss/l_total,0.12010025978088379
1786458721.6557937,9240,3,LR,9.875664641789545e-05
1786458748.876391,9260,3,Loss/l_ce,0.15449810028076172
1786458748.8767128,9260,3,Loss/l_total,0.15449810028076172
1786458748.8767376,9260,3,LR,9.875664641789545e-05
1786458767.7930691,9280,3,Loss/l_ce,0.12205886840820312
1786458767.7932377,9280,3,Loss/l_total,0.12205886840820312
1786458767.7932603,9280,3,LR,9.875664641789545e-05
1786458785.8538504,9300,3,Loss/l_ce,0.1445779800415039
1786458785.8540096,9300,3,Loss/l_total,0.1445779800415039
1786458785.854051,9300,3,LR,9.875664641789545e-05
1786458808.8872008,9320,3,Loss/l_ce,0.09515690803527832
1786458808.8873754,9320,3,Loss/l_total,0.09515690803527832
1786458808.8873956,9320,3,LR,9.875664641789545e-05
1786458823.8248677,9340,3,Loss/l_ce,0.1800065040588379
1786458823.8250663,9340,3,Loss/l_total,0.1800065040588379
1786458823.8250911,9340,3,LR,9.875664641789545e-05
1786458834.604775,9360,3,Loss/l_ce,0.13633465766906738
1786458834.6049662,9360,3,Loss/l_total,0.13633465766906738
1786458834.60499,9360,3,LR,9.875664641789545e-05
1786458843.1270187,9380,3,Loss/l_ce,0.14670801162719727
1786458843.127255,9380,3,Loss/l_total,0.14670801162719727
1786458843.1272802,9380,3,LR,9.875664641789545e-05
1786458853.2842202,9400,3,Loss/l_ce,0.24354887008666992
1786458853.284383,9400,3,Loss/l_total,0.24354887008666992
1786458853.2844043,9400,3,LR,9.875664641789545e-05
1786458862.8533947,9420,3,Loss/l_ce,0.11850261688232422
1786458862.8535562,9420,3,Loss/l_total,0.11850261688232422
1786458862.8535798,9420,3,LR,9.875664641789545e-05
1786458880.5870006,9440,3,Loss/l_ce,0.1395256519317627
1786458880.587282,9440,3,Loss/l_total,0.1395256519317627
1786458880.5873067,9440,3,LR,9.875664641789545e-05
1786458889.188861,9460,3,Loss/l_ce,0.12316107749938965
1786458889.1893501,9460,3,Loss/l_total,0.12316107749938965
1786458889.1893857,9460,3,LR,9.875664641789545e-05
1786458902.0452483,9480,3,Loss/l_ce,0.1133880615234375
1786458902.0455961,9480,3,Loss/l_total,0.1133880615234375
1786458902.04562,9480,3,LR,9.875664641789545e-05
1786458913.3268197,9500,3,Loss/l_ce,0.16375207901000977
1786458913.327139,9500,3,Loss/l_total,0.16375207901000977
1786458913.327164,9500,3,LR,9.875664641789545e-05
1786458924.3133044,9520,3,Loss/l_ce,0.17913532257080078
1786458924.3134646,9520,3,Loss/l_total,0.17913532257080078
1786458924.313486,9520,3,LR,9.875664641789545e-05
1786458943.2644508,9540,3,Loss/l_ce,0.14706802368164062
1786458943.2646062,9540,3,Loss/l_total,0.14706802368164062
1786458943.2646286,9540,3,LR,9.875664641789545e-05
1786458956.3397439,9560,3,Loss/l_ce,0.15293455123901367
1786458956.3399396,9560,3,Loss/l_total,0.15293455123901367
1786458956.339961,9560,3,LR,9.875664641789545e-05
1786458979.572257,9580,3,Loss/l_ce,0.13574481010437012
1786458979.5724113,9580,3,Loss/l_total,0.13574481010437012
1786458979.572433,9580,3,LR,9.875664641789545e-05
1786458995.9107594,9600,3,Loss/l_ce,0.2180171012878418
1786458995.9109695,9600,3,Loss/l_total,0.2180171012878418
1786458995.910991,9600,3,LR,9.875664641789545e-05
1786459018.1832855,9620,3,Loss/l_ce,2.7222542762756348
1786459018.1834624,9620,3,Loss/l_total,2.7222542762756348
1786459018.1834838,9620,3,LR,9.875664641789545e-05
1786459039.144857,9640,3,Loss/l_ce,0.14400625228881836
1786459039.145068,9640,3,Loss/l_total,0.14400625228881836
1786459039.1450918,9640,3,LR,9.875664641789545e-05
1786459056.5364447,9660,3,Loss/l_ce,0.17242693901062012
1786459056.536618,9660,3,Loss/l_total,0.17242693901062012
1786459056.5366368,9660,3,LR,9.875664641789545e-05
1786459076.1676407,9680,3,Loss/l_ce,0.1219930648803711
1786459076.1677914,9680,3,Loss/l_total,0.1219930648803711
1786459076.1678174,9680,3,LR,9.875664641789545e-05
1786459095.1447551,9700,3,Loss/l_ce,0.1462709903717041
1786459095.1449037,9700,3,Loss/l_total,0.1462709903717041
1786459095.1449237,9700,3,LR,9.875664641789545e-05
1786459120.9987478,9720,3,Loss/l_ce,1.7966740131378174
1786459120.9989238,9720,3,Loss/l_total,1.7966740131378174
1786459120.9989462,9720,3,LR,9.875664641789545e-05
1786459139.251839,9740,3,Loss/l_ce,0.8827595710754395
1786459139.2519875,9740,3,Loss/l_total,0.8827595710754395
1786459139.252011,9740,3,LR,9.875664641789545e-05
1786459151.1085773,9760,3,Loss/l_ce,0.133253812789917
1786459151.108734,9760,3,Loss/l_total,0.133253812789917
1786459151.1087554,9760,3,LR,9.875664641789545e-05
1786459166.282211,9780,3,Loss/l_ce,0.1469893455505371
1786459166.2823832,9780,3,Loss/l_total,0.1469893455505371
1786459166.2824047,9780,3,LR,9.875664641789545e-05
1786459190.7390153,9800,3,Loss/l_ce,0.22214007377624512
1786459190.7392552,9800,3,Loss/l_total,0.22214007377624512
1786459190.739279,9800,3,LR,9.875664641789545e-05
1786459208.8125587,9820,3,Loss/l_ce,0.11093401908874512
1786459208.8127236,9820,3,Loss/l_total,0.11093401908874512
1786459208.8127463,9820,3,LR,9.875664641789545e-05
1786459237.7573845,9840,3,Loss/l_ce,0.22199463844299316
1786459237.757592,9840,3,Loss/l_total,0.22199463844299316
1786459237.7576113,9840,3,LR,9.875664641789545e-05
1786459257.2579875,9860,3,Loss/l_ce,0.849606990814209
1786459257.2582202,9860,3,Loss/l_total,0.849606990814209
1786459257.2582455,9860,3,LR,9.875664641789545e-05
1786459280.1008902,9880,3,Loss/l_ce,0.15824460983276367
1786459280.1011417,9880,3,Loss/l_total,0.15824460983276367
1786459280.1011646,9880,3,LR,9.875664641789545e-05
1786459300.915092,9900,3,Loss/l_ce,0.2210373878479004
1786459300.9152868,9900,3,Loss/l_total,0.2210373878479004
1786459300.915307,9900,3,LR,9.875664641789545e-05
1786459312.3075287,9920,3,Loss/l_ce,0.12335395812988281
1786459312.3077173,9920,3,Loss/l_total,0.12335395812988281
1786459312.3077412,9920,3,LR,9.875664641789545e-05
1786459332.533947,9940,3,Loss/l_ce,0.1180729866027832
1786459332.5341225,9940,3,Loss/l_total,0.1180729866027832
1786459332.5341427,9940,3,LR,9.875664641789545e-05
1786459345.6581001,9960,3,Loss/l_ce,0.11790108680725098
1786459345.6582794,9960,3,Loss/l_total,0.11790108680725098
1786459345.658302,9960,3,LR,9.875664641789545e-05
1786459363.7842605,9980,3,Loss/l_ce,0.1300342082977295
1786459363.7845275,9980,3,Loss/l_total,0.1300342082977295
1786459363.7845528,9980,3,LR,9.875664641789545e-05
1786459385.4811013,10000,3,Loss/l_ce,0.7973732948303223
1786459385.4812887,10000,3,Loss/l_total,0.7973732948303223
1786459385.4813125,10000,3,LR,9.875664641789545e-05
1786459396.253065,10020,3,Loss/l_ce,0.13654613494873047
1786459396.2532716,10020,3,Loss/l_total,0.13654613494873047
1786459396.2533038,10020,3,LR,9.875664641789545e-05
1786459418.9383962,10040,3,Loss/l_ce,0.16243886947631836
1786459418.9385824,10040,3,Loss/l_total,0.16243886947631836
1786459418.9386027,10040,3,LR,9.875664641789545e-05
1786459443.1956732,10060,3,Loss/l_ce,0.13451766967773438
1786459443.1958535,10060,3,Loss/l_total,0.13451766967773438
1786459443.19588,10060,3,LR,9.875664641789545e-05
1786459459.915308,10080,3,Loss/l_ce,0.12172079086303711
1786459459.9154625,10080,3,Loss/l_total,0.12172079086303711
1786459459.915485,10080,3,LR,9.875664641789545e-05
1786459481.84349,10100,3,Loss/l_ce,0.20511770248413086
1786459481.8436594,10100,3,Loss/l_total,0.20511770248413086
1786459481.843681,10100,3,LR,9.875664641789545e-05
1786459505.20059,10120,3,Loss/l_ce,0.1369333267211914
1786459505.2007618,10120,3,Loss/l_total,0.1369333267211914
1786459505.2007833,10120,3,LR,9.875664641789545e-05
1786459525.7946153,10140,3,Loss/l_ce,0.12135672569274902
1786459525.7948291,10140,3,Loss/l_total,0.12135672569274902
1786459525.794854,10140,3,LR,9.875664641789545e-05
1786459556.138143,10160,3,Loss/l_ce,0.09982132911682129
1786459556.1383283,10160,3,Loss/l_total,0.09982132911682129
1786459556.1383471,10160,3,LR,9.875664641789545e-05
1786459571.1856055,10180,3,Loss/l_ce,0.12790322303771973
1786459571.1857696,10180,3,Loss/l_total,0.12790322303771973
1786459571.1857896,10180,3,LR,9.875664641789545e-05
1786459588.8449507,10200,3,Loss/l_ce,0.608436107635498
1786459588.8451169,10200,3,Loss/l_total,0.608436107635498
1786459588.845138,10200,3,LR,9.875664641789545e-05
1786459714.6903315,10200,3,Val/avg_error,0.010562862269580364
1786459714.6906543,10200,3,Val/acc,0.841748046875
1786459714.6906757,10200,3,Val/sparse_auc,0.9181916824494949
1786459714.6906924,10200,3,Val/sparse_pck_max,0.1
1786459714.6907065,10200,3,Val/sparse_pck_n,100.0
1786459731.5875618,10220,4,Loss/l_ce,0.19823646545410156
1786459731.5878441,10220,4,Loss/l_total,0.19823646545410156
1786459731.5878716,10220,4,LR,9.779754323328191e-05
1786459744.0304835,10240,4,Loss/l_ce,0.09824180603027344
1786459744.03067,10240,4,Loss/l_total,0.09824180603027344
1786459744.0306935,10240,4,LR,9.779754323328191e-05
1786459755.4886265,10260,4,Loss/l_ce,0.171830415725708
1786459755.4887948,10260,4,Loss/l_total,0.171830415725708
1786459755.48882,10260,4,LR,9.779754323328191e-05
1786459765.7135603,10280,4,Loss/l_ce,0.1538372039794922
1786459765.7138002,10280,4,Loss/l_total,0.1538372039794922
1786459765.7138286,10280,4,LR,9.779754323328191e-05
1786459777.2902071,10300,4,Loss/l_ce,0.14961838722229004
1786459777.29039,10300,4,Loss/l_total,0.14961838722229004
1786459777.2904115,10300,4,LR,9.779754323328191e-05
1786459785.9282584,10320,4,Loss/l_ce,0.1139683723449707
1786459785.928427,10320,4,Loss/l_total,0.1139683723449707
1786459785.9284508,10320,4,LR,9.779754323328191e-05
1786459794.0814285,10340,4,Loss/l_ce,0.22139978408813477
1786459794.0816042,10340,4,Loss/l_total,0.22139978408813477
1786459794.0816245,10340,4,LR,9.779754323328191e-05
1786459805.8741827,10360,4,Loss/l_ce,0.08259820938110352
1786459805.8743653,10360,4,Loss/l_total,0.08259820938110352
1786459805.874388,10360,4,LR,9.779754323328191e-05
1786459820.8364878,10380,4,Loss/l_ce,0.0997781753540039
1786459820.8366482,10380,4,Loss/l_total,0.0997781753540039
1786459820.8366683,10380,4,LR,9.779754323328191e-05
1786459840.8321497,10400,4,Loss/l_ce,0.10747361183166504
1786459840.8323753,10400,4,Loss/l_total,0.10747361183166504
1786459840.8324015,10400,4,LR,9.779754323328191e-05
1786459897.6859362,10420,4,Loss/l_ce,0.11822104454040527
1786459897.6861567,10420,4,Loss/l_total,0.11822104454040527
1786459897.6861794,10420,4,LR,9.779754323328191e-05
1786459971.3679364,10440,4,Loss/l_ce,0.10803437232971191
1786459971.368278,10440,4,Loss/l_total,0.10803437232971191
1786459971.3683054,10440,4,LR,9.779754323328191e-05
1786460028.9331665,10460,4,Loss/l_ce,0.08024907112121582
1786460028.9334168,10460,4,Loss/l_total,0.08024907112121582
1786460028.9334395,10460,4,LR,9.779754323328191e-05
1786460089.7414868,10480,4,Loss/l_ce,0.2351689338684082
1786460089.7416863,10480,4,Loss/l_total,0.2351689338684082
1786460089.7417147,10480,4,LR,9.779754323328191e-05
1786460185.160945,10500,4,Loss/l_ce,0.1005697250366211
1786460185.161168,10500,4,Loss/l_total,0.1005697250366211
1786460185.1611931,10500,4,LR,9.779754323328191e-05
1786460246.692356,10520,4,Loss/l_ce,0.10766315460205078
1786460246.6925354,10520,4,Loss/l_total,0.10766315460205078
1786460246.692564,10520,4,LR,9.779754323328191e-05
1786460316.9488075,10540,4,Loss/l_ce,0.13874125480651855
1786460316.9489665,10540,4,Loss/l_total,0.13874125480651855
1786460316.948989,10540,4,LR,9.779754323328191e-05
1786460375.9158762,10560,4,Loss/l_ce,0.11354613304138184
1786460375.916111,10560,4,Loss/l_total,0.11354613304138184
1786460375.9161348,10560,4,LR,9.779754323328191e-05
1786460447.8388183,10580,4,Loss/l_ce,0.132310152053833
1786460447.8390048,10580,4,Loss/l_total,0.132310152053833
1786460447.8390272,10580,4,LR,9.779754323328191e-05
1786460516.7253263,10600,4,Loss/l_ce,0.5319821834564209
1786460516.7255342,10600,4,Loss/l_total,0.5319821834564209
1786460516.725564,10600,4,LR,9.779754323328191e-05
1786460593.4383593,10620,4,Loss/l_ce,0.095001220703125
1786460593.4385564,10620,4,Loss/l_total,0.095001220703125
1786460593.4385788,10620,4,LR,9.779754323328191e-05
1786460651.218474,10640,4,Loss/l_ce,0.1368579864501953
1786460651.218664,10640,4,Loss/l_total,0.1368579864501953
1786460651.2186866,10640,4,LR,9.779754323328191e-05
1786460688.2559686,10660,4,Loss/l_ce,0.1420454978942871
1786460688.2561598,10660,4,Loss/l_total,0.1420454978942871
1786460688.2561846,10660,4,LR,9.779754323328191e-05
1786460716.648015,10680,4,Loss/l_ce,0.12378549575805664
1786460716.648206,10680,4,Loss/l_total,0.12378549575805664
1786460716.6482263,10680,4,LR,9.779754323328191e-05
1786460742.6074624,10700,4,Loss/l_ce,0.0985872745513916
1786460742.6076689,10700,4,Loss/l_total,0.0985872745513916
1786460742.6076906,10700,4,LR,9.779754323328191e-05
1786460758.2789752,10720,4,Loss/l_ce,2.898263454437256
1786460758.279208,10720,4,Loss/l_total,2.898263454437256
1786460758.279234,10720,4,LR,9.779754323328191e-05
1786460782.0683658,10740,4,Loss/l_ce,0.15413427352905273
1786460782.0685747,10740,4,Loss/l_total,0.15413427352905273
1786460782.0685997,10740,4,LR,9.779754323328191e-05
1786460810.4501965,10760,4,Loss/l_ce,2.653796911239624
1786460810.4504008,10760,4,Loss/l_total,2.653796911239624
1786460810.4504256,10760,4,LR,9.779754323328191e-05
1786460824.3885307,10780,4,Loss/l_ce,0.148284912109375
1786460824.3887718,10780,4,Loss/l_total,0.148284912109375
1786460824.3887966,10780,4,LR,9.779754323328191e-05
1786460858.6696198,10800,4,Loss/l_ce,0.36338329315185547
1786460858.6697845,10800,4,Loss/l_total,0.36338329315185547
1786460858.6698048,10800,4,LR,9.779754323328191e-05
1786460874.9332554,10820,4,Loss/l_ce,0.13753151893615723
1786460874.9334278,10820,4,Loss/l_total,0.13753151893615723
1786460874.9334526,10820,4,LR,9.779754323328191e-05
1786460888.2875113,10840,4,Loss/l_ce,0.10044479370117188
1786460888.287769,10840,4,Loss/l_total,0.10044479370117188
1786460888.287793,10840,4,LR,9.779754323328191e-05
1786460908.2329652,10860,4,Loss/l_ce,0.1422712802886963
1786460908.233192,10860,4,Loss/l_total,0.1422712802886963
1786460908.2332158,10860,4,LR,9.779754323328191e-05
1786460930.4520912,10880,4,Loss/l_ce,0.11712217330932617
1786460930.452263,10880,4,Loss/l_total,0.11712217330932617
1786460930.4522843,10880,4,LR,9.779754323328191e-05
1786460949.3984277,10900,4,Loss/l_ce,0.1279761791229248
1786460949.398627,10900,4,Loss/l_total,0.1279761791229248
1786460949.3986661,10900,4,LR,9.779754323328191e-05
1786460962.2009783,10920,4,Loss/l_ce,0.12377357482910156
1786460962.201192,10920,4,Loss/l_total,0.12377357482910156
1786460962.2012167,10920,4,LR,9.779754323328191e-05
1786460980.716322,10940,4,Loss/l_ce,0.14636635780334473
1786460980.7165558,10940,4,Loss/l_total,0.14636635780334473
1786460980.7165809,10940,4,LR,9.779754323328191e-05
1786460993.1461418,10960,4,Loss/l_ce,0.09145736694335938
1786460993.1462996,10960,4,Loss/l_total,0.09145736694335938
1786460993.1463234,10960,4,LR,9.779754323328191e-05
1786461013.5134032,10980,4,Loss/l_ce,0.092926025390625
1786461013.513573,10980,4,Loss/l_total,0.092926025390625
1786461013.5135942,10980,4,LR,9.779754323328191e-05
1786461031.6532545,11000,4,Loss/l_ce,0.11618900299072266
1786461031.653435,11000,4,Loss/l_total,0.11618900299072266
1786461031.6534574,11000,4,LR,9.779754323328191e-05
1786461054.0958436,11020,4,Loss/l_ce,0.22056841850280762
1786461054.0960228,11020,4,Loss/l_total,0.22056841850280762
1786461054.0960655,11020,4,LR,9.779754323328191e-05
1786461082.1621928,11040,4,Loss/l_ce,0.13360118865966797
1786461082.162346,11040,4,Loss/l_total,0.13360118865966797
1786461082.162365,11040,4,LR,9.779754323328191e-05
1786461100.98155,11060,4,Loss/l_ce,0.1293928623199463
1786461100.981745,11060,4,Loss/l_total,0.1293928623199463
1786461100.981772,11060,4,LR,9.779754323328191e-05
1786461125.7309842,11080,4,Loss/l_ce,0.20247840881347656
1786461125.731192,11080,4,Loss/l_total,0.20247840881347656
1786461125.7312133,11080,4,LR,9.779754323328191e-05
1786461149.0957549,11100,4,Loss/l_ce,0.2705209255218506
1786461149.095915,11100,4,Loss/l_total,0.2705209255218506
1786461149.09594,11100,4,LR,9.779754323328191e-05
1786461171.8390982,11120,4,Loss/l_ce,0.4419550895690918
1786461171.8392763,11120,4,Loss/l_total,0.4419550895690918
1786461171.8392966,11120,4,LR,9.779754323328191e-05
1786461185.4972143,11140,4,Loss/l_ce,0.0871117115020752
1786461185.4973733,11140,4,Loss/l_total,0.0871117115020752
1786461185.497397,11140,4,LR,9.779754323328191e-05
1786461197.483286,11160,4,Loss/l_ce,0.0987405776977539
1786461197.4834473,11160,4,Loss/l_total,0.0987405776977539
1786461197.48347,11160,4,LR,9.779754323328191e-05
1786461211.161384,11180,4,Loss/l_ce,0.12569212913513184
1786461211.1615517,11180,4,Loss/l_total,0.12569212913513184
1786461211.1615753,11180,4,LR,9.779754323328191e-05
1786461223.2521532,11200,4,Loss/l_ce,0.10630583763122559
1786461223.2523265,11200,4,Loss/l_total,0.10630583763122559
1786461223.2523499,11200,4,LR,9.779754323328191e-05
1786461233.2711463,11220,4,Loss/l_ce,0.08261251449584961
1786461233.271302,11220,4,Loss/l_total,0.08261251449584961
1786461233.2713244,11220,4,LR,9.779754323328191e-05
1786461240.037615,11240,4,Loss/l_ce,0.13426613807678223
1786461240.0377922,11240,4,Loss/l_total,0.13426613807678223
1786461240.0378158,11240,4,LR,9.779754323328191e-05
1786461259.863239,11260,4,Loss/l_ce,0.06564950942993164
1786461259.8634305,11260,4,Loss/l_total,0.06564950942993164
1786461259.863452,11260,4,LR,9.779754323328191e-05
1786461270.2999132,11280,4,Loss/l_ce,0.17113113403320312
1786461270.3001566,11280,4,Loss/l_total,0.17113113403320312
1786461270.3001838,11280,4,LR,9.779754323328191e-05
1786461283.29461,11300,4,Loss/l_ce,0.0995340347290039
1786461283.2948768,11300,4,Loss/l_total,0.0995340347290039
1786461283.294903,11300,4,LR,9.779754323328191e-05
1786461300.5198045,11320,4,Loss/l_ce,0.14921116828918457
1786461300.5200124,11320,4,Loss/l_total,0.14921116828918457
1786461300.5200515,11320,4,LR,9.779754323328191e-05
1786461321.6691375,11340,4,Loss/l_ce,0.22435617446899414
1786461321.6693807,11340,4,Loss/l_total,0.22435617446899414
1786461321.6694033,11340,4,LR,9.779754323328191e-05
1786461342.20844,11360,4,Loss/l_ce,0.9221460819244385
1786461342.2086358,11360,4,Loss/l_total,0.9221460819244385
1786461342.208656,11360,4,LR,9.779754323328191e-05
1786461364.20524,11380,4,Loss/l_ce,0.14891958236694336
1786461364.2054098,11380,4,Loss/l_total,0.14891958236694336
1786461364.205468,11380,4,LR,9.779754323328191e-05
1786461386.4877217,11400,4,Loss/l_ce,0.14182591438293457
1786461386.487913,11400,4,Loss/l_total,0.14182591438293457
1786461386.4879472,11400,4,LR,9.779754323328191e-05
1786461404.4914536,11420,4,Loss/l_ce,0.3151512145996094
1786461404.4916234,11420,4,Loss/l_total,0.3151512145996094
1786461404.491646,11420,4,LR,9.779754323328191e-05
1786461423.274637,11440,4,Loss/l_ce,0.11342716217041016
1786461423.2748199,11440,4,Loss/l_total,0.11342716217041016
1786461423.27484,11440,4,LR,9.779754323328191e-05
1786461447.967611,11460,4,Loss/l_ce,0.1434919834136963
1786461447.96787,11460,4,Loss/l_total,0.1434919834136963
1786461447.9678986,11460,4,LR,9.779754323328191e-05
1786461479.0338082,11480,4,Loss/l_ce,0.08419632911682129
1786461479.03408,11480,4,Loss/l_total,0.08419632911682129
1786461479.034111,11480,4,LR,9.779754323328191e-05
1786461502.5313373,11500,4,Loss/l_ce,0.10409140586853027
1786461502.53157,11500,4,Loss/l_total,0.10409140586853027
1786461502.5315924,11500,4,LR,9.779754323328191e-05
1786461522.609321,11520,4,Loss/l_ce,0.14132905006408691
1786461522.6095064,11520,4,Loss/l_total,0.14132905006408691
1786461522.6095252,11520,4,LR,9.779754323328191e-05
1786461549.7585354,11540,4,Loss/l_ce,3.373345375061035
1786461549.7587352,11540,4,Loss/l_total,3.373345375061035
1786461549.7587564,11540,4,LR,9.779754323328191e-05
1786461580.8091574,11560,4,Loss/l_ce,0.5153286457061768
1786461580.8093758,11560,4,Loss/l_total,0.5153286457061768
1786461580.8094008,11560,4,LR,9.779754323328191e-05
1786461597.3835285,11580,4,Loss/l_ce,0.4067387580871582
1786461597.3837445,11580,4,Loss/l_total,0.4067387580871582
1786461597.383773,11580,4,LR,9.779754323328191e-05
1786461614.8020873,11600,4,Loss/l_ce,0.2671518325805664
1786461614.8023832,11600,4,Loss/l_total,0.2671518325805664
1786461614.8024092,11600,4,LR,9.779754323328191e-05
1786461637.5151057,11620,4,Loss/l_ce,0.1309657096862793
1786461637.5153196,11620,4,Loss/l_total,0.1309657096862793
1786461637.5153396,11620,4,LR,9.779754323328191e-05
1786461661.8391995,11640,4,Loss/l_ce,0.09375619888305664
1786461661.8394144,11640,4,Loss/l_total,0.09375619888305664
1786461661.8394344,11640,4,LR,9.779754323328191e-05
1786461687.1687658,11660,4,Loss/l_ce,0.1294550895690918
1786461687.168938,11660,4,Loss/l_total,0.1294550895690918
1786461687.1689627,11660,4,LR,9.779754323328191e-05
1786461712.1019206,11680,4,Loss/l_ce,0.15078306198120117
1786461712.1021473,11680,4,Loss/l_total,0.15078306198120117
1786461712.1021733,11680,4,LR,9.779754323328191e-05
1786461746.8132918,11700,4,Loss/l_ce,0.08743619918823242
1786461746.8135087,11700,4,Loss/l_total,0.08743619918823242
1786461746.813529,11700,4,LR,9.779754323328191e-05
1786461783.8340652,11720,4,Loss/l_ce,0.14615893363952637
1786461783.834229,11720,4,Loss/l_total,0.14615893363952637
1786461783.8342502,11720,4,LR,9.779754323328191e-05
1786461816.359648,11740,4,Loss/l_ce,0.11316299438476562
1786461816.359832,11740,4,Loss/l_total,0.11316299438476562
1786461816.3620975,11740,4,LR,9.779754323328191e-05
1786461849.0855126,11760,4,Loss/l_ce,0.08860182762145996
1786461849.085776,11760,4,Loss/l_total,0.08860182762145996
1786461849.0858011,11760,4,LR,9.779754323328191e-05
1786461877.9985232,11780,4,Loss/l_ce,0.12964320182800293
1786461877.9987724,11780,4,Loss/l_total,0.12964320182800293
1786461877.9987986,11780,4,LR,9.779754323328191e-05
1786461920.3162386,11800,4,Loss/l_ce,0.12926244735717773
1786461920.316483,11800,4,Loss/l_total,0.12926244735717773
1786461920.3165104,11800,4,LR,9.779754323328191e-05
1786461946.7064395,11820,4,Loss/l_ce,0.13583660125732422
1786461946.706608,11820,4,Loss/l_total,0.13583660125732422
1786461946.7066343,11820,4,LR,9.779754323328191e-05
1786461979.316394,11840,4,Loss/l_ce,0.08048844337463379
1786461979.3166018,11840,4,Loss/l_total,0.08048844337463379
1786461979.3166304,11840,4,LR,9.779754323328191e-05
1786462005.8286183,11860,4,Loss/l_ce,0.1245262622833252
1786462005.828769,11860,4,Loss/l_total,0.1245262622833252
1786462005.8288271,11860,4,LR,9.779754323328191e-05
1786462030.98179,11880,4,Loss/l_ce,1.510807752609253
1786462030.9819489,11880,4,Loss/l_total,1.510807752609253
1786462030.9819705,11880,4,LR,9.779754323328191e-05
1786462055.3099406,11900,4,Loss/l_ce,0.07900333404541016
1786462055.3101149,11900,4,Loss/l_total,0.07900333404541016
1786462055.3101375,11900,4,LR,9.779754323328191e-05
1786462087.8169906,11920,4,Loss/l_ce,0.08577775955200195
1786462087.8172069,11920,4,Loss/l_total,0.08577775955200195
1786462087.8172293,11920,4,LR,9.779754323328191e-05
1786462118.1151624,11940,4,Loss/l_ce,0.1581277847290039
1786462118.1154082,11940,4,Loss/l_total,0.1581277847290039
1786462118.1154342,11940,4,LR,9.779754323328191e-05
1786462146.0181837,11960,4,Loss/l_ce,0.09441661834716797
1786462146.0184042,11960,4,Loss/l_total,0.09441661834716797
1786462146.018428,11960,4,LR,9.779754323328191e-05
1786462165.202728,11980,4,Loss/l_ce,0.8849143981933594
1786462165.203001,11980,4,Loss/l_total,0.8849143981933594
1786462165.203304,11980,4,LR,9.779754323328191e-05
1786462188.277624,12000,4,Loss/l_ce,0.12960004806518555
1786462188.2778258,12000,4,Loss/l_total,0.12960004806518555
1786462188.2778518,12000,4,LR,9.779754323328191e-05
1786462208.0996807,12020,4,Loss/l_ce,0.13892745971679688
1786462208.101134,12020,4,Loss/l_total,0.13892745971679688
1786462208.1011982,12020,4,LR,9.779754323328191e-05
1786462238.5467265,12040,4,Loss/l_ce,0.11762261390686035
1786462238.5469887,12040,4,Loss/l_total,0.11762261390686035
1786462238.5470176,12040,4,LR,9.779754323328191e-05
1786462264.8471746,12060,4,Loss/l_ce,0.13484716415405273
1786462264.8475153,12060,4,Loss/l_total,0.13484716415405273
1786462264.8475428,12060,4,LR,9.779754323328191e-05
1786462297.1123128,12080,4,Loss/l_ce,0.11539506912231445
1786462297.112637,12080,4,Loss/l_total,0.11539506912231445
1786462297.112663,12080,4,LR,9.779754323328191e-05
1786462328.6864698,12100,4,Loss/l_ce,0.10078167915344238
1786462328.686743,12100,4,Loss/l_total,0.10078167915344238
1786462328.6867976,12100,4,LR,9.779754323328191e-05
1786462339.9355166,12120,4,Loss/l_ce,0.15516424179077148
1786462339.9357278,12120,4,Loss/l_total,0.15516424179077148
1786462339.9357553,12120,4,LR,9.779754323328191e-05
1786462350.9025836,12140,4,Loss/l_ce,0.07626748085021973
1786462350.902872,12140,4,Loss/l_total,0.07626748085021973
1786462350.902898,12140,4,LR,9.779754323328191e-05
1786462359.5882258,12160,4,Loss/l_ce,0.15838861465454102
1786462359.588387,12160,4,Loss/l_total,0.15838861465454102
1786462359.5884109,12160,4,LR,9.779754323328191e-05
1786462369.4002883,12180,4,Loss/l_ce,0.19013428688049316
1786462369.4004936,12180,4,Loss/l_total,0.19013428688049316
1786462369.4005175,12180,4,LR,9.779754323328191e-05
1786462376.2705708,12200,4,Loss/l_ce,0.09325432777404785
1786462376.270736,12200,4,Loss/l_total,0.09325432777404785
1786462376.2707593,12200,4,LR,9.779754323328191e-05
1786462388.530617,12220,4,Loss/l_ce,0.14393281936645508
1786462388.5307739,12220,4,Loss/l_total,0.14393281936645508
1786462388.5307963,12220,4,LR,9.779754323328191e-05
1786462396.107736,12240,4,Loss/l_ce,0.09503769874572754
1786462396.1079166,12240,4,Loss/l_total,0.09503769874572754
1786462396.107944,12240,4,LR,9.779754323328191e-05
1786462404.754588,12260,4,Loss/l_ce,0.10536050796508789
1786462404.7547567,12260,4,Loss/l_total,0.10536050796508789
1786462404.75478,12260,4,LR,9.779754323328191e-05
1786462413.043271,12280,4,Loss/l_ce,0.4648439884185791
1786462413.0434494,12280,4,Loss/l_total,0.4648439884185791
1786462413.0434754,12280,4,LR,9.779754323328191e-05
1786462422.281458,12300,4,Loss/l_ce,0.09652376174926758
1786462422.2816303,12300,4,Loss/l_total,0.09652376174926758
1786462422.2816563,12300,4,LR,9.779754323328191e-05
1786462429.6759787,12320,4,Loss/l_ce,0.15432405471801758
1786462429.6761916,12320,4,Loss/l_total,0.15432405471801758
1786462429.6762164,12320,4,LR,9.779754323328191e-05
1786462436.5676637,12340,4,Loss/l_ce,0.11116695404052734
1786462436.567823,12340,4,Loss/l_total,0.11116695404052734
1786462436.5678728,12340,4,LR,9.779754323328191e-05
1786462444.779847,12360,4,Loss/l_ce,0.13558197021484375
1786462444.7800286,12360,4,Loss/l_total,0.13558197021484375
1786462444.7800725,12360,4,LR,9.779754323328191e-05
1786462454.0896587,12380,4,Loss/l_ce,0.08430886268615723
1786462454.0898118,12380,4,Loss/l_total,0.08430886268615723
1786462454.0898368,12380,4,LR,9.779754323328191e-05
1786462470.2376282,12400,4,Loss/l_ce,0.131683349609375
1786462470.2378383,12400,4,Loss/l_total,0.131683349609375
1786462470.2378716,12400,4,LR,9.779754323328191e-05
1786462485.1871417,12420,4,Loss/l_ce,0.13569188117980957
1786462485.1873648,12420,4,Loss/l_total,0.13569188117980957
1786462485.1873922,12420,4,LR,9.779754323328191e-05
1786462521.4110587,12440,4,Loss/l_ce,0.1470324993133545
1786462521.4114172,12440,4,Loss/l_total,0.1470324993133545
1786462521.4114552,12440,4,LR,9.779754323328191e-05
1786462554.7225378,12460,4,Loss/l_ce,0.6997723579406738
1786462554.7228546,12460,4,Loss/l_total,0.6997723579406738
1786462554.7228773,12460,4,LR,9.779754323328191e-05
1786462576.9791834,12480,4,Loss/l_ce,0.1297295093536377
1786462576.9793413,12480,4,Loss/l_total,0.1297295093536377
1786462576.979365,12480,4,LR,9.779754323328191e-05
1786462607.5347123,12500,4,Loss/l_ce,0.09167051315307617
1786462607.5349298,12500,4,Loss/l_total,0.09167051315307617
1786462607.5349545,12500,4,LR,9.779754323328191e-05
1786462632.6207006,12520,4,Loss/l_ce,1.1160492897033691
1786462632.6209347,12520,4,Loss/l_total,1.1160492897033691
1786462632.6209586,12520,4,LR,9.779754323328191e-05
1786462657.4989061,12540,4,Loss/l_ce,0.20975017547607422
1786462657.4991388,12540,4,Loss/l_total,0.20975017547607422
1786462657.4991722,12540,4,LR,9.779754323328191e-05
1786462682.1602657,12560,4,Loss/l_ce,0.08796215057373047
1786462682.1606421,12560,4,Loss/l_total,0.08796215057373047
1786462682.1609364,12560,4,LR,9.779754323328191e-05
1786462712.063486,12580,4,Loss/l_ce,0.29910755157470703
1786462712.0637236,12580,4,Loss/l_total,0.29910755157470703
1786462712.063746,12580,4,LR,9.779754323328191e-05
1786462730.102674,12600,4,Loss/l_ce,0.15720796585083008
1786462730.102876,12600,4,Loss/l_total,0.15720796585083008
1786462730.1029007,12600,4,LR,9.779754323328191e-05
1786462758.2458096,12620,4,Loss/l_ce,0.09043455123901367
1786462758.2460816,12620,4,Loss/l_total,0.09043455123901367
1786462758.24611,12620,4,LR,9.779754323328191e-05
1786462776.3439822,12640,4,Loss/l_ce,0.08527183532714844
1786462776.3442008,12640,4,Loss/l_total,0.08527183532714844
1786462776.3442316,12640,4,LR,9.779754323328191e-05
1786462800.7069788,12660,4,Loss/l_ce,0.14307069778442383
1786462800.7072186,12660,4,Loss/l_total,0.14307069778442383
1786462800.7072425,12660,4,LR,9.779754323328191e-05
1786462827.8061767,12680,4,Loss/l_ce,0.10430049896240234
1786462827.806342,12680,4,Loss/l_total,0.10430049896240234
1786462827.806363,12680,4,LR,9.779754323328191e-05
1786462849.7673848,12700,4,Loss/l_ce,0.12613177299499512
1786462849.767628,12700,4,Loss/l_total,0.12613177299499512
1786462849.7695885,12700,4,LR,9.779754323328191e-05
1786462873.4727926,12720,4,Loss/l_ce,0.13407182693481445
1786462873.4732926,12720,4,Loss/l_total,0.13407182693481445
1786462873.4733233,12720,4,LR,9.779754323328191e-05
1786462897.2084744,12740,4,Loss/l_ce,0.10299825668334961
1786462897.2086582,12740,4,Loss/l_total,0.10299825668334961
1786462897.2086809,12740,4,LR,9.779754323328191e-05
1786463062.7688293,12750,4,Val/avg_error,0.011509072035551071
1786463062.769194,12750,4,Val/acc,0.817138671875
1786463062.7692246,12750,4,Val/sparse_auc,0.9048759075126261
1786463062.7692485,12750,4,Val/sparse_pck_max,0.1
1786463062.7695074,12750,4,Val/sparse_pck_n,100.0
1786463078.7651477,12760,5,Loss/l_ce,0.09802794456481934
1786463078.76539,12760,5,Loss/l_total,0.09802794456481934
1786463078.765415,12760,5,LR,9.65745789630079e-05
1786463102.6295466,12780,5,Loss/l_ce,0.6644573211669922
1786463102.6297665,12780,5,Loss/l_total,0.6644573211669922
1786463102.6300752,12780,5,LR,9.65745789630079e-05
1786463122.8633049,12800,5,Loss/l_ce,0.1321732997894287
1786463122.863495,12800,5,Loss/l_total,0.1321732997894287
1786463122.8635178,12800,5,LR,9.65745789630079e-05
1786463152.2656496,12820,5,Loss/l_ce,0.060014963150024414
1786463152.265912,12820,5,Loss/l_total,0.060014963150024414
1786463152.2659383,12820,5,LR,9.65745789630079e-05
1786463179.8859692,12840,5,Loss/l_ce,0.08704590797424316
1786463179.88624,12840,5,Loss/l_total,0.08704590797424316
1786463179.8862648,12840,5,LR,9.65745789630079e-05
1786463202.3333127,12860,5,Loss/l_ce,0.1038517951965332
1786463202.3335407,12860,5,Loss/l_total,0.1038517951965332
1786463202.3335657,12860,5,LR,9.65745789630079e-05
1786463226.3164225,12880,5,Loss/l_ce,0.09101676940917969
1786463226.31661,12880,5,Loss/l_total,0.09101676940917969
1786463226.3166351,12880,5,LR,9.65745789630079e-05
1786463252.0976,12900,5,Loss/l_ce,0.12080264091491699
1786463252.0978172,12900,5,Loss/l_total,0.12080264091491699
1786463252.0978396,12900,5,LR,9.65745789630079e-05
1786463273.6853728,12920,5,Loss/l_ce,0.12236428260803223
1786463273.685544,12920,5,Loss/l_total,0.12236428260803223
1786463273.6855679,12920,5,LR,9.65745789630079e-05
1786463301.2311707,12940,5,Loss/l_ce,0.09729862213134766
1786463301.2313914,12940,5,Loss/l_total,0.09729862213134766
1786463301.2314177,12940,5,LR,9.65745789630079e-05
1786463322.6821444,12960,5,Loss/l_ce,0.1040029525756836
1786463322.6823308,12960,5,Loss/l_total,0.1040029525756836
1786463322.6823547,12960,5,LR,9.65745789630079e-05
1786463342.6046119,12980,5,Loss/l_ce,0.3448607921600342
1786463342.6047924,12980,5,Loss/l_total,0.3448607921600342
1786463342.6048136,12980,5,LR,9.65745789630079e-05
1786463361.9151797,13000,5,Loss/l_ce,0.0938272476196289
1786463361.9153972,13000,5,Loss/l_total,0.0938272476196289
1786463361.9154184,13000,5,LR,9.65745789630079e-05
1786463371.9813795,13020,5,Loss/l_ce,0.11163330078125
1786463371.9816122,13020,5,Loss/l_total,0.11163330078125
1786463371.981635,13020,5,LR,9.65745789630079e-05
1786463394.8205798,13040,5,Loss/l_ce,0.1706080436706543
1786463394.8207805,13040,5,Loss/l_total,0.1706080436706543
1786463394.8208032,13040,5,LR,9.65745789630079e-05
1786463406.1576982,13060,5,Loss/l_ce,0.3989522457122803
1786463406.1579542,13060,5,Loss/l_total,0.3989522457122803
1786463406.1579852,13060,5,LR,9.65745789630079e-05
1786463420.184566,13080,5,Loss/l_ce,0.12083911895751953
1786463420.1847217,13080,5,Loss/l_total,0.12083911895751953
1786463420.1847441,13080,5,LR,9.65745789630079e-05
1786463428.219196,13100,5,Loss/l_ce,0.24270844459533691
1786463428.2193542,13100,5,Loss/l_total,0.24270844459533691
1786463428.219378,13100,5,LR,9.65745789630079e-05
1786463440.3034604,13120,5,Loss/l_ce,0.10278606414794922
1786463440.3036287,13120,5,Loss/l_total,0.10278606414794922
1786463440.3036504,13120,5,LR,9.65745789630079e-05
1786463452.094956,13140,5,Loss/l_ce,0.59309983253479
1786463452.0952268,13140,5,Loss/l_total,0.59309983253479
1786463452.095253,13140,5,LR,9.65745789630079e-05
1786463467.4475245,13160,5,Loss/l_ce,0.08193683624267578
1786463467.4476957,13160,5,Loss/l_total,0.08193683624267578
1786463467.4477205,13160,5,LR,9.65745789630079e-05
1786463477.2364163,13180,5,Loss/l_ce,0.5747570991516113
1786463477.2365918,13180,5,Loss/l_total,0.5747570991516113
1786463477.236618,13180,5,LR,9.65745789630079e-05
1786463485.2473278,13200,5,Loss/l_ce,0.0877840518951416
1786463485.2474916,13200,5,Loss/l_total,0.0877840518951416
1786463485.2475164,13200,5,LR,9.65745789630079e-05
1786463494.79424,13220,5,Loss/l_ce,0.1202392578125
1786463494.7944133,13220,5,Loss/l_total,0.1202392578125
1786463494.7944467,13220,5,LR,9.65745789630079e-05
1786463514.6607392,13240,5,Loss/l_ce,0.08071184158325195
1786463514.6609979,13240,5,Loss/l_total,0.08071184158325195
1786463514.661055,13240,5,LR,9.65745789630079e-05
1786463533.1843753,13260,5,Loss/l_ce,0.27353811264038086
1786463533.1845665,13260,5,Loss/l_total,0.27353811264038086
1786463533.1845913,13260,5,LR,9.65745789630079e-05
1786463553.7907238,13280,5,Loss/l_ce,0.10227465629577637
1786463553.7909636,13280,5,Loss/l_total,0.10227465629577637
1786463553.7909875,13280,5,LR,9.65745789630079e-05
1786463575.8685312,13300,5,Loss/l_ce,0.10867571830749512
1786463575.8688045,13300,5,Loss/l_total,0.10867571830749512
1786463575.868828,13300,5,LR,9.65745789630079e-05
1786463598.507296,13320,5,Loss/l_ce,0.09839177131652832
1786463598.5074635,13320,5,Loss/l_total,0.09839177131652832
1786463598.5074918,13320,5,LR,9.65745789630079e-05
1786463621.5543187,13340,5,Loss/l_ce,0.10025525093078613
1786463621.554586,13340,5,Loss/l_total,0.10025525093078613
1786463621.5546107,13340,5,LR,9.65745789630079e-05
1786463652.1710267,13360,5,Loss/l_ce,0.34719395637512207
1786463652.1713746,13360,5,Loss/l_total,0.34719395637512207
1786463652.1714172,13360,5,LR,9.65745789630079e-05
1786463685.35775,13380,5,Loss/l_ce,0.09488296508789062
1786463685.3579934,13380,5,Loss/l_total,0.09488296508789062
1786463685.358022,13380,5,LR,9.65745789630079e-05
1786463714.5592272,13400,5,Loss/l_ce,0.06984257698059082
1786463714.5594337,13400,5,Loss/l_total,0.06984257698059082
1786463714.5594563,13400,5,LR,9.65745789630079e-05
1786463734.6053205,13420,5,Loss/l_ce,0.26411962509155273
1786463734.6054807,13420,5,Loss/l_total,0.26411962509155273
1786463734.6055043,13420,5,LR,9.65745789630079e-05
1786463768.117791,13440,5,Loss/l_ce,0.09658432006835938
1786463768.118012,13440,5,Loss/l_total,0.09658432006835938
1786463768.1180665,13440,5,LR,9.65745789630079e-05
1786463795.2428324,13460,5,Loss/l_ce,0.1312391757965088
1786463795.243096,13460,5,Loss/l_total,0.1312391757965088
1786463795.2433631,13460,5,LR,9.65745789630079e-05
1786463820.368352,13480,5,Loss/l_ce,0.10057950019836426
1786463820.3685431,13480,5,Loss/l_total,0.10057950019836426
1786463820.3685658,13480,5,LR,9.65745789630079e-05
1786463837.246285,13500,5,Loss/l_ce,0.12051057815551758
1786463837.2465224,13500,5,Loss/l_total,0.12051057815551758
1786463837.2465498,13500,5,LR,9.65745789630079e-05
1786463854.6978962,13520,5,Loss/l_ce,0.0966191291809082
1786463854.6981692,13520,5,Loss/l_total,0.0966191291809082
1786463854.6982,13520,5,LR,9.65745789630079e-05
1786463876.0642958,13540,5,Loss/l_ce,0.11364364624023438
1786463876.0644617,13540,5,Loss/l_total,0.11364364624023438
1786463876.0644855,13540,5,LR,9.65745789630079e-05
1786463902.2186072,13560,5,Loss/l_ce,0.17695379257202148
1786463902.2187946,13560,5,Loss/l_total,0.17695379257202148
1786463902.2188182,13560,5,LR,9.65745789630079e-05
1786463921.5168278,13580,5,Loss/l_ce,0.639631986618042
1786463921.5170584,13580,5,Loss/l_total,0.639631986618042
1786463921.5170867,13580,5,LR,9.65745789630079e-05
1786463947.805285,13600,5,Loss/l_ce,0.6565394401550293
1786463947.8054867,13600,5,Loss/l_total,0.6565394401550293
1786463947.8055117,13600,5,LR,9.65745789630079e-05
1786463981.1667154,13620,5,Loss/l_ce,0.13992094993591309
1786463981.1668804,13620,5,Loss/l_total,0.13992094993591309
1786463981.1669054,13620,5,LR,9.65745789630079e-05
1786464006.3063045,13640,5,Loss/l_ce,0.41589903831481934
1786464006.3064823,13640,5,Loss/l_total,0.41589903831481934
1786464006.3065062,13640,5,LR,9.65745789630079e-05
1786464036.88594,13660,5,Loss/l_ce,0.11962103843688965
1786464036.8861206,13660,5,Loss/l_total,0.11962103843688965
1786464036.886143,13660,5,LR,9.65745789630079e-05
1786464064.1206865,13680,5,Loss/l_ce,0.11151409149169922
1786464064.1208432,13680,5,Loss/l_total,0.11151409149169922
1786464064.1208684,13680,5,LR,9.65745789630079e-05
1786464097.136734,13700,5,Loss/l_ce,0.10469555854797363
1786464097.1369061,13700,5,Loss/l_total,0.10469555854797363
1786464097.13693,13700,5,LR,9.65745789630079e-05
1786464119.0063343,13720,5,Loss/l_ce,0.8059060573577881
1786464119.0065157,13720,5,Loss/l_total,0.8059060573577881
1786464119.0065382,13720,5,LR,9.65745789630079e-05
1786464153.176751,13740,5,Loss/l_ce,0.14144539833068848
1786464153.176937,13740,5,Loss/l_total,0.14144539833068848
1786464153.1769598,13740,5,LR,9.65745789630079e-05
1786464178.8871152,13760,5,Loss/l_ce,0.10644078254699707
1786464178.8873253,13760,5,Loss/l_total,0.10644078254699707
1786464178.8876173,13760,5,LR,9.65745789630079e-05
1786464206.91651,13780,5,Loss/l_ce,0.12537407875061035
1786464206.91673,13780,5,Loss/l_total,0.12537407875061035
1786464206.9169805,13780,5,LR,9.65745789630079e-05
1786464236.0211542,13800,5,Loss/l_ce,0.10954070091247559
1786464236.0213606,13800,5,Loss/l_total,0.10954070091247559
1786464236.0213869,13800,5,LR,9.65745789630079e-05
1786464257.851331,13820,5,Loss/l_ce,0.10707783699035645
1786464257.8515246,13820,5,Loss/l_total,0.10707783699035645
1786464257.8515484,13820,5,LR,9.65745789630079e-05
1786464286.4998443,13840,5,Loss/l_ce,0.07952404022216797
1786464286.500001,13840,5,Loss/l_total,0.07952404022216797
1786464286.5000474,13840,5,LR,9.65745789630079e-05
1786464309.3276887,13860,5,Loss/l_ce,0.11457180976867676
1786464309.3278894,13860,5,Loss/l_total,0.11457180976867676
1786464309.3279083,13860,5,LR,9.65745789630079e-05
1786464330.5651166,13880,5,Loss/l_ce,0.2597823143005371
1786464330.5652769,13880,5,Loss/l_total,0.2597823143005371
1786464330.565303,13880,5,LR,9.65745789630079e-05
1786464351.6574287,13900,5,Loss/l_ce,0.08397221565246582
1786464351.6576128,13900,5,Loss/l_total,0.08397221565246582
1786464351.6576414,13900,5,LR,9.65745789630079e-05
1786464375.6674578,13920,5,Loss/l_ce,0.08857178688049316
1786464375.667663,13920,5,Loss/l_total,0.08857178688049316
1786464375.667687,13920,5,LR,9.65745789630079e-05
1786464398.9198992,13940,5,Loss/l_ce,0.17662525177001953
1786464398.9200675,13940,5,Loss/l_total,0.17662525177001953
1786464398.9200926,13940,5,LR,9.65745789630079e-05
1786464421.8709075,13960,5,Loss/l_ce,0.10526847839355469
1786464421.8711143,13960,5,Loss/l_total,0.10526847839355469
1786464421.871138,13960,5,LR,9.65745789630079e-05
1786464460.1805727,13980,5,Loss/l_ce,0.16357183456420898
1786464460.1807709,13980,5,Loss/l_total,0.16357183456420898
1786464460.1807923,13980,5,LR,9.65745789630079e-05
1786464494.2870631,14000,5,Loss/l_ce,0.08636283874511719
1786464494.287298,14000,5,Loss/l_total,0.08636283874511719
1786464494.2873278,14000,5,LR,9.65745789630079e-05
1786464513.9372134,14020,5,Loss/l_ce,0.08546853065490723
1786464513.9373689,14020,5,Loss/l_total,0.08546853065490723
1786464513.9373877,14020,5,LR,9.65745789630079e-05
1786464526.1002986,14040,5,Loss/l_ce,0.10383772850036621
1786464526.1004636,14040,5,Loss/l_total,0.10383772850036621
1786464526.1004875,14040,5,LR,9.65745789630079e-05
1786464543.7090232,14060,5,Loss/l_ce,0.12053871154785156
1786464543.7092357,14060,5,Loss/l_total,0.12053871154785156
1786464543.7092712,14060,5,LR,9.65745789630079e-05
1786464573.017917,14080,5,Loss/l_ce,0.24115800857543945
1786464573.0182734,14080,5,Loss/l_total,0.24115800857543945
1786464573.0183005,14080,5,LR,9.65745789630079e-05
1786464594.0437393,14100,5,Loss/l_ce,0.10910892486572266
1786464594.0438938,14100,5,Loss/l_total,0.10910892486572266
1786464594.0439162,14100,5,LR,9.65745789630079e-05
1786464617.9831088,14120,5,Loss/l_ce,0.13126873970031738
1786464617.9832666,14120,5,Loss/l_total,0.13126873970031738
1786464617.9832892,14120,5,LR,9.65745789630079e-05
1786464633.241156,14140,5,Loss/l_ce,0.10442376136779785
1786464633.2413247,14140,5,Loss/l_total,0.10442376136779785
1786464633.2413497,14140,5,LR,9.65745789630079e-05
1786464651.7405534,14160,5,Loss/l_ce,0.08240580558776855
1786464651.740727,14160,5,Loss/l_total,0.08240580558776855
1786464651.740752,14160,5,LR,9.65745789630079e-05
1786464678.63176,14180,5,Loss/l_ce,0.1305389404296875
1786464678.6319368,14180,5,Loss/l_total,0.1305389404296875
1786464678.6319582,14180,5,LR,9.65745789630079e-05
1786464700.5362105,14200,5,Loss/l_ce,0.10974407196044922
1786464700.5363848,14200,5,Loss/l_total,0.10974407196044922
1786464700.5364063,14200,5,LR,9.65745789630079e-05
1786464733.7622972,14220,5,Loss/l_ce,0.7639288902282715
1786464733.762468,14220,5,Loss/l_total,0.7639288902282715
1786464733.7624905,14220,5,LR,9.65745789630079e-05
1786464767.0982175,14240,5,Loss/l_ce,0.22249197959899902
1786464767.0983813,14240,5,Loss/l_total,0.22249197959899902
1786464767.0984275,14240,5,LR,9.65745789630079e-05
1786464798.743177,14260,5,Loss/l_ce,0.12116384506225586
1786464798.74343,14260,5,Loss/l_total,0.12116384506225586
1786464798.7434502,14260,5,LR,9.65745789630079e-05
1786464823.5698452,14280,5,Loss/l_ce,0.11431694030761719
1786464823.5701077,14280,5,Loss/l_total,0.11431694030761719
1786464823.5701408,14280,5,LR,9.65745789630079e-05
1786464854.037218,14300,5,Loss/l_ce,0.12583065032958984
1786464854.0373774,14300,5,Loss/l_total,0.12583065032958984
1786464854.0373998,14300,5,LR,9.65745789630079e-05
1786464870.4739807,14320,5,Loss/l_ce,0.13125944137573242
1786464870.4741588,14320,5,Loss/l_total,0.13125944137573242
1786464870.4741838,14320,5,LR,9.65745789630079e-05
1786464892.9227347,14340,5,Loss/l_ce,0.0755462646484375
1786464892.9229069,14340,5,Loss/l_total,0.0755462646484375
1786464892.9229271,14340,5,LR,9.65745789630079e-05
1786464912.4637854,14360,5,Loss/l_ce,0.1368401050567627
1786464912.4639754,14360,5,Loss/l_total,0.1368401050567627
1786464912.4639966,14360,5,LR,9.65745789630079e-05
1786464935.046671,14380,5,Loss/l_ce,0.08042335510253906
1786464935.0468383,14380,5,Loss/l_total,0.08042335510253906
1786464935.0468643,14380,5,LR,9.65745789630079e-05
1786464953.2485719,14400,5,Loss/l_ce,0.15192747116088867
1786464953.2487533,14400,5,Loss/l_total,0.15192747116088867
1786464953.2487795,14400,5,LR,9.65745789630079e-05
1786464981.8552792,14420,5,Loss/l_ce,0.13693451881408691
1786464981.85543,14420,5,Loss/l_total,0.13693451881408691
1786464981.8554523,14420,5,LR,9.65745789630079e-05
1786465007.563626,14440,5,Loss/l_ce,0.11507916450500488
1786465007.5638158,14440,5,Loss/l_total,0.11507916450500488
1786465007.563842,14440,5,LR,9.65745789630079e-05
1786465030.86578,14460,5,Loss/l_ce,0.6460351943969727
1786465030.8659513,14460,5,Loss/l_total,0.6460351943969727
1786465030.8659725,14460,5,LR,9.65745789630079e-05
1786465062.3765798,14480,5,Loss/l_ce,0.09288930892944336
1786465062.3767936,14480,5,Loss/l_total,0.09288930892944336
1786465062.3768148,14480,5,LR,9.65745789630079e-05
1786465089.9219644,14500,5,Loss/l_ce,0.10467863082885742
1786465089.9221447,14500,5,Loss/l_total,0.10467863082885742
1786465089.9221733,14500,5,LR,9.65745789630079e-05
1786465112.3880718,14520,5,Loss/l_ce,0.15698575973510742
1786465112.3882356,14520,5,Loss/l_total,0.15698575973510742
1786465112.388263,14520,5,LR,9.65745789630079e-05
1786465146.1139276,14540,5,Loss/l_ce,0.13265180587768555
1786465146.1141486,14540,5,Loss/l_total,0.13265180587768555
1786465146.1141746,14540,5,LR,9.65745789630079e-05
1786465187.3197603,14560,5,Loss/l_ce,0.1136770248413086
1786465187.319942,14560,5,Loss/l_total,0.1136770248413086
1786465187.3199646,14560,5,LR,9.65745789630079e-05
1786465218.4733317,14580,5,Loss/l_ce,0.3673558235168457
1786465218.4735656,14580,5,Loss/l_total,0.3673558235168457
1786465218.4735856,14580,5,LR,9.65745789630079e-05
1786465241.8136075,14600,5,Loss/l_ce,0.08166193962097168
1786465241.8137488,14600,5,Loss/l_total,0.08166193962097168
1786465241.81377,14600,5,LR,9.65745789630079e-05
1786465268.4752493,14620,5,Loss/l_ce,0.08268380165100098
1786465268.475419,14620,5,Loss/l_total,0.08268380165100098
1786465268.475444,14620,5,LR,9.65745789630079e-05
1786465293.4397001,14640,5,Loss/l_ce,0.1150519847869873
1786465293.4399352,14640,5,Loss/l_total,0.1150519847869873
1786465293.4399564,14640,5,LR,9.65745789630079e-05
1786465320.8115978,14660,5,Loss/l_ce,0.0697784423828125
1786465320.8117568,14660,5,Loss/l_total,0.0697784423828125
1786465320.8117807,14660,5,LR,9.65745789630079e-05
1786465344.707238,14680,5,Loss/l_ce,0.4323549270629883
1786465344.7074053,14680,5,Loss/l_total,0.4323549270629883
1786465344.7074301,14680,5,LR,9.65745789630079e-05
1786465370.0097373,14700,5,Loss/l_ce,0.09417009353637695
1786465370.010059,14700,5,Loss/l_total,0.09417009353637695
1786465370.0103533,14700,5,LR,9.65745789630079e-05
1786465395.875427,14720,5,Loss/l_ce,0.08605122566223145
1786465395.8755913,14720,5,Loss/l_total,0.08605122566223145
1786465395.875642,14720,5,LR,9.65745789630079e-05
1786465430.0500681,14740,5,Loss/l_ce,0.11027145385742188
1786465430.0502203,14740,5,Loss/l_total,0.11027145385742188
1786465430.0502415,14740,5,LR,9.65745789630079e-05
1786465461.3757157,14760,5,Loss/l_ce,0.09554243087768555
1786465461.3758712,14760,5,Loss/l_total,0.09554243087768555
1786465461.3758914,14760,5,LR,9.65745789630079e-05
1786465493.2792943,14780,5,Loss/l_ce,0.1143636703491211
1786465493.279464,14780,5,Loss/l_total,0.1143636703491211
1786465493.2794852,14780,5,LR,9.65745789630079e-05
1786465521.6085374,14800,5,Loss/l_ce,0.3125157356262207
1786465521.608757,14800,5,Loss/l_total,0.3125157356262207
1786465521.6087844,14800,5,LR,9.65745789630079e-05
1786465544.685676,14820,5,Loss/l_ce,0.1002187728881836
1786465544.685879,14820,5,Loss/l_total,0.1002187728881836
1786465544.6859016,14820,5,LR,9.65745789630079e-05
1786465566.6408477,14840,5,Loss/l_ce,0.09737133979797363
1786465566.6410804,14840,5,Loss/l_total,0.09737133979797363
1786465566.6413531,14840,5,LR,9.65745789630079e-05
1786465591.9035609,14860,5,Loss/l_ce,0.11042165756225586
1786465591.903719,14860,5,Loss/l_total,0.11042165756225586
1786465591.9037426,14860,5,LR,9.65745789630079e-05
1786465625.5785143,14880,5,Loss/l_ce,0.0716848373413086
1786465625.5786805,14880,5,Loss/l_total,0.0716848373413086
1786465625.5787044,14880,5,LR,9.65745789630079e-05
1786465652.4565003,14900,5,Loss/l_ce,0.13219451904296875
1786465652.4566748,14900,5,Loss/l_total,0.13219451904296875
1786465652.456701,14900,5,LR,9.65745789630079e-05
1786465670.161351,14920,5,Loss/l_ce,2.8958241939544678
1786465670.1615636,14920,5,Loss/l_total,2.8958241939544678
1786465670.1615899,14920,5,LR,9.65745789630079e-05
1786465689.5088432,14940,5,Loss/l_ce,0.11874651908874512
1786465689.509027,14940,5,Loss/l_total,0.11874651908874512
1786465689.50909,14940,5,LR,9.65745789630079e-05
1786465723.044382,14960,5,Loss/l_ce,0.14905881881713867
1786465723.0445542,14960,5,Loss/l_total,0.14905881881713867
1786465723.0445745,14960,5,LR,9.65745789630079e-05
1786465743.2562532,14980,5,Loss/l_ce,0.07170939445495605
1786465743.256424,14980,5,Loss/l_total,0.07170939445495605
1786465743.2564504,14980,5,LR,9.65745789630079e-05
1786465757.403932,15000,5,Loss/l_ce,0.2291710376739502
1786465757.4041185,15000,5,Loss/l_total,0.2291710376739502
1786465757.4041445,15000,5,LR,9.65745789630079e-05
1786465770.7940023,15020,5,Loss/l_ce,0.13999724388122559
1786465770.794217,15020,5,Loss/l_total,0.13999724388122559
1786465770.7942443,15020,5,LR,9.65745789630079e-05
1786465780.7538652,15040,5,Loss/l_ce,0.12739348411560059
1786465780.754021,15040,5,Loss/l_total,0.12739348411560059
1786465780.754066,15040,5,LR,9.65745789630079e-05
1786465797.2842455,15060,5,Loss/l_ce,0.07383275032043457
1786465797.284432,15060,5,Loss/l_total,0.07383275032043457
1786465797.2844543,15060,5,LR,9.65745789630079e-05
1786465814.7831137,15080,5,Loss/l_ce,0.10383987426757812
1786465814.7832882,15080,5,Loss/l_total,0.10383987426757812
1786465814.783312,15080,5,LR,9.65745789630079e-05
1786465841.8254926,15100,5,Loss/l_ce,0.14243578910827637
1786465841.825679,15100,5,Loss/l_total,0.14243578910827637
1786465841.8257027,15100,5,LR,9.65745789630079e-05
1786465856.6620853,15120,5,Loss/l_ce,0.45676541328430176
1786465856.6622586,15120,5,Loss/l_total,0.45676541328430176
1786465856.6622837,15120,5,LR,9.65745789630079e-05
1786465871.347732,15140,5,Loss/l_ce,0.10852837562561035
1786465871.3479471,15140,5,Loss/l_total,0.10852837562561035
1786465871.3479705,15140,5,LR,9.65745789630079e-05
1786465893.155218,15160,5,Loss/l_ce,0.10505819320678711
1786465893.1553948,15160,5,Loss/l_total,0.10505819320678711
1786465893.1554186,15160,5,LR,9.65745789630079e-05
1786465907.3272367,15180,5,Loss/l_ce,0.15638995170593262
1786465907.3274517,15180,5,Loss/l_total,0.15638995170593262
1786465907.3274765,15180,5,LR,9.65745789630079e-05
1786465938.0296543,15200,5,Loss/l_ce,0.1302173137664795
1786465938.0299027,15200,5,Loss/l_total,0.1302173137664795
1786465938.029926,15200,5,LR,9.65745789630079e-05
1786465967.129609,15220,5,Loss/l_ce,0.10899758338928223
1786465967.129785,15220,5,Loss/l_total,0.10899758338928223
1786465967.129805,15220,5,LR,9.65745789630079e-05
1786465997.5656211,15240,5,Loss/l_ce,1.2430925369262695
1786465997.5658526,15240,5,Loss/l_total,1.2430925369262695
1786465997.5658755,15240,5,LR,9.65745789630079e-05
1786466024.1079705,15260,5,Loss/l_ce,0.08034658432006836
1786466024.1081808,15260,5,Loss/l_total,0.08034658432006836
1786466024.1082067,15260,5,LR,9.65745789630079e-05
1786466049.3338227,15280,5,Loss/l_ce,0.18871092796325684
1786466049.3339996,15280,5,Loss/l_total,0.18871092796325684
1786466049.334022,15280,5,LR,9.65745789630079e-05
1786466076.3157482,15300,5,Loss/l_ce,0.05887246131896973
1786466076.3159106,15300,5,Loss/l_total,0.05887246131896973
1786466076.3159318,15300,5,LR,9.65745789630079e-05
1786466214.2017317,15300,5,Val/avg_error,0.00967953260987997
1786466214.2020116,15300,5,Val/acc,0.84990234375
1786466214.2020664,15300,5,Val/sparse_auc,0.9228138316761364
1786466214.2020876,15300,5,Val/sparse_pck_max,0.1
1786466214.2023892,15300,5,Val/sparse_pck_n,100.0
1786466243.3152046,15320,6,Loss/l_ce,0.12695956230163574
1786466243.3153648,15320,6,Loss/l_total,0.12695956230163574
1786466243.315391,15320,6,LR,9.509529358847654e-05
1786466266.8384905,15340,6,Loss/l_ce,1.1617121696472168
1786466266.838665,15340,6,Loss/l_total,1.1617121696472168
1786466266.8386898,15340,6,LR,9.509529358847654e-05
1786466291.6396327,15360,6,Loss/l_ce,0.1425795555114746
1786466291.6398108,15360,6,Loss/l_total,0.1425795555114746
1786466291.6398356,15360,6,LR,9.509529358847654e-05
1786466306.4721143,15380,6,Loss/l_ce,0.14768600463867188
1786466306.4723234,15380,6,Loss/l_total,0.14768600463867188
1786466306.4723485,15380,6,LR,9.509529358847654e-05
1786466332.7552063,15400,6,Loss/l_ce,0.12539219856262207
1786466332.7553656,15400,6,Loss/l_total,0.12539219856262207
1786466332.7553904,15400,6,LR,9.509529358847654e-05
1786466348.9979544,15420,6,Loss/l_ce,0.08872747421264648
1786466348.9981313,15420,6,Loss/l_total,0.08872747421264648
1786466348.9981573,15420,6,LR,9.509529358847654e-05
1786466371.4764278,15440,6,Loss/l_ce,0.10120010375976562
1786466371.4766142,15440,6,Loss/l_total,0.10120010375976562
1786466371.476639,15440,6,LR,9.509529358847654e-05
1786466391.3881378,15460,6,Loss/l_ce,0.08607292175292969
1786466391.3884346,15460,6,Loss/l_total,0.08607292175292969
1786466391.3884883,15460,6,LR,9.509529358847654e-05
1786466416.0196052,15480,6,Loss/l_ce,0.11224627494812012
1786466416.019857,15480,6,Loss/l_total,0.11224627494812012
1786466416.0198808,15480,6,LR,9.509529358847654e-05
1786466431.6015563,15500,6,Loss/l_ce,0.13311100006103516
1786466431.6017616,15500,6,Loss/l_total,0.13311100006103516
1786466431.6017911,15500,6,LR,9.509529358847654e-05
1786466450.797268,15520,6,Loss/l_ce,0.33528971672058105
1786466450.7975006,15520,6,Loss/l_total,0.33528971672058105
1786466450.7975304,15520,6,LR,9.509529358847654e-05
1786466471.1784565,15540,6,Loss/l_ce,0.09920620918273926
1786466471.1786582,15540,6,Loss/l_total,0.09920620918273926
1786466471.1786857,15540,6,LR,9.509529358847654e-05
1786466492.218216,15560,6,Loss/l_ce,0.6377060413360596
1786466492.218387,15560,6,Loss/l_total,0.6377060413360596
1786466492.2184117,15560,6,LR,9.509529358847654e-05
1786466515.6379316,15580,6,Loss/l_ce,0.09314346313476562
1786466515.6385357,15580,6,Loss/l_total,0.09314346313476562
1786466515.638576,15580,6,LR,9.509529358847654e-05
1786466537.3574638,15600,6,Loss/l_ce,0.1395552158355713
1786466537.3576539,15600,6,Loss/l_total,0.1395552158355713
1786466537.3576753,15600,6,LR,9.509529358847654e-05
1786466560.2507386,15620,6,Loss/l_ce,0.06420707702636719
1786466560.2509048,15620,6,Loss/l_total,0.06420707702636719
1786466560.2509322,15620,6,LR,9.509529358847654e-05
1786466583.1967487,15640,6,Loss/l_ce,0.4829578399658203
1786466583.1968973,15640,6,Loss/l_total,0.4829578399658203
1786466583.19692,15640,6,LR,9.509529358847654e-05
1786466607.1742444,15660,6,Loss/l_ce,0.10125732421875
1786466607.1744616,15660,6,Loss/l_total,0.10125732421875
1786466607.1744843,15660,6,LR,9.509529358847654e-05
1786466629.556206,15680,6,Loss/l_ce,0.12510895729064941
1786466629.5564387,15680,6,Loss/l_total,0.12510895729064941
1786466629.5564625,15680,6,LR,9.509529358847654e-05
1786466646.6922305,15700,6,Loss/l_ce,0.11535310745239258
1786466646.6924226,15700,6,Loss/l_total,0.11535310745239258
1786466646.6924489,15700,6,LR,9.509529358847654e-05
1786466667.0180552,15720,6,Loss/l_ce,0.08034920692443848
1786466667.0182106,15720,6,Loss/l_total,0.08034920692443848
1786466667.018233,15720,6,LR,9.509529358847654e-05
1786466696.2899823,15740,6,Loss/l_ce,0.10367393493652344
1786466696.2902303,15740,6,Loss/l_total,0.10367393493652344
1786466696.2902586,15740,6,LR,9.509529358847654e-05
1786466718.9967866,15760,6,Loss/l_ce,0.09940004348754883
1786466718.996979,15760,6,Loss/l_total,0.09940004348754883
1786466718.9970016,15760,6,LR,9.509529358847654e-05
1786466749.8270054,15780,6,Loss/l_ce,0.08794760704040527
1786466749.8271883,15780,6,Loss/l_total,0.08794760704040527
1786466749.8272133,15780,6,LR,9.509529358847654e-05
1786466763.654364,15800,6,Loss/l_ce,0.763646125793457
1786466763.6545541,15800,6,Loss/l_total,0.763646125793457
1786466763.6545744,15800,6,LR,9.509529358847654e-05
1786466788.9618473,15820,6,Loss/l_ce,0.10436677932739258
1786466788.9620278,15820,6,Loss/l_total,0.10436677932739258
1786466788.962072,15820,6,LR,9.509529358847654e-05
1786466800.8866396,15840,6,Loss/l_ce,0.09958124160766602
1786466800.886801,15840,6,Loss/l_total,0.09958124160766602
1786466800.886827,15840,6,LR,9.509529358847654e-05
1786466808.3349948,15860,6,Loss/l_ce,0.11212015151977539
1786466808.3351657,15860,6,Loss/l_total,0.11212015151977539
1786466808.3351917,15860,6,LR,9.509529358847654e-05
1786466819.9778883,15880,6,Loss/l_ce,0.12271428108215332
1786466819.978076,15880,6,Loss/l_total,0.12271428108215332
1786466819.978102,15880,6,LR,9.509529358847654e-05
1786466836.8720036,15900,6,Loss/l_ce,0.11676907539367676
1786466836.8722007,15900,6,Loss/l_total,0.11676907539367676
1786466836.8722267,15900,6,LR,9.509529358847654e-05
1786466850.452608,15920,6,Loss/l_ce,0.14269256591796875
1786466850.4527931,15920,6,Loss/l_total,0.14269256591796875
1786466850.4528313,15920,6,LR,9.509529358847654e-05
1786466868.963663,15940,6,Loss/l_ce,0.12479877471923828
1786466868.9638472,15940,6,Loss/l_total,0.12479877471923828
1786466868.963871,15940,6,LR,9.509529358847654e-05
1786466881.0121198,15960,6,Loss/l_ce,0.6014776229858398
1786466881.0122848,15960,6,Loss/l_total,0.6014776229858398
1786466881.0123107,15960,6,LR,9.509529358847654e-05
1786466896.952608,15980,6,Loss/l_ce,0.148390531539917
1786466896.9527707,15980,6,Loss/l_total,0.148390531539917
1786466896.9527943,15980,6,LR,9.509529358847654e-05
1786466908.479643,16000,6,Loss/l_ce,0.09276580810546875
1786466908.4797976,16000,6,Loss/l_total,0.09276580810546875
1786466908.4798188,16000,6,LR,9.509529358847654e-05
1786466920.8635385,16020,6,Loss/l_ce,0.11997413635253906
1786466920.863948,16020,6,Loss/l_total,0.11997413635253906
1786466920.8641975,16020,6,LR,9.509529358847654e-05
1786466939.4642754,16040,6,Loss/l_ce,0.08346962928771973
1786466939.4644952,16040,6,Loss/l_total,0.08346962928771973
1786466939.46452,16040,6,LR,9.509529358847654e-05
1786466946.1892872,16060,6,Loss/l_ce,0.12690448760986328
1786466946.189465,16060,6,Loss/l_total,0.12690448760986328
1786466946.189489,16060,6,LR,9.509529358847654e-05
1786466971.212381,16080,6,Loss/l_ce,0.08713245391845703
1786466971.212641,16080,6,Loss/l_total,0.08713245391845703
1786466971.2126637,16080,6,LR,9.509529358847654e-05
1786466994.9379842,16100,6,Loss/l_ce,0.08036613464355469
1786466994.938825,16100,6,Loss/l_total,0.08036613464355469
1786466994.9388475,16100,6,LR,9.509529358847654e-05
1786467016.879589,16120,6,Loss/l_ce,0.10573887825012207
1786467016.879758,16120,6,Loss/l_total,0.10573887825012207
1786467016.8797803,16120,6,LR,9.509529358847654e-05
1786467043.9318635,16140,6,Loss/l_ce,0.07397270202636719
1786467043.9322686,16140,6,Loss/l_total,0.07397270202636719
1786467043.9322994,16140,6,LR,9.509529358847654e-05
1786467065.0816298,16160,6,Loss/l_ce,0.14798378944396973
1786467065.0818434,16160,6,Loss/l_total,0.14798378944396973
1786467065.081872,16160,6,LR,9.509529358847654e-05
1786467086.5922592,16180,6,Loss/l_ce,0.23835206031799316
1786467086.5924575,16180,6,Loss/l_total,0.23835206031799316
1786467086.5924847,16180,6,LR,9.509529358847654e-05
1786467113.1821663,16200,6,Loss/l_ce,0.1259777545928955
1786467113.1824276,16200,6,Loss/l_total,0.1259777545928955
1786467113.184103,16200,6,LR,9.509529358847654e-05
1786467138.5068405,16220,6,Loss/l_ce,0.12124395370483398
1786467138.5070636,16220,6,Loss/l_total,0.12124395370483398
1786467138.5088494,16220,6,LR,9.509529358847654e-05
1786467159.7440205,16240,6,Loss/l_ce,0.09644794464111328
1786467159.7442448,16240,6,Loss/l_total,0.09644794464111328
1786467159.7442744,16240,6,LR,9.509529358847654e-05
1786467184.9016266,16260,6,Loss/l_ce,0.15776443481445312
1786467184.9018,16260,6,Loss/l_total,0.15776443481445312
1786467184.9018202,16260,6,LR,9.509529358847654e-05
1786467210.2803361,16280,6,Loss/l_ce,0.1287527084350586
1786467210.2805095,16280,6,Loss/l_total,0.1287527084350586
1786467210.2805345,16280,6,LR,9.509529358847654e-05
1786467230.5537462,16300,6,Loss/l_ce,3.0741384029388428
1786467230.5540774,16300,6,Loss/l_total,3.0741384029388428
1786467230.5541046,16300,6,LR,9.509529358847654e-05
1786467253.579863,16320,6,Loss/l_ce,0.07700157165527344
1786467253.5802002,16320,6,Loss/l_total,0.07700157165527344
1786467253.58023,16320,6,LR,9.509529358847654e-05
1786467276.0958154,16340,6,Loss/l_ce,0.08168578147888184
1786467276.0960135,16340,6,Loss/l_total,0.08168578147888184
1786467276.0960672,16340,6,LR,9.509529358847654e-05
1786467298.0948055,16360,6,Loss/l_ce,0.25884079933166504
1786467298.095056,16360,6,Loss/l_total,0.25884079933166504
1786467298.0951083,16360,6,LR,9.509529358847654e-05
1786467313.4122922,16380,6,Loss/l_ce,0.1784505844116211
1786467313.4124691,16380,6,Loss/l_total,0.1784505844116211
1786467313.4124928,16380,6,LR,9.509529358847654e-05
1786467339.159641,16400,6,Loss/l_ce,0.3009767532348633
1786467339.1598597,16400,6,Loss/l_total,0.3009767532348633
1786467339.1598823,16400,6,LR,9.509529358847654e-05
1786467360.9062777,16420,6,Loss/l_ce,0.15600323677062988
1786467360.9064963,16420,6,Loss/l_total,0.15600323677062988
1786467360.906521,16420,6,LR,9.509529358847654e-05
1786467386.3078837,16440,6,Loss/l_ce,0.09293532371520996
1786467386.3080702,16440,6,Loss/l_total,0.09293532371520996
1786467386.3080926,16440,6,LR,9.509529358847654e-05
1786467405.6059558,16460,6,Loss/l_ce,0.13932466506958008
1786467405.6061661,16460,6,Loss/l_total,0.13932466506958008
1786467405.6061947,16460,6,LR,9.509529358847654e-05
1786467427.3488905,16480,6,Loss/l_ce,0.1011953353881836
1786467427.3563042,16480,6,Loss/l_total,0.1011953353881836
1786467427.358268,16480,6,LR,9.509529358847654e-05
1786467457.5217767,16500,6,Loss/l_ce,0.199127197265625
1786467457.521976,16500,6,Loss/l_total,0.199127197265625
1786467457.5220008,16500,6,LR,9.509529358847654e-05
1786467480.4879384,16520,6,Loss/l_ce,0.1995854377746582
1786467480.4881606,16520,6,Loss/l_total,0.1995854377746582
1786467480.488184,16520,6,LR,9.509529358847654e-05
1786467506.180216,16540,6,Loss/l_ce,0.17362236976623535
1786467506.1804335,16540,6,Loss/l_total,0.17362236976623535
1786467506.1804595,16540,6,LR,9.509529358847654e-05
1786467524.035211,16560,6,Loss/l_ce,0.13390064239501953
1786467524.0353937,16560,6,Loss/l_total,0.13390064239501953
1786467524.03542,16560,6,LR,9.509529358847654e-05
1786467554.6747508,16580,6,Loss/l_ce,0.18181562423706055
1786467554.674951,16580,6,Loss/l_total,0.18181562423706055
1786467554.674975,16580,6,LR,9.509529358847654e-05
1786467578.5932593,16600,6,Loss/l_ce,0.09816980361938477
1786467578.5934386,16600,6,Loss/l_total,0.09816980361938477
1786467578.5934613,16600,6,LR,9.509529358847654e-05
1786467609.0147479,16620,6,Loss/l_ce,0.12420082092285156
1786467609.0149734,16620,6,Loss/l_total,0.12420082092285156
1786467609.0149937,16620,6,LR,9.509529358847654e-05
1786467627.4551983,16640,6,Loss/l_ce,0.11011362075805664
1786467627.4554381,16640,6,Loss/l_total,0.11011362075805664
1786467627.455463,16640,6,LR,9.509529358847654e-05
1786467652.9407182,16660,6,Loss/l_ce,0.08376622200012207
1786467652.9409034,16660,6,Loss/l_total,0.08376622200012207
1786467652.9409273,16660,6,LR,9.509529358847654e-05
1786467680.6252565,16680,6,Loss/l_ce,0.08922767639160156
1786467680.6254144,16680,6,Loss/l_total,0.08922767639160156
1786467680.6254356,16680,6,LR,9.509529358847654e-05
1786467699.9416053,16700,6,Loss/l_ce,0.12634778022766113
1786467699.9417763,16700,6,Loss/l_total,0.12634778022766113
1786467699.9418015,16700,6,LR,9.509529358847654e-05
1786467718.8245666,16720,6,Loss/l_ce,0.09760212898254395
1786467718.8247483,16720,6,Loss/l_total,0.09760212898254395
1786467718.824773,16720,6,LR,9.509529358847654e-05
1786467742.4797437,16740,6,Loss/l_ce,0.13129830360412598
1786467742.4799693,16740,6,Loss/l_total,0.13129830360412598
1786467742.4799907,16740,6,LR,9.509529358847654e-05
1786467764.3274,16760,6,Loss/l_ce,0.21804547309875488
1786467764.3276672,16760,6,Loss/l_total,0.21804547309875488
1786467764.3276896,16760,6,LR,9.509529358847654e-05
1786467788.3139818,16780,6,Loss/l_ce,0.08772063255310059
1786467788.3142512,16780,6,Loss/l_total,0.08772063255310059
1786467788.3142774,16780,6,LR,9.509529358847654e-05
1786467809.2707489,16800,6,Loss/l_ce,0.282390832901001
1786467809.2709947,16800,6,Loss/l_total,0.282390832901001
1786467809.2710233,16800,6,LR,9.509529358847654e-05
1786467829.6643448,16820,6,Loss/l_ce,0.13062667846679688
1786467829.6645348,16820,6,Loss/l_total,0.13062667846679688
1786467829.6645586,16820,6,LR,9.509529358847654e-05
1786467849.237145,16840,6,Loss/l_ce,0.13643169403076172
1786467849.237387,16840,6,Loss/l_total,0.13643169403076172
1786467849.2374096,16840,6,LR,9.509529358847654e-05
1786467877.4649785,16860,6,Loss/l_ce,0.12659025192260742
1786467877.4652076,16860,6,Loss/l_total,0.12659025192260742
1786467877.46523,16860,6,LR,9.509529358847654e-05
1786467912.2903998,16880,6,Loss/l_ce,0.10256743431091309
1786467912.290586,16880,6,Loss/l_total,0.10256743431091309
1786467912.2906113,16880,6,LR,9.509529358847654e-05
1786467982.0685081,16900,6,Loss/l_ce,0.13097214698791504
1786467982.0687149,16900,6,Loss/l_total,0.13097214698791504
1786467982.0687408,16900,6,LR,9.509529358847654e-05
1786468048.4550977,16920,6,Loss/l_ce,0.0858161449432373
1786468048.4552767,16920,6,Loss/l_total,0.0858161449432373
1786468048.4553056,16920,6,LR,9.509529358847654e-05
1786468055.2543807,16940,6,Loss/l_ce,0.11246418952941895
1786468055.2545433,16940,6,Loss/l_total,0.11246418952941895
1786468055.2545671,16940,6,LR,9.509529358847654e-05
1786468062.845808,16960,6,Loss/l_ce,0.10918593406677246
1786468062.8459992,16960,6,Loss/l_total,0.10918593406677246
1786468062.8460255,16960,6,LR,9.509529358847654e-05
1786468071.1448407,16980,6,Loss/l_ce,0.35778093338012695
1786468071.1451018,16980,6,Loss/l_total,0.35778093338012695
1786468071.1451292,16980,6,LR,9.509529358847654e-05
1786468081.978851,17000,6,Loss/l_ce,0.6169605255126953
1786468081.97918,17000,6,Loss/l_total,0.6169605255126953
1786468081.9792097,17000,6,LR,9.509529358847654e-05
1786468095.7176158,17020,6,Loss/l_ce,0.10956287384033203
1786468095.7178261,17020,6,Loss/l_total,0.10956287384033203
1786468095.71785,17020,6,LR,9.509529358847654e-05
1786468107.474238,17040,6,Loss/l_ce,0.1564483642578125
1786468107.4744503,17040,6,Loss/l_total,0.1564483642578125
1786468107.4744766,17040,6,LR,9.509529358847654e-05
1786468116.2585695,17060,6,Loss/l_ce,0.13767504692077637
1786468116.2587261,17060,6,Loss/l_total,0.13767504692077637
1786468116.2587488,17060,6,LR,9.509529358847654e-05
1786468126.0015922,17080,6,Loss/l_ce,0.12079191207885742
1786468126.0018249,17080,6,Loss/l_total,0.12079191207885742
1786468126.00185,17080,6,LR,9.509529358847654e-05
1786468140.0486338,17100,6,Loss/l_ce,0.16602373123168945
1786468140.048906,17100,6,Loss/l_total,0.16602373123168945
1786468140.048931,17100,6,LR,9.509529358847654e-05
1786468157.9370484,17120,6,Loss/l_ce,0.08524823188781738
1786468157.9372737,17120,6,Loss/l_total,0.08524823188781738
1786468157.9372976,17120,6,LR,9.509529358847654e-05
1786468172.1517327,17140,6,Loss/l_ce,0.15871548652648926
1786468172.1519394,17140,6,Loss/l_total,0.15871548652648926
1786468172.1519644,17140,6,LR,9.509529358847654e-05
1786468181.8918858,17160,6,Loss/l_ce,0.0844876766204834
1786468181.8920996,17160,6,Loss/l_total,0.0844876766204834
1786468181.892128,17160,6,LR,9.509529358847654e-05
1786468205.69098,17180,6,Loss/l_ce,0.13549208641052246
1786468205.6912413,17180,6,Loss/l_total,0.13549208641052246
1786468205.6912696,17180,6,LR,9.509529358847654e-05
1786468228.7822528,17200,6,Loss/l_ce,0.07253026962280273
1786468228.782463,17200,6,Loss/l_total,0.07253026962280273
1786468228.7824867,17200,6,LR,9.509529358847654e-05
1786468282.8236427,17220,6,Loss/l_ce,0.08163309097290039
1786468282.8238907,17220,6,Loss/l_total,0.08163309097290039
1786468282.8239157,17220,6,LR,9.509529358847654e-05
1786468358.251235,17240,6,Loss/l_ce,0.7477617263793945
1786468358.2514205,17240,6,Loss/l_total,0.7477617263793945
1786468358.2514443,17240,6,LR,9.509529358847654e-05
1786468401.9900784,17260,6,Loss/l_ce,0.1088552474975586
1786468401.9902613,17260,6,Loss/l_total,0.1088552474975586
1786468401.9902873,17260,6,LR,9.509529358847654e-05
1786468421.4270663,17280,6,Loss/l_ce,0.11922645568847656
1786468421.427261,17280,6,Loss/l_total,0.11922645568847656
1786468421.4272933,17280,6,LR,9.509529358847654e-05
1786468483.1570933,17300,6,Loss/l_ce,0.0884103775024414
1786468483.1573036,17300,6,Loss/l_total,0.0884103775024414
1786468483.157331,17300,6,LR,9.509529358847654e-05
1786468554.9862366,17320,6,Loss/l_ce,0.21741437911987305
1786468554.9864125,17320,6,Loss/l_total,0.21741437911987305
1786468554.9864612,17320,6,LR,9.509529358847654e-05
1786468600.6725702,17340,6,Loss/l_ce,0.10116362571716309
1786468600.672792,17340,6,Loss/l_total,0.10116362571716309
1786468600.6730828,17340,6,LR,9.509529358847654e-05
1786468628.1938436,17360,6,Loss/l_ce,0.13899707794189453
1786468628.1940644,17360,6,Loss/l_total,0.13899707794189453
1786468628.194087,17360,6,LR,9.509529358847654e-05
1786468649.012438,17380,6,Loss/l_ce,0.08960676193237305
1786468649.0125983,17380,6,Loss/l_total,0.08960676193237305
1786468649.0126195,17380,6,LR,9.509529358847654e-05
1786468666.3715515,17400,6,Loss/l_ce,0.19638919830322266
1786468666.371752,17400,6,Loss/l_total,0.19638919830322266
1786468666.3717756,17400,6,LR,9.509529358847654e-05
1786468690.230277,17420,6,Loss/l_ce,0.0943608283996582
1786468690.2304387,17420,6,Loss/l_total,0.0943608283996582
1786468690.230459,17420,6,LR,9.509529358847654e-05
1786468710.1509724,17440,6,Loss/l_ce,0.10955452919006348
1786468710.1512146,17440,6,Loss/l_total,0.10955452919006348
1786468710.151241,17440,6,LR,9.509529358847654e-05
1786468744.8682935,17460,6,Loss/l_ce,0.07613706588745117
1786468744.8685062,17460,6,Loss/l_total,0.07613706588745117
1786468744.868537,17460,6,LR,9.509529358847654e-05
1786468810.278678,17480,6,Loss/l_ce,0.08767461776733398
1786468810.2788978,17480,6,Loss/l_total,0.08767461776733398
1786468810.2789297,17480,6,LR,9.509529358847654e-05
1786468888.6912043,17500,6,Loss/l_ce,0.0990138053894043
1786468888.691487,17500,6,Loss/l_total,0.0990138053894043
1786468888.6915166,17500,6,LR,9.509529358847654e-05
1786468910.7291596,17520,6,Loss/l_ce,0.1349334716796875
1786468910.729314,17520,6,Loss/l_total,0.1349334716796875
1786468910.7293332,17520,6,LR,9.509529358847654e-05
1786468940.3640902,17540,6,Loss/l_ce,0.10416316986083984
1786468940.3642907,17540,6,Loss/l_total,0.10416316986083984
1786468940.3643146,17540,6,LR,9.509529358847654e-05
1786468956.7190726,17560,6,Loss/l_ce,0.08598709106445312
1786468956.719246,17560,6,Loss/l_total,0.08598709106445312
1786468956.7192733,17560,6,LR,9.509529358847654e-05
1786468979.2102108,17580,6,Loss/l_ce,0.12604880332946777
1786468979.2103984,17580,6,Loss/l_total,0.12604880332946777
1786468979.210421,17580,6,LR,9.509529358847654e-05
1786469002.6598895,17600,6,Loss/l_ce,0.11566758155822754
1786469002.6600673,17600,6,Loss/l_total,0.11566758155822754
1786469002.6600912,17600,6,LR,9.509529358847654e-05
1786469026.362764,17620,6,Loss/l_ce,0.0760500431060791
1786469026.3628943,17620,6,Loss/l_total,0.0760500431060791
1786469026.3629146,17620,6,LR,9.509529358847654e-05
1786469048.053481,17640,6,Loss/l_ce,0.0793004035949707
1786469048.053677,17640,6,Loss/l_total,0.0793004035949707
1786469048.0536995,17640,6,LR,9.509529358847654e-05
1786469070.7939827,17660,6,Loss/l_ce,0.08597588539123535
1786469070.7941668,17660,6,Loss/l_total,0.08597588539123535
1786469070.7941942,17660,6,LR,9.509529358847654e-05
1786469093.2860756,17680,6,Loss/l_ce,0.18987083435058594
1786469093.286249,17680,6,Loss/l_total,0.18987083435058594
1786469093.286274,17680,6,LR,9.509529358847654e-05
1786469120.0507605,17700,6,Loss/l_ce,0.1135871410369873
1786469120.050948,17700,6,Loss/l_total,0.1135871410369873
1786469120.0509717,17700,6,LR,9.509529358847654e-05
1786469142.411422,17720,6,Loss/l_ce,0.06831097602844238
1786469142.4115975,17720,6,Loss/l_total,0.06831097602844238
1786469142.4116213,17720,6,LR,9.509529358847654e-05
1786469169.237022,17740,6,Loss/l_ce,0.2278735637664795
1786469169.2371907,17740,6,Loss/l_total,0.2278735637664795
1786469169.2372167,17740,6,LR,9.509529358847654e-05
1786469192.4224975,17760,6,Loss/l_ce,0.07592582702636719
1786469192.422692,17760,6,Loss/l_total,0.07592582702636719
1786469192.422715,17760,6,LR,9.509529358847654e-05
1786469223.2156882,17780,6,Loss/l_ce,0.1334545612335205
1786469223.2159424,17780,6,Loss/l_total,0.1334545612335205
1786469223.2159672,17780,6,LR,9.509529358847654e-05
1786469250.5968804,17800,6,Loss/l_ce,0.3493618965148926
1786469250.5971036,17800,6,Loss/l_total,0.3493618965148926
1786469250.5971298,17800,6,LR,9.509529358847654e-05
1786469272.8630676,17820,6,Loss/l_ce,0.1016225814819336
1786469272.8632505,17820,6,Loss/l_total,0.1016225814819336
1786469272.863273,17820,6,LR,9.509529358847654e-05
1786469289.7138522,17840,6,Loss/l_ce,0.08954381942749023
1786469289.7141786,17840,6,Loss/l_total,0.08954381942749023
1786469289.7142034,17840,6,LR,9.509529358847654e-05
1786469436.4831412,17850,6,Val/avg_error,0.010580629110336304
1786469436.483457,17850,6,Val/acc,0.8361328125
1786469436.4834855,17850,6,Val/sparse_auc,0.9156474412089647
1786469436.483507,17850,6,Val/sparse_pck_max,0.1
1786469436.483526,17850,6,Val/sparse_pck_n,100.0
1786469444.9450808,17860,7,Loss/l_ce,0.13846874237060547
1786469444.945291,17860,7,Loss/l_total,0.13846874237060547
1786469444.9453182,17860,7,LR,9.336880739593415e-05
1786469461.798912,17880,7,Loss/l_ce,0.08028960227966309
1786469461.7991755,17880,7,Loss/l_total,0.08028960227966309
1786469461.7992005,17880,7,LR,9.336880739593415e-05
1786469512.3261497,17900,7,Loss/l_ce,0.11535453796386719
1786469512.3264108,17900,7,Loss/l_total,0.11535453796386719
1786469512.3264403,17900,7,LR,9.336880739593415e-05
1786469574.7794554,17920,7,Loss/l_ce,0.09583687782287598
1786469574.7797298,17920,7,Loss/l_total,0.09583687782287598
1786469574.7797596,17920,7,LR,9.336880739593415e-05
1786469623.1393864,17940,7,Loss/l_ce,0.11303901672363281
1786469623.1396155,17940,7,Loss/l_total,0.11303901672363281
1786469623.139643,17940,7,LR,9.336880739593415e-05
1786469632.329483,17960,7,Loss/l_ce,0.10835385322570801
1786469632.3296683,17960,7,Loss/l_total,0.10835385322570801
1786469632.329692,17960,7,LR,9.336880739593415e-05
1786469661.1819658,17980,7,Loss/l_ce,0.0979921817779541
1786469661.1821973,17980,7,Loss/l_total,0.0979921817779541
1786469661.1822224,17980,7,LR,9.336880739593415e-05
1786469681.3344133,18000,7,Loss/l_ce,0.06332755088806152
1786469681.334575,18000,7,Loss/l_total,0.06332755088806152
1786469681.3345938,18000,7,LR,9.336880739593415e-05
1786469700.756758,18020,7,Loss/l_ce,0.16254758834838867
1786469700.7569504,18020,7,Loss/l_total,0.16254758834838867
1786469700.75698,18020,7,LR,9.336880739593415e-05
1786469714.5736108,18040,7,Loss/l_ce,0.1555314064025879
1786469714.5737853,18040,7,Loss/l_total,0.1555314064025879
1786469714.5738103,18040,7,LR,9.336880739593415e-05
1786469736.837091,18060,7,Loss/l_ce,0.07383513450622559
1786469736.8372574,18060,7,Loss/l_total,0.07383513450622559
1786469736.837281,18060,7,LR,9.336880739593415e-05
1786469752.0686772,18080,7,Loss/l_ce,0.1513810157775879
1786469752.068827,18080,7,Loss/l_total,0.1513810157775879
1786469752.0688505,18080,7,LR,9.336880739593415e-05
1786469778.37482,18100,7,Loss/l_ce,0.07935833930969238
1786469778.374997,18100,7,Loss/l_total,0.07935833930969238
1786469778.3750172,18100,7,LR,9.336880739593415e-05
1786469803.2401342,18120,7,Loss/l_ce,0.11490583419799805
1786469803.2402966,18120,7,Loss/l_total,0.11490583419799805
1786469803.2403204,18120,7,LR,9.336880739593415e-05
1786469831.59299,18140,7,Loss/l_ce,0.10994338989257812
1786469831.5932074,18140,7,Loss/l_total,0.10994338989257812
1786469831.5932312,18140,7,LR,9.336880739593415e-05
1786469860.347153,18160,7,Loss/l_ce,0.10125398635864258
1786469860.3473308,18160,7,Loss/l_total,0.10125398635864258
1786469860.3473713,18160,7,LR,9.336880739593415e-05
1786469884.1909442,18180,7,Loss/l_ce,0.5065305233001709
1786469884.191196,18180,7,Loss/l_total,0.5065305233001709
1786469884.1912186,18180,7,LR,9.336880739593415e-05
1786469916.3612797,18200,7,Loss/l_ce,0.08364558219909668
1786469916.36153,18200,7,Loss/l_total,0.08364558219909668
1786469916.3615587,18200,7,LR,9.336880739593415e-05
1786469935.94962,18220,7,Loss/l_ce,1.2287938594818115
1786469935.9498277,18220,7,Loss/l_total,1.2287938594818115
1786469935.9498537,18220,7,LR,9.336880739593415e-05
1786469957.1189742,18240,7,Loss/l_ce,0.11415648460388184
1786469957.1192284,18240,7,Loss/l_total,0.11415648460388184
1786469957.1192546,18240,7,LR,9.336880739593415e-05
1786469977.5705123,18260,7,Loss/l_ce,0.10270023345947266
1786469977.570757,18260,7,Loss/l_total,0.10270023345947266
1786469977.5707808,18260,7,LR,9.336880739593415e-05
1786469996.4296873,18280,7,Loss/l_ce,0.12468624114990234
1786469996.429927,18280,7,Loss/l_total,0.12468624114990234
1786469996.429952,18280,7,LR,9.336880739593415e-05
1786470019.4654317,18300,7,Loss/l_ce,0.09220027923583984
1786470019.465605,18300,7,Loss/l_total,0.09220027923583984
1786470019.4656267,18300,7,LR,9.336880739593415e-05
1786470034.5556836,18320,7,Loss/l_ce,0.08458328247070312
1786470034.5558736,18320,7,Loss/l_total,0.08458328247070312
1786470034.555897,18320,7,LR,9.336880739593415e-05
1786470051.9462745,18340,7,Loss/l_ce,0.07228946685791016
1786470051.94646,18340,7,Loss/l_total,0.07228946685791016
1786470051.9464931,18340,7,LR,9.336880739593415e-05
1786470069.191366,18360,7,Loss/l_ce,0.13718056678771973
1786470069.1915405,18360,7,Loss/l_total,0.13718056678771973
1786470069.1915653,18360,7,LR,9.336880739593415e-05
1786470079.487265,18380,7,Loss/l_ce,0.14819622039794922
1786470079.4874203,18380,7,Loss/l_total,0.14819622039794922
1786470079.4874442,18380,7,LR,9.336880739593415e-05
1786470092.162986,18400,7,Loss/l_ce,0.08127784729003906
1786470092.163164,18400,7,Loss/l_total,0.08127784729003906
1786470092.163189,18400,7,LR,9.336880739593415e-05
1786470102.0890965,18420,7,Loss/l_ce,0.0892786979675293
1786470102.0892994,18420,7,Loss/l_total,0.0892786979675293
1786470102.0893278,18420,7,LR,9.336880739593415e-05
1786470115.1452734,18440,7,Loss/l_ce,0.0841665267944336
1786470115.1454349,18440,7,Loss/l_total,0.0841665267944336
1786470115.1454575,18440,7,LR,9.336880739593415e-05
1786470129.5817142,18460,7,Loss/l_ce,0.16386175155639648
1786470129.5818865,18460,7,Loss/l_total,0.16386175155639648
1786470129.5819104,18460,7,LR,9.336880739593415e-05
1786470143.33277,18480,7,Loss/l_ce,0.08786725997924805
1786470143.3329268,18480,7,Loss/l_total,0.08786725997924805
1786470143.3329515,18480,7,LR,9.336880739593415e-05
1786470156.471305,18500,7,Loss/l_ce,0.11846041679382324
1786470156.4714792,18500,7,Loss/l_total,0.11846041679382324
1786470156.4715066,18500,7,LR,9.336880739593415e-05
1786470175.6652699,18520,7,Loss/l_ce,0.0810079574584961
1786470175.6654336,18520,7,Loss/l_total,0.0810079574584961
1786470175.6654596,18520,7,LR,9.336880739593415e-05
1786470192.2078662,18540,7,Loss/l_ce,0.09683084487915039
1786470192.208062,18540,7,Loss/l_total,0.09683084487915039
1786470192.208094,18540,7,LR,9.336880739593415e-05
1786470216.316526,18560,7,Loss/l_ce,0.295438289642334
1786470216.3167017,18560,7,Loss/l_total,0.295438289642334
1786470216.3167243,18560,7,LR,9.336880739593415e-05
1786470238.9118922,18580,7,Loss/l_ce,0.09309816360473633
1786470238.9120858,18580,7,Loss/l_total,0.09309816360473633
1786470238.9121118,18580,7,LR,9.336880739593415e-05
1786470264.3105464,18600,7,Loss/l_ce,0.14960002899169922
1786470264.310695,18600,7,Loss/l_total,0.14960002899169922
1786470264.3107173,18600,7,LR,9.336880739593415e-05
1786470290.549403,18620,7,Loss/l_ce,0.08536386489868164
1786470290.5495715,18620,7,Loss/l_total,0.08536386489868164
1786470290.5495942,18620,7,LR,9.336880739593415e-05
1786470310.8657663,18640,7,Loss/l_ce,0.09652471542358398
1786470310.8659446,18640,7,Loss/l_total,0.09652471542358398
1786470310.8659706,18640,7,LR,9.336880739593415e-05
1786470332.1567,18660,7,Loss/l_ce,0.09247112274169922
1786470332.156865,18660,7,Loss/l_total,0.09247112274169922
1786470332.1568885,18660,7,LR,9.336880739593415e-05
1786470347.8730242,18680,7,Loss/l_ce,0.13585638999938965
1786470347.8732119,18680,7,Loss/l_total,0.13585638999938965
1786470347.8732367,18680,7,LR,9.336880739593415e-05
1786470373.0243742,18700,7,Loss/l_ce,0.08589720726013184
1786470373.0245535,18700,7,Loss/l_total,0.08589720726013184
1786470373.0245855,18700,7,LR,9.336880739593415e-05
1786470395.2197058,18720,7,Loss/l_ce,0.08813238143920898
1786470395.219929,18720,7,Loss/l_total,0.08813238143920898
1786470395.2199576,18720,7,LR,9.336880739593415e-05
1786470413.5469625,18740,7,Loss/l_ce,0.47603344917297363
1786470413.5471394,18740,7,Loss/l_total,0.47603344917297363
1786470413.5471585,18740,7,LR,9.336880739593415e-05
1786470431.5812762,18760,7,Loss/l_ce,0.11246967315673828
1786470431.58151,18760,7,Loss/l_total,0.11246967315673828
1786470431.581534,18760,7,LR,9.336880739593415e-05
1786470456.385181,18780,7,Loss/l_ce,0.13147950172424316
1786470456.3854232,18780,7,Loss/l_total,0.13147950172424316
1786470456.385448,18780,7,LR,9.336880739593415e-05
1786470476.0966108,18800,7,Loss/l_ce,0.14207172393798828
1786470476.0967984,18800,7,Loss/l_total,0.14207172393798828
1786470476.096821,18800,7,LR,9.336880739593415e-05
1786470504.0974288,18820,7,Loss/l_ce,0.11304593086242676
1786470504.0976021,18820,7,Loss/l_total,0.11304593086242676
1786470504.097627,18820,7,LR,9.336880739593415e-05
1786470524.3128586,18840,7,Loss/l_ce,0.1166696548461914
1786470524.3130713,18840,7,Loss/l_total,0.1166696548461914
1786470524.3130975,18840,7,LR,9.336880739593415e-05
1786470550.6725683,18860,7,Loss/l_ce,0.08420896530151367
1786470550.67273,18860,7,Loss/l_total,0.08420896530151367
1786470550.67275,18860,7,LR,9.336880739593415e-05
1786470567.46892,18880,7,Loss/l_ce,0.20443201065063477
1786470567.4691517,18880,7,Loss/l_total,0.20443201065063477
1786470567.46918,18880,7,LR,9.336880739593415e-05
1786470577.592961,18900,7,Loss/l_ce,0.32852840423583984
1786470577.59317,18900,7,Loss/l_total,0.32852840423583984
1786470577.5931997,18900,7,LR,9.336880739593415e-05
1786470595.2128184,18920,7,Loss/l_ce,0.1720263957977295
1786470595.2129905,18920,7,Loss/l_total,0.1720263957977295
1786470595.213019,18920,7,LR,9.336880739593415e-05
1786470605.5449543,18940,7,Loss/l_ce,0.1082448959350586
1786470605.5451467,18940,7,Loss/l_total,0.1082448959350586
1786470605.5451715,18940,7,LR,9.336880739593415e-05
1786470616.5752742,18960,7,Loss/l_ce,0.16972994804382324
1786470616.5754664,18960,7,Loss/l_total,0.16972994804382324
1786470616.5754962,18960,7,LR,9.336880739593415e-05
1786470628.8921003,18980,7,Loss/l_ce,0.09294700622558594
1786470628.8923082,18980,7,Loss/l_total,0.09294700622558594
1786470628.892333,18980,7,LR,9.336880739593415e-05
1786470655.2267172,19000,7,Loss/l_ce,0.5135533809661865
1786470655.226918,19000,7,Loss/l_total,0.5135533809661865
1786470655.2269428,19000,7,LR,9.336880739593415e-05
1786470665.9312549,19020,7,Loss/l_ce,0.12465143203735352
1786470665.931498,19020,7,Loss/l_total,0.12465143203735352
1786470665.9315302,19020,7,LR,9.336880739593415e-05
1786470679.7368217,19040,7,Loss/l_ce,0.20442438125610352
1786470679.7370746,19040,7,Loss/l_total,0.20442438125610352
1786470679.7371008,19040,7,LR,9.336880739593415e-05
1786470691.6208081,19060,7,Loss/l_ce,0.09887313842773438
1786470691.621005,19060,7,Loss/l_total,0.09887313842773438
1786470691.6210644,19060,7,LR,9.336880739593415e-05
1786470716.824009,19080,7,Loss/l_ce,0.08741188049316406
1786470716.8242047,19080,7,Loss/l_total,0.08741188049316406
1786470716.824231,19080,7,LR,9.336880739593415e-05
1786470738.2282407,19100,7,Loss/l_ce,0.4273703098297119
1786470738.2284603,19100,7,Loss/l_total,0.4273703098297119
1786470738.2284863,19100,7,LR,9.336880739593415e-05
1786470775.50883,19120,7,Loss/l_ce,0.07116961479187012
1786470775.5089996,19120,7,Loss/l_total,0.07116961479187012
1786470775.509021,19120,7,LR,9.336880739593415e-05
1786470811.2057621,19140,7,Loss/l_ce,0.10488486289978027
1786470811.2060704,19140,7,Loss/l_total,0.10488486289978027
1786470811.2060978,19140,7,LR,9.336880739593415e-05
1786470828.7650938,19160,7,Loss/l_ce,0.21636247634887695
1786470828.7653658,19160,7,Loss/l_total,0.21636247634887695
1786470828.7653928,19160,7,LR,9.336880739593415e-05
1786470850.2299306,19180,7,Loss/l_ce,0.11852860450744629
1786470850.2302692,19180,7,Loss/l_total,0.11852860450744629
1786470850.2303035,19180,7,LR,9.336880739593415e-05
1786470879.9136038,19200,7,Loss/l_ce,0.5547952651977539
1786470879.913833,19200,7,Loss/l_total,0.5547952651977539
1786470879.9138541,19200,7,LR,9.336880739593415e-05
1786470905.3209052,19220,7,Loss/l_ce,0.07636666297912598
1786470905.3210866,19220,7,Loss/l_total,0.07636666297912598
1786470905.3211105,19220,7,LR,9.336880739593415e-05
1786470929.5125022,19240,7,Loss/l_ce,0.13432574272155762
1786470929.5126874,19240,7,Loss/l_total,0.13432574272155762
1786470929.5127134,19240,7,LR,9.336880739593415e-05
1786470957.018656,19260,7,Loss/l_ce,0.1461801528930664
1786470957.018873,19260,7,Loss/l_total,0.1461801528930664
1786470957.0188956,19260,7,LR,9.336880739593415e-05
1786470977.5182095,19280,7,Loss/l_ce,0.14290928840637207
1786470977.5183806,19280,7,Loss/l_total,0.14290928840637207
1786470977.518404,19280,7,LR,9.336880739593415e-05
1786471008.084325,19300,7,Loss/l_ce,0.5244038105010986
1786471008.0845199,19300,7,Loss/l_total,0.5244038105010986
1786471008.0845447,19300,7,LR,9.336880739593415e-05
1786471038.421835,19320,7,Loss/l_ce,0.08719539642333984
1786471038.422064,19320,7,Loss/l_total,0.08719539642333984
1786471038.4220903,19320,7,LR,9.336880739593415e-05
1786471061.2835512,19340,7,Loss/l_ce,0.1361396312713623
1786471061.2837293,19340,7,Loss/l_total,0.1361396312713623
1786471061.2837565,19340,7,LR,9.336880739593415e-05
1786471086.7221885,19360,7,Loss/l_ce,0.10010480880737305
1786471086.7223797,19360,7,Loss/l_total,0.10010480880737305
1786471086.7224033,19360,7,LR,9.336880739593415e-05
1786471111.7247114,19380,7,Loss/l_ce,0.08541297912597656
1786471111.724874,19380,7,Loss/l_total,0.08541297912597656
1786471111.7248979,19380,7,LR,9.336880739593415e-05
1786471125.7685409,19400,7,Loss/l_ce,0.1223289966583252
1786471125.7687178,19400,7,Loss/l_total,0.1223289966583252
1786471125.7687452,19400,7,LR,9.336880739593415e-05
1786471149.1988428,19420,7,Loss/l_ce,0.14003992080688477
1786471149.1991088,19420,7,Loss/l_total,0.14003992080688477
1786471149.199135,19420,7,LR,9.336880739593415e-05
1786471175.550522,19440,7,Loss/l_ce,0.11065483093261719
1786471175.550738,19440,7,Loss/l_total,0.11065483093261719
1786471175.550768,19440,7,LR,9.336880739593415e-05
1786471204.039187,19460,7,Loss/l_ce,0.11481475830078125
1786471204.0393403,19460,7,Loss/l_total,0.11481475830078125
1786471204.0393615,19460,7,LR,9.336880739593415e-05
1786471216.1521108,19480,7,Loss/l_ce,0.17622995376586914
1786471216.1522832,19480,7,Loss/l_total,0.17622995376586914
1786471216.1523068,19480,7,LR,9.336880739593415e-05
1786471240.5429976,19500,7,Loss/l_ce,0.12441802024841309
1786471240.5432184,19500,7,Loss/l_total,0.12441802024841309
1786471240.5432467,19500,7,LR,9.336880739593415e-05
1786471261.6164272,19520,7,Loss/l_ce,0.19610071182250977
1786471261.6166515,19520,7,Loss/l_total,0.19610071182250977
1786471261.6166775,19520,7,LR,9.336880739593415e-05
1786471290.7291188,19540,7,Loss/l_ce,0.09711503982543945
1786471290.7292943,19540,7,Loss/l_total,0.09711503982543945
1786471290.7293193,19540,7,LR,9.336880739593415e-05
1786471315.0214787,19560,7,Loss/l_ce,0.1199345588684082
1786471315.0216982,19560,7,Loss/l_total,0.1199345588684082
1786471315.021721,19560,7,LR,9.336880739593415e-05
1786471341.562363,19580,7,Loss/l_ce,0.11500811576843262
1786471341.5625515,19580,7,Loss/l_total,0.11500811576843262
1786471341.5625777,19580,7,LR,9.336880739593415e-05
1786471363.7179172,19600,7,Loss/l_ce,0.25139427185058594
1786471363.7181418,19600,7,Loss/l_total,0.25139427185058594
1786471363.7181687,19600,7,LR,9.336880739593415e-05
1786471385.076414,19620,7,Loss/l_ce,0.10307526588439941
1786471385.076596,19620,7,Loss/l_total,0.10307526588439941
1786471385.0766199,19620,7,LR,9.336880739593415e-05
1786471408.60505,19640,7,Loss/l_ce,0.13383150100708008
1786471408.6052046,19640,7,Loss/l_total,0.13383150100708008
1786471408.605227,19640,7,LR,9.336880739593415e-05
1786471430.8975213,19660,7,Loss/l_ce,0.08406329154968262
1786471430.8976767,19660,7,Loss/l_total,0.08406329154968262
1786471430.8977005,19660,7,LR,9.336880739593415e-05
1786471457.8098557,19680,7,Loss/l_ce,0.11921834945678711
1786471457.810491,19680,7,Loss/l_total,0.11921834945678711
1786471457.810521,19680,7,LR,9.336880739593415e-05
1786471482.8603547,19700,7,Loss/l_ce,0.09852170944213867
1786471482.8605149,19700,7,Loss/l_total,0.09852170944213867
1786471482.86054,19700,7,LR,9.336880739593415e-05
1786471505.0153008,19720,7,Loss/l_ce,0.14639949798583984
1786471505.015618,19720,7,Loss/l_total,0.14639949798583984
1786471505.015642,19720,7,LR,9.336880739593415e-05
1786471526.8059998,19740,7,Loss/l_ce,0.10130810737609863
1786471526.8062208,19740,7,Loss/l_total,0.10130810737609863
1786471526.8062506,19740,7,LR,9.336880739593415e-05
1786471549.7440033,19760,7,Loss/l_ce,0.07323861122131348
1786471549.7442315,19760,7,Loss/l_total,0.07323861122131348
1786471549.7442563,19760,7,LR,9.336880739593415e-05
1786471572.956826,19780,7,Loss/l_ce,0.09792804718017578
1786471572.957004,19780,7,Loss/l_total,0.09792804718017578
1786471572.9570253,19780,7,LR,9.336880739593415e-05
1786471598.240662,19800,7,Loss/l_ce,0.5206413269042969
1786471598.240826,19800,7,Loss/l_total,0.5206413269042969
1786471598.2408507,19800,7,LR,9.336880739593415e-05
1786471621.1260674,19820,7,Loss/l_ce,0.11271214485168457
1786471621.1262705,19820,7,Loss/l_total,0.11271214485168457
1786471621.1262953,19820,7,LR,9.336880739593415e-05
1786471640.647572,19840,7,Loss/l_ce,0.08654546737670898
1786471640.6477654,19840,7,Loss/l_total,0.08654546737670898
1786471640.647794,19840,7,LR,9.336880739593415e-05
1786471663.013324,19860,7,Loss/l_ce,0.09982681274414062
1786471663.0134926,19860,7,Loss/l_total,0.09982681274414062
1786471663.0135198,19860,7,LR,9.336880739593415e-05
1786471675.057467,19880,7,Loss/l_ce,0.1197364330291748
1786471675.0576165,19880,7,Loss/l_total,0.1197364330291748
1786471675.0576415,19880,7,LR,9.336880739593415e-05
1786471687.199709,19900,7,Loss/l_ce,0.14510226249694824
1786471687.1999605,19900,7,Loss/l_total,0.14510226249694824
1786471687.1999893,19900,7,LR,9.336880739593415e-05
1786471697.891635,19920,7,Loss/l_ce,0.1836380958557129
1786471697.8918428,19920,7,Loss/l_total,0.1836380958557129
1786471697.8918712,19920,7,LR,9.336880739593415e-05
1786471707.74875,19940,7,Loss/l_ce,0.14132046699523926
1786471707.7489104,19940,7,Loss/l_total,0.14132046699523926
1786471707.748939,19940,7,LR,9.336880739593415e-05
1786471716.3121927,19960,7,Loss/l_ce,0.14164280891418457
1786471716.3123639,19960,7,Loss/l_total,0.14164280891418457
1786471716.3123913,19960,7,LR,9.336880739593415e-05
1786471731.2529385,19980,7,Loss/l_ce,0.10182428359985352
1786471731.2531497,19980,7,Loss/l_total,0.10182428359985352
1786471731.2531784,19980,7,LR,9.336880739593415e-05
1786471743.1995285,20000,7,Loss/l_ce,0.11782073974609375
1786471743.1997018,20000,7,Loss/l_total,0.11782073974609375
1786471743.1997242,20000,7,LR,9.336880739593415e-05
1786471755.8032112,20020,7,Loss/l_ce,0.12889957427978516
1786471755.803388,20020,7,Loss/l_total,0.12889957427978516
1786471755.803413,20020,7,LR,9.336880739593415e-05
1786471765.4551306,20040,7,Loss/l_ce,0.09303116798400879
1786471765.455303,20040,7,Loss/l_total,0.09303116798400879
1786471765.4553268,20040,7,LR,9.336880739593415e-05
1786471775.1873176,20060,7,Loss/l_ce,0.09262347221374512
1786471775.1875002,20060,7,Loss/l_total,0.09262347221374512
1786471775.1875336,20060,7,LR,9.336880739593415e-05
1786471790.0948985,20080,7,Loss/l_ce,0.08522367477416992
1786471790.095085,20080,7,Loss/l_total,0.08522367477416992
1786471790.0951111,20080,7,LR,9.336880739593415e-05
1786471810.821562,20100,7,Loss/l_ce,0.07294988632202148
1786471810.8217258,20100,7,Loss/l_total,0.07294988632202148
1786471810.821745,20100,7,LR,9.336880739593415e-05
1786471829.1456192,20120,7,Loss/l_ce,0.10204005241394043
1786471829.1457736,20120,7,Loss/l_total,0.10204005241394043
1786471829.1457984,20120,7,LR,9.336880739593415e-05
1786471840.3899944,20140,7,Loss/l_ce,0.1108713150024414
1786471840.390193,20140,7,Loss/l_total,0.1108713150024414
1786471840.3902178,20140,7,LR,9.336880739593415e-05
1786471868.1969883,20160,7,Loss/l_ce,0.09842920303344727
1786471868.19724,20160,7,Loss/l_total,0.09842920303344727
1786471868.197264,20160,7,LR,9.336880739593415e-05
1786471891.188277,20180,7,Loss/l_ce,0.08269119262695312
1786471891.1884978,20180,7,Loss/l_total,0.08269119262695312
1786471891.1885214,20180,7,LR,9.336880739593415e-05
1786471912.4358199,20200,7,Loss/l_ce,0.12601089477539062
1786471912.4361129,20200,7,Loss/l_total,0.12601089477539062
1786471912.4361427,20200,7,LR,9.336880739593415e-05
1786471934.8379006,20220,7,Loss/l_ce,0.07791852951049805
1786471934.8381298,20220,7,Loss/l_total,0.07791852951049805
1786471934.8381557,20220,7,LR,9.336880739593415e-05
1786471958.8783965,20240,7,Loss/l_ce,0.14911556243896484
1786471958.878666,20240,7,Loss/l_total,0.14911556243896484
1786471958.8786871,20240,7,LR,9.336880739593415e-05
1786471982.0657625,20260,7,Loss/l_ce,0.0880880355834961
1786471982.0662007,20260,7,Loss/l_total,0.0880880355834961
1786471982.0662282,20260,7,LR,9.336880739593415e-05
1786472004.2097087,20280,7,Loss/l_ce,0.14167451858520508
1786472004.2099404,20280,7,Loss/l_total,0.14167451858520508
1786472004.2099667,20280,7,LR,9.336880739593415e-05
1786472027.9872673,20300,7,Loss/l_ce,0.10929131507873535
1786472027.9875178,20300,7,Loss/l_total,0.10929131507873535
1786472027.9875414,20300,7,LR,9.336880739593415e-05
1786472056.7584026,20320,7,Loss/l_ce,0.14158916473388672
1786472056.7586246,20320,7,Loss/l_total,0.14158916473388672
1786472056.7586505,20320,7,LR,9.336880739593415e-05
1786472081.4060073,20340,7,Loss/l_ce,2.734657049179077
1786472081.4062436,20340,7,Loss/l_total,2.734657049179077
1786472081.4062662,20340,7,LR,9.336880739593415e-05
1786472103.1611154,20360,7,Loss/l_ce,0.1304914951324463
1786472103.1612852,20360,7,Loss/l_total,0.1304914951324463
1786472103.161309,20360,7,LR,9.336880739593415e-05
1786472121.1496444,20380,7,Loss/l_ce,0.10636305809020996
1786472121.1498222,20380,7,Loss/l_total,0.10636305809020996
1786472121.1498473,20380,7,LR,9.336880739593415e-05
1786472137.632504,20400,7,Loss/l_ce,0.3310995101928711
1786472137.6327212,20400,7,Loss/l_total,0.3310995101928711
1786472137.6327486,20400,7,LR,9.336880739593415e-05
1786472273.103669,20400,7,Val/avg_error,0.010270324535667896
1786472273.1044004,20400,7,Val/acc,0.852392578125
1786472273.1044443,20400,7,Val/sparse_auc,0.923037750552399
1786472273.1062787,20400,7,Val/sparse_pck_max,0.1
1786472273.1064177,20400,7,Val/sparse_pck_n,100.0
1786472299.986079,20420,8,Loss/l_ce,0.21404147148132324
1786472299.9864519,20420,8,Loss/l_total,0.21404147148132324
1786472299.986478,20420,8,LR,9.140576474687264e-05
1786472331.8421514,20440,8,Loss/l_ce,0.15077972412109375
1786472331.8425088,20440,8,Loss/l_total,0.15077972412109375
1786472331.8425422,20440,8,LR,9.140576474687264e-05
1786472369.7039309,20460,8,Loss/l_ce,0.11461114883422852
1786472369.705288,20460,8,Loss/l_total,0.11461114883422852
1786472369.705321,20460,8,LR,9.140576474687264e-05
1786472393.532925,20480,8,Loss/l_ce,0.23891735076904297
1786472393.5332072,20480,8,Loss/l_total,0.23891735076904297
1786472393.5332382,20480,8,LR,9.140576474687264e-05
1786472414.1188664,20500,8,Loss/l_ce,0.0725095272064209
1786472414.1193318,20500,8,Loss/l_total,0.0725095272064209
1786472414.11937,20500,8,LR,9.140576474687264e-05
1786472432.3429127,20520,8,Loss/l_ce,0.27520298957824707
1786472432.3431072,20520,8,Loss/l_total,0.27520298957824707
1786472432.3431334,20520,8,LR,9.140576474687264e-05
1786472461.229937,20540,8,Loss/l_ce,0.13650798797607422
1786472461.2301972,20540,8,Loss/l_total,0.13650798797607422
1786472461.2302256,20540,8,LR,9.140576474687264e-05
1786472485.5771544,20560,8,Loss/l_ce,0.14440560340881348
1786472485.5774405,20560,8,Loss/l_total,0.14440560340881348
1786472485.5774689,20560,8,LR,9.140576474687264e-05
1786472507.4919221,20580,8,Loss/l_ce,0.09031152725219727
1786472507.492174,20580,8,Loss/l_total,0.09031152725219727
1786472507.4922,20580,8,LR,9.140576474687264e-05
1786472531.1804533,20600,8,Loss/l_ce,0.12700462341308594
1786472531.1806433,20600,8,Loss/l_total,0.12700462341308594
1786472531.1806705,20600,8,LR,9.140576474687264e-05
1786472560.7801862,20620,8,Loss/l_ce,0.06509828567504883
1786472560.7803843,20620,8,Loss/l_total,0.06509828567504883
1786472560.7804081,20620,8,LR,9.140576474687264e-05
1786472585.0469604,20640,8,Loss/l_ce,0.23417997360229492
1786472585.0471764,20640,8,Loss/l_total,0.23417997360229492
1786472585.0472002,20640,8,LR,9.140576474687264e-05
1786472618.02543,20660,8,Loss/l_ce,0.1193552017211914
1786472618.0256782,20660,8,Loss/l_total,0.1193552017211914
1786472618.0257041,20660,8,LR,9.140576474687264e-05
1786472645.8161345,20680,8,Loss/l_ce,0.10813450813293457
1786472645.8163364,20680,8,Loss/l_total,0.10813450813293457
1786472645.8163588,20680,8,LR,9.140576474687264e-05
1786472676.4437327,20700,8,Loss/l_ce,0.08058762550354004
1786472676.4439073,20700,8,Loss/l_total,0.08058762550354004
1786472676.443932,20700,8,LR,9.140576474687264e-05
1786472692.3634167,20720,8,Loss/l_ce,0.09608078002929688
1786472692.3636196,20720,8,Loss/l_total,0.09608078002929688
1786472692.3636515,20720,8,LR,9.140576474687264e-05
1786472710.0059724,20740,8,Loss/l_ce,0.13992094993591309
1786472710.0061517,20740,8,Loss/l_total,0.13992094993591309
1786472710.0061767,20740,8,LR,9.140576474687264e-05
1786472733.5083997,20760,8,Loss/l_ce,0.09098505973815918
1786472733.5086029,20760,8,Loss/l_total,0.09098505973815918
1786472733.5086265,20760,8,LR,9.140576474687264e-05
1786472747.9980237,20780,8,Loss/l_ce,0.059113264083862305
1786472747.9982636,20780,8,Loss/l_total,0.059113264083862305
1786472747.9982991,20780,8,LR,9.140576474687264e-05
1786472764.1507943,20800,8,Loss/l_ce,0.08700060844421387
1786472764.1510055,20800,8,Loss/l_total,0.08700060844421387
1786472764.1510613,20800,8,LR,9.140576474687264e-05
1786472778.2306345,20820,8,Loss/l_ce,0.1520998477935791
1786472778.230846,20820,8,Loss/l_total,0.1520998477935791
1786472778.2308707,20820,8,LR,9.140576474687264e-05
1786472795.2647674,20840,8,Loss/l_ce,0.1325240135192871
1786472795.264949,20840,8,Loss/l_total,0.1325240135192871
1786472795.2649753,20840,8,LR,9.140576474687264e-05
1786472817.6341646,20860,8,Loss/l_ce,0.10168123245239258
1786472817.6343832,20860,8,Loss/l_total,0.10168123245239258
1786472817.6344128,20860,8,LR,9.140576474687264e-05
1786472830.6279788,20880,8,Loss/l_ce,0.08644437789916992
1786472830.628215,20880,8,Loss/l_total,0.08644437789916992
1786472830.628241,20880,8,LR,9.140576474687264e-05
1786472848.0447938,20900,8,Loss/l_ce,1.6037144660949707
1786472848.04499,20900,8,Loss/l_total,1.6037144660949707
1786472848.0450099,20900,8,LR,9.140576474687264e-05
1786472868.4658167,20920,8,Loss/l_ce,0.12311840057373047
1786472868.4660792,20920,8,Loss/l_total,0.12311840057373047
1786472868.466109,20920,8,LR,9.140576474687264e-05
1786472883.6771927,20940,8,Loss/l_ce,0.417064905166626
1786472883.6773884,20940,8,Loss/l_total,0.417064905166626
1786472883.6774137,20940,8,LR,9.140576474687264e-05
1786472907.8371046,20960,8,Loss/l_ce,0.1356043815612793
1786472907.837283,20960,8,Loss/l_total,0.1356043815612793
1786472907.8373063,20960,8,LR,9.140576474687264e-05
1786472927.496809,20980,8,Loss/l_ce,0.49724459648132324
1786472927.4970074,20980,8,Loss/l_total,0.49724459648132324
1786472927.4970772,20980,8,LR,9.140576474687264e-05
1786472955.8106737,21000,8,Loss/l_ce,0.11765456199645996
1786472955.8108695,21000,8,Loss/l_total,0.11765456199645996
1786472955.8108993,21000,8,LR,9.140576474687264e-05
1786472972.4841237,21020,8,Loss/l_ce,0.15360498428344727
1786472972.4843063,21020,8,Loss/l_total,0.15360498428344727
1786472972.4843278,21020,8,LR,9.140576474687264e-05
1786472996.4363642,21040,8,Loss/l_ce,0.09980654716491699
1786472996.4365318,21040,8,Loss/l_total,0.09980654716491699
1786472996.436553,21040,8,LR,9.140576474687264e-05
1786473020.5681183,21060,8,Loss/l_ce,0.09299039840698242
1786473020.5683248,21060,8,Loss/l_total,0.09299039840698242
1786473020.5683486,21060,8,LR,9.140576474687264e-05
1786473055.667599,21080,8,Loss/l_ce,0.10999131202697754
1786473055.6678898,21080,8,Loss/l_total,0.10999131202697754
1786473055.6679184,21080,8,LR,9.140576474687264e-05
1786473077.0565264,21100,8,Loss/l_ce,0.0893709659576416
1786473077.056745,21100,8,Loss/l_total,0.0893709659576416
1786473077.0567675,21100,8,LR,9.140576474687264e-05
1786473104.9835508,21120,8,Loss/l_ce,0.09168457984924316
1786473104.9837856,21120,8,Loss/l_total,0.09168457984924316
1786473104.983811,21120,8,LR,9.140576474687264e-05
1786473129.9190774,21140,8,Loss/l_ce,0.10955953598022461
1786473129.9195037,21140,8,Loss/l_total,0.10955953598022461
1786473129.919531,21140,8,LR,9.140576474687264e-05
1786473158.9729164,21160,8,Loss/l_ce,0.11821460723876953
1786473158.9731493,21160,8,Loss/l_total,0.11821460723876953
1786473158.9731765,21160,8,LR,9.140576474687264e-05
1786473188.445483,21180,8,Loss/l_ce,0.14069175720214844
1786473188.4456563,21180,8,Loss/l_total,0.14069175720214844
1786473188.4456754,21180,8,LR,9.140576474687264e-05
1786473210.782707,21200,8,Loss/l_ce,0.14864349365234375
1786473210.7828898,21200,8,Loss/l_total,0.14864349365234375
1786473210.7829123,21200,8,LR,9.140576474687264e-05
1786473231.6863744,21220,8,Loss/l_ce,0.10093545913696289
1786473231.686606,21220,8,Loss/l_total,0.10093545913696289
1786473231.6866295,21220,8,LR,9.140576474687264e-05
1786473247.7449186,21240,8,Loss/l_ce,0.13372254371643066
1786473247.7451382,21240,8,Loss/l_total,0.13372254371643066
1786473247.7451668,21240,8,LR,9.140576474687264e-05
1786473267.8977253,21260,8,Loss/l_ce,0.09244823455810547
1786473267.8979092,21260,8,Loss/l_total,0.09244823455810547
1786473267.897932,21260,8,LR,9.140576474687264e-05
1786473297.480948,21280,8,Loss/l_ce,0.09040522575378418
1786473297.4811544,21280,8,Loss/l_total,0.09040522575378418
1786473297.4815285,21280,8,LR,9.140576474687264e-05
1786473316.645094,21300,8,Loss/l_ce,0.2284855842590332
1786473316.6453195,21300,8,Loss/l_total,0.2284855842590332
1786473316.6453407,21300,8,LR,9.140576474687264e-05
1786473324.9162784,21320,8,Loss/l_ce,0.10604000091552734
1786473324.9168742,21320,8,Loss/l_total,0.10604000091552734
1786473324.9173243,21320,8,LR,9.140576474687264e-05
1786473340.6945028,21340,8,Loss/l_ce,0.10066914558410645
1786473340.6949139,21340,8,Loss/l_total,0.10066914558410645
1786473340.6949399,21340,8,LR,9.140576474687264e-05
1786473361.6343913,21360,8,Loss/l_ce,0.10971212387084961
1786473361.6346393,21360,8,Loss/l_total,0.10971212387084961
1786473361.634663,21360,8,LR,9.140576474687264e-05
1786473376.3903987,21380,8,Loss/l_ce,0.15209412574768066
1786473376.3906183,21380,8,Loss/l_total,0.15209412574768066
1786473376.3906431,21380,8,LR,9.140576474687264e-05
1786473393.7741883,21400,8,Loss/l_ce,0.09354925155639648
1786473393.7743402,21400,8,Loss/l_total,0.09354925155639648
1786473393.774364,21400,8,LR,9.140576474687264e-05
1786473404.3371594,21420,8,Loss/l_ce,0.09817671775817871
1786473404.337341,21420,8,Loss/l_total,0.09817671775817871
1786473404.3373647,21420,8,LR,9.140576474687264e-05
1786473418.52687,21440,8,Loss/l_ce,0.12441825866699219
1786473418.5271158,21440,8,Loss/l_total,0.12441825866699219
1786473418.5271418,21440,8,LR,9.140576474687264e-05
1786473428.2954068,21460,8,Loss/l_ce,0.11280512809753418
1786473428.2955766,21460,8,Loss/l_total,0.11280512809753418
1786473428.2956004,21460,8,LR,9.140576474687264e-05
1786473437.1591022,21480,8,Loss/l_ce,0.21828484535217285
1786473437.1592944,21480,8,Loss/l_total,0.21828484535217285
1786473437.1593196,21480,8,LR,9.140576474687264e-05
1786473460.8383086,21500,8,Loss/l_ce,0.15606951713562012
1786473460.8384845,21500,8,Loss/l_total,0.15606951713562012
1786473460.8385105,21500,8,LR,9.140576474687264e-05
1786473477.2446373,21520,8,Loss/l_ce,0.14830994606018066
1786473477.244825,21520,8,Loss/l_total,0.14830994606018066
1786473477.2448556,21520,8,LR,9.140576474687264e-05
1786473525.0149615,21540,8,Loss/l_ce,0.11250948905944824
1786473525.0151658,21540,8,Loss/l_total,0.11250948905944824
1786473525.0151963,21540,8,LR,9.140576474687264e-05
1786473554.2595623,21560,8,Loss/l_ce,0.13219308853149414
1786473554.2597723,21560,8,Loss/l_total,0.13219308853149414
1786473554.2597997,21560,8,LR,9.140576474687264e-05
1786473585.5458596,21580,8,Loss/l_ce,0.260051965713501
1786473585.5460792,21580,8,Loss/l_total,0.260051965713501
1786473585.5461044,21580,8,LR,9.140576474687264e-05
1786473597.6849465,21600,8,Loss/l_ce,0.10003805160522461
1786473597.68519,21600,8,Loss/l_total,0.10003805160522461
1786473597.6852148,21600,8,LR,9.140576474687264e-05
1786473615.1160011,21620,8,Loss/l_ce,0.09497857093811035
1786473615.116196,21620,8,Loss/l_total,0.09497857093811035
1786473615.1162183,21620,8,LR,9.140576474687264e-05
1786473638.6578996,21640,8,Loss/l_ce,0.049571990966796875
1786473638.6580696,21640,8,Loss/l_total,0.049571990966796875
1786473638.658092,21640,8,LR,9.140576474687264e-05
1786473667.2538927,21660,8,Loss/l_ce,0.13112950325012207
1786473667.2541218,21660,8,Loss/l_total,0.13112950325012207
1786473667.2541456,21660,8,LR,9.140576474687264e-05
1786473685.2166214,21680,8,Loss/l_ce,2.6200852394104004
1786473685.2168329,21680,8,Loss/l_total,2.6200852394104004
1786473685.2168553,21680,8,LR,9.140576474687264e-05
1786473707.7835712,21700,8,Loss/l_ce,0.09844803810119629
1786473707.7837338,21700,8,Loss/l_total,0.09844803810119629
1786473707.7837586,21700,8,LR,9.140576474687264e-05
1786473724.4683788,21720,8,Loss/l_ce,0.18990182876586914
1786473724.4685607,21720,8,Loss/l_total,0.18990182876586914
1786473724.4685845,21720,8,LR,9.140576474687264e-05
1786473748.9084969,21740,8,Loss/l_ce,0.10456418991088867
1786473748.9086986,21740,8,Loss/l_total,0.10456418991088867
1786473748.9087188,21740,8,LR,9.140576474687264e-05
1786473761.741624,21760,8,Loss/l_ce,0.11294746398925781
1786473761.7417927,21760,8,Loss/l_total,0.11294746398925781
1786473761.7418163,21760,8,LR,9.140576474687264e-05
1786473779.1528695,21780,8,Loss/l_ce,0.07638692855834961
1786473779.1531093,21780,8,Loss/l_total,0.07638692855834961
1786473779.1531332,21780,8,LR,9.140576474687264e-05
1786473793.3401282,21800,8,Loss/l_ce,0.1125037670135498
1786473793.340335,21800,8,Loss/l_total,0.1125037670135498
1786473793.3403573,21800,8,LR,9.140576474687264e-05
1786473808.2554445,21820,8,Loss/l_ce,0.20254802703857422
1786473808.2556984,21820,8,Loss/l_total,0.20254802703857422
1786473808.2557223,21820,8,LR,9.140576474687264e-05
1786473819.615447,21840,8,Loss/l_ce,0.10834240913391113
1786473819.615618,21840,8,Loss/l_total,0.10834240913391113
1786473819.6156392,21840,8,LR,9.140576474687264e-05
1786473834.1379907,21860,8,Loss/l_ce,0.12217473983764648
1786473834.138209,21860,8,Loss/l_total,0.12217473983764648
1786473834.138233,21860,8,LR,9.140576474687264e-05
1786473845.846567,21880,8,Loss/l_ce,0.15568065643310547
1786473845.8467429,21880,8,Loss/l_total,0.15568065643310547
1786473845.8467677,21880,8,LR,9.140576474687264e-05
1786473858.227957,21900,8,Loss/l_ce,0.46433067321777344
1786473858.2281575,21900,8,Loss/l_total,0.46433067321777344
1786473858.2281835,21900,8,LR,9.140576474687264e-05
1786473867.481196,21920,8,Loss/l_ce,0.06655192375183105
1786473867.481355,21920,8,Loss/l_total,0.06655192375183105
1786473867.4813812,21920,8,LR,9.140576474687264e-05
1786473882.1543286,21940,8,Loss/l_ce,0.08913803100585938
1786473882.154566,21940,8,Loss/l_total,0.08913803100585938
1786473882.1545923,21940,8,LR,9.140576474687264e-05
1786473899.7136633,21960,8,Loss/l_ce,0.062201738357543945
1786473899.713834,21960,8,Loss/l_total,0.062201738357543945
1786473899.713858,21960,8,LR,9.140576474687264e-05
1786473924.385557,21980,8,Loss/l_ce,0.10328865051269531
1786473924.3857825,21980,8,Loss/l_total,0.10328865051269531
1786473924.3858063,21980,8,LR,9.140576474687264e-05
1786473946.9415305,22000,8,Loss/l_ce,0.13337945938110352
1786473946.9416955,22000,8,Loss/l_total,0.13337945938110352
1786473946.9417202,22000,8,LR,9.140576474687264e-05
1786473995.5507867,22020,8,Loss/l_ce,0.11694145202636719
1786473995.550978,22020,8,Loss/l_total,0.11694145202636719
1786473995.5509994,22020,8,LR,9.140576474687264e-05
1786474019.2692149,22040,8,Loss/l_ce,0.11032867431640625
1786474019.2693658,22040,8,Loss/l_total,0.11032867431640625
1786474019.2693882,22040,8,LR,9.140576474687264e-05
1786474046.639977,22060,8,Loss/l_ce,0.1384420394897461
1786474046.6402488,22060,8,Loss/l_total,0.1384420394897461
1786474046.6402795,22060,8,LR,9.140576474687264e-05
1786474064.0944386,22080,8,Loss/l_ce,0.13189387321472168
1786474064.0946288,22080,8,Loss/l_total,0.13189387321472168
1786474064.094656,22080,8,LR,9.140576474687264e-05
1786474089.5974276,22100,8,Loss/l_ce,0.1149909496307373
1786474089.597606,22100,8,Loss/l_total,0.1149909496307373
1786474089.5976284,22100,8,LR,9.140576474687264e-05
1786474105.7348735,22120,8,Loss/l_ce,0.10421991348266602
1786474105.7350767,22120,8,Loss/l_total,0.10421991348266602
1786474105.7351027,22120,8,LR,9.140576474687264e-05
1786474133.043405,22140,8,Loss/l_ce,0.13239717483520508
1786474133.0436044,22140,8,Loss/l_total,0.13239717483520508
1786474133.0438917,22140,8,LR,9.140576474687264e-05
1786474159.5031104,22160,8,Loss/l_ce,0.10936117172241211
1786474159.5033336,22160,8,Loss/l_total,0.10936117172241211
1786474159.5033598,22160,8,LR,9.140576474687264e-05
1786474182.9868045,22180,8,Loss/l_ce,0.18943023681640625
1786474182.9869752,22180,8,Loss/l_total,0.18943023681640625
1786474182.986999,22180,8,LR,9.140576474687264e-05
1786474202.0072832,22200,8,Loss/l_ce,0.4457097053527832
1786474202.0074422,22200,8,Loss/l_total,0.4457097053527832
1786474202.007466,22200,8,LR,9.140576474687264e-05
1786474218.1086636,22220,8,Loss/l_ce,0.1417076587677002
1786474218.108838,22220,8,Loss/l_total,0.1417076587677002
1786474218.1088629,22220,8,LR,9.140576474687264e-05
1786474239.6865294,22240,8,Loss/l_ce,0.18851590156555176
1786474239.6867003,22240,8,Loss/l_total,0.18851590156555176
1786474239.6867251,22240,8,LR,9.140576474687264e-05
1786474261.4502392,22260,8,Loss/l_ce,0.11454439163208008
1786474261.450467,22260,8,Loss/l_total,0.11454439163208008
1786474261.450491,22260,8,LR,9.140576474687264e-05
1786474308.2213473,22280,8,Loss/l_ce,0.11138796806335449
1786474308.2215207,22280,8,Loss/l_total,0.11138796806335449
1786474308.221543,22280,8,LR,9.140576474687264e-05
1786474325.865644,22300,8,Loss/l_ce,0.10006833076477051
1786474325.8658745,22300,8,Loss/l_total,0.10006833076477051
1786474325.8658957,22300,8,LR,9.140576474687264e-05
1786474359.4156985,22320,8,Loss/l_ce,0.07294535636901855
1786474359.4158933,22320,8,Loss/l_total,0.07294535636901855
1786474359.415918,22320,8,LR,9.140576474687264e-05
1786474381.8564618,22340,8,Loss/l_ce,0.19803452491760254
1786474381.8566887,22340,8,Loss/l_total,0.19803452491760254
1786474381.856712,22340,8,LR,9.140576474687264e-05
1786474403.4595115,22360,8,Loss/l_ce,0.26616454124450684
1786474403.4596767,22360,8,Loss/l_total,0.26616454124450684
1786474403.4597,22360,8,LR,9.140576474687264e-05
1786474420.20141,22380,8,Loss/l_ce,2.8427724838256836
1786474420.201587,22380,8,Loss/l_total,2.8427724838256836
1786474420.201613,22380,8,LR,9.140576474687264e-05
1786474442.5068185,22400,8,Loss/l_ce,0.29237842559814453
1786474442.5070014,22400,8,Loss/l_total,0.29237842559814453
1786474442.5070252,22400,8,LR,9.140576474687264e-05
1786474472.9178207,22420,8,Loss/l_ce,0.08429360389709473
1786474472.918071,22420,8,Loss/l_total,0.08429360389709473
1786474472.9181755,22420,8,LR,9.140576474687264e-05
1786474495.093903,22440,8,Loss/l_ce,0.08890485763549805
1786474495.094093,22440,8,Loss/l_total,0.08890485763549805
1786474495.094119,22440,8,LR,9.140576474687264e-05
1786474509.4885528,22460,8,Loss/l_ce,0.12708711624145508
1786474509.4887273,22460,8,Loss/l_total,0.12708711624145508
1786474509.488751,22460,8,LR,9.140576474687264e-05
1786474539.9725385,22480,8,Loss/l_ce,0.1468963623046875
1786474539.9727035,22480,8,Loss/l_total,0.1468963623046875
1786474539.9727273,22480,8,LR,9.140576474687264e-05
1786474563.064985,22500,8,Loss/l_ce,0.21541142463684082
1786474563.065237,22500,8,Loss/l_total,0.21541142463684082
1786474563.0653496,22500,8,LR,9.140576474687264e-05
1786474587.5452213,22520,8,Loss/l_ce,0.07173681259155273
1786474587.5455549,22520,8,Loss/l_total,0.07173681259155273
1786474587.5455859,22520,8,LR,9.140576474687264e-05
1786474641.1599514,22540,8,Loss/l_ce,0.1533653736114502
1786474641.160272,22540,8,Loss/l_total,0.1533653736114502
1786474641.1603038,22540,8,LR,9.140576474687264e-05
1786474659.9609747,22560,8,Loss/l_ce,0.08452248573303223
1786474659.9612157,22560,8,Loss/l_total,0.08452248573303223
1786474659.961243,22560,8,LR,9.140576474687264e-05
1786474681.917532,22580,8,Loss/l_ce,0.10074520111083984
1786474681.9177363,22580,8,Loss/l_total,0.10074520111083984
1786474681.9177754,22580,8,LR,9.140576474687264e-05
1786474701.5333722,22600,8,Loss/l_ce,0.19584369659423828
1786474701.5335631,22600,8,Loss/l_total,0.19584369659423828
1786474701.5335906,22600,8,LR,9.140576474687264e-05
1786474719.8143563,22620,8,Loss/l_ce,0.09483814239501953
1786474719.8145592,22620,8,Loss/l_total,0.09483814239501953
1786474719.8145807,22620,8,LR,9.140576474687264e-05
1786474751.178242,22640,8,Loss/l_ce,0.07650494575500488
1786474751.1784308,22640,8,Loss/l_total,0.07650494575500488
1786474751.1784546,22640,8,LR,9.140576474687264e-05
1786474775.3825192,22660,8,Loss/l_ce,0.07681679725646973
1786474775.3827782,22660,8,Loss/l_total,0.07681679725646973
1786474775.3828113,22660,8,LR,9.140576474687264e-05
1786474787.3335557,22680,8,Loss/l_ce,0.10353279113769531
1786474787.3337574,22680,8,Loss/l_total,0.10353279113769531
1786474787.3337812,22680,8,LR,9.140576474687264e-05
1786474804.3563466,22700,8,Loss/l_ce,0.11290597915649414
1786474804.3565793,22700,8,Loss/l_total,0.11290597915649414
1786474804.3566065,22700,8,LR,9.140576474687264e-05
1786474825.672353,22720,8,Loss/l_ce,0.16420292854309082
1786474825.6725726,22720,8,Loss/l_total,0.16420292854309082
1786474825.672599,22720,8,LR,9.140576474687264e-05
1786474850.044017,22740,8,Loss/l_ce,0.10671615600585938
1786474850.0442832,22740,8,Loss/l_total,0.10671615600585938
1786474850.0443115,22740,8,LR,9.140576474687264e-05
1786474865.3171225,22760,8,Loss/l_ce,0.28696560859680176
1786474865.3172936,22760,8,Loss/l_total,0.28696560859680176
1786474865.3173184,22760,8,LR,9.140576474687264e-05
1786474888.3233707,22780,8,Loss/l_ce,0.11115694046020508
1786474888.323538,22780,8,Loss/l_total,0.11115694046020508
1786474888.3235595,22780,8,LR,9.140576474687264e-05
1786474903.1879332,22800,8,Loss/l_ce,0.1334857940673828
1786474903.1881433,22800,8,Loss/l_total,0.1334857940673828
1786474903.1881707,22800,8,LR,9.140576474687264e-05
1786474918.615145,22820,8,Loss/l_ce,0.13478374481201172
1786474918.6153505,22820,8,Loss/l_total,0.13478374481201172
1786474918.615374,22820,8,LR,9.140576474687264e-05
1786474939.9209247,22840,8,Loss/l_ce,0.08630180358886719
1786474939.9211478,22840,8,Loss/l_total,0.08630180358886719
1786474939.9211786,22840,8,LR,9.140576474687264e-05
1786474999.2699835,22860,8,Loss/l_ce,0.13355207443237305
1786474999.2702553,22860,8,Loss/l_total,0.13355207443237305
1786474999.270279,22860,8,LR,9.140576474687264e-05
1786475048.5316176,22880,8,Loss/l_ce,0.3357877731323242
1786475048.531825,22880,8,Loss/l_total,0.3357877731323242
1786475048.5318468,22880,8,LR,9.140576474687264e-05
1786475096.6971943,22900,8,Loss/l_ce,0.08927631378173828
1786475096.6974423,22900,8,Loss/l_total,0.08927631378173828
1786475096.697465,22900,8,LR,9.140576474687264e-05
1786475153.7863798,22920,8,Loss/l_ce,0.10626721382141113
1786475153.7866337,22920,8,Loss/l_total,0.10626721382141113
1786475153.7866561,22920,8,LR,9.140576474687264e-05
1786475186.9377196,22940,8,Loss/l_ce,0.12252187728881836
1786475186.9378905,22940,8,Loss/l_total,0.12252187728881836
1786475186.9379156,22940,8,LR,9.140576474687264e-05
1786475326.5318692,22950,8,Val/avg_error,0.011811534874141216
1786475326.5322278,22950,8,Val/acc,0.828076171875
1786475326.5322528,22950,8,Val/sparse_auc,0.9105952099116162
1786475326.5322707,22950,8,Val/sparse_pck_max,0.1
1786475326.532286,22950,8,Val/sparse_pck_n,100.0
1786475341.430825,22960,9,Loss/l_ce,0.13107800483703613
1786475341.4309933,22960,9,Loss/l_total,0.13107800483703613
1786475341.4310172,22960,9,LR,8.921826845200139e-05
1786475364.8024838,22980,9,Loss/l_ce,0.13144946098327637
1786475364.8027723,22980,9,Loss/l_total,0.13144946098327637
1786475364.8027995,22980,9,LR,8.921826845200139e-05
1786475384.6210656,23000,9,Loss/l_ce,0.11660051345825195
1786475384.6212177,23000,9,Loss/l_total,0.11660051345825195
1786475384.621244,23000,9,LR,8.921826845200139e-05
1786475411.9814773,23020,9,Loss/l_ce,0.09717154502868652
1786475411.9816768,23020,9,Loss/l_total,0.09717154502868652
1786475411.9817052,23020,9,LR,8.921826845200139e-05
1786475433.5428982,23040,9,Loss/l_ce,0.09108114242553711
1786475433.5431085,23040,9,Loss/l_total,0.09108114242553711
1786475433.5431335,23040,9,LR,8.921826845200139e-05
1786475455.9991431,23060,9,Loss/l_ce,0.14142584800720215
1786475455.9993331,23060,9,Loss/l_total,0.14142584800720215
1786475455.9993615,23060,9,LR,8.921826845200139e-05
1786475477.209344,23080,9,Loss/l_ce,0.11832475662231445
1786475477.2095292,23080,9,Loss/l_total,0.11832475662231445
1786475477.2095551,23080,9,LR,8.921826845200139e-05
1786475498.3513951,23100,9,Loss/l_ce,0.2712717056274414
1786475498.3515625,23100,9,Loss/l_total,0.2712717056274414
1786475498.35159,23100,9,LR,8.921826845200139e-05
1786475516.8472385,23120,9,Loss/l_ce,0.05597209930419922
1786475516.8474169,23120,9,Loss/l_total,0.05597209930419922
1786475516.8474452,23120,9,LR,8.921826845200139e-05
1786475534.5668206,23140,9,Loss/l_ce,0.1471564769744873
1786475534.567027,23140,9,Loss/l_total,0.1471564769744873
1786475534.5670853,23140,9,LR,8.921826845200139e-05
1786475561.4434078,23160,9,Loss/l_ce,0.1276988983154297
1786475561.4435596,23160,9,Loss/l_total,0.1276988983154297
1786475561.4435825,23160,9,LR,8.921826845200139e-05
1786475577.5449207,23180,9,Loss/l_ce,0.23271632194519043
1786475577.545132,23180,9,Loss/l_total,0.23271632194519043
1786475577.5451581,23180,9,LR,8.921826845200139e-05
1786475598.9426906,23200,9,Loss/l_ce,0.08551836013793945
1786475598.9428782,23200,9,Loss/l_total,0.08551836013793945
1786475598.9429042,23200,9,LR,8.921826845200139e-05
1786475619.6112218,23220,9,Loss/l_ce,0.09381675720214844
1786475619.611426,23220,9,Loss/l_total,0.09381675720214844
1786475619.6114545,23220,9,LR,8.921826845200139e-05
1786475642.8807538,23240,9,Loss/l_ce,0.11420917510986328
1786475642.8809593,23240,9,Loss/l_total,0.11420917510986328
1786475642.8811467,23240,9,LR,8.921826845200139e-05
1786475663.244816,23260,9,Loss/l_ce,0.2990708351135254
1786475663.245063,23260,9,Loss/l_total,0.2990708351135254
1786475663.2450893,23260,9,LR,8.921826845200139e-05
1786475681.9842873,23280,9,Loss/l_ce,0.12574195861816406
1786475681.98452,23280,9,Loss/l_total,0.12574195861816406
1786475681.984546,23280,9,LR,8.921826845200139e-05
1786475709.742694,23300,9,Loss/l_ce,0.15183591842651367
1786475709.742954,23300,9,Loss/l_total,0.15183591842651367
1786475709.7429776,23300,9,LR,8.921826845200139e-05
1786475751.580543,23320,9,Loss/l_ce,0.1919693946838379
1786475751.580759,23320,9,Loss/l_total,0.1919693946838379
1786475751.5808635,23320,9,LR,8.921826845200139e-05
1786475813.3628273,23340,9,Loss/l_ce,0.26520586013793945
1786475813.3630824,23340,9,Loss/l_total,0.26520586013793945
1786475813.3633177,23340,9,LR,8.921826845200139e-05
1786475876.0657623,23360,9,Loss/l_ce,0.14761853218078613
1786475876.0660973,23360,9,Loss/l_total,0.14761853218078613
1786475876.0661244,23360,9,LR,8.921826845200139e-05
1786475944.168283,23380,9,Loss/l_ce,0.07417941093444824
1786475944.1686602,23380,9,Loss/l_total,0.07417941093444824
1786475944.1686876,23380,9,LR,8.921826845200139e-05
1786475985.150746,23400,9,Loss/l_ce,0.07188034057617188
1786475985.1509573,23400,9,Loss/l_total,0.07188034057617188
1786475985.1509788,23400,9,LR,8.921826845200139e-05
1786476012.470012,23420,9,Loss/l_ce,0.11711454391479492
1786476012.4702437,23420,9,Loss/l_total,0.11711454391479492
1786476012.4702673,23420,9,LR,8.921826845200139e-05
1786476034.4323053,23440,9,Loss/l_ce,0.11453127861022949
1786476034.4324872,23440,9,Loss/l_total,0.11453127861022949
1786476034.432512,23440,9,LR,8.921826845200139e-05
1786476049.922236,23460,9,Loss/l_ce,0.06782126426696777
1786476049.9224021,23460,9,Loss/l_total,0.06782126426696777
1786476049.922427,23460,9,LR,8.921826845200139e-05
1786476070.3894007,23480,9,Loss/l_ce,0.0945582389831543
1786476070.3895836,23480,9,Loss/l_total,0.0945582389831543
1786476070.389611,23480,9,LR,8.921826845200139e-05
1786476096.5032551,23500,9,Loss/l_ce,0.13713836669921875
1786476096.5034463,23500,9,Loss/l_total,0.13713836669921875
1786476096.5034738,23500,9,LR,8.921826845200139e-05
1786476118.577698,23520,9,Loss/l_ce,0.10139799118041992
1786476118.577851,23520,9,Loss/l_total,0.10139799118041992
1786476118.5778728,23520,9,LR,8.921826845200139e-05
1786476139.7911074,23540,9,Loss/l_ce,0.13206219673156738
1786476139.7913508,23540,9,Loss/l_total,0.13206219673156738
1786476139.7913768,23540,9,LR,8.921826845200139e-05
1786476158.4164972,23560,9,Loss/l_ce,0.13876938819885254
1786476158.4168024,23560,9,Loss/l_total,0.13876938819885254
1786476158.416826,23560,9,LR,8.921826845200139e-05
1786476173.8891096,23580,9,Loss/l_ce,0.1321268081665039
1786476173.8893054,23580,9,Loss/l_total,0.1321268081665039
1786476173.8893313,23580,9,LR,8.921826845200139e-05
1786476185.5208383,23600,9,Loss/l_ce,0.10184168815612793
1786476185.521109,23600,9,Loss/l_total,0.10184168815612793
1786476185.5211387,23600,9,LR,8.921826845200139e-05
1786476201.111001,23620,9,Loss/l_ce,0.10713052749633789
1786476201.1112103,23620,9,Loss/l_total,0.10713052749633789
1786476201.1112351,23620,9,LR,8.921826845200139e-05
1786476214.856498,23640,9,Loss/l_ce,0.09005165100097656
1786476214.856751,23640,9,Loss/l_total,0.09005165100097656
1786476214.856777,23640,9,LR,8.921826845200139e-05
1786476225.1661124,23660,9,Loss/l_ce,0.06383275985717773
1786476225.1663191,23660,9,Loss/l_total,0.06383275985717773
1786476225.1663465,23660,9,LR,8.921826845200139e-05
1786476240.4021108,23680,9,Loss/l_ce,0.07148885726928711
1786476240.4022985,23680,9,Loss/l_total,0.07148885726928711
1786476240.4023259,23680,9,LR,8.921826845200139e-05
1786476254.5436897,23700,9,Loss/l_ce,0.13268256187438965
1786476254.543855,23700,9,Loss/l_total,0.13268256187438965
1786476254.5438762,23700,9,LR,8.921826845200139e-05
1786476264.5248468,23720,9,Loss/l_ce,0.13895678520202637
1786476264.5250962,23720,9,Loss/l_total,0.13895678520202637
1786476264.5253065,23720,9,LR,8.921826845200139e-05
1786476276.337105,23740,9,Loss/l_ce,0.10506558418273926
1786476276.3373165,23740,9,Loss/l_total,0.10506558418273926
1786476276.3373415,23740,9,LR,8.921826845200139e-05
1786476285.9921582,23760,9,Loss/l_ce,0.11664581298828125
1786476285.9925215,23760,9,Loss/l_total,0.11664581298828125
1786476285.992549,23760,9,LR,8.921826845200139e-05
1786476294.126436,23780,9,Loss/l_ce,0.1380152702331543
1786476294.1268053,23780,9,Loss/l_total,0.1380152702331543
1786476294.1268313,23780,9,LR,8.921826845200139e-05
1786476312.4767003,23800,9,Loss/l_ce,0.1012725830078125
1786476312.4769866,23800,9,Loss/l_total,0.1012725830078125
1786476312.4770126,23800,9,LR,8.921826845200139e-05
1786476335.12082,23820,9,Loss/l_ce,0.13692593574523926
1786476335.1209788,23820,9,Loss/l_total,0.13692593574523926
1786476335.1210015,23820,9,LR,8.921826845200139e-05
1786476356.973423,23840,9,Loss/l_ce,0.08621978759765625
1786476356.9736,23840,9,Loss/l_total,0.08621978759765625
1786476356.9736216,23840,9,LR,8.921826845200139e-05
1786476373.1653092,23860,9,Loss/l_ce,0.07360243797302246
1786476373.1655037,23860,9,Loss/l_total,0.07360243797302246
1786476373.1655288,23860,9,LR,8.921826845200139e-05
1786476394.6818302,23880,9,Loss/l_ce,0.10068202018737793
1786476394.6820533,23880,9,Loss/l_total,0.10068202018737793
1786476394.6820807,23880,9,LR,8.921826845200139e-05
1786476419.7709424,23900,9,Loss/l_ce,0.2698209285736084
1786476419.771155,23900,9,Loss/l_total,0.2698209285736084
1786476419.7711787,23900,9,LR,8.921826845200139e-05
1786476435.6073008,23920,9,Loss/l_ce,0.13799285888671875
1786476435.6074622,23920,9,Loss/l_total,0.13799285888671875
1786476435.6074872,23920,9,LR,8.921826845200139e-05
1786476461.4560254,23940,9,Loss/l_ce,0.08038735389709473
1786476461.4562662,23940,9,Loss/l_total,0.08038735389709473
1786476461.4562914,23940,9,LR,8.921826845200139e-05
1786476487.2657602,23960,9,Loss/l_ce,0.12889885902404785
1786476487.2659729,23960,9,Loss/l_total,0.12889885902404785
1786476487.266006,23960,9,LR,8.921826845200139e-05
1786476510.275525,23980,9,Loss/l_ce,0.1141042709350586
1786476510.2757483,23980,9,Loss/l_total,0.1141042709350586
1786476510.2757757,23980,9,LR,8.921826845200139e-05
1786476536.7815442,24000,9,Loss/l_ce,0.16945624351501465
1786476536.7818103,24000,9,Loss/l_total,0.16945624351501465
1786476536.7818353,24000,9,LR,8.921826845200139e-05
1786476563.9214466,24020,9,Loss/l_ce,3.1237831115722656
1786476563.9216628,24020,9,Loss/l_total,3.1237831115722656
1786476563.9216888,24020,9,LR,8.921826845200139e-05
1786476591.9225976,24040,9,Loss/l_ce,0.10367918014526367
1786476591.922847,24040,9,Loss/l_total,0.10367918014526367
1786476591.9228694,24040,9,LR,8.921826845200139e-05
1786476610.5878434,24060,9,Loss/l_ce,0.07428479194641113
1786476610.5880842,24060,9,Loss/l_total,0.07428479194641113
1786476610.5881104,24060,9,LR,8.921826845200139e-05
1786476639.651177,24080,9,Loss/l_ce,1.8789019584655762
1786476639.6515841,24080,9,Loss/l_total,1.8789019584655762
1786476639.6516116,24080,9,LR,8.921826845200139e-05
1786476673.6806688,24100,9,Loss/l_ce,0.08205175399780273
1786476673.680981,24100,9,Loss/l_total,0.08205175399780273
1786476673.6810074,24100,9,LR,8.921826845200139e-05
1786476696.8836534,24120,9,Loss/l_ce,0.11342597007751465
1786476696.8838217,24120,9,Loss/l_total,0.11342597007751465
1786476696.8838434,24120,9,LR,8.921826845200139e-05
1786476720.1502793,24140,9,Loss/l_ce,0.08645296096801758
1786476720.1505084,24140,9,Loss/l_total,0.08645296096801758
1786476720.1505392,24140,9,LR,8.921826845200139e-05
1786476748.5839312,24160,9,Loss/l_ce,0.12134432792663574
1786476748.5841188,24160,9,Loss/l_total,0.12134432792663574
1786476748.5841413,24160,9,LR,8.921826845200139e-05
1786476773.1237926,24180,9,Loss/l_ce,0.1029655933380127
1786476773.1241572,24180,9,Loss/l_total,0.1029655933380127
1786476773.1241844,24180,9,LR,8.921826845200139e-05
1786476802.018948,24200,9,Loss/l_ce,0.13350129127502441
1786476802.0191782,24200,9,Loss/l_total,0.13350129127502441
1786476802.019417,24200,9,LR,8.921826845200139e-05
1786476825.8729377,24220,9,Loss/l_ce,0.1331171989440918
1786476825.873155,24220,9,Loss/l_total,0.1331171989440918
1786476825.8731766,24220,9,LR,8.921826845200139e-05
1786476849.8594573,24240,9,Loss/l_ce,0.08659863471984863
1786476849.8596234,24240,9,Loss/l_total,0.08659863471984863
1786476849.859645,24240,9,LR,8.921826845200139e-05
1786476873.1431515,24260,9,Loss/l_ce,0.12737107276916504
1786476873.1433308,24260,9,Loss/l_total,0.12737107276916504
1786476873.1433523,24260,9,LR,8.921826845200139e-05
1786476895.6748455,24280,9,Loss/l_ce,0.3322281837463379
1786476895.6750555,24280,9,Loss/l_total,0.3322281837463379
1786476895.6752136,24280,9,LR,8.921826845200139e-05
1786476923.6684592,24300,9,Loss/l_ce,0.10469913482666016
1786476923.6686232,24300,9,Loss/l_total,0.10469913482666016
1786476923.6686466,24300,9,LR,8.921826845200139e-05
1786476950.8890822,24320,9,Loss/l_ce,0.16702699661254883
1786476950.8892744,24320,9,Loss/l_total,0.16702699661254883
1786476950.8893006,24320,9,LR,8.921826845200139e-05
1786476972.1944823,24340,9,Loss/l_ce,0.08120369911193848
1786476972.1947188,24340,9,Loss/l_total,0.08120369911193848
1786476972.1947424,24340,9,LR,8.921826845200139e-05
1786477003.2184193,24360,9,Loss/l_ce,0.16945505142211914
1786477003.2186198,24360,9,Loss/l_total,0.16945505142211914
1786477003.2186437,24360,9,LR,8.921826845200139e-05
1786477025.8810718,24380,9,Loss/l_ce,0.07754230499267578
1786477025.8812547,24380,9,Loss/l_total,0.07754230499267578
1786477025.8812797,24380,9,LR,8.921826845200139e-05
1786477056.7869344,24400,9,Loss/l_ce,0.10529613494873047
1786477056.787148,24400,9,Loss/l_total,0.10529613494873047
1786477056.7871718,24400,9,LR,8.921826845200139e-05
1786477086.136442,24420,9,Loss/l_ce,0.06946873664855957
1786477086.136646,24420,9,Loss/l_total,0.06946873664855957
1786477086.1366746,24420,9,LR,8.921826845200139e-05
1786477108.7703679,24440,9,Loss/l_ce,0.13457083702087402
1786477108.770548,24440,9,Loss/l_total,0.13457083702087402
1786477108.770572,24440,9,LR,8.921826845200139e-05
1786477126.3569365,24460,9,Loss/l_ce,0.09607243537902832
1786477126.357161,24460,9,Loss/l_total,0.09607243537902832
1786477126.357187,24460,9,LR,8.921826845200139e-05
1786477156.8473518,24480,9,Loss/l_ce,1.6122558116912842
1786477156.8475764,24480,9,Loss/l_total,1.6122558116912842
1786477156.8476002,24480,9,LR,8.921826845200139e-05
1786477228.3770168,24500,9,Loss/l_ce,0.1260988712310791
1786477228.3772485,24500,9,Loss/l_total,0.1260988712310791
1786477228.3772805,24500,9,LR,8.921826845200139e-05
1786477283.7477033,24520,9,Loss/l_ce,0.06902480125427246
1786477283.7484562,24520,9,Loss/l_total,0.06902480125427246
1786477283.7484941,24520,9,LR,8.921826845200139e-05
1786477313.7165833,24540,9,Loss/l_ce,0.08862066268920898
1786477313.7168303,24540,9,Loss/l_total,0.08862066268920898
1786477313.7168612,24540,9,LR,8.921826845200139e-05
1786477363.8657157,24560,9,Loss/l_ce,0.08244538307189941
1786477363.8659687,24560,9,Loss/l_total,0.08244538307189941
1786477363.8659925,24560,9,LR,8.921826845200139e-05
1786477400.7540858,24580,9,Loss/l_ce,0.1245572566986084
1786477400.7542877,24580,9,Loss/l_total,0.1245572566986084
1786477400.7543104,24580,9,LR,8.921826845200139e-05
1786477423.3140552,24600,9,Loss/l_ce,0.0738685131072998
1786477423.3142378,24600,9,Loss/l_total,0.0738685131072998
1786477423.3142593,24600,9,LR,8.921826845200139e-05
1786477450.966582,24620,9,Loss/l_ce,0.1467740535736084
1786477450.9667447,24620,9,Loss/l_total,0.1467740535736084
1786477450.966766,24620,9,LR,8.921826845200139e-05
1786477480.3652518,24640,9,Loss/l_ce,0.10138916969299316
1786477480.3654573,24640,9,Loss/l_total,0.10138916969299316
1786477480.36548,24640,9,LR,8.921826845200139e-05
1786477514.411412,24660,9,Loss/l_ce,0.2775254249572754
1786477514.411673,24660,9,Loss/l_total,0.2775254249572754
1786477514.4116993,24660,9,LR,8.921826845200139e-05
1786477565.9965796,24680,9,Loss/l_ce,0.0897207260131836
1786477565.9968765,24680,9,Loss/l_total,0.0897207260131836
1786477565.996931,24680,9,LR,8.921826845200139e-05
1786477603.2502263,24700,9,Loss/l_ce,0.21756362915039062
1786477603.2503867,24700,9,Loss/l_total,0.21756362915039062
1786477603.2504127,24700,9,LR,8.921826845200139e-05
1786477662.5802765,24720,9,Loss/l_ce,0.17292165756225586
1786477662.5805116,24720,9,Loss/l_total,0.17292165756225586
1786477662.58054,24720,9,LR,8.921826845200139e-05
1786477715.4070969,24740,9,Loss/l_ce,0.09249639511108398
1786477715.4073,24740,9,Loss/l_total,0.09249639511108398
1786477715.4075255,24740,9,LR,8.921826845200139e-05
1786477776.7834275,24760,9,Loss/l_ce,0.08641695976257324
1786477776.7836342,24760,9,Loss/l_total,0.08641695976257324
1786477776.783657,24760,9,LR,8.921826845200139e-05
1786477826.4551551,24780,9,Loss/l_ce,0.8048782348632812
1786477826.4553878,24780,9,Loss/l_total,0.8048782348632812
1786477826.4554114,24780,9,LR,8.921826845200139e-05
1786477894.058965,24800,9,Loss/l_ce,0.1289067268371582
1786477894.059168,24800,9,Loss/l_total,0.1289067268371582
1786477894.0591917,24800,9,LR,8.921826845200139e-05
1786477948.1837819,24820,9,Loss/l_ce,0.07286334037780762
1786477948.1839802,24820,9,Loss/l_total,0.07286334037780762
1786477948.1840065,24820,9,LR,8.921826845200139e-05
1786478023.3145306,24840,9,Loss/l_ce,0.10674405097961426
1786478023.314737,24840,9,Loss/l_total,0.10674405097961426
1786478023.3147678,24840,9,LR,8.921826845200139e-05
1786478065.23794,24860,9,Loss/l_ce,0.16143560409545898
1786478065.2381597,24860,9,Loss/l_total,0.16143560409545898
1786478065.2381856,24860,9,LR,8.921826845200139e-05
1786478089.7137547,24880,9,Loss/l_ce,0.09525203704833984
1786478089.7139125,24880,9,Loss/l_total,0.09525203704833984
1786478089.7139351,24880,9,LR,8.921826845200139e-05
1786478109.7866497,24900,9,Loss/l_ce,0.08493900299072266
1786478109.7868917,24900,9,Loss/l_total,0.08493900299072266
1786478109.7869155,24900,9,LR,8.921826845200139e-05
1786478134.50891,24920,9,Loss/l_ce,0.09764313697814941
1786478134.5091448,24920,9,Loss/l_total,0.09764313697814941
1786478134.509171,24920,9,LR,8.921826845200139e-05
1786478160.5026925,24940,9,Loss/l_ce,0.2136218547821045
1786478160.502893,24940,9,Loss/l_total,0.2136218547821045
1786478160.5029156,24940,9,LR,8.921826845200139e-05
1786478184.6904995,24960,9,Loss/l_ce,0.10407543182373047
1786478184.690756,24960,9,Loss/l_total,0.10407543182373047
1786478184.6907809,24960,9,LR,8.921826845200139e-05
1786478201.7576504,24980,9,Loss/l_ce,0.054071664810180664
1786478201.7578237,24980,9,Loss/l_total,0.054071664810180664
1786478201.75785,24980,9,LR,8.921826845200139e-05
1786478225.9324076,25000,9,Loss/l_ce,0.12665224075317383
1786478225.932613,25000,9,Loss/l_total,0.12665224075317383
1786478225.9326367,25000,9,LR,8.921826845200139e-05
1786478250.7592885,25020,9,Loss/l_ce,0.12737250328063965
1786478250.759532,25020,9,Loss/l_total,0.12737250328063965
1786478250.7595532,25020,9,LR,8.921826845200139e-05
1786478274.284552,25040,9,Loss/l_ce,0.31469249725341797
1786478274.2847836,25040,9,Loss/l_total,0.31469249725341797
1786478274.284811,25040,9,LR,8.921826845200139e-05
1786478302.4578888,25060,9,Loss/l_ce,0.0940256118774414
1786478302.4580467,25060,9,Loss/l_total,0.0940256118774414
1786478302.4580703,25060,9,LR,8.921826845200139e-05
1786478328.6136286,25080,9,Loss/l_ce,0.09800553321838379
1786478328.6138139,25080,9,Loss/l_total,0.09800553321838379
1786478328.6138387,25080,9,LR,8.921826845200139e-05
1786478348.7919843,25100,9,Loss/l_ce,0.31984448432922363
1786478348.7922575,25100,9,Loss/l_total,0.31984448432922363
1786478348.7922788,25100,9,LR,8.921826845200139e-05
1786478370.4980185,25120,9,Loss/l_ce,0.12604618072509766
1786478370.4984128,25120,9,Loss/l_total,0.12604618072509766
1786478370.4984376,25120,9,LR,8.921826845200139e-05
1786478393.7487009,25140,9,Loss/l_ce,0.13625359535217285
1786478393.7489264,25140,9,Loss/l_total,0.13625359535217285
1786478393.7489538,25140,9,LR,8.921826845200139e-05
1786478410.4300928,25160,9,Loss/l_ce,2.852874279022217
1786478410.430304,25160,9,Loss/l_total,2.852874279022217
1786478410.4303563,25160,9,LR,8.921826845200139e-05
1786478431.6568587,25180,9,Loss/l_ce,0.09263253211975098
1786478431.6570663,25180,9,Loss/l_total,0.09263253211975098
1786478431.6570914,25180,9,LR,8.921826845200139e-05
1786478453.7925367,25200,9,Loss/l_ce,0.10436439514160156
1786478453.7927258,25200,9,Loss/l_total,0.10436439514160156
1786478453.7927482,25200,9,LR,8.921826845200139e-05
1786478479.8161352,25220,9,Loss/l_ce,0.1114206314086914
1786478479.8163335,25220,9,Loss/l_total,0.1114206314086914
1786478479.8163562,25220,9,LR,8.921826845200139e-05
1786478504.3389473,25240,9,Loss/l_ce,0.08182787895202637
1786478504.3392155,25240,9,Loss/l_total,0.08182787895202637
1786478504.339243,25240,9,LR,8.921826845200139e-05
1786478522.6926749,25260,9,Loss/l_ce,0.19947600364685059
1786478522.6932437,25260,9,Loss/l_total,0.19947600364685059
1786478522.6932778,25260,9,LR,8.921826845200139e-05
1786478543.4098272,25280,9,Loss/l_ce,2.5904324054718018
1786478543.410105,25280,9,Loss/l_total,2.5904324054718018
1786478543.410136,25280,9,LR,8.921826845200139e-05
1786478566.2188032,25300,9,Loss/l_ce,0.11486625671386719
1786478566.2189813,25300,9,Loss/l_total,0.11486625671386719
1786478566.2190063,25300,9,LR,8.921826845200139e-05
1786478594.989185,25320,9,Loss/l_ce,0.11939883232116699
1786478594.9893894,25320,9,Loss/l_total,0.11939883232116699
1786478594.989413,25320,9,LR,8.921826845200139e-05
1786478619.276989,25340,9,Loss/l_ce,0.12062239646911621
1786478619.2772202,25340,9,Loss/l_total,0.12062239646911621
1786478619.2772465,25340,9,LR,8.921826845200139e-05
1786478644.6401298,25360,9,Loss/l_ce,0.08984613418579102
1786478644.640295,25360,9,Loss/l_total,0.08984613418579102
1786478644.6403186,25360,9,LR,8.921826845200139e-05
1786478658.4602122,25380,9,Loss/l_ce,1.4139306545257568
1786478658.460394,25380,9,Loss/l_total,1.4139306545257568
1786478658.4604166,25380,9,LR,8.921826845200139e-05
1786478681.9271152,25400,9,Loss/l_ce,0.11116433143615723
1786478681.9272826,25400,9,Loss/l_total,0.11116433143615723
1786478681.9273064,25400,9,LR,8.921826845200139e-05
1786478703.689835,25420,9,Loss/l_ce,0.19359993934631348
1786478703.6900926,25420,9,Loss/l_total,0.19359993934631348
1786478703.6904323,25420,9,LR,8.921826845200139e-05
1786478727.208993,25440,9,Loss/l_ce,0.15635967254638672
1786478727.209215,25440,9,Loss/l_total,0.15635967254638672
1786478727.2092414,25440,9,LR,8.921826845200139e-05
1786478746.8144085,25460,9,Loss/l_ce,0.08204102516174316
1786478746.814575,25460,9,Loss/l_total,0.08204102516174316
1786478746.8145974,25460,9,LR,8.921826845200139e-05
1786478768.9244897,25480,9,Loss/l_ce,0.1038358211517334
1786478768.924695,25480,9,Loss/l_total,0.1038358211517334
1786478768.9247212,25480,9,LR,8.921826845200139e-05
1786478790.6250124,25500,9,Loss/l_ce,0.12632226943969727
1786478790.6252239,25500,9,Loss/l_total,0.12632226943969727
1786478790.6252465,25500,9,LR,8.921826845200139e-05
1786478916.7566278,25500,9,Val/avg_error,0.011177780106663704
1786478916.7569008,25500,9,Val/acc,0.826904296875
1786478916.7569256,25500,9,Val/sparse_auc,0.9111231948390152
1786478916.756945,25500,9,Val/sparse_pck_max,0.1
1786478916.7569637,25500,9,Val/sparse_pck_n,100.0
1786478935.2407348,25520,10,Loss/l_ce,0.11240243911743164
1786478935.240883,25520,10,Loss/l_total,0.11240243911743164
1786478935.2409022,25520,10,LR,8.681980515339464e-05
1786478958.2061841,25540,10,Loss/l_ce,0.13357138633728027
1786478958.206347,25540,10,Loss/l_total,0.13357138633728027
1786478958.2063696,25540,10,LR,8.681980515339464e-05
1786478985.9142032,25560,10,Loss/l_ce,0.10214376449584961
1786478985.9144132,25560,10,Loss/l_total,0.10214376449584961
1786478985.9144382,25560,10,LR,8.681980515339464e-05
1786479016.9075458,25580,10,Loss/l_ce,0.12273812294006348
1786479016.9077191,25580,10,Loss/l_total,0.12273812294006348
1786479016.9077442,25580,10,LR,8.681980515339464e-05
1786479047.431567,25600,10,Loss/l_ce,0.10261011123657227
1786479047.4317615,25600,10,Loss/l_total,0.10261011123657227
1786479047.4318125,25600,10,LR,8.681980515339464e-05
1786479064.9560146,25620,10,Loss/l_ce,0.10526418685913086
1786479064.9561808,25620,10,Loss/l_total,0.10526418685913086
1786479064.9562023,25620,10,LR,8.681980515339464e-05
1786479093.1549234,25640,10,Loss/l_ce,0.22541213035583496
1786479093.1551287,25640,10,Loss/l_total,0.22541213035583496
1786479093.1551526,25640,10,LR,8.681980515339464e-05
1786479118.817562,25660,10,Loss/l_ce,0.3790712356567383
1786479118.8178115,25660,10,Loss/l_total,0.3790712356567383
1786479118.817841,25660,10,LR,8.681980515339464e-05
1786479146.245457,25680,10,Loss/l_ce,0.13134479522705078
1786479146.24568,25680,10,Loss/l_total,0.13134479522705078
1786479146.2457013,25680,10,LR,8.681980515339464e-05
1786479175.600072,25700,10,Loss/l_ce,0.07257652282714844
1786479175.6003141,25700,10,Loss/l_total,0.07257652282714844
1786479175.600339,25700,10,LR,8.681980515339464e-05
1786479193.5223804,25720,10,Loss/l_ce,0.10288524627685547
1786479193.5225418,25720,10,Loss/l_total,0.10288524627685547
1786479193.5225668,25720,10,LR,8.681980515339464e-05
1786479209.8555777,25740,10,Loss/l_ce,0.07849264144897461
1786479209.8557959,25740,10,Loss/l_total,0.07849264144897461
1786479209.855821,25740,10,LR,8.681980515339464e-05
1786479235.7060678,25760,10,Loss/l_ce,0.1739673614501953
1786479235.7062504,25760,10,Loss/l_total,0.1739673614501953
1786479235.7062743,25760,10,LR,8.681980515339464e-05
1786479255.0469818,25780,10,Loss/l_ce,0.07982540130615234
1786479255.0472136,25780,10,Loss/l_total,0.07982540130615234
1786479255.0472398,25780,10,LR,8.681980515339464e-05
1786479273.622801,25800,10,Loss/l_ce,0.1850287914276123
1786479273.6229758,25800,10,Loss/l_total,0.1850287914276123
1786479273.6230018,25800,10,LR,8.681980515339464e-05
1786479301.1696973,25820,10,Loss/l_ce,0.09505438804626465
1786479301.1698563,25820,10,Loss/l_total,0.09505438804626465
1786479301.1698802,25820,10,LR,8.681980515339464e-05
1786479326.1636772,25840,10,Loss/l_ce,0.11867213249206543
1786479326.1638708,25840,10,Loss/l_total,0.11867213249206543
1786479326.1638956,25840,10,LR,8.681980515339464e-05
1786479348.5743341,25860,10,Loss/l_ce,0.19036316871643066
1786479348.5746262,25860,10,Loss/l_total,0.19036316871643066
1786479348.5746524,25860,10,LR,8.681980515339464e-05
1786479372.969381,25880,10,Loss/l_ce,0.1570899486541748
1786479372.969609,25880,10,Loss/l_total,0.1570899486541748
1786479372.969635,25880,10,LR,8.681980515339464e-05
1786479397.390566,25900,10,Loss/l_ce,0.12631916999816895
1786479397.390843,25900,10,Loss/l_total,0.12631916999816895
1786479397.3908677,25900,10,LR,8.681980515339464e-05
1786479426.6224844,25920,10,Loss/l_ce,0.09722423553466797
1786479426.6226947,25920,10,Loss/l_total,0.09722423553466797
1786479426.6227186,25920,10,LR,8.681980515339464e-05
1786479447.771629,25940,10,Loss/l_ce,0.09033417701721191
1786479447.7718618,25940,10,Loss/l_total,0.09033417701721191
1786479447.7718832,25940,10,LR,8.681980515339464e-05
1786479469.9688125,25960,10,Loss/l_ce,0.18683314323425293
1786479469.969056,25960,10,Loss/l_total,0.18683314323425293
1786479469.9690785,25960,10,LR,8.681980515339464e-05
1786479489.0961285,25980,10,Loss/l_ce,0.39267516136169434
1786479489.096454,25980,10,Loss/l_total,0.39267516136169434
1786479489.0964777,25980,10,LR,8.681980515339464e-05
1786479511.95582,26000,10,Loss/l_ce,0.8081216812133789
1786479511.9562485,26000,10,Loss/l_total,0.8081216812133789
1786479511.956277,26000,10,LR,8.681980515339464e-05
1786479533.8364758,26020,10,Loss/l_ce,0.07577776908874512
1786479533.8366945,26020,10,Loss/l_total,0.07577776908874512
1786479533.8367157,26020,10,LR,8.681980515339464e-05
1786479560.5143144,26040,10,Loss/l_ce,0.08053016662597656
1786479560.5146208,26040,10,Loss/l_total,0.08053016662597656
1786479560.5146422,26040,10,LR,8.681980515339464e-05
1786479581.3898215,26060,10,Loss/l_ce,0.0547785758972168
1786479581.390186,26060,10,Loss/l_total,0.0547785758972168
1786479581.3902144,26060,10,LR,8.681980515339464e-05
1786479612.5302527,26080,10,Loss/l_ce,0.10048079490661621
1786479612.530438,26080,10,Loss/l_total,0.10048079490661621
1786479612.5304627,26080,10,LR,8.681980515339464e-05
1786479627.295457,26100,10,Loss/l_ce,0.058423757553100586
1786479627.295808,26100,10,Loss/l_total,0.058423757553100586
1786479627.295832,26100,10,LR,8.681980515339464e-05
1786479653.7787244,26120,10,Loss/l_ce,0.09158658981323242
1786479653.7789536,26120,10,Loss/l_total,0.09158658981323242
1786479653.7789774,26120,10,LR,8.681980515339464e-05
1786479679.2876928,26140,10,Loss/l_ce,0.10308074951171875
1786479679.287897,26140,10,Loss/l_total,0.10308074951171875
1786479679.2879195,26140,10,LR,8.681980515339464e-05
1786479713.1758149,26160,10,Loss/l_ce,0.1049811840057373
1786479713.1761045,26160,10,Loss/l_total,0.1049811840057373
1786479713.1764038,26160,10,LR,8.681980515339464e-05
1786479733.8946073,26180,10,Loss/l_ce,0.08103179931640625
1786479733.8947794,26180,10,Loss/l_total,0.08103179931640625
1786479733.8948045,26180,10,LR,8.681980515339464e-05
1786479768.4925063,26200,10,Loss/l_ce,0.07178306579589844
1786479768.4927154,26200,10,Loss/l_total,0.07178306579589844
1786479768.492739,26200,10,LR,8.681980515339464e-05
1786479790.5339062,26220,10,Loss/l_ce,0.0944221019744873
1786479790.5340889,26220,10,Loss/l_total,0.0944221019744873
1786479790.5341127,26220,10,LR,8.681980515339464e-05
1786479815.0322945,26240,10,Loss/l_ce,0.08603119850158691
1786479815.032464,26240,10,Loss/l_total,0.08603119850158691
1786479815.0324893,26240,10,LR,8.681980515339464e-05
1786479836.3906596,26260,10,Loss/l_ce,0.08322715759277344
1786479836.3908436,26260,10,Loss/l_total,0.08322715759277344
1786479836.3908684,26260,10,LR,8.681980515339464e-05
1786479855.714946,26280,10,Loss/l_ce,0.11662459373474121
1786479855.715224,26280,10,Loss/l_total,0.11662459373474121
1786479855.7152503,26280,10,LR,8.681980515339464e-05
1786479882.087167,26300,10,Loss/l_ce,0.13110089302062988
1786479882.0874603,26300,10,Loss/l_total,0.13110089302062988
1786479882.087485,26300,10,LR,8.681980515339464e-05
1786479898.3467717,26320,10,Loss/l_ce,0.09515261650085449
1786479898.3469567,26320,10,Loss/l_total,0.09515261650085449
1786479898.346983,26320,10,LR,8.681980515339464e-05
1786479917.927247,26340,10,Loss/l_ce,0.0827028751373291
1786479917.927463,26340,10,Loss/l_total,0.0827028751373291
1786479917.9275,26340,10,LR,8.681980515339464e-05
1786479933.557584,26360,10,Loss/l_ce,0.11573219299316406
1786479933.5577836,26360,10,Loss/l_total,0.11573219299316406
1786479933.5578096,26360,10,LR,8.681980515339464e-05
1786479942.1882722,26380,10,Loss/l_ce,0.15639567375183105
1786479942.1884477,26380,10,Loss/l_total,0.15639567375183105
1786479942.1884716,26380,10,LR,8.681980515339464e-05
1786479950.4364867,26400,10,Loss/l_ce,0.09432411193847656
1786479950.4366648,26400,10,Loss/l_total,0.09432411193847656
1786479950.436691,26400,10,LR,8.681980515339464e-05
1786479961.8196595,26420,10,Loss/l_ce,0.13370108604431152
1786479961.8198779,26420,10,Loss/l_total,0.13370108604431152
1786479961.8199053,26420,10,LR,8.681980515339464e-05
1786479975.974758,26440,10,Loss/l_ce,0.1670229434967041
1786479975.9749315,26440,10,Loss/l_total,0.1670229434967041
1786479975.9749575,26440,10,LR,8.681980515339464e-05
1786479990.6234086,26460,10,Loss/l_ce,0.09483838081359863
1786479990.6236188,26460,10,Loss/l_total,0.09483838081359863
1786479990.6236413,26460,10,LR,8.681980515339464e-05
1786479999.8091152,26480,10,Loss/l_ce,0.12985491752624512
1786479999.8092895,26480,10,Loss/l_total,0.12985491752624512
1786479999.8093169,26480,10,LR,8.681980515339464e-05
1786480010.746676,26500,10,Loss/l_ce,0.08965468406677246
1786480010.7468696,26500,10,Loss/l_total,0.08965468406677246
1786480010.7468967,26500,10,LR,8.681980515339464e-05
1786480020.1943998,26520,10,Loss/l_ce,0.4173610210418701
1786480020.1945825,26520,10,Loss/l_total,0.4173610210418701
1786480020.1946158,26520,10,LR,8.681980515339464e-05
1786480030.4867544,26540,10,Loss/l_ce,0.08501100540161133
1786480030.4869573,26540,10,Loss/l_total,0.08501100540161133
1786480030.486982,26540,10,LR,8.681980515339464e-05
1786480042.6135516,26560,10,Loss/l_ce,0.1826801300048828
1786480042.6137261,26560,10,Loss/l_total,0.1826801300048828
1786480042.613751,26560,10,LR,8.681980515339464e-05
1786480057.2170584,26580,10,Loss/l_ce,0.07098054885864258
1786480057.21724,26580,10,Loss/l_total,0.07098054885864258
1786480057.217266,26580,10,LR,8.681980515339464e-05
1786480082.0901587,26600,10,Loss/l_ce,0.13477563858032227
1786480082.0903282,26600,10,Loss/l_total,0.13477563858032227
1786480082.0903509,26600,10,LR,8.681980515339464e-05
1786480110.8009863,26620,10,Loss/l_ce,0.1170501708984375
1786480110.8013,26620,10,Loss/l_total,0.1170501708984375
1786480110.8013234,26620,10,LR,8.681980515339464e-05
1786480133.59306,26640,10,Loss/l_ce,0.06137442588806152
1786480133.5932748,26640,10,Loss/l_total,0.06137442588806152
1786480133.5932996,26640,10,LR,8.681980515339464e-05
1786480152.3732278,26660,10,Loss/l_ce,0.09895849227905273
1786480152.3734033,26660,10,Loss/l_total,0.09895849227905273
1786480152.3734272,26660,10,LR,8.681980515339464e-05
1786480176.9692786,26680,10,Loss/l_ce,1.0170550346374512
1786480176.9694662,26680,10,Loss/l_total,1.0170550346374512
1786480176.9694922,26680,10,LR,8.681980515339464e-05
1786480201.9013655,26700,10,Loss/l_ce,0.17468595504760742
1786480201.9015698,26700,10,Loss/l_total,0.17468595504760742
1786480201.9015923,26700,10,LR,8.681980515339464e-05
1786480225.4928849,26720,10,Loss/l_ce,0.1127309799194336
1786480225.4930844,26720,10,Loss/l_total,0.1127309799194336
1786480225.493114,26720,10,LR,8.681980515339464e-05
1786480239.779201,26740,10,Loss/l_ce,0.1471104621887207
1786480239.7793806,26740,10,Loss/l_total,0.1471104621887207
1786480239.7794054,26740,10,LR,8.681980515339464e-05
1786480255.818328,26760,10,Loss/l_ce,0.12034869194030762
1786480255.8185499,26760,10,Loss/l_total,0.12034869194030762
1786480255.8185735,26760,10,LR,8.681980515339464e-05
1786480287.0289173,26780,10,Loss/l_ce,0.11216115951538086
1786480287.0291226,26780,10,Loss/l_total,0.11216115951538086
1786480287.0291486,26780,10,LR,8.681980515339464e-05
1786480310.7893887,26800,10,Loss/l_ce,0.11664676666259766
1786480310.789551,26800,10,Loss/l_total,0.11664676666259766
1786480310.7895749,26800,10,LR,8.681980515339464e-05
1786480328.1340797,26820,10,Loss/l_ce,0.11647200584411621
1786480328.1342864,26820,10,Loss/l_total,0.11647200584411621
1786480328.1343114,26820,10,LR,8.681980515339464e-05
1786480346.83741,26840,10,Loss/l_ce,0.1163637638092041
1786480346.8375776,26840,10,Loss/l_total,0.1163637638092041
1786480346.8375988,26840,10,LR,8.681980515339464e-05
1786480373.446885,26860,10,Loss/l_ce,0.0818171501159668
1786480373.447087,26860,10,Loss/l_total,0.0818171501159668
1786480373.4471107,26860,10,LR,8.681980515339464e-05
1786480392.750356,26880,10,Loss/l_ce,0.1494913101196289
1786480392.750534,26880,10,Loss/l_total,0.1494913101196289
1786480392.750559,26880,10,LR,8.681980515339464e-05
1786480415.3633502,26900,10,Loss/l_ce,0.1221165657043457
1786480415.3635938,26900,10,Loss/l_total,0.1221165657043457
1786480415.3636198,26900,10,LR,8.681980515339464e-05
1786480444.678448,26920,10,Loss/l_ce,0.09487223625183105
1786480444.6786427,26920,10,Loss/l_total,0.09487223625183105
1786480444.6786702,26920,10,LR,8.681980515339464e-05
1786480473.8631475,26940,10,Loss/l_ce,0.09911108016967773
1786480473.8633196,26940,10,Loss/l_total,0.09911108016967773
1786480473.8633447,26940,10,LR,8.681980515339464e-05
1786480500.9509332,26960,10,Loss/l_ce,0.12879109382629395
1786480500.951204,26960,10,Loss/l_total,0.12879109382629395
1786480500.9512289,26960,10,LR,8.681980515339464e-05
1786480522.4717011,26980,10,Loss/l_ce,0.08451271057128906
1786480522.4718733,26980,10,Loss/l_total,0.08451271057128906
1786480522.4718983,26980,10,LR,8.681980515339464e-05
1786480548.3409593,27000,10,Loss/l_ce,0.0910806655883789
1786480548.3411088,27000,10,Loss/l_total,0.0910806655883789
1786480548.3411326,27000,10,LR,8.681980515339464e-05
1786480574.1854074,27020,10,Loss/l_ce,0.0933079719543457
1786480574.1856,27020,10,Loss/l_total,0.0933079719543457
1786480574.185709,27020,10,LR,8.681980515339464e-05
1786480591.7690868,27040,10,Loss/l_ce,0.09893202781677246
1786480591.769242,27040,10,Loss/l_total,0.09893202781677246
1786480591.769266,27040,10,LR,8.681980515339464e-05
1786480623.1220827,27060,10,Loss/l_ce,0.1257016658782959
1786480623.1222703,27060,10,Loss/l_total,0.1257016658782959
1786480623.1222954,27060,10,LR,8.681980515339464e-05
1786480647.5024347,27080,10,Loss/l_ce,0.10635852813720703
1786480647.5026343,27080,10,Loss/l_total,0.10635852813720703
1786480647.502659,27080,10,LR,8.681980515339464e-05
1786480666.708512,27100,10,Loss/l_ce,0.2797534465789795
1786480666.7087164,27100,10,Loss/l_total,0.2797534465789795
1786480666.7087436,27100,10,LR,8.681980515339464e-05
1786480693.7447624,27120,10,Loss/l_ce,0.11301946640014648
1786480693.7449582,27120,10,Loss/l_total,0.11301946640014648
1786480693.744982,27120,10,LR,8.681980515339464e-05
1786480717.0457351,27140,10,Loss/l_ce,0.5933222770690918
1786480717.04588,27140,10,Loss/l_total,0.5933222770690918
1786480717.0459037,27140,10,LR,8.681980515339464e-05
1786480744.6853578,27160,10,Loss/l_ce,0.2384800910949707
1786480744.6855195,27160,10,Loss/l_total,0.2384800910949707
1786480744.6855443,27160,10,LR,8.681980515339464e-05
1786480768.7035055,27180,10,Loss/l_ce,0.10138511657714844
1786480768.7037024,27180,10,Loss/l_total,0.10138511657714844
1786480768.7037277,27180,10,LR,8.681980515339464e-05
1786480788.5823565,27200,10,Loss/l_ce,0.33925962448120117
1786480788.5825477,27200,10,Loss/l_total,0.33925962448120117
1786480788.582576,27200,10,LR,8.681980515339464e-05
1786480814.429859,27220,10,Loss/l_ce,0.09252023696899414
1786480814.4300973,27220,10,Loss/l_total,0.09252023696899414
1786480814.4301212,27220,10,LR,8.681980515339464e-05
1786480840.5142946,27240,10,Loss/l_ce,0.09704732894897461
1786480840.5145438,27240,10,Loss/l_total,0.09704732894897461
1786480840.51457,27240,10,LR,8.681980515339464e-05
1786480861.9128664,27260,10,Loss/l_ce,0.255662202835083
1786480861.913131,27260,10,Loss/l_total,0.255662202835083
1786480861.9131572,27260,10,LR,8.681980515339464e-05
1786480891.5620837,27280,10,Loss/l_ce,0.057512521743774414
1786480891.5622869,27280,10,Loss/l_total,0.057512521743774414
1786480891.5623097,27280,10,LR,8.681980515339464e-05
1786480911.1802537,27300,10,Loss/l_ce,0.07677316665649414
1786480911.1804292,27300,10,Loss/l_total,0.07677316665649414
1786480911.1804545,27300,10,LR,8.681980515339464e-05
1786480930.1777642,27320,10,Loss/l_ce,0.34878993034362793
1786480930.1779244,27320,10,Loss/l_total,0.34878993034362793
1786480930.1779468,27320,10,LR,8.681980515339464e-05
1786480957.7386522,27340,10,Loss/l_ce,0.10335278511047363
1786480957.7388208,27340,10,Loss/l_total,0.10335278511047363
1786480957.7388456,27340,10,LR,8.681980515339464e-05
1786480981.8262906,27360,10,Loss/l_ce,0.10929560661315918
1786480981.826476,27360,10,Loss/l_total,0.10929560661315918
1786480981.8264997,27360,10,LR,8.681980515339464e-05
1786481002.2681072,27380,10,Loss/l_ce,0.08045530319213867
1786481002.2682724,27380,10,Loss/l_total,0.08045530319213867
1786481002.2682927,27380,10,LR,8.681980515339464e-05
1786481022.1031334,27400,10,Loss/l_ce,0.12958931922912598
1786481022.103289,27400,10,Loss/l_total,0.12958931922912598
1786481022.1033115,27400,10,LR,8.681980515339464e-05
1786481035.866446,27420,10,Loss/l_ce,0.09811568260192871
1786481035.8666112,27420,10,Loss/l_total,0.09811568260192871
1786481035.8666325,27420,10,LR,8.681980515339464e-05
1786481045.3797772,27440,10,Loss/l_ce,0.0923776626586914
1786481045.3799627,27440,10,Loss/l_total,0.0923776626586914
1786481045.3799863,27440,10,LR,8.681980515339464e-05
1786481063.196854,27460,10,Loss/l_ce,0.0985419750213623
1786481063.1970074,27460,10,Loss/l_total,0.0985419750213623
1786481063.197057,27460,10,LR,8.681980515339464e-05
1786481076.5467668,27480,10,Loss/l_ce,0.12426996231079102
1786481076.5469592,27480,10,Loss/l_total,0.12426996231079102
1786481076.5469887,27480,10,LR,8.681980515339464e-05
1786481090.2214017,27500,10,Loss/l_ce,0.13296818733215332
1786481090.221588,27500,10,Loss/l_total,0.13296818733215332
1786481090.2216082,27500,10,LR,8.681980515339464e-05
1786481102.9828022,27520,10,Loss/l_ce,0.11212682723999023
1786481102.9829602,27520,10,Loss/l_total,0.11212682723999023
1786481102.9829874,27520,10,LR,8.681980515339464e-05
1786481116.258014,27540,10,Loss/l_ce,0.11895918846130371
1786481116.2582169,27540,10,Loss/l_total,0.11895918846130371
1786481116.258242,27540,10,LR,8.681980515339464e-05
1786481126.3732285,27560,10,Loss/l_ce,0.0855414867401123
1786481126.3733876,27560,10,Loss/l_total,0.0855414867401123
1786481126.3734114,27560,10,LR,8.681980515339464e-05
1786481143.989758,27580,10,Loss/l_ce,0.10570836067199707
1786481143.98998,27580,10,Loss/l_total,0.10570836067199707
1786481143.9900026,27580,10,LR,8.681980515339464e-05
1786481163.0776768,27600,10,Loss/l_ce,0.08383893966674805
1786481163.0778883,27600,10,Loss/l_total,0.08383893966674805
1786481163.077913,27600,10,LR,8.681980515339464e-05
1786481171.2974582,27620,10,Loss/l_ce,0.06878924369812012
1786481171.2976456,27620,10,Loss/l_total,0.06878924369812012
1786481171.2976706,27620,10,LR,8.681980515339464e-05
1786481198.4778123,27640,10,Loss/l_ce,0.10685348510742188
1786481198.478076,27640,10,Loss/l_total,0.10685348510742188
1786481198.4781008,27640,10,LR,8.681980515339464e-05
1786481221.2239475,27660,10,Loss/l_ce,0.19975709915161133
1786481221.2241304,27660,10,Loss/l_total,0.19975709915161133
1786481221.224159,27660,10,LR,8.681980515339464e-05
1786481245.058689,27680,10,Loss/l_ce,0.06652951240539551
1786481245.0588753,27680,10,Loss/l_total,0.06652951240539551
1786481245.0589025,27680,10,LR,8.681980515339464e-05
1786481264.6719666,27700,10,Loss/l_ce,0.10747790336608887
1786481264.6722171,27700,10,Loss/l_total,0.10747790336608887
1786481264.672243,27700,10,LR,8.681980515339464e-05
1786481283.9329257,27720,10,Loss/l_ce,0.11243152618408203
1786481283.933125,27720,10,Loss/l_total,0.11243152618408203
1786481283.9331512,27720,10,LR,8.681980515339464e-05
1786481307.3439612,27740,10,Loss/l_ce,0.10153532028198242
1786481307.344207,27740,10,Loss/l_total,0.10153532028198242
1786481307.3442369,27740,10,LR,8.681980515339464e-05
1786481333.6939442,27760,10,Loss/l_ce,0.0939486026763916
1786481333.6941807,27760,10,Loss/l_total,0.0939486026763916
1786481333.6942067,27760,10,LR,8.681980515339464e-05
1786481352.9292142,27780,10,Loss/l_ce,0.06821799278259277
1786481352.92946,27780,10,Loss/l_total,0.06821799278259277
1786481352.9294884,27780,10,LR,8.681980515339464e-05
1786481376.6123924,27800,10,Loss/l_ce,0.10644173622131348
1786481376.6125553,27800,10,Loss/l_total,0.10644173622131348
1786481376.612579,27800,10,LR,8.681980515339464e-05
1786481404.1493838,27820,10,Loss/l_ce,0.05982041358947754
1786481404.149556,27820,10,Loss/l_total,0.05982041358947754
1786481404.1495821,27820,10,LR,8.681980515339464e-05
1786481428.0786495,27840,10,Loss/l_ce,0.2595376968383789
1786481428.0788147,27840,10,Loss/l_total,0.2595376968383789
1786481428.078835,27840,10,LR,8.681980515339464e-05
1786481451.1894503,27860,10,Loss/l_ce,0.08931565284729004
1786481451.189683,27860,10,Loss/l_total,0.08931565284729004
1786481451.1897116,27860,10,LR,8.681980515339464e-05
1786481479.2346365,27880,10,Loss/l_ce,0.15121889114379883
1786481479.234848,27880,10,Loss/l_total,0.15121889114379883
1786481479.2348719,27880,10,LR,8.681980515339464e-05
1786481494.8361425,27900,10,Loss/l_ce,0.1642470359802246
1786481494.8363087,27900,10,Loss/l_total,0.1642470359802246
1786481494.8363314,27900,10,LR,8.681980515339464e-05
1786481515.5559523,27920,10,Loss/l_ce,0.0906057357788086
1786481515.5561554,27920,10,Loss/l_total,0.0906057357788086
1786481515.5561862,27920,10,LR,8.681980515339464e-05
1786481534.8466606,27940,10,Loss/l_ce,0.31476664543151855
1786481534.8468635,27940,10,Loss/l_total,0.31476664543151855
1786481534.8468862,27940,10,LR,8.681980515339464e-05
1786481552.064417,27960,10,Loss/l_ce,0.13520550727844238
1786481552.064609,27960,10,Loss/l_total,0.13520550727844238
1786481552.064635,27960,10,LR,8.681980515339464e-05
1786481573.7915149,27980,10,Loss/l_ce,0.12012362480163574
1786481573.7916703,27980,10,Loss/l_total,0.12012362480163574
1786481573.7916942,27980,10,LR,8.681980515339464e-05
1786481598.0844853,28000,10,Loss/l_ce,0.1951897144317627
1786481598.084718,28000,10,Loss/l_total,0.1951897144317627
1786481598.0847454,28000,10,LR,8.681980515339464e-05
1786481628.2958114,28020,10,Loss/l_ce,0.08892250061035156
1786481628.2960083,28020,10,Loss/l_total,0.08892250061035156
1786481628.2960656,28020,10,LR,8.681980515339464e-05
1786481652.340123,28040,10,Loss/l_ce,0.29903316497802734
1786481652.3403082,28040,10,Loss/l_total,0.29903316497802734
1786481652.3403344,28040,10,LR,8.681980515339464e-05
1786481810.0375266,28050,10,Val/avg_error,0.013363802805542946
1786481810.0378435,28050,10,Val/acc,0.808935546875
1786481810.0378685,28050,10,Val/sparse_auc,0.9012914792455807
1786481810.0378885,28050,10,Val/sparse_pck_max,0.1
1786481810.037911,28050,10,Val/sparse_pck_n,100.0
1786481822.0248458,28060,11,Loss/l_ce,0.11643505096435547
1786481822.0250087,28060,11,Loss/l_total,0.11643505096435547
1786481822.0250537,28060,11,LR,8.422516217485827e-05
1786481846.8759735,28080,11,Loss/l_ce,0.1387467384338379
1786481846.8761919,28080,11,Loss/l_total,0.1387467384338379
1786481846.8762262,28080,11,LR,8.422516217485827e-05
1786481870.963576,28100,11,Loss/l_ce,0.08048582077026367
1786481870.96381,28100,11,Loss/l_total,0.08048582077026367
1786481870.9638336,28100,11,LR,8.422516217485827e-05
1786481892.1525974,28120,11,Loss/l_ce,0.0838160514831543
1786481892.1527805,28120,11,Loss/l_total,0.0838160514831543
1786481892.1528041,28120,11,LR,8.422516217485827e-05
1786481925.103505,28140,11,Loss/l_ce,0.12857437133789062
1786481925.103652,28140,11,Loss/l_total,0.12857437133789062
1786481925.1036773,28140,11,LR,8.422516217485827e-05
1786481952.9975533,28160,11,Loss/l_ce,0.10416746139526367
1786481952.9977088,28160,11,Loss/l_total,0.10416746139526367
1786481952.9977312,28160,11,LR,8.422516217485827e-05
1786481975.036452,28180,11,Loss/l_ce,0.1695702075958252
1786481975.036697,28180,11,Loss/l_total,0.1695702075958252
1786481975.0367277,28180,11,LR,8.422516217485827e-05
1786482005.30716,28200,11,Loss/l_ce,0.11069583892822266
1786482005.307338,28200,11,Loss/l_total,0.11069583892822266
1786482005.3073676,28200,11,LR,8.422516217485827e-05
1786482033.9688082,28220,11,Loss/l_ce,0.08314204216003418
1786482033.9689791,28220,11,Loss/l_total,0.08314204216003418
1786482033.9689982,28220,11,LR,8.422516217485827e-05
1786482056.659764,28240,11,Loss/l_ce,0.0638883113861084
1786482056.6599007,28240,11,Loss/l_total,0.0638883113861084
1786482056.6599243,28240,11,LR,8.422516217485827e-05
1786482075.0663676,28260,11,Loss/l_ce,0.1281604766845703
1786482075.0665352,28260,11,Loss/l_total,0.1281604766845703
1786482075.066559,28260,11,LR,8.422516217485827e-05
1786482091.7240062,28280,11,Loss/l_ce,0.10807013511657715
1786482091.72417,28280,11,Loss/l_total,0.10807013511657715
1786482091.7241926,28280,11,LR,8.422516217485827e-05
1786482107.8136332,28300,11,Loss/l_ce,0.12965774536132812
1786482107.8138044,28300,11,Loss/l_total,0.12965774536132812
1786482107.8138268,28300,11,LR,8.422516217485827e-05
1786482120.8650546,28320,11,Loss/l_ce,0.12570858001708984
1786482120.865216,28320,11,Loss/l_total,0.12570858001708984
1786482120.8652399,28320,11,LR,8.422516217485827e-05
1786482132.2779152,28340,11,Loss/l_ce,0.08112502098083496
1786482132.2780993,28340,11,Loss/l_total,0.08112502098083496
1786482132.278124,28340,11,LR,8.422516217485827e-05
1786482144.1741073,28360,11,Loss/l_ce,0.10296177864074707
1786482144.174269,28360,11,Loss/l_total,0.10296177864074707
1786482144.174295,28360,11,LR,8.422516217485827e-05
1786482154.9076915,28380,11,Loss/l_ce,0.12766551971435547
1786482154.9078445,28380,11,Loss/l_total,0.12766551971435547
1786482154.9078696,28380,11,LR,8.422516217485827e-05
1786482168.3681247,28400,11,Loss/l_ce,0.09810566902160645
1786482168.368292,28400,11,Loss/l_total,0.09810566902160645
1786482168.368348,28400,11,LR,8.422516217485827e-05
1786482183.1633847,28420,11,Loss/l_ce,0.0762331485748291
1786482183.1636255,28420,11,Loss/l_total,0.0762331485748291
1786482183.1636539,28420,11,LR,8.422516217485827e-05
1786482201.7630837,28440,11,Loss/l_ce,0.18783044815063477
1786482201.763371,28440,11,Loss/l_total,0.18783044815063477
1786482201.763396,28440,11,LR,8.422516217485827e-05
1786482214.3596516,28460,11,Loss/l_ce,0.08499884605407715
1786482214.3598914,28460,11,Loss/l_total,0.08499884605407715
1786482214.3599153,28460,11,LR,8.422516217485827e-05
1786482238.9344242,28480,11,Loss/l_ce,0.1113128662109375
1786482238.9347553,28480,11,Loss/l_total,0.1113128662109375
1786482238.9347816,28480,11,LR,8.422516217485827e-05
1786482262.12627,28500,11,Loss/l_ce,0.09302067756652832
1786482262.1265965,28500,11,Loss/l_total,0.09302067756652832
1786482262.1266248,28500,11,LR,8.422516217485827e-05
1786482279.4741333,28520,11,Loss/l_ce,0.12713980674743652
1786482279.4743598,28520,11,Loss/l_total,0.12713980674743652
1786482279.4743848,28520,11,LR,8.422516217485827e-05
1786482297.6531217,28540,11,Loss/l_ce,0.12694334983825684
1786482297.6534922,28540,11,Loss/l_total,0.12694334983825684
1786482297.6535578,28540,11,LR,8.422516217485827e-05
1786482313.8792343,28560,11,Loss/l_ce,0.13514471054077148
1786482313.8794208,28560,11,Loss/l_total,0.13514471054077148
1786482313.8794456,28560,11,LR,8.422516217485827e-05
1786482338.0855477,28580,11,Loss/l_ce,0.11638283729553223
1786482338.0857768,28580,11,Loss/l_total,0.11638283729553223
1786482338.0858006,28580,11,LR,8.422516217485827e-05
1786482365.7071145,28600,11,Loss/l_ce,0.10550999641418457
1786482365.70727,28600,11,Loss/l_total,0.10550999641418457
1786482365.7072937,28600,11,LR,8.422516217485827e-05
1786482393.0274816,28620,11,Loss/l_ce,0.11448931694030762
1786482393.0276513,28620,11,Loss/l_total,0.11448931694030762
1786482393.027675,28620,11,LR,8.422516217485827e-05
1786482412.7314837,28640,11,Loss/l_ce,0.07728004455566406
1786482412.7316465,28640,11,Loss/l_total,0.07728004455566406
1786482412.7316725,28640,11,LR,8.422516217485827e-05
1786482441.4461834,28660,11,Loss/l_ce,0.11437797546386719
1786482441.446358,28660,11,Loss/l_total,0.11437797546386719
1786482441.4463818,28660,11,LR,8.422516217485827e-05
1786482472.3578238,28680,11,Loss/l_ce,0.08009743690490723
1786482472.3579817,28680,11,Loss/l_total,0.08009743690490723
1786482472.3580043,28680,11,LR,8.422516217485827e-05
1786482503.6792202,28700,11,Loss/l_ce,0.08104825019836426
1786482503.679396,28700,11,Loss/l_total,0.08104825019836426
1786482503.6794174,28700,11,LR,8.422516217485827e-05
1786482527.9311075,28720,11,Loss/l_ce,0.10599660873413086
1786482527.931357,28720,11,Loss/l_total,0.10599660873413086
1786482527.9313843,28720,11,LR,8.422516217485827e-05
1786482550.4678726,28740,11,Loss/l_ce,0.3462240695953369
1786482550.4681277,28740,11,Loss/l_total,0.3462240695953369
1786482550.4681623,28740,11,LR,8.422516217485827e-05
1786482585.278481,28760,11,Loss/l_ce,0.5986478328704834
1786482585.2787266,28760,11,Loss/l_total,0.5986478328704834
1786482585.2787492,28760,11,LR,8.422516217485827e-05
1786482612.524664,28780,11,Loss/l_ce,0.1279618740081787
1786482612.5248704,28780,11,Loss/l_total,0.1279618740081787
1786482612.5248942,28780,11,LR,8.422516217485827e-05
1786482640.556646,28800,11,Loss/l_ce,0.12916779518127441
1786482640.5568457,28800,11,Loss/l_total,0.12916779518127441
1786482640.5568693,28800,11,LR,8.422516217485827e-05
1786482670.1528552,28820,11,Loss/l_ce,0.13385653495788574
1786482670.1530118,28820,11,Loss/l_total,0.13385653495788574
1786482670.1530652,28820,11,LR,8.422516217485827e-05
1786482703.005758,28840,11,Loss/l_ce,0.09469389915466309
1786482703.0059254,28840,11,Loss/l_total,0.09469389915466309
1786482703.0059514,28840,11,LR,8.422516217485827e-05
1786482732.7609754,28860,11,Loss/l_ce,0.09823846817016602
1786482732.761188,28860,11,Loss/l_total,0.09823846817016602
1786482732.7612116,28860,11,LR,8.422516217485827e-05
1786482763.3474252,28880,11,Loss/l_ce,0.0938563346862793
1786482763.3477576,28880,11,Loss/l_total,0.0938563346862793
1786482763.3477836,28880,11,LR,8.422516217485827e-05
1786482781.874949,28900,11,Loss/l_ce,0.06775856018066406
1786482781.8751864,28900,11,Loss/l_total,0.06775856018066406
1786482781.8752112,28900,11,LR,8.422516217485827e-05
1786482809.891782,28920,11,Loss/l_ce,0.07124686241149902
1786482809.8919554,28920,11,Loss/l_total,0.07124686241149902
1786482809.891978,28920,11,LR,8.422516217485827e-05
1786482834.0407698,28940,11,Loss/l_ce,0.11803817749023438
1786482834.0409417,28940,11,Loss/l_total,0.11803817749023438
1786482834.040967,28940,11,LR,8.422516217485827e-05
1786482855.0933266,28960,11,Loss/l_ce,0.06060338020324707
1786482855.093544,28960,11,Loss/l_total,0.06060338020324707
1786482855.09357,28960,11,LR,8.422516217485827e-05
1786482882.1509264,28980,11,Loss/l_ce,0.07506608963012695
1786482882.1511567,28980,11,Loss/l_total,0.07506608963012695
1786482882.1511815,28980,11,LR,8.422516217485827e-05
1786482906.9940193,29000,11,Loss/l_ce,0.0673377513885498
1786482906.9942164,29000,11,Loss/l_total,0.0673377513885498
1786482906.9942403,29000,11,LR,8.422516217485827e-05
1786482929.4496298,29020,11,Loss/l_ce,0.0806736946105957
1786482929.449785,29020,11,Loss/l_total,0.0806736946105957
1786482929.4498067,29020,11,LR,8.422516217485827e-05
1786482959.427352,29040,11,Loss/l_ce,0.09298253059387207
1786482959.4275825,29040,11,Loss/l_total,0.09298253059387207
1786482959.4276028,29040,11,LR,8.422516217485827e-05
1786482980.5853395,29060,11,Loss/l_ce,0.07674193382263184
1786482980.5855296,29060,11,Loss/l_total,0.07674193382263184
1786482980.5855582,29060,11,LR,8.422516217485827e-05
1786483008.5111191,29080,11,Loss/l_ce,0.11085128784179688
1786483008.5113719,29080,11,Loss/l_total,0.11085128784179688
1786483008.5114005,29080,11,LR,8.422516217485827e-05
1786483042.61294,29100,11,Loss/l_ce,0.06880760192871094
1786483042.6131632,29100,11,Loss/l_total,0.06880760192871094
1786483042.613187,29100,11,LR,8.422516217485827e-05
1786483068.8405764,29120,11,Loss/l_ce,0.15292596817016602
1786483068.8407545,29120,11,Loss/l_total,0.15292596817016602
1786483068.8407805,29120,11,LR,8.422516217485827e-05
1786483100.2117932,29140,11,Loss/l_ce,0.14974069595336914
1786483100.2119524,29140,11,Loss/l_total,0.14974069595336914
1786483100.2119749,29140,11,LR,8.422516217485827e-05
1786483126.7575324,29160,11,Loss/l_ce,0.08337020874023438
1786483126.7577248,29160,11,Loss/l_total,0.08337020874023438
1786483126.7577484,29160,11,LR,8.422516217485827e-05
1786483151.8832753,29180,11,Loss/l_ce,0.1185600757598877
1786483151.8834426,29180,11,Loss/l_total,0.1185600757598877
1786483151.8834653,29180,11,LR,8.422516217485827e-05
1786483186.9325438,29200,11,Loss/l_ce,0.12903070449829102
1786483186.9327466,29200,11,Loss/l_total,0.12903070449829102
1786483186.9327667,29200,11,LR,8.422516217485827e-05
1786483219.0265021,29220,11,Loss/l_ce,0.15876054763793945
1786483219.0266984,29220,11,Loss/l_total,0.15876054763793945
1786483219.0267243,29220,11,LR,8.422516217485827e-05
1786483250.7401364,29240,11,Loss/l_ce,0.17852067947387695
1786483250.740292,29240,11,Loss/l_total,0.17852067947387695
1786483250.7403157,29240,11,LR,8.422516217485827e-05
1786483272.1115382,29260,11,Loss/l_ce,0.17433929443359375
1786483272.111715,29260,11,Loss/l_total,0.17433929443359375
1786483272.111739,29260,11,LR,8.422516217485827e-05
1786483297.711484,29280,11,Loss/l_ce,0.0830526351928711
1786483297.7116477,29280,11,Loss/l_total,0.0830526351928711
1786483297.7116725,29280,11,LR,8.422516217485827e-05
1786483306.883157,29300,11,Loss/l_ce,0.07153177261352539
1786483306.8833551,29300,11,Loss/l_total,0.07153177261352539
1786483306.883392,29300,11,LR,8.422516217485827e-05
1786483317.7244837,29320,11,Loss/l_ce,0.1543412208557129
1786483317.7246716,29320,11,Loss/l_total,0.1543412208557129
1786483317.7246952,29320,11,LR,8.422516217485827e-05
1786483331.3487427,29340,11,Loss/l_ce,0.0897819995880127
1786483331.3489292,29340,11,Loss/l_total,0.0897819995880127
1786483331.3489563,29340,11,LR,8.422516217485827e-05
1786483342.8810644,29360,11,Loss/l_ce,0.09056568145751953
1786483342.8812768,29360,11,Loss/l_total,0.09056568145751953
1786483342.8813007,29360,11,LR,8.422516217485827e-05
1786483355.0512185,29380,11,Loss/l_ce,0.12756633758544922
1786483355.05145,29380,11,Loss/l_total,0.12756633758544922
1786483355.0514715,29380,11,LR,8.422516217485827e-05
1786483364.5615656,29400,11,Loss/l_ce,0.1145787239074707
1786483364.5617404,29400,11,Loss/l_total,0.1145787239074707
1786483364.561764,29400,11,LR,8.422516217485827e-05
1786483375.3075457,29420,11,Loss/l_ce,0.11897993087768555
1786483375.3077047,29420,11,Loss/l_total,0.11897993087768555
1786483375.3077247,29420,11,LR,8.422516217485827e-05
1786483388.4506087,29440,11,Loss/l_ce,0.11489629745483398
1786483388.450764,29440,11,Loss/l_total,0.11489629745483398
1786483388.4507866,29440,11,LR,8.422516217485827e-05
1786483401.4864752,29460,11,Loss/l_ce,0.07013845443725586
1786483401.4866333,29460,11,Loss/l_total,0.07013845443725586
1786483401.4866571,29460,11,LR,8.422516217485827e-05
1786483413.7096126,29480,11,Loss/l_ce,0.09581756591796875
1786483413.7097774,29480,11,Loss/l_total,0.09581756591796875
1786483413.7097988,29480,11,LR,8.422516217485827e-05
1786483429.0399916,29500,11,Loss/l_ce,0.11316418647766113
1786483429.0401697,29500,11,Loss/l_total,0.11316418647766113
1786483429.0401924,29500,11,LR,8.422516217485827e-05
1786483451.4285135,29520,11,Loss/l_ce,0.16121625900268555
1786483451.4286737,29520,11,Loss/l_total,0.16121625900268555
1786483451.428695,29520,11,LR,8.422516217485827e-05
1786483480.560118,29540,11,Loss/l_ce,0.11711835861206055
1786483480.5603507,29540,11,Loss/l_total,0.11711835861206055
1786483480.5603745,29540,11,LR,8.422516217485827e-05
1786483502.4026392,29560,11,Loss/l_ce,0.13783812522888184
1786483502.4028552,29560,11,Loss/l_total,0.13783812522888184
1786483502.40288,29560,11,LR,8.422516217485827e-05
1786483527.7337048,29580,11,Loss/l_ce,0.10497117042541504
1786483527.7338803,29580,11,Loss/l_total,0.10497117042541504
1786483527.7339017,29580,11,LR,8.422516217485827e-05
1786483555.1440911,29600,11,Loss/l_ce,0.11374950408935547
1786483555.1442504,29600,11,Loss/l_total,0.11374950408935547
1786483555.1442728,29600,11,LR,8.422516217485827e-05
1786483581.1547642,29620,11,Loss/l_ce,0.14805006980895996
1786483581.1549425,29620,11,Loss/l_total,0.14805006980895996
1786483581.1549637,29620,11,LR,8.422516217485827e-05
1786483600.5484064,29640,11,Loss/l_ce,1.57265043258667
1786483600.5486898,29640,11,Loss/l_total,1.57265043258667
1786483600.548716,29640,11,LR,8.422516217485827e-05
1786483632.6644459,29660,11,Loss/l_ce,0.07719850540161133
1786483632.6646242,29660,11,Loss/l_total,0.07719850540161133
1786483632.6646466,29660,11,LR,8.422516217485827e-05
1786483656.4468515,29680,11,Loss/l_ce,0.11606597900390625
1786483656.4469955,29680,11,Loss/l_total,0.11606597900390625
1786483656.447018,29680,11,LR,8.422516217485827e-05
1786483674.420063,29700,11,Loss/l_ce,0.2752804756164551
1786483674.4202588,29700,11,Loss/l_total,0.2752804756164551
1786483674.4202838,29700,11,LR,8.422516217485827e-05
1786483713.0496917,29720,11,Loss/l_ce,0.677922248840332
1786483713.0499446,29720,11,Loss/l_total,0.677922248840332
1786483713.0499697,29720,11,LR,8.422516217485827e-05
1786483745.8419173,29740,11,Loss/l_ce,0.061663150787353516
1786483745.8421605,29740,11,Loss/l_total,0.061663150787353516
1786483745.8421915,29740,11,LR,8.422516217485827e-05
1786483772.1048965,29760,11,Loss/l_ce,0.08978009223937988
1786483772.1051116,29760,11,Loss/l_total,0.08978009223937988
1786483772.1051376,29760,11,LR,8.422516217485827e-05
1786483794.3970265,29780,11,Loss/l_ce,0.09070229530334473
1786483794.3972225,29780,11,Loss/l_total,0.09070229530334473
1786483794.397245,29780,11,LR,8.422516217485827e-05
1786483823.0329204,29800,11,Loss/l_ce,0.10805344581604004
1786483823.033109,29800,11,Loss/l_total,0.10805344581604004
1786483823.0331337,29800,11,LR,8.422516217485827e-05
1786483852.8195522,29820,11,Loss/l_ce,0.12203693389892578
1786483852.8197303,29820,11,Loss/l_total,0.12203693389892578
1786483852.8197837,29820,11,LR,8.422516217485827e-05
1786483881.4170117,29840,11,Loss/l_ce,0.11662483215332031
1786483881.4171968,29840,11,Loss/l_total,0.11662483215332031
1786483881.4172206,29840,11,LR,8.422516217485827e-05
1786483899.6909506,29860,11,Loss/l_ce,0.11619353294372559
1786483899.6911488,29860,11,Loss/l_total,0.11619353294372559
1786483899.6911762,29860,11,LR,8.422516217485827e-05
1786483924.7638369,29880,11,Loss/l_ce,0.17895936965942383
1786483924.764053,29880,11,Loss/l_total,0.17895936965942383
1786483924.7640803,29880,11,LR,8.422516217485827e-05
1786483940.6319153,29900,11,Loss/l_ce,0.5095248222351074
1786483940.6321394,29900,11,Loss/l_total,0.5095248222351074
1786483940.6321704,29900,11,LR,8.422516217485827e-05
1786483957.1536808,29920,11,Loss/l_ce,0.1911170482635498
1786483957.1539245,29920,11,Loss/l_total,0.1911170482635498
1786483957.1539493,29920,11,LR,8.422516217485827e-05
1786483992.219111,29940,11,Loss/l_ce,0.16267657279968262
1786483992.2193332,29940,11,Loss/l_total,0.16267657279968262
1786483992.2193568,29940,11,LR,8.422516217485827e-05
1786484018.270249,29960,11,Loss/l_ce,0.13230562210083008
1786484018.2704816,29960,11,Loss/l_total,0.13230562210083008
1786484018.2705054,29960,11,LR,8.422516217485827e-05
1786484053.652844,29980,11,Loss/l_ce,0.09009027481079102
1786484053.6530862,29980,11,Loss/l_total,0.09009027481079102
1786484053.65311,29980,11,LR,8.422516217485827e-05
1786484076.4513795,30000,11,Loss/l_ce,0.09636282920837402
1786484076.4515636,30000,11,Loss/l_total,0.09636282920837402
1786484076.451591,30000,11,LR,8.422516217485827e-05
1786484104.7211607,30020,11,Loss/l_ce,0.12166309356689453
1786484104.7214134,30020,11,Loss/l_total,0.12166309356689453
1786484104.7214348,30020,11,LR,8.422516217485827e-05
1786484127.7274585,30040,11,Loss/l_ce,0.08392572402954102
1786484127.727733,30040,11,Loss/l_total,0.08392572402954102
1786484127.7277591,30040,11,LR,8.422516217485827e-05
1786484151.9317095,30060,11,Loss/l_ce,0.07451009750366211
1786484151.9320061,30060,11,Loss/l_total,0.07451009750366211
1786484151.9320288,30060,11,LR,8.422516217485827e-05
1786484182.4664774,30080,11,Loss/l_ce,0.09558820724487305
1786484182.4667313,30080,11,Loss/l_total,0.09558820724487305
1786484182.4667573,30080,11,LR,8.422516217485827e-05
1786484211.1437445,30100,11,Loss/l_ce,0.11571979522705078
1786484211.14393,30100,11,Loss/l_total,0.11571979522705078
1786484211.1439571,30100,11,LR,8.422516217485827e-05
1786484244.9336584,30120,11,Loss/l_ce,0.6425423622131348
1786484244.9338639,30120,11,Loss/l_total,0.6425423622131348
1786484244.9338877,30120,11,LR,8.422516217485827e-05
1786484277.8856142,30140,11,Loss/l_ce,0.06585526466369629
1786484277.8857768,30140,11,Loss/l_total,0.06585526466369629
1786484277.8857992,30140,11,LR,8.422516217485827e-05
1786484303.0952973,30160,11,Loss/l_ce,0.13588500022888184
1786484303.0954742,30160,11,Loss/l_total,0.13588500022888184
1786484303.095499,30160,11,LR,8.422516217485827e-05
1786484335.5717988,30180,11,Loss/l_ce,0.11648774147033691
1786484335.5719993,30180,11,Loss/l_total,0.11648774147033691
1786484335.5720253,30180,11,LR,8.422516217485827e-05
1786484357.909238,30200,11,Loss/l_ce,0.07806539535522461
1786484357.9095504,30200,11,Loss/l_total,0.07806539535522461
1786484357.90958,30200,11,LR,8.422516217485827e-05
1786484380.8584306,30220,11,Loss/l_ce,0.1506185531616211
1786484380.8586743,30220,11,Loss/l_total,0.1506185531616211
1786484380.8587003,30220,11,LR,8.422516217485827e-05
1786484398.8125606,30240,11,Loss/l_ce,0.0890035629272461
1786484398.812714,30240,11,Loss/l_total,0.0890035629272461
1786484398.8127353,30240,11,LR,8.422516217485827e-05
1786484415.6440804,30260,11,Loss/l_ce,0.16717314720153809
1786484415.6442919,30260,11,Loss/l_total,0.16717314720153809
1786484415.6443179,30260,11,LR,8.422516217485827e-05
1786484438.1528325,30280,11,Loss/l_ce,0.11832332611083984
1786484438.1530697,30280,11,Loss/l_total,0.11832332611083984
1786484438.1530972,30280,11,LR,8.422516217485827e-05
1786484463.1317575,30300,11,Loss/l_ce,0.12107229232788086
1786484463.1319427,30300,11,Loss/l_total,0.12107229232788086
1786484463.1319687,30300,11,LR,8.422516217485827e-05
1786484484.5624845,30320,11,Loss/l_ce,0.11574149131774902
1786484484.5626435,30320,11,Loss/l_total,0.11574149131774902
1786484484.562666,30320,11,LR,8.422516217485827e-05
1786484496.78087,30340,11,Loss/l_ce,0.19335532188415527
1786484496.7810292,30340,11,Loss/l_total,0.19335532188415527
1786484496.7810814,30340,11,LR,8.422516217485827e-05
1786484507.1992912,30360,11,Loss/l_ce,0.13766026496887207
1786484507.1994536,30360,11,Loss/l_total,0.13766026496887207
1786484507.1994774,30360,11,LR,8.422516217485827e-05
1786484520.6291642,30380,11,Loss/l_ce,0.07347226142883301
1786484520.629364,30380,11,Loss/l_total,0.07347226142883301
1786484520.6293876,30380,11,LR,8.422516217485827e-05
1786484531.5749068,30400,11,Loss/l_ce,0.11081361770629883
1786484531.5751064,30400,11,Loss/l_total,0.11081361770629883
1786484531.5751333,30400,11,LR,8.422516217485827e-05
1786484548.3539565,30420,11,Loss/l_ce,0.12375593185424805
1786484548.3541477,30420,11,Loss/l_total,0.12375593185424805
1786484548.3541746,30420,11,LR,8.422516217485827e-05
1786484563.0063534,30440,11,Loss/l_ce,0.13001441955566406
1786484563.0065992,30440,11,Loss/l_total,0.13001441955566406
1786484563.0066195,30440,11,LR,8.422516217485827e-05
1786484575.5039852,30460,11,Loss/l_ce,0.11112117767333984
1786484575.5041738,30460,11,Loss/l_total,0.11112117767333984
1786484575.5041986,30460,11,LR,8.422516217485827e-05
1786484595.6466627,30480,11,Loss/l_ce,0.08675265312194824
1786484595.6468205,30480,11,Loss/l_total,0.08675265312194824
1786484595.6468503,30480,11,LR,8.422516217485827e-05
1786484613.319554,30500,11,Loss/l_ce,0.06691122055053711
1786484613.3197408,30500,11,Loss/l_total,0.06691122055053711
1786484613.3197703,30500,11,LR,8.422516217485827e-05
1786484632.9495,30520,11,Loss/l_ce,0.14376306533813477
1786484632.9496875,30520,11,Loss/l_total,0.14376306533813477
1786484632.9497128,30520,11,LR,8.422516217485827e-05
1786484665.2819517,30540,11,Loss/l_ce,0.1583387851715088
1786484665.2821772,30540,11,Loss/l_total,0.1583387851715088
1786484665.2821975,30540,11,LR,8.422516217485827e-05
1786484698.339389,30560,11,Loss/l_ce,0.06310296058654785
1786484698.3396182,30560,11,Loss/l_total,0.06310296058654785
1786484698.3396432,30560,11,LR,8.422516217485827e-05
1786484719.496062,30580,11,Loss/l_ce,0.09902095794677734
1786484719.496614,30580,11,Loss/l_total,0.09902095794677734
1786484719.4966521,30580,11,LR,8.422516217485827e-05
1786484737.237393,30600,11,Loss/l_ce,0.0700826644897461
1786484737.2375638,30600,11,Loss/l_total,0.0700826644897461
1786484737.2375886,30600,11,LR,8.422516217485827e-05
1786484859.6362448,30600,11,Val/avg_error,0.010038967244327068
1786484859.6366508,30600,11,Val/acc,0.860693359375
1786484859.636678,30600,11,Val/sparse_auc,0.9277718592171716
1786484859.6367006,30600,11,Val/sparse_pck_max,0.1
1786484859.6367242,30600,11,Val/sparse_pck_n,100.0
1786484882.898955,30620,12,Loss/l_ce,0.13743209838867188
1786484882.899196,30620,12,Loss/l_total,0.13743209838867188
1786484882.899221,30620,12,LR,8.14503363531613e-05
1786484913.8136592,30640,12,Loss/l_ce,1.5720601081848145
1786484913.813891,30640,12,Loss/l_total,1.5720601081848145
1786484913.813917,30640,12,LR,8.14503363531613e-05
1786484954.4628756,30660,12,Loss/l_ce,0.14237189292907715
1786484954.463125,30660,12,Loss/l_total,0.14237189292907715
1786484954.4631488,30660,12,LR,8.14503363531613e-05
1786484976.7982183,30680,12,Loss/l_ce,0.12975406646728516
1786484976.798445,30680,12,Loss/l_total,0.12975406646728516
1786484976.798488,30680,12,LR,8.14503363531613e-05
1786485009.2157326,30700,12,Loss/l_ce,0.18622541427612305
1786485009.2160044,30700,12,Loss/l_total,0.18622541427612305
1786485009.2160697,30700,12,LR,8.14503363531613e-05
1786485037.1834073,30720,12,Loss/l_ce,0.07895731925964355
1786485037.183633,30720,12,Loss/l_total,0.07895731925964355
1786485037.1836567,30720,12,LR,8.14503363531613e-05
1786485074.488794,30740,12,Loss/l_ce,0.08895397186279297
1786485074.4889948,30740,12,Loss/l_total,0.08895397186279297
1786485074.4890196,30740,12,LR,8.14503363531613e-05
1786485092.1579301,30760,12,Loss/l_ce,0.08115220069885254
1786485092.158138,30760,12,Loss/l_total,0.08115220069885254
1786485092.1581628,30760,12,LR,8.14503363531613e-05
1786485121.4768105,30780,12,Loss/l_ce,0.21487689018249512
1786485121.4770741,30780,12,Loss/l_total,0.21487689018249512
1786485121.4771013,30780,12,LR,8.14503363531613e-05
1786485149.9776978,30800,12,Loss/l_ce,2.2548928260803223
1786485149.9779305,30800,12,Loss/l_total,2.2548928260803223
1786485149.977958,30800,12,LR,8.14503363531613e-05
1786485179.4211302,30820,12,Loss/l_ce,0.04595232009887695
1786485179.4216087,30820,12,Loss/l_total,0.04595232009887695
1786485179.421635,30820,12,LR,8.14503363531613e-05
1786485204.1337175,30840,12,Loss/l_ce,0.07715773582458496
1786485204.133904,30840,12,Loss/l_total,0.07715773582458496
1786485204.1339264,30840,12,LR,8.14503363531613e-05
1786485226.390525,30860,12,Loss/l_ce,0.11241769790649414
1786485226.390778,30860,12,Loss/l_total,0.11241769790649414
1786485226.3910878,30860,12,LR,8.14503363531613e-05
1786485256.207215,30880,12,Loss/l_ce,0.07827353477478027
1786485256.207455,30880,12,Loss/l_total,0.07827353477478027
1786485256.2074776,30880,12,LR,8.14503363531613e-05
1786485283.5425107,30900,12,Loss/l_ce,0.1190493106842041
1786485283.5428076,30900,12,Loss/l_total,0.1190493106842041
1786485283.542835,30900,12,LR,8.14503363531613e-05
1786485309.4546428,30920,12,Loss/l_ce,0.05817699432373047
1786485309.4548767,30920,12,Loss/l_total,0.05817699432373047
1786485309.454904,30920,12,LR,8.14503363531613e-05
1786485327.515828,30940,12,Loss/l_ce,0.12140464782714844
1786485327.5161,30940,12,Loss/l_total,0.12140464782714844
1786485327.5161247,30940,12,LR,8.14503363531613e-05
1786485362.5847585,30960,12,Loss/l_ce,0.0850214958190918
1786485362.5852547,30960,12,Loss/l_total,0.0850214958190918
1786485362.585288,30960,12,LR,8.14503363531613e-05
1786485386.5946844,30980,12,Loss/l_ce,0.08554315567016602
1786485386.595138,30980,12,Loss/l_total,0.08554315567016602
1786485386.5951712,30980,12,LR,8.14503363531613e-05
1786485410.386319,31000,12,Loss/l_ce,0.11300086975097656
1786485410.3865361,31000,12,Loss/l_total,0.11300086975097656
1786485410.386561,31000,12,LR,8.14503363531613e-05
1786485428.0567172,31020,12,Loss/l_ce,0.1257009506225586
1786485428.0571918,31020,12,Loss/l_total,0.1257009506225586
1786485428.0572371,31020,12,LR,8.14503363531613e-05
1786485452.9361706,31040,12,Loss/l_ce,0.094635009765625
1786485452.9363925,31040,12,Loss/l_total,0.094635009765625
1786485452.9364212,31040,12,LR,8.14503363531613e-05
1786485481.9515078,31060,12,Loss/l_ce,0.06522154808044434
1786485481.951686,31060,12,Loss/l_total,0.06522154808044434
1786485481.9517083,31060,12,LR,8.14503363531613e-05
1786485501.820821,31080,12,Loss/l_ce,0.07850527763366699
1786485501.8210108,31080,12,Loss/l_total,0.07850527763366699
1786485501.8210573,31080,12,LR,8.14503363531613e-05
1786485514.9006698,31100,12,Loss/l_ce,0.12688660621643066
1786485514.9010592,31100,12,Loss/l_total,0.12688660621643066
1786485514.9010937,31100,12,LR,8.14503363531613e-05
1786485524.8812728,31120,12,Loss/l_ce,0.1306004524230957
1786485524.8815603,31120,12,Loss/l_total,0.1306004524230957
1786485524.8815851,31120,12,LR,8.14503363531613e-05
1786485538.9922996,31140,12,Loss/l_ce,0.13100147247314453
1786485538.9926069,31140,12,Loss/l_total,0.13100147247314453
1786485538.9926343,31140,12,LR,8.14503363531613e-05
1786485552.4258296,31160,12,Loss/l_ce,0.1827237606048584
1786485552.4262166,31160,12,Loss/l_total,0.1827237606048584
1786485552.4262512,31160,12,LR,8.14503363531613e-05
1786485564.050833,31180,12,Loss/l_ce,0.11093926429748535
1786485564.0512888,31180,12,Loss/l_total,0.11093926429748535
1786485564.0513186,31180,12,LR,8.14503363531613e-05
1786485574.2371411,31200,12,Loss/l_ce,0.07729744911193848
1786485574.2373097,31200,12,Loss/l_total,0.07729744911193848
1786485574.2374582,31200,12,LR,8.14503363531613e-05
1786485590.0851293,31220,12,Loss/l_ce,3.4428844451904297
1786485590.0853324,31220,12,Loss/l_total,3.4428844451904297
1786485590.085361,31220,12,LR,8.14503363531613e-05
1786485602.5821033,31240,12,Loss/l_ce,0.08914566040039062
1786485602.582342,31240,12,Loss/l_total,0.08914566040039062
1786485602.582367,31240,12,LR,8.14503363531613e-05
1786485615.0706594,31260,12,Loss/l_ce,0.11547636985778809
1786485615.070828,31260,12,Loss/l_total,0.11547636985778809
1786485615.0708528,31260,12,LR,8.14503363531613e-05
1786485630.7477467,31280,12,Loss/l_ce,0.10708093643188477
1786485630.747957,31280,12,Loss/l_total,0.10708093643188477
1786485630.7479794,31280,12,LR,8.14503363531613e-05
1786485641.4689834,31300,12,Loss/l_ce,0.11441874504089355
1786485641.4691863,31300,12,Loss/l_total,0.11441874504089355
1786485641.469215,31300,12,LR,8.14503363531613e-05
1786485667.1908853,31320,12,Loss/l_ce,0.18633341789245605
1786485667.191218,31320,12,Loss/l_total,0.18633341789245605
1786485667.1912477,31320,12,LR,8.14503363531613e-05
1786485702.740715,31340,12,Loss/l_ce,0.10955929756164551
1786485702.7409468,31340,12,Loss/l_total,0.10955929756164551
1786485702.7412186,31340,12,LR,8.14503363531613e-05
1786485722.7735226,31360,12,Loss/l_ce,0.07100749015808105
1786485722.7737365,31360,12,Loss/l_total,0.07100749015808105
1786485722.7737603,31360,12,LR,8.14503363531613e-05
1786485739.3651397,31380,12,Loss/l_ce,0.07085847854614258
1786485739.3653166,31380,12,Loss/l_total,0.07085847854614258
1786485739.3653426,31380,12,LR,8.14503363531613e-05
1786485765.3907762,31400,12,Loss/l_ce,0.0934135913848877
1786485765.3910728,31400,12,Loss/l_total,0.0934135913848877
1786485765.3911061,31400,12,LR,8.14503363531613e-05
1786485785.8200114,31420,12,Loss/l_ce,0.08564329147338867
1786485785.8202856,31420,12,Loss/l_total,0.08564329147338867
1786485785.8203106,31420,12,LR,8.14503363531613e-05
1786485807.8870142,31440,12,Loss/l_ce,0.09815263748168945
1786485807.887228,31440,12,Loss/l_total,0.09815263748168945
1786485807.8872492,31440,12,LR,8.14503363531613e-05
1786485833.5510983,31460,12,Loss/l_ce,0.09672141075134277
1786485833.551299,31460,12,Loss/l_total,0.09672141075134277
1786485833.5513215,31460,12,LR,8.14503363531613e-05
1786485857.4612617,31480,12,Loss/l_ce,0.13801050186157227
1786485857.461453,31480,12,Loss/l_total,0.13801050186157227
1786485857.461478,31480,12,LR,8.14503363531613e-05
1786485881.4397948,31500,12,Loss/l_ce,0.09958839416503906
1786485881.4400191,31500,12,Loss/l_total,0.09958839416503906
1786485881.4403257,31500,12,LR,8.14503363531613e-05
1786485903.332234,31520,12,Loss/l_ce,0.1225738525390625
1786485903.3324015,31520,12,Loss/l_total,0.1225738525390625
1786485903.332424,31520,12,LR,8.14503363531613e-05
1786485936.1386437,31540,12,Loss/l_ce,0.054087162017822266
1786485936.138836,31540,12,Loss/l_total,0.054087162017822266
1786485936.1388607,31540,12,LR,8.14503363531613e-05
1786485951.5689185,31560,12,Loss/l_ce,0.0987863540649414
1786485951.569113,31560,12,Loss/l_total,0.0987863540649414
1786485951.5691464,31560,12,LR,8.14503363531613e-05
1786485969.9942837,31580,12,Loss/l_ce,0.1338975429534912
1786485969.9944713,31580,12,Loss/l_total,0.1338975429534912
1786485969.994494,31580,12,LR,8.14503363531613e-05
1786485992.979224,31600,12,Loss/l_ce,0.09650897979736328
1786485992.9793704,31600,12,Loss/l_total,0.09650897979736328
1786485992.9793916,31600,12,LR,8.14503363531613e-05
1786486026.8489544,31620,12,Loss/l_ce,0.09808635711669922
1786486026.8491907,31620,12,Loss/l_total,0.09808635711669922
1786486026.8492308,31620,12,LR,8.14503363531613e-05
1786486048.2680953,31640,12,Loss/l_ce,1.1481845378875732
1786486048.2682748,31640,12,Loss/l_total,1.1481845378875732
1786486048.2683043,31640,12,LR,8.14503363531613e-05
1786486069.137081,31660,12,Loss/l_ce,0.1135854721069336
1786486069.1372802,31660,12,Loss/l_total,0.1135854721069336
1786486069.1373029,31660,12,LR,8.14503363531613e-05
1786486098.9532516,31680,12,Loss/l_ce,0.0437626838684082
1786486098.9536421,31680,12,Loss/l_total,0.0437626838684082
1786486098.9536946,31680,12,LR,8.14503363531613e-05
1786486122.015451,31700,12,Loss/l_ce,0.15949773788452148
1786486122.0157228,31700,12,Loss/l_total,0.15949773788452148
1786486122.015744,31700,12,LR,8.14503363531613e-05
1786486147.5813253,31720,12,Loss/l_ce,0.19176745414733887
1786486147.581527,31720,12,Loss/l_total,0.19176745414733887
1786486147.581546,31720,12,LR,8.14503363531613e-05
1786486169.684771,31740,12,Loss/l_ce,0.04911017417907715
1786486169.6849637,31740,12,Loss/l_total,0.04911017417907715
1786486169.684987,31740,12,LR,8.14503363531613e-05
1786486195.8318923,31760,12,Loss/l_ce,0.05285358428955078
1786486195.8321655,31760,12,Loss/l_total,0.05285358428955078
1786486195.8321915,31760,12,LR,8.14503363531613e-05
1786486228.3019283,31780,12,Loss/l_ce,0.08373594284057617
1786486228.3025029,31780,12,Loss/l_total,0.08373594284057617
1786486228.3025277,31780,12,LR,8.14503363531613e-05
1786486254.4945128,31800,12,Loss/l_ce,0.1266312599182129
1786486254.4947019,31800,12,Loss/l_total,0.1266312599182129
1786486254.494723,31800,12,LR,8.14503363531613e-05
1786486284.6158533,31820,12,Loss/l_ce,0.12055540084838867
1786486284.6160705,31820,12,Loss/l_total,0.12055540084838867
1786486284.6161108,31820,12,LR,8.14503363531613e-05
1786486317.1546874,31840,12,Loss/l_ce,0.22503876686096191
1786486317.1549,31840,12,Loss/l_total,0.22503876686096191
1786486317.1549215,31840,12,LR,8.14503363531613e-05
1786486343.4251242,31860,12,Loss/l_ce,0.12410998344421387
1786486343.4253676,31860,12,Loss/l_total,0.12410998344421387
1786486343.4253936,31860,12,LR,8.14503363531613e-05
1786486361.409156,31880,12,Loss/l_ce,0.11186599731445312
1786486361.4093676,31880,12,Loss/l_total,0.11186599731445312
1786486361.4093924,31880,12,LR,8.14503363531613e-05
1786486394.1866379,31900,12,Loss/l_ce,2.60491943359375
1786486394.1868837,31900,12,Loss/l_total,2.60491943359375
1786486394.1869085,31900,12,LR,8.14503363531613e-05
1786486425.2089634,31920,12,Loss/l_ce,0.11086750030517578
1786486425.2091582,31920,12,Loss/l_total,0.11086750030517578
1786486425.2091806,31920,12,LR,8.14503363531613e-05
1786486453.6425638,31940,12,Loss/l_ce,0.11013102531433105
1786486453.6427372,31940,12,Loss/l_total,0.11013102531433105
1786486453.6427586,31940,12,LR,8.14503363531613e-05
1786486467.638562,31960,12,Loss/l_ce,0.08375167846679688
1786486467.6387305,31960,12,Loss/l_total,0.08375167846679688
1786486467.638753,31960,12,LR,8.14503363531613e-05
1786486489.6463768,31980,12,Loss/l_ce,0.1284630298614502
1786486489.6465716,31980,12,Loss/l_total,0.1284630298614502
1786486489.6466134,31980,12,LR,8.14503363531613e-05
1786486502.3107777,32000,12,Loss/l_ce,0.11621475219726562
1786486502.3109474,32000,12,Loss/l_total,0.11621475219726562
1786486502.3109734,32000,12,LR,8.14503363531613e-05
1786486519.4075139,32020,12,Loss/l_ce,0.07290172576904297
1786486519.4078474,32020,12,Loss/l_total,0.07290172576904297
1786486519.4078736,32020,12,LR,8.14503363531613e-05
1786486535.1962872,32040,12,Loss/l_ce,0.11285114288330078
1786486535.196534,32040,12,Loss/l_total,0.11285114288330078
1786486535.1965637,32040,12,LR,8.14503363531613e-05
1786486549.742627,32060,12,Loss/l_ce,0.2770078182220459
1786486549.7428489,32060,12,Loss/l_total,0.2770078182220459
1786486549.7428772,32060,12,LR,8.14503363531613e-05
1786486574.9905956,32080,12,Loss/l_ce,0.11215806007385254
1786486574.9907796,32080,12,Loss/l_total,0.11215806007385254
1786486574.9908059,32080,12,LR,8.14503363531613e-05
1786486594.634759,32100,12,Loss/l_ce,0.09596538543701172
1786486594.6349144,32100,12,Loss/l_total,0.09596538543701172
1786486594.6349359,32100,12,LR,8.14503363531613e-05
1786486610.8069885,32120,12,Loss/l_ce,0.08225870132446289
1786486610.8071938,32120,12,Loss/l_total,0.08225870132446289
1786486610.8072188,32120,12,LR,8.14503363531613e-05
1786486623.8032598,32140,12,Loss/l_ce,0.10535812377929688
1786486623.8034189,32140,12,Loss/l_total,0.10535812377929688
1786486623.8034427,32140,12,LR,8.14503363531613e-05
1786486648.5592768,32160,12,Loss/l_ce,0.08330512046813965
1786486648.5594654,32160,12,Loss/l_total,0.08330512046813965
1786486648.5594883,32160,12,LR,8.14503363531613e-05
1786486661.1122887,32180,12,Loss/l_ce,0.25421881675720215
1786486661.1124477,32180,12,Loss/l_total,0.25421881675720215
1786486661.1124692,32180,12,LR,8.14503363531613e-05
1786486680.625082,32200,12,Loss/l_ce,0.0894629955291748
1786486680.6252353,32200,12,Loss/l_total,0.0894629955291748
1786486680.6252577,32200,12,LR,8.14503363531613e-05
1786486692.2495425,32220,12,Loss/l_ce,0.08804655075073242
1786486692.249756,32220,12,Loss/l_total,0.08804655075073242
1786486692.2497797,32220,12,LR,8.14503363531613e-05
1786486703.0665555,32240,12,Loss/l_ce,0.13507080078125
1786486703.066762,32240,12,Loss/l_total,0.13507080078125
1786486703.0667846,32240,12,LR,8.14503363531613e-05
1786486713.0208251,32260,12,Loss/l_ce,0.0634622573852539
1786486713.021104,32260,12,Loss/l_total,0.0634622573852539
1786486713.0211315,32260,12,LR,8.14503363531613e-05
1786486735.6744301,32280,12,Loss/l_ce,0.1225578784942627
1786486735.6746156,32280,12,Loss/l_total,0.1225578784942627
1786486735.6746368,32280,12,LR,8.14503363531613e-05
1786486750.2097788,32300,12,Loss/l_ce,0.12997961044311523
1786486750.2099483,32300,12,Loss/l_total,0.12997961044311523
1786486750.2099736,32300,12,LR,8.14503363531613e-05
1786486763.7308376,32320,12,Loss/l_ce,0.201768159866333
1786486763.7310796,32320,12,Loss/l_total,0.201768159866333
1786486763.7311058,32320,12,LR,8.14503363531613e-05
1786486775.5578706,32340,12,Loss/l_ce,0.08599543571472168
1786486775.558106,32340,12,Loss/l_total,0.08599543571472168
1786486775.5581365,32340,12,LR,8.14503363531613e-05
1786486790.8900852,32360,12,Loss/l_ce,0.10571765899658203
1786486790.8902693,32360,12,Loss/l_total,0.10571765899658203
1786486790.8902953,32360,12,LR,8.14503363531613e-05
1786486814.3904288,32380,12,Loss/l_ce,0.08409547805786133
1786486814.3906448,32380,12,Loss/l_total,0.08409547805786133
1786486814.390678,32380,12,LR,8.14503363531613e-05
1786486840.283815,32400,12,Loss/l_ce,0.11935853958129883
1786486840.2839787,32400,12,Loss/l_total,0.11935853958129883
1786486840.2840037,32400,12,LR,8.14503363531613e-05
1786486870.8969777,32420,12,Loss/l_ce,0.0413355827331543
1786486870.897265,32420,12,Loss/l_total,0.0413355827331543
1786486870.8972874,32420,12,LR,8.14503363531613e-05
1786486895.1654687,32440,12,Loss/l_ce,0.0797567367553711
1786486895.165674,32440,12,Loss/l_total,0.0797567367553711
1786486895.1657014,32440,12,LR,8.14503363531613e-05
1786486927.7756784,32460,12,Loss/l_ce,0.0877687931060791
1786486927.7759209,32460,12,Loss/l_total,0.0877687931060791
1786486927.7759457,32460,12,LR,8.14503363531613e-05
1786486964.7264326,32480,12,Loss/l_ce,0.22860193252563477
1786486964.7266297,32480,12,Loss/l_total,0.22860193252563477
1786486964.7266557,32480,12,LR,8.14503363531613e-05
1786486986.9220235,32500,12,Loss/l_ce,0.08536338806152344
1786486986.9222183,32500,12,Loss/l_total,0.08536338806152344
1786486986.9222417,32500,12,LR,8.14503363531613e-05
1786487011.9839373,32520,12,Loss/l_ce,0.08209824562072754
1786487011.9841652,32520,12,Loss/l_total,0.08209824562072754
1786487011.9841948,32520,12,LR,8.14503363531613e-05
1786487057.388207,32540,12,Loss/l_ce,0.10082006454467773
1786487057.3884656,32540,12,Loss/l_total,0.10082006454467773
1786487057.388492,32540,12,LR,8.14503363531613e-05
1786487094.208542,32560,12,Loss/l_ce,0.1109473705291748
1786487094.2087631,32560,12,Loss/l_total,0.1109473705291748
1786487094.2087867,32560,12,LR,8.14503363531613e-05
1786487128.2446582,32580,12,Loss/l_ce,0.14242959022521973
1786487128.2449276,32580,12,Loss/l_total,0.14242959022521973
1786487128.244955,32580,12,LR,8.14503363531613e-05
1786487156.053808,32600,12,Loss/l_ce,0.11293196678161621
1786487156.0540679,32600,12,Loss/l_total,0.11293196678161621
1786487156.054095,32600,12,LR,8.14503363531613e-05
1786487185.5654068,32620,12,Loss/l_ce,0.08129763603210449
1786487185.5656812,32620,12,Loss/l_total,0.08129763603210449
1786487185.565706,32620,12,LR,8.14503363531613e-05
1786487211.18994,32640,12,Loss/l_ce,0.08347415924072266
1786487211.190117,32640,12,Loss/l_total,0.08347415924072266
1786487211.1901503,32640,12,LR,8.14503363531613e-05
1786487240.79359,32660,12,Loss/l_ce,0.10689258575439453
1786487240.7937763,32660,12,Loss/l_total,0.10689258575439453
1786487240.7938013,32660,12,LR,8.14503363531613e-05
1786487263.4758523,32680,12,Loss/l_ce,0.2938117980957031
1786487263.4761727,32680,12,Loss/l_total,0.2938117980957031
1786487263.4762025,32680,12,LR,8.14503363531613e-05
1786487296.155883,32700,12,Loss/l_ce,0.0809931755065918
1786487296.1562023,32700,12,Loss/l_total,0.0809931755065918
1786487296.156231,32700,12,LR,8.14503363531613e-05
1786487332.7038734,32720,12,Loss/l_ce,0.12768268585205078
1786487332.7041261,32720,12,Loss/l_total,0.12768268585205078
1786487332.70415,32720,12,LR,8.14503363531613e-05
1786487359.8931887,32740,12,Loss/l_ce,0.1014871597290039
1786487359.8934023,32740,12,Loss/l_total,0.1014871597290039
1786487359.893425,32740,12,LR,8.14503363531613e-05
1786487382.081458,32760,12,Loss/l_ce,0.061573028564453125
1786487382.0816638,32760,12,Loss/l_total,0.061573028564453125
1786487382.0816886,32760,12,LR,8.14503363531613e-05
1786487407.5703008,32780,12,Loss/l_ce,0.1332569122314453
1786487407.5704863,32780,12,Loss/l_total,0.1332569122314453
1786487407.5705101,32780,12,LR,8.14503363531613e-05
1786487427.2864146,32800,12,Loss/l_ce,0.07220220565795898
1786487427.2865868,32800,12,Loss/l_total,0.07220220565795898
1786487427.2866106,32800,12,LR,8.14503363531613e-05
1786487449.6828434,32820,12,Loss/l_ce,0.06309700012207031
1786487449.6830642,32820,12,Loss/l_total,0.06309700012207031
1786487449.6830986,32820,12,LR,8.14503363531613e-05
1786487474.9339561,32840,12,Loss/l_ce,0.07658076286315918
1786487474.9341724,32840,12,Loss/l_total,0.07658076286315918
1786487474.9341996,32840,12,LR,8.14503363531613e-05
1786487492.7235668,32860,12,Loss/l_ce,0.10913968086242676
1786487492.7237356,32860,12,Loss/l_total,0.10913968086242676
1786487492.723758,32860,12,LR,8.14503363531613e-05
1786487515.2592263,32880,12,Loss/l_ce,0.10520386695861816
1786487515.2594352,32880,12,Loss/l_total,0.10520386695861816
1786487515.2594626,32880,12,LR,8.14503363531613e-05
1786487544.1209915,32900,12,Loss/l_ce,0.11555099487304688
1786487544.1211932,32900,12,Loss/l_total,0.11555099487304688
1786487544.1212194,32900,12,LR,8.14503363531613e-05
1786487571.569453,32920,12,Loss/l_ce,0.15489792823791504
1786487571.5696478,32920,12,Loss/l_total,0.15489792823791504
1786487571.5696752,32920,12,LR,8.14503363531613e-05
1786487587.6411512,32940,12,Loss/l_ce,0.11895751953125
1786487587.641321,32940,12,Loss/l_total,0.11895751953125
1786487587.6435068,32940,12,LR,8.14503363531613e-05
1786487608.0010905,32960,12,Loss/l_ce,0.12509465217590332
1786487608.0012853,32960,12,Loss/l_total,0.12509465217590332
1786487608.0013065,32960,12,LR,8.14503363531613e-05
1786487626.6526515,32980,12,Loss/l_ce,0.08419561386108398
1786487626.6528556,32980,12,Loss/l_total,0.08419561386108398
1786487626.652877,32980,12,LR,8.14503363531613e-05
1786487654.5908885,33000,12,Loss/l_ce,0.08172988891601562
1786487654.5910654,33000,12,Loss/l_total,0.08172988891601562
1786487654.5910902,33000,12,LR,8.14503363531613e-05
1786487673.7281008,33020,12,Loss/l_ce,0.15133047103881836
1786487673.7283528,33020,12,Loss/l_total,0.15133047103881836
1786487673.7283823,33020,12,LR,8.14503363531613e-05
1786487697.9632792,33040,12,Loss/l_ce,0.10361886024475098
1786487697.9634364,33040,12,Loss/l_total,0.10361886024475098
1786487697.9634624,33040,12,LR,8.14503363531613e-05
1786487726.0035539,33060,12,Loss/l_ce,0.04703259468078613
1786487726.0037272,33060,12,Loss/l_total,0.04703259468078613
1786487726.0037487,33060,12,LR,8.14503363531613e-05
1786487744.4376683,33080,12,Loss/l_ce,0.08386707305908203
1786487744.4378715,33080,12,Loss/l_total,0.08386707305908203
1786487744.4378963,33080,12,LR,8.14503363531613e-05
1786487772.1540136,33100,12,Loss/l_ce,0.0744333267211914
1786487772.1542678,33100,12,Loss/l_total,0.0744333267211914
1786487772.154332,33100,12,LR,8.14503363531613e-05
1786487797.1748738,33120,12,Loss/l_ce,0.1203303337097168
1786487797.1751208,33120,12,Loss/l_total,0.1203303337097168
1786487797.1751435,33120,12,LR,8.14503363531613e-05
1786487813.2365818,33140,12,Loss/l_ce,0.29520225524902344
1786487813.236811,33140,12,Loss/l_total,0.29520225524902344
1786487813.2368348,33140,12,LR,8.14503363531613e-05
1786487942.4668407,33150,12,Val/avg_error,0.009745897725224495
1786487942.4671924,33150,12,Val/acc,0.859619140625
1786487942.4672244,33150,12,Val/sparse_auc,0.9268843217329547
1786487942.4672458,33150,12,Val/sparse_pck_max,0.1
1786487942.4672658,33150,12,Val/sparse_pck_n,100.0
1786487950.3792617,33160,13,Loss/l_ce,0.12923812866210938
1786487950.379435,33160,13,Loss/l_total,0.12923812866210938
1786487950.37946,33160,13,LR,7.85124354122177e-05
1786487965.286808,33180,13,Loss/l_ce,0.07766246795654297
1786487965.286978,33180,13,Loss/l_total,0.07766246795654297
1786487965.2870028,33180,13,LR,7.85124354122177e-05
1786487980.6125965,33200,13,Loss/l_ce,0.07073545455932617
1786487980.6129074,33200,13,Loss/l_total,0.07073545455932617
1786487980.6129372,33200,13,LR,7.85124354122177e-05
1786487993.0103683,33220,13,Loss/l_ce,0.11594033241271973
1786487993.01055,33220,13,Loss/l_total,0.11594033241271973
1786487993.010576,33220,13,LR,7.85124354122177e-05
1786488018.8557491,33240,13,Loss/l_ce,0.0792379379272461
1786488018.8560221,33240,13,Loss/l_total,0.0792379379272461
1786488018.8560815,33240,13,LR,7.85124354122177e-05
1786488041.0813732,33260,13,Loss/l_ce,0.08484935760498047
1786488041.0815964,33260,13,Loss/l_total,0.08484935760498047
1786488041.0816202,33260,13,LR,7.85124354122177e-05
1786488064.55725,33280,13,Loss/l_ce,0.06108736991882324
1786488064.557454,33280,13,Loss/l_total,0.06108736991882324
1786488064.557478,33280,13,LR,7.85124354122177e-05
1786488092.811551,33300,13,Loss/l_ce,0.09398603439331055
1786488092.811768,33300,13,Loss/l_total,0.09398603439331055
1786488092.8117943,33300,13,LR,7.85124354122177e-05
1786488112.0723484,33320,13,Loss/l_ce,0.09581470489501953
1786488112.0725112,33320,13,Loss/l_total,0.09581470489501953
1786488112.0725374,33320,13,LR,7.85124354122177e-05
1786488138.7404737,33340,13,Loss/l_ce,0.04881906509399414
1786488138.740684,33340,13,Loss/l_total,0.04881906509399414
1786488138.7407124,33340,13,LR,7.85124354122177e-05
1786488158.7110155,33360,13,Loss/l_ce,0.12615156173706055
1786488158.7113645,33360,13,Loss/l_total,0.12615156173706055
1786488158.7113907,33360,13,LR,7.85124354122177e-05
1786488187.6613348,33380,13,Loss/l_ce,0.07518172264099121
1786488187.6615143,33380,13,Loss/l_total,0.07518172264099121
1786488187.6615367,33380,13,LR,7.85124354122177e-05
1786488215.184233,33400,13,Loss/l_ce,1.0386905670166016
1786488215.184411,33400,13,Loss/l_total,1.0386905670166016
1786488215.1844373,33400,13,LR,7.85124354122177e-05
1786488240.6417162,33420,13,Loss/l_ce,0.09421253204345703
1786488240.6419227,33420,13,Loss/l_total,0.09421253204345703
1786488240.641949,33420,13,LR,7.85124354122177e-05
1786488263.076144,33440,13,Loss/l_ce,0.0720973014831543
1786488263.076385,33440,13,Loss/l_total,0.0720973014831543
1786488263.0764077,33440,13,LR,7.85124354122177e-05
1786488291.1115458,33460,13,Loss/l_ce,0.10381531715393066
1786488291.1117976,33460,13,Loss/l_total,0.10381531715393066
1786488291.1118236,33460,13,LR,7.85124354122177e-05
1786488314.6115088,33480,13,Loss/l_ce,0.12039875984191895
1786488314.6117234,33480,13,Loss/l_total,0.12039875984191895
1786488314.611746,33480,13,LR,7.85124354122177e-05
1786488336.2549014,33500,13,Loss/l_ce,0.09331917762756348
1786488336.2552588,33500,13,Loss/l_total,0.09331917762756348
1786488336.2552874,33500,13,LR,7.85124354122177e-05
1786488364.4650114,33520,13,Loss/l_ce,0.1108553409576416
1786488364.4653,33520,13,Loss/l_total,0.1108553409576416
1786488364.4653342,33520,13,LR,7.85124354122177e-05
1786488384.067602,33540,13,Loss/l_ce,0.09941291809082031
1786488384.0678785,33540,13,Loss/l_total,0.09941291809082031
1786488384.06792,33540,13,LR,7.85124354122177e-05
1786488412.3921661,33560,13,Loss/l_ce,0.41547274589538574
1786488412.3924272,33560,13,Loss/l_total,0.41547274589538574
1786488412.392451,33560,13,LR,7.85124354122177e-05
1786488438.695728,33580,13,Loss/l_ce,0.09705209732055664
1786488438.695917,33580,13,Loss/l_total,0.09705209732055664
1786488438.6959405,33580,13,LR,7.85124354122177e-05
1786488461.9541252,33600,13,Loss/l_ce,0.09504437446594238
1786488461.9543707,33600,13,Loss/l_total,0.09504437446594238
1786488461.9543934,33600,13,LR,7.85124354122177e-05
1786488484.3213382,33620,13,Loss/l_ce,0.07657742500305176
1786488484.321541,33620,13,Loss/l_total,0.07657742500305176
1786488484.3215659,33620,13,LR,7.85124354122177e-05
1786488509.3307574,33640,13,Loss/l_ce,0.1068427562713623
1786488509.3310199,33640,13,Loss/l_total,0.1068427562713623
1786488509.3313463,33640,13,LR,7.85124354122177e-05
1786488539.8278317,33660,13,Loss/l_ce,0.13564610481262207
1786488539.8280609,33660,13,Loss/l_total,0.13564610481262207
1786488539.8280835,33660,13,LR,7.85124354122177e-05
1786488560.7253222,33680,13,Loss/l_ce,0.1068115234375
1786488560.725484,33680,13,Loss/l_total,0.1068115234375
1786488560.7255087,33680,13,LR,7.85124354122177e-05
1786488580.3666573,33700,13,Loss/l_ce,0.08562731742858887
1786488580.3668604,33700,13,Loss/l_total,0.08562731742858887
1786488580.3668864,33700,13,LR,7.85124354122177e-05
1786488604.9157367,33720,13,Loss/l_ce,0.10473346710205078
1786488604.9159229,33720,13,Loss/l_total,0.10473346710205078
1786488604.9159503,33720,13,LR,7.85124354122177e-05
1786488631.294547,33740,13,Loss/l_ce,0.10062599182128906
1786488631.2947245,33740,13,Loss/l_total,0.10062599182128906
1786488631.2947493,33740,13,LR,7.85124354122177e-05
1786488654.5375388,33760,13,Loss/l_ce,0.24598145484924316
1786488654.537838,33760,13,Loss/l_total,0.24598145484924316
1786488654.5378616,33760,13,LR,7.85124354122177e-05
1786488670.9716868,33780,13,Loss/l_ce,0.11527013778686523
1786488670.9719718,33780,13,Loss/l_total,0.11527013778686523
1786488670.9719992,33780,13,LR,7.85124354122177e-05
1786488690.484932,33800,13,Loss/l_ce,0.11414551734924316
1786488690.4851506,33800,13,Loss/l_total,0.11414551734924316
1786488690.485179,33800,13,LR,7.85124354122177e-05
1786488718.1811085,33820,13,Loss/l_ce,0.10019564628601074
1786488718.1812854,33820,13,Loss/l_total,0.10019564628601074
1786488718.1813078,33820,13,LR,7.85124354122177e-05
1786488738.0336251,33840,13,Loss/l_ce,0.12535357475280762
1786488738.0338116,33840,13,Loss/l_total,0.12535357475280762
1786488738.0338376,33840,13,LR,7.85124354122177e-05
1786488763.1033263,33860,13,Loss/l_ce,0.0959618091583252
1786488763.1035128,33860,13,Loss/l_total,0.0959618091583252
1786488763.1035376,33860,13,LR,7.85124354122177e-05
1786488787.735425,33880,13,Loss/l_ce,0.15729951858520508
1786488787.7355769,33880,13,Loss/l_total,0.15729951858520508
1786488787.7355995,33880,13,LR,7.85124354122177e-05
1786488810.093649,33900,13,Loss/l_ce,0.10167860984802246
1786488810.093802,33900,13,Loss/l_total,0.10167860984802246
1786488810.0938246,33900,13,LR,7.85124354122177e-05
1786488834.2576482,33920,13,Loss/l_ce,0.07899069786071777
1786488834.2578475,33920,13,Loss/l_total,0.07899069786071777
1786488834.260099,33920,13,LR,7.85124354122177e-05
1786488852.3834348,33940,13,Loss/l_ce,0.12801837921142578
1786488852.3836067,33940,13,Loss/l_total,0.12801837921142578
1786488852.3836293,33940,13,LR,7.85124354122177e-05
1786488875.2279792,33960,13,Loss/l_ce,0.09360432624816895
1786488875.2282047,33960,13,Loss/l_total,0.09360432624816895
1786488875.2282295,33960,13,LR,7.85124354122177e-05
1786488902.9834197,33980,13,Loss/l_ce,0.09293794631958008
1786488902.9836285,33980,13,Loss/l_total,0.09293794631958008
1786488902.9836524,33980,13,LR,7.85124354122177e-05
1786488927.3824275,34000,13,Loss/l_ce,0.11930084228515625
1786488927.3827016,34000,13,Loss/l_total,0.11930084228515625
1786488927.3827264,34000,13,LR,7.85124354122177e-05
1786488951.5899847,34020,13,Loss/l_ce,0.13633012771606445
1786488951.5903435,34020,13,Loss/l_total,0.13633012771606445
1786488951.5906994,34020,13,LR,7.85124354122177e-05
1786488968.929104,34040,13,Loss/l_ce,0.5107603073120117
1786488968.9293227,34040,13,Loss/l_total,0.5107603073120117
1786488968.9293475,34040,13,LR,7.85124354122177e-05
1786488983.2550726,34060,13,Loss/l_ce,0.0986173152923584
1786488983.2552981,34060,13,Loss/l_total,0.0986173152923584
1786488983.2553265,34060,13,LR,7.85124354122177e-05
1786488998.5367775,34080,13,Loss/l_ce,0.16018247604370117
1786488998.537067,34080,13,Loss/l_total,0.16018247604370117
1786488998.5370967,34080,13,LR,7.85124354122177e-05
1786489010.05917,34100,13,Loss/l_ce,0.11837482452392578
1786489010.0593648,34100,13,Loss/l_total,0.11837482452392578
1786489010.0593896,34100,13,LR,7.85124354122177e-05
1786489019.438175,34120,13,Loss/l_ce,2.5217738151550293
1786489019.4384468,34120,13,Loss/l_total,2.5217738151550293
1786489019.438472,34120,13,LR,7.85124354122177e-05
1786489037.9908943,34140,13,Loss/l_ce,0.19402575492858887
1786489037.9912302,34140,13,Loss/l_total,0.19402575492858887
1786489037.9912624,34140,13,LR,7.85124354122177e-05
1786489051.2361405,34160,13,Loss/l_ce,0.3294544219970703
1786489051.2363105,34160,13,Loss/l_total,0.3294544219970703
1786489051.2363367,34160,13,LR,7.85124354122177e-05
1786489065.7816997,34180,13,Loss/l_ce,0.0975809097290039
1786489065.781861,34180,13,Loss/l_total,0.0975809097290039
1786489065.781885,34180,13,LR,7.85124354122177e-05
1786489079.2277787,34200,13,Loss/l_ce,0.3600318431854248
1786489079.228017,34200,13,Loss/l_total,0.3600318431854248
1786489079.2280765,34200,13,LR,7.85124354122177e-05
1786489096.5074124,34220,13,Loss/l_ce,0.06776046752929688
1786489096.5076356,34220,13,Loss/l_total,0.06776046752929688
1786489096.507663,34220,13,LR,7.85124354122177e-05
1786489111.17817,34240,13,Loss/l_ce,0.08210015296936035
1786489111.1783621,34240,13,Loss/l_total,0.08210015296936035
1786489111.1783845,34240,13,LR,7.85124354122177e-05
1786489135.4987342,34260,13,Loss/l_ce,0.12443184852600098
1786489135.4991035,34260,13,Loss/l_total,0.12443184852600098
1786489135.4991522,34260,13,LR,7.85124354122177e-05
1786489155.859908,34280,13,Loss/l_ce,0.12635159492492676
1786489155.8602228,34280,13,Loss/l_total,0.12635159492492676
1786489155.8602479,34280,13,LR,7.85124354122177e-05
1786489180.5359888,34300,13,Loss/l_ce,0.11309170722961426
1786489180.5361834,34300,13,Loss/l_total,0.11309170722961426
1786489180.5362058,34300,13,LR,7.85124354122177e-05
1786489203.0745928,34320,13,Loss/l_ce,0.12808632850646973
1786489203.074816,34320,13,Loss/l_total,0.12808632850646973
1786489203.074841,34320,13,LR,7.85124354122177e-05
1786489227.8908587,34340,13,Loss/l_ce,0.12616968154907227
1786489227.8911045,34340,13,Loss/l_total,0.12616968154907227
1786489227.8911307,34340,13,LR,7.85124354122177e-05
1786489248.6501086,34360,13,Loss/l_ce,0.33222126960754395
1786489248.6503544,34360,13,Loss/l_total,0.33222126960754395
1786489248.650378,34360,13,LR,7.85124354122177e-05
1786489265.757907,34380,13,Loss/l_ce,0.0925149917602539
1786489265.7581432,34380,13,Loss/l_total,0.0925149917602539
1786489265.7581718,34380,13,LR,7.85124354122177e-05
1786489294.0904806,34400,13,Loss/l_ce,0.06892752647399902
1786489294.090635,34400,13,Loss/l_total,0.06892752647399902
1786489294.0906565,34400,13,LR,7.85124354122177e-05
1786489312.5066574,34420,13,Loss/l_ce,0.12644028663635254
1786489312.5068555,34420,13,Loss/l_total,0.12644028663635254
1786489312.5068793,34420,13,LR,7.85124354122177e-05
1786489335.9655828,34440,13,Loss/l_ce,0.09633755683898926
1786489335.9657526,34440,13,Loss/l_total,0.09633755683898926
1786489335.965775,34440,13,LR,7.85124354122177e-05
1786489360.5285397,34460,13,Loss/l_ce,0.15494251251220703
1786489360.5287998,34460,13,Loss/l_total,0.15494251251220703
1786489360.5288293,34460,13,LR,7.85124354122177e-05
1786489381.8165548,34480,13,Loss/l_ce,0.09719729423522949
1786489381.8167412,34480,13,Loss/l_total,0.09719729423522949
1786489381.8167648,34480,13,LR,7.85124354122177e-05
1786489408.25542,34500,13,Loss/l_ce,0.21559453010559082
1786489408.2556133,34500,13,Loss/l_total,0.21559453010559082
1786489408.2556324,34500,13,LR,7.85124354122177e-05
1786489428.0968366,34520,13,Loss/l_ce,0.06771135330200195
1786489428.0969946,34520,13,Loss/l_total,0.06771135330200195
1786489428.0970135,34520,13,LR,7.85124354122177e-05
1786489453.185753,34540,13,Loss/l_ce,0.17297625541687012
1786489453.1859524,34540,13,Loss/l_total,0.17297625541687012
1786489453.1859858,34540,13,LR,7.85124354122177e-05
1786489478.6460524,34560,13,Loss/l_ce,0.1123201847076416
1786489478.646217,34560,13,Loss/l_total,0.1123201847076416
1786489478.6462424,34560,13,LR,7.85124354122177e-05
1786489512.6536112,34580,13,Loss/l_ce,0.13616418838500977
1786489512.6538,34580,13,Loss/l_total,0.13616418838500977
1786489512.653832,34580,13,LR,7.85124354122177e-05
1786489530.1311426,34600,13,Loss/l_ce,0.12354612350463867
1786489530.1313362,34600,13,Loss/l_total,0.12354612350463867
1786489530.13136,34600,13,LR,7.85124354122177e-05
1786489551.651601,34620,13,Loss/l_ce,0.057457685470581055
1786489551.6517708,34620,13,Loss/l_total,0.057457685470581055
1786489551.6517935,34620,13,LR,7.85124354122177e-05
1786489578.658113,34640,13,Loss/l_ce,0.13119006156921387
1786489578.6582828,34640,13,Loss/l_total,0.13119006156921387
1786489578.6583066,34640,13,LR,7.85124354122177e-05
1786489596.2412844,34660,13,Loss/l_ce,0.10737252235412598
1786489596.241541,34660,13,Loss/l_total,0.10737252235412598
1786489596.241567,34660,13,LR,7.85124354122177e-05
1786489628.3336587,34680,13,Loss/l_ce,0.1287851333618164
1786489628.3338642,34680,13,Loss/l_total,0.1287851333618164
1786489628.333889,34680,13,LR,7.85124354122177e-05
1786489647.814531,34700,13,Loss/l_ce,0.08659172058105469
1786489647.8147638,34700,13,Loss/l_total,0.08659172058105469
1786489647.8147922,34700,13,LR,7.85124354122177e-05
1786489668.8495102,34720,13,Loss/l_ce,0.10135030746459961
1786489668.849682,34720,13,Loss/l_total,0.10135030746459961
1786489668.8497095,34720,13,LR,7.85124354122177e-05
1786489698.7060204,34740,13,Loss/l_ce,0.5535614490509033
1786489698.7062342,34740,13,Loss/l_total,0.5535614490509033
1786489698.7062578,34740,13,LR,7.85124354122177e-05
1786489730.562846,34760,13,Loss/l_ce,0.283984899520874
1786489730.5630112,34760,13,Loss/l_total,0.283984899520874
1786489730.5630598,34760,13,LR,7.85124354122177e-05
1786489755.8074853,34780,13,Loss/l_ce,0.10752391815185547
1786489755.8076992,34780,13,Loss/l_total,0.10752391815185547
1786489755.8077228,34780,13,LR,7.85124354122177e-05
1786489786.804686,34800,13,Loss/l_ce,0.11285543441772461
1786489786.8048558,34800,13,Loss/l_total,0.11285543441772461
1786489786.8048782,34800,13,LR,7.85124354122177e-05
1786489810.2120757,34820,13,Loss/l_ce,0.07853341102600098
1786489810.2122684,34820,13,Loss/l_total,0.07853341102600098
1786489810.212292,34820,13,LR,7.85124354122177e-05
1786489838.1717427,34840,13,Loss/l_ce,0.1114659309387207
1786489838.171953,34840,13,Loss/l_total,0.1114659309387207
1786489838.1719768,34840,13,LR,7.85124354122177e-05
1786489850.2512746,34860,13,Loss/l_ce,0.16553187370300293
1786489850.2514572,34860,13,Loss/l_total,0.16553187370300293
1786489850.2514825,34860,13,LR,7.85124354122177e-05
1786489876.0001519,34880,13,Loss/l_ce,0.09229278564453125
1786489876.0003273,34880,13,Loss/l_total,0.09229278564453125
1786489876.00035,34880,13,LR,7.85124354122177e-05
1786489909.572353,34900,13,Loss/l_ce,0.09699058532714844
1786489909.572551,34900,13,Loss/l_total,0.09699058532714844
1786489909.5725734,34900,13,LR,7.85124354122177e-05
1786489935.3703756,34920,13,Loss/l_ce,0.05620384216308594
1786489935.3706393,34920,13,Loss/l_total,0.05620384216308594
1786489935.3706703,34920,13,LR,7.85124354122177e-05
1786489966.8838453,34940,13,Loss/l_ce,0.08384561538696289
1786489966.884078,34940,13,Loss/l_total,0.08384561538696289
1786489966.8841064,34940,13,LR,7.85124354122177e-05
1786490005.466818,34960,13,Loss/l_ce,0.11361241340637207
1786490005.4669952,34960,13,Loss/l_total,0.11361241340637207
1786490005.46702,34960,13,LR,7.85124354122177e-05
1786490033.1617606,34980,13,Loss/l_ce,0.12913799285888672
1786490033.1619942,34980,13,Loss/l_total,0.12913799285888672
1786490033.1620193,34980,13,LR,7.85124354122177e-05
1786490053.7875316,35000,13,Loss/l_ce,0.14964532852172852
1786490053.7876954,35000,13,Loss/l_total,0.14964532852172852
1786490053.7877192,35000,13,LR,7.85124354122177e-05
1786490075.367318,35020,13,Loss/l_ce,0.13002300262451172
1786490075.3674936,35020,13,Loss/l_total,0.13002300262451172
1786490075.3675992,35020,13,LR,7.85124354122177e-05
1786490092.0454738,35040,13,Loss/l_ce,0.19692683219909668
1786490092.0457623,35040,13,Loss/l_total,0.19692683219909668
1786490092.045791,35040,13,LR,7.85124354122177e-05
1786490103.1273165,35060,13,Loss/l_ce,0.11921977996826172
1786490103.1274872,35060,13,Loss/l_total,0.11921977996826172
1786490103.1275122,35060,13,LR,7.85124354122177e-05
1786490121.7561932,35080,13,Loss/l_ce,0.08739137649536133
1786490121.7563617,35080,13,Loss/l_total,0.08739137649536133
1786490121.7563856,35080,13,LR,7.85124354122177e-05
1786490135.9017892,35100,13,Loss/l_ce,0.07683753967285156
1786490135.9022593,35100,13,Loss/l_total,0.07683753967285156
1786490135.9026012,35100,13,LR,7.85124354122177e-05
1786490149.269566,35120,13,Loss/l_ce,0.14130759239196777
1786490149.2697299,35120,13,Loss/l_total,0.14130759239196777
1786490149.2697558,35120,13,LR,7.85124354122177e-05
1786490158.4092991,35140,13,Loss/l_ce,0.16051840782165527
1786490158.409462,35140,13,Loss/l_total,0.16051840782165527
1786490158.4094868,35140,13,LR,7.85124354122177e-05
1786490170.8143587,35160,13,Loss/l_ce,0.11525487899780273
1786490170.8145225,35160,13,Loss/l_total,0.11525487899780273
1786490170.8145463,35160,13,LR,7.85124354122177e-05
1786490181.0541086,35180,13,Loss/l_ce,0.14150261878967285
1786490181.054313,35180,13,Loss/l_total,0.14150261878967285
1786490181.054338,35180,13,LR,7.85124354122177e-05
1786490195.147227,35200,13,Loss/l_ce,0.1171574592590332
1786490195.1473837,35200,13,Loss/l_total,0.1171574592590332
1786490195.1474063,35200,13,LR,7.85124354122177e-05
1786490210.1209698,35220,13,Loss/l_ce,0.08424735069274902
1786490210.121199,35220,13,Loss/l_total,0.08424735069274902
1786490210.12122,35220,13,LR,7.85124354122177e-05
1786490222.840935,35240,13,Loss/l_ce,0.08651399612426758
1786490222.8411713,35240,13,Loss/l_total,0.08651399612426758
1786490222.8411987,35240,13,LR,7.85124354122177e-05
1786490241.8726282,35260,13,Loss/l_ce,0.07826566696166992
1786490241.8728645,35260,13,Loss/l_total,0.07826566696166992
1786490241.8728907,35260,13,LR,7.85124354122177e-05
1786490262.687814,35280,13,Loss/l_ce,0.09455990791320801
1786490262.6879778,35280,13,Loss/l_total,0.09455990791320801
1786490262.6880016,35280,13,LR,7.85124354122177e-05
1786490288.0252583,35300,13,Loss/l_ce,0.10879969596862793
1786490288.025459,35300,13,Loss/l_total,0.10879969596862793
1786490288.0254805,35300,13,LR,7.85124354122177e-05
1786490310.0735023,35320,13,Loss/l_ce,0.1091465950012207
1786490310.0737004,35320,13,Loss/l_total,0.1091465950012207
1786490310.0737255,35320,13,LR,7.85124354122177e-05
1786490335.8531907,35340,13,Loss/l_ce,0.08543539047241211
1786490335.8533745,35340,13,Loss/l_total,0.08543539047241211
1786490335.8536859,35340,13,LR,7.85124354122177e-05
1786490360.6801362,35360,13,Loss/l_ce,0.11863064765930176
1786490360.680338,35360,13,Loss/l_total,0.11863064765930176
1786490360.6803641,35360,13,LR,7.85124354122177e-05
1786490385.4100976,35380,13,Loss/l_ce,0.06669402122497559
1786490385.4102614,35380,13,Loss/l_total,0.06669402122497559
1786490385.4102867,35380,13,LR,7.85124354122177e-05
1786490409.4689507,35400,13,Loss/l_ce,0.06188011169433594
1786490409.469149,35400,13,Loss/l_total,0.06188011169433594
1786490409.4691763,35400,13,LR,7.85124354122177e-05
1786490435.05557,35420,13,Loss/l_ce,0.082794189453125
1786490435.055729,35420,13,Loss/l_total,0.082794189453125
1786490435.0557504,35420,13,LR,7.85124354122177e-05
1786490452.5318573,35440,13,Loss/l_ce,0.10133075714111328
1786490452.5320778,35440,13,Loss/l_total,0.10133075714111328
1786490452.5322146,35440,13,LR,7.85124354122177e-05
1786490475.3615496,35460,13,Loss/l_ce,0.1264798641204834
1786490475.3617322,35460,13,Loss/l_total,0.1264798641204834
1786490475.361755,35460,13,LR,7.85124354122177e-05
1786490495.87065,35480,13,Loss/l_ce,0.0979924201965332
1786490495.8708472,35480,13,Loss/l_total,0.0979924201965332
1786490495.8708699,35480,13,LR,7.85124354122177e-05
1786490523.0667207,35500,13,Loss/l_ce,0.21299266815185547
1786490523.0669487,35500,13,Loss/l_total,0.21299266815185547
1786490523.066976,35500,13,LR,7.85124354122177e-05
1786490548.210976,35520,13,Loss/l_ce,0.10567879676818848
1786490548.2111638,35520,13,Loss/l_total,0.10567879676818848
1786490548.2111897,35520,13,LR,7.85124354122177e-05
1786490571.8530936,35540,13,Loss/l_ce,0.061844587326049805
1786490571.8535259,35540,13,Loss/l_total,0.061844587326049805
1786490571.8535542,35540,13,LR,7.85124354122177e-05
1786490593.1132338,35560,13,Loss/l_ce,0.12915682792663574
1786490593.1134143,35560,13,Loss/l_total,0.12915682792663574
1786490593.113443,35560,13,LR,7.85124354122177e-05
1786490620.1305037,35580,13,Loss/l_ce,0.14252233505249023
1786490620.1306722,35580,13,Loss/l_total,0.14252233505249023
1786490620.1306973,35580,13,LR,7.85124354122177e-05
1786490643.7387342,35600,13,Loss/l_ce,0.0877685546875
1786490643.7390075,35600,13,Loss/l_total,0.0877685546875
1786490643.7390606,35600,13,LR,7.85124354122177e-05
1786490668.8969977,35620,13,Loss/l_ce,0.08020281791687012
1786490668.8973134,35620,13,Loss/l_total,0.08020281791687012
1786490668.8973393,35620,13,LR,7.85124354122177e-05
1786490695.4632509,35640,13,Loss/l_ce,0.11733388900756836
1786490695.4634469,35640,13,Loss/l_total,0.11733388900756836
1786490695.4634671,35640,13,LR,7.85124354122177e-05
1786490718.3551023,35660,13,Loss/l_ce,0.10673642158508301
1786490718.3552434,35660,13,Loss/l_total,0.10673642158508301
1786490718.3552673,35660,13,LR,7.85124354122177e-05
1786490737.1705961,35680,13,Loss/l_ce,0.29452061653137207
1786490737.170773,35680,13,Loss/l_total,0.29452061653137207
1786490737.1708014,35680,13,LR,7.85124354122177e-05
1786490752.6017685,35700,13,Loss/l_ce,0.08969855308532715
1786490752.6019893,35700,13,Loss/l_total,0.08969855308532715
1786490752.6020167,35700,13,LR,7.85124354122177e-05
1786490892.0518072,35700,13,Val/avg_error,0.008631090633571148
1786490892.0521016,35700,13,Val/acc,0.86630859375
1786490892.052129,35700,13,Val/sparse_auc,0.9314956202651513
1786490892.0521457,35700,13,Val/sparse_pck_max,0.1
1786490892.0521646,35700,13,Val/sparse_pck_n,100.0
1786490917.5837343,35720,14,Loss/l_ce,0.2145228385925293
1786490917.583941,35720,14,Loss/l_total,0.2145228385925293
1786490917.5839636,35720,14,LR,7.54295724882796e-05
1786490940.2276626,35740,14,Loss/l_ce,0.10524940490722656
1786490940.2278287,35740,14,Loss/l_total,0.10524940490722656
1786490940.2278502,35740,14,LR,7.54295724882796e-05
1786490969.4806664,35760,14,Loss/l_ce,0.1348412036895752
1786490969.480853,35760,14,Loss/l_total,0.1348412036895752
1786490969.4808826,35760,14,LR,7.54295724882796e-05
1786490995.770106,35780,14,Loss/l_ce,0.09451866149902344
1786490995.7702947,35780,14,Loss/l_total,0.09451866149902344
1786490995.7703173,35780,14,LR,7.54295724882796e-05
1786491015.130633,35800,14,Loss/l_ce,0.24939703941345215
1786491015.13083,35800,14,Loss/l_total,0.24939703941345215
1786491015.1308575,35800,14,LR,7.54295724882796e-05
1786491034.2707598,35820,14,Loss/l_ce,2.9427084922790527
1786491034.2709177,35820,14,Loss/l_total,2.9427084922790527
1786491034.2709403,35820,14,LR,7.54295724882796e-05
1786491057.3338194,35840,14,Loss/l_ce,0.24177980422973633
1786491057.3339868,35840,14,Loss/l_total,0.24177980422973633
1786491057.3340094,35840,14,LR,7.54295724882796e-05
1786491082.0584972,35860,14,Loss/l_ce,0.03648519515991211
1786491082.0586684,35860,14,Loss/l_total,0.03648519515991211
1786491082.058692,35860,14,LR,7.54295724882796e-05
1786491103.5136194,35880,14,Loss/l_ce,0.11237359046936035
1786491103.5138025,35880,14,Loss/l_total,0.11237359046936035
1786491103.51385,35880,14,LR,7.54295724882796e-05
1786491126.962694,35900,14,Loss/l_ce,0.09365200996398926
1786491126.9628623,35900,14,Loss/l_total,0.09365200996398926
1786491126.9628875,35900,14,LR,7.54295724882796e-05
1786491141.5076632,35920,14,Loss/l_ce,0.06881403923034668
1786491141.5078533,35920,14,Loss/l_total,0.06881403923034668
1786491141.5078816,35920,14,LR,7.54295724882796e-05
1786491153.8952847,35940,14,Loss/l_ce,0.0912771224975586
1786491153.8954818,35940,14,Loss/l_total,0.0912771224975586
1786491153.8955069,35940,14,LR,7.54295724882796e-05
1786491170.4594054,35960,14,Loss/l_ce,2.521446704864502
1786491170.4595895,35960,14,Loss/l_total,2.521446704864502
1786491170.459611,35960,14,LR,7.54295724882796e-05
1786491186.1331258,35980,14,Loss/l_ce,0.0903313159942627
1786491186.1333659,35980,14,Loss/l_total,0.0903313159942627
1786491186.1333964,35980,14,LR,7.54295724882796e-05
1786491203.2802174,36000,14,Loss/l_ce,0.239607572555542
1786491203.2804537,36000,14,Loss/l_total,0.239607572555542
1786491203.2804797,36000,14,LR,7.54295724882796e-05
1786491219.7621946,36020,14,Loss/l_ce,0.3756272792816162
1786491219.762445,36020,14,Loss/l_total,0.3756272792816162
1786491219.7624702,36020,14,LR,7.54295724882796e-05
1786491227.97056,36040,14,Loss/l_ce,0.11414265632629395
1786491227.970775,36040,14,Loss/l_total,0.11414265632629395
1786491227.9708009,36040,14,LR,7.54295724882796e-05
1786491242.2700827,36060,14,Loss/l_ce,0.11188173294067383
1786491242.2702432,36060,14,Loss/l_total,0.11188173294067383
1786491242.2702665,36060,14,LR,7.54295724882796e-05
1786491253.0408218,36080,14,Loss/l_ce,0.11898326873779297
1786491253.0409987,36080,14,Loss/l_total,0.11898326873779297
1786491253.0410247,36080,14,LR,7.54295724882796e-05
1786491270.0802631,36100,14,Loss/l_ce,0.11773443222045898
1786491270.0804603,36100,14,Loss/l_total,0.11773443222045898
1786491270.0804818,36100,14,LR,7.54295724882796e-05
1786491290.6147926,36120,14,Loss/l_ce,0.12317824363708496
1786491290.6149826,36120,14,Loss/l_total,0.12317824363708496
1786491290.6150053,36120,14,LR,7.54295724882796e-05
1786491319.679105,36140,14,Loss/l_ce,0.1714167594909668
1786491319.6792715,36140,14,Loss/l_total,0.1714167594909668
1786491319.6792927,36140,14,LR,7.54295724882796e-05
1786491350.4051113,36160,14,Loss/l_ce,0.479597806930542
1786491350.4053192,36160,14,Loss/l_total,0.479597806930542
1786491350.4053416,36160,14,LR,7.54295724882796e-05
1786491376.4300945,36180,14,Loss/l_ce,0.121551513671875
1786491376.43028,36180,14,Loss/l_total,0.121551513671875
1786491376.4303048,36180,14,LR,7.54295724882796e-05
1786491394.0183268,36200,14,Loss/l_ce,0.12294626235961914
1786491394.0184977,36200,14,Loss/l_total,0.12294626235961914
1786491394.0185204,36200,14,LR,7.54295724882796e-05
1786491420.9802248,36220,14,Loss/l_ce,0.10631489753723145
1786491420.980462,36220,14,Loss/l_total,0.10631489753723145
1786491420.9804847,36220,14,LR,7.54295724882796e-05
1786491440.347552,36240,14,Loss/l_ce,0.06095552444458008
1786491440.3478014,36240,14,Loss/l_total,0.06095552444458008
1786491440.347832,36240,14,LR,7.54295724882796e-05
1786491458.6245074,36260,14,Loss/l_ce,0.1328897476196289
1786491458.6246736,36260,14,Loss/l_total,0.1328897476196289
1786491458.624696,36260,14,LR,7.54295724882796e-05
1786491482.2929165,36280,14,Loss/l_ce,0.11042451858520508
1786491482.293192,36280,14,Loss/l_total,0.11042451858520508
1786491482.2932181,36280,14,LR,7.54295724882796e-05
1786491505.3894463,36300,14,Loss/l_ce,0.11860275268554688
1786491505.3896933,36300,14,Loss/l_total,0.11860275268554688
1786491505.3897192,36300,14,LR,7.54295724882796e-05
1786491528.9430969,36320,14,Loss/l_ce,0.10290408134460449
1786491528.943261,36320,14,Loss/l_total,0.10290408134460449
1786491528.943281,36320,14,LR,7.54295724882796e-05
1786491554.7642932,36340,14,Loss/l_ce,0.06955647468566895
1786491554.7644641,36340,14,Loss/l_total,0.06955647468566895
1786491554.764489,36340,14,LR,7.54295724882796e-05
1786491572.4146717,36360,14,Loss/l_ce,0.10888481140136719
1786491572.4148793,36360,14,Loss/l_total,0.10888481140136719
1786491572.4149303,36360,14,LR,7.54295724882796e-05
1786491591.3351796,36380,14,Loss/l_ce,0.10828804969787598
1786491591.3353636,36380,14,Loss/l_total,0.10828804969787598
1786491591.3353884,36380,14,LR,7.54295724882796e-05
1786491613.997404,36400,14,Loss/l_ce,1.5323128700256348
1786491613.9977686,36400,14,Loss/l_total,1.5323128700256348
1786491613.997809,36400,14,LR,7.54295724882796e-05
1786491637.0026813,36420,14,Loss/l_ce,0.11593747138977051
1786491637.0029604,36420,14,Loss/l_total,0.11593747138977051
1786491637.0029879,36420,14,LR,7.54295724882796e-05
1786491658.497423,36440,14,Loss/l_ce,0.07736825942993164
1786491658.4976485,36440,14,Loss/l_total,0.07736825942993164
1786491658.497671,36440,14,LR,7.54295724882796e-05
1786491683.0932941,36460,14,Loss/l_ce,0.09910702705383301
1786491683.093573,36460,14,Loss/l_total,0.09910702705383301
1786491683.0935946,36460,14,LR,7.54295724882796e-05
1786491706.9901063,36480,14,Loss/l_ce,0.10782289505004883
1786491706.9902773,36480,14,Loss/l_total,0.10782289505004883
1786491706.990299,36480,14,LR,7.54295724882796e-05
1786491731.17871,36500,14,Loss/l_ce,0.10854029655456543
1786491731.17894,36500,14,Loss/l_total,0.10854029655456543
1786491731.1789627,36500,14,LR,7.54295724882796e-05
1786491746.8229437,36520,14,Loss/l_ce,0.0973806381225586
1786491746.823186,36520,14,Loss/l_total,0.0973806381225586
1786491746.8232121,36520,14,LR,7.54295724882796e-05
1786491757.0769172,36540,14,Loss/l_ce,0.12789607048034668
1786491757.0771167,36540,14,Loss/l_total,0.12789607048034668
1786491757.0771406,36540,14,LR,7.54295724882796e-05
1786491775.2858875,36560,14,Loss/l_ce,0.07951664924621582
1786491775.2861354,36560,14,Loss/l_total,0.07951664924621582
1786491775.286164,36560,14,LR,7.54295724882796e-05
1786491789.145481,36580,14,Loss/l_ce,0.09070515632629395
1786491789.14572,36580,14,Loss/l_total,0.09070515632629395
1786491789.1457472,36580,14,LR,7.54295724882796e-05
1786491800.8149927,36600,14,Loss/l_ce,0.1378939151763916
1786491800.8151755,36600,14,Loss/l_total,0.1378939151763916
1786491800.8152027,36600,14,LR,7.54295724882796e-05
1786491816.0213573,36620,14,Loss/l_ce,0.06706953048706055
1786491816.021571,36620,14,Loss/l_total,0.06706953048706055
1786491816.0215945,36620,14,LR,7.54295724882796e-05
1786491830.4158247,36640,14,Loss/l_ce,0.17700934410095215
1786491830.415992,36640,14,Loss/l_total,0.17700934410095215
1786491830.4160168,36640,14,LR,7.54295724882796e-05
1786491840.5801382,36660,14,Loss/l_ce,0.10229706764221191
1786491840.5802913,36660,14,Loss/l_total,0.10229706764221191
1786491840.5803175,36660,14,LR,7.54295724882796e-05
1786491849.3094306,36680,14,Loss/l_ce,0.0850067138671875
1786491849.3096013,36680,14,Loss/l_total,0.0850067138671875
1786491849.3096251,36680,14,LR,7.54295724882796e-05
1786491863.8611765,36700,14,Loss/l_ce,0.06724095344543457
1786491863.8614116,36700,14,Loss/l_total,0.06724095344543457
1786491863.861438,36700,14,LR,7.54295724882796e-05
1786491875.9134817,36720,14,Loss/l_ce,2.310415506362915
1786491875.9136446,36720,14,Loss/l_total,2.310415506362915
1786491875.913667,36720,14,LR,7.54295724882796e-05
1786491894.5337565,36740,14,Loss/l_ce,0.09027433395385742
1786491894.5339272,36740,14,Loss/l_total,0.09027433395385742
1786491894.5339522,36740,14,LR,7.54295724882796e-05
1786491920.976771,36760,14,Loss/l_ce,0.14762663841247559
1786491920.9769728,36760,14,Loss/l_total,0.14762663841247559
1786491920.9770038,36760,14,LR,7.54295724882796e-05
1786491939.2145152,36780,14,Loss/l_ce,0.112457275390625
1786491939.2146945,36780,14,Loss/l_total,0.112457275390625
1786491939.2147217,36780,14,LR,7.54295724882796e-05
1786491971.5499477,36800,14,Loss/l_ce,0.1572742462158203
1786491971.5501542,36800,14,Loss/l_total,0.1572742462158203
1786491971.550179,36800,14,LR,7.54295724882796e-05
1786491993.692143,36820,14,Loss/l_ce,0.057541847229003906
1786491993.692328,36820,14,Loss/l_total,0.057541847229003906
1786491993.6923504,36820,14,LR,7.54295724882796e-05
1786492014.5386832,36840,14,Loss/l_ce,0.12127351760864258
1786492014.5389183,36840,14,Loss/l_total,0.12127351760864258
1786492014.5389419,36840,14,LR,7.54295724882796e-05
1786492040.9603457,36860,14,Loss/l_ce,0.08789896965026855
1786492040.9605253,36860,14,Loss/l_total,0.08789896965026855
1786492040.9605455,36860,14,LR,7.54295724882796e-05
1786492061.3492937,36880,14,Loss/l_ce,0.19411349296569824
1786492061.3495145,36880,14,Loss/l_total,0.19411349296569824
1786492061.3495443,36880,14,LR,7.54295724882796e-05
1786492089.4197888,36900,14,Loss/l_ce,0.07524538040161133
1786492089.4199753,36900,14,Loss/l_total,0.07524538040161133
1786492089.419999,36900,14,LR,7.54295724882796e-05
1786492114.7258117,36920,14,Loss/l_ce,0.07323312759399414
1786492114.725997,36920,14,Loss/l_total,0.07323312759399414
1786492114.7260232,36920,14,LR,7.54295724882796e-05
1786492137.45757,36940,14,Loss/l_ce,0.05028820037841797
1786492137.4578123,36940,14,Loss/l_total,0.05028820037841797
1786492137.4578397,36940,14,LR,7.54295724882796e-05
1786492153.0294127,36960,14,Loss/l_ce,0.08011698722839355
1786492153.029585,36960,14,Loss/l_total,0.08011698722839355
1786492153.02961,36960,14,LR,7.54295724882796e-05
1786492168.7005243,36980,14,Loss/l_ce,0.09461307525634766
1786492168.700687,36980,14,Loss/l_total,0.09461307525634766
1786492168.7007143,36980,14,LR,7.54295724882796e-05
1786492184.6131034,37000,14,Loss/l_ce,0.1699810028076172
1786492184.6133122,37000,14,Loss/l_total,0.1699810028076172
1786492184.6133406,37000,14,LR,7.54295724882796e-05
1786492196.6076982,37020,14,Loss/l_ce,0.07027006149291992
1786492196.6078858,37020,14,Loss/l_total,0.07027006149291992
1786492196.6079118,37020,14,LR,7.54295724882796e-05
1786492204.6012743,37040,14,Loss/l_ce,0.1443479061126709
1786492204.6014276,37040,14,Loss/l_total,0.1443479061126709
1786492204.6014524,37040,14,LR,7.54295724882796e-05
1786492214.2741067,37060,14,Loss/l_ce,0.13766050338745117
1786492214.2742763,37060,14,Loss/l_total,0.13766050338745117
1786492214.2743,37060,14,LR,7.54295724882796e-05
1786492228.947304,37080,14,Loss/l_ce,0.05374431610107422
1786492228.9475083,37080,14,Loss/l_total,0.05374431610107422
1786492228.9475343,37080,14,LR,7.54295724882796e-05
1786492246.0377088,37100,14,Loss/l_ce,0.13349080085754395
1786492246.0378761,37100,14,Loss/l_total,0.13349080085754395
1786492246.0379012,37100,14,LR,7.54295724882796e-05
1786492259.3572874,37120,14,Loss/l_ce,0.08403992652893066
1786492259.3574383,37120,14,Loss/l_total,0.08403992652893066
1786492259.3574634,37120,14,LR,7.54295724882796e-05
1786492272.3653436,37140,14,Loss/l_ce,0.12185382843017578
1786492272.365544,37140,14,Loss/l_total,0.12185382843017578
1786492272.3655655,37140,14,LR,7.54295724882796e-05
1786492288.1416144,37160,14,Loss/l_ce,0.08408117294311523
1786492288.1417913,37160,14,Loss/l_total,0.08408117294311523
1786492288.141815,37160,14,LR,7.54295724882796e-05
1786492315.3310997,37180,14,Loss/l_ce,0.12103915214538574
1786492315.3312874,37180,14,Loss/l_total,0.12103915214538574
1786492315.3313086,37180,14,LR,7.54295724882796e-05
1786492338.1884196,37200,14,Loss/l_ce,0.13013339042663574
1786492338.1885903,37200,14,Loss/l_total,0.13013339042663574
1786492338.1886177,37200,14,LR,7.54295724882796e-05
1786492362.871767,37220,14,Loss/l_ce,0.5279107093811035
1786492362.8719485,37220,14,Loss/l_total,0.5279107093811035
1786492362.8719723,37220,14,LR,7.54295724882796e-05
1786492384.9886627,37240,14,Loss/l_ce,0.07433414459228516
1786492384.9889264,37240,14,Loss/l_total,0.07433414459228516
1786492384.9889548,37240,14,LR,7.54295724882796e-05
1786492410.8940272,37260,14,Loss/l_ce,0.1418142318725586
1786492410.8942182,37260,14,Loss/l_total,0.1418142318725586
1786492410.894242,37260,14,LR,7.54295724882796e-05
1786492434.1471398,37280,14,Loss/l_ce,0.08140230178833008
1786492434.1473107,37280,14,Loss/l_total,0.08140230178833008
1786492434.1473346,37280,14,LR,7.54295724882796e-05
1786492454.5635273,37300,14,Loss/l_ce,0.09728384017944336
1786492454.56369,37300,14,Loss/l_total,0.09728384017944336
1786492454.5637138,37300,14,LR,7.54295724882796e-05
1786492477.3061054,37320,14,Loss/l_ce,0.12266755104064941
1786492477.3062701,37320,14,Loss/l_total,0.12266755104064941
1786492477.3062918,37320,14,LR,7.54295724882796e-05
1786492505.3071325,37340,14,Loss/l_ce,0.09187698364257812
1786492505.3072903,37340,14,Loss/l_total,0.09187698364257812
1786492505.3073118,37340,14,LR,7.54295724882796e-05
1786492529.681798,37360,14,Loss/l_ce,0.11418604850769043
1786492529.681957,37360,14,Loss/l_total,0.11418604850769043
1786492529.6819808,37360,14,LR,7.54295724882796e-05
1786492561.8921,37380,14,Loss/l_ce,0.10348105430603027
1786492561.8923318,37380,14,Loss/l_total,0.10348105430603027
1786492561.8923554,37380,14,LR,7.54295724882796e-05
1786492587.8194373,37400,14,Loss/l_ce,0.09628462791442871
1786492587.8196273,37400,14,Loss/l_total,0.09628462791442871
1786492587.8196511,37400,14,LR,7.54295724882796e-05
1786492620.772274,37420,14,Loss/l_ce,0.10393428802490234
1786492620.7725124,37420,14,Loss/l_total,0.10393428802490234
1786492620.7725434,37420,14,LR,7.54295724882796e-05
1786492646.3632658,37440,14,Loss/l_ce,0.08312273025512695
1786492646.363502,37440,14,Loss/l_total,0.08312273025512695
1786492646.3635283,37440,14,LR,7.54295724882796e-05
1786492675.6878493,37460,14,Loss/l_ce,0.08211660385131836
1786492675.6881032,37460,14,Loss/l_total,0.08211660385131836
1786492675.688128,37460,14,LR,7.54295724882796e-05
1786492701.0802503,37480,14,Loss/l_ce,0.10279011726379395
1786492701.0804417,37480,14,Loss/l_total,0.10279011726379395
1786492701.080465,37480,14,LR,7.54295724882796e-05
1786492731.3021536,37500,14,Loss/l_ce,0.0797417163848877
1786492731.3023138,37500,14,Loss/l_total,0.0797417163848877
1786492731.3023398,37500,14,LR,7.54295724882796e-05
1786492758.0887806,37520,14,Loss/l_ce,0.1159510612487793
1786492758.088948,37520,14,Loss/l_total,0.1159510612487793
1786492758.088968,37520,14,LR,7.54295724882796e-05
1786492784.465179,37540,14,Loss/l_ce,0.14948272705078125
1786492784.4653616,37540,14,Loss/l_total,0.14948272705078125
1786492784.4653842,37540,14,LR,7.54295724882796e-05
1786492816.8875558,37560,14,Loss/l_ce,0.10616135597229004
1786492816.887721,37560,14,Loss/l_total,0.10616135597229004
1786492816.8877444,37560,14,LR,7.54295724882796e-05
1786492845.9532404,37580,14,Loss/l_ce,0.2129528522491455
1786492845.9534361,37580,14,Loss/l_total,0.2129528522491455
1786492845.9534588,37580,14,LR,7.54295724882796e-05
1786492872.8923,37600,14,Loss/l_ce,0.06823897361755371
1786492872.8924577,37600,14,Loss/l_total,0.06823897361755371
1786492872.8924816,37600,14,LR,7.54295724882796e-05
1786492893.0579326,37620,14,Loss/l_ce,0.08730101585388184
1786492893.058131,37620,14,Loss/l_total,0.08730101585388184
1786492893.0581584,37620,14,LR,7.54295724882796e-05
1786492919.1352713,37640,14,Loss/l_ce,0.09890127182006836
1786492919.135458,37640,14,Loss/l_total,0.09890127182006836
1786492919.1354792,37640,14,LR,7.54295724882796e-05
1786492957.4767613,37660,14,Loss/l_ce,0.10928606986999512
1786492957.476968,37660,14,Loss/l_total,0.10928606986999512
1786492957.4769952,37660,14,LR,7.54295724882796e-05
1786492987.3063219,37680,14,Loss/l_ce,0.11843347549438477
1786492987.3064737,37680,14,Loss/l_total,0.11843347549438477
1786492987.3064961,37680,14,LR,7.54295724882796e-05
1786493009.1516874,37700,14,Loss/l_ce,0.15914225578308105
1786493009.1518688,37700,14,Loss/l_total,0.15914225578308105
1786493009.151894,37700,14,LR,7.54295724882796e-05
1786493030.551217,37720,14,Loss/l_ce,0.12888097763061523
1786493030.5514143,37720,14,Loss/l_total,0.12888097763061523
1786493030.551437,37720,14,LR,7.54295724882796e-05
1786493049.669638,37740,14,Loss/l_ce,0.09568667411804199
1786493049.6698267,37740,14,Loss/l_total,0.09568667411804199
1786493049.669848,37740,14,LR,7.54295724882796e-05
1786493078.664319,37760,14,Loss/l_ce,0.17442798614501953
1786493078.664561,37760,14,Loss/l_total,0.17442798614501953
1786493078.6645827,37760,14,LR,7.54295724882796e-05
1786493115.4005878,37780,14,Loss/l_ce,0.0770256519317627
1786493115.4008124,37780,14,Loss/l_total,0.0770256519317627
1786493115.4008539,37780,14,LR,7.54295724882796e-05
1786493141.662053,37800,14,Loss/l_ce,0.08758211135864258
1786493141.6622918,37800,14,Loss/l_total,0.08758211135864258
1786493141.6623178,37800,14,LR,7.54295724882796e-05
1786493166.260275,37820,14,Loss/l_ce,0.06777429580688477
1786493166.2604544,37820,14,Loss/l_total,0.06777429580688477
1786493166.2604744,37820,14,LR,7.54295724882796e-05
1786493184.9205315,37840,14,Loss/l_ce,0.15015769004821777
1786493184.9207463,37840,14,Loss/l_total,0.15015769004821777
1786493184.9207687,37840,14,LR,7.54295724882796e-05
1786493213.2319994,37860,14,Loss/l_ce,0.08189654350280762
1786493213.232206,37860,14,Loss/l_total,0.08189654350280762
1786493213.232231,37860,14,LR,7.54295724882796e-05
1786493240.8959637,37880,14,Loss/l_ce,0.05077409744262695
1786493240.896296,37880,14,Loss/l_total,0.05077409744262695
1786493240.8963223,37880,14,LR,7.54295724882796e-05
1786493276.6065238,37900,14,Loss/l_ce,0.12583374977111816
1786493276.6067185,37900,14,Loss/l_total,0.12583374977111816
1786493276.6067424,37900,14,LR,7.54295724882796e-05
1786493295.1682215,37920,14,Loss/l_ce,0.2888009548187256
1786493295.168441,37920,14,Loss/l_total,0.2888009548187256
1786493295.1684697,37920,14,LR,7.54295724882796e-05
1786493314.3040187,37940,14,Loss/l_ce,0.12772560119628906
1786493314.3042324,37940,14,Loss/l_total,0.12772560119628906
1786493314.3042536,37940,14,LR,7.54295724882796e-05
1786493329.619402,37960,14,Loss/l_ce,0.13293051719665527
1786493329.6196122,37960,14,Loss/l_total,0.13293051719665527
1786493329.6196382,37960,14,LR,7.54295724882796e-05
1786493345.7623773,37980,14,Loss/l_ce,0.10158777236938477
1786493345.7625685,37980,14,Loss/l_total,0.10158777236938477
1786493345.7625945,37980,14,LR,7.54295724882796e-05
1786493357.2246165,38000,14,Loss/l_ce,0.072418212890625
1786493357.2248776,38000,14,Loss/l_total,0.072418212890625
1786493357.2249036,38000,14,LR,7.54295724882796e-05
1786493367.2704713,38020,14,Loss/l_ce,0.06432366371154785
1786493367.270641,38020,14,Loss/l_total,0.06432366371154785
1786493367.270665,38020,14,LR,7.54295724882796e-05
1786493378.949125,38040,14,Loss/l_ce,0.11414694786071777
1786493378.9493175,38040,14,Loss/l_total,0.11414694786071777
1786493378.9493434,38040,14,LR,7.54295724882796e-05
1786493398.1274312,38060,14,Loss/l_ce,0.07690620422363281
1786493398.1276257,38060,14,Loss/l_total,0.07690620422363281
1786493398.1276507,38060,14,LR,7.54295724882796e-05
1786493412.44483,38080,14,Loss/l_ce,0.12372136116027832
1786493412.4450579,38080,14,Loss/l_total,0.12372136116027832
1786493412.4450865,38080,14,LR,7.54295724882796e-05
1786493427.3484564,38100,14,Loss/l_ce,0.08005619049072266
1786493427.348618,38100,14,Loss/l_total,0.08005619049072266
1786493427.3486416,38100,14,LR,7.54295724882796e-05
1786493439.3997052,38120,14,Loss/l_ce,0.10192608833312988
1786493439.3998842,38120,14,Loss/l_total,0.10192608833312988
1786493439.3999104,38120,14,LR,7.54295724882796e-05
1786493455.1558034,38140,14,Loss/l_ce,0.21062183380126953
1786493455.1561003,38140,14,Loss/l_total,0.21062183380126953
1786493455.1561265,38140,14,LR,7.54295724882796e-05
1786493473.4306967,38160,14,Loss/l_ce,2.840055465698242
1786493473.4309437,38160,14,Loss/l_total,2.840055465698242
1786493473.43097,38160,14,LR,7.54295724882796e-05
1786493509.9969797,38180,14,Loss/l_ce,0.20487523078918457
1786493509.997172,38180,14,Loss/l_total,0.20487523078918457
1786493509.9971948,38180,14,LR,7.54295724882796e-05
1786493533.3620543,38200,14,Loss/l_ce,0.1575770378112793
1786493533.3622825,38200,14,Loss/l_total,0.1575770378112793
1786493533.362305,38200,14,LR,7.54295724882796e-05
1786493559.3292627,38220,14,Loss/l_ce,0.10030937194824219
1786493559.329422,38220,14,Loss/l_total,0.10030937194824219
1786493559.3294432,38220,14,LR,7.54295724882796e-05
1786493577.8696404,38240,14,Loss/l_ce,0.10953474044799805
1786493577.8698127,38240,14,Loss/l_total,0.10953474044799805
1786493577.8698366,38240,14,LR,7.54295724882796e-05
1786493738.6629481,38250,14,Val/avg_error,0.012660609558224678
1786493738.6632733,38250,14,Val/acc,0.82119140625
1786493738.6633065,38250,14,Val/sparse_auc,0.9070672545770201
1786493738.6633232,38250,14,Val/sparse_pck_max,0.1
1786493738.6633446,38250,14,Val/sparse_pck_n,100.0
1786493754.330163,38260,15,Loss/l_ce,0.10909509658813477
1786493754.3303623,38260,15,Loss/l_total,0.10909509658813477
1786493754.3303852,38260,15,LR,7.222075445642904e-05
1786493766.4583747,38280,15,Loss/l_ce,0.06409955024719238
1786493766.4586217,38280,15,Loss/l_total,0.06409955024719238
1786493766.4586442,38280,15,LR,7.222075445642904e-05
1786493789.0252302,38300,15,Loss/l_ce,0.0870661735534668
1786493789.025425,38300,15,Loss/l_total,0.0870661735534668
1786493789.0254498,38300,15,LR,7.222075445642904e-05
1786493805.2261112,38320,15,Loss/l_ce,0.1301889419555664
1786493805.2263236,38320,15,Loss/l_total,0.1301889419555664
1786493805.2263558,38320,15,LR,7.222075445642904e-05
1786493826.3003223,38340,15,Loss/l_ce,0.11224675178527832
1786493826.3006,38340,15,Loss/l_total,0.11224675178527832
1786493826.3006263,38340,15,LR,7.222075445642904e-05
1786493846.3626869,38360,15,Loss/l_ce,0.3637850284576416
1786493846.3628736,38360,15,Loss/l_total,0.3637850284576416
1786493846.3628998,38360,15,LR,7.222075445642904e-05
1786493867.0722497,38380,15,Loss/l_ce,0.09955024719238281
1786493867.0724432,38380,15,Loss/l_total,0.09955024719238281
1786493867.0724692,38380,15,LR,7.222075445642904e-05
1786493885.9716363,38400,15,Loss/l_ce,0.2358996868133545
1786493885.9718153,38400,15,Loss/l_total,0.2358996868133545
1786493885.9718406,38400,15,LR,7.222075445642904e-05
1786493897.751348,38420,15,Loss/l_ce,0.09100675582885742
1786493897.7515092,38420,15,Loss/l_total,0.09100675582885742
1786493897.751527,38420,15,LR,7.222075445642904e-05
1786493918.5336182,38440,15,Loss/l_ce,0.12827634811401367
1786493918.5338104,38440,15,Loss/l_total,0.12827634811401367
1786493918.5338318,38440,15,LR,7.222075445642904e-05
1786493936.458816,38460,15,Loss/l_ce,0.05493903160095215
1786493936.459,38460,15,Loss/l_total,0.05493903160095215
1786493936.459026,38460,15,LR,7.222075445642904e-05
1786493958.1260092,38480,15,Loss/l_ce,0.053797245025634766
1786493958.1262028,38480,15,Loss/l_total,0.053797245025634766
1786493958.126229,38480,15,LR,7.222075445642904e-05
1786493985.833593,38500,15,Loss/l_ce,0.1069786548614502
1786493985.8338494,38500,15,Loss/l_total,0.1069786548614502
1786493985.8338718,38500,15,LR,7.222075445642904e-05
1786494011.930403,38520,15,Loss/l_ce,0.15126442909240723
1786494011.9305942,38520,15,Loss/l_total,0.15126442909240723
1786494011.9306216,38520,15,LR,7.222075445642904e-05
1786494034.0225,38540,15,Loss/l_ce,0.08132243156433105
1786494034.0227885,38540,15,Loss/l_total,0.08132243156433105
1786494034.0231378,38540,15,LR,7.222075445642904e-05
1786494059.5648305,38560,15,Loss/l_ce,0.09265947341918945
1786494059.564999,38560,15,Loss/l_total,0.09265947341918945
1786494059.5650218,38560,15,LR,7.222075445642904e-05
1786494083.6893764,38580,15,Loss/l_ce,0.11982202529907227
1786494083.6895175,38580,15,Loss/l_total,0.11982202529907227
1786494083.6895401,38580,15,LR,7.222075445642904e-05
1786494105.4937756,38600,15,Loss/l_ce,0.1073465347290039
1786494105.4939525,38600,15,Loss/l_total,0.1073465347290039
1786494105.493975,38600,15,LR,7.222075445642904e-05
1786494127.044585,38620,15,Loss/l_ce,0.10769844055175781
1786494127.0447736,38620,15,Loss/l_total,0.10769844055175781
1786494127.0447974,38620,15,LR,7.222075445642904e-05
1786494157.944203,38640,15,Loss/l_ce,0.1234591007232666
1786494157.9443607,38640,15,Loss/l_total,0.1234591007232666
1786494157.9443834,38640,15,LR,7.222075445642904e-05
1786494184.2709954,38660,15,Loss/l_ce,0.11028766632080078
1786494184.271197,38660,15,Loss/l_total,0.11028766632080078
1786494184.271221,38660,15,LR,7.222075445642904e-05
1786494203.7882197,38680,15,Loss/l_ce,0.09625673294067383
1786494203.788393,38680,15,Loss/l_total,0.09625673294067383
1786494203.7884145,38680,15,LR,7.222075445642904e-05
1786494229.9365084,38700,15,Loss/l_ce,0.07938051223754883
1786494229.936664,38700,15,Loss/l_total,0.07938051223754883
1786494229.9367151,38700,15,LR,7.222075445642904e-05
1786494254.146948,38720,15,Loss/l_ce,0.10513997077941895
1786494254.147164,38720,15,Loss/l_total,0.10513997077941895
1786494254.147188,38720,15,LR,7.222075445642904e-05
1786494281.917484,38740,15,Loss/l_ce,0.30100250244140625
1786494281.9176576,38740,15,Loss/l_total,0.30100250244140625
1786494281.91768,38740,15,LR,7.222075445642904e-05
1786494303.1094449,38760,15,Loss/l_ce,0.33108973503112793
1786494303.1096184,38760,15,Loss/l_total,0.33108973503112793
1786494303.1096447,38760,15,LR,7.222075445642904e-05
1786494330.0993054,38780,15,Loss/l_ce,0.10491466522216797
1786494330.0995538,38780,15,Loss/l_total,0.10491466522216797
1786494330.0995867,38780,15,LR,7.222075445642904e-05
1786494340.9300656,38800,15,Loss/l_ce,0.07640457153320312
1786494340.9302652,38800,15,Loss/l_total,0.07640457153320312
1786494340.93029,38800,15,LR,7.222075445642904e-05
1786494353.319213,38820,15,Loss/l_ce,0.1375269889831543
1786494353.3195086,38820,15,Loss/l_total,0.1375269889831543
1786494353.3195477,38820,15,LR,7.222075445642904e-05
1786494367.854099,38840,15,Loss/l_ce,0.12913274765014648
1786494367.8542924,38840,15,Loss/l_total,0.12913274765014648
1786494367.8543177,38840,15,LR,7.222075445642904e-05
1786494380.3958378,38860,15,Loss/l_ce,0.08370447158813477
1786494380.396106,38860,15,Loss/l_total,0.08370447158813477
1786494380.396143,38860,15,LR,7.222075445642904e-05
1786494393.8962588,38880,15,Loss/l_ce,0.07579684257507324
1786494393.8964808,38880,15,Loss/l_total,0.07579684257507324
1786494393.8965068,38880,15,LR,7.222075445642904e-05
1786494401.3739076,38900,15,Loss/l_ce,0.0864553451538086
1786494401.374101,38900,15,Loss/l_total,0.0864553451538086
1786494401.3741257,38900,15,LR,7.222075445642904e-05
1786494416.9064696,38920,15,Loss/l_ce,0.07555341720581055
1786494416.9066772,38920,15,Loss/l_total,0.07555341720581055
1786494416.9067035,38920,15,LR,7.222075445642904e-05
1786494430.6591556,38940,15,Loss/l_ce,0.07678985595703125
1786494430.6593466,38940,15,Loss/l_total,0.07678985595703125
1786494430.6593719,38940,15,LR,7.222075445642904e-05
1786494441.6717968,38960,15,Loss/l_ce,0.07923698425292969
1786494441.6719759,38960,15,Loss/l_total,0.07923698425292969
1786494441.6719997,38960,15,LR,7.222075445642904e-05
1786494449.197392,38980,15,Loss/l_ce,0.08171653747558594
1786494449.197576,38980,15,Loss/l_total,0.08171653747558594
1786494449.1976056,38980,15,LR,7.222075445642904e-05
1786494462.6214783,39000,15,Loss/l_ce,0.10900330543518066
1786494462.621646,39000,15,Loss/l_total,0.10900330543518066
1786494462.6216707,39000,15,LR,7.222075445642904e-05
1786494476.0222082,39020,15,Loss/l_ce,0.1329183578491211
1786494476.0223994,39020,15,Loss/l_total,0.1329183578491211
1786494476.0224233,39020,15,LR,7.222075445642904e-05
1786494502.9326432,39040,15,Loss/l_ce,0.108306884765625
1786494502.9328556,39040,15,Loss/l_total,0.108306884765625
1786494502.9328794,39040,15,LR,7.222075445642904e-05
1786494524.9326777,39060,15,Loss/l_ce,0.08975028991699219
1786494524.9329069,39060,15,Loss/l_total,0.08975028991699219
1786494524.9329329,39060,15,LR,7.222075445642904e-05
1786494549.8684876,39080,15,Loss/l_ce,0.05476546287536621
1786494549.868736,39080,15,Loss/l_total,0.05476546287536621
1786494549.8687644,39080,15,LR,7.222075445642904e-05
1786494572.0118718,39100,15,Loss/l_ce,0.11883163452148438
1786494572.0120914,39100,15,Loss/l_total,0.11883163452148438
1786494572.0121164,39100,15,LR,7.222075445642904e-05
1786494597.1950176,39120,15,Loss/l_ce,0.11639690399169922
1786494597.1952538,39120,15,Loss/l_total,0.11639690399169922
1786494597.1952786,39120,15,LR,7.222075445642904e-05
1786494615.209952,39140,15,Loss/l_ce,0.10278034210205078
1786494615.210439,39140,15,Loss/l_total,0.10278034210205078
1786494615.210718,39140,15,LR,7.222075445642904e-05
1786494641.894865,39160,15,Loss/l_ce,0.0994868278503418
1786494641.8951514,39160,15,Loss/l_total,0.0994868278503418
1786494641.895181,39160,15,LR,7.222075445642904e-05
1786494668.0680854,39180,15,Loss/l_ce,0.1135106086730957
1786494668.0682614,39180,15,Loss/l_total,0.1135106086730957
1786494668.0682898,39180,15,LR,7.222075445642904e-05
1786494693.9476175,39200,15,Loss/l_ce,0.4412648677825928
1786494693.9477947,39200,15,Loss/l_total,0.4412648677825928
1786494693.9478173,39200,15,LR,7.222075445642904e-05
1786494716.9937809,39220,15,Loss/l_ce,0.1880342960357666
1786494716.9939172,39220,15,Loss/l_total,0.1880342960357666
1786494716.9939396,39220,15,LR,7.222075445642904e-05
1786494739.4171653,39240,15,Loss/l_ce,0.06712484359741211
1786494739.4173362,39240,15,Loss/l_total,0.06712484359741211
1786494739.4173648,39240,15,LR,7.222075445642904e-05
1786494767.0501063,39260,15,Loss/l_ce,0.6337788105010986
1786494767.0502715,39260,15,Loss/l_total,0.6337788105010986
1786494767.0502918,39260,15,LR,7.222075445642904e-05
1786494792.424469,39280,15,Loss/l_ce,0.10317444801330566
1786494792.4246483,39280,15,Loss/l_total,0.10317444801330566
1786494792.424672,39280,15,LR,7.222075445642904e-05
1786494813.9560978,39300,15,Loss/l_ce,0.1471562385559082
1786494813.9562855,39300,15,Loss/l_total,0.1471562385559082
1786494813.9563138,39300,15,LR,7.222075445642904e-05
1786494837.2024665,39320,15,Loss/l_ce,0.13069701194763184
1786494837.2026887,39320,15,Loss/l_total,0.13069701194763184
1786494837.2029688,39320,15,LR,7.222075445642904e-05
1786494856.131658,39340,15,Loss/l_ce,0.09481191635131836
1786494856.131817,39340,15,Loss/l_total,0.09481191635131836
1786494856.1318421,39340,15,LR,7.222075445642904e-05
1786494887.3152418,39360,15,Loss/l_ce,0.1816706657409668
1786494887.315433,39360,15,Loss/l_total,0.1816706657409668
1786494887.3154566,39360,15,LR,7.222075445642904e-05
1786494911.710663,39380,15,Loss/l_ce,0.10800695419311523
1786494911.7108176,39380,15,Loss/l_total,0.10800695419311523
1786494911.7108436,39380,15,LR,7.222075445642904e-05
1786494942.6626909,39400,15,Loss/l_ce,0.2172698974609375
1786494942.662883,39400,15,Loss/l_total,0.2172698974609375
1786494942.662907,39400,15,LR,7.222075445642904e-05
1786494969.5802186,39420,15,Loss/l_ce,0.08399224281311035
1786494969.5803716,39420,15,Loss/l_total,0.08399224281311035
1786494969.5803955,39420,15,LR,7.222075445642904e-05
1786494999.5090914,39440,15,Loss/l_ce,0.08115696907043457
1786494999.5092776,39440,15,Loss/l_total,0.08115696907043457
1786494999.5093026,39440,15,LR,7.222075445642904e-05
1786495025.082742,39460,15,Loss/l_ce,0.12070322036743164
1786495025.0829866,39460,15,Loss/l_total,0.12070322036743164
1786495025.0830162,39460,15,LR,7.222075445642904e-05
1786495054.0305326,39480,15,Loss/l_ce,0.12493777275085449
1786495054.0307605,39480,15,Loss/l_total,0.12493777275085449
1786495054.0307832,39480,15,LR,7.222075445642904e-05
1786495076.6878057,39500,15,Loss/l_ce,0.3869462013244629
1786495076.688017,39500,15,Loss/l_total,0.3869462013244629
1786495076.688075,39500,15,LR,7.222075445642904e-05
1786495094.8758109,39520,15,Loss/l_ce,0.10948896408081055
1786495094.8760602,39520,15,Loss/l_total,0.10948896408081055
1786495094.876085,39520,15,LR,7.222075445642904e-05
1786495119.0793297,39540,15,Loss/l_ce,0.10743188858032227
1786495119.0795045,39540,15,Loss/l_total,0.10743188858032227
1786495119.0795305,39540,15,LR,7.222075445642904e-05
1786495133.9031637,39560,15,Loss/l_ce,0.11886835098266602
1786495133.9033346,39560,15,Loss/l_total,0.11886835098266602
1786495133.9033582,39560,15,LR,7.222075445642904e-05
1786495150.430324,39580,15,Loss/l_ce,0.10722970962524414
1786495150.4304984,39580,15,Loss/l_total,0.10722970962524414
1786495150.4305222,39580,15,LR,7.222075445642904e-05
1786495173.4544644,39600,15,Loss/l_ce,0.08722949028015137
1786495173.4546509,39600,15,Loss/l_total,0.08722949028015137
1786495173.4546747,39600,15,LR,7.222075445642904e-05
1786495191.288469,39620,15,Loss/l_ce,0.28249216079711914
1786495191.2886567,39620,15,Loss/l_total,0.28249216079711914
1786495191.28868,39620,15,LR,7.222075445642904e-05
1786495221.2790055,39640,15,Loss/l_ce,0.12221860885620117
1786495221.2792144,39640,15,Loss/l_total,0.12221860885620117
1786495221.2792583,39640,15,LR,7.222075445642904e-05
1786495235.9404395,39660,15,Loss/l_ce,0.09644842147827148
1786495235.940696,39660,15,Loss/l_total,0.09644842147827148
1786495235.9407198,39660,15,LR,7.222075445642904e-05
1786495262.066865,39680,15,Loss/l_ce,0.10931658744812012
1786495262.0671096,39680,15,Loss/l_total,0.10931658744812012
1786495262.0671344,39680,15,LR,7.222075445642904e-05
1786495289.1544638,39700,15,Loss/l_ce,0.08987188339233398
1786495289.1546195,39700,15,Loss/l_total,0.08987188339233398
1786495289.1546407,39700,15,LR,7.222075445642904e-05
1786495313.747737,39720,15,Loss/l_ce,0.07055807113647461
1786495313.7479115,39720,15,Loss/l_total,0.07055807113647461
1786495313.7479386,39720,15,LR,7.222075445642904e-05
1786495338.1074996,39740,15,Loss/l_ce,0.6450614929199219
1786495338.1076634,39740,15,Loss/l_total,0.6450614929199219
1786495338.1076846,39740,15,LR,7.222075445642904e-05
1786495363.168679,39760,15,Loss/l_ce,0.10383749008178711
1786495363.1689377,39760,15,Loss/l_total,0.10383749008178711
1786495363.1689615,39760,15,LR,7.222075445642904e-05
1786495391.3966062,39780,15,Loss/l_ce,0.1197352409362793
1786495391.3968616,39780,15,Loss/l_total,0.1197352409362793
1786495391.396884,39780,15,LR,7.222075445642904e-05
1786495418.050227,39800,15,Loss/l_ce,0.06431913375854492
1786495418.0504286,39800,15,Loss/l_total,0.06431913375854492
1786495418.0504525,39800,15,LR,7.222075445642904e-05
1786495433.0129793,39820,15,Loss/l_ce,0.3710627555847168
1786495433.0134635,39820,15,Loss/l_total,0.3710627555847168
1786495433.013492,39820,15,LR,7.222075445642904e-05
1786495444.8360875,39840,15,Loss/l_ce,0.09313130378723145
1786495444.836389,39840,15,Loss/l_total,0.09313130378723145
1786495444.8364153,39840,15,LR,7.222075445642904e-05
1786495460.3647542,39860,15,Loss/l_ce,0.18768620491027832
1786495460.3652008,39860,15,Loss/l_total,0.18768620491027832
1786495460.365242,39860,15,LR,7.222075445642904e-05
1786495475.3113818,39880,15,Loss/l_ce,0.08333086967468262
1786495475.3115706,39880,15,Loss/l_total,0.08333086967468262
1786495475.3115945,39880,15,LR,7.222075445642904e-05
1786495488.3646789,39900,15,Loss/l_ce,0.08316564559936523
1786495488.3648806,39900,15,Loss/l_total,0.08316564559936523
1786495488.3649058,39900,15,LR,7.222075445642904e-05
1786495498.6172729,39920,15,Loss/l_ce,0.11206269264221191
1786495498.617667,39920,15,Loss/l_total,0.11206269264221191
1786495498.6176968,39920,15,LR,7.222075445642904e-05
1786495510.8994944,39940,15,Loss/l_ce,0.08428525924682617
1786495510.8997355,39940,15,Loss/l_total,0.08428525924682617
1786495510.8997605,39940,15,LR,7.222075445642904e-05
1786495523.7020605,39960,15,Loss/l_ce,0.08540129661560059
1786495523.7022612,39960,15,Loss/l_total,0.08540129661560059
1786495523.702286,39960,15,LR,7.222075445642904e-05
1786495540.869789,39980,15,Loss/l_ce,0.10590529441833496
1786495540.8699942,39980,15,Loss/l_total,0.10590529441833496
1786495540.8700168,39980,15,LR,7.222075445642904e-05
1786495560.9684334,40000,15,Loss/l_ce,0.07297563552856445
1786495560.968626,40000,15,Loss/l_total,0.07297563552856445
1786495560.9686494,40000,15,LR,7.222075445642904e-05
1786495583.3361526,40020,15,Loss/l_ce,0.10784363746643066
1786495583.3363638,40020,15,Loss/l_total,0.10784363746643066
1786495583.3363888,40020,15,LR,7.222075445642904e-05
1786495607.7492046,40040,15,Loss/l_ce,0.25638866424560547
1786495607.7494185,40040,15,Loss/l_total,0.25638866424560547
1786495607.749442,40040,15,LR,7.222075445642904e-05
1786495633.735439,40060,15,Loss/l_ce,0.13966870307922363
1786495633.7356205,40060,15,Loss/l_total,0.13966870307922363
1786495633.7356434,40060,15,LR,7.222075445642904e-05
1786495659.5909271,40080,15,Loss/l_ce,0.11758279800415039
1786495659.591149,40080,15,Loss/l_total,0.11758279800415039
1786495659.5911705,40080,15,LR,7.222075445642904e-05
1786495687.6706252,40100,15,Loss/l_ce,0.07775259017944336
1786495687.6708295,40100,15,Loss/l_total,0.07775259017944336
1786495687.6708522,40100,15,LR,7.222075445642904e-05
1786495717.485599,40120,15,Loss/l_ce,0.09464788436889648
1786495717.4858317,40120,15,Loss/l_total,0.09464788436889648
1786495717.4858649,40120,15,LR,7.222075445642904e-05
1786495745.1519718,40140,15,Loss/l_ce,0.11841487884521484
1786495745.1522057,40140,15,Loss/l_total,0.11841487884521484
1786495745.152233,40140,15,LR,7.222075445642904e-05
1786495766.6027808,40160,15,Loss/l_ce,0.12030410766601562
1786495766.6029806,40160,15,Loss/l_total,0.12030410766601562
1786495766.6030054,40160,15,LR,7.222075445642904e-05
1786495793.0553677,40180,15,Loss/l_ce,0.08220720291137695
1786495793.0555909,40180,15,Loss/l_total,0.08220720291137695
1786495793.0556157,40180,15,LR,7.222075445642904e-05
1786495819.824427,40200,15,Loss/l_ce,0.12374591827392578
1786495819.8246088,40200,15,Loss/l_total,0.12374591827392578
1786495819.8246372,40200,15,LR,7.222075445642904e-05
1786495847.7537258,40220,15,Loss/l_ce,0.08643555641174316
1786495847.7539372,40220,15,Loss/l_total,0.08643555641174316
1786495847.7539606,40220,15,LR,7.222075445642904e-05
1786495867.7592556,40240,15,Loss/l_ce,2.0715551376342773
1786495867.7594752,40240,15,Loss/l_total,2.0715551376342773
1786495867.7595024,40240,15,LR,7.222075445642904e-05
1786495889.2272186,40260,15,Loss/l_ce,0.12990283966064453
1786495889.227391,40260,15,Loss/l_total,0.12990283966064453
1786495889.2274134,40260,15,LR,7.222075445642904e-05
1786495917.6768394,40280,15,Loss/l_ce,0.0754244327545166
1786495917.6771576,40280,15,Loss/l_total,0.0754244327545166
1786495917.6771824,40280,15,LR,7.222075445642904e-05
1786495952.2142634,40300,15,Loss/l_ce,0.09334588050842285
1786495952.214551,40300,15,Loss/l_total,0.09334588050842285
1786495952.2145758,40300,15,LR,7.222075445642904e-05
1786495986.8228867,40320,15,Loss/l_ce,0.08499741554260254
1786495986.8230836,40320,15,Loss/l_total,0.08499741554260254
1786495986.8231063,40320,15,LR,7.222075445642904e-05
1786496012.2374058,40340,15,Loss/l_ce,0.08364057540893555
1786496012.2375813,40340,15,Loss/l_total,0.08364057540893555
1786496012.2376075,40340,15,LR,7.222075445642904e-05
1786496026.8194492,40360,15,Loss/l_ce,0.3197476863861084
1786496026.8196461,40360,15,Loss/l_total,0.3197476863861084
1786496026.8196714,40360,15,LR,7.222075445642904e-05
1786496048.1051018,40380,15,Loss/l_ce,0.05764961242675781
1786496048.105299,40380,15,Loss/l_total,0.05764961242675781
1786496048.1053228,40380,15,LR,7.222075445642904e-05
1786496070.3939168,40400,15,Loss/l_ce,0.12677621841430664
1786496070.394165,40400,15,Loss/l_total,0.12677621841430664
1786496070.3941936,40400,15,LR,7.222075445642904e-05
1786496094.0503728,40420,15,Loss/l_ce,0.11068296432495117
1786496094.0505745,40420,15,Loss/l_total,0.11068296432495117
1786496094.0505996,40420,15,LR,7.222075445642904e-05
1786496121.3644323,40440,15,Loss/l_ce,0.0886533260345459
1786496121.3647258,40440,15,Loss/l_total,0.0886533260345459
1786496121.364747,40440,15,LR,7.222075445642904e-05
1786496144.7328773,40460,15,Loss/l_ce,0.08597207069396973
1786496144.733061,40460,15,Loss/l_total,0.08597207069396973
1786496144.7330873,40460,15,LR,7.222075445642904e-05
1786496170.0345747,40480,15,Loss/l_ce,0.10236597061157227
1786496170.0347435,40480,15,Loss/l_total,0.10236597061157227
1786496170.0347648,40480,15,LR,7.222075445642904e-05
1786496196.9373338,40500,15,Loss/l_ce,0.10906434059143066
1786496196.9375165,40500,15,Loss/l_total,0.10906434059143066
1786496196.9375417,40500,15,LR,7.222075445642904e-05
1786496221.607645,40520,15,Loss/l_ce,0.10479164123535156
1786496221.6078799,40520,15,Loss/l_total,0.10479164123535156
1786496221.6079097,40520,15,LR,7.222075445642904e-05
1786496250.3874304,40540,15,Loss/l_ce,0.07994747161865234
1786496250.387604,40540,15,Loss/l_total,0.07994747161865234
1786496250.3876252,40540,15,LR,7.222075445642904e-05
1786496274.9088254,40560,15,Loss/l_ce,0.06802701950073242
1786496274.9090734,40560,15,Loss/l_total,0.06802701950073242
1786496274.9090981,40560,15,LR,7.222075445642904e-05
1786496315.3625352,40580,15,Loss/l_ce,0.10564231872558594
1786496315.3627322,40580,15,Loss/l_total,0.10564231872558594
1786496315.3629425,40580,15,LR,7.222075445642904e-05
1786496336.9957898,40600,15,Loss/l_ce,0.10390043258666992
1786496336.996094,40600,15,Loss/l_total,0.10390043258666992
1786496336.9961178,40600,15,LR,7.222075445642904e-05
1786496364.0708632,40620,15,Loss/l_ce,0.0839226245880127
1786496364.071153,40620,15,Loss/l_total,0.0839226245880127
1786496364.0711803,40620,15,LR,7.222075445642904e-05
1786496385.2789536,40640,15,Loss/l_ce,0.19807744026184082
1786496385.279236,40640,15,Loss/l_total,0.19807744026184082
1786496385.2792635,40640,15,LR,7.222075445642904e-05
1786496414.746833,40660,15,Loss/l_ce,0.22976112365722656
1786496414.7470992,40660,15,Loss/l_total,0.22976112365722656
1786496414.7471251,40660,15,LR,7.222075445642904e-05
1786496433.0190809,40680,15,Loss/l_ce,0.12326335906982422
1786496433.019494,40680,15,Loss/l_total,0.12326335906982422
1786496433.0195262,40680,15,LR,7.222075445642904e-05
1786496456.131185,40700,15,Loss/l_ce,0.10445570945739746
1786496456.131399,40700,15,Loss/l_total,0.10445570945739746
1786496456.1314201,40700,15,LR,7.222075445642904e-05
1786496477.1736846,40720,15,Loss/l_ce,0.10878300666809082
1786496477.1739767,40720,15,Loss/l_total,0.10878300666809082
1786496477.1740017,40720,15,LR,7.222075445642904e-05
1786496497.933738,40740,15,Loss/l_ce,0.12188315391540527
1786496497.933928,40740,15,Loss/l_total,0.12188315391540527
1786496497.9339504,40740,15,LR,7.222075445642904e-05
1786496528.4932215,40760,15,Loss/l_ce,0.09033656120300293
1786496528.493402,40760,15,Loss/l_total,0.09033656120300293
1786496528.493427,40760,15,LR,7.222075445642904e-05
1786496551.721168,40780,15,Loss/l_ce,0.11562061309814453
1786496551.7213748,40780,15,Loss/l_total,0.11562061309814453
1786496551.721401,40780,15,LR,7.222075445642904e-05
1786496565.149094,40800,15,Loss/l_ce,0.07144474983215332
1786496565.149265,40800,15,Loss/l_total,0.07144474983215332
1786496565.1492867,40800,15,LR,7.222075445642904e-05
1786496694.2855,40800,15,Val/avg_error,0.01219203881919384
1786496694.2858527,40800,15,Val/acc,0.814013671875
1786496694.2858765,40800,15,Val/sparse_auc,0.9042971216066921
1786496694.2858953,40800,15,Val/sparse_pck_max,0.1
1786496694.285912,40800,15,Val/sparse_pck_n,100.0
1786496720.6821506,40820,16,Loss/l_ce,0.042163848876953125
1786496720.6824417,40820,16,Loss/l_total,0.042163848876953125
1786496720.6824644,40820,16,LR,6.890576474687263e-05
1786496751.481136,40840,16,Loss/l_ce,0.05096554756164551
1786496751.4815707,40840,16,Loss/l_total,0.05096554756164551
1786496751.4815943,40840,16,LR,6.890576474687263e-05
1786496771.4728296,40860,16,Loss/l_ce,0.12087273597717285
1786496771.4730768,40860,16,Loss/l_total,0.12087273597717285
1786496771.4731042,40860,16,LR,6.890576474687263e-05
1786496789.2097518,40880,16,Loss/l_ce,0.08494067192077637
1786496789.209931,40880,16,Loss/l_total,0.08494067192077637
1786496789.2099535,40880,16,LR,6.890576474687263e-05
1786496814.9275079,40900,16,Loss/l_ce,0.10934042930603027
1786496814.9277892,40900,16,Loss/l_total,0.10934042930603027
1786496814.9278119,40900,16,LR,6.890576474687263e-05
1786496840.109171,40920,16,Loss/l_ce,0.0882270336151123
1786496840.1093488,40920,16,Loss/l_total,0.0882270336151123
1786496840.1093717,40920,16,LR,6.890576474687263e-05
1786496865.2028623,40940,16,Loss/l_ce,0.19229507446289062
1786496865.2030592,40940,16,Loss/l_total,0.19229507446289062
1786496865.203083,40940,16,LR,6.890576474687263e-05
1786496886.9701076,40960,16,Loss/l_ce,0.11477041244506836
1786496886.9703012,40960,16,Loss/l_total,0.11477041244506836
1786496886.970325,40960,16,LR,6.890576474687263e-05
1786496909.501414,40980,16,Loss/l_ce,1.2782979011535645
1786496909.5016031,40980,16,Loss/l_total,1.2782979011535645
1786496909.501628,40980,16,LR,6.890576474687263e-05
1786496933.227901,41000,16,Loss/l_ce,0.1244049072265625
1786496933.2281003,41000,16,Loss/l_total,0.1244049072265625
1786496933.228129,41000,16,LR,6.890576474687263e-05
1786496949.7376537,41020,16,Loss/l_ce,0.12371206283569336
1786496949.737807,41020,16,Loss/l_total,0.12371206283569336
1786496949.7380598,41020,16,LR,6.890576474687263e-05
1786496973.256905,41040,16,Loss/l_ce,0.11430764198303223
1786496973.2571259,41040,16,Loss/l_total,0.11430764198303223
1786496973.2571557,41040,16,LR,6.890576474687263e-05
1786497009.5287747,41060,16,Loss/l_ce,0.19488167762756348
1786497009.5289705,41060,16,Loss/l_total,0.19488167762756348
1786497009.5289907,41060,16,LR,6.890576474687263e-05
1786497030.3558362,41080,16,Loss/l_ce,0.13249564170837402
1786497030.3560522,41080,16,Loss/l_total,0.13249564170837402
1786497030.3560772,41080,16,LR,6.890576474687263e-05
1786497050.6766784,41100,16,Loss/l_ce,0.11774325370788574
1786497050.6768613,41100,16,Loss/l_total,0.11774325370788574
1786497050.6768837,41100,16,LR,6.890576474687263e-05
1786497076.4384427,41120,16,Loss/l_ce,0.10487651824951172
1786497076.438616,41120,16,Loss/l_total,0.10487651824951172
1786497076.4386423,41120,16,LR,6.890576474687263e-05
1786497098.2228785,41140,16,Loss/l_ce,0.11804008483886719
1786497098.2230935,41140,16,Loss/l_total,0.11804008483886719
1786497098.223117,41140,16,LR,6.890576474687263e-05
1786497123.2743332,41160,16,Loss/l_ce,0.08643817901611328
1786497123.274534,41160,16,Loss/l_total,0.08643817901611328
1786497123.274561,41160,16,LR,6.890576474687263e-05
1786497143.518662,41180,16,Loss/l_ce,0.1359701156616211
1786497143.5188437,41180,16,Loss/l_total,0.1359701156616211
1786497143.518871,41180,16,LR,6.890576474687263e-05
1786497161.2140775,41200,16,Loss/l_ce,0.09499740600585938
1786497161.2146082,41200,16,Loss/l_total,0.09499740600585938
1786497161.2147374,41200,16,LR,6.890576474687263e-05
1786497182.450745,41220,16,Loss/l_ce,0.11842179298400879
1786497182.451069,41220,16,Loss/l_total,0.11842179298400879
1786497182.4531066,41220,16,LR,6.890576474687263e-05
1786497204.5081058,41240,16,Loss/l_ce,0.14354205131530762
1786497204.5083158,41240,16,Loss/l_total,0.14354205131530762
1786497204.5083444,41240,16,LR,6.890576474687263e-05
1786497224.1559541,41260,16,Loss/l_ce,0.11976456642150879
1786497224.15618,41260,16,Loss/l_total,0.11976456642150879
1786497224.1562035,41260,16,LR,6.890576474687263e-05
1786497244.4855902,41280,16,Loss/l_ce,0.12397909164428711
1786497244.4857767,41280,16,Loss/l_total,0.12397909164428711
1786497244.4858015,41280,16,LR,6.890576474687263e-05
1786497283.0597246,41300,16,Loss/l_ce,0.08876752853393555
1786497283.059974,41300,16,Loss/l_total,0.08876752853393555
1786497283.06,41300,16,LR,6.890576474687263e-05
1786497304.9176605,41320,16,Loss/l_ce,0.07892727851867676
1786497304.9178302,41320,16,Loss/l_total,0.07892727851867676
1786497304.9178526,41320,16,LR,6.890576474687263e-05
1786497323.9166205,41340,16,Loss/l_ce,0.12315964698791504
1786497323.9167948,41340,16,Loss/l_total,0.12315964698791504
1786497323.9168174,41340,16,LR,6.890576474687263e-05
1786497352.7014956,41360,16,Loss/l_ce,0.0873408317565918
1786497352.7016761,41360,16,Loss/l_total,0.0873408317565918
1786497352.7016997,41360,16,LR,6.890576474687263e-05
1786497375.4339907,41380,16,Loss/l_ce,0.05128669738769531
1786497375.4342365,41380,16,Loss/l_total,0.05128669738769531
1786497375.4342625,41380,16,LR,6.890576474687263e-05
1786497405.6488948,41400,16,Loss/l_ce,0.09835195541381836
1786497405.6490822,41400,16,Loss/l_total,0.09835195541381836
1786497405.6491096,41400,16,LR,6.890576474687263e-05
1786497428.8229165,41420,16,Loss/l_ce,0.16187715530395508
1786497428.8231497,41420,16,Loss/l_total,0.16187715530395508
1786497428.8231757,41420,16,LR,6.890576474687263e-05
1786497457.8785393,41440,16,Loss/l_ce,0.1343090534210205
1786497457.878696,41440,16,Loss/l_total,0.1343090534210205
1786497457.8787174,41440,16,LR,6.890576474687263e-05
1786497477.4125473,41460,16,Loss/l_ce,0.10966253280639648
1786497477.4127085,41460,16,Loss/l_total,0.10966253280639648
1786497477.4127314,41460,16,LR,6.890576474687263e-05
1786497494.8813725,41480,16,Loss/l_ce,0.08190679550170898
1786497494.8815196,41480,16,Loss/l_total,0.08190679550170898
1786497494.8815458,41480,16,LR,6.890576474687263e-05
1786497517.2753751,41500,16,Loss/l_ce,0.10471963882446289
1786497517.2755544,41500,16,Loss/l_total,0.10471963882446289
1786497517.2755756,41500,16,LR,6.890576474687263e-05
1786497543.4917874,41520,16,Loss/l_ce,0.06963348388671875
1786497543.491986,41520,16,Loss/l_total,0.06963348388671875
1786497543.4920084,41520,16,LR,6.890576474687263e-05
1786497557.1273386,41540,16,Loss/l_ce,0.08888435363769531
1786497557.1275063,41540,16,Loss/l_total,0.08888435363769531
1786497557.1275337,41540,16,LR,6.890576474687263e-05
1786497577.0276027,41560,16,Loss/l_ce,0.27236366271972656
1786497577.0278046,41560,16,Loss/l_total,0.27236366271972656
1786497577.0278308,41560,16,LR,6.890576474687263e-05
1786497594.5149474,41580,16,Loss/l_ce,0.08293032646179199
1786497594.5151336,41580,16,Loss/l_total,0.08293032646179199
1786497594.515159,41580,16,LR,6.890576474687263e-05
1786497607.466757,41600,16,Loss/l_ce,0.09491562843322754
1786497607.4669304,41600,16,Loss/l_total,0.09491562843322754
1786497607.4669552,41600,16,LR,6.890576474687263e-05
1786497621.6176033,41620,16,Loss/l_ce,0.1231851577758789
1786497621.6177683,41620,16,Loss/l_total,0.1231851577758789
1786497621.617792,41620,16,LR,6.890576474687263e-05
1786497635.5996943,41640,16,Loss/l_ce,0.11084961891174316
1786497635.5999162,41640,16,Loss/l_total,0.11084961891174316
1786497635.5999415,41640,16,LR,6.890576474687263e-05
1786497651.5634737,41660,16,Loss/l_ce,0.08662676811218262
1786497651.5636482,41660,16,Loss/l_total,0.08662676811218262
1786497651.563672,41660,16,LR,6.890576474687263e-05
1786497663.7707984,41680,16,Loss/l_ce,0.13128423690795898
1786497663.770999,41680,16,Loss/l_total,0.13128423690795898
1786497663.771024,41680,16,LR,6.890576474687263e-05
1786497673.3165221,41700,16,Loss/l_ce,0.08787250518798828
1786497673.3167276,41700,16,Loss/l_total,0.08787250518798828
1786497673.3167512,41700,16,LR,6.890576474687263e-05
1786497687.111899,41720,16,Loss/l_ce,0.09188723564147949
1786497687.1122315,41720,16,Loss/l_total,0.09188723564147949
1786497687.1122599,41720,16,LR,6.890576474687263e-05
1786497694.6398063,41740,16,Loss/l_ce,0.10678434371948242
1786497694.6399498,41740,16,Loss/l_total,0.10678434371948242
1786497694.6399736,41740,16,LR,6.890576474687263e-05
1786497706.4874418,41760,16,Loss/l_ce,0.11810016632080078
1786497706.487633,41760,16,Loss/l_total,0.11810016632080078
1786497706.487659,41760,16,LR,6.890576474687263e-05
1786497715.8788085,41780,16,Loss/l_ce,0.1207435131072998
1786497715.8789926,41780,16,Loss/l_total,0.1207435131072998
1786497715.8790174,41780,16,LR,6.890576474687263e-05
1786497730.9162033,41800,16,Loss/l_ce,0.12807703018188477
1786497730.916392,41800,16,Loss/l_total,0.12807703018188477
1786497730.9164183,41800,16,LR,6.890576474687263e-05
1786497762.7019525,41820,16,Loss/l_ce,0.07210183143615723
1786497762.7022254,41820,16,Loss/l_total,0.07210183143615723
1786497762.702254,41820,16,LR,6.890576474687263e-05
1786497776.1047888,41840,16,Loss/l_ce,0.09281373023986816
1786497776.1050107,41840,16,Loss/l_total,0.09281373023986816
1786497776.1050642,41840,16,LR,6.890576474687263e-05
1786497805.8188677,41860,16,Loss/l_ce,0.09296035766601562
1786497805.8192143,41860,16,Loss/l_total,0.09296035766601562
1786497805.8192441,41860,16,LR,6.890576474687263e-05
1786497834.8037982,41880,16,Loss/l_ce,0.09312939643859863
1786497834.8039727,41880,16,Loss/l_total,0.09312939643859863
1786497834.8039963,41880,16,LR,6.890576474687263e-05
1786497862.7513306,41900,16,Loss/l_ce,0.1300199031829834
1786497862.7515051,41900,16,Loss/l_total,0.1300199031829834
1786497862.7515264,41900,16,LR,6.890576474687263e-05
1786497882.4189281,41920,16,Loss/l_ce,0.34508252143859863
1786497882.4191024,41920,16,Loss/l_total,0.34508252143859863
1786497882.4191275,41920,16,LR,6.890576474687263e-05
1786497909.6615183,41940,16,Loss/l_ce,0.139923095703125
1786497909.661692,41940,16,Loss/l_total,0.139923095703125
1786497909.6617167,41940,16,LR,6.890576474687263e-05
1786497924.0874066,41960,16,Loss/l_ce,0.047808170318603516
1786497924.0875716,41960,16,Loss/l_total,0.047808170318603516
1786497924.0875943,41960,16,LR,6.890576474687263e-05
1786497945.9079692,41980,16,Loss/l_ce,0.1356678009033203
1786497945.9081664,41980,16,Loss/l_total,0.1356678009033203
1786497945.9081888,41980,16,LR,6.890576474687263e-05
1786497973.1575124,42000,16,Loss/l_ce,0.10211038589477539
1786497973.1576753,42000,16,Loss/l_total,0.10211038589477539
1786497973.1576965,42000,16,LR,6.890576474687263e-05
1786497985.6929927,42020,16,Loss/l_ce,0.0810096263885498
1786497985.6931722,42020,16,Loss/l_total,0.0810096263885498
1786497985.693196,42020,16,LR,6.890576474687263e-05
1786498007.6237571,42040,16,Loss/l_ce,0.11185407638549805
1786498007.6239398,42040,16,Loss/l_total,0.11185407638549805
1786498007.6239648,42040,16,LR,6.890576474687263e-05
1786498029.109217,42060,16,Loss/l_ce,0.13019275665283203
1786498029.109361,42060,16,Loss/l_total,0.13019275665283203
1786498029.1093845,42060,16,LR,6.890576474687263e-05
1786498049.4679909,42080,16,Loss/l_ce,0.12203145027160645
1786498049.4681609,42080,16,Loss/l_total,0.12203145027160645
1786498049.4681833,42080,16,LR,6.890576474687263e-05
1786498065.5944157,42100,16,Loss/l_ce,0.13730645179748535
1786498065.59459,42100,16,Loss/l_total,0.13730645179748535
1786498065.5946126,42100,16,LR,6.890576474687263e-05
1786498085.346401,42120,16,Loss/l_ce,0.2714574337005615
1786498085.3465674,42120,16,Loss/l_total,0.2714574337005615
1786498085.3465936,42120,16,LR,6.890576474687263e-05
1786498108.5143058,42140,16,Loss/l_ce,0.15031003952026367
1786498108.5145538,42140,16,Loss/l_total,0.15031003952026367
1786498108.5145786,42140,16,LR,6.890576474687263e-05
1786498135.5505106,42160,16,Loss/l_ce,1.8361222743988037
1786498135.5507493,42160,16,Loss/l_total,1.8361222743988037
1786498135.550773,42160,16,LR,6.890576474687263e-05
1786498152.8468177,42180,16,Loss/l_ce,0.09378266334533691
1786498152.8470087,42180,16,Loss/l_total,0.09378266334533691
1786498152.847029,42180,16,LR,6.890576474687263e-05
1786498176.6876752,42200,16,Loss/l_ce,0.08718299865722656
1786498176.6879056,42200,16,Loss/l_total,0.08718299865722656
1786498176.6879303,42200,16,LR,6.890576474687263e-05
1786498193.7794778,42220,16,Loss/l_ce,0.12602686882019043
1786498193.7796533,42220,16,Loss/l_total,0.12602686882019043
1786498193.7796795,42220,16,LR,6.890576474687263e-05
1786498208.92859,42240,16,Loss/l_ce,0.13167262077331543
1786498208.9287574,42240,16,Loss/l_total,0.13167262077331543
1786498208.9287827,42240,16,LR,6.890576474687263e-05
1786498229.9164894,42260,16,Loss/l_ce,0.06544256210327148
1786498229.9166605,42260,16,Loss/l_total,0.06544256210327148
1786498229.9166844,42260,16,LR,6.890576474687263e-05
1786498254.550415,42280,16,Loss/l_ce,0.10369706153869629
1786498254.5505872,42280,16,Loss/l_total,0.10369706153869629
1786498254.5506096,42280,16,LR,6.890576474687263e-05
1786498278.1374524,42300,16,Loss/l_ce,0.10609960556030273
1786498278.1376257,42300,16,Loss/l_total,0.10609960556030273
1786498278.137648,42300,16,LR,6.890576474687263e-05
1786498297.7241454,42320,16,Loss/l_ce,0.06930756568908691
1786498297.724296,42320,16,Loss/l_total,0.06930756568908691
1786498297.72432,42320,16,LR,6.890576474687263e-05
1786498309.0451972,42340,16,Loss/l_ce,0.06384539604187012
1786498309.0453908,42340,16,Loss/l_total,0.06384539604187012
1786498309.0454192,42340,16,LR,6.890576474687263e-05
1786498320.2080538,42360,16,Loss/l_ce,0.13376855850219727
1786498320.2082095,42360,16,Loss/l_total,0.13376855850219727
1786498320.2082343,42360,16,LR,6.890576474687263e-05
1786498334.5825465,42380,16,Loss/l_ce,0.045289039611816406
1786498334.5827136,42380,16,Loss/l_total,0.045289039611816406
1786498334.582735,42380,16,LR,6.890576474687263e-05
1786498346.4922087,42400,16,Loss/l_ce,0.2824373245239258
1786498346.4924238,42400,16,Loss/l_total,0.2824373245239258
1786498346.4924521,42400,16,LR,6.890576474687263e-05
1786498360.6835148,42420,16,Loss/l_ce,0.06245756149291992
1786498360.6837404,42420,16,Loss/l_total,0.06245756149291992
1786498360.6837618,42420,16,LR,6.890576474687263e-05
1786498374.6853132,42440,16,Loss/l_ce,0.07871007919311523
1786498374.6856017,42440,16,Loss/l_total,0.07871007919311523
1786498374.6856253,42440,16,LR,6.890576474687263e-05
1786498390.839309,42460,16,Loss/l_ce,0.11542701721191406
1786498390.8394873,42460,16,Loss/l_total,0.11542701721191406
1786498390.8395112,42460,16,LR,6.890576474687263e-05
1786498409.6044948,42480,16,Loss/l_ce,0.19225430488586426
1786498409.6047308,42480,16,Loss/l_total,0.19225430488586426
1786498409.6047735,42480,16,LR,6.890576474687263e-05
1786498419.283707,42500,16,Loss/l_ce,0.18717002868652344
1786498419.283866,42500,16,Loss/l_total,0.18717002868652344
1786498419.283891,42500,16,LR,6.890576474687263e-05
1786498429.558804,42520,16,Loss/l_ce,0.06613945960998535
1786498429.5589523,42520,16,Loss/l_total,0.06613945960998535
1786498429.5589786,42520,16,LR,6.890576474687263e-05
1786498437.9956758,42540,16,Loss/l_ce,0.4088594913482666
1786498437.9958622,42540,16,Loss/l_total,0.4088594913482666
1786498437.995885,42540,16,LR,6.890576474687263e-05
1786498466.0445042,42560,16,Loss/l_ce,0.09498143196105957
1786498466.0446954,42560,16,Loss/l_total,0.09498143196105957
1786498466.0447168,42560,16,LR,6.890576474687263e-05
1786498487.0218513,42580,16,Loss/l_ce,0.09798264503479004
1786498487.02205,42580,16,Loss/l_total,0.09798264503479004
1786498487.0220747,42580,16,LR,6.890576474687263e-05
1786498504.5148182,42600,16,Loss/l_ce,0.1304478645324707
1786498504.514995,42600,16,Loss/l_total,0.1304478645324707
1786498504.5150177,42600,16,LR,6.890576474687263e-05
1786498524.1757739,42620,16,Loss/l_ce,0.12257981300354004
1786498524.1759353,42620,16,Loss/l_total,0.12257981300354004
1786498524.1759555,42620,16,LR,6.890576474687263e-05
1786498534.7628362,42640,16,Loss/l_ce,0.07519817352294922
1786498534.7629929,42640,16,Loss/l_total,0.07519817352294922
1786498534.7630155,42640,16,LR,6.890576474687263e-05
1786498544.7997575,42660,16,Loss/l_ce,0.10782766342163086
1786498544.7999165,42660,16,Loss/l_total,0.10782766342163086
1786498544.7999394,42660,16,LR,6.890576474687263e-05
1786498556.6649241,42680,16,Loss/l_ce,0.11471271514892578
1786498556.6651092,42680,16,Loss/l_total,0.11471271514892578
1786498556.665133,42680,16,LR,6.890576474687263e-05
1786498574.2297134,42700,16,Loss/l_ce,1.260465145111084
1786498574.2298763,42700,16,Loss/l_total,1.260465145111084
1786498574.2298987,42700,16,LR,6.890576474687263e-05
1786498587.3187714,42720,16,Loss/l_ce,0.12011432647705078
1786498587.318941,42720,16,Loss/l_total,0.12011432647705078
1786498587.3189638,42720,16,LR,6.890576474687263e-05
1786498596.0421314,42740,16,Loss/l_ce,0.3184826374053955
1786498596.0423048,42740,16,Loss/l_total,0.3184826374053955
1786498596.042326,42740,16,LR,6.890576474687263e-05
1786498609.1101089,42760,16,Loss/l_ce,0.11091256141662598
1786498609.1102643,42760,16,Loss/l_total,0.11091256141662598
1786498609.1102858,42760,16,LR,6.890576474687263e-05
1786498623.8034794,42780,16,Loss/l_ce,0.12185430526733398
1786498623.8036637,42780,16,Loss/l_total,0.12185430526733398
1786498623.8036888,42780,16,LR,6.890576474687263e-05
1786498632.2564344,42800,16,Loss/l_ce,0.11213850975036621
1786498632.2566385,42800,16,Loss/l_total,0.11213850975036621
1786498632.2566624,42800,16,LR,6.890576474687263e-05
1786498642.0870802,42820,16,Loss/l_ce,0.11010217666625977
1786498642.0872333,42820,16,Loss/l_total,0.11010217666625977
1786498642.0872557,42820,16,LR,6.890576474687263e-05
1786498665.4303925,42840,16,Loss/l_ce,0.058600425720214844
1786498665.4307027,42840,16,Loss/l_total,0.058600425720214844
1786498665.4307275,42840,16,LR,6.890576474687263e-05
1786498675.878201,42860,16,Loss/l_ce,0.10117101669311523
1786498675.8784409,42860,16,Loss/l_total,0.10117101669311523
1786498675.878467,42860,16,LR,6.890576474687263e-05
1786498692.4132564,42880,16,Loss/l_ce,0.08353304862976074
1786498692.4134429,42880,16,Loss/l_total,0.08353304862976074
1786498692.4134667,42880,16,LR,6.890576474687263e-05
1786498705.7534175,42900,16,Loss/l_ce,0.11803889274597168
1786498705.753643,42900,16,Loss/l_total,0.11803889274597168
1786498705.7536678,42900,16,LR,6.890576474687263e-05
1786498734.2132618,42920,16,Loss/l_ce,0.08931636810302734
1786498734.213422,42920,16,Loss/l_total,0.08931636810302734
1786498734.2134411,42920,16,LR,6.890576474687263e-05
1786498751.9076862,42940,16,Loss/l_ce,0.10747241973876953
1786498751.9078465,42940,16,Loss/l_total,0.10747241973876953
1786498751.907876,42940,16,LR,6.890576474687263e-05
1786498770.5567183,42960,16,Loss/l_ce,0.33211755752563477
1786498770.5568776,42960,16,Loss/l_total,0.33211755752563477
1786498770.5569012,42960,16,LR,6.890576474687263e-05
1786498793.286348,42980,16,Loss/l_ce,0.12465572357177734
1786498793.2865393,42980,16,Loss/l_total,0.12465572357177734
1786498793.2865617,42980,16,LR,6.890576474687263e-05
1786498815.7696712,43000,16,Loss/l_ce,0.06451416015625
1786498815.769874,43000,16,Loss/l_total,0.06451416015625
1786498815.7698944,43000,16,LR,6.890576474687263e-05
1786498837.922965,43020,16,Loss/l_ce,0.08335733413696289
1786498837.923181,43020,16,Loss/l_total,0.08335733413696289
1786498837.923205,43020,16,LR,6.890576474687263e-05
1786498864.2685099,43040,16,Loss/l_ce,0.16357803344726562
1786498864.268681,43040,16,Loss/l_total,0.16357803344726562
1786498864.2687023,43040,16,LR,6.890576474687263e-05
1786498885.120005,43060,16,Loss/l_ce,0.0759279727935791
1786498885.1202245,43060,16,Loss/l_total,0.0759279727935791
1786498885.1202457,43060,16,LR,6.890576474687263e-05
1786498902.1484199,43080,16,Loss/l_ce,0.11376810073852539
1786498902.1485682,43080,16,Loss/l_total,0.11376810073852539
1786498902.1485896,43080,16,LR,6.890576474687263e-05
1786498920.6515994,43100,16,Loss/l_ce,0.08226847648620605
1786498920.651756,43100,16,Loss/l_total,0.08226847648620605
1786498920.6517763,43100,16,LR,6.890576474687263e-05
1786498941.3702173,43120,16,Loss/l_ce,0.13071918487548828
1786498941.3703609,43120,16,Loss/l_total,0.13071918487548828
1786498941.370381,43120,16,LR,6.890576474687263e-05
1786498966.4337983,43140,16,Loss/l_ce,0.08884596824645996
1786498966.433966,43140,16,Loss/l_total,0.08884596824645996
1786498966.4339883,43140,16,LR,6.890576474687263e-05
1786498994.227632,43160,16,Loss/l_ce,1.9347105026245117
1786498994.2278008,43160,16,Loss/l_total,1.9347105026245117
1786498994.2278197,43160,16,LR,6.890576474687263e-05
1786499021.234881,43180,16,Loss/l_ce,0.09261417388916016
1786499021.235071,43180,16,Loss/l_total,0.09261417388916016
1786499021.2351053,43180,16,LR,6.890576474687263e-05
1786499045.8497005,43200,16,Loss/l_ce,0.1274867057800293
1786499045.849857,43200,16,Loss/l_total,0.1274867057800293
1786499045.8498805,43200,16,LR,6.890576474687263e-05
1786499072.306337,43220,16,Loss/l_ce,0.11203908920288086
1786499072.306509,43220,16,Loss/l_total,0.11203908920288086
1786499072.306532,43220,16,LR,6.890576474687263e-05
1786499096.9339163,43240,16,Loss/l_ce,0.08834385871887207
1786499096.9341218,43240,16,Loss/l_total,0.08834385871887207
1786499096.9341478,43240,16,LR,6.890576474687263e-05
1786499116.2381313,43260,16,Loss/l_ce,0.08909416198730469
1786499116.2382784,43260,16,Loss/l_total,0.08909416198730469
1786499116.2383034,43260,16,LR,6.890576474687263e-05
1786499150.2655308,43280,16,Loss/l_ce,0.09990334510803223
1786499150.2656925,43280,16,Loss/l_total,0.09990334510803223
1786499150.2657113,43280,16,LR,6.890576474687263e-05
1786499171.964998,43300,16,Loss/l_ce,0.05363106727600098
1786499171.9652424,43300,16,Loss/l_total,0.05363106727600098
1786499171.9652674,43300,16,LR,6.890576474687263e-05
1786499194.032206,43320,16,Loss/l_ce,0.1681225299835205
1786499194.0324092,43320,16,Loss/l_total,0.1681225299835205
1786499194.0324316,43320,16,LR,6.890576474687263e-05
1786499212.1902826,43340,16,Loss/l_ce,0.1346421241760254
1786499212.1905117,43340,16,Loss/l_total,0.1346421241760254
1786499212.1905377,43340,16,LR,6.890576474687263e-05
1786499370.285365,43350,16,Val/avg_error,0.009715844877064228
1786499370.2857165,43350,16,Val/acc,0.851123046875
1786499370.285744,43350,16,Val/sparse_auc,0.9234668461963382
1786499370.2857652,43350,16,Val/sparse_pck_max,0.1
1786499370.2857878,43350,16,Val/sparse_pck_n,100.0
1786499382.2842274,43360,17,Loss/l_ce,0.07964611053466797
1786499382.2844174,43360,17,Loss/l_total,0.07964611053466797
1786499382.2844398,43360,17,LR,6.550504137351574e-05
1786499400.3542352,43380,17,Loss/l_ce,0.09164214134216309
1786499400.3543942,43380,17,Loss/l_total,0.09164214134216309
1786499400.3544142,43380,17,LR,6.550504137351574e-05
1786499411.1626472,43400,17,Loss/l_ce,0.10059165954589844
1786499411.1628208,43400,17,Loss/l_total,0.10059165954589844
1786499411.1628435,43400,17,LR,6.550504137351574e-05
1786499421.8748233,43420,17,Loss/l_ce,0.07849311828613281
1786499421.8749895,43420,17,Loss/l_total,0.07849311828613281
1786499421.8750122,43420,17,LR,6.550504137351574e-05
1786499434.2650862,43440,17,Loss/l_ce,0.11056709289550781
1786499434.2652392,43440,17,Loss/l_total,0.11056709289550781
1786499434.2652643,43440,17,LR,6.550504137351574e-05
1786499446.7848296,43460,17,Loss/l_ce,0.07614374160766602
1786499446.785003,43460,17,Loss/l_total,0.07614374160766602
1786499446.7850268,43460,17,LR,6.550504137351574e-05
1786499465.4896507,43480,17,Loss/l_ce,0.13712143898010254
1786499465.4898062,43480,17,Loss/l_total,0.13712143898010254
1786499465.4898262,43480,17,LR,6.550504137351574e-05
1786499476.292713,43500,17,Loss/l_ce,0.08554458618164062
1786499476.2928746,43500,17,Loss/l_total,0.08554458618164062
1786499476.2928984,43500,17,LR,6.550504137351574e-05
1786499490.84458,43520,17,Loss/l_ce,0.1384732723236084
1786499490.8447437,43520,17,Loss/l_total,0.1384732723236084
1786499490.8447661,43520,17,LR,6.550504137351574e-05
1786499500.4526246,43540,17,Loss/l_ce,0.08320116996765137
1786499500.452773,43540,17,Loss/l_total,0.08320116996765137
1786499500.4527981,43540,17,LR,6.550504137351574e-05
1786499518.2076917,43560,17,Loss/l_ce,0.09958505630493164
1786499518.207853,43560,17,Loss/l_total,0.09958505630493164
1786499518.2078755,43560,17,LR,6.550504137351574e-05
1786499533.1459167,43580,17,Loss/l_ce,0.11791634559631348
1786499533.14609,43580,17,Loss/l_total,0.11791634559631348
1786499533.1461148,43580,17,LR,6.550504137351574e-05
1786499557.6305978,43600,17,Loss/l_ce,0.04625248908996582
1786499557.630769,43600,17,Loss/l_total,0.04625248908996582
1786499557.6307905,43600,17,LR,6.550504137351574e-05
1786499581.5860872,43620,17,Loss/l_ce,0.07301735877990723
1786499581.5862439,43620,17,Loss/l_total,0.07301735877990723
1786499581.5862699,43620,17,LR,6.550504137351574e-05
1786499607.0622585,43640,17,Loss/l_ce,0.1852426528930664
1786499607.0624056,43640,17,Loss/l_total,0.1852426528930664
1786499607.062427,43640,17,LR,6.550504137351574e-05
1786499634.007263,43660,17,Loss/l_ce,0.09105563163757324
1786499634.0074291,43660,17,Loss/l_total,0.09105563163757324
1786499634.0074515,43660,17,LR,6.550504137351574e-05
1786499656.712619,43680,17,Loss/l_ce,0.09283661842346191
1786499656.712777,43680,17,Loss/l_total,0.09283661842346191
1786499656.7127995,43680,17,LR,6.550504137351574e-05
1786499684.5815089,43700,17,Loss/l_ce,0.07433843612670898
1786499684.581681,43700,17,Loss/l_total,0.07433843612670898
1786499684.581706,43700,17,LR,6.550504137351574e-05
1786499707.9204042,43720,17,Loss/l_ce,0.05400729179382324
1786499707.920582,43720,17,Loss/l_total,0.05400729179382324
1786499707.9206085,43720,17,LR,6.550504137351574e-05
1786499731.5913162,43740,17,Loss/l_ce,0.10932445526123047
1786499731.591466,43740,17,Loss/l_total,0.10932445526123047
1786499731.5914862,43740,17,LR,6.550504137351574e-05
1786499761.1784391,43760,17,Loss/l_ce,0.1335909366607666
1786499761.1786551,43760,17,Loss/l_total,0.1335909366607666
1786499761.1789045,43760,17,LR,6.550504137351574e-05
1786499782.355814,43780,17,Loss/l_ce,0.10754585266113281
1786499782.355999,43780,17,Loss/l_total,0.10754585266113281
1786499782.3560214,43780,17,LR,6.550504137351574e-05
1786499799.8847296,43800,17,Loss/l_ce,0.07532143592834473
1786499799.8848803,43800,17,Loss/l_total,0.07532143592834473
1786499799.884904,43800,17,LR,6.550504137351574e-05
1786499824.1386862,43820,17,Loss/l_ce,0.24106144905090332
1786499824.1389189,43820,17,Loss/l_total,0.24106144905090332
1786499824.138957,43820,17,LR,6.550504137351574e-05
1786499853.714017,43840,17,Loss/l_ce,0.0753934383392334
1786499853.7142794,43840,17,Loss/l_total,0.0753934383392334
1786499853.7142997,43840,17,LR,6.550504137351574e-05
1786499883.5982218,43860,17,Loss/l_ce,0.07296276092529297
1786499883.5983763,43860,17,Loss/l_total,0.07296276092529297
1786499883.5984,43860,17,LR,6.550504137351574e-05
1786499910.794777,43880,17,Loss/l_ce,0.0861048698425293
1786499910.7949286,43880,17,Loss/l_total,0.0861048698425293
1786499910.7949512,43880,17,LR,6.550504137351574e-05
1786499929.8740702,43900,17,Loss/l_ce,0.11471319198608398
1786499929.8742685,43900,17,Loss/l_total,0.11471319198608398
1786499929.8742921,43900,17,LR,6.550504137351574e-05
1786499951.0200863,43920,17,Loss/l_ce,0.06697916984558105
1786499951.0202358,43920,17,Loss/l_total,0.06697916984558105
1786499951.020257,43920,17,LR,6.550504137351574e-05
1786499977.818968,43940,17,Loss/l_ce,0.07462763786315918
1786499977.8191757,43940,17,Loss/l_total,0.07462763786315918
1786499977.819202,43940,17,LR,6.550504137351574e-05
1786500001.6385977,43960,17,Loss/l_ce,1.5650365352630615
1786500001.638752,43960,17,Loss/l_total,1.5650365352630615
1786500001.6387746,43960,17,LR,6.550504137351574e-05
1786500027.3733282,43980,17,Loss/l_ce,0.07553339004516602
1786500027.3735337,43980,17,Loss/l_total,0.07553339004516602
1786500027.3735561,43980,17,LR,6.550504137351574e-05
1786500055.3916326,44000,17,Loss/l_ce,0.08487224578857422
1786500055.3919117,44000,17,Loss/l_total,0.08487224578857422
1786500055.3919497,44000,17,LR,6.550504137351574e-05
1786500084.6342618,44020,17,Loss/l_ce,0.07262897491455078
1786500084.6344624,44020,17,Loss/l_total,0.07262897491455078
1786500084.6344838,44020,17,LR,6.550504137351574e-05
1786500115.1691658,44040,17,Loss/l_ce,0.1595757007598877
1786500115.169363,44040,17,Loss/l_total,0.1595757007598877
1786500115.1693828,44040,17,LR,6.550504137351574e-05
1786500134.8802352,44060,17,Loss/l_ce,0.13001394271850586
1786500134.880442,44060,17,Loss/l_total,0.13001394271850586
1786500134.8804643,44060,17,LR,6.550504137351574e-05
1786500159.4276838,44080,17,Loss/l_ce,0.04868888854980469
1786500159.427895,44080,17,Loss/l_total,0.04868888854980469
1786500159.42792,44080,17,LR,6.550504137351574e-05
1786500180.048853,44100,17,Loss/l_ce,0.08583879470825195
1786500180.0490785,44100,17,Loss/l_total,0.08583879470825195
1786500180.0491068,44100,17,LR,6.550504137351574e-05
1786500197.7034407,44120,17,Loss/l_ce,0.09742593765258789
1786500197.7035964,44120,17,Loss/l_total,0.09742593765258789
1786500197.7036188,44120,17,LR,6.550504137351574e-05
1786500217.3045177,44140,17,Loss/l_ce,0.11102151870727539
1786500217.3046827,44140,17,Loss/l_total,0.11102151870727539
1786500217.304704,44140,17,LR,6.550504137351574e-05
1786500240.6406672,44160,17,Loss/l_ce,0.13703179359436035
1786500240.6408193,44160,17,Loss/l_total,0.13703179359436035
1786500240.640839,44160,17,LR,6.550504137351574e-05
1786500265.0686438,44180,17,Loss/l_ce,0.11475348472595215
1786500265.068854,44180,17,Loss/l_total,0.11475348472595215
1786500265.068879,44180,17,LR,6.550504137351574e-05
1786500288.906396,44200,17,Loss/l_ce,0.1184539794921875
1786500288.9065454,44200,17,Loss/l_total,0.1184539794921875
1786500288.906568,44200,17,LR,6.550504137351574e-05
1786500308.347049,44220,17,Loss/l_ce,0.1303257942199707
1786500308.3472497,44220,17,Loss/l_total,0.1303257942199707
1786500308.3472722,44220,17,LR,6.550504137351574e-05
1786500329.926609,44240,17,Loss/l_ce,0.07460832595825195
1786500329.9268644,44240,17,Loss/l_total,0.07460832595825195
1786500329.9268906,44240,17,LR,6.550504137351574e-05
1786500352.799551,44260,17,Loss/l_ce,0.07158327102661133
1786500352.7997801,44260,17,Loss/l_total,0.07158327102661133
1786500352.7998075,44260,17,LR,6.550504137351574e-05
1786500379.8827932,44280,17,Loss/l_ce,0.13559412956237793
1786500379.8829417,44280,17,Loss/l_total,0.13559412956237793
1786500379.8829641,44280,17,LR,6.550504137351574e-05
1786500403.7781396,44300,17,Loss/l_ce,0.10793733596801758
1786500403.7783866,44300,17,Loss/l_total,0.10793733596801758
1786500403.7784116,44300,17,LR,6.550504137351574e-05
1786500419.0723295,44320,17,Loss/l_ce,0.10236763954162598
1786500419.072485,44320,17,Loss/l_total,0.10236763954162598
1786500419.07251,44320,17,LR,6.550504137351574e-05
1786500439.2316961,44340,17,Loss/l_ce,0.0882103443145752
1786500439.2319252,44340,17,Loss/l_total,0.0882103443145752
1786500439.231956,44340,17,LR,6.550504137351574e-05
1786500473.683406,44360,17,Loss/l_ce,0.09269237518310547
1786500473.6835866,44360,17,Loss/l_total,0.09269237518310547
1786500473.683609,44360,17,LR,6.550504137351574e-05
1786500501.8882542,44380,17,Loss/l_ce,0.06593203544616699
1786500501.8884194,44380,17,Loss/l_total,0.06593203544616699
1786500501.8884406,44380,17,LR,6.550504137351574e-05
1786500512.141518,44400,17,Loss/l_ce,0.1963791847229004
1786500512.141688,44400,17,Loss/l_total,0.1963791847229004
1786500512.1417105,44400,17,LR,6.550504137351574e-05
1786500526.1706924,44420,17,Loss/l_ce,0.11899089813232422
1786500526.1708422,44420,17,Loss/l_total,0.11899089813232422
1786500526.170867,44420,17,LR,6.550504137351574e-05
1786500536.0581074,44440,17,Loss/l_ce,0.11395812034606934
1786500536.0582736,44440,17,Loss/l_total,0.11395812034606934
1786500536.058296,44440,17,LR,6.550504137351574e-05
1786500552.2937386,44460,17,Loss/l_ce,0.0826561450958252
1786500552.2939095,44460,17,Loss/l_total,0.0826561450958252
1786500552.293932,44460,17,LR,6.550504137351574e-05
1786500566.9243317,44480,17,Loss/l_ce,0.034787893295288086
1786500566.9244835,44480,17,Loss/l_total,0.034787893295288086
1786500566.9245062,44480,17,LR,6.550504137351574e-05
1786500582.409756,44500,17,Loss/l_ce,0.07776141166687012
1786500582.4099066,44500,17,Loss/l_total,0.07776141166687012
1786500582.4099305,44500,17,LR,6.550504137351574e-05
1786500601.7614188,44520,17,Loss/l_ce,0.052933692932128906
1786500601.7616074,44520,17,Loss/l_total,0.052933692932128906
1786500601.7616372,44520,17,LR,6.550504137351574e-05
1786500615.2246876,44540,17,Loss/l_ce,0.09154963493347168
1786500615.2248409,44540,17,Loss/l_total,0.09154963493347168
1786500615.2248645,44540,17,LR,6.550504137351574e-05
1786500623.4913425,44560,17,Loss/l_ce,0.1232156753540039
1786500623.491555,44560,17,Loss/l_total,0.1232156753540039
1786500623.49158,44560,17,LR,6.550504137351574e-05
1786500634.9431145,44580,17,Loss/l_ce,0.11965465545654297
1786500634.9432843,44580,17,Loss/l_total,0.11965465545654297
1786500634.943308,44580,17,LR,6.550504137351574e-05
1786500646.1611245,44600,17,Loss/l_ce,1.8646795749664307
1786500646.1613724,44600,17,Loss/l_total,1.8646795749664307
1786500646.1614094,44600,17,LR,6.550504137351574e-05
1786500669.2110937,44620,17,Loss/l_ce,0.12571501731872559
1786500669.21133,44620,17,Loss/l_total,0.12571501731872559
1786500669.2113526,44620,17,LR,6.550504137351574e-05
1786500699.7116888,44640,17,Loss/l_ce,0.1255049705505371
1786500699.7118907,44640,17,Loss/l_total,0.1255049705505371
1786500699.7119155,44640,17,LR,6.550504137351574e-05
1786500721.9631984,44660,17,Loss/l_ce,0.09581398963928223
1786500721.9634976,44660,17,Loss/l_total,0.09581398963928223
1786500721.9635239,44660,17,LR,6.550504137351574e-05
1786500737.288299,44680,17,Loss/l_ce,0.1232900619506836
1786500737.2885115,44680,17,Loss/l_total,0.1232900619506836
1786500737.2885354,44680,17,LR,6.550504137351574e-05
1786500757.317695,44700,17,Loss/l_ce,0.1156001091003418
1786500757.3179407,44700,17,Loss/l_total,0.1156001091003418
1786500757.317967,44700,17,LR,6.550504137351574e-05
1786500779.907819,44720,17,Loss/l_ce,0.1288747787475586
1786500779.908002,44720,17,Loss/l_total,0.1288747787475586
1786500779.908028,44720,17,LR,6.550504137351574e-05
1786500804.2788844,44740,17,Loss/l_ce,0.07451200485229492
1786500804.2791255,44740,17,Loss/l_total,0.07451200485229492
1786500804.2791502,44740,17,LR,6.550504137351574e-05
1786500828.4493206,44760,17,Loss/l_ce,0.3615422248840332
1786500828.4495046,44760,17,Loss/l_total,0.3615422248840332
1786500828.4511952,44760,17,LR,6.550504137351574e-05
1786500850.8583732,44780,17,Loss/l_ce,0.1437845230102539
1786500850.8585927,44780,17,Loss/l_total,0.1437845230102539
1786500850.8586175,44780,17,LR,6.550504137351574e-05
1786500872.2859159,44800,17,Loss/l_ce,0.43768739700317383
1786500872.2862022,44800,17,Loss/l_total,0.43768739700317383
1786500872.2862291,44800,17,LR,6.550504137351574e-05
1786500896.1257668,44820,17,Loss/l_ce,0.04563403129577637
1786500896.1259208,44820,17,Loss/l_total,0.04563403129577637
1786500896.1259437,44820,17,LR,6.550504137351574e-05
1786500917.093062,44840,17,Loss/l_ce,0.12011528015136719
1786500917.0932648,44840,17,Loss/l_total,0.12011528015136719
1786500917.0932865,44840,17,LR,6.550504137351574e-05
1786500935.439363,44860,17,Loss/l_ce,0.11536908149719238
1786500935.4395494,44860,17,Loss/l_total,0.11536908149719238
1786500935.4395754,44860,17,LR,6.550504137351574e-05
1786500958.5863485,44880,17,Loss/l_ce,0.1488037109375
1786500958.586523,44880,17,Loss/l_total,0.1488037109375
1786500958.5865457,44880,17,LR,6.550504137351574e-05
1786500976.6988626,44900,17,Loss/l_ce,0.11205244064331055
1786500976.699024,44900,17,Loss/l_total,0.11205244064331055
1786500976.699075,44900,17,LR,6.550504137351574e-05
1786501003.8921266,44920,17,Loss/l_ce,0.09016728401184082
1786501003.8923438,44920,17,Loss/l_total,0.09016728401184082
1786501003.8923664,44920,17,LR,6.550504137351574e-05
1786501038.141084,44940,17,Loss/l_ce,0.15766429901123047
1786501038.141262,44940,17,Loss/l_total,0.15766429901123047
1786501038.1412847,44940,17,LR,6.550504137351574e-05
1786501062.2371383,44960,17,Loss/l_ce,0.14723920822143555
1786501062.237371,44960,17,Loss/l_total,0.14723920822143555
1786501062.2373924,44960,17,LR,6.550504137351574e-05
1786501083.6653452,44980,17,Loss/l_ce,0.10078835487365723
1786501083.6655626,44980,17,Loss/l_total,0.10078835487365723
1786501083.6655838,44980,17,LR,6.550504137351574e-05
1786501107.8977857,45000,17,Loss/l_ce,0.07705092430114746
1786501107.898017,45000,17,Loss/l_total,0.07705092430114746
1786501107.8981001,45000,17,LR,6.550504137351574e-05
1786501136.0924864,45020,17,Loss/l_ce,0.12226986885070801
1786501136.0926657,45020,17,Loss/l_total,0.12226986885070801
1786501136.0926905,45020,17,LR,6.550504137351574e-05
1786501158.7297328,45040,17,Loss/l_ce,0.14534997940063477
1786501158.729905,45040,17,Loss/l_total,0.14534997940063477
1786501158.7299287,45040,17,LR,6.550504137351574e-05
1786501180.7270846,45060,17,Loss/l_ce,0.12358808517456055
1786501180.7272708,45060,17,Loss/l_total,0.12358808517456055
1786501180.7296717,45060,17,LR,6.550504137351574e-05
1786501208.9199946,45080,17,Loss/l_ce,0.12088966369628906
1786501208.9201775,45080,17,Loss/l_total,0.12088966369628906
1786501208.9202025,45080,17,LR,6.550504137351574e-05
1786501230.56037,45100,17,Loss/l_ce,0.10656547546386719
1786501230.560535,45100,17,Loss/l_total,0.10656547546386719
1786501230.5605552,45100,17,LR,6.550504137351574e-05
1786501249.5388632,45120,17,Loss/l_ce,0.07783865928649902
1786501249.539065,45120,17,Loss/l_total,0.07783865928649902
1786501249.5390873,45120,17,LR,6.550504137351574e-05
1786501273.7071009,45140,17,Loss/l_ce,0.07324552536010742
1786501273.7072802,45140,17,Loss/l_total,0.07324552536010742
1786501273.7073026,45140,17,LR,6.550504137351574e-05
1786501297.6017156,45160,17,Loss/l_ce,0.08770608901977539
1786501297.601979,45160,17,Loss/l_total,0.08770608901977539
1786501297.6020005,45160,17,LR,6.550504137351574e-05
1786501322.392073,45180,17,Loss/l_ce,0.11755132675170898
1786501322.3922403,45180,17,Loss/l_total,0.11755132675170898
1786501322.3922677,45180,17,LR,6.550504137351574e-05
1786501343.011726,45200,17,Loss/l_ce,0.0719292163848877
1786501343.0118957,45200,17,Loss/l_total,0.0719292163848877
1786501343.0119193,45200,17,LR,6.550504137351574e-05
1786501366.8417797,45220,17,Loss/l_ce,0.6069679260253906
1786501366.841939,45220,17,Loss/l_total,0.6069679260253906
1786501366.8419614,45220,17,LR,6.550504137351574e-05
1786501394.3416502,45240,17,Loss/l_ce,0.09764742851257324
1786501394.3418887,45240,17,Loss/l_total,0.09764742851257324
1786501394.3430834,45240,17,LR,6.550504137351574e-05
1786501417.0268557,45260,17,Loss/l_ce,0.11805129051208496
1786501417.0271418,45260,17,Loss/l_total,0.11805129051208496
1786501417.027168,45260,17,LR,6.550504137351574e-05
1786501445.154463,45280,17,Loss/l_ce,0.07485818862915039
1786501445.154705,45280,17,Loss/l_total,0.07485818862915039
1786501445.15473,45280,17,LR,6.550504137351574e-05
1786501473.7863765,45300,17,Loss/l_ce,0.12563037872314453
1786501473.7865865,45300,17,Loss/l_total,0.12563037872314453
1786501473.7866068,45300,17,LR,6.550504137351574e-05
1786501492.2570055,45320,17,Loss/l_ce,0.09734773635864258
1786501492.257503,45320,17,Loss/l_total,0.09734773635864258
1786501492.257529,45320,17,LR,6.550504137351574e-05
1786501518.8419745,45340,17,Loss/l_ce,0.1618344783782959
1786501518.842174,45340,17,Loss/l_total,0.1618344783782959
1786501518.842199,45340,17,LR,6.550504137351574e-05
1786501540.9042304,45360,17,Loss/l_ce,0.07650566101074219
1786501540.904564,45360,17,Loss/l_total,0.07650566101074219
1786501540.904589,45360,17,LR,6.550504137351574e-05
1786501555.392836,45380,17,Loss/l_ce,0.11487436294555664
1786501555.3930213,45380,17,Loss/l_total,0.11487436294555664
1786501555.39307,45380,17,LR,6.550504137351574e-05
1786501581.4232793,45400,17,Loss/l_ce,0.12200570106506348
1786501581.423472,45400,17,Loss/l_total,0.12200570106506348
1786501581.4234931,45400,17,LR,6.550504137351574e-05
1786501600.0967603,45420,17,Loss/l_ce,0.11359882354736328
1786501600.0969417,45420,17,Loss/l_total,0.11359882354736328
1786501600.0969656,45420,17,LR,6.550504137351574e-05
1786501615.186118,45440,17,Loss/l_ce,1.9691624641418457
1786501615.1862602,45440,17,Loss/l_total,1.9691624641418457
1786501615.186279,45440,17,LR,6.550504137351574e-05
1786501628.7553155,45460,17,Loss/l_ce,0.11848926544189453
1786501628.7555423,45460,17,Loss/l_total,0.11848926544189453
1786501628.7555647,45460,17,LR,6.550504137351574e-05
1786501642.4686723,45480,17,Loss/l_ce,0.12404942512512207
1786501642.4688528,45480,17,Loss/l_total,0.12404942512512207
1786501642.4688752,45480,17,LR,6.550504137351574e-05
1786501655.0065792,45500,17,Loss/l_ce,0.17246437072753906
1786501655.0067286,45500,17,Loss/l_total,0.17246437072753906
1786501655.0067525,45500,17,LR,6.550504137351574e-05
1786501670.7468307,45520,17,Loss/l_ce,0.11109161376953125
1786501670.746998,45520,17,Loss/l_total,0.11109161376953125
1786501670.7470264,45520,17,LR,6.550504137351574e-05
1786501683.816979,45540,17,Loss/l_ce,0.10941529273986816
1786501683.8171997,45540,17,Loss/l_total,0.10941529273986816
1786501683.8172247,45540,17,LR,6.550504137351574e-05
1786501699.0586524,45560,17,Loss/l_ce,0.185014009475708
1786501699.0588648,45560,17,Loss/l_total,0.185014009475708
1786501699.058892,45560,17,LR,6.550504137351574e-05
1786501713.9551492,45580,17,Loss/l_ce,0.11010265350341797
1786501713.9553354,45580,17,Loss/l_total,0.11010265350341797
1786501713.9553616,45580,17,LR,6.550504137351574e-05
1786501725.8816028,45600,17,Loss/l_ce,0.07282590866088867
1786501725.8817656,45600,17,Loss/l_total,0.07282590866088867
1786501725.8817868,45600,17,LR,6.550504137351574e-05
1786501741.2037466,45620,17,Loss/l_ce,0.08619928359985352
1786501741.2038972,45620,17,Loss/l_total,0.08619928359985352
1786501741.203921,45620,17,LR,6.550504137351574e-05
1786501755.7713845,45640,17,Loss/l_ce,0.09264683723449707
1786501755.7716246,45640,17,Loss/l_total,0.09264683723449707
1786501755.7716515,45640,17,LR,6.550504137351574e-05
1786501779.984307,45660,17,Loss/l_ce,0.0839228630065918
1786501779.9845312,45660,17,Loss/l_total,0.0839228630065918
1786501779.9845622,45660,17,LR,6.550504137351574e-05
1786501797.0059006,45680,17,Loss/l_ce,0.1226348876953125
1786501797.0061202,45680,17,Loss/l_total,0.1226348876953125
1786501797.0080898,45680,17,LR,6.550504137351574e-05
1786501822.3793566,45700,17,Loss/l_ce,0.1429126262664795
1786501822.37986,45700,17,Loss/l_total,0.1429126262664795
1786501822.3798847,45700,17,LR,6.550504137351574e-05
1786501848.9618225,45720,17,Loss/l_ce,0.08663582801818848
1786501848.9621644,45720,17,Loss/l_total,0.08663582801818848
1786501848.9621942,45720,17,LR,6.550504137351574e-05
1786501871.407791,45740,17,Loss/l_ce,0.22003626823425293
1786501871.4081743,45740,17,Loss/l_total,0.22003626823425293
1786501871.4081993,45740,17,LR,6.550504137351574e-05
1786501901.8322904,45760,17,Loss/l_ce,0.09163761138916016
1786501901.832535,45760,17,Loss/l_total,0.09163761138916016
1786501901.8325598,45760,17,LR,6.550504137351574e-05
1786501929.4453723,45780,17,Loss/l_ce,0.19843029975891113
1786501929.4456468,45780,17,Loss/l_total,0.19843029975891113
1786501929.4456704,45780,17,LR,6.550504137351574e-05
1786501947.3445742,45800,17,Loss/l_ce,0.13135600090026855
1786501947.3447902,45800,17,Loss/l_total,0.13135600090026855
1786501947.3450882,45800,17,LR,6.550504137351574e-05
1786501967.4462857,45820,17,Loss/l_ce,0.13526248931884766
1786501967.4465413,45820,17,Loss/l_total,0.13526248931884766
1786501967.4468038,45820,17,LR,6.550504137351574e-05
1786501993.0756054,45840,17,Loss/l_ce,0.08174276351928711
1786501993.0758715,45840,17,Loss/l_total,0.08174276351928711
1786501993.0761528,45840,17,LR,6.550504137351574e-05
1786502012.9405346,45860,17,Loss/l_ce,0.1204078197479248
1786502012.9407163,45860,17,Loss/l_total,0.1204078197479248
1786502012.940739,45860,17,LR,6.550504137351574e-05
1786502038.9599628,45880,17,Loss/l_ce,0.1607046127319336
1786502038.9601767,45880,17,Loss/l_total,0.1607046127319336
1786502038.9602005,45880,17,LR,6.550504137351574e-05
1786502064.1970935,45900,17,Loss/l_ce,0.09816980361938477
1786502064.197299,45900,17,Loss/l_total,0.09816980361938477
1786502064.1976979,45900,17,LR,6.550504137351574e-05
1786502202.6987681,45900,17,Val/avg_error,0.01150055043399334
1786502202.6991944,45900,17,Val/acc,0.83212890625
1786502202.6992452,45900,17,Val/sparse_auc,0.9133170079703284
1786502202.6992726,45900,17,Val/sparse_pck_max,0.1
1786502202.6992989,45900,17,Val/sparse_pck_n,100.0
1786502227.253945,45920,18,Loss/l_ce,0.12024331092834473
1786502227.2541707,45920,18,Loss/l_total,0.12024331092834473
1786502227.254193,45920,18,LR,6.203955092681039e-05
1786502253.4427795,45940,18,Loss/l_ce,0.12489652633666992
1786502253.443073,45940,18,Loss/l_total,0.12489652633666992
1786502253.4430978,45940,18,LR,6.203955092681039e-05
1786502272.3408704,45960,18,Loss/l_ce,0.06885743141174316
1786502272.341019,45960,18,Loss/l_total,0.06885743141174316
1786502272.3410687,45960,18,LR,6.203955092681039e-05
1786502291.2430086,45980,18,Loss/l_ce,0.8350045680999756
1786502291.2432103,45980,18,Loss/l_total,0.8350045680999756
1786502291.2432342,45980,18,LR,6.203955092681039e-05
1786502319.8192778,46000,18,Loss/l_ce,0.11685347557067871
1786502319.819507,46000,18,Loss/l_total,0.11685347557067871
1786502319.8195271,46000,18,LR,6.203955092681039e-05
1786502338.3371952,46020,18,Loss/l_ce,0.26203203201293945
1786502338.3373559,46020,18,Loss/l_total,0.26203203201293945
1786502338.3373806,46020,18,LR,6.203955092681039e-05
1786502362.206728,46040,18,Loss/l_ce,0.08655977249145508
1786502362.206918,46040,18,Loss/l_total,0.08655977249145508
1786502362.2069404,46040,18,LR,6.203955092681039e-05
1786502388.2731454,46060,18,Loss/l_ce,0.09199070930480957
1786502388.273352,46060,18,Loss/l_total,0.09199070930480957
1786502388.2733757,46060,18,LR,6.203955092681039e-05
1786502407.9123979,46080,18,Loss/l_ce,0.12537860870361328
1786502407.9125986,46080,18,Loss/l_total,0.12537860870361328
1786502407.9126246,46080,18,LR,6.203955092681039e-05
1786502429.4569502,46100,18,Loss/l_ce,0.10612177848815918
1786502429.457163,46100,18,Loss/l_total,0.10612177848815918
1786502429.45719,46100,18,LR,6.203955092681039e-05
1786502453.652472,46120,18,Loss/l_ce,0.0866851806640625
1786502453.652699,46120,18,Loss/l_total,0.0866851806640625
1786502453.6527202,46120,18,LR,6.203955092681039e-05
1786502468.945684,46140,18,Loss/l_ce,0.07715702056884766
1786502468.9459202,46140,18,Loss/l_total,0.07715702056884766
1786502468.945951,46140,18,LR,6.203955092681039e-05
1786502492.778239,46160,18,Loss/l_ce,0.07540154457092285
1786502492.7784941,46160,18,Loss/l_total,0.07540154457092285
1786502492.7785158,46160,18,LR,6.203955092681039e-05
1786502514.9178793,46180,18,Loss/l_ce,0.06885385513305664
1786502514.9180884,46180,18,Loss/l_total,0.06885385513305664
1786502514.9181156,46180,18,LR,6.203955092681039e-05
1786502529.4744194,46200,18,Loss/l_ce,0.08832001686096191
1786502529.4746795,46200,18,Loss/l_total,0.08832001686096191
1786502529.4747057,46200,18,LR,6.203955092681039e-05
1786502548.8486006,46220,18,Loss/l_ce,0.09034872055053711
1786502548.848812,46220,18,Loss/l_total,0.09034872055053711
1786502548.8488355,46220,18,LR,6.203955092681039e-05
1786502565.1353679,46240,18,Loss/l_ce,0.09753918647766113
1786502565.135539,46240,18,Loss/l_total,0.09753918647766113
1786502565.135564,46240,18,LR,6.203955092681039e-05
1786502572.918568,46260,18,Loss/l_ce,0.14856529235839844
1786502572.9187615,46260,18,Loss/l_total,0.14856529235839844
1786502572.9187875,46260,18,LR,6.203955092681039e-05
1786502586.0695655,46280,18,Loss/l_ce,0.10460829734802246
1786502586.0697293,46280,18,Loss/l_total,0.10460829734802246
1786502586.0697544,46280,18,LR,6.203955092681039e-05
1786502601.5617259,46300,18,Loss/l_ce,0.1483476161956787
1786502601.562017,46300,18,Loss/l_total,0.1483476161956787
1786502601.562074,46300,18,LR,6.203955092681039e-05
1786502610.7889152,46320,18,Loss/l_ce,0.10896563529968262
1786502610.789098,46320,18,Loss/l_total,0.10896563529968262
1786502610.7891264,46320,18,LR,6.203955092681039e-05
1786502623.9221516,46340,18,Loss/l_ce,0.23640727996826172
1786502623.922332,46340,18,Loss/l_total,0.23640727996826172
1786502623.922356,46340,18,LR,6.203955092681039e-05
1786502642.5198364,46360,18,Loss/l_ce,0.13535475730895996
1786502642.5199933,46360,18,Loss/l_total,0.13535475730895996
1786502642.520018,46360,18,LR,6.203955092681039e-05
1786502658.9268312,46380,18,Loss/l_ce,0.5754461288452148
1786502658.9271116,46380,18,Loss/l_total,0.5754461288452148
1786502658.9271436,46380,18,LR,6.203955092681039e-05
1786502671.9828699,46400,18,Loss/l_ce,0.06674766540527344
1786502671.9831226,46400,18,Loss/l_total,0.06674766540527344
1786502671.98315,46400,18,LR,6.203955092681039e-05
1786502685.6355212,46420,18,Loss/l_ce,0.10655856132507324
1786502685.6357563,46420,18,Loss/l_total,0.10655856132507324
1786502685.6357849,46420,18,LR,6.203955092681039e-05
1786502702.0013773,46440,18,Loss/l_ce,0.0970311164855957
1786502702.0015662,46440,18,Loss/l_total,0.0970311164855957
1786502702.0015945,46440,18,LR,6.203955092681039e-05
1786502723.9794192,46460,18,Loss/l_ce,0.11721229553222656
1786502723.979817,46460,18,Loss/l_total,0.11721229553222656
1786502723.9798417,46460,18,LR,6.203955092681039e-05
1786502740.688918,46480,18,Loss/l_ce,0.09600520133972168
1786502740.6891818,46480,18,Loss/l_total,0.09600520133972168
1786502740.6892087,46480,18,LR,6.203955092681039e-05
1786502757.7617939,46500,18,Loss/l_ce,0.13527965545654297
1786502757.7620287,46500,18,Loss/l_total,0.13527965545654297
1786502757.76231,46500,18,LR,6.203955092681039e-05
1786502784.038664,46520,18,Loss/l_ce,0.0672757625579834
1786502784.0389729,46520,18,Loss/l_total,0.0672757625579834
1786502784.0393147,46520,18,LR,6.203955092681039e-05
1786502805.1994762,46540,18,Loss/l_ce,0.07822942733764648
1786502805.1996768,46540,18,Loss/l_total,0.07822942733764648
1786502805.1997018,46540,18,LR,6.203955092681039e-05
1786502830.4513032,46560,18,Loss/l_ce,0.14778614044189453
1786502830.451467,46560,18,Loss/l_total,0.14778614044189453
1786502830.4514894,46560,18,LR,6.203955092681039e-05
1786502848.6577644,46580,18,Loss/l_ce,0.11339426040649414
1786502848.6579387,46580,18,Loss/l_total,0.11339426040649414
1786502848.6579602,46580,18,LR,6.203955092681039e-05
1786502876.4877014,46600,18,Loss/l_ce,0.07038402557373047
1786502876.4878654,46600,18,Loss/l_total,0.07038402557373047
1786502876.487889,46600,18,LR,6.203955092681039e-05
1786502907.0839462,46620,18,Loss/l_ce,0.09965157508850098
1786502907.0842514,46620,18,Loss/l_total,0.09965157508850098
1786502907.0842812,46620,18,LR,6.203955092681039e-05
1786502931.8845227,46640,18,Loss/l_ce,0.0681447982788086
1786502931.8847766,46640,18,Loss/l_total,0.0681447982788086
1786502931.8847992,46640,18,LR,6.203955092681039e-05
1786502968.3143382,46660,18,Loss/l_ce,0.10772871971130371
1786502968.3146124,46660,18,Loss/l_total,0.10772871971130371
1786502968.3146377,46660,18,LR,6.203955092681039e-05
1786503003.2644675,46680,18,Loss/l_ce,0.09412741661071777
1786503003.2646773,46680,18,Loss/l_total,0.09412741661071777
1786503003.2647011,46680,18,LR,6.203955092681039e-05
1786503020.7297165,46700,18,Loss/l_ce,0.13701772689819336
1786503020.729968,46700,18,Loss/l_total,0.13701772689819336
1786503020.7299907,46700,18,LR,6.203955092681039e-05
1786503044.2814322,46720,18,Loss/l_ce,0.10561871528625488
1786503044.2816067,46720,18,Loss/l_total,0.10561871528625488
1786503044.281628,46720,18,LR,6.203955092681039e-05
1786503069.944503,46740,18,Loss/l_ce,0.32700395584106445
1786503069.944693,46740,18,Loss/l_total,0.32700395584106445
1786503069.944719,46740,18,LR,6.203955092681039e-05
1786503088.884752,46760,18,Loss/l_ce,0.11865425109863281
1786503088.8849528,46760,18,Loss/l_total,0.11865425109863281
1786503088.885317,46760,18,LR,6.203955092681039e-05
1786503119.5236838,46780,18,Loss/l_ce,0.05499267578125
1786503119.5238714,46780,18,Loss/l_total,0.05499267578125
1786503119.523894,46780,18,LR,6.203955092681039e-05
1786503142.0004385,46800,18,Loss/l_ce,0.05719566345214844
1786503142.0006783,46800,18,Loss/l_total,0.05719566345214844
1786503142.0007033,46800,18,LR,6.203955092681039e-05
1786503163.8427289,46820,18,Loss/l_ce,0.08501911163330078
1786503163.8429081,46820,18,Loss/l_total,0.08501911163330078
1786503163.8429332,46820,18,LR,6.203955092681039e-05
1786503183.2701695,46840,18,Loss/l_ce,0.11099648475646973
1786503183.2703285,46840,18,Loss/l_total,0.11099648475646973
1786503183.2703512,46840,18,LR,6.203955092681039e-05
1786503205.5333436,46860,18,Loss/l_ce,0.07736635208129883
1786503205.5335894,46860,18,Loss/l_total,0.07736635208129883
1786503205.533612,46860,18,LR,6.203955092681039e-05
1786503232.1117084,46880,18,Loss/l_ce,0.3148980140686035
1786503232.1118863,46880,18,Loss/l_total,0.3148980140686035
1786503232.111909,46880,18,LR,6.203955092681039e-05
1786503276.1059513,46900,18,Loss/l_ce,0.14867639541625977
1786503276.1061947,46900,18,Loss/l_total,0.14867639541625977
1786503276.1062186,46900,18,LR,6.203955092681039e-05
1786503314.8114939,46920,18,Loss/l_ce,0.08655762672424316
1786503314.811678,46920,18,Loss/l_total,0.08655762672424316
1786503314.8117015,46920,18,LR,6.203955092681039e-05
1786503341.7241535,46940,18,Loss/l_ce,0.11774349212646484
1786503341.724309,46940,18,Loss/l_total,0.11774349212646484
1786503341.724328,46940,18,LR,6.203955092681039e-05
1786503368.5153942,46960,18,Loss/l_ce,0.12190580368041992
1786503368.5155902,46960,18,Loss/l_total,0.12190580368041992
1786503368.5156126,46960,18,LR,6.203955092681039e-05
1786503393.835915,46980,18,Loss/l_ce,0.08414912223815918
1786503393.8361905,46980,18,Loss/l_total,0.08414912223815918
1786503393.8362286,46980,18,LR,6.203955092681039e-05
1786503410.7388966,47000,18,Loss/l_ce,0.07663369178771973
1786503410.7391412,47000,18,Loss/l_total,0.07663369178771973
1786503410.7395601,47000,18,LR,6.203955092681039e-05
1786503442.8169544,47020,18,Loss/l_ce,0.10692834854125977
1786503442.8171704,47020,18,Loss/l_total,0.10692834854125977
1786503442.8171968,47020,18,LR,6.203955092681039e-05
1786503457.9436522,47040,18,Loss/l_ce,0.06363391876220703
1786503457.943841,47040,18,Loss/l_total,0.06363391876220703
1786503457.9438646,47040,18,LR,6.203955092681039e-05
1786503477.8389761,47060,18,Loss/l_ce,0.09992623329162598
1786503477.8391566,47060,18,Loss/l_total,0.09992623329162598
1786503477.839178,47060,18,LR,6.203955092681039e-05
1786503500.9425254,47080,18,Loss/l_ce,0.09776854515075684
1786503500.9427202,47080,18,Loss/l_total,0.09776854515075684
1786503500.9427488,47080,18,LR,6.203955092681039e-05
1786503526.5434723,47100,18,Loss/l_ce,0.06891870498657227
1786503526.5437014,47100,18,Loss/l_total,0.06891870498657227
1786503526.5437288,47100,18,LR,6.203955092681039e-05
1786503549.217143,47120,18,Loss/l_ce,0.10386252403259277
1786503549.2173805,47120,18,Loss/l_total,0.10386252403259277
1786503549.2174056,47120,18,LR,6.203955092681039e-05
1786503568.223969,47140,18,Loss/l_ce,0.06535887718200684
1786503568.22421,47140,18,Loss/l_total,0.06535887718200684
1786503568.224236,47140,18,LR,6.203955092681039e-05
1786503619.924772,47160,18,Loss/l_ce,0.10751175880432129
1786503619.9250746,47160,18,Loss/l_total,0.10751175880432129
1786503619.9250984,47160,18,LR,6.203955092681039e-05
1786503656.4368186,47180,18,Loss/l_ce,0.12147665023803711
1786503656.4369826,47180,18,Loss/l_total,0.12147665023803711
1786503656.4370015,47180,18,LR,6.203955092681039e-05
1786503677.7698128,47200,18,Loss/l_ce,0.10241985321044922
1786503677.7699707,47200,18,Loss/l_total,0.10241985321044922
1786503677.769991,47200,18,LR,6.203955092681039e-05
1786503695.7216578,47220,18,Loss/l_ce,0.09458661079406738
1786503695.7218487,47220,18,Loss/l_total,0.09458661079406738
1786503695.721874,47220,18,LR,6.203955092681039e-05
1786503715.2470899,47240,18,Loss/l_ce,0.12362241744995117
1786503715.2473133,47240,18,Loss/l_total,0.12362241744995117
1786503715.2473369,47240,18,LR,6.203955092681039e-05
1786503726.9812024,47260,18,Loss/l_ce,0.10932636260986328
1786503726.9814243,47260,18,Loss/l_total,0.10932636260986328
1786503726.9814482,47260,18,LR,6.203955092681039e-05
1786503734.39568,47280,18,Loss/l_ce,0.06977415084838867
1786503734.3958488,47280,18,Loss/l_total,0.06977415084838867
1786503734.3958726,47280,18,LR,6.203955092681039e-05
1786503742.978561,47300,18,Loss/l_ce,0.048250675201416016
1786503742.97875,47300,18,Loss/l_total,0.048250675201416016
1786503742.9787748,47300,18,LR,6.203955092681039e-05
1786503756.9235897,47320,18,Loss/l_ce,0.12282085418701172
1786503756.9238317,47320,18,Loss/l_total,0.12282085418701172
1786503756.9238555,47320,18,LR,6.203955092681039e-05
1786503772.577916,47340,18,Loss/l_ce,0.17375540733337402
1786503772.5781662,47340,18,Loss/l_total,0.17375540733337402
1786503772.5781937,47340,18,LR,6.203955092681039e-05
1786503785.1642163,47360,18,Loss/l_ce,0.09150910377502441
1786503785.1643636,47360,18,Loss/l_total,0.09150910377502441
1786503785.164386,47360,18,LR,6.203955092681039e-05
1786503798.8863168,47380,18,Loss/l_ce,0.2423536777496338
1786503798.8865223,47380,18,Loss/l_total,0.2423536777496338
1786503798.886546,47380,18,LR,6.203955092681039e-05
1786503813.075171,47400,18,Loss/l_ce,0.16898250579833984
1786503813.0753443,47400,18,Loss/l_total,0.16898250579833984
1786503813.0753691,47400,18,LR,6.203955092681039e-05
1786503826.8493867,47420,18,Loss/l_ce,0.13283658027648926
1786503826.849566,47420,18,Loss/l_total,0.13283658027648926
1786503826.8495884,47420,18,LR,6.203955092681039e-05
1786503839.1792822,47440,18,Loss/l_ce,0.09836268424987793
1786503839.1794662,47440,18,Loss/l_total,0.09836268424987793
1786503839.1794887,47440,18,LR,6.203955092681039e-05
1786503852.1629057,47460,18,Loss/l_ce,0.08937764167785645
1786503852.1630933,47460,18,Loss/l_total,0.08937764167785645
1786503852.1631193,47460,18,LR,6.203955092681039e-05
1786503875.6716967,47480,18,Loss/l_ce,0.12758278846740723
1786503875.6718614,47480,18,Loss/l_total,0.12758278846740723
1786503875.6718817,47480,18,LR,6.203955092681039e-05
1786503897.3100834,47500,18,Loss/l_ce,0.16570258140563965
1786503897.310371,47500,18,Loss/l_total,0.16570258140563965
1786503897.3103979,47500,18,LR,6.203955092681039e-05
1786503916.880217,47520,18,Loss/l_ce,0.09088730812072754
1786503916.8804545,47520,18,Loss/l_total,0.09088730812072754
1786503916.880476,47520,18,LR,6.203955092681039e-05
1786503941.8982177,47540,18,Loss/l_ce,0.2020418643951416
1786503941.8984244,47540,18,Loss/l_total,0.2020418643951416
1786503941.8984468,47540,18,LR,6.203955092681039e-05
1786503965.0986524,47560,18,Loss/l_ce,0.05220293998718262
1786503965.0988767,47560,18,Loss/l_total,0.05220293998718262
1786503965.0989134,47560,18,LR,6.203955092681039e-05
1786503989.7806232,47580,18,Loss/l_ce,0.0891871452331543
1786503989.7807941,47580,18,Loss/l_total,0.0891871452331543
1786503989.7808144,47580,18,LR,6.203955092681039e-05
1786504011.1900089,47600,18,Loss/l_ce,0.06884384155273438
1786504011.1902025,47600,18,Loss/l_total,0.06884384155273438
1786504011.1902258,47600,18,LR,6.203955092681039e-05
1786504040.987663,47620,18,Loss/l_ce,0.10062313079833984
1786504040.9878638,47620,18,Loss/l_total,0.10062313079833984
1786504040.9878852,47620,18,LR,6.203955092681039e-05
1786504071.3408382,47640,18,Loss/l_ce,0.09391212463378906
1786504071.340988,47640,18,Loss/l_total,0.09391212463378906
1786504071.3410082,47640,18,LR,6.203955092681039e-05
1786504096.6536279,47660,18,Loss/l_ce,0.07680368423461914
1786504096.653812,47660,18,Loss/l_total,0.07680368423461914
1786504096.6538332,47660,18,LR,6.203955092681039e-05
1786504139.2002318,47680,18,Loss/l_ce,0.12084603309631348
1786504139.2004762,47680,18,Loss/l_total,0.12084603309631348
1786504139.2004964,47680,18,LR,6.203955092681039e-05
1786504166.7697244,47700,18,Loss/l_ce,0.08470821380615234
1786504166.7699249,47700,18,Loss/l_total,0.08470821380615234
1786504166.7699451,47700,18,LR,6.203955092681039e-05
1786504184.1364467,47720,18,Loss/l_ce,0.06460046768188477
1786504184.1365938,47720,18,Loss/l_total,0.06460046768188477
1786504184.1366177,47720,18,LR,6.203955092681039e-05
1786504203.533196,47740,18,Loss/l_ce,0.10679817199707031
1786504203.5333633,47740,18,Loss/l_total,0.10679817199707031
1786504203.533387,47740,18,LR,6.203955092681039e-05
1786504222.90713,47760,18,Loss/l_ce,0.05997109413146973
1786504222.9073734,47760,18,Loss/l_total,0.05997109413146973
1786504222.907395,47760,18,LR,6.203955092681039e-05
1786504245.5749004,47780,18,Loss/l_ce,0.09877538681030273
1786504245.575113,47780,18,Loss/l_total,0.09877538681030273
1786504245.575139,47780,18,LR,6.203955092681039e-05
1786504266.187977,47800,18,Loss/l_ce,0.09054422378540039
1786504266.1881943,47800,18,Loss/l_total,0.09054422378540039
1786504266.188219,47800,18,LR,6.203955092681039e-05
1786504287.6622233,47820,18,Loss/l_ce,0.2698993682861328
1786504287.66238,47820,18,Loss/l_total,0.2698993682861328
1786504287.6624038,47820,18,LR,6.203955092681039e-05
1786504308.1276286,47840,18,Loss/l_ce,0.11386513710021973
1786504308.1281748,47840,18,Loss/l_total,0.11386513710021973
1786504308.1284525,47840,18,LR,6.203955092681039e-05
1786504338.8976505,47860,18,Loss/l_ce,0.09561991691589355
1786504338.8978367,47860,18,Loss/l_total,0.09561991691589355
1786504338.8978581,47860,18,LR,6.203955092681039e-05
1786504366.7190166,47880,18,Loss/l_ce,0.0634772777557373
1786504366.7192278,47880,18,Loss/l_total,0.0634772777557373
1786504366.7192514,47880,18,LR,6.203955092681039e-05
1786504399.2065332,47900,18,Loss/l_ce,2.433450698852539
1786504399.206797,47900,18,Loss/l_total,2.433450698852539
1786504399.2068207,47900,18,LR,6.203955092681039e-05
1786504434.921276,47920,18,Loss/l_ce,0.06313276290893555
1786504434.9215422,47920,18,Loss/l_total,0.06313276290893555
1786504434.9215634,47920,18,LR,6.203955092681039e-05
1786504458.7561128,47940,18,Loss/l_ce,0.0938882827758789
1786504458.7562969,47940,18,Loss/l_total,0.0938882827758789
1786504458.7563207,47940,18,LR,6.203955092681039e-05
1786504483.311122,47960,18,Loss/l_ce,0.09373593330383301
1786504483.3113678,47960,18,Loss/l_total,0.09373593330383301
1786504483.311388,47960,18,LR,6.203955092681039e-05
1786504507.6133566,47980,18,Loss/l_ce,0.08523178100585938
1786504507.6135194,47980,18,Loss/l_total,0.08523178100585938
1786504507.6135418,47980,18,LR,6.203955092681039e-05
1786504526.8150578,48000,18,Loss/l_ce,0.10923290252685547
1786504526.815294,48000,18,Loss/l_total,0.10923290252685547
1786504526.8153152,48000,18,LR,6.203955092681039e-05
1786504550.748314,48020,18,Loss/l_ce,0.09771442413330078
1786504550.7484574,48020,18,Loss/l_total,0.09771442413330078
1786504550.7484777,48020,18,LR,6.203955092681039e-05
1786504567.9906394,48040,18,Loss/l_ce,0.0701444149017334
1786504567.9908104,48040,18,Loss/l_total,0.0701444149017334
1786504567.9908316,48040,18,LR,6.203955092681039e-05
1786504586.7925158,48060,18,Loss/l_ce,0.10129189491271973
1786504586.7926905,48060,18,Loss/l_total,0.10129189491271973
1786504586.7927175,48060,18,LR,6.203955092681039e-05
1786504623.2454467,48080,18,Loss/l_ce,0.15759611129760742
1786504623.2456555,48080,18,Loss/l_total,0.15759611129760742
1786504623.2456758,48080,18,LR,6.203955092681039e-05
1786504666.1916406,48100,18,Loss/l_ce,0.2133932113647461
1786504666.1918461,48100,18,Loss/l_total,0.2133932113647461
1786504666.1918674,48100,18,LR,6.203955092681039e-05
1786504685.8342247,48120,18,Loss/l_ce,0.10271883010864258
1786504685.834474,48120,18,Loss/l_total,0.10271883010864258
1786504685.8344953,48120,18,LR,6.203955092681039e-05
1786504700.957091,48140,18,Loss/l_ce,0.1119685173034668
1786504700.957269,48140,18,Loss/l_total,0.1119685173034668
1786504700.9572916,48140,18,LR,6.203955092681039e-05
1786504719.5368893,48160,18,Loss/l_ce,0.16942381858825684
1786504719.5371175,48160,18,Loss/l_total,0.16942381858825684
1786504719.537145,48160,18,LR,6.203955092681039e-05
1786504738.297,48180,18,Loss/l_ce,0.4053311347961426
1786504738.2972434,48180,18,Loss/l_total,0.4053311347961426
1786504738.2972684,48180,18,LR,6.203955092681039e-05
1786504750.4218998,48200,18,Loss/l_ce,0.0917048454284668
1786504750.4220946,48200,18,Loss/l_total,0.0917048454284668
1786504750.4221194,48200,18,LR,6.203955092681039e-05
1786504767.751283,48220,18,Loss/l_ce,0.08560681343078613
1786504767.7515202,48220,18,Loss/l_total,0.08560681343078613
1786504767.7515488,48220,18,LR,6.203955092681039e-05
1786504776.731882,48240,18,Loss/l_ce,0.09630966186523438
1786504776.732179,48240,18,Loss/l_total,0.09630966186523438
1786504776.7322097,48240,18,LR,6.203955092681039e-05
1786504788.1535046,48260,18,Loss/l_ce,0.12175965309143066
1786504788.153654,48260,18,Loss/l_total,0.12175965309143066
1786504788.1536741,48260,18,LR,6.203955092681039e-05
1786504800.8587153,48280,18,Loss/l_ce,0.0864722728729248
1786504800.8588805,48280,18,Loss/l_total,0.0864722728729248
1786504800.858903,48280,18,LR,6.203955092681039e-05
1786504815.4905505,48300,18,Loss/l_ce,0.09203028678894043
1786504815.4907284,48300,18,Loss/l_total,0.09203028678894043
1786504815.4907522,48300,18,LR,6.203955092681039e-05
1786504824.5272965,48320,18,Loss/l_ce,0.04807877540588379
1786504824.5274937,48320,18,Loss/l_total,0.04807877540588379
1786504824.5275161,48320,18,LR,6.203955092681039e-05
1786504831.988443,48340,18,Loss/l_ce,0.10958147048950195
1786504831.9886887,48340,18,Loss/l_total,0.10958147048950195
1786504831.988711,48340,18,LR,6.203955092681039e-05
1786504841.6389315,48360,18,Loss/l_ce,0.06757688522338867
1786504841.6391737,48360,18,Loss/l_total,0.06757688522338867
1786504841.6391988,48360,18,LR,6.203955092681039e-05
1786504849.1540973,48380,18,Loss/l_ce,0.21846866607666016
1786504849.1542563,48380,18,Loss/l_total,0.21846866607666016
1786504849.1542802,48380,18,LR,6.203955092681039e-05
1786504858.8304284,48400,18,Loss/l_ce,0.06580281257629395
1786504858.8305805,48400,18,Loss/l_total,0.06580281257629395
1786504858.8306031,48400,18,LR,6.203955092681039e-05
1786504865.9788108,48420,18,Loss/l_ce,0.09887933731079102
1786504865.9790163,48420,18,Loss/l_total,0.09887933731079102
1786504865.9790757,48420,18,LR,6.203955092681039e-05
1786504878.1417952,48440,18,Loss/l_ce,0.12964081764221191
1786504878.1420527,48440,18,Loss/l_total,0.12964081764221191
1786504878.1420765,48440,18,LR,6.203955092681039e-05
1786505032.6314619,48450,18,Val/avg_error,0.013258935883641243
1786505032.6318147,48450,18,Val/acc,0.810546875
1786505032.6318395,48450,18,Val/sparse_auc,0.9024613813920452
1786505032.6318598,48450,18,Val/sparse_pck_max,0.1
1786505032.6318786,48450,18,Val/sparse_pck_n,100.0
1786505050.3284566,48460,19,Loss/l_ce,0.06684637069702148
1786505050.3289955,48460,19,Loss/l_total,0.06684637069702148
1786505050.3290277,48460,19,LR,5.853065930775302e-05
1786505090.386978,48480,19,Loss/l_ce,0.0996088981628418
1786505090.3872142,48480,19,Loss/l_total,0.0996088981628418
1786505090.3872414,48480,19,LR,5.853065930775302e-05
1786505133.0745473,48500,19,Loss/l_ce,0.11959266662597656
1786505133.0747313,48500,19,Loss/l_total,0.11959266662597656
1786505133.0747514,48500,19,LR,5.853065930775302e-05
1786505176.1351576,48520,19,Loss/l_ce,0.07019376754760742
1786505176.1353614,48520,19,Loss/l_total,0.07019376754760742
1786505176.1353853,48520,19,LR,5.853065930775302e-05
1786505216.9594924,48540,19,Loss/l_ce,0.07347869873046875
1786505216.9596846,48540,19,Loss/l_total,0.07347869873046875
1786505216.959808,48540,19,LR,5.853065930775302e-05
1786505262.4787605,48560,19,Loss/l_ce,0.07024931907653809
1786505262.4789836,48560,19,Loss/l_total,0.07024931907653809
1786505262.4790075,48560,19,LR,5.853065930775302e-05
1786505304.9659545,48580,19,Loss/l_ce,0.07662487030029297
1786505304.9664924,48580,19,Loss/l_total,0.07662487030029297
1786505304.9665172,48580,19,LR,5.853065930775302e-05
1786505359.5535083,48600,19,Loss/l_ce,0.13740324974060059
1786505359.5537019,48600,19,Loss/l_total,0.13740324974060059
1786505359.5537233,48600,19,LR,5.853065930775302e-05
1786505409.2934256,48620,19,Loss/l_ce,0.105194091796875
1786505409.2937047,48620,19,Loss/l_total,0.105194091796875
1786505409.293726,48620,19,LR,5.853065930775302e-05
1786505460.3386695,48640,19,Loss/l_ce,0.0740969181060791
1786505460.3389022,48640,19,Loss/l_total,0.0740969181060791
1786505460.338926,48640,19,LR,5.853065930775302e-05
1786505511.510494,48660,19,Loss/l_ce,0.13331127166748047
1786505511.5107055,48660,19,Loss/l_total,0.13331127166748047
1786505511.5107327,48660,19,LR,5.853065930775302e-05
1786505551.8209455,48680,19,Loss/l_ce,0.08744287490844727
1786505551.8211782,48680,19,Loss/l_total,0.08744287490844727
1786505551.8212006,48680,19,LR,5.853065930775302e-05
1786505587.7296834,48700,19,Loss/l_ce,0.042092323303222656
1786505587.7299328,48700,19,Loss/l_total,0.042092323303222656
1786505587.729954,48700,19,LR,5.853065930775302e-05
1786505605.4895618,48720,19,Loss/l_ce,0.23206353187561035
1786505605.4897423,48720,19,Loss/l_total,0.23206353187561035
1786505605.4897685,48720,19,LR,5.853065930775302e-05
1786505626.2780948,48740,19,Loss/l_ce,1.4355840682983398
1786505626.2782884,48740,19,Loss/l_total,1.4355840682983398
1786505626.2783122,48740,19,LR,5.853065930775302e-05
1786505647.249587,48760,19,Loss/l_ce,0.049825429916381836
1786505647.2497554,48760,19,Loss/l_total,0.049825429916381836
1786505647.2497756,48760,19,LR,5.853065930775302e-05
1786505677.76673,48780,19,Loss/l_ce,0.10744190216064453
1786505677.7669437,48780,19,Loss/l_total,0.10744190216064453
1786505677.76697,48780,19,LR,5.853065930775302e-05
1786505703.7951005,48800,19,Loss/l_ce,0.09312915802001953
1786505703.795289,48800,19,Loss/l_total,0.09312915802001953
1786505703.7953165,48800,19,LR,5.853065930775302e-05
1786505732.1826713,48820,19,Loss/l_ce,0.12205195426940918
1786505732.1828756,48820,19,Loss/l_total,0.12205195426940918
1786505732.1829004,48820,19,LR,5.853065930775302e-05
1786505762.494123,48840,19,Loss/l_ce,0.06464433670043945
1786505762.4943547,48840,19,Loss/l_total,0.06464433670043945
1786505762.4943807,48840,19,LR,5.853065930775302e-05
1786505782.8029163,48860,19,Loss/l_ce,0.09552836418151855
1786505782.8031611,48860,19,Loss/l_total,0.09552836418151855
1786505782.803186,48860,19,LR,5.853065930775302e-05
1786505806.7141743,48880,19,Loss/l_ce,0.10207796096801758
1786505806.7143524,48880,19,Loss/l_total,0.10207796096801758
1786505806.7143762,48880,19,LR,5.853065930775302e-05
1786505833.2836275,48900,19,Loss/l_ce,0.06606674194335938
1786505833.283877,48900,19,Loss/l_total,0.06606674194335938
1786505833.2839124,48900,19,LR,5.853065930775302e-05
1786505862.6693122,48920,19,Loss/l_ce,0.10179448127746582
1786505862.669589,48920,19,Loss/l_total,0.10179448127746582
1786505862.6696138,48920,19,LR,5.853065930775302e-05
1786505881.6437533,48940,19,Loss/l_ce,0.5181005001068115
1786505881.6439753,48940,19,Loss/l_total,0.5181005001068115
1786505881.644201,48940,19,LR,5.853065930775302e-05
1786505902.8892038,48960,19,Loss/l_ce,0.08224034309387207
1786505902.8893569,48960,19,Loss/l_total,0.08224034309387207
1786505902.8893745,48960,19,LR,5.853065930775302e-05
1786505928.5139277,48980,19,Loss/l_ce,0.2330341339111328
1786505928.5141535,48980,19,Loss/l_total,0.2330341339111328
1786505928.5141783,48980,19,LR,5.853065930775302e-05
1786505949.5461514,49000,19,Loss/l_ce,0.08677268028259277
1786505949.5464017,49000,19,Loss/l_total,0.08677268028259277
1786505949.5464246,49000,19,LR,5.853065930775302e-05
1786505976.3514798,49020,19,Loss/l_ce,0.10498738288879395
1786505976.3516982,49020,19,Loss/l_total,0.10498738288879395
1786505976.351722,49020,19,LR,5.853065930775302e-05
1786505997.2161684,49040,19,Loss/l_ce,0.09105491638183594
1786505997.216356,49040,19,Loss/l_total,0.09105491638183594
1786505997.2163773,49040,19,LR,5.853065930775302e-05
1786506017.516808,49060,19,Loss/l_ce,2.25345516204834
1786506017.517017,49060,19,Loss/l_total,2.25345516204834
1786506017.5170834,49060,19,LR,5.853065930775302e-05
1786506036.5588498,49080,19,Loss/l_ce,0.0655367374420166
1786506036.5590136,49080,19,Loss/l_total,0.0655367374420166
1786506036.5590575,49080,19,LR,5.853065930775302e-05
1786506058.5816243,49100,19,Loss/l_ce,0.21931004524230957
1786506058.5818224,49100,19,Loss/l_total,0.21931004524230957
1786506058.5818462,49100,19,LR,5.853065930775302e-05
1786506079.760599,49120,19,Loss/l_ce,0.09602785110473633
1786506079.7607732,49120,19,Loss/l_total,0.09602785110473633
1786506079.760797,49120,19,LR,5.853065930775302e-05
1786506096.8422775,49140,19,Loss/l_ce,0.09023261070251465
1786506096.8424866,49140,19,Loss/l_total,0.09023261070251465
1786506096.8425117,49140,19,LR,5.853065930775302e-05
1786506110.5573485,49160,19,Loss/l_ce,0.09956812858581543
1786506110.5575647,49160,19,Loss/l_total,0.09956812858581543
1786506110.5575895,49160,19,LR,5.853065930775302e-05
1786506125.5715137,49180,19,Loss/l_ce,0.12898945808410645
1786506125.5717485,49180,19,Loss/l_total,0.12898945808410645
1786506125.5717711,49180,19,LR,5.853065930775302e-05
1786506138.9103928,49200,19,Loss/l_ce,0.05693197250366211
1786506138.9106197,49200,19,Loss/l_total,0.05693197250366211
1786506138.9106433,49200,19,LR,5.853065930775302e-05
1786506149.1270146,49220,19,Loss/l_ce,0.07847976684570312
1786506149.1272438,49220,19,Loss/l_total,0.07847976684570312
1786506149.1272676,49220,19,LR,5.853065930775302e-05
1786506165.957624,49240,19,Loss/l_ce,0.11517095565795898
1786506165.9578438,49240,19,Loss/l_total,0.11517095565795898
1786506165.9578676,49240,19,LR,5.853065930775302e-05
1786506180.2979815,49260,19,Loss/l_ce,0.1506204605102539
1786506180.2981915,49260,19,Loss/l_total,0.1506204605102539
1786506180.2982152,49260,19,LR,5.853065930775302e-05
1786506192.5783522,49280,19,Loss/l_ce,0.21973824501037598
1786506192.5788035,49280,19,Loss/l_total,0.21973824501037598
1786506192.5788305,49280,19,LR,5.853065930775302e-05
1786506203.4096508,49300,19,Loss/l_ce,0.08045458793640137
1786506203.4098725,49300,19,Loss/l_total,0.08045458793640137
1786506203.409899,49300,19,LR,5.853065930775302e-05
1786506216.4520097,49320,19,Loss/l_ce,0.18892931938171387
1786506216.4522212,49320,19,Loss/l_total,0.18892931938171387
1786506216.4522448,49320,19,LR,5.853065930775302e-05
1786506225.3209083,49340,19,Loss/l_ce,0.10164904594421387
1786506225.3210993,49340,19,Loss/l_total,0.10164904594421387
1786506225.3211243,49340,19,LR,5.853065930775302e-05
1786506241.578839,49360,19,Loss/l_ce,0.1067657470703125
1786506241.578984,49360,19,Loss/l_total,0.1067657470703125
1786506241.5790052,49360,19,LR,5.853065930775302e-05
1786506267.369884,49380,19,Loss/l_ce,1.6995019912719727
1786506267.372656,49380,19,Loss/l_total,1.6995019912719727
1786506267.3726916,49380,19,LR,5.853065930775302e-05
1786506294.052407,49400,19,Loss/l_ce,0.11696267127990723
1786506294.0526574,49400,19,Loss/l_total,0.11696267127990723
1786506294.0526836,49400,19,LR,5.853065930775302e-05
1786506307.6404748,49420,19,Loss/l_ce,0.06603097915649414
1786506307.6409023,49420,19,Loss/l_total,0.06603097915649414
1786506307.6409237,49420,19,LR,5.853065930775302e-05
1786506319.8745186,49440,19,Loss/l_ce,0.07300424575805664
1786506319.8746977,49440,19,Loss/l_total,0.07300424575805664
1786506319.874718,49440,19,LR,5.853065930775302e-05
1786506341.3049512,49460,19,Loss/l_ce,0.10895228385925293
1786506341.3051603,49460,19,Loss/l_total,0.10895228385925293
1786506341.3051853,49460,19,LR,5.853065930775302e-05
1786506361.9437687,49480,19,Loss/l_ce,0.10120868682861328
1786506361.9439518,49480,19,Loss/l_total,0.10120868682861328
1786506361.943973,49480,19,LR,5.853065930775302e-05
1786506379.4450138,49500,19,Loss/l_ce,0.12858986854553223
1786506379.445219,49500,19,Loss/l_total,0.12858986854553223
1786506379.445243,49500,19,LR,5.853065930775302e-05
1786506401.622839,49520,19,Loss/l_ce,0.08862853050231934
1786506401.623066,49520,19,Loss/l_total,0.08862853050231934
1786506401.623093,49520,19,LR,5.853065930775302e-05
1786506432.379892,49540,19,Loss/l_ce,0.10493898391723633
1786506432.380169,49540,19,Loss/l_total,0.10493898391723633
1786506432.3801937,49540,19,LR,5.853065930775302e-05
1786506456.4842377,49560,19,Loss/l_ce,0.11232423782348633
1786506456.4844856,49560,19,Loss/l_total,0.11232423782348633
1786506456.4845107,49560,19,LR,5.853065930775302e-05
1786506481.1137211,49580,19,Loss/l_ce,0.06580829620361328
1786506481.1139858,49580,19,Loss/l_total,0.06580829620361328
1786506481.1140096,49580,19,LR,5.853065930775302e-05
1786506496.5463831,49600,19,Loss/l_ce,0.06615304946899414
1786506496.5465932,49600,19,Loss/l_total,0.06615304946899414
1786506496.5468674,49600,19,LR,5.853065930775302e-05
1786506519.970451,49620,19,Loss/l_ce,0.06352972984313965
1786506519.970628,49620,19,Loss/l_total,0.06352972984313965
1786506519.9706519,49620,19,LR,5.853065930775302e-05
1786506540.199838,49640,19,Loss/l_ce,0.10036277770996094
1786506540.2000043,49640,19,Loss/l_total,0.10036277770996094
1786506540.200027,49640,19,LR,5.853065930775302e-05
1786506559.2139926,49660,19,Loss/l_ce,0.12781667709350586
1786506559.2142267,49660,19,Loss/l_total,0.12781667709350586
1786506559.2142515,49660,19,LR,5.853065930775302e-05
1786506580.0111501,49680,19,Loss/l_ce,0.11133241653442383
1786506580.011302,49680,19,Loss/l_total,0.11133241653442383
1786506580.0113235,49680,19,LR,5.853065930775302e-05
1786506602.2541606,49700,19,Loss/l_ce,0.09173202514648438
1786506602.254404,49700,19,Loss/l_total,0.09173202514648438
1786506602.2544253,49700,19,LR,5.853065930775302e-05
1786506622.926752,49720,19,Loss/l_ce,0.03657674789428711
1786506622.9269052,49720,19,Loss/l_total,0.03657674789428711
1786506622.926924,49720,19,LR,5.853065930775302e-05
1786506644.9159687,49740,19,Loss/l_ce,0.08106064796447754
1786506644.9161906,49740,19,Loss/l_total,0.08106064796447754
1786506644.916218,49740,19,LR,5.853065930775302e-05
1786506665.9963827,49760,19,Loss/l_ce,0.06136631965637207
1786506665.9965525,49760,19,Loss/l_total,0.06136631965637207
1786506665.9965749,49760,19,LR,5.853065930775302e-05
1786506687.2884192,49780,19,Loss/l_ce,0.16184759140014648
1786506687.2885818,49780,19,Loss/l_total,0.16184759140014648
1786506687.2886045,49780,19,LR,5.853065930775302e-05
1786506704.3379734,49800,19,Loss/l_ce,0.0957326889038086
1786506704.3381822,49800,19,Loss/l_total,0.0957326889038086
1786506704.3382072,49800,19,LR,5.853065930775302e-05
1786506726.0288918,49820,19,Loss/l_ce,0.12650656700134277
1786506726.0291367,49820,19,Loss/l_total,0.12650656700134277
1786506726.0291603,49820,19,LR,5.853065930775302e-05
1786506745.4286108,49840,19,Loss/l_ce,0.09614205360412598
1786506745.4287746,49840,19,Loss/l_total,0.09614205360412598
1786506745.4287996,49840,19,LR,5.853065930775302e-05
1786506775.5099313,49860,19,Loss/l_ce,0.3250906467437744
1786506775.5102625,49860,19,Loss/l_total,0.3250906467437744
1786506775.51029,49860,19,LR,5.853065930775302e-05
1786506798.1367054,49880,19,Loss/l_ce,0.2505490779876709
1786506798.1369488,49880,19,Loss/l_total,0.2505490779876709
1786506798.1372206,49880,19,LR,5.853065930775302e-05
1786506821.8047755,49900,19,Loss/l_ce,0.059476375579833984
1786506821.8049417,49900,19,Loss/l_total,0.059476375579833984
1786506821.804964,49900,19,LR,5.853065930775302e-05
1786506840.8653874,49920,19,Loss/l_ce,0.10063290596008301
1786506840.8655965,49920,19,Loss/l_total,0.10063290596008301
1786506840.8656216,49920,19,LR,5.853065930775302e-05
1786506858.0180793,49940,19,Loss/l_ce,0.22428584098815918
1786506858.0182714,49940,19,Loss/l_total,0.22428584098815918
1786506858.0182953,49940,19,LR,5.853065930775302e-05
1786506875.3275383,49960,19,Loss/l_ce,0.09058713912963867
1786506875.3277626,49960,19,Loss/l_total,0.09058713912963867
1786506875.3277853,49960,19,LR,5.853065930775302e-05
1786506905.231613,49980,19,Loss/l_ce,0.1707897186279297
1786506905.2318006,49980,19,Loss/l_total,0.1707897186279297
1786506905.2318256,49980,19,LR,5.853065930775302e-05
1786506930.1394613,50000,19,Loss/l_ce,0.08742880821228027
1786506930.139617,50000,19,Loss/l_total,0.08742880821228027
1786506930.1396408,50000,19,LR,5.853065930775302e-05
1786506954.3065925,50020,19,Loss/l_ce,0.10925459861755371
1786506954.3067884,50020,19,Loss/l_total,0.10925459861755371
1786506954.3068109,50020,19,LR,5.853065930775302e-05
1786506985.273916,50040,19,Loss/l_ce,0.18853497505187988
1786506985.2741296,50040,19,Loss/l_total,0.18853497505187988
1786506985.2741544,50040,19,LR,5.853065930775302e-05
1786507010.6008165,50060,19,Loss/l_ce,0.10369586944580078
1786507010.6013436,50060,19,Loss/l_total,0.10369586944580078
1786507010.6013744,50060,19,LR,5.853065930775302e-05
1786507031.1548126,50080,19,Loss/l_ce,0.08361482620239258
1786507031.154999,50080,19,Loss/l_total,0.08361482620239258
1786507031.1550193,50080,19,LR,5.853065930775302e-05
1786507048.034819,50100,19,Loss/l_ce,0.07720661163330078
1786507048.0349755,50100,19,Loss/l_total,0.07720661163330078
1786507048.0349958,50100,19,LR,5.853065930775302e-05
1786507061.9960897,50120,19,Loss/l_ce,0.08762788772583008
1786507061.9962556,50120,19,Loss/l_total,0.08762788772583008
1786507061.996289,50120,19,LR,5.853065930775302e-05
1786507081.4896188,50140,19,Loss/l_ce,0.10888934135437012
1786507081.4898038,50140,19,Loss/l_total,0.10888934135437012
1786507081.4898288,50140,19,LR,5.853065930775302e-05
1786507105.886338,50160,19,Loss/l_ce,0.07925701141357422
1786507105.88656,50160,19,Loss/l_total,0.07925701141357422
1786507105.8865826,50160,19,LR,5.853065930775302e-05
1786507119.8717077,50180,19,Loss/l_ce,0.12289929389953613
1786507119.8718774,50180,19,Loss/l_total,0.12289929389953613
1786507119.8718998,50180,19,LR,5.853065930775302e-05
1786507131.8503783,50200,19,Loss/l_ce,0.11841726303100586
1786507131.8505385,50200,19,Loss/l_total,0.11841726303100586
1786507131.8505597,50200,19,LR,5.853065930775302e-05
1786507146.4868379,50220,19,Loss/l_ce,0.08278679847717285
1786507146.4870038,50220,19,Loss/l_total,0.08278679847717285
1786507146.4870265,50220,19,LR,5.853065930775302e-05
1786507159.2509847,50240,19,Loss/l_ce,0.08294820785522461
1786507159.251171,50240,19,Loss/l_total,0.08294820785522461
1786507159.2511961,50240,19,LR,5.853065930775302e-05
1786507167.92969,50260,19,Loss/l_ce,0.1467609405517578
1786507167.92985,50260,19,Loss/l_total,0.1467609405517578
1786507167.929874,50260,19,LR,5.853065930775302e-05
1786507180.5178368,50280,19,Loss/l_ce,0.267932653427124
1786507180.5179994,50280,19,Loss/l_total,0.267932653427124
1786507180.5180209,50280,19,LR,5.853065930775302e-05
1786507193.6682959,50300,19,Loss/l_ce,0.38678765296936035
1786507193.66846,50300,19,Loss/l_total,0.38678765296936035
1786507193.6686687,50300,19,LR,5.853065930775302e-05
1786507205.70946,50320,19,Loss/l_ce,0.13909530639648438
1786507205.7096322,50320,19,Loss/l_total,0.13909530639648438
1786507205.709656,50320,19,LR,5.853065930775302e-05
1786507218.5672197,50340,19,Loss/l_ce,0.09925198554992676
1786507218.5674179,50340,19,Loss/l_total,0.09925198554992676
1786507218.5674417,50340,19,LR,5.853065930775302e-05
1786507227.839173,50360,19,Loss/l_ce,0.12074661254882812
1786507227.8394012,50360,19,Loss/l_total,0.12074661254882812
1786507227.8394248,50360,19,LR,5.853065930775302e-05
1786507239.2742355,50380,19,Loss/l_ce,0.07884407043457031
1786507239.2744753,50380,19,Loss/l_total,0.07884407043457031
1786507239.2744977,50380,19,LR,5.853065930775302e-05
1786507255.743213,50400,19,Loss/l_ce,0.12613940238952637
1786507255.7434764,50400,19,Loss/l_total,0.12613940238952637
1786507255.7435026,50400,19,LR,5.853065930775302e-05
1786507275.360668,50420,19,Loss/l_ce,0.0668182373046875
1786507275.3608992,50420,19,Loss/l_total,0.0668182373046875
1786507275.3609245,50420,19,LR,5.853065930775302e-05
1786507302.290945,50440,19,Loss/l_ce,0.09819936752319336
1786507302.29121,50440,19,Loss/l_total,0.09819936752319336
1786507302.2912335,50440,19,LR,5.853065930775302e-05
1786507320.504843,50460,19,Loss/l_ce,0.4329397678375244
1786507320.505102,50460,19,Loss/l_total,0.4329397678375244
1786507320.5051255,50460,19,LR,5.853065930775302e-05
1786507342.5654356,50480,19,Loss/l_ce,0.08958649635314941
1786507342.56559,50480,19,Loss/l_total,0.08958649635314941
1786507342.565609,50480,19,LR,5.853065930775302e-05
1786507366.377651,50500,19,Loss/l_ce,0.07173490524291992
1786507366.3778384,50500,19,Loss/l_total,0.07173490524291992
1786507366.3778598,50500,19,LR,5.853065930775302e-05
1786507389.6216354,50520,19,Loss/l_ce,0.06692957878112793
1786507389.6218536,50520,19,Loss/l_total,0.06692957878112793
1786507389.6218774,50520,19,LR,5.853065930775302e-05
1786507411.4748335,50540,19,Loss/l_ce,0.0989985466003418
1786507411.474971,50540,19,Loss/l_total,0.0989985466003418
1786507411.4749901,50540,19,LR,5.853065930775302e-05
1786507433.9629076,50560,19,Loss/l_ce,0.09729766845703125
1786507433.9630892,50560,19,Loss/l_total,0.09729766845703125
1786507433.9631119,50560,19,LR,5.853065930775302e-05
1786507453.5565505,50580,19,Loss/l_ce,0.15054845809936523
1786507453.557157,50580,19,Loss/l_total,0.15054845809936523
1786507453.5571845,50580,19,LR,5.853065930775302e-05
1786507477.7163887,50600,19,Loss/l_ce,0.2861604690551758
1786507477.7165465,50600,19,Loss/l_total,0.2861604690551758
1786507477.7165678,50600,19,LR,5.853065930775302e-05
1786507503.283442,50620,19,Loss/l_ce,0.15613079071044922
1786507503.2836022,50620,19,Loss/l_total,0.15613079071044922
1786507503.283626,50620,19,LR,5.853065930775302e-05
1786507518.2534564,50640,19,Loss/l_ce,0.08862543106079102
1786507518.2536356,50640,19,Loss/l_total,0.08862543106079102
1786507518.253657,50640,19,LR,5.853065930775302e-05
1786507547.3965623,50660,19,Loss/l_ce,0.038185834884643555
1786507547.396762,50660,19,Loss/l_total,0.038185834884643555
1786507547.3967822,50660,19,LR,5.853065930775302e-05
1786507564.2707152,50680,19,Loss/l_ce,0.0610501766204834
1786507564.2708776,50680,19,Loss/l_total,0.0610501766204834
1786507564.2709029,50680,19,LR,5.853065930775302e-05
1786507578.5979853,50700,19,Loss/l_ce,0.0845346450805664
1786507578.5981622,50700,19,Loss/l_total,0.0845346450805664
1786507578.5981872,50700,19,LR,5.853065930775302e-05
1786507595.0832367,50720,19,Loss/l_ce,0.04179096221923828
1786507595.0834076,50720,19,Loss/l_total,0.04179096221923828
1786507595.08343,50720,19,LR,5.853065930775302e-05
1786507620.9972336,50740,19,Loss/l_ce,0.10016059875488281
1786507620.997444,50740,19,Loss/l_total,0.10016059875488281
1786507620.9974678,50740,19,LR,5.853065930775302e-05
1786507644.5578375,50760,19,Loss/l_ce,0.07947230339050293
1786507644.5580037,50760,19,Loss/l_total,0.07947230339050293
1786507644.558024,50760,19,LR,5.853065930775302e-05
1786507669.7019567,50780,19,Loss/l_ce,0.10612607002258301
1786507669.7022786,50780,19,Loss/l_total,0.10612607002258301
1786507669.7023084,50780,19,LR,5.853065930775302e-05
1786507690.078353,50800,19,Loss/l_ce,0.0785219669342041
1786507690.078601,50800,19,Loss/l_total,0.0785219669342041
1786507690.078627,50800,19,LR,5.853065930775302e-05
1786507711.764095,50820,19,Loss/l_ce,0.12030696868896484
1786507711.7643313,50820,19,Loss/l_total,0.12030696868896484
1786507711.7643552,50820,19,LR,5.853065930775302e-05
1786507732.0877383,50840,19,Loss/l_ce,0.06350016593933105
1786507732.0879164,50840,19,Loss/l_total,0.06350016593933105
1786507732.0879388,50840,19,LR,5.853065930775302e-05
1786507751.397182,50860,19,Loss/l_ce,0.07964253425598145
1786507751.3973563,50860,19,Loss/l_total,0.07964253425598145
1786507751.397379,50860,19,LR,5.853065930775302e-05
1786507775.9184065,50880,19,Loss/l_ce,0.08074235916137695
1786507775.9186485,50880,19,Loss/l_total,0.08074235916137695
1786507775.918677,50880,19,LR,5.853065930775302e-05
1786507804.977464,50900,19,Loss/l_ce,0.07518482208251953
1786507804.9776351,50900,19,Loss/l_total,0.07518482208251953
1786507804.9776554,50900,19,LR,5.853065930775302e-05
1786507818.8338573,50920,19,Loss/l_ce,0.12152528762817383
1786507818.834045,50920,19,Loss/l_total,0.12152528762817383
1786507818.834071,50920,19,LR,5.853065930775302e-05
1786507839.1231403,50940,19,Loss/l_ce,0.11219120025634766
1786507839.1233456,50940,19,Loss/l_total,0.11219120025634766
1786507839.1233718,50940,19,LR,5.853065930775302e-05
1786507861.0683973,50960,19,Loss/l_ce,0.07572174072265625
1786507861.0685527,50960,19,Loss/l_total,0.07572174072265625
1786507861.0685751,50960,19,LR,5.853065930775302e-05
1786507887.6911433,50980,19,Loss/l_ce,0.1305253505706787
1786507887.6912987,50980,19,Loss/l_total,0.1305253505706787
1786507887.6913226,50980,19,LR,5.853065930775302e-05
1786507905.6029866,51000,19,Loss/l_ce,0.16540288925170898
1786507905.6031945,51000,19,Loss/l_total,0.16540288925170898
1786507905.6032214,51000,19,LR,5.853065930775302e-05
1786508065.3697963,51000,19,Val/avg_error,0.009681807830929756
1786508065.3701763,51000,19,Val/acc,0.862939453125
1786508065.3702023,51000,19,Val/sparse_auc,0.9289609966856062
1786508065.3702214,51000,19,Val/sparse_pck_max,0.1
1786508065.3702402,51000,19,Val/sparse_pck_n,100.0
1786508078.8526125,51020,20,Loss/l_ce,0.1074223518371582
1786508078.8528407,51020,20,Loss/l_total,0.1074223518371582
1786508078.8528633,51020,20,LR,5.4999999999999995e-05
1786508086.8884137,51040,20,Loss/l_ce,0.09651517868041992
1786508086.8886168,51040,20,Loss/l_total,0.09651517868041992
1786508086.8886404,51040,20,LR,5.4999999999999995e-05
1786508095.0074584,51060,20,Loss/l_ce,0.11108112335205078
1786508095.0076368,51060,20,Loss/l_total,0.11108112335205078
1786508095.0076592,51060,20,LR,5.4999999999999995e-05
1786508103.0681725,51080,20,Loss/l_ce,0.06958532333374023
1786508103.0683281,51080,20,Loss/l_total,0.06958532333374023
1786508103.068352,51080,20,LR,5.4999999999999995e-05
1786508115.1647985,51100,20,Loss/l_ce,0.11841392517089844
1786508115.1650171,51100,20,Loss/l_total,0.11841392517089844
1786508115.1650562,51100,20,LR,5.4999999999999995e-05
1786508128.9330754,51120,20,Loss/l_ce,0.1122589111328125
1786508128.9332726,51120,20,Loss/l_total,0.1122589111328125
1786508128.9332964,51120,20,LR,5.4999999999999995e-05
1786508141.7543824,51140,20,Loss/l_ce,0.08149099349975586
1786508141.7545462,51140,20,Loss/l_total,0.08149099349975586
1786508141.7545736,51140,20,LR,5.4999999999999995e-05
1786508150.5105376,51160,20,Loss/l_ce,0.07756471633911133
1786508150.5106885,51160,20,Loss/l_total,0.07756471633911133
1786508150.5107088,51160,20,LR,5.4999999999999995e-05
1786508164.833324,51180,20,Loss/l_ce,0.07094001770019531
1786508164.833488,51180,20,Loss/l_total,0.07094001770019531
1786508164.8335104,51180,20,LR,5.4999999999999995e-05
1786508178.2304816,51200,20,Loss/l_ce,0.2987360954284668
1786508178.2306728,51200,20,Loss/l_total,0.2987360954284668
1786508178.2306976,51200,20,LR,5.4999999999999995e-05
1786508194.7469604,51220,20,Loss/l_ce,0.08460712432861328
1786508194.7471895,51220,20,Loss/l_total,0.08460712432861328
1786508194.747219,51220,20,LR,5.4999999999999995e-05
1786508219.134493,51240,20,Loss/l_ce,0.07137012481689453
1786508219.1347618,51240,20,Loss/l_total,0.07137012481689453
1786508219.134783,51240,20,LR,5.4999999999999995e-05
1786508240.4046762,51260,20,Loss/l_ce,0.10968565940856934
1786508240.4051487,51260,20,Loss/l_total,0.10968565940856934
1786508240.4052067,51260,20,LR,5.4999999999999995e-05
1786508256.0256217,51280,20,Loss/l_ce,0.12650752067565918
1786508256.025838,51280,20,Loss/l_total,0.12650752067565918
1786508256.025863,51280,20,LR,5.4999999999999995e-05
1786508279.1052902,51300,20,Loss/l_ce,0.07050490379333496
1786508279.1056511,51300,20,Loss/l_total,0.07050490379333496
1786508279.105681,51300,20,LR,5.4999999999999995e-05
1786508303.0327454,51320,20,Loss/l_ce,0.12403011322021484
1786508303.0331123,51320,20,Loss/l_total,0.12403011322021484
1786508303.033141,51320,20,LR,5.4999999999999995e-05
1786508330.4598987,51340,20,Loss/l_ce,0.12808680534362793
1786508330.4602525,51340,20,Loss/l_total,0.12808680534362793
1786508330.4602795,51340,20,LR,5.4999999999999995e-05
1786508353.514477,51360,20,Loss/l_ce,0.1088552474975586
1786508353.5147774,51360,20,Loss/l_total,0.1088552474975586
1786508353.514807,51360,20,LR,5.4999999999999995e-05
1786508370.2301247,51380,20,Loss/l_ce,0.15685033798217773
1786508370.2303052,51380,20,Loss/l_total,0.15685033798217773
1786508370.2303314,51380,20,LR,5.4999999999999995e-05
1786508394.0178056,51400,20,Loss/l_ce,0.09987354278564453
1786508394.0180788,51400,20,Loss/l_total,0.09987354278564453
1786508394.0181062,51400,20,LR,5.4999999999999995e-05
1786508413.198081,51420,20,Loss/l_ce,0.12356972694396973
1786508413.1982734,51420,20,Loss/l_total,0.12356972694396973
1786508413.1982985,51420,20,LR,5.4999999999999995e-05
1786508427.3947928,51440,20,Loss/l_ce,0.08131957054138184
1786508427.3949876,51440,20,Loss/l_total,0.08131957054138184
1786508427.3950124,51440,20,LR,5.4999999999999995e-05
1786508452.6257935,51460,20,Loss/l_ce,0.05901217460632324
1786508452.6259978,51460,20,Loss/l_total,0.05901217460632324
1786508452.6260216,51460,20,LR,5.4999999999999995e-05
1786508477.7394252,51480,20,Loss/l_ce,0.0908055305480957
1786508477.7396498,51480,20,Loss/l_total,0.0908055305480957
1786508477.73967,51480,20,LR,5.4999999999999995e-05
1786508510.1623385,51500,20,Loss/l_ce,0.07990789413452148
1786508510.1625903,51500,20,Loss/l_total,0.07990789413452148
1786508510.1626198,51500,20,LR,5.4999999999999995e-05
1786508522.9821143,51520,20,Loss/l_ce,0.08268523216247559
1786508522.9822772,51520,20,Loss/l_total,0.08268523216247559
1786508522.9823031,51520,20,LR,5.4999999999999995e-05
1786508546.6977062,51540,20,Loss/l_ce,0.11421918869018555
1786508546.6978724,51540,20,Loss/l_total,0.11421918869018555
1786508546.6981075,51540,20,LR,5.4999999999999995e-05
1786508567.4470584,51560,20,Loss/l_ce,0.15439510345458984
1786508567.4472163,51560,20,Loss/l_total,0.15439510345458984
1786508567.4472415,51560,20,LR,5.4999999999999995e-05
1786508591.0180209,51580,20,Loss/l_ce,0.11533474922180176
1786508591.0182297,51580,20,Loss/l_total,0.11533474922180176
1786508591.0182524,51580,20,LR,5.4999999999999995e-05
1786508614.4354835,51600,20,Loss/l_ce,0.1168363094329834
1786508614.435652,51600,20,Loss/l_total,0.1168363094329834
1786508614.4356732,51600,20,LR,5.4999999999999995e-05
1786508634.0271628,51620,20,Loss/l_ce,0.07518887519836426
1786508634.0273802,51620,20,Loss/l_total,0.07518887519836426
1786508634.027405,51620,20,LR,5.4999999999999995e-05
1786508664.5580587,51640,20,Loss/l_ce,0.1031959056854248
1786508664.558282,51640,20,Loss/l_total,0.1031959056854248
1786508664.5583305,51640,20,LR,5.4999999999999995e-05
1786508685.1269157,51660,20,Loss/l_ce,0.08083486557006836
1786508685.127109,51660,20,Loss/l_total,0.08083486557006836
1786508685.1271338,51660,20,LR,5.4999999999999995e-05
1786508705.5182111,51680,20,Loss/l_ce,0.057700157165527344
1786508705.5183618,51680,20,Loss/l_total,0.057700157165527344
1786508705.5183856,51680,20,LR,5.4999999999999995e-05
1786508721.565689,51700,20,Loss/l_ce,0.11342382431030273
1786508721.5659077,51700,20,Loss/l_total,0.11342382431030273
1786508721.5659375,51700,20,LR,5.4999999999999995e-05
1786508743.4182835,51720,20,Loss/l_ce,0.0803065299987793
1786508743.4184582,51720,20,Loss/l_total,0.0803065299987793
1786508743.4184794,51720,20,LR,5.4999999999999995e-05
1786508773.1404078,51740,20,Loss/l_ce,0.09438800811767578
1786508773.1406796,51740,20,Loss/l_total,0.09438800811767578
1786508773.1407013,51740,20,LR,5.4999999999999995e-05
1786508796.6759458,51760,20,Loss/l_ce,0.1132516860961914
1786508796.6761131,51760,20,Loss/l_total,0.1132516860961914
1786508796.6761334,51760,20,LR,5.4999999999999995e-05
1786508821.0353382,51780,20,Loss/l_ce,0.08245491981506348
1786508821.0355043,51780,20,Loss/l_total,0.08245491981506348
1786508821.0355256,51780,20,LR,5.4999999999999995e-05
1786508840.9977615,51800,20,Loss/l_ce,0.11560964584350586
1786508840.9982889,51800,20,Loss/l_total,0.11560964584350586
1786508840.9989038,51800,20,LR,5.4999999999999995e-05
1786508865.405223,51820,20,Loss/l_ce,0.11302685737609863
1786508865.4053857,51820,20,Loss/l_total,0.11302685737609863
1786508865.4054105,51820,20,LR,5.4999999999999995e-05
1786508887.5515473,51840,20,Loss/l_ce,2.3174350261688232
1786508887.5518274,51840,20,Loss/l_total,2.3174350261688232
1786508887.5518537,51840,20,LR,5.4999999999999995e-05
1786508912.4714234,51860,20,Loss/l_ce,0.07451057434082031
1786508912.471592,51860,20,Loss/l_total,0.07451057434082031
1786508912.4716108,51860,20,LR,5.4999999999999995e-05
1786508935.3551376,51880,20,Loss/l_ce,0.13237500190734863
1786508935.3553524,51880,20,Loss/l_total,0.13237500190734863
1786508935.3553774,51880,20,LR,5.4999999999999995e-05
1786508960.50117,51900,20,Loss/l_ce,0.10149312019348145
1786508960.5013433,51900,20,Loss/l_total,0.10149312019348145
1786508960.5013657,51900,20,LR,5.4999999999999995e-05
1786508985.715865,51920,20,Loss/l_ce,0.09700345993041992
1786508985.7160976,51920,20,Loss/l_total,0.09700345993041992
1786508985.7161272,51920,20,LR,5.4999999999999995e-05
1786509011.9436753,51940,20,Loss/l_ce,0.050728797912597656
1786509011.9438617,51940,20,Loss/l_total,0.050728797912597656
1786509011.9438891,51940,20,LR,5.4999999999999995e-05
1786509025.6827714,51960,20,Loss/l_ce,0.13232421875
1786509025.6829412,51960,20,Loss/l_total,0.13232421875
1786509025.682965,51960,20,LR,5.4999999999999995e-05
1786509053.808278,51980,20,Loss/l_ce,0.11964535713195801
1786509053.8085651,51980,20,Loss/l_total,0.11964535713195801
1786509053.8085914,51980,20,LR,5.4999999999999995e-05
1786509072.6052659,52000,20,Loss/l_ce,0.08303236961364746
1786509072.605729,52000,20,Loss/l_total,0.08303236961364746
1786509072.6057565,52000,20,LR,5.4999999999999995e-05
1786509087.9601521,52020,20,Loss/l_ce,0.08562111854553223
1786509087.960437,52020,20,Loss/l_total,0.08562111854553223
1786509087.960463,52020,20,LR,5.4999999999999995e-05
1786509099.5006046,52040,20,Loss/l_ce,0.08994579315185547
1786509099.5008042,52040,20,Loss/l_total,0.08994579315185547
1786509099.5008311,52040,20,LR,5.4999999999999995e-05
1786509113.3832767,52060,20,Loss/l_ce,0.07014894485473633
1786509113.3836296,52060,20,Loss/l_total,0.07014894485473633
1786509113.3836544,52060,20,LR,5.4999999999999995e-05
1786509122.105691,52080,20,Loss/l_ce,0.2103893756866455
1786509122.1058629,52080,20,Loss/l_total,0.2103893756866455
1786509122.1058867,52080,20,LR,5.4999999999999995e-05
1786509133.6415994,52100,20,Loss/l_ce,0.12093782424926758
1786509133.6417632,52100,20,Loss/l_total,0.12093782424926758
1786509133.6417859,52100,20,LR,5.4999999999999995e-05
1786509145.127872,52120,20,Loss/l_ce,0.11271357536315918
1786509145.1280835,52120,20,Loss/l_total,0.11271357536315918
1786509145.1281106,52120,20,LR,5.4999999999999995e-05
1786509157.0505831,52140,20,Loss/l_ce,0.3032987117767334
1786509157.0508337,52140,20,Loss/l_total,0.3032987117767334
1786509157.0508575,52140,20,LR,5.4999999999999995e-05
1786509167.9696615,52160,20,Loss/l_ce,0.06213545799255371
1786509167.970058,52160,20,Loss/l_total,0.06213545799255371
1786509167.9703226,52160,20,LR,5.4999999999999995e-05
1786509177.6693997,52180,20,Loss/l_ce,0.4729440212249756
1786509177.66956,52180,20,Loss/l_total,0.4729440212249756
1786509177.6695828,52180,20,LR,5.4999999999999995e-05
1786509191.577941,52200,20,Loss/l_ce,0.12094426155090332
1786509191.5781665,52200,20,Loss/l_total,0.12094426155090332
1786509191.58111,52200,20,LR,5.4999999999999995e-05
1786509205.0780082,52220,20,Loss/l_ce,2.166199207305908
1786509205.0781932,52220,20,Loss/l_total,2.166199207305908
1786509205.0782182,52220,20,LR,5.4999999999999995e-05
1786509225.4647,52240,20,Loss/l_ce,0.18651461601257324
1786509225.464941,52240,20,Loss/l_total,0.18651461601257324
1786509225.4649694,52240,20,LR,5.4999999999999995e-05
1786509241.7629838,52260,20,Loss/l_ce,0.10028672218322754
1786509241.763182,52260,20,Loss/l_total,0.10028672218322754
1786509241.7632034,52260,20,LR,5.4999999999999995e-05
1786509259.644142,52280,20,Loss/l_ce,0.1018221378326416
1786509259.6443498,52280,20,Loss/l_total,0.1018221378326416
1786509259.6443768,52280,20,LR,5.4999999999999995e-05
1786509283.099544,52300,20,Loss/l_ce,0.12300634384155273
1786509283.0997314,52300,20,Loss/l_total,0.12300634384155273
1786509283.099754,52300,20,LR,5.4999999999999995e-05
1786509304.5290956,52320,20,Loss/l_ce,0.08872056007385254
1786509304.5292702,52320,20,Loss/l_total,0.08872056007385254
1786509304.5292892,52320,20,LR,5.4999999999999995e-05
1786509332.6077416,52340,20,Loss/l_ce,0.1084904670715332
1786509332.6081097,52340,20,Loss/l_total,0.1084904670715332
1786509332.608136,52340,20,LR,5.4999999999999995e-05
1786509348.513587,52360,20,Loss/l_ce,2.7318410873413086
1786509348.5137544,52360,20,Loss/l_total,2.7318410873413086
1786509348.5137792,52360,20,LR,5.4999999999999995e-05
1786509369.4843755,52380,20,Loss/l_ce,0.2103745937347412
1786509369.4846532,52380,20,Loss/l_total,0.2103745937347412
1786509369.4846795,52380,20,LR,5.4999999999999995e-05
1786509396.3988626,52400,20,Loss/l_ce,0.10734820365905762
1786509396.3990204,52400,20,Loss/l_total,0.10734820365905762
1786509396.3990633,52400,20,LR,5.4999999999999995e-05
1786509422.2021492,52420,20,Loss/l_ce,0.10316634178161621
1786509422.2023675,52420,20,Loss/l_total,0.10316634178161621
1786509422.2023914,52420,20,LR,5.4999999999999995e-05
1786509442.5320015,52440,20,Loss/l_ce,0.09036111831665039
1786509442.532194,52440,20,Loss/l_total,0.09036111831665039
1786509442.5322163,52440,20,LR,5.4999999999999995e-05
1786509468.9631982,52460,20,Loss/l_ce,0.1764986515045166
1786509468.9634,52460,20,Loss/l_total,0.1764986515045166
1786509468.9634213,52460,20,LR,5.4999999999999995e-05
1786509480.8692765,52480,20,Loss/l_ce,0.10787820816040039
1786509480.8695304,52480,20,Loss/l_total,0.10787820816040039
1786509480.86956,52480,20,LR,5.4999999999999995e-05
1786509498.2341928,52500,20,Loss/l_ce,0.10931539535522461
1786509498.2343948,52500,20,Loss/l_total,0.10931539535522461
1786509498.2344222,52500,20,LR,5.4999999999999995e-05
1786509520.5919306,52520,20,Loss/l_ce,0.1201639175415039
1786509520.5921645,52520,20,Loss/l_total,0.1201639175415039
1786509520.5921896,52520,20,LR,5.4999999999999995e-05
1786509537.9174707,52540,20,Loss/l_ce,0.08102798461914062
1786509537.9177084,52540,20,Loss/l_total,0.08102798461914062
1786509537.9177368,52540,20,LR,5.4999999999999995e-05
1786509566.5445566,52560,20,Loss/l_ce,0.0934908390045166
1786509566.5447025,52560,20,Loss/l_total,0.0934908390045166
1786509566.544724,52560,20,LR,5.4999999999999995e-05
1786509594.4868128,52580,20,Loss/l_ce,0.07765769958496094
1786509594.4869885,52580,20,Loss/l_total,0.07765769958496094
1786509594.4870088,52580,20,LR,5.4999999999999995e-05
1786509624.6922388,52600,20,Loss/l_ce,0.06400871276855469
1786509624.6924276,52600,20,Loss/l_total,0.06400871276855469
1786509624.69245,52600,20,LR,5.4999999999999995e-05
1786509647.3479073,52620,20,Loss/l_ce,0.09194803237915039
1786509647.348109,52620,20,Loss/l_total,0.09194803237915039
1786509647.3481352,52620,20,LR,5.4999999999999995e-05
1786509676.1249201,52640,20,Loss/l_ce,0.08412456512451172
1786509676.1251209,52640,20,Loss/l_total,0.08412456512451172
1786509676.1251469,52640,20,LR,5.4999999999999995e-05
1786509691.8664634,52660,20,Loss/l_ce,0.08974575996398926
1786509691.86662,52660,20,Loss/l_total,0.08974575996398926
1786509691.8666403,52660,20,LR,5.4999999999999995e-05
1786509710.1966228,52680,20,Loss/l_ce,0.09487056732177734
1786509710.1968672,52680,20,Loss/l_total,0.09487056732177734
1786509710.196891,52680,20,LR,5.4999999999999995e-05
1786509726.4854758,52700,20,Loss/l_ce,0.12969112396240234
1786509726.4856668,52700,20,Loss/l_total,0.12969112396240234
1786509726.4856894,52700,20,LR,5.4999999999999995e-05
1786509747.6398833,52720,20,Loss/l_ce,0.06393551826477051
1786509747.6401124,52720,20,Loss/l_total,0.06393551826477051
1786509747.6401398,52720,20,LR,5.4999999999999995e-05
1786509766.7275972,52740,20,Loss/l_ce,0.4097578525543213
1786509766.7279632,52740,20,Loss/l_total,0.4097578525543213
1786509766.727988,52740,20,LR,5.4999999999999995e-05
1786509794.4454865,52760,20,Loss/l_ce,0.07130026817321777
1786509794.445685,52760,20,Loss/l_total,0.07130026817321777
1786509794.4457061,52760,20,LR,5.4999999999999995e-05
1786509815.988518,52780,20,Loss/l_ce,0.11284637451171875
1786509815.9886863,52780,20,Loss/l_total,0.11284637451171875
1786509815.9887125,52780,20,LR,5.4999999999999995e-05
1786509838.9467344,52800,20,Loss/l_ce,0.10129499435424805
1786509838.9468958,52800,20,Loss/l_total,0.10129499435424805
1786509838.9469173,52800,20,LR,5.4999999999999995e-05
1786509861.8334105,52820,20,Loss/l_ce,0.11179041862487793
1786509861.8336086,52820,20,Loss/l_total,0.11179041862487793
1786509861.8336313,52820,20,LR,5.4999999999999995e-05
1786509883.852227,52840,20,Loss/l_ce,0.09931612014770508
1786509883.8524184,52840,20,Loss/l_total,0.09931612014770508
1786509883.8524432,52840,20,LR,5.4999999999999995e-05
1786509906.0302246,52860,20,Loss/l_ce,0.12563848495483398
1786509906.0304015,52860,20,Loss/l_total,0.12563848495483398
1786509906.0304286,52860,20,LR,5.4999999999999995e-05
1786509929.5209606,52880,20,Loss/l_ce,0.09447813034057617
1786509929.521357,52880,20,Loss/l_total,0.09447813034057617
1786509929.5213819,52880,20,LR,5.4999999999999995e-05
1786509951.7863455,52900,20,Loss/l_ce,0.12069988250732422
1786509951.786603,52900,20,Loss/l_total,0.12069988250732422
1786509951.7866244,52900,20,LR,5.4999999999999995e-05
1786509969.7660098,52920,20,Loss/l_ce,0.12691402435302734
1786509969.7661867,52920,20,Loss/l_total,0.12691402435302734
1786509969.7662096,52920,20,LR,5.4999999999999995e-05
1786509990.901518,52940,20,Loss/l_ce,0.07221221923828125
1786509990.9017258,52940,20,Loss/l_total,0.07221221923828125
1786509990.9017482,52940,20,LR,5.4999999999999995e-05
1786510004.798908,52960,20,Loss/l_ce,0.10692763328552246
1786510004.7990978,52960,20,Loss/l_total,0.10692763328552246
1786510004.799124,52960,20,LR,5.4999999999999995e-05
1786510023.1219018,52980,20,Loss/l_ce,0.08185529708862305
1786510023.1223662,52980,20,Loss/l_total,0.08185529708862305
1786510023.122397,52980,20,LR,5.4999999999999995e-05
1786510045.446926,53000,20,Loss/l_ce,0.1175079345703125
1786510045.4471135,53000,20,Loss/l_total,0.1175079345703125
1786510045.4471385,53000,20,LR,5.4999999999999995e-05
1786510066.5213263,53020,20,Loss/l_ce,0.10090041160583496
1786510066.521534,53020,20,Loss/l_total,0.10090041160583496
1786510066.5215578,53020,20,LR,5.4999999999999995e-05
1786510076.833077,53040,20,Loss/l_ce,0.08974313735961914
1786510076.8332314,53040,20,Loss/l_total,0.08974313735961914
1786510076.8332539,53040,20,LR,5.4999999999999995e-05
1786510089.2809021,53060,20,Loss/l_ce,0.07678675651550293
1786510089.281123,53060,20,Loss/l_total,0.07678675651550293
1786510089.2811465,53060,20,LR,5.4999999999999995e-05
1786510102.951561,53080,20,Loss/l_ce,0.05913424491882324
1786510102.9517546,53080,20,Loss/l_total,0.05913424491882324
1786510102.9517796,53080,20,LR,5.4999999999999995e-05
1786510120.9821084,53100,20,Loss/l_ce,0.11225032806396484
1786510120.9824717,53100,20,Loss/l_total,0.11225032806396484
1786510120.9825048,53100,20,LR,5.4999999999999995e-05
1786510134.6167686,53120,20,Loss/l_ce,0.09801387786865234
1786510134.6169608,53120,20,Loss/l_total,0.09801387786865234
1786510134.6169891,53120,20,LR,5.4999999999999995e-05
1786510147.6204538,53140,20,Loss/l_ce,0.10756063461303711
1786510147.6206698,53140,20,Loss/l_total,0.10756063461303711
1786510147.620715,53140,20,LR,5.4999999999999995e-05
1786510160.5068295,53160,20,Loss/l_ce,0.10531759262084961
1786510160.5070136,53160,20,Loss/l_total,0.10531759262084961
1786510160.5070574,53160,20,LR,5.4999999999999995e-05
1786510171.9985018,53180,20,Loss/l_ce,0.13265419006347656
1786510171.9987202,53180,20,Loss/l_total,0.13265419006347656
1786510171.998744,53180,20,LR,5.4999999999999995e-05
1786510184.7246306,53200,20,Loss/l_ce,0.131788969039917
1786510184.7248204,53200,20,Loss/l_total,0.131788969039917
1786510184.724844,53200,20,LR,5.4999999999999995e-05
1786510195.2625554,53220,20,Loss/l_ce,0.13329172134399414
1786510195.2627597,53220,20,Loss/l_total,0.13329172134399414
1786510195.262782,53220,20,LR,5.4999999999999995e-05
1786510202.8619418,53240,20,Loss/l_ce,0.10882878303527832
1786510202.8623931,53240,20,Loss/l_total,0.10882878303527832
1786510202.8624191,53240,20,LR,5.4999999999999995e-05
1786510213.3181167,53260,20,Loss/l_ce,0.07391643524169922
1786510213.3182983,53260,20,Loss/l_total,0.07391643524169922
1786510213.318321,53260,20,LR,5.4999999999999995e-05
1786510240.50039,53280,20,Loss/l_ce,0.08510613441467285
1786510240.5005374,53280,20,Loss/l_total,0.08510613441467285
1786510240.5005577,53280,20,LR,5.4999999999999995e-05
1786510266.0152714,53300,20,Loss/l_ce,0.0784597396850586
1786510266.0154448,53300,20,Loss/l_total,0.0784597396850586
1786510266.0154696,53300,20,LR,5.4999999999999995e-05
1786510293.1236498,53320,20,Loss/l_ce,2.360403537750244
1786510293.1238172,53320,20,Loss/l_total,2.360403537750244
1786510293.123841,53320,20,LR,5.4999999999999995e-05
1786510316.9411821,53340,20,Loss/l_ce,0.05930185317993164
1786510316.9413745,53340,20,Loss/l_total,0.05930185317993164
1786510316.9413958,53340,20,LR,5.4999999999999995e-05
1786510342.075709,53360,20,Loss/l_ce,0.12582182884216309
1786510342.0758789,53360,20,Loss/l_total,0.12582182884216309
1786510342.0759015,53360,20,LR,5.4999999999999995e-05
1786510357.8924155,53380,20,Loss/l_ce,0.09103655815124512
1786510357.8925734,53380,20,Loss/l_total,0.09103655815124512
1786510357.892595,53380,20,LR,5.4999999999999995e-05
1786510380.0214953,53400,20,Loss/l_ce,0.17400527000427246
1786510380.0217874,53400,20,Loss/l_total,0.17400527000427246
1786510380.021811,53400,20,LR,5.4999999999999995e-05
1786510403.8815043,53420,20,Loss/l_ce,0.3849339485168457
1786510403.8816478,53420,20,Loss/l_total,0.3849339485168457
1786510403.881668,53420,20,LR,5.4999999999999995e-05
1786510422.0189486,53440,20,Loss/l_ce,0.10570335388183594
1786510422.019166,53440,20,Loss/l_total,0.10570335388183594
1786510422.0191908,53440,20,LR,5.4999999999999995e-05
1786510444.2481654,53460,20,Loss/l_ce,0.0913538932800293
1786510444.2483447,53460,20,Loss/l_total,0.0913538932800293
1786510444.2483757,53460,20,LR,5.4999999999999995e-05
1786510469.2553139,53480,20,Loss/l_ce,2.090355157852173
1786510469.2554908,53480,20,Loss/l_total,2.090355157852173
1786510469.2555122,53480,20,LR,5.4999999999999995e-05
1786510493.0770686,53500,20,Loss/l_ce,0.10678672790527344
1786510493.077351,53500,20,Loss/l_total,0.10678672790527344
1786510493.077376,53500,20,LR,5.4999999999999995e-05
1786510514.1871758,53520,20,Loss/l_ce,2.5862503051757812
1786510514.1874156,53520,20,Loss/l_total,2.5862503051757812
1786510514.187438,53520,20,LR,5.4999999999999995e-05
1786510530.0499258,53540,20,Loss/l_ce,0.11899137496948242
1786510530.0502143,53540,20,Loss/l_total,0.11899137496948242
1786510530.050244,53540,20,LR,5.4999999999999995e-05
1786510681.024686,53550,20,Val/avg_error,0.011764736846089363
1786510681.0250614,53550,20,Val/acc,0.826025390625
1786510681.0250897,53550,20,Val/sparse_auc,0.9100615530303031
1786510681.0251276,53550,20,Val/sparse_pck_max,0.1
1786510681.025414,53550,20,Val/sparse_pck_n,100.0
1786510699.3656852,53560,21,Loss/l_ce,0.32366061210632324
1786510699.365917,53560,21,Loss/l_total,0.32366061210632324
1786510699.3659418,53560,21,LR,5.146934069224698e-05
1786510716.753903,53580,21,Loss/l_ce,0.1986370086669922
1786510716.7541604,53580,21,Loss/l_total,0.1986370086669922
1786510716.7541819,53580,21,LR,5.146934069224698e-05
1786510741.1687996,53600,21,Loss/l_ce,0.5070509910583496
1786510741.1689885,53600,21,Loss/l_total,0.5070509910583496
1786510741.169011,53600,21,LR,5.146934069224698e-05
1786510768.8627515,53620,21,Loss/l_ce,0.1732625961303711
1786510768.862926,53620,21,Loss/l_total,0.1732625961303711
1786510768.8629477,53620,21,LR,5.146934069224698e-05
1786510790.7429438,53640,21,Loss/l_ce,0.0924839973449707
1786510790.743143,53640,21,Loss/l_total,0.0924839973449707
1786510790.7431684,53640,21,LR,5.146934069224698e-05
1786510822.6152484,53660,21,Loss/l_ce,0.12459301948547363
1786510822.6155143,53660,21,Loss/l_total,0.12459301948547363
1786510822.6155355,53660,21,LR,5.146934069224698e-05
1786510844.9413636,53680,21,Loss/l_ce,0.16130542755126953
1786510844.941601,53680,21,Loss/l_total,0.16130542755126953
1786510844.9416223,53680,21,LR,5.146934069224698e-05
1786510860.2918065,53700,21,Loss/l_ce,0.10972476005554199
1786510860.2919726,53700,21,Loss/l_total,0.10972476005554199
1786510860.291995,53700,21,LR,5.146934069224698e-05
1786510883.0120876,53720,21,Loss/l_ce,0.07680320739746094
1786510883.0122397,53720,21,Loss/l_total,0.07680320739746094
1786510883.0122597,53720,21,LR,5.146934069224698e-05
1786510902.6391747,53740,21,Loss/l_ce,0.06864261627197266
1786510902.6393447,53740,21,Loss/l_total,0.06864261627197266
1786510902.639366,53740,21,LR,5.146934069224698e-05
1786510922.9188204,53760,21,Loss/l_ce,0.061254024505615234
1786510922.9190698,53760,21,Loss/l_total,0.061254024505615234
1786510922.9190922,53760,21,LR,5.146934069224698e-05
1786510936.3950114,53780,21,Loss/l_ce,0.06227993965148926
1786510936.3951848,53780,21,Loss/l_total,0.06227993965148926
1786510936.3952084,53780,21,LR,5.146934069224698e-05
1786510949.90777,53800,21,Loss/l_ce,0.0817861557006836
1786510949.9079206,53800,21,Loss/l_total,0.0817861557006836
1786510949.9079442,53800,21,LR,5.146934069224698e-05
1786510960.3566377,53820,21,Loss/l_ce,0.06459665298461914
1786510960.3568466,53820,21,Loss/l_total,0.06459665298461914
1786510960.3568704,53820,21,LR,5.146934069224698e-05
1786510968.4739137,53840,21,Loss/l_ce,0.08919429779052734
1786510968.4740942,53840,21,Loss/l_total,0.08919429779052734
1786510968.4741216,53840,21,LR,5.146934069224698e-05
1786510977.0183303,53860,21,Loss/l_ce,0.35386013984680176
1786510977.0184932,53860,21,Loss/l_total,0.35386013984680176
1786510977.0185168,53860,21,LR,5.146934069224698e-05
1786510985.3985915,53880,21,Loss/l_ce,0.09720516204833984
1786510985.398735,53880,21,Loss/l_total,0.09720516204833984
1786510985.3987565,53880,21,LR,5.146934069224698e-05
1786510996.1615613,53900,21,Loss/l_ce,0.07804441452026367
1786510996.1617143,53900,21,Loss/l_total,0.07804441452026367
1786510996.1617358,53900,21,LR,5.146934069224698e-05
1786511005.570463,53920,21,Loss/l_ce,0.06665468215942383
1786511005.5706317,53920,21,Loss/l_total,0.06665468215942383
1786511005.5706556,53920,21,LR,5.146934069224698e-05
1786511013.622883,53940,21,Loss/l_ce,0.15050911903381348
1786511013.6230671,53940,21,Loss/l_total,0.15050911903381348
1786511013.6230907,53940,21,LR,5.146934069224698e-05
1786511022.0829175,53960,21,Loss/l_ce,0.12141966819763184
1786511022.0831015,53960,21,Loss/l_total,0.12141966819763184
1786511022.0831254,53960,21,LR,5.146934069224698e-05
1786511032.5381637,53980,21,Loss/l_ce,0.11024904251098633
1786511032.538376,53980,21,Loss/l_total,0.11024904251098633
1786511032.5384023,53980,21,LR,5.146934069224698e-05
1786511039.9812226,54000,21,Loss/l_ce,0.11877965927124023
1786511039.9814305,54000,21,Loss/l_total,0.11877965927124023
1786511039.9814553,54000,21,LR,5.146934069224698e-05
1786511048.5997505,54020,21,Loss/l_ce,0.10602879524230957
1786511048.599906,54020,21,Loss/l_total,0.10602879524230957
1786511048.5999286,54020,21,LR,5.146934069224698e-05
1786511055.9460235,54040,21,Loss/l_ce,0.13964343070983887
1786511055.9462135,54040,21,Loss/l_total,0.13964343070983887
1786511055.946237,54040,21,LR,5.146934069224698e-05
1786511063.1394415,54060,21,Loss/l_ce,0.09241747856140137
1786511063.1396277,54060,21,Loss/l_total,0.09241747856140137
1786511063.1396494,54060,21,LR,5.146934069224698e-05
1786511074.6995933,54080,21,Loss/l_ce,0.14880847930908203
1786511074.699783,54080,21,Loss/l_total,0.14880847930908203
1786511074.699807,54080,21,LR,5.146934069224698e-05
1786511089.4814856,54100,21,Loss/l_ce,0.10172080993652344
1786511089.4817314,54100,21,Loss/l_total,0.10172080993652344
1786511089.4817538,54100,21,LR,5.146934069224698e-05
1786511103.5572724,54120,21,Loss/l_ce,0.09093546867370605
1786511103.557504,54120,21,Loss/l_total,0.09093546867370605
1786511103.5575323,54120,21,LR,5.146934069224698e-05
1786511122.7439277,54140,21,Loss/l_ce,0.03592514991760254
1786511122.7441714,54140,21,Loss/l_total,0.03592514991760254
1786511122.7441938,54140,21,LR,5.146934069224698e-05
1786511147.7604764,54160,21,Loss/l_ce,0.08840799331665039
1786511147.761069,54160,21,Loss/l_total,0.08840799331665039
1786511147.761107,54160,21,LR,5.146934069224698e-05
1786511172.703572,54180,21,Loss/l_ce,0.10681819915771484
1786511172.7038012,54180,21,Loss/l_total,0.10681819915771484
1786511172.7038224,54180,21,LR,5.146934069224698e-05
1786511191.5625134,54200,21,Loss/l_ce,0.09416484832763672
1786511191.5627708,54200,21,Loss/l_total,0.09416484832763672
1786511191.5628018,54200,21,LR,5.146934069224698e-05
1786511209.7349968,54220,21,Loss/l_ce,0.09068036079406738
1786511209.7351809,54220,21,Loss/l_total,0.09068036079406738
1786511209.7352068,54220,21,LR,5.146934069224698e-05
1786511230.0577412,54240,21,Loss/l_ce,0.10370683670043945
1786511230.0580156,54240,21,Loss/l_total,0.10370683670043945
1786511230.0580723,54240,21,LR,5.146934069224698e-05
1786511249.1908214,54260,21,Loss/l_ce,0.1795520782470703
1786511249.1911108,54260,21,Loss/l_total,0.1795520782470703
1786511249.1911469,54260,21,LR,5.146934069224698e-05
1786511272.45966,54280,21,Loss/l_ce,0.13716959953308105
1786511272.459831,54280,21,Loss/l_total,0.13716959953308105
1786511272.459851,54280,21,LR,5.146934069224698e-05
1786511299.9307482,54300,21,Loss/l_ce,0.15327692031860352
1786511299.9309025,54300,21,Loss/l_total,0.15327692031860352
1786511299.9309227,54300,21,LR,5.146934069224698e-05
1786511325.0453608,54320,21,Loss/l_ce,0.04932093620300293
1786511325.0458393,54320,21,Loss/l_total,0.04932093620300293
1786511325.0460649,54320,21,LR,5.146934069224698e-05
1786511353.1346936,54340,21,Loss/l_ce,0.09009528160095215
1786511353.134874,54340,21,Loss/l_total,0.09009528160095215
1786511353.1349015,54340,21,LR,5.146934069224698e-05
1786511380.5839772,54360,21,Loss/l_ce,0.11460041999816895
1786511380.5841377,54360,21,Loss/l_total,0.11460041999816895
1786511380.5841603,54360,21,LR,5.146934069224698e-05
1786511402.558576,54380,21,Loss/l_ce,0.1149899959564209
1786511402.5587232,54380,21,Loss/l_total,0.1149899959564209
1786511402.5587459,54380,21,LR,5.146934069224698e-05
1786511432.8899944,54400,21,Loss/l_ce,0.12327194213867188
1786511432.8901782,54400,21,Loss/l_total,0.12327194213867188
1786511432.8902044,54400,21,LR,5.146934069224698e-05
1786511452.150656,54420,21,Loss/l_ce,0.13339948654174805
1786511452.1508398,54420,21,Loss/l_total,0.13339948654174805
1786511452.1508613,54420,21,LR,5.146934069224698e-05
1786511481.3294075,54440,21,Loss/l_ce,0.1194145679473877
1786511481.32962,54440,21,Loss/l_total,0.1194145679473877
1786511481.329646,54440,21,LR,5.146934069224698e-05
1786511499.9077756,54460,21,Loss/l_ce,0.12711668014526367
1786511499.9079266,54460,21,Loss/l_total,0.12711668014526367
1786511499.9079468,54460,21,LR,5.146934069224698e-05
1786511523.8223226,54480,21,Loss/l_ce,0.09111976623535156
1786511523.8225186,54480,21,Loss/l_total,0.09111976623535156
1786511523.8225436,54480,21,LR,5.146934069224698e-05
1786511542.8007758,54500,21,Loss/l_ce,0.1899421215057373
1786511542.8009229,54500,21,Loss/l_total,0.1899421215057373
1786511542.8009431,54500,21,LR,5.146934069224698e-05
1786511562.4066453,54520,21,Loss/l_ce,0.10196447372436523
1786511562.4067984,54520,21,Loss/l_total,0.10196447372436523
1786511562.4069932,54520,21,LR,5.146934069224698e-05
1786511585.6604354,54540,21,Loss/l_ce,0.07915997505187988
1786511585.6606255,54540,21,Loss/l_total,0.07915997505187988
1786511585.6606514,54540,21,LR,5.146934069224698e-05
1786511613.2748537,54560,21,Loss/l_ce,0.08314394950866699
1786511613.2750149,54560,21,Loss/l_total,0.08314394950866699
1786511613.2750576,54560,21,LR,5.146934069224698e-05
1786511626.6345453,54580,21,Loss/l_ce,0.0795583724975586
1786511626.6348174,54580,21,Loss/l_total,0.0795583724975586
1786511626.6348433,54580,21,LR,5.146934069224698e-05
1786511650.4496741,54600,21,Loss/l_ce,0.09964442253112793
1786511650.4499438,54600,21,Loss/l_total,0.09964442253112793
1786511650.4499676,54600,21,LR,5.146934069224698e-05
1786511667.6884894,54620,21,Loss/l_ce,0.10642051696777344
1786511667.6887424,54620,21,Loss/l_total,0.10642051696777344
1786511667.6887672,54620,21,LR,5.146934069224698e-05
1786511682.223635,54640,21,Loss/l_ce,0.27626562118530273
1786511682.2238476,54640,21,Loss/l_total,0.27626562118530273
1786511682.2238688,54640,21,LR,5.146934069224698e-05
1786511705.367483,54660,21,Loss/l_ce,0.05391693115234375
1786511705.3676765,54660,21,Loss/l_total,0.05391693115234375
1786511705.367706,54660,21,LR,5.146934069224698e-05
1786511724.4092002,54680,21,Loss/l_ce,0.09068155288696289
1786511724.4093544,54680,21,Loss/l_total,0.09068155288696289
1786511724.409378,54680,21,LR,5.146934069224698e-05
1786511739.6405194,54700,21,Loss/l_ce,0.11041617393493652
1786511739.640707,54700,21,Loss/l_total,0.11041617393493652
1786511739.6407425,54700,21,LR,5.146934069224698e-05
1786511764.9215481,54720,21,Loss/l_ce,0.09614992141723633
1786511764.9217024,54720,21,Loss/l_total,0.09614992141723633
1786511764.921738,54720,21,LR,5.146934069224698e-05
1786511800.8407624,54740,21,Loss/l_ce,0.0868692398071289
1786511800.8409843,54740,21,Loss/l_total,0.0868692398071289
1786511800.8410068,54740,21,LR,5.146934069224698e-05
1786511822.1969142,54760,21,Loss/l_ce,0.0730128288269043
1786511822.197086,54760,21,Loss/l_total,0.0730128288269043
1786511822.19711,54760,21,LR,5.146934069224698e-05
1786511847.3095508,54780,21,Loss/l_ce,0.06134843826293945
1786511847.3099973,54780,21,Loss/l_total,0.06134843826293945
1786511847.3103938,54780,21,LR,5.146934069224698e-05
1786511870.5834234,54800,21,Loss/l_ce,0.06862092018127441
1786511870.5837023,54800,21,Loss/l_total,0.06862092018127441
1786511870.5840704,54800,21,LR,5.146934069224698e-05
1786511895.651811,54820,21,Loss/l_ce,0.10396718978881836
1786511895.6519747,54820,21,Loss/l_total,0.10396718978881836
1786511895.6520019,54820,21,LR,5.146934069224698e-05
1786511914.9713044,54840,21,Loss/l_ce,0.10573077201843262
1786511914.9715717,54840,21,Loss/l_total,0.10573077201843262
1786511914.971598,54840,21,LR,5.146934069224698e-05
1786511935.2907052,54860,21,Loss/l_ce,0.05995917320251465
1786511935.2908573,54860,21,Loss/l_total,0.05995917320251465
1786511935.2908807,54860,21,LR,5.146934069224698e-05
1786511961.5394402,54880,21,Loss/l_ce,0.18225336074829102
1786511961.5396218,54880,21,Loss/l_total,0.18225336074829102
1786511961.539643,54880,21,LR,5.146934069224698e-05
1786511979.8032584,54900,21,Loss/l_ce,0.24129629135131836
1786511979.803427,54900,21,Loss/l_total,0.24129629135131836
1786511979.8034496,54900,21,LR,5.146934069224698e-05
1786511988.3753529,54920,21,Loss/l_ce,0.07374835014343262
1786511988.3755202,54920,21,Loss/l_total,0.07374835014343262
1786511988.3755465,54920,21,LR,5.146934069224698e-05
1786512005.260412,54940,21,Loss/l_ce,0.10782074928283691
1786512005.2605546,54940,21,Loss/l_total,0.10782074928283691
1786512005.260577,54940,21,LR,5.146934069224698e-05
1786512017.704577,54960,21,Loss/l_ce,0.06845760345458984
1786512017.704735,54960,21,Loss/l_total,0.06845760345458984
1786512017.7047565,54960,21,LR,5.146934069224698e-05
1786512033.524453,54980,21,Loss/l_ce,0.1021418571472168
1786512033.5246203,54980,21,Loss/l_total,0.1021418571472168
1786512033.524645,54980,21,LR,5.146934069224698e-05
1786512046.1131964,55000,21,Loss/l_ce,0.0684821605682373
1786512046.1133518,55000,21,Loss/l_total,0.0684821605682373
1786512046.1133757,55000,21,LR,5.146934069224698e-05
1786512060.1534755,55020,21,Loss/l_ce,0.09219193458557129
1786512060.1536336,55020,21,Loss/l_total,0.09219193458557129
1786512060.153656,55020,21,LR,5.146934069224698e-05
1786512076.8158906,55040,21,Loss/l_ce,0.08499741554260254
1786512076.8160686,55040,21,Loss/l_total,0.08499741554260254
1786512076.8160899,55040,21,LR,5.146934069224698e-05
1786512086.9232144,55060,21,Loss/l_ce,0.06532025337219238
1786512086.923357,55060,21,Loss/l_total,0.06532025337219238
1786512086.923377,55060,21,LR,5.146934069224698e-05
1786512101.9665623,55080,21,Loss/l_ce,0.4324188232421875
1786512101.9667225,55080,21,Loss/l_total,0.4324188232421875
1786512101.9667478,55080,21,LR,5.146934069224698e-05
1786512124.5218863,55100,21,Loss/l_ce,0.09307718276977539
1786512124.5220633,55100,21,Loss/l_total,0.09307718276977539
1786512124.5220885,55100,21,LR,5.146934069224698e-05
1786512145.9482517,55120,21,Loss/l_ce,0.33670806884765625
1786512145.9484415,55120,21,Loss/l_total,0.33670806884765625
1786512145.9484677,55120,21,LR,5.146934069224698e-05
1786512173.7030232,55140,21,Loss/l_ce,0.12550020217895508
1786512173.7032368,55140,21,Loss/l_total,0.12550020217895508
1786512173.703258,55140,21,LR,5.146934069224698e-05
1786512202.3610947,55160,21,Loss/l_ce,0.14831852912902832
1786512202.3612432,55160,21,Loss/l_total,0.14831852912902832
1786512202.3612645,55160,21,LR,5.146934069224698e-05
1786512218.0377398,55180,21,Loss/l_ce,0.08249950408935547
1786512218.037951,55180,21,Loss/l_total,0.08249950408935547
1786512218.0379806,55180,21,LR,5.146934069224698e-05
1786512239.7094655,55200,21,Loss/l_ce,0.10305285453796387
1786512239.7096782,55200,21,Loss/l_total,0.10305285453796387
1786512239.7097032,55200,21,LR,5.146934069224698e-05
1786512264.413422,55220,21,Loss/l_ce,0.0754997730255127
1786512264.4136193,55220,21,Loss/l_total,0.0754997730255127
1786512264.4136512,55220,21,LR,5.146934069224698e-05
1786512283.4971163,55240,21,Loss/l_ce,0.10528230667114258
1786512283.4975069,55240,21,Loss/l_total,0.10528230667114258
1786512283.4975343,55240,21,LR,5.146934069224698e-05
1786512307.291418,55260,21,Loss/l_ce,0.02648305892944336
1786512307.2917743,55260,21,Loss/l_total,0.02648305892944336
1786512307.291798,55260,21,LR,5.146934069224698e-05
1786512326.7347612,55280,21,Loss/l_ce,0.11045956611633301
1786512326.7349381,55280,21,Loss/l_total,0.11045956611633301
1786512326.734963,55280,21,LR,5.146934069224698e-05
1786512350.4287612,55300,21,Loss/l_ce,0.0900115966796875
1786512350.4289536,55300,21,Loss/l_total,0.0900115966796875
1786512350.428982,55300,21,LR,5.146934069224698e-05
1786512372.1051524,55320,21,Loss/l_ce,0.6503851413726807
1786512372.1054027,55320,21,Loss/l_total,0.6503851413726807
1786512372.1054265,55320,21,LR,5.146934069224698e-05
1786512401.7079132,55340,21,Loss/l_ce,0.06513547897338867
1786512401.7081175,55340,21,Loss/l_total,0.06513547897338867
1786512401.7081437,55340,21,LR,5.146934069224698e-05
1786512420.5884254,55360,21,Loss/l_ce,0.09737730026245117
1786512420.5886166,55360,21,Loss/l_total,0.09737730026245117
1786512420.588638,55360,21,LR,5.146934069224698e-05
1786512435.781874,55380,21,Loss/l_ce,0.05147385597229004
1786512435.7820675,55380,21,Loss/l_total,0.05147385597229004
1786512435.7820935,55380,21,LR,5.146934069224698e-05
1786512459.9910266,55400,21,Loss/l_ce,0.08721160888671875
1786512459.9912963,55400,21,Loss/l_total,0.08721160888671875
1786512459.9913177,55400,21,LR,5.146934069224698e-05
1786512486.5734365,55420,21,Loss/l_ce,0.07101058959960938
1786512486.5736299,55420,21,Loss/l_total,0.07101058959960938
1786512486.5736525,55420,21,LR,5.146934069224698e-05
1786512512.5767355,55440,21,Loss/l_ce,0.07314777374267578
1786512512.576955,55440,21,Loss/l_total,0.07314777374267578
1786512512.5769825,55440,21,LR,5.146934069224698e-05
1786512538.6375458,55460,21,Loss/l_ce,1.0380208492279053
1786512538.6377118,55460,21,Loss/l_total,1.0380208492279053
1786512538.6377678,55460,21,LR,5.146934069224698e-05
1786512571.9457347,55480,21,Loss/l_ce,0.07194328308105469
1786512571.94599,55480,21,Loss/l_total,0.07194328308105469
1786512571.946015,55480,21,LR,5.146934069224698e-05
1786512601.4416075,55500,21,Loss/l_ce,0.10645341873168945
1786512601.4419243,55500,21,Loss/l_total,0.10645341873168945
1786512601.4419494,55500,21,LR,5.146934069224698e-05
1786512625.0166073,55520,21,Loss/l_ce,0.06502151489257812
1786512625.0168223,55520,21,Loss/l_total,0.06502151489257812
1786512625.016846,55520,21,LR,5.146934069224698e-05
1786512657.4141529,55540,21,Loss/l_ce,0.10410499572753906
1786512657.4143202,55540,21,Loss/l_total,0.10410499572753906
1786512657.4143417,55540,21,LR,5.146934069224698e-05
1786512675.9059618,55560,21,Loss/l_ce,0.10183191299438477
1786512675.9061291,55560,21,Loss/l_total,0.10183191299438477
1786512675.9061542,55560,21,LR,5.146934069224698e-05
1786512694.5539432,55580,21,Loss/l_ce,1.9386236667633057
1786512694.554139,55580,21,Loss/l_total,1.9386236667633057
1786512694.5541675,55580,21,LR,5.146934069224698e-05
1786512717.5368502,55600,21,Loss/l_ce,0.06839704513549805
1786512717.537082,55600,21,Loss/l_total,0.06839704513549805
1786512717.5373466,55600,21,LR,5.146934069224698e-05
1786512741.3025923,55620,21,Loss/l_ce,0.11434602737426758
1786512741.302806,55620,21,Loss/l_total,0.11434602737426758
1786512741.3028345,55620,21,LR,5.146934069224698e-05
1786512762.255937,55640,21,Loss/l_ce,0.0853888988494873
1786512762.2561057,55640,21,Loss/l_total,0.0853888988494873
1786512762.2561305,55640,21,LR,5.146934069224698e-05
1786512786.5049655,55660,21,Loss/l_ce,0.11028432846069336
1786512786.505191,55660,21,Loss/l_total,0.11028432846069336
1786512786.505222,55660,21,LR,5.146934069224698e-05
1786512809.4371521,55680,21,Loss/l_ce,0.03771495819091797
1786512809.43743,55680,21,Loss/l_total,0.03771495819091797
1786512809.4374573,55680,21,LR,5.146934069224698e-05
1786512829.1921413,55700,21,Loss/l_ce,0.07742953300476074
1786512829.1922908,55700,21,Loss/l_total,0.07742953300476074
1786512829.1923146,55700,21,LR,5.146934069224698e-05
1786512847.5655987,55720,21,Loss/l_ce,0.05959796905517578
1786512847.565791,55720,21,Loss/l_total,0.05959796905517578
1786512847.5658147,55720,21,LR,5.146934069224698e-05
1786512862.6064734,55740,21,Loss/l_ce,0.0853266716003418
1786512862.6066313,55740,21,Loss/l_total,0.0853266716003418
1786512862.6066573,55740,21,LR,5.146934069224698e-05
1786512881.8145316,55760,21,Loss/l_ce,0.09316062927246094
1786512881.814757,55760,21,Loss/l_total,0.09316062927246094
1786512881.8149579,55760,21,LR,5.146934069224698e-05
1786512899.8012502,55780,21,Loss/l_ce,0.0794377326965332
1786512899.8014736,55780,21,Loss/l_total,0.0794377326965332
1786512899.8014996,55780,21,LR,5.146934069224698e-05
1786512919.5269034,55800,21,Loss/l_ce,0.10084676742553711
1786512919.527104,55800,21,Loss/l_total,0.10084676742553711
1786512919.5271266,55800,21,LR,5.146934069224698e-05
1786512945.2945385,55820,21,Loss/l_ce,0.08126592636108398
1786512945.2947085,55820,21,Loss/l_total,0.08126592636108398
1786512945.294731,55820,21,LR,5.146934069224698e-05
1786512963.4792438,55840,21,Loss/l_ce,0.22955727577209473
1786512963.4794633,55840,21,Loss/l_total,0.22955727577209473
1786512963.4794884,55840,21,LR,5.146934069224698e-05
1786512985.889768,55860,21,Loss/l_ce,0.0897529125213623
1786512985.8900104,55860,21,Loss/l_total,0.0897529125213623
1786512985.8901267,55860,21,LR,5.146934069224698e-05
1786513010.2018292,55880,21,Loss/l_ce,0.08983612060546875
1786513010.2019956,55880,21,Loss/l_total,0.08983612060546875
1786513010.2020204,55880,21,LR,5.146934069224698e-05
1786513034.8254762,55900,21,Loss/l_ce,0.09232974052429199
1786513034.825742,55900,21,Loss/l_total,0.09232974052429199
1786513034.8257742,55900,21,LR,5.146934069224698e-05
1786513047.481187,55920,21,Loss/l_ce,0.09131002426147461
1786513047.4813828,55920,21,Loss/l_total,0.09131002426147461
1786513047.481403,55920,21,LR,5.146934069224698e-05
1786513065.0156093,55940,21,Loss/l_ce,0.07383298873901367
1786513065.0158303,55940,21,Loss/l_total,0.07383298873901367
1786513065.0158515,55940,21,LR,5.146934069224698e-05
1786513080.1123614,55960,21,Loss/l_ce,0.09992480278015137
1786513080.1125894,55960,21,Loss/l_total,0.09992480278015137
1786513080.1126153,55960,21,LR,5.146934069224698e-05
1786513091.8605332,55980,21,Loss/l_ce,0.06792855262756348
1786513091.8606865,55980,21,Loss/l_total,0.06792855262756348
1786513091.8607092,55980,21,LR,5.146934069224698e-05
1786513104.0792048,56000,21,Loss/l_ce,0.06733870506286621
1786513104.0793664,56000,21,Loss/l_total,0.06733870506286621
1786513104.0793889,56000,21,LR,5.146934069224698e-05
1786513115.983879,56020,21,Loss/l_ce,0.12852716445922852
1786513115.9840667,56020,21,Loss/l_total,0.12852716445922852
1786513115.984093,56020,21,LR,5.146934069224698e-05
1786513124.880875,56040,21,Loss/l_ce,0.09368515014648438
1786513124.881059,56040,21,Loss/l_total,0.09368515014648438
1786513124.881086,56040,21,LR,5.146934069224698e-05
1786513137.5482333,56060,21,Loss/l_ce,0.07621097564697266
1786513137.5484338,56060,21,Loss/l_total,0.07621097564697266
1786513137.5484529,56060,21,LR,5.146934069224698e-05
1786513147.1831553,56080,21,Loss/l_ce,0.07022857666015625
1786513147.1833298,56080,21,Loss/l_total,0.07022857666015625
1786513147.1833537,56080,21,LR,5.146934069224698e-05
1786513160.510748,56100,21,Loss/l_ce,0.10751032829284668
1786513160.5109046,56100,21,Loss/l_total,0.10751032829284668
1786513160.5109293,56100,21,LR,5.146934069224698e-05
1786513298.143235,56100,21,Val/avg_error,0.009623484686017036
1786513298.143532,56100,21,Val/acc,0.848046875
1786513298.1435568,56100,21,Val/sparse_auc,0.9223166725852273
1786513298.1435735,56100,21,Val/sparse_pck_max,0.1
1786513298.1435902,56100,21,Val/sparse_pck_n,100.0
1786513323.1668103,56120,22,Loss/l_ce,0.1162419319152832
1786513323.1669743,56120,22,Loss/l_total,0.1162419319152832
1786513323.1669967,56120,22,LR,4.796044907318962e-05
1786513342.8389473,56140,22,Loss/l_ce,0.13611698150634766
1786513342.8391278,56140,22,Loss/l_total,0.13611698150634766
1786513342.839154,56140,22,LR,4.796044907318962e-05
1786513366.307318,56160,22,Loss/l_ce,0.1190800666809082
1786513366.307483,56160,22,Loss/l_total,0.1190800666809082
1786513366.3075044,56160,22,LR,4.796044907318962e-05
1786513394.846522,56180,22,Loss/l_ce,0.09248733520507812
1786513394.8467655,56180,22,Loss/l_total,0.09248733520507812
1786513394.8467903,56180,22,LR,4.796044907318962e-05
1786513422.7422018,56200,22,Loss/l_ce,0.08170843124389648
1786513422.7423797,56200,22,Loss/l_total,0.08170843124389648
1786513422.7424035,56200,22,LR,4.796044907318962e-05
1786513444.2144554,56220,22,Loss/l_ce,0.12946057319641113
1786513444.214739,56220,22,Loss/l_total,0.12946057319641113
1786513444.2147677,56220,22,LR,4.796044907318962e-05
1786513469.7066493,56240,22,Loss/l_ce,0.08853387832641602
1786513469.7067988,56240,22,Loss/l_total,0.08853387832641602
1786513469.7068226,56240,22,LR,4.796044907318962e-05
1786513494.2279906,56260,22,Loss/l_ce,0.10891103744506836
1786513494.2281687,56260,22,Loss/l_total,0.10891103744506836
1786513494.2281911,56260,22,LR,4.796044907318962e-05
1786513513.9449701,56280,22,Loss/l_ce,0.10260605812072754
1786513513.9451768,56280,22,Loss/l_total,0.10260605812072754
1786513513.9452007,56280,22,LR,4.796044907318962e-05
1786513537.8137338,56300,22,Loss/l_ce,0.06925153732299805
1786513537.8139143,56300,22,Loss/l_total,0.06925153732299805
1786513537.8139405,56300,22,LR,4.796044907318962e-05
1786513563.7173393,56320,22,Loss/l_ce,0.10983967781066895
1786513563.7175303,56320,22,Loss/l_total,0.10983967781066895
1786513563.71756,56320,22,LR,4.796044907318962e-05
1786513596.2509649,56340,22,Loss/l_ce,0.0795450210571289
1786513596.2511382,56340,22,Loss/l_total,0.0795450210571289
1786513596.2511609,56340,22,LR,4.796044907318962e-05
1786513613.09113,56360,22,Loss/l_ce,0.07788705825805664
1786513613.091281,56360,22,Loss/l_total,0.07788705825805664
1786513613.0913048,56360,22,LR,4.796044907318962e-05
1786513639.630198,56380,22,Loss/l_ce,0.0935361385345459
1786513639.630369,56380,22,Loss/l_total,0.0935361385345459
1786513639.6303906,56380,22,LR,4.796044907318962e-05
1786513654.5511236,56400,22,Loss/l_ce,0.08757853507995605
1786513654.5512888,56400,22,Loss/l_total,0.08757853507995605
1786513654.55131,56400,22,LR,4.796044907318962e-05
1786513666.9162562,56420,22,Loss/l_ce,0.12309694290161133
1786513666.9163985,56420,22,Loss/l_total,0.12309694290161133
1786513666.9164214,56420,22,LR,4.796044907318962e-05
1786513693.4717634,56440,22,Loss/l_ce,0.10057663917541504
1786513693.4719985,56440,22,Loss/l_total,0.10057663917541504
1786513693.4720223,56440,22,LR,4.796044907318962e-05
1786513710.1124744,56460,22,Loss/l_ce,0.09614181518554688
1786513710.112643,56460,22,Loss/l_total,0.09614181518554688
1786513710.1126668,56460,22,LR,4.796044907318962e-05
1786513731.3788693,56480,22,Loss/l_ce,0.0919942855834961
1786513731.3791888,56480,22,Loss/l_total,0.0919942855834961
1786513731.3792126,56480,22,LR,4.796044907318962e-05
1786513747.788504,56500,22,Loss/l_ce,0.10976552963256836
1786513747.78865,56500,22,Loss/l_total,0.10976552963256836
1786513747.7886748,56500,22,LR,4.796044907318962e-05
1786513771.1816514,56520,22,Loss/l_ce,0.09754657745361328
1786513771.1818962,56520,22,Loss/l_total,0.09754657745361328
1786513771.1819222,56520,22,LR,4.796044907318962e-05
1786513798.9612772,56540,22,Loss/l_ce,0.15404582023620605
1786513798.9615607,56540,22,Loss/l_total,0.15404582023620605
1786513798.961884,56540,22,LR,4.796044907318962e-05
1786513826.436607,56560,22,Loss/l_ce,0.07983183860778809
1786513826.4368324,56560,22,Loss/l_total,0.07983183860778809
1786513826.4368575,56560,22,LR,4.796044907318962e-05
1786513854.4586785,56580,22,Loss/l_ce,0.07754325866699219
1786513854.4588342,56580,22,Loss/l_total,0.07754325866699219
1786513854.4588568,56580,22,LR,4.796044907318962e-05
1786513875.6230192,56600,22,Loss/l_ce,0.1576707363128662
1786513875.6233137,56600,22,Loss/l_total,0.1576707363128662
1786513875.623341,56600,22,LR,4.796044907318962e-05
1786513902.4080167,56620,22,Loss/l_ce,0.11937880516052246
1786513902.408191,56620,22,Loss/l_total,0.11937880516052246
1786513902.4082148,56620,22,LR,4.796044907318962e-05
1786513922.6134677,56640,22,Loss/l_ce,0.16196012496948242
1786513922.613634,56640,22,Loss/l_total,0.16196012496948242
1786513922.6136553,56640,22,LR,4.796044907318962e-05
1786513961.7401779,56660,22,Loss/l_ce,0.0799107551574707
1786513961.7404177,56660,22,Loss/l_total,0.0799107551574707
1786513961.7404425,56660,22,LR,4.796044907318962e-05
1786513986.0447445,56680,22,Loss/l_ce,0.10803914070129395
1786513986.045002,56680,22,Loss/l_total,0.10803914070129395
1786513986.0450258,56680,22,LR,4.796044907318962e-05
1786514009.883316,56700,22,Loss/l_ce,0.332730770111084
1786514009.8835852,56700,22,Loss/l_total,0.332730770111084
1786514009.8836079,56700,22,LR,4.796044907318962e-05
1786514028.496146,56720,22,Loss/l_ce,0.1186678409576416
1786514028.4963894,56720,22,Loss/l_total,0.1186678409576416
1786514028.4964228,56720,22,LR,4.796044907318962e-05
1786514042.3363378,56740,22,Loss/l_ce,0.07797408103942871
1786514042.3365612,56740,22,Loss/l_total,0.07797408103942871
1786514042.3365886,56740,22,LR,4.796044907318962e-05
1786514052.4633787,56760,22,Loss/l_ce,0.0629434585571289
1786514052.4635901,56760,22,Loss/l_total,0.0629434585571289
1786514052.4636126,56760,22,LR,4.796044907318962e-05
1786514066.8376052,56780,22,Loss/l_ce,0.12682271003723145
1786514066.8378344,56780,22,Loss/l_total,0.12682271003723145
1786514066.8378603,56780,22,LR,4.796044907318962e-05
1786514085.0685377,56800,22,Loss/l_ce,0.11114382743835449
1786514085.0687487,56800,22,Loss/l_total,0.11114382743835449
1786514085.0687726,56800,22,LR,4.796044907318962e-05
1786514096.0268965,56820,22,Loss/l_ce,0.2454237937927246
1786514096.0270815,56820,22,Loss/l_total,0.2454237937927246
1786514096.0271075,56820,22,LR,4.796044907318962e-05
1786514110.3450086,56840,22,Loss/l_ce,0.07497262954711914
1786514110.3452199,56840,22,Loss/l_total,0.07497262954711914
1786514110.3452687,56840,22,LR,4.796044907318962e-05
1786514121.4843779,56860,22,Loss/l_ce,0.10751676559448242
1786514121.484587,56860,22,Loss/l_total,0.10751676559448242
1786514121.4846117,56860,22,LR,4.796044907318962e-05
1786514137.6303706,56880,22,Loss/l_ce,0.09898948669433594
1786514137.6305842,56880,22,Loss/l_total,0.09898948669433594
1786514137.6306105,56880,22,LR,4.796044907318962e-05
1786514148.5776222,56900,22,Loss/l_ce,0.06905102729797363
1786514148.5777647,56900,22,Loss/l_total,0.06905102729797363
1786514148.5777874,56900,22,LR,4.796044907318962e-05
1786514160.086742,56920,22,Loss/l_ce,0.0714731216430664
1786514160.086908,56920,22,Loss/l_total,0.0714731216430664
1786514160.0869308,56920,22,LR,4.796044907318962e-05
1786514176.0708632,56940,22,Loss/l_ce,0.0761103630065918
1786514176.071007,56940,22,Loss/l_total,0.0761103630065918
1786514176.0710557,56940,22,LR,4.796044907318962e-05
1786514196.2006645,56960,22,Loss/l_ce,2.5041589736938477
1786514196.2009022,56960,22,Loss/l_total,2.5041589736938477
1786514196.2009296,56960,22,LR,4.796044907318962e-05
1786514213.8946967,56980,22,Loss/l_ce,0.11013412475585938
1786514213.8948948,56980,22,Loss/l_total,0.11013412475585938
1786514213.8949187,56980,22,LR,4.796044907318962e-05
1786514238.738854,57000,22,Loss/l_ce,0.07680082321166992
1786514238.7390711,57000,22,Loss/l_total,0.07680082321166992
1786514238.7393274,57000,22,LR,4.796044907318962e-05
1786514262.8499157,57020,22,Loss/l_ce,1.5452423095703125
1786514262.850145,57020,22,Loss/l_total,1.5452423095703125
1786514262.85017,57020,22,LR,4.796044907318962e-05
1786514284.0372663,57040,22,Loss/l_ce,0.0997152328491211
1786514284.0374656,57040,22,Loss/l_total,0.0997152328491211
1786514284.0374894,57040,22,LR,4.796044907318962e-05
1786514308.9053996,57060,22,Loss/l_ce,0.11121749877929688
1786514308.9055588,57060,22,Loss/l_total,0.11121749877929688
1786514308.9055827,57060,22,LR,4.796044907318962e-05
1786514330.3141143,57080,22,Loss/l_ce,0.09359860420227051
1786514330.3143091,57080,22,Loss/l_total,0.09359860420227051
1786514330.3143315,57080,22,LR,4.796044907318962e-05
1786514354.9828117,57100,22,Loss/l_ce,0.1044778823852539
1786514354.9831002,57100,22,Loss/l_total,0.1044778823852539
1786514354.9831285,57100,22,LR,4.796044907318962e-05
1786514373.8145804,57120,22,Loss/l_ce,0.08022809028625488
1786514373.814781,57120,22,Loss/l_total,0.08022809028625488
1786514373.8148332,57120,22,LR,4.796044907318962e-05
1786514399.480708,57140,22,Loss/l_ce,0.07290077209472656
1786514399.480925,57140,22,Loss/l_total,0.07290077209472656
1786514399.4824555,57140,22,LR,4.796044907318962e-05
1786514421.5862567,57160,22,Loss/l_ce,0.0829172134399414
1786514421.5864205,57160,22,Loss/l_total,0.0829172134399414
1786514421.5864432,57160,22,LR,4.796044907318962e-05
1786514444.6817262,57180,22,Loss/l_ce,0.21039247512817383
1786514444.68194,57180,22,Loss/l_total,0.21039247512817383
1786514444.6819613,57180,22,LR,4.796044907318962e-05
1786514470.1009233,57200,22,Loss/l_ce,0.07577252388000488
1786514470.1011145,57200,22,Loss/l_total,0.07577252388000488
1786514470.1011395,57200,22,LR,4.796044907318962e-05
1786514496.730248,57220,22,Loss/l_ce,0.07219481468200684
1786514496.730426,57220,22,Loss/l_total,0.07219481468200684
1786514496.7304473,57220,22,LR,4.796044907318962e-05
1786514527.3626995,57240,22,Loss/l_ce,0.09159660339355469
1786514527.3629584,57240,22,Loss/l_total,0.09159660339355469
1786514527.362987,57240,22,LR,4.796044907318962e-05
1786514548.355259,57260,22,Loss/l_ce,0.0534815788269043
1786514548.35543,57260,22,Loss/l_total,0.0534815788269043
1786514548.3554537,57260,22,LR,4.796044907318962e-05
1786514568.9565477,57280,22,Loss/l_ce,0.1043703556060791
1786514568.956802,57280,22,Loss/l_total,0.1043703556060791
1786514568.9568315,57280,22,LR,4.796044907318962e-05
1786514590.0357263,57300,22,Loss/l_ce,0.07301139831542969
1786514590.0358949,57300,22,Loss/l_total,0.07301139831542969
1786514590.0359185,57300,22,LR,4.796044907318962e-05
1786514609.8612807,57320,22,Loss/l_ce,0.1175527572631836
1786514609.861758,57320,22,Loss/l_total,0.1175527572631836
1786514609.861783,57320,22,LR,4.796044907318962e-05
1786514632.005568,57340,22,Loss/l_ce,0.08909034729003906
1786514632.0057213,57340,22,Loss/l_total,0.08909034729003906
1786514632.005739,57340,22,LR,4.796044907318962e-05
1786514651.9607582,57360,22,Loss/l_ce,0.20937442779541016
1786514651.9609566,57360,22,Loss/l_total,0.20937442779541016
1786514651.9609816,57360,22,LR,4.796044907318962e-05
1786514673.880415,57380,22,Loss/l_ce,0.09508132934570312
1786514673.8806393,57380,22,Loss/l_total,0.09508132934570312
1786514673.8806643,57380,22,LR,4.796044907318962e-05
1786514697.5150146,57400,22,Loss/l_ce,0.10609245300292969
1786514697.515257,57400,22,Loss/l_total,0.10609245300292969
1786514697.5152843,57400,22,LR,4.796044907318962e-05
1786514725.1822724,57420,22,Loss/l_ce,2.202749490737915
1786514725.1824946,57420,22,Loss/l_total,2.202749490737915
1786514725.1825182,57420,22,LR,4.796044907318962e-05
1786514743.5591938,57440,22,Loss/l_ce,0.6777431964874268
1786514743.559409,57440,22,Loss/l_total,0.6777431964874268
1786514743.559436,57440,22,LR,4.796044907318962e-05
1786514761.2928073,57460,22,Loss/l_ce,0.12322449684143066
1786514761.293191,57460,22,Loss/l_total,0.12322449684143066
1786514761.2932336,57460,22,LR,4.796044907318962e-05
1786514779.4628797,57480,22,Loss/l_ce,0.08599996566772461
1786514779.4631183,57480,22,Loss/l_total,0.08599996566772461
1786514779.463141,57480,22,LR,4.796044907318962e-05
1786514802.9960983,57500,22,Loss/l_ce,0.08997654914855957
1786514802.9963193,57500,22,Loss/l_total,0.08997654914855957
1786514802.996344,57500,22,LR,4.796044907318962e-05
1786514813.5808206,57520,22,Loss/l_ce,0.08229708671569824
1786514813.5809941,57520,22,Loss/l_total,0.08229708671569824
1786514813.5810153,57520,22,LR,4.796044907318962e-05
1786514838.8180556,57540,22,Loss/l_ce,0.07968354225158691
1786514838.818336,57540,22,Loss/l_total,0.07968354225158691
1786514838.818362,57540,22,LR,4.796044907318962e-05
1786514862.2735276,57560,22,Loss/l_ce,0.06978178024291992
1786514862.2739537,57560,22,Loss/l_total,0.06978178024291992
1786514862.27398,57560,22,LR,4.796044907318962e-05
1786514885.7011065,57580,22,Loss/l_ce,0.06749486923217773
1786514885.701262,57580,22,Loss/l_total,0.06749486923217773
1786514885.7012846,57580,22,LR,4.796044907318962e-05
1786514905.6464841,57600,22,Loss/l_ce,0.09794950485229492
1786514905.6466682,57600,22,Loss/l_total,0.09794950485229492
1786514905.6466932,57600,22,LR,4.796044907318962e-05
1786514923.8210914,57620,22,Loss/l_ce,0.06176257133483887
1786514923.821266,57620,22,Loss/l_total,0.06176257133483887
1786514923.8212895,57620,22,LR,4.796044907318962e-05
1786514948.2938826,57640,22,Loss/l_ce,0.06583642959594727
1786514948.2941332,57640,22,Loss/l_total,0.06583642959594727
1786514948.2941616,57640,22,LR,4.796044907318962e-05
1786514966.2591212,57660,22,Loss/l_ce,0.15475225448608398
1786514966.2592862,57660,22,Loss/l_total,0.15475225448608398
1786514966.2593076,57660,22,LR,4.796044907318962e-05
1786514981.6408145,57680,22,Loss/l_ce,0.07396554946899414
1786514981.6409924,57680,22,Loss/l_total,0.07396554946899414
1786514981.6410153,57680,22,LR,4.796044907318962e-05
1786514998.2091181,57700,22,Loss/l_ce,0.10178661346435547
1786514998.209345,57700,22,Loss/l_total,0.10178661346435547
1786514998.2093666,57700,22,LR,4.796044907318962e-05
1786515019.853141,57720,22,Loss/l_ce,0.08919477462768555
1786515019.8533297,57720,22,Loss/l_total,0.08919477462768555
1786515019.8533523,57720,22,LR,4.796044907318962e-05
1786515040.2687109,57740,22,Loss/l_ce,0.09067654609680176
1786515040.2690077,57740,22,Loss/l_total,0.09067654609680176
1786515040.2690656,57740,22,LR,4.796044907318962e-05
1786515056.3374338,57760,22,Loss/l_ce,0.11794877052307129
1786515056.3376026,57760,22,Loss/l_total,0.11794877052307129
1786515056.3376265,57760,22,LR,4.796044907318962e-05
1786515068.218935,57780,22,Loss/l_ce,0.2006676197052002
1786515068.2191155,57780,22,Loss/l_total,0.2006676197052002
1786515068.219139,57780,22,LR,4.796044907318962e-05
1786515081.6615255,57800,22,Loss/l_ce,0.1456913948059082
1786515081.6616848,57800,22,Loss/l_total,0.1456913948059082
1786515081.6617072,57800,22,LR,4.796044907318962e-05
1786515094.4684165,57820,22,Loss/l_ce,0.08260250091552734
1786515094.468566,57820,22,Loss/l_total,0.08260250091552734
1786515094.4685862,57820,22,LR,4.796044907318962e-05
1786515104.8213625,57840,22,Loss/l_ce,0.14864492416381836
1786515104.8215785,57840,22,Loss/l_total,0.14864492416381836
1786515104.8216069,57840,22,LR,4.796044907318962e-05
1786515120.2655857,57860,22,Loss/l_ce,0.08663153648376465
1786515120.2657661,57860,22,Loss/l_total,0.08663153648376465
1786515120.26579,57860,22,LR,4.796044907318962e-05
1786515134.520938,57880,22,Loss/l_ce,0.13652491569519043
1786515134.5211742,57880,22,Loss/l_total,0.13652491569519043
1786515134.5212004,57880,22,LR,4.796044907318962e-05
1786515149.8209014,57900,22,Loss/l_ce,0.11398625373840332
1786515149.8211508,57900,22,Loss/l_total,0.11398625373840332
1786515149.8211768,57900,22,LR,4.796044907318962e-05
1786515166.1650603,57920,22,Loss/l_ce,0.1122903823852539
1786515166.1652503,57920,22,Loss/l_total,0.1122903823852539
1786515166.165275,57920,22,LR,4.796044907318962e-05
1786515177.5455358,57940,22,Loss/l_ce,0.054903268814086914
1786515177.54569,57940,22,Loss/l_total,0.054903268814086914
1786515177.545714,57940,22,LR,4.796044907318962e-05
1786515194.8268862,57960,22,Loss/l_ce,0.696211576461792
1786515194.8271177,57960,22,Loss/l_total,0.696211576461792
1786515194.8271413,57960,22,LR,4.796044907318962e-05
1786515216.4186265,57980,22,Loss/l_ce,0.1273326873779297
1786515216.4188547,57980,22,Loss/l_total,0.1273326873779297
1786515216.4188786,57980,22,LR,4.796044907318962e-05
1786515232.0674896,58000,22,Loss/l_ce,0.07691454887390137
1786515232.067651,58000,22,Loss/l_total,0.07691454887390137
1786515232.0676723,58000,22,LR,4.796044907318962e-05
1786515255.3282213,58020,22,Loss/l_ce,0.11009883880615234
1786515255.3284104,58020,22,Loss/l_total,0.11009883880615234
1786515255.3284376,58020,22,LR,4.796044907318962e-05
1786515270.6643126,58040,22,Loss/l_ce,0.13181495666503906
1786515270.6645656,58040,22,Loss/l_total,0.13181495666503906
1786515270.664593,58040,22,LR,4.796044907318962e-05
1786515300.757448,58060,22,Loss/l_ce,0.0726613998413086
1786515300.7576666,58060,22,Loss/l_total,0.0726613998413086
1786515300.7576962,58060,22,LR,4.796044907318962e-05
1786515323.6669307,58080,22,Loss/l_ce,0.07993602752685547
1786515323.6671622,58080,22,Loss/l_total,0.07993602752685547
1786515323.667186,58080,22,LR,4.796044907318962e-05
1786515346.350218,58100,22,Loss/l_ce,0.0902414321899414
1786515346.3504565,58100,22,Loss/l_total,0.0902414321899414
1786515346.3507414,58100,22,LR,4.796044907318962e-05
1786515375.470824,58120,22,Loss/l_ce,0.0828409194946289
1786515375.4710567,58120,22,Loss/l_total,0.0828409194946289
1786515375.4710827,58120,22,LR,4.796044907318962e-05
1786515398.2855084,58140,22,Loss/l_ce,0.12999296188354492
1786515398.2856925,58140,22,Loss/l_total,0.12999296188354492
1786515398.285721,58140,22,LR,4.796044907318962e-05
1786515423.7509305,58160,22,Loss/l_ce,0.09450221061706543
1786515423.7511857,58160,22,Loss/l_total,0.09450221061706543
1786515423.7512105,58160,22,LR,4.796044907318962e-05
1786515441.8464375,58180,22,Loss/l_ce,0.2608017921447754
1786515441.846587,58180,22,Loss/l_total,0.2608017921447754
1786515441.8466108,58180,22,LR,4.796044907318962e-05
1786515467.8503568,58200,22,Loss/l_ce,0.07870984077453613
1786515467.8505394,58200,22,Loss/l_total,0.07870984077453613
1786515467.8505633,58200,22,LR,4.796044907318962e-05
1786515489.5974755,58220,22,Loss/l_ce,0.08448076248168945
1786515489.5976965,58220,22,Loss/l_total,0.08448076248168945
1786515489.5977213,58220,22,LR,4.796044907318962e-05
1786515517.162015,58240,22,Loss/l_ce,0.12773442268371582
1786515517.1622653,58240,22,Loss/l_total,0.12773442268371582
1786515517.1622891,58240,22,LR,4.796044907318962e-05
1786515537.6410003,58260,22,Loss/l_ce,0.13527250289916992
1786515537.641296,58260,22,Loss/l_total,0.13527250289916992
1786515537.641342,58260,22,LR,4.796044907318962e-05
1786515559.2962143,58280,22,Loss/l_ce,0.10251665115356445
1786515559.2963958,58280,22,Loss/l_total,0.10251665115356445
1786515559.2964208,58280,22,LR,4.796044907318962e-05
1786515583.690655,58300,22,Loss/l_ce,0.0915682315826416
1786515583.6908689,58300,22,Loss/l_total,0.0915682315826416
1786515583.6908937,58300,22,LR,4.796044907318962e-05
1786515607.893852,58320,22,Loss/l_ce,0.1338496208190918
1786515607.8940823,58320,22,Loss/l_total,0.1338496208190918
1786515607.894106,58320,22,LR,4.796044907318962e-05
1786515623.0593345,58340,22,Loss/l_ce,0.08594894409179688
1786515623.0595136,58340,22,Loss/l_total,0.08594894409179688
1786515623.0595362,58340,22,LR,4.796044907318962e-05
1786515644.6253316,58360,22,Loss/l_ce,0.08231425285339355
1786515644.6255429,58360,22,Loss/l_total,0.08231425285339355
1786515644.6255655,58360,22,LR,4.796044907318962e-05
1786515664.9002602,58380,22,Loss/l_ce,0.06720495223999023
1786515664.9004216,58380,22,Loss/l_total,0.06720495223999023
1786515664.9004467,58380,22,LR,4.796044907318962e-05
1786515687.7485025,58400,22,Loss/l_ce,0.09735822677612305
1786515687.7486627,58400,22,Loss/l_total,0.09735822677612305
1786515687.748691,58400,22,LR,4.796044907318962e-05
1786515714.110121,58420,22,Loss/l_ce,0.08194684982299805
1786515714.1103668,58420,22,Loss/l_total,0.08194684982299805
1786515714.1103892,58420,22,LR,4.796044907318962e-05
1786515750.9453843,58440,22,Loss/l_ce,0.06775927543640137
1786515750.9455752,58440,22,Loss/l_total,0.06775927543640137
1786515750.9455967,58440,22,LR,4.796044907318962e-05
1786515774.5171344,58460,22,Loss/l_ce,0.11964893341064453
1786515774.5173268,58460,22,Loss/l_total,0.11964893341064453
1786515774.5173495,58460,22,LR,4.796044907318962e-05
1786515796.3164835,58480,22,Loss/l_ce,0.1252889633178711
1786515796.316733,58480,22,Loss/l_total,0.1252889633178711
1786515796.316753,58480,22,LR,4.796044907318962e-05
1786515822.0092554,58500,22,Loss/l_ce,0.07702374458312988
1786515822.0094428,58500,22,Loss/l_total,0.07702374458312988
1786515822.0094678,58500,22,LR,4.796044907318962e-05
1786515839.6533353,58520,22,Loss/l_ce,0.08229637145996094
1786515839.6534956,58520,22,Loss/l_total,0.08229637145996094
1786515839.6535158,58520,22,LR,4.796044907318962e-05
1786515864.3014,58540,22,Loss/l_ce,0.12575125694274902
1786515864.301711,58540,22,Loss/l_total,0.12575125694274902
1786515864.301749,58540,22,LR,4.796044907318962e-05
1786515878.5105534,58560,22,Loss/l_ce,0.0704042911529541
1786515878.5108013,58560,22,Loss/l_total,0.0704042911529541
1786515878.5108242,58560,22,LR,4.796044907318962e-05
1786515893.142819,58580,22,Loss/l_ce,0.05634307861328125
1786515893.1430266,58580,22,Loss/l_total,0.05634307861328125
1786515893.143068,58580,22,LR,4.796044907318962e-05
1786515911.2831025,58600,22,Loss/l_ce,0.09267711639404297
1786515911.2832997,58600,22,Loss/l_total,0.09267711639404297
1786515911.283322,58600,22,LR,4.796044907318962e-05
1786515932.4178376,58620,22,Loss/l_ce,0.06539034843444824
1786515932.418114,58620,22,Loss/l_total,0.06539034843444824
1786515932.4181402,58620,22,LR,4.796044907318962e-05
1786515950.3427632,58640,22,Loss/l_ce,0.06763696670532227
1786515950.3429425,58640,22,Loss/l_total,0.06763696670532227
1786515950.3429663,58640,22,LR,4.796044907318962e-05
1786516095.6552896,58650,22,Val/avg_error,0.008109001442790031
1786516095.655742,58650,22,Val/acc,0.873486328125
1786516095.6557775,58650,22,Val/sparse_auc,0.9350511955492425
1786516095.6557977,58650,22,Val/sparse_pck_max,0.1
1786516095.6558251,58650,22,Val/sparse_pck_n,100.0
1786516104.9170144,58660,23,Loss/l_ce,0.961144208908081
1786516104.9172351,58660,23,Loss/l_total,0.961144208908081
1786516104.9172623,58660,23,LR,4.4494958626484255e-05
1786516118.7464988,58680,23,Loss/l_ce,0.1173086166381836
1786516118.746659,58680,23,Loss/l_total,0.1173086166381836
1786516118.7466838,58680,23,LR,4.4494958626484255e-05
1786516127.6534178,58700,23,Loss/l_ce,0.1919691562652588
1786516127.6536455,58700,23,Loss/l_total,0.1919691562652588
1786516127.653686,58700,23,LR,4.4494958626484255e-05
1786516145.8851054,58720,23,Loss/l_ce,0.06896209716796875
1786516145.8853037,58720,23,Loss/l_total,0.06896209716796875
1786516145.8853345,58720,23,LR,4.4494958626484255e-05
1786516160.6971815,58740,23,Loss/l_ce,0.08263611793518066
1786516160.6973453,58740,23,Loss/l_total,0.08263611793518066
1786516160.697369,58740,23,LR,4.4494958626484255e-05
1786516178.4365876,58760,23,Loss/l_ce,0.11184430122375488
1786516178.4367406,58760,23,Loss/l_total,0.11184430122375488
1786516178.4367657,58760,23,LR,4.4494958626484255e-05
1786516198.2232246,58780,23,Loss/l_ce,0.1531524658203125
1786516198.2233803,58780,23,Loss/l_total,0.1531524658203125
1786516198.2234037,58780,23,LR,4.4494958626484255e-05
1786516224.7718887,58800,23,Loss/l_ce,0.09375309944152832
1786516224.7720702,58800,23,Loss/l_total,0.09375309944152832
1786516224.7720926,58800,23,LR,4.4494958626484255e-05
1786516252.5999584,58820,23,Loss/l_ce,0.09165716171264648
1786516252.6001556,58820,23,Loss/l_total,0.09165716171264648
1786516252.6004572,58820,23,LR,4.4494958626484255e-05
1786516278.1980538,58840,23,Loss/l_ce,0.0781717300415039
1786516278.1982331,58840,23,Loss/l_total,0.0781717300415039
1786516278.198257,58840,23,LR,4.4494958626484255e-05
1786516301.0605164,58860,23,Loss/l_ce,0.1126708984375
1786516301.0607157,58860,23,Loss/l_total,0.1126708984375
1786516301.0607595,58860,23,LR,4.4494958626484255e-05
1786516325.7535648,58880,23,Loss/l_ce,0.15126848220825195
1786516325.7537239,58880,23,Loss/l_total,0.15126848220825195
1786516325.7537465,58880,23,LR,4.4494958626484255e-05
1786516349.9861584,58900,23,Loss/l_ce,0.09550595283508301
1786516349.9864113,58900,23,Loss/l_total,0.09550595283508301
1786516349.9864433,58900,23,LR,4.4494958626484255e-05
1786516365.9243393,58920,23,Loss/l_ce,0.07893991470336914
1786516365.924522,58920,23,Loss/l_total,0.07893991470336914
1786516365.9245446,58920,23,LR,4.4494958626484255e-05
1786516394.8439376,58940,23,Loss/l_ce,0.06757760047912598
1786516394.8441644,58940,23,Loss/l_total,0.06757760047912598
1786516394.8441904,58940,23,LR,4.4494958626484255e-05
1786516422.5384867,58960,23,Loss/l_ce,0.09475874900817871
1786516422.5388026,58960,23,Loss/l_total,0.09475874900817871
1786516422.5388253,58960,23,LR,4.4494958626484255e-05
1786516444.946521,58980,23,Loss/l_ce,0.08507275581359863
1786516444.9467657,58980,23,Loss/l_total,0.08507275581359863
1786516444.9467907,58980,23,LR,4.4494958626484255e-05
1786516469.193373,59000,23,Loss/l_ce,0.08401942253112793
1786516469.193551,59000,23,Loss/l_total,0.08401942253112793
1786516469.1935737,59000,23,LR,4.4494958626484255e-05
1786516496.21586,59020,23,Loss/l_ce,0.07943463325500488
1786516496.2160914,59020,23,Loss/l_total,0.07943463325500488
1786516496.2161164,59020,23,LR,4.4494958626484255e-05
1786516513.535894,59040,23,Loss/l_ce,0.056066036224365234
1786516513.5360758,59040,23,Loss/l_total,0.056066036224365234
1786516513.5360982,59040,23,LR,4.4494958626484255e-05
1786516533.5207815,59060,23,Loss/l_ce,0.11635184288024902
1786516533.5209394,59060,23,Loss/l_total,0.11635184288024902
1786516533.5209594,59060,23,LR,4.4494958626484255e-05
1786516551.3052006,59080,23,Loss/l_ce,0.09588074684143066
1786516551.305374,59080,23,Loss/l_total,0.09588074684143066
1786516551.3053987,59080,23,LR,4.4494958626484255e-05
1786516575.356411,59100,23,Loss/l_ce,0.06322598457336426
1786516575.3566246,59100,23,Loss/l_total,0.06322598457336426
1786516575.3566494,59100,23,LR,4.4494958626484255e-05
1786516593.2212443,59120,23,Loss/l_ce,0.1159365177154541
1786516593.2213905,59120,23,Loss/l_total,0.1159365177154541
1786516593.221414,59120,23,LR,4.4494958626484255e-05
1786516610.5952284,59140,23,Loss/l_ce,0.10978436470031738
1786516610.5954504,59140,23,Loss/l_total,0.10978436470031738
1786516610.5954766,59140,23,LR,4.4494958626484255e-05
1786516635.0966845,59160,23,Loss/l_ce,0.08187174797058105
1786516635.0968509,59160,23,Loss/l_total,0.08187174797058105
1786516635.0968735,59160,23,LR,4.4494958626484255e-05
1786516662.0887296,59180,23,Loss/l_ce,1.979128360748291
1786516662.0889516,59180,23,Loss/l_total,1.979128360748291
1786516662.0889754,59180,23,LR,4.4494958626484255e-05
1786516682.2072794,59200,23,Loss/l_ce,0.0915672779083252
1786516682.2075143,59200,23,Loss/l_total,0.0915672779083252
1786516682.2075405,59200,23,LR,4.4494958626484255e-05
1786516706.7041981,59220,23,Loss/l_ce,0.07749104499816895
1786516706.7043562,59220,23,Loss/l_total,0.07749104499816895
1786516706.7043786,59220,23,LR,4.4494958626484255e-05
1786516730.2241669,59240,23,Loss/l_ce,0.1582355499267578
1786516730.2243888,59240,23,Loss/l_total,0.1582355499267578
1786516730.2244136,59240,23,LR,4.4494958626484255e-05
1786516750.625656,59260,23,Loss/l_ce,0.09669637680053711
1786516750.6258695,59260,23,Loss/l_total,0.09669637680053711
1786516750.6258922,59260,23,LR,4.4494958626484255e-05
1786516775.47274,59280,23,Loss/l_ce,0.09158992767333984
1786516775.4729655,59280,23,Loss/l_total,0.09158992767333984
1786516775.4729905,59280,23,LR,4.4494958626484255e-05
1786516798.2704122,59300,23,Loss/l_ce,0.08580636978149414
1786516798.270632,59300,23,Loss/l_total,0.08580636978149414
1786516798.2706554,59300,23,LR,4.4494958626484255e-05
1786516825.587616,59320,23,Loss/l_ce,0.09288763999938965
1786516825.5878644,59320,23,Loss/l_total,0.09288763999938965
1786516825.5878878,59320,23,LR,4.4494958626484255e-05
1786516840.3406591,59340,23,Loss/l_ce,0.07822322845458984
1786516840.3408432,59340,23,Loss/l_total,0.07822322845458984
1786516840.3408647,59340,23,LR,4.4494958626484255e-05
1786516861.7386742,59360,23,Loss/l_ce,0.051857948303222656
1786516861.7388272,59360,23,Loss/l_total,0.051857948303222656
1786516861.738851,59360,23,LR,4.4494958626484255e-05
1786516883.0700915,59380,23,Loss/l_ce,0.12155771255493164
1786516883.0702693,59380,23,Loss/l_total,0.12155771255493164
1786516883.0702956,59380,23,LR,4.4494958626484255e-05
1786516913.807963,59400,23,Loss/l_ce,0.10297966003417969
1786516913.8081837,59400,23,Loss/l_total,0.10297966003417969
1786516913.8082087,59400,23,LR,4.4494958626484255e-05
1786516929.6796594,59420,23,Loss/l_ce,0.10441064834594727
1786516929.6799004,59420,23,Loss/l_total,0.10441064834594727
1786516929.6799266,59420,23,LR,4.4494958626484255e-05
1786516951.2343278,59440,23,Loss/l_ce,0.08381247520446777
1786516951.2345047,59440,23,Loss/l_total,0.08381247520446777
1786516951.2345285,59440,23,LR,4.4494958626484255e-05
1786516973.3323984,59460,23,Loss/l_ce,0.0758676528930664
1786516973.332624,59460,23,Loss/l_total,0.0758676528930664
1786516973.3326464,59460,23,LR,4.4494958626484255e-05
1786516995.6299918,59480,23,Loss/l_ce,0.07739686965942383
1786516995.6302931,59480,23,Loss/l_total,0.07739686965942383
1786516995.6303194,59480,23,LR,4.4494958626484255e-05
1786517016.8922682,59500,23,Loss/l_ce,0.06666707992553711
1786517016.8924952,59500,23,Loss/l_total,0.06666707992553711
1786517016.8927076,59500,23,LR,4.4494958626484255e-05
1786517030.9551425,59520,23,Loss/l_ce,0.09724593162536621
1786517030.9552956,59520,23,Loss/l_total,0.09724593162536621
1786517030.9553194,59520,23,LR,4.4494958626484255e-05
1786517051.7632213,59540,23,Loss/l_ce,0.09956789016723633
1786517051.763378,59540,23,Loss/l_total,0.09956789016723633
1786517051.7634006,59540,23,LR,4.4494958626484255e-05
1786517073.2646294,59560,23,Loss/l_ce,0.08809423446655273
1786517073.2648547,59560,23,Loss/l_total,0.08809423446655273
1786517073.2648785,59560,23,LR,4.4494958626484255e-05
1786517080.4227579,59580,23,Loss/l_ce,0.06610751152038574
1786517080.4229455,59580,23,Loss/l_total,0.06610751152038574
1786517080.4229765,59580,23,LR,4.4494958626484255e-05
1786517090.9580586,59600,23,Loss/l_ce,0.13916754722595215
1786517090.9582245,59600,23,Loss/l_total,0.13916754722595215
1786517090.9582462,59600,23,LR,4.4494958626484255e-05
1786517101.404764,59620,23,Loss/l_ce,2.0590367317199707
1786517101.4049408,59620,23,Loss/l_total,2.0590367317199707
1786517101.4049659,59620,23,LR,4.4494958626484255e-05
1786517111.8678496,59640,23,Loss/l_ce,0.07404518127441406
1786517111.868024,59640,23,Loss/l_total,0.07404518127441406
1786517111.8680656,59640,23,LR,4.4494958626484255e-05
1786517118.8817503,59660,23,Loss/l_ce,0.05169939994812012
1786517118.881907,59660,23,Loss/l_total,0.05169939994812012
1786517118.8819294,59660,23,LR,4.4494958626484255e-05
1786517127.5493214,59680,23,Loss/l_ce,0.05344104766845703
1786517127.5494888,59680,23,Loss/l_total,0.05344104766845703
1786517127.5495105,59680,23,LR,4.4494958626484255e-05
1786517135.7426474,59700,23,Loss/l_ce,0.07846283912658691
1786517135.742797,59700,23,Loss/l_total,0.07846283912658691
1786517135.742818,59700,23,LR,4.4494958626484255e-05
1786517142.6186826,59720,23,Loss/l_ce,0.06381654739379883
1786517142.6188443,59720,23,Loss/l_total,0.06381654739379883
1786517142.6188667,59720,23,LR,4.4494958626484255e-05
1786517150.6717517,59740,23,Loss/l_ce,0.14995431900024414
1786517150.6719203,59740,23,Loss/l_total,0.14995431900024414
1786517150.6719465,59740,23,LR,4.4494958626484255e-05
1786517158.4192855,59760,23,Loss/l_ce,0.03717374801635742
1786517158.4194708,59760,23,Loss/l_total,0.03717374801635742
1786517158.4194956,59760,23,LR,4.4494958626484255e-05
1786517167.7130218,59780,23,Loss/l_ce,0.07212972640991211
1786517167.7132032,59780,23,Loss/l_total,0.07212972640991211
1786517167.713226,59780,23,LR,4.4494958626484255e-05
1786517177.3312137,59800,23,Loss/l_ce,0.08539533615112305
1786517177.3313885,59800,23,Loss/l_total,0.08539533615112305
1786517177.3314216,59800,23,LR,4.4494958626484255e-05
1786517184.6825254,59820,23,Loss/l_ce,0.054680824279785156
1786517184.6827059,59820,23,Loss/l_total,0.054680824279785156
1786517184.6827297,59820,23,LR,4.4494958626484255e-05
1786517194.5733116,59840,23,Loss/l_ce,0.19027423858642578
1786517194.5735037,59840,23,Loss/l_total,0.19027423858642578
1786517194.5735288,59840,23,LR,4.4494958626484255e-05
1786517222.570577,59860,23,Loss/l_ce,0.19419503211975098
1786517222.570824,59860,23,Loss/l_total,0.19419503211975098
1786517222.5708451,59860,23,LR,4.4494958626484255e-05
1786517242.8362968,59880,23,Loss/l_ce,0.10819554328918457
1786517242.836514,59880,23,Loss/l_total,0.10819554328918457
1786517242.8365388,59880,23,LR,4.4494958626484255e-05
1786517265.5737903,59900,23,Loss/l_ce,0.06500840187072754
1786517265.5740266,59900,23,Loss/l_total,0.06500840187072754
1786517265.574239,59900,23,LR,4.4494958626484255e-05
1786517280.4255462,59920,23,Loss/l_ce,0.06718063354492188
1786517280.4257019,59920,23,Loss/l_total,0.06718063354492188
1786517280.4257255,59920,23,LR,4.4494958626484255e-05
1786517303.5873883,59940,23,Loss/l_ce,0.13334131240844727
1786517303.5876338,59940,23,Loss/l_total,0.13334131240844727
1786517303.5876565,59940,23,LR,4.4494958626484255e-05
1786517333.2859669,59960,23,Loss/l_ce,0.08624792098999023
1786517333.2862175,59960,23,Loss/l_total,0.08624792098999023
1786517333.2862437,59960,23,LR,4.4494958626484255e-05
1786517352.4632635,59980,23,Loss/l_ce,0.1151280403137207
1786517352.463489,59980,23,Loss/l_total,0.1151280403137207
1786517352.463513,59980,23,LR,4.4494958626484255e-05
1786517367.954696,60000,23,Loss/l_ce,0.10897350311279297
1786517367.954912,60000,23,Loss/l_total,0.10897350311279297
1786517367.9549346,60000,23,LR,4.4494958626484255e-05
1786517400.491807,60020,23,Loss/l_ce,0.06641793251037598
1786517400.4919732,60020,23,Loss/l_total,0.06641793251037598
1786517400.4919982,60020,23,LR,4.4494958626484255e-05
1786517421.1739738,60040,23,Loss/l_ce,0.11487126350402832
1786517421.1742196,60040,23,Loss/l_total,0.11487126350402832
1786517421.1742444,60040,23,LR,4.4494958626484255e-05
1786517442.222392,60060,23,Loss/l_ce,0.09970808029174805
1786517442.2225807,60060,23,Loss/l_total,0.09970808029174805
1786517442.2226055,60060,23,LR,4.4494958626484255e-05
1786517462.3417113,60080,23,Loss/l_ce,0.13859343528747559
1786517462.341899,60080,23,Loss/l_total,0.13859343528747559
1786517462.3419347,60080,23,LR,4.4494958626484255e-05
1786517484.444815,60100,23,Loss/l_ce,0.08446621894836426
1786517484.445,60100,23,Loss/l_total,0.08446621894836426
1786517484.4452744,60100,23,LR,4.4494958626484255e-05
1786517502.1589549,60120,23,Loss/l_ce,0.10906505584716797
1786517502.1591294,60120,23,Loss/l_total,0.10906505584716797
1786517502.1591518,60120,23,LR,4.4494958626484255e-05
1786517521.206056,60140,23,Loss/l_ce,0.08388090133666992
1786517521.206252,60140,23,Loss/l_total,0.08388090133666992
1786517521.206276,60140,23,LR,4.4494958626484255e-05
1786517548.1280684,60160,23,Loss/l_ce,0.0735936164855957
1786517548.1282191,60160,23,Loss/l_total,0.0735936164855957
1786517548.1282394,60160,23,LR,4.4494958626484255e-05
1786517581.9890716,60180,23,Loss/l_ce,0.10092449188232422
1786517581.9892662,60180,23,Loss/l_total,0.10092449188232422
1786517581.989296,60180,23,LR,4.4494958626484255e-05
1786517606.3592057,60200,23,Loss/l_ce,0.07302308082580566
1786517606.3593633,60200,23,Loss/l_total,0.07302308082580566
1786517606.359386,60200,23,LR,4.4494958626484255e-05
1786517633.1725647,60220,23,Loss/l_ce,0.07345247268676758
1786517633.172744,60220,23,Loss/l_total,0.07345247268676758
1786517633.1727655,60220,23,LR,4.4494958626484255e-05
1786517651.6921349,60240,23,Loss/l_ce,0.1514298915863037
1786517651.692401,60240,23,Loss/l_total,0.1514298915863037
1786517651.6924257,60240,23,LR,4.4494958626484255e-05
1786517684.707555,60260,23,Loss/l_ce,0.04666757583618164
1786517684.7077556,60260,23,Loss/l_total,0.04666757583618164
1786517684.7077758,60260,23,LR,4.4494958626484255e-05
1786517699.9126616,60280,23,Loss/l_ce,0.0880575180053711
1786517699.912835,60280,23,Loss/l_total,0.0880575180053711
1786517699.9128609,60280,23,LR,4.4494958626484255e-05
1786517727.4504395,60300,23,Loss/l_ce,0.09563946723937988
1786517727.4506304,60300,23,Loss/l_total,0.09563946723937988
1786517727.4506543,60300,23,LR,4.4494958626484255e-05
1786517756.0243142,60320,23,Loss/l_ce,0.09120392799377441
1786517756.024486,60320,23,Loss/l_total,0.09120392799377441
1786517756.0245078,60320,23,LR,4.4494958626484255e-05
1786517776.5377522,60340,23,Loss/l_ce,0.07448554039001465
1786517776.5379956,60340,23,Loss/l_total,0.07448554039001465
1786517776.538018,60340,23,LR,4.4494958626484255e-05
1786517801.1467764,60360,23,Loss/l_ce,0.10027790069580078
1786517801.146933,60360,23,Loss/l_total,0.10027790069580078
1786517801.1469557,60360,23,LR,4.4494958626484255e-05
1786517817.669001,60380,23,Loss/l_ce,0.09015202522277832
1786517817.6692352,60380,23,Loss/l_total,0.09015202522277832
1786517817.6692612,60380,23,LR,4.4494958626484255e-05
1786517837.7649832,60400,23,Loss/l_ce,0.16237592697143555
1786517837.7651675,60400,23,Loss/l_total,0.16237592697143555
1786517837.765191,60400,23,LR,4.4494958626484255e-05
1786517859.434198,60420,23,Loss/l_ce,0.10608410835266113
1786517859.4343987,60420,23,Loss/l_total,0.10608410835266113
1786517859.4344234,60420,23,LR,4.4494958626484255e-05
1786517883.4356494,60440,23,Loss/l_ce,0.06579351425170898
1786517883.4358463,60440,23,Loss/l_total,0.06579351425170898
1786517883.4358702,60440,23,LR,4.4494958626484255e-05
1786517911.0325904,60460,23,Loss/l_ce,0.09647750854492188
1786517911.0328407,60460,23,Loss/l_total,0.09647750854492188
1786517911.032869,60460,23,LR,4.4494958626484255e-05
1786517936.4971356,60480,23,Loss/l_ce,0.05528116226196289
1786517936.4974012,60480,23,Loss/l_total,0.05528116226196289
1786517936.4974632,60480,23,LR,4.4494958626484255e-05
1786517965.9228423,60500,23,Loss/l_ce,0.10126590728759766
1786517965.923112,60500,23,Loss/l_total,0.10126590728759766
1786517965.923143,60500,23,LR,4.4494958626484255e-05
1786517993.6231213,60520,23,Loss/l_ce,0.18997645378112793
1786517993.6232884,60520,23,Loss/l_total,0.18997645378112793
1786517993.623311,60520,23,LR,4.4494958626484255e-05
1786518016.952256,60540,23,Loss/l_ce,0.08646321296691895
1786518016.9524198,60540,23,Loss/l_total,0.08646321296691895
1786518016.952445,60540,23,LR,4.4494958626484255e-05
1786518040.424927,60560,23,Loss/l_ce,0.09599876403808594
1786518040.4251137,60560,23,Loss/l_total,0.09599876403808594
1786518040.4251385,60560,23,LR,4.4494958626484255e-05
1786518057.8633022,60580,23,Loss/l_ce,0.06616759300231934
1786518057.8635123,60580,23,Loss/l_total,0.06616759300231934
1786518057.8635445,60580,23,LR,4.4494958626484255e-05
1786518084.217451,60600,23,Loss/l_ce,0.10793805122375488
1786518084.217603,60600,23,Loss/l_total,0.10793805122375488
1786518084.217621,60600,23,LR,4.4494958626484255e-05
1786518100.5236332,60620,23,Loss/l_ce,0.10206341743469238
1786518100.523784,60620,23,Loss/l_total,0.10206341743469238
1786518100.5238078,60620,23,LR,4.4494958626484255e-05
1786518125.4062357,60640,23,Loss/l_ce,0.10079669952392578
1786518125.4064188,60640,23,Loss/l_total,0.10079669952392578
1786518125.4064386,60640,23,LR,4.4494958626484255e-05
1786518142.472416,60660,23,Loss/l_ce,0.16350984573364258
1786518142.472575,60660,23,Loss/l_total,0.16350984573364258
1786518142.4725976,60660,23,LR,4.4494958626484255e-05
1786518155.5045,60680,23,Loss/l_ce,0.3552732467651367
1786518155.5046735,60680,23,Loss/l_total,0.3552732467651367
1786518155.5047078,60680,23,LR,4.4494958626484255e-05
1786518168.7178938,60700,23,Loss/l_ce,0.06094217300415039
1786518168.7181292,60700,23,Loss/l_total,0.06094217300415039
1786518168.7181563,60700,23,LR,4.4494958626484255e-05
1786518182.045894,60720,23,Loss/l_ce,0.08054900169372559
1786518182.0461268,60720,23,Loss/l_total,0.08054900169372559
1786518182.046407,60720,23,LR,4.4494958626484255e-05
1786518190.6682642,60740,23,Loss/l_ce,0.060251712799072266
1786518190.6684744,60740,23,Loss/l_total,0.060251712799072266
1786518190.6685004,60740,23,LR,4.4494958626484255e-05
1786518205.2658322,60760,23,Loss/l_ce,0.09915876388549805
1786518205.2660153,60760,23,Loss/l_total,0.09915876388549805
1786518205.266059,60760,23,LR,4.4494958626484255e-05
1786518222.8427317,60780,23,Loss/l_ce,0.10063409805297852
1786518222.8429406,60780,23,Loss/l_total,0.10063409805297852
1786518222.842968,60780,23,LR,4.4494958626484255e-05
1786518231.8478472,60800,23,Loss/l_ce,0.0856485366821289
1786518231.8480704,60800,23,Loss/l_total,0.0856485366821289
1786518231.8480978,60800,23,LR,4.4494958626484255e-05
1786518245.9711676,60820,23,Loss/l_ce,0.09139466285705566
1786518245.9713564,60820,23,Loss/l_total,0.09139466285705566
1786518245.97138,60820,23,LR,4.4494958626484255e-05
1786518261.7681441,60840,23,Loss/l_ce,0.07695865631103516
1786518261.7683058,60840,23,Loss/l_total,0.07695865631103516
1786518261.7683306,60840,23,LR,4.4494958626484255e-05
1786518275.7730637,60860,23,Loss/l_ce,0.08196663856506348
1786518275.7732537,60860,23,Loss/l_total,0.08196663856506348
1786518275.773276,60860,23,LR,4.4494958626484255e-05
1786518294.2823474,60880,23,Loss/l_ce,0.18014097213745117
1786518294.2825363,60880,23,Loss/l_total,0.18014097213745117
1786518294.2825587,60880,23,LR,4.4494958626484255e-05
1786518313.5416727,60900,23,Loss/l_ce,0.07405447959899902
1786518313.5418875,60900,23,Loss/l_total,0.07405447959899902
1786518313.5419114,60900,23,LR,4.4494958626484255e-05
1786518332.7503965,60920,23,Loss/l_ce,0.3944892883300781
1786518332.7506695,60920,23,Loss/l_total,0.3944892883300781
1786518332.7506933,60920,23,LR,4.4494958626484255e-05
1786518350.9931,60940,23,Loss/l_ce,0.1463298797607422
1786518350.9932616,60940,23,Loss/l_total,0.1463298797607422
1786518350.9932888,60940,23,LR,4.4494958626484255e-05
1786518374.5127618,60960,23,Loss/l_ce,0.07552576065063477
1786518374.5129602,60960,23,Loss/l_total,0.07552576065063477
1786518374.5129838,60960,23,LR,4.4494958626484255e-05
1786518397.432707,60980,23,Loss/l_ce,0.11766839027404785
1786518397.432909,60980,23,Loss/l_total,0.11766839027404785
1786518397.4329302,60980,23,LR,4.4494958626484255e-05
1786518416.980979,61000,23,Loss/l_ce,0.028240680694580078
1786518416.9811854,61000,23,Loss/l_total,0.028240680694580078
1786518416.981208,61000,23,LR,4.4494958626484255e-05
1786518446.8619456,61020,23,Loss/l_ce,1.623469591140747
1786518446.862507,61020,23,Loss/l_total,1.623469591140747
1786518446.862539,61020,23,LR,4.4494958626484255e-05
1786518472.5480833,61040,23,Loss/l_ce,0.10883736610412598
1786518472.5484786,61040,23,Loss/l_total,0.10883736610412598
1786518472.5485296,61040,23,LR,4.4494958626484255e-05
1786518497.1627119,61060,23,Loss/l_ce,0.06303763389587402
1786518497.1628804,61060,23,Loss/l_total,0.06303763389587402
1786518497.162903,61060,23,LR,4.4494958626484255e-05
1786518514.3667018,61080,23,Loss/l_ce,0.14223909378051758
1786518514.3669736,61080,23,Loss/l_total,0.14223909378051758
1786518514.367001,61080,23,LR,4.4494958626484255e-05
1786518528.2752366,61100,23,Loss/l_ce,0.11544227600097656
1786518528.275447,61100,23,Loss/l_total,0.11544227600097656
1786518528.2754717,61100,23,LR,4.4494958626484255e-05
1786518551.2627902,61120,23,Loss/l_ce,0.18271708488464355
1786518551.262954,61120,23,Loss/l_total,0.18271708488464355
1786518551.2629764,61120,23,LR,4.4494958626484255e-05
1786518572.261954,61140,23,Loss/l_ce,1.2017836570739746
1786518572.26241,61140,23,Loss/l_total,1.2017836570739746
1786518572.2624726,61140,23,LR,4.4494958626484255e-05
1786518598.9424696,61160,23,Loss/l_ce,0.07811236381530762
1786518598.9426346,61160,23,Loss/l_total,0.07811236381530762
1786518598.942656,61160,23,LR,4.4494958626484255e-05
1786518622.0591178,61180,23,Loss/l_ce,0.0685276985168457
1786518622.0593293,61180,23,Loss/l_total,0.0685276985168457
1786518622.0593529,61180,23,LR,4.4494958626484255e-05
1786518636.9015076,61200,23,Loss/l_ce,0.08618545532226562
1786518636.901752,61200,23,Loss/l_total,0.08618545532226562
1786518636.9017782,61200,23,LR,4.4494958626484255e-05
1786518773.4876976,61200,23,Val/avg_error,0.0111443642526865
1786518773.4880219,61200,23,Val/acc,0.835595703125
1786518773.4880655,61200,23,Val/sparse_auc,0.9151344992897728
1786518773.4880857,61200,23,Val/sparse_pck_max,0.1
1786518773.4881036,61200,23,Val/sparse_pck_n,100.0
1786518799.6259224,61220,24,Loss/l_ce,0.10927844047546387
1786518799.626165,61220,24,Loss/l_total,0.10927844047546387
1786518799.6261876,61220,24,LR,4.109423525312736e-05
1786518830.826895,61240,24,Loss/l_ce,0.09916019439697266
1786518830.8270755,61240,24,Loss/l_total,0.09916019439697266
1786518830.8271017,61240,24,LR,4.109423525312736e-05
1786518849.6653376,61260,24,Loss/l_ce,0.07183551788330078
1786518849.665524,61260,24,Loss/l_total,0.07183551788330078
1786518849.6655464,61260,24,LR,4.109423525312736e-05
1786518870.9768,61280,24,Loss/l_ce,0.06460356712341309
1786518870.9769733,61280,24,Loss/l_total,0.06460356712341309
1786518870.9769983,61280,24,LR,4.109423525312736e-05
1786518896.3998072,61300,24,Loss/l_ce,0.12105798721313477
1786518896.4000044,61300,24,Loss/l_total,0.12105798721313477
1786518896.4000282,61300,24,LR,4.109423525312736e-05
1786518915.6237938,61320,24,Loss/l_ce,0.0790858268737793
1786518915.6240623,61320,24,Loss/l_total,0.0790858268737793
1786518915.6240933,61320,24,LR,4.109423525312736e-05
1786518945.656074,61340,24,Loss/l_ce,0.0939638614654541
1786518945.6562307,61340,24,Loss/l_total,0.0939638614654541
1786518945.656251,61340,24,LR,4.109423525312736e-05
1786518966.0475886,61360,24,Loss/l_ce,0.08968544006347656
1786518966.0477417,61360,24,Loss/l_total,0.08968544006347656
1786518966.0477939,61360,24,LR,4.109423525312736e-05
1786518991.0532472,61380,24,Loss/l_ce,0.07490396499633789
1786518991.053454,61380,24,Loss/l_total,0.07490396499633789
1786518991.0534894,61380,24,LR,4.109423525312736e-05
1786519009.5879962,61400,24,Loss/l_ce,0.09032368659973145
1786519009.588186,61400,24,Loss/l_total,0.09032368659973145
1786519009.5882113,61400,24,LR,4.109423525312736e-05
1786519037.6104121,61420,24,Loss/l_ce,0.0661172866821289
1786519037.610653,61420,24,Loss/l_total,0.0661172866821289
1786519037.6113572,61420,24,LR,4.109423525312736e-05
1786519059.9944518,61440,24,Loss/l_ce,0.08044815063476562
1786519059.9946845,61440,24,Loss/l_total,0.08044815063476562
1786519059.9947069,61440,24,LR,4.109423525312736e-05
1786519084.4562416,61460,24,Loss/l_ce,0.08277702331542969
1786519084.4564495,61460,24,Loss/l_total,0.08277702331542969
1786519084.456477,61460,24,LR,4.109423525312736e-05
1786519095.0671833,61480,24,Loss/l_ce,0.09879159927368164
1786519095.0674052,61480,24,Loss/l_total,0.09879159927368164
1786519095.0674553,61480,24,LR,4.109423525312736e-05
1786519112.3060503,61500,24,Loss/l_ce,0.1219792366027832
1786519112.3061988,61500,24,Loss/l_total,0.1219792366027832
1786519112.3062212,61500,24,LR,4.109423525312736e-05
1786519123.5979044,61520,24,Loss/l_ce,0.1331188678741455
1786519123.5980802,61520,24,Loss/l_total,0.1331188678741455
1786519123.5981038,61520,24,LR,4.109423525312736e-05
1786519135.4339182,61540,24,Loss/l_ce,0.09832310676574707
1786519135.4341094,61540,24,Loss/l_total,0.09832310676574707
1786519135.4341354,61540,24,LR,4.109423525312736e-05
1786519147.0307188,61560,24,Loss/l_ce,0.1067802906036377
1786519147.0308623,61560,24,Loss/l_total,0.1067802906036377
1786519147.0308862,61560,24,LR,4.109423525312736e-05
1786519161.5913072,61580,24,Loss/l_ce,0.08142352104187012
1786519161.5914748,61580,24,Loss/l_total,0.08142352104187012
1786519161.5914962,61580,24,LR,4.109423525312736e-05
1786519172.3848114,61600,24,Loss/l_ce,0.08282852172851562
1786519172.3850193,61600,24,Loss/l_total,0.08282852172851562
1786519172.3850775,61600,24,LR,4.109423525312736e-05
1786519181.125807,61620,24,Loss/l_ce,0.08344149589538574
1786519181.1259673,61620,24,Loss/l_total,0.08344149589538574
1786519181.1259935,61620,24,LR,4.109423525312736e-05
1786519190.1263328,61640,24,Loss/l_ce,1.984025001525879
1786519190.1264834,61640,24,Loss/l_total,1.984025001525879
1786519190.1265109,61640,24,LR,4.109423525312736e-05
1786519200.2879,61660,24,Loss/l_ce,0.17435050010681152
1786519200.2881007,61660,24,Loss/l_total,0.17435050010681152
1786519200.2881277,61660,24,LR,4.109423525312736e-05
1786519211.363679,61680,24,Loss/l_ce,0.17860698699951172
1786519211.3638654,61680,24,Loss/l_total,0.17860698699951172
1786519211.3638892,61680,24,LR,4.109423525312736e-05
1786519221.3524349,61700,24,Loss/l_ce,0.11425256729125977
1786519221.3526034,61700,24,Loss/l_total,0.11425256729125977
1786519221.3526285,61700,24,LR,4.109423525312736e-05
1786519241.3604598,61720,24,Loss/l_ce,0.05977606773376465
1786519241.3606606,61720,24,Loss/l_total,0.05977606773376465
1786519241.360688,61720,24,LR,4.109423525312736e-05
1786519259.621394,61740,24,Loss/l_ce,0.06894516944885254
1786519259.6215436,61740,24,Loss/l_total,0.06894516944885254
1786519259.6215649,61740,24,LR,4.109423525312736e-05
1786519277.1317184,61760,24,Loss/l_ce,0.07587528228759766
1786519277.1319795,61760,24,Loss/l_total,0.07587528228759766
1786519277.1320057,61760,24,LR,4.109423525312736e-05
1786519297.281355,61780,24,Loss/l_ce,0.09405112266540527
1786519297.2816055,61780,24,Loss/l_total,0.09405112266540527
1786519297.2816281,61780,24,LR,4.109423525312736e-05
1786519321.1852388,61800,24,Loss/l_ce,0.09319067001342773
1786519321.1854312,61800,24,Loss/l_total,0.09319067001342773
1786519321.1854584,61800,24,LR,4.109423525312736e-05
1786519348.2367952,61820,24,Loss/l_ce,0.13393807411193848
1786519348.2370172,61820,24,Loss/l_total,0.13393807411193848
1786519348.2370682,61820,24,LR,4.109423525312736e-05
1786519368.441208,61840,24,Loss/l_ce,0.22685599327087402
1786519368.4414392,61840,24,Loss/l_total,0.22685599327087402
1786519368.4414654,61840,24,LR,4.109423525312736e-05
1786519386.1127872,61860,24,Loss/l_ce,0.11210155487060547
1786519386.1129687,61860,24,Loss/l_total,0.11210155487060547
1786519386.1129913,61860,24,LR,4.109423525312736e-05
1786519411.0216799,61880,24,Loss/l_ce,0.08199071884155273
1786519411.0218472,61880,24,Loss/l_total,0.08199071884155273
1786519411.02187,61880,24,LR,4.109423525312736e-05
1786519432.3005838,61900,24,Loss/l_ce,0.07443976402282715
1786519432.3007634,61900,24,Loss/l_total,0.07443976402282715
1786519432.300787,61900,24,LR,4.109423525312736e-05
1786519451.233838,61920,24,Loss/l_ce,0.12058854103088379
1786519451.2340033,61920,24,Loss/l_total,0.12058854103088379
1786519451.2340484,61920,24,LR,4.109423525312736e-05
1786519477.326704,61940,24,Loss/l_ce,0.06673765182495117
1786519477.3269143,61940,24,Loss/l_total,0.06673765182495117
1786519477.3269382,61940,24,LR,4.109423525312736e-05
1786519494.6978273,61960,24,Loss/l_ce,0.12362861633300781
1786519494.6984873,61960,24,Loss/l_total,0.12362861633300781
1786519494.6985135,61960,24,LR,4.109423525312736e-05
1786519512.4413435,61980,24,Loss/l_ce,0.09220361709594727
1786519512.4415834,61980,24,Loss/l_total,0.09220361709594727
1786519512.4416072,61980,24,LR,4.109423525312736e-05
1786519533.4424996,62000,24,Loss/l_ce,0.10592889785766602
1786519533.442762,62000,24,Loss/l_total,0.10592889785766602
1786519533.442787,62000,24,LR,4.109423525312736e-05
1786519558.6531003,62020,24,Loss/l_ce,0.10715532302856445
1786519558.653301,62020,24,Loss/l_total,0.10715532302856445
1786519558.6533234,62020,24,LR,4.109423525312736e-05
1786519582.9279256,62040,24,Loss/l_ce,0.08215641975402832
1786519582.9281487,62040,24,Loss/l_total,0.08215641975402832
1786519582.9281712,62040,24,LR,4.109423525312736e-05
1786519605.7671142,62060,24,Loss/l_ce,0.12166023254394531
1786519605.7672946,62060,24,Loss/l_total,0.12166023254394531
1786519605.7673163,62060,24,LR,4.109423525312736e-05
1786519631.8225868,62080,24,Loss/l_ce,0.10793614387512207
1786519631.8227482,62080,24,Loss/l_total,0.10793614387512207
1786519631.8227732,62080,24,LR,4.109423525312736e-05
1786519652.0747292,62100,24,Loss/l_ce,0.06633663177490234
1786519652.0749087,62100,24,Loss/l_total,0.06633663177490234
1786519652.07493,62100,24,LR,4.109423525312736e-05
1786519670.1650634,62120,24,Loss/l_ce,1.1091587543487549
1786519670.1652272,62120,24,Loss/l_total,1.1091587543487549
1786519670.165257,62120,24,LR,4.109423525312736e-05
1786519690.3422313,62140,24,Loss/l_ce,0.09522414207458496
1786519690.3424392,62140,24,Loss/l_total,0.09522414207458496
1786519690.3424747,62140,24,LR,4.109423525312736e-05
1786519706.620353,62160,24,Loss/l_ce,0.0676569938659668
1786519706.6205025,62160,24,Loss/l_total,0.0676569938659668
1786519706.6205273,62160,24,LR,4.109423525312736e-05
1786519726.1319277,62180,24,Loss/l_ce,0.07472968101501465
1786519726.1322424,62180,24,Loss/l_total,0.07472968101501465
1786519726.1322744,62180,24,LR,4.109423525312736e-05
1786519744.9783204,62200,24,Loss/l_ce,0.058602333068847656
1786519744.9785767,62200,24,Loss/l_total,0.058602333068847656
1786519744.9786005,62200,24,LR,4.109423525312736e-05
1786519773.1911747,62220,24,Loss/l_ce,0.24745678901672363
1786519773.19145,62220,24,Loss/l_total,0.24745678901672363
1786519773.1914773,62220,24,LR,4.109423525312736e-05
1786519798.7808392,62240,24,Loss/l_ce,0.1093144416809082
1786519798.7810683,62240,24,Loss/l_total,0.1093144416809082
1786519798.7811003,62240,24,LR,4.109423525312736e-05
1786519820.789157,62260,24,Loss/l_ce,0.09485626220703125
1786519820.7893455,62260,24,Loss/l_total,0.09485626220703125
1786519820.7893693,62260,24,LR,4.109423525312736e-05
1786519834.9693036,62280,24,Loss/l_ce,0.0825657844543457
1786519834.9694552,62280,24,Loss/l_total,0.0825657844543457
1786519834.969485,62280,24,LR,4.109423525312736e-05
1786519854.6807506,62300,24,Loss/l_ce,0.10146164894104004
1786519854.680904,62300,24,Loss/l_total,0.10146164894104004
1786519854.6809266,62300,24,LR,4.109423525312736e-05
1786519882.5891786,62320,24,Loss/l_ce,0.10405278205871582
1786519882.5893555,62320,24,Loss/l_total,0.10405278205871582
1786519882.589378,62320,24,LR,4.109423525312736e-05
1786519912.5652583,62340,24,Loss/l_ce,0.06730246543884277
1786519912.565416,62340,24,Loss/l_total,0.06730246543884277
1786519912.56544,62340,24,LR,4.109423525312736e-05
1786519932.1479285,62360,24,Loss/l_ce,0.08195328712463379
1786519932.1481304,62360,24,Loss/l_total,0.08195328712463379
1786519932.1481576,62360,24,LR,4.109423525312736e-05
1786519948.8302252,62380,24,Loss/l_ce,0.14660930633544922
1786519948.8304186,62380,24,Loss/l_total,0.14660930633544922
1786519948.8304424,62380,24,LR,4.109423525312736e-05
1786519971.783284,62400,24,Loss/l_ce,0.09332966804504395
1786519971.783443,62400,24,Loss/l_total,0.09332966804504395
1786519971.7834644,62400,24,LR,4.109423525312736e-05
1786519989.1271281,62420,24,Loss/l_ce,0.061982154846191406
1786519989.127336,62420,24,Loss/l_total,0.061982154846191406
1786519989.127374,62420,24,LR,4.109423525312736e-05
1786520009.4784079,62440,24,Loss/l_ce,0.07220602035522461
1786520009.4785633,62440,24,Loss/l_total,0.07220602035522461
1786520009.478586,62440,24,LR,4.109423525312736e-05
1786520029.5556712,62460,24,Loss/l_ce,0.11105871200561523
1786520029.5558383,62460,24,Loss/l_total,0.11105871200561523
1786520029.5558636,62460,24,LR,4.109423525312736e-05
1786520049.6099746,62480,24,Loss/l_ce,0.11909317970275879
1786520049.6102083,62480,24,Loss/l_total,0.11909317970275879
1786520049.610232,62480,24,LR,4.109423525312736e-05
1786520070.172208,62500,24,Loss/l_ce,0.0946798324584961
1786520070.1724315,62500,24,Loss/l_total,0.0946798324584961
1786520070.1724575,62500,24,LR,4.109423525312736e-05
1786520095.0785992,62520,24,Loss/l_ce,0.046599626541137695
1786520095.0787656,62520,24,Loss/l_total,0.046599626541137695
1786520095.0787892,62520,24,LR,4.109423525312736e-05
1786520106.0957296,62540,24,Loss/l_ce,0.08702468872070312
1786520106.0958972,62540,24,Loss/l_total,0.08702468872070312
1786520106.0959222,62540,24,LR,4.109423525312736e-05
1786520120.0399086,62560,24,Loss/l_ce,0.14619874954223633
1786520120.0400856,62560,24,Loss/l_total,0.14619874954223633
1786520120.0401115,62560,24,LR,4.109423525312736e-05
1786520131.27655,62580,24,Loss/l_ce,0.09176278114318848
1786520131.2767248,62580,24,Loss/l_total,0.09176278114318848
1786520131.2767522,62580,24,LR,4.109423525312736e-05
1786520144.8135562,62600,24,Loss/l_ce,0.15328407287597656
1786520144.8137236,62600,24,Loss/l_total,0.15328407287597656
1786520144.8137472,62600,24,LR,4.109423525312736e-05
1786520155.1819735,62620,24,Loss/l_ce,0.11563324928283691
1786520155.182179,62620,24,Loss/l_total,0.11563324928283691
1786520155.182204,62620,24,LR,4.109423525312736e-05
1786520164.8155694,62640,24,Loss/l_ce,0.09009289741516113
1786520164.8157237,62640,24,Loss/l_total,0.09009289741516113
1786520164.8157473,62640,24,LR,4.109423525312736e-05
1786520174.5640264,62660,24,Loss/l_ce,0.08860111236572266
1786520174.5642116,62660,24,Loss/l_total,0.08860111236572266
1786520174.5642343,62660,24,LR,4.109423525312736e-05
1786520186.0445745,62680,24,Loss/l_ce,0.07460498809814453
1786520186.0447276,62680,24,Loss/l_total,0.07460498809814453
1786520186.04475,62680,24,LR,4.109423525312736e-05
1786520198.892271,62700,24,Loss/l_ce,0.058185577392578125
1786520198.8924458,62700,24,Loss/l_total,0.058185577392578125
1786520198.8924694,62700,24,LR,4.109423525312736e-05
1786520214.2225835,62720,24,Loss/l_ce,0.11712002754211426
1786520214.22277,62720,24,Loss/l_total,0.11712002754211426
1786520214.2227924,62720,24,LR,4.109423525312736e-05
1786520226.0616727,62740,24,Loss/l_ce,0.057385921478271484
1786520226.061846,62740,24,Loss/l_total,0.057385921478271484
1786520226.061866,62740,24,LR,4.109423525312736e-05
1786520249.710302,62760,24,Loss/l_ce,0.17827630043029785
1786520249.710541,62760,24,Loss/l_total,0.17827630043029785
1786520249.7105646,62760,24,LR,4.109423525312736e-05
1786520261.7659934,62780,24,Loss/l_ce,0.20725297927856445
1786520261.7662117,62780,24,Loss/l_total,0.20725297927856445
1786520261.766238,62780,24,LR,4.109423525312736e-05
1786520280.149782,62800,24,Loss/l_ce,0.3962881565093994
1786520280.1500065,62800,24,Loss/l_total,0.3962881565093994
1786520280.1500552,62800,24,LR,4.109423525312736e-05
1786520306.682944,62820,24,Loss/l_ce,0.05001497268676758
1786520306.6831875,62820,24,Loss/l_total,0.05001497268676758
1786520306.6832087,62820,24,LR,4.109423525312736e-05
1786520330.2371583,62840,24,Loss/l_ce,0.08141040802001953
1786520330.2373164,62840,24,Loss/l_total,0.08141040802001953
1786520330.2373388,62840,24,LR,4.109423525312736e-05
1786520347.1905093,62860,24,Loss/l_ce,0.10853767395019531
1786520347.190819,62860,24,Loss/l_total,0.10853767395019531
1786520347.1908453,62860,24,LR,4.109423525312736e-05
1786520368.6577592,62880,24,Loss/l_ce,0.18343186378479004
1786520368.6579423,62880,24,Loss/l_total,0.18343186378479004
1786520368.6579695,62880,24,LR,4.109423525312736e-05
1786520396.061648,62900,24,Loss/l_ce,0.3046236038208008
1786520396.0619743,62900,24,Loss/l_total,0.3046236038208008
1786520396.0619957,62900,24,LR,4.109423525312736e-05
1786520419.9415388,62920,24,Loss/l_ce,0.2509598731994629
1786520419.9417253,62920,24,Loss/l_total,0.2509598731994629
1786520419.9417467,62920,24,LR,4.109423525312736e-05
1786520438.3824658,62940,24,Loss/l_ce,0.10262370109558105
1786520438.3826976,62940,24,Loss/l_total,0.10262370109558105
1786520438.38272,62940,24,LR,4.109423525312736e-05
1786520468.3218272,62960,24,Loss/l_ce,0.09297657012939453
1786520468.3220148,62960,24,Loss/l_total,0.09297657012939453
1786520468.3220682,62960,24,LR,4.109423525312736e-05
1786520480.002896,62980,24,Loss/l_ce,0.10027170181274414
1786520480.0031073,62980,24,Loss/l_total,0.10027170181274414
1786520480.003136,62980,24,LR,4.109423525312736e-05
1786520510.8600793,63000,24,Loss/l_ce,0.08701419830322266
1786520510.8603477,63000,24,Loss/l_total,0.08701419830322266
1786520510.8603761,63000,24,LR,4.109423525312736e-05
1786520527.406358,63020,24,Loss/l_ce,1.9481630325317383
1786520527.4065232,63020,24,Loss/l_total,1.9481630325317383
1786520527.4065466,63020,24,LR,4.109423525312736e-05
1786520553.7754526,63040,24,Loss/l_ce,0.1938612461090088
1786520553.7757282,63040,24,Loss/l_total,0.1938612461090088
1786520553.775753,63040,24,LR,4.109423525312736e-05
1786520573.7883465,63060,24,Loss/l_ce,0.10122489929199219
1786520573.7885578,63060,24,Loss/l_total,0.10122489929199219
1786520573.7885816,63060,24,LR,4.109423525312736e-05
1786520596.3500729,63080,24,Loss/l_ce,0.07923221588134766
1786520596.35029,63080,24,Loss/l_total,0.07923221588134766
1786520596.3503127,63080,24,LR,4.109423525312736e-05
1786520627.836579,63100,24,Loss/l_ce,0.11373090744018555
1786520627.8367844,63100,24,Loss/l_total,0.11373090744018555
1786520627.8368058,63100,24,LR,4.109423525312736e-05
1786520650.5507958,63120,24,Loss/l_ce,0.1228485107421875
1786520650.5511258,63120,24,Loss/l_total,0.1228485107421875
1786520650.5511734,63120,24,LR,4.109423525312736e-05
1786520676.7637665,63140,24,Loss/l_ce,0.07868313789367676
1786520676.7639709,63140,24,Loss/l_total,0.07868313789367676
1786520676.7639885,63140,24,LR,4.109423525312736e-05
1786520690.9468398,63160,24,Loss/l_ce,0.14300775527954102
1786520690.9470177,63160,24,Loss/l_total,0.14300775527954102
1786520690.9471033,63160,24,LR,4.109423525312736e-05
1786520718.3947973,63180,24,Loss/l_ce,0.10759186744689941
1786520718.3949742,63180,24,Loss/l_total,0.10759186744689941
1786520718.3949978,63180,24,LR,4.109423525312736e-05
1786520739.2252996,63200,24,Loss/l_ce,0.08786940574645996
1786520739.225447,63200,24,Loss/l_total,0.08786940574645996
1786520739.2254922,63200,24,LR,4.109423525312736e-05
1786520759.5574017,63220,24,Loss/l_ce,0.10242986679077148
1786520759.557702,63220,24,Loss/l_total,0.10242986679077148
1786520759.5577292,63220,24,LR,4.109423525312736e-05
1786520779.7354496,63240,24,Loss/l_ce,0.09126687049865723
1786520779.7356849,63240,24,Loss/l_total,0.09126687049865723
1786520779.7357156,63240,24,LR,4.109423525312736e-05
1786520811.6583142,63260,24,Loss/l_ce,0.0650177001953125
1786520811.658561,63260,24,Loss/l_total,0.0650177001953125
1786520811.6585836,63260,24,LR,4.109423525312736e-05
1786520837.4042933,63280,24,Loss/l_ce,0.08822298049926758
1786520837.4045286,63280,24,Loss/l_total,0.08822298049926758
1786520837.4045548,63280,24,LR,4.109423525312736e-05
1786520861.7548578,63300,24,Loss/l_ce,0.060691118240356445
1786520861.755112,63300,24,Loss/l_total,0.060691118240356445
1786520861.7551403,63300,24,LR,4.109423525312736e-05
1786520875.7927787,63320,24,Loss/l_ce,0.08891463279724121
1786520875.7929616,63320,24,Loss/l_total,0.08891463279724121
1786520875.795107,63320,24,LR,4.109423525312736e-05
1786520899.6715767,63340,24,Loss/l_ce,0.07497048377990723
1786520899.6718025,63340,24,Loss/l_total,0.07497048377990723
1786520899.6718287,63340,24,LR,4.109423525312736e-05
1786520913.3119059,63360,24,Loss/l_ce,0.09172391891479492
1786520913.3121228,63360,24,Loss/l_total,0.09172391891479492
1786520913.312167,63360,24,LR,4.109423525312736e-05
1786520925.6754847,63380,24,Loss/l_ce,0.0798346996307373
1786520925.6756296,63380,24,Loss/l_total,0.0798346996307373
1786520925.6756496,63380,24,LR,4.109423525312736e-05
1786520950.083711,63400,24,Loss/l_ce,0.11890673637390137
1786520950.0839198,63400,24,Loss/l_total,0.11890673637390137
1786520950.0839424,63400,24,LR,4.109423525312736e-05
1786520973.65209,63420,24,Loss/l_ce,0.14776849746704102
1786520973.652286,63420,24,Loss/l_total,0.14776849746704102
1786520973.6523087,63420,24,LR,4.109423525312736e-05
1786520994.8321595,63440,24,Loss/l_ce,0.06555843353271484
1786520994.8323565,63440,24,Loss/l_total,0.06555843353271484
1786520994.8323836,63440,24,LR,4.109423525312736e-05
1786521019.761555,63460,24,Loss/l_ce,0.14821887016296387
1786521019.7617285,63460,24,Loss/l_total,0.14821887016296387
1786521019.7617497,63460,24,LR,4.109423525312736e-05
1786521040.3700743,63480,24,Loss/l_ce,0.08079004287719727
1786521040.3702393,63480,24,Loss/l_total,0.08079004287719727
1786521040.3702607,63480,24,LR,4.109423525312736e-05
1786521062.1936436,63500,24,Loss/l_ce,0.11060571670532227
1786521062.193864,63500,24,Loss/l_total,0.11060571670532227
1786521062.1938915,63500,24,LR,4.109423525312736e-05
1786521077.275192,63520,24,Loss/l_ce,0.10738897323608398
1786521077.2753584,63520,24,Loss/l_total,0.10738897323608398
1786521077.2753823,63520,24,LR,4.109423525312736e-05
1786521102.338682,63540,24,Loss/l_ce,0.12251591682434082
1786521102.338937,63540,24,Loss/l_total,0.12251591682434082
1786521102.3389573,63540,24,LR,4.109423525312736e-05
1786521123.7697728,63560,24,Loss/l_ce,0.08787894248962402
1786521123.7699282,63560,24,Loss/l_total,0.08787894248962402
1786521123.769952,63560,24,LR,4.109423525312736e-05
1786521136.9511554,63580,24,Loss/l_ce,0.1838233470916748
1786521136.951318,63580,24,Loss/l_total,0.1838233470916748
1786521136.9513419,63580,24,LR,4.109423525312736e-05
1786521150.5003083,63600,24,Loss/l_ce,0.13436341285705566
1786521150.5004637,63600,24,Loss/l_total,0.13436341285705566
1786521150.5004873,63600,24,LR,4.109423525312736e-05
1786521167.351096,63620,24,Loss/l_ce,0.15305185317993164
1786521167.3512785,63620,24,Loss/l_total,0.15305185317993164
1786521167.3512998,63620,24,LR,4.109423525312736e-05
1786521182.1437376,63640,24,Loss/l_ce,0.10347604751586914
1786521182.1439323,63640,24,Loss/l_total,0.10347604751586914
1786521182.143954,63640,24,LR,4.109423525312736e-05
1786521201.5845077,63660,24,Loss/l_ce,0.06697511672973633
1786521201.5846953,63660,24,Loss/l_total,0.06697511672973633
1786521201.5847237,63660,24,LR,4.109423525312736e-05
1786521211.7016284,63680,24,Loss/l_ce,0.08868694305419922
1786521211.701897,63680,24,Loss/l_total,0.08868694305419922
1786521211.7019265,63680,24,LR,4.109423525312736e-05
1786521224.424968,63700,24,Loss/l_ce,0.10720348358154297
1786521224.4252124,63700,24,Loss/l_total,0.10720348358154297
1786521224.4252374,63700,24,LR,4.109423525312736e-05
1786521235.0723972,63720,24,Loss/l_ce,0.06804609298706055
1786521235.0725837,63720,24,Loss/l_total,0.06804609298706055
1786521235.0726085,63720,24,LR,4.109423525312736e-05
1786521243.8846302,63740,24,Loss/l_ce,0.07819271087646484
1786521243.8848166,63740,24,Loss/l_total,0.07819271087646484
1786521243.8848464,63740,24,LR,4.109423525312736e-05
1786521376.0848076,63750,24,Val/avg_error,0.009747751988470554
1786521376.085094,63750,24,Val/acc,0.851611328125
1786521376.0851173,63750,24,Val/sparse_auc,0.9234143189709595
1786521376.0851355,63750,24,Val/sparse_pck_max,0.1
1786521376.0851533,63750,24,Val/sparse_pck_n,100.0
1786521397.4986866,63760,25,Loss/l_ce,0.06953287124633789
1786521397.4988706,63760,25,Loss/l_total,0.06953287124633789
1786521397.498898,63760,25,LR,3.7779245543570955e-05
1786521429.7285972,63780,25,Loss/l_ce,0.1412501335144043
1786521429.7287695,63780,25,Loss/l_total,0.1412501335144043
1786521429.7288003,63780,25,LR,3.7779245543570955e-05
1786521455.236683,63800,25,Loss/l_ce,0.09810137748718262
1786521455.2369015,63800,25,Loss/l_total,0.09810137748718262
1786521455.237095,63800,25,LR,3.7779245543570955e-05
1786521478.536652,63820,25,Loss/l_ce,0.08480596542358398
1786521478.536816,63820,25,Loss/l_total,0.08480596542358398
1786521478.536841,63820,25,LR,3.7779245543570955e-05
1786521497.448897,63840,25,Loss/l_ce,1.4070208072662354
1786521497.449101,63840,25,Loss/l_total,1.4070208072662354
1786521497.4491284,63840,25,LR,3.7779245543570955e-05
1786521517.27752,63860,25,Loss/l_ce,0.11310458183288574
1786521517.277761,63860,25,Loss/l_total,0.11310458183288574
1786521517.2777872,63860,25,LR,3.7779245543570955e-05
1786521536.0269344,63880,25,Loss/l_ce,0.08419609069824219
1786521536.0271099,63880,25,Loss/l_total,0.08419609069824219
1786521536.0271347,63880,25,LR,3.7779245543570955e-05
1786521547.5938213,63900,25,Loss/l_ce,0.09827113151550293
1786521547.5939693,63900,25,Loss/l_total,0.09827113151550293
1786521547.593992,63900,25,LR,3.7779245543570955e-05
1786521574.6094525,63920,25,Loss/l_ce,0.07292485237121582
1786521574.6096213,63920,25,Loss/l_total,0.07292485237121582
1786521574.6096473,63920,25,LR,3.7779245543570955e-05
1786521594.3817825,63940,25,Loss/l_ce,0.13084006309509277
1786521594.3819284,63940,25,Loss/l_total,0.13084006309509277
1786521594.38195,63940,25,LR,3.7779245543570955e-05
1786521611.0458014,63960,25,Loss/l_ce,0.06163597106933594
1786521611.0460863,63960,25,Loss/l_total,0.06163597106933594
1786521611.0461137,63960,25,LR,3.7779245543570955e-05
1786521634.8211515,63980,25,Loss/l_ce,0.12826108932495117
1786521634.821509,63980,25,Loss/l_total,0.12826108932495117
1786521634.8215399,63980,25,LR,3.7779245543570955e-05
1786521656.0467129,64000,25,Loss/l_ce,0.10333538055419922
1786521656.0469372,64000,25,Loss/l_total,0.10333538055419922
1786521656.0469608,64000,25,LR,3.7779245543570955e-05
1786521673.0708876,64020,25,Loss/l_ce,0.06524991989135742
1786521673.0710895,64020,25,Loss/l_total,0.06524991989135742
1786521673.071113,64020,25,LR,3.7779245543570955e-05
1786521706.6252604,64040,25,Loss/l_ce,0.3084402084350586
1786521706.6254575,64040,25,Loss/l_total,0.3084402084350586
1786521706.6254787,64040,25,LR,3.7779245543570955e-05
1786521726.6211503,64060,25,Loss/l_ce,0.11287569999694824
1786521726.621314,64060,25,Loss/l_total,0.11287569999694824
1786521726.621338,64060,25,LR,3.7779245543570955e-05
1786521748.5465102,64080,25,Loss/l_ce,0.09322786331176758
1786521748.546693,64080,25,Loss/l_total,0.09322786331176758
1786521748.5467181,64080,25,LR,3.7779245543570955e-05
1786521767.9325264,64100,25,Loss/l_ce,0.0924072265625
1786521767.9327414,64100,25,Loss/l_total,0.0924072265625
1786521767.9327662,64100,25,LR,3.7779245543570955e-05
1786521786.7805104,64120,25,Loss/l_ce,0.1232612133026123
1786521786.7806685,64120,25,Loss/l_total,0.1232612133026123
1786521786.7806885,64120,25,LR,3.7779245543570955e-05
1786521808.0709708,64140,25,Loss/l_ce,0.06585144996643066
1786521808.0711527,64140,25,Loss/l_total,0.06585144996643066
1786521808.0711775,64140,25,LR,3.7779245543570955e-05
1786521830.7932842,64160,25,Loss/l_ce,0.08039093017578125
1786521830.793486,64160,25,Loss/l_total,0.08039093017578125
1786521830.7935097,64160,25,LR,3.7779245543570955e-05
1786521848.797377,64180,25,Loss/l_ce,0.0656895637512207
1786521848.797567,64180,25,Loss/l_total,0.0656895637512207
1786521848.7975905,64180,25,LR,3.7779245543570955e-05
1786521881.1206846,64200,25,Loss/l_ce,0.10395574569702148
1786521881.1209054,64200,25,Loss/l_total,0.10395574569702148
1786521881.1209302,64200,25,LR,3.7779245543570955e-05
1786521908.4464746,64220,25,Loss/l_ce,0.06371545791625977
1786521908.4466324,64220,25,Loss/l_total,0.06371545791625977
1786521908.4466572,64220,25,LR,3.7779245543570955e-05
1786521927.3829148,64240,25,Loss/l_ce,0.07105731964111328
1786521927.383113,64240,25,Loss/l_total,0.07105731964111328
1786521927.3831391,64240,25,LR,3.7779245543570955e-05
1786521947.3993084,64260,25,Loss/l_ce,0.10288000106811523
1786521947.3994868,64260,25,Loss/l_total,0.10288000106811523
1786521947.3995116,64260,25,LR,3.7779245543570955e-05
1786521976.0468805,64280,25,Loss/l_ce,0.13181614875793457
1786521976.047061,64280,25,Loss/l_total,0.13181614875793457
1786521976.0470884,64280,25,LR,3.7779245543570955e-05
1786521988.9784944,64300,25,Loss/l_ce,0.1130518913269043
1786521988.9786763,64300,25,Loss/l_total,0.1130518913269043
1786521988.9786997,64300,25,LR,3.7779245543570955e-05
1786522010.378418,64320,25,Loss/l_ce,0.11654281616210938
1786522010.378596,64320,25,Loss/l_total,0.11654281616210938
1786522010.3786223,64320,25,LR,3.7779245543570955e-05
1786522033.9868634,64340,25,Loss/l_ce,0.2010056972503662
1786522033.9870856,64340,25,Loss/l_total,0.2010056972503662
1786522033.9871116,64340,25,LR,3.7779245543570955e-05
1786522042.0957472,64360,25,Loss/l_ce,0.07836246490478516
1786522042.0959256,64360,25,Loss/l_total,0.07836246490478516
1786522042.0959516,64360,25,LR,3.7779245543570955e-05
1786522056.6071563,64380,25,Loss/l_ce,0.2028045654296875
1786522056.607409,64380,25,Loss/l_total,0.2028045654296875
1786522056.607435,64380,25,LR,3.7779245543570955e-05
1786522068.921657,64400,25,Loss/l_ce,0.0465703010559082
1786522068.9218674,64400,25,Loss/l_total,0.0465703010559082
1786522068.9218898,64400,25,LR,3.7779245543570955e-05
1786522081.5962224,64420,25,Loss/l_ce,0.09465980529785156
1786522081.5964398,64420,25,Loss/l_total,0.09465980529785156
1786522081.5964658,64420,25,LR,3.7779245543570955e-05
1786522092.5794203,64440,25,Loss/l_ce,0.0699005126953125
1786522092.5795748,64440,25,Loss/l_total,0.0699005126953125
1786522092.5796008,64440,25,LR,3.7779245543570955e-05
1786522103.5353937,64460,25,Loss/l_ce,0.070892333984375
1786522103.5355306,64460,25,Loss/l_total,0.070892333984375
1786522103.535553,64460,25,LR,3.7779245543570955e-05
1786522115.344459,64480,25,Loss/l_ce,0.06335639953613281
1786522115.344624,64480,25,Loss/l_total,0.06335639953613281
1786522115.3446512,64480,25,LR,3.7779245543570955e-05
1786522137.3007536,64500,25,Loss/l_ce,0.13894867897033691
1786522137.3009481,64500,25,Loss/l_total,0.13894867897033691
1786522137.3009684,64500,25,LR,3.7779245543570955e-05
1786522144.8806243,64520,25,Loss/l_ce,0.05970621109008789
1786522144.8807847,64520,25,Loss/l_total,0.05970621109008789
1786522144.8808072,64520,25,LR,3.7779245543570955e-05
1786522162.851781,64540,25,Loss/l_ce,0.10291695594787598
1786522162.8519564,64540,25,Loss/l_total,0.10291695594787598
1786522162.8519802,64540,25,LR,3.7779245543570955e-05
1786522181.07356,64560,25,Loss/l_ce,0.08428549766540527
1786522181.0738046,64560,25,Loss/l_total,0.08428549766540527
1786522181.0738297,64560,25,LR,3.7779245543570955e-05
1786522209.788427,64580,25,Loss/l_ce,0.08676385879516602
1786522209.788592,64580,25,Loss/l_total,0.08676385879516602
1786522209.7886136,64580,25,LR,3.7779245543570955e-05
1786522231.9318483,64600,25,Loss/l_ce,0.08193182945251465
1786522231.9320476,64600,25,Loss/l_total,0.08193182945251465
1786522231.932076,64600,25,LR,3.7779245543570955e-05
1786522242.9675343,64620,25,Loss/l_ce,0.06392955780029297
1786522242.9677112,64620,25,Loss/l_total,0.06392955780029297
1786522242.967749,64620,25,LR,3.7779245543570955e-05
1786522261.2617624,64640,25,Loss/l_ce,0.1055135726928711
1786522261.2619324,64640,25,Loss/l_total,0.1055135726928711
1786522261.2619548,64640,25,LR,3.7779245543570955e-05
1786522279.7098012,64660,25,Loss/l_ce,0.08272814750671387
1786522279.7099605,64660,25,Loss/l_total,0.08272814750671387
1786522279.7099829,64660,25,LR,3.7779245543570955e-05
1786522295.9713807,64680,25,Loss/l_ce,0.0982205867767334
1786522295.971548,64680,25,Loss/l_total,0.0982205867767334
1786522295.9715743,64680,25,LR,3.7779245543570955e-05
1786522320.4631827,64700,25,Loss/l_ce,0.06613564491271973
1786522320.4635148,64700,25,Loss/l_total,0.06613564491271973
1786522320.46354,64700,25,LR,3.7779245543570955e-05
1786522332.8067284,64720,25,Loss/l_ce,0.07262110710144043
1786522332.807012,64720,25,Loss/l_total,0.07262110710144043
1786522332.8070598,64720,25,LR,3.7779245543570955e-05
1786522341.569628,64740,25,Loss/l_ce,0.04664969444274902
1786522341.569875,64740,25,Loss/l_total,0.04664969444274902
1786522341.5699294,64740,25,LR,3.7779245543570955e-05
1786522353.6354675,64760,25,Loss/l_ce,0.14865517616271973
1786522353.635616,64760,25,Loss/l_total,0.14865517616271973
1786522353.6356397,64760,25,LR,3.7779245543570955e-05
1786522379.548897,64780,25,Loss/l_ce,0.08745837211608887
1786522379.5490942,64780,25,Loss/l_total,0.08745837211608887
1786522379.5491252,64780,25,LR,3.7779245543570955e-05
1786522413.218732,64800,25,Loss/l_ce,0.11732888221740723
1786522413.2188873,64800,25,Loss/l_total,0.11732888221740723
1786522413.21891,64800,25,LR,3.7779245543570955e-05
1786522432.2550077,64820,25,Loss/l_ce,0.0650639533996582
1786522432.255181,64820,25,Loss/l_total,0.0650639533996582
1786522432.2552035,64820,25,LR,3.7779245543570955e-05
1786522449.8383121,64840,25,Loss/l_ce,0.09804391860961914
1786522449.8385012,64840,25,Loss/l_total,0.09804391860961914
1786522449.838526,64840,25,LR,3.7779245543570955e-05
1786522467.1349144,64860,25,Loss/l_ce,0.10511994361877441
1786522467.1351435,64860,25,Loss/l_total,0.10511994361877441
1786522467.135172,64860,25,LR,3.7779245543570955e-05
1786522484.5538316,64880,25,Loss/l_ce,0.12216997146606445
1786522484.5539906,64880,25,Loss/l_total,0.12216997146606445
1786522484.5540144,64880,25,LR,3.7779245543570955e-05
1786522500.8295636,64900,25,Loss/l_ce,0.11377310752868652
1786522500.8297396,64900,25,Loss/l_total,0.11377310752868652
1786522500.8297634,64900,25,LR,3.7779245543570955e-05
1786522522.333749,64920,25,Loss/l_ce,0.04574942588806152
1786522522.3339057,64920,25,Loss/l_total,0.04574942588806152
1786522522.333928,64920,25,LR,3.7779245543570955e-05
1786522550.5511827,64940,25,Loss/l_ce,0.08308815956115723
1786522550.551385,64940,25,Loss/l_total,0.08308815956115723
1786522550.5514097,64940,25,LR,3.7779245543570955e-05
1786522567.8962896,64960,25,Loss/l_ce,0.06538200378417969
1786522567.8964632,64960,25,Loss/l_total,0.06538200378417969
1786522567.8964856,64960,25,LR,3.7779245543570955e-05
1786522587.8958278,64980,25,Loss/l_ce,0.09799790382385254
1786522587.8960023,64980,25,Loss/l_total,0.09799790382385254
1786522587.896064,64980,25,LR,3.7779245543570955e-05
1786522606.8958151,65000,25,Loss/l_ce,0.11088371276855469
1786522606.8960001,65000,25,Loss/l_total,0.11088371276855469
1786522606.8960254,65000,25,LR,3.7779245543570955e-05
1786522625.4227595,65020,25,Loss/l_ce,0.0654599666595459
1786522625.4229317,65020,25,Loss/l_total,0.0654599666595459
1786522625.4229555,65020,25,LR,3.7779245543570955e-05
1786522648.9766371,65040,25,Loss/l_ce,0.0941309928894043
1786522648.9767973,65040,25,Loss/l_total,0.0941309928894043
1786522648.97682,65040,25,LR,3.7779245543570955e-05
1786522672.5504699,65060,25,Loss/l_ce,0.07873725891113281
1786522672.550629,65060,25,Loss/l_total,0.07873725891113281
1786522672.5506513,65060,25,LR,3.7779245543570955e-05
1786522687.6799428,65080,25,Loss/l_ce,0.10879373550415039
1786522687.6801803,65080,25,Loss/l_total,0.10879373550415039
1786522687.6802027,65080,25,LR,3.7779245543570955e-05
1786522711.4260228,65100,25,Loss/l_ce,0.10060691833496094
1786522711.4262316,65100,25,Loss/l_total,0.10060691833496094
1786522711.4262555,65100,25,LR,3.7779245543570955e-05
1786522731.9003003,65120,25,Loss/l_ce,1.6624367237091064
1786522731.900515,65120,25,Loss/l_total,1.6624367237091064
1786522731.9006517,65120,25,LR,3.7779245543570955e-05
1786522755.6311488,65140,25,Loss/l_ce,0.2346477508544922
1786522755.6315858,65140,25,Loss/l_total,0.2346477508544922
1786522755.6316226,65140,25,LR,3.7779245543570955e-05
1786522773.2097468,65160,25,Loss/l_ce,0.0753471851348877
1786522773.2099395,65160,25,Loss/l_total,0.0753471851348877
1786522773.2099643,65160,25,LR,3.7779245543570955e-05
1786522791.9446115,65180,25,Loss/l_ce,0.11209797859191895
1786522791.9448407,65180,25,Loss/l_total,0.11209797859191895
1786522791.9448655,65180,25,LR,3.7779245543570955e-05
1786522815.5976186,65200,25,Loss/l_ce,0.1783308982849121
1786522815.597774,65200,25,Loss/l_total,0.1783308982849121
1786522815.5978026,65200,25,LR,3.7779245543570955e-05
1786522836.8283472,65220,25,Loss/l_ce,0.13796591758728027
1786522836.8285644,65220,25,Loss/l_total,0.13796591758728027
1786522836.8285906,65220,25,LR,3.7779245543570955e-05
1786522853.408928,65240,25,Loss/l_ce,0.0596463680267334
1786522853.4091463,65240,25,Loss/l_total,0.0596463680267334
1786522853.4091702,65240,25,LR,3.7779245543570955e-05
1786522877.6489034,65260,25,Loss/l_ce,0.08022260665893555
1786522877.649091,65260,25,Loss/l_total,0.08022260665893555
1786522877.6491158,65260,25,LR,3.7779245543570955e-05
1786522901.6088123,65280,25,Loss/l_ce,0.12412190437316895
1786522901.608982,65280,25,Loss/l_total,0.12412190437316895
1786522901.6090071,65280,25,LR,3.7779245543570955e-05
1786522920.1300645,65300,25,Loss/l_ce,0.13453269004821777
1786522920.130233,65300,25,Loss/l_total,0.13453269004821777
1786522920.1302593,65300,25,LR,3.7779245543570955e-05
1786522943.5535927,65320,25,Loss/l_ce,0.05992484092712402
1786522943.5537825,65320,25,Loss/l_total,0.05992484092712402
1786522943.5538087,65320,25,LR,3.7779245543570955e-05
1786522953.6233673,65340,25,Loss/l_ce,0.13295745849609375
1786522953.623619,65340,25,Loss/l_total,0.13295745849609375
1786522953.6236455,65340,25,LR,3.7779245543570955e-05
1786522965.7642896,65360,25,Loss/l_ce,0.09321928024291992
1786522965.7646253,65360,25,Loss/l_total,0.09321928024291992
1786522965.7646506,65360,25,LR,3.7779245543570955e-05
1786522973.778523,65380,25,Loss/l_ce,0.07526826858520508
1786522973.7786796,65380,25,Loss/l_total,0.07526826858520508
1786522973.7787035,65380,25,LR,3.7779245543570955e-05
1786522983.3387272,65400,25,Loss/l_ce,0.11162829399108887
1786522983.3389814,65400,25,Loss/l_total,0.11162829399108887
1786522983.3390086,65400,25,LR,3.7779245543570955e-05
1786522990.600152,65420,25,Loss/l_ce,0.5033612251281738
1786522990.6003304,65420,25,Loss/l_total,0.5033612251281738
1786522990.6003537,65420,25,LR,3.7779245543570955e-05
1786523001.1441808,65440,25,Loss/l_ce,0.06599760055541992
1786523001.144423,65440,25,Loss/l_total,0.06599760055541992
1786523001.1444502,65440,25,LR,3.7779245543570955e-05
1786523009.5265296,65460,25,Loss/l_ce,0.07666134834289551
1786523009.5266685,65460,25,Loss/l_total,0.07666134834289551
1786523009.5266898,65460,25,LR,3.7779245543570955e-05
1786523017.2382596,65480,25,Loss/l_ce,0.09108281135559082
1786523017.2385862,65480,25,Loss/l_total,0.09108281135559082
1786523017.238611,65480,25,LR,3.7779245543570955e-05
1786523026.344804,65500,25,Loss/l_ce,0.0803532600402832
1786523026.3449965,65500,25,Loss/l_total,0.0803532600402832
1786523026.3450212,65500,25,LR,3.7779245543570955e-05
1786523037.6683335,65520,25,Loss/l_ce,0.20545029640197754
1786523037.668526,65520,25,Loss/l_total,0.20545029640197754
1786523037.6685495,65520,25,LR,3.7779245543570955e-05
1786523046.0480783,65540,25,Loss/l_ce,0.11409592628479004
1786523046.048304,65540,25,Loss/l_total,0.11409592628479004
1786523046.0483267,65540,25,LR,3.7779245543570955e-05
1786523053.2590725,65560,25,Loss/l_ce,0.06624555587768555
1786523053.2592244,65560,25,Loss/l_total,0.06624555587768555
1786523053.259248,65560,25,LR,3.7779245543570955e-05
1786523060.8064194,65580,25,Loss/l_ce,0.0949244499206543
1786523060.8065975,65580,25,Loss/l_total,0.0949244499206543
1786523060.8066235,65580,25,LR,3.7779245543570955e-05
1786523076.6510758,65600,25,Loss/l_ce,0.09663629531860352
1786523076.6512313,65600,25,Loss/l_total,0.09663629531860352
1786523076.6512516,65600,25,LR,3.7779245543570955e-05
1786523085.5646732,65620,25,Loss/l_ce,0.061943769454956055
1786523085.564825,65620,25,Loss/l_total,0.061943769454956055
1786523085.564849,65620,25,LR,3.7779245543570955e-05
1786523103.4912803,65640,25,Loss/l_ce,0.1718137264251709
1786523103.491449,65640,25,Loss/l_total,0.1718137264251709
1786523103.491474,65640,25,LR,3.7779245543570955e-05
1786523119.6747932,65660,25,Loss/l_ce,0.08133912086486816
1786523119.6749952,65660,25,Loss/l_total,0.08133912086486816
1786523119.67502,65660,25,LR,3.7779245543570955e-05
1786523142.358234,65680,25,Loss/l_ce,0.30971479415893555
1786523142.3584049,65680,25,Loss/l_total,0.30971479415893555
1786523142.3586233,65680,25,LR,3.7779245543570955e-05
1786523160.3349254,65700,25,Loss/l_ce,0.09208059310913086
1786523160.3351164,65700,25,Loss/l_total,0.09208059310913086
1786523160.3351414,65700,25,LR,3.7779245543570955e-05
1786523183.2558105,65720,25,Loss/l_ce,0.07757019996643066
1786523183.2561297,65720,25,Loss/l_total,0.07757019996643066
1786523183.2561595,65720,25,LR,3.7779245543570955e-05
1786523210.6160505,65740,25,Loss/l_ce,0.10000896453857422
1786523210.6163557,65740,25,Loss/l_total,0.10000896453857422
1786523210.6163805,65740,25,LR,3.7779245543570955e-05
1786523227.5063648,65760,25,Loss/l_ce,0.10101556777954102
1786523227.50655,65760,25,Loss/l_total,0.10101556777954102
1786523227.5067995,65760,25,LR,3.7779245543570955e-05
1786523245.20658,65780,25,Loss/l_ce,0.09392213821411133
1786523245.2068007,65780,25,Loss/l_total,0.09392213821411133
1786523245.2068245,65780,25,LR,3.7779245543570955e-05
1786523258.270479,65800,25,Loss/l_ce,0.09573101997375488
1786523258.2706583,65800,25,Loss/l_total,0.09573101997375488
1786523258.270683,65800,25,LR,3.7779245543570955e-05
1786523272.6687815,65820,25,Loss/l_ce,0.11699509620666504
1786523272.6689346,65820,25,Loss/l_total,0.11699509620666504
1786523272.6689572,65820,25,LR,3.7779245543570955e-05
1786523289.5603848,65840,25,Loss/l_ce,0.13921236991882324
1786523289.560558,65840,25,Loss/l_total,0.13921236991882324
1786523289.5628247,65840,25,LR,3.7779245543570955e-05
1786523317.5553355,65860,25,Loss/l_ce,0.08653736114501953
1786523317.555479,65860,25,Loss/l_total,0.08653736114501953
1786523317.555503,65860,25,LR,3.7779245543570955e-05
1786523332.8404713,65880,25,Loss/l_ce,0.1154472827911377
1786523332.8406553,65880,25,Loss/l_total,0.1154472827911377
1786523332.8406768,65880,25,LR,3.7779245543570955e-05
1786523349.9401243,65900,25,Loss/l_ce,0.06875276565551758
1786523349.940275,65900,25,Loss/l_total,0.06875276565551758
1786523349.9403,65900,25,LR,3.7779245543570955e-05
1786523373.2236464,65920,25,Loss/l_ce,0.0928502082824707
1786523373.223852,65920,25,Loss/l_total,0.0928502082824707
1786523373.2238746,65920,25,LR,3.7779245543570955e-05
1786523395.9234269,65940,25,Loss/l_ce,0.06577801704406738
1786523395.923701,65940,25,Loss/l_total,0.06577801704406738
1786523395.923725,65940,25,LR,3.7779245543570955e-05
1786523415.727462,65960,25,Loss/l_ce,0.09834980964660645
1786523415.7276795,65960,25,Loss/l_total,0.09834980964660645
1786523415.7277043,65960,25,LR,3.7779245543570955e-05
1786523434.0098429,65980,25,Loss/l_ce,0.0764455795288086
1786523434.0101528,65980,25,Loss/l_total,0.0764455795288086
1786523434.0102036,65980,25,LR,3.7779245543570955e-05
1786523464.8083854,66000,25,Loss/l_ce,0.06998133659362793
1786523464.8086166,66000,25,Loss/l_total,0.06998133659362793
1786523464.8086476,66000,25,LR,3.7779245543570955e-05
1786523483.0715015,66020,25,Loss/l_ce,0.055162668228149414
1786523483.0717604,66020,25,Loss/l_total,0.055162668228149414
1786523483.071796,66020,25,LR,3.7779245543570955e-05
1786523508.1606688,66040,25,Loss/l_ce,0.09776449203491211
1786523508.160852,66040,25,Loss/l_total,0.09776449203491211
1786523508.1608746,66040,25,LR,3.7779245543570955e-05
1786523535.8337526,66060,25,Loss/l_ce,0.10348844528198242
1786523535.8340056,66060,25,Loss/l_total,0.10348844528198242
1786523535.8340564,66060,25,LR,3.7779245543570955e-05
1786523558.08197,66080,25,Loss/l_ce,0.07800674438476562
1786523558.0821683,66080,25,Loss/l_total,0.07800674438476562
1786523558.0821943,66080,25,LR,3.7779245543570955e-05
1786523580.7931952,66100,25,Loss/l_ce,0.11494064331054688
1786523580.793365,66100,25,Loss/l_total,0.11494064331054688
1786523580.7933888,66100,25,LR,3.7779245543570955e-05
1786523601.1667056,66120,25,Loss/l_ce,0.10252833366394043
1786523601.1669016,66120,25,Loss/l_total,0.10252833366394043
1786523601.1669266,66120,25,LR,3.7779245543570955e-05
1786523630.5819938,66140,25,Loss/l_ce,0.08241415023803711
1786523630.5822845,66140,25,Loss/l_total,0.08241415023803711
1786523630.5823286,66140,25,LR,3.7779245543570955e-05
1786523646.8017242,66160,25,Loss/l_ce,0.026449918746948242
1786523646.8018727,66160,25,Loss/l_total,0.026449918746948242
1786523646.8018951,66160,25,LR,3.7779245543570955e-05
1786523660.7169535,66180,25,Loss/l_ce,0.3016190528869629
1786523660.7171292,66180,25,Loss/l_total,0.3016190528869629
1786523660.7171578,66180,25,LR,3.7779245543570955e-05
1786523686.5054126,66200,25,Loss/l_ce,0.09687376022338867
1786523686.5055823,66200,25,Loss/l_total,0.09687376022338867
1786523686.5056038,66200,25,LR,3.7779245543570955e-05
1786523709.4881825,66220,25,Loss/l_ce,0.07166790962219238
1786523709.488388,66220,25,Loss/l_total,0.07166790962219238
1786523709.4884093,66220,25,LR,3.7779245543570955e-05
1786523728.1210206,66240,25,Loss/l_ce,0.09855842590332031
1786523728.1211975,66240,25,Loss/l_total,0.09855842590332031
1786523728.1212192,66240,25,LR,3.7779245543570955e-05
1786523750.7876203,66260,25,Loss/l_ce,0.09380435943603516
1786523750.7877805,66260,25,Loss/l_total,0.09380435943603516
1786523750.7878056,66260,25,LR,3.7779245543570955e-05
1786523769.1383386,66280,25,Loss/l_ce,0.19274044036865234
1786523769.1385643,66280,25,Loss/l_total,0.19274044036865234
1786523769.138588,66280,25,LR,3.7779245543570955e-05
1786523784.618704,66300,25,Loss/l_ce,0.08705520629882812
1786523784.6189096,66300,25,Loss/l_total,0.08705520629882812
1786523784.6189346,66300,25,LR,3.7779245543570955e-05
1786523920.8226416,66300,25,Val/avg_error,0.009295381605625153
1786523920.8229837,66300,25,Val/acc,0.863623046875
1786523920.8230097,66300,25,Val/sparse_auc,0.9293565538194444
1786523920.8230276,66300,25,Val/sparse_pck_max,0.1
1786523920.8230786,66300,25,Val/sparse_pck_n,100.0
1786523931.3583665,66320,26,Loss/l_ce,0.16302990913391113
1786523931.3585541,66320,26,Loss/l_total,0.16302990913391113
1786523931.358584,66320,26,LR,3.457042751172039e-05
1786523944.3251631,66340,26,Loss/l_ce,0.15262365341186523
1786523944.3253732,66340,26,Loss/l_total,0.15262365341186523
1786523944.3253968,66340,26,LR,3.457042751172039e-05
1786523955.0266023,66360,26,Loss/l_ce,0.10144734382629395
1786523955.0268042,66360,26,Loss/l_total,0.10144734382629395
1786523955.026829,66360,26,LR,3.457042751172039e-05
1786523969.8004186,66380,26,Loss/l_ce,0.05952286720275879
1786523969.8005693,66380,26,Loss/l_total,0.05952286720275879
1786523969.800592,66380,26,LR,3.457042751172039e-05
1786523980.6093915,66400,26,Loss/l_ce,0.08993124961853027
1786523980.6095564,66400,26,Loss/l_total,0.08993124961853027
1786523980.6095812,66400,26,LR,3.457042751172039e-05
1786523991.424823,66420,26,Loss/l_ce,0.10272026062011719
1786523991.425062,66420,26,Loss/l_total,0.10272026062011719
1786523991.4250915,66420,26,LR,3.457042751172039e-05
1786524000.582147,66440,26,Loss/l_ce,0.08664131164550781
1786524000.582326,66440,26,Loss/l_total,0.08664131164550781
1786524000.5823512,66440,26,LR,3.457042751172039e-05
1786524016.0871446,66460,26,Loss/l_ce,0.08156633377075195
1786524016.087325,66460,26,Loss/l_total,0.08156633377075195
1786524016.0873487,66460,26,LR,3.457042751172039e-05
1786524041.0849237,66480,26,Loss/l_ce,0.06772541999816895
1786524041.0850973,66480,26,Loss/l_total,0.06772541999816895
1786524041.0851197,66480,26,LR,3.457042751172039e-05
1786524061.701396,66500,26,Loss/l_ce,0.14650344848632812
1786524061.701586,66500,26,Loss/l_total,0.14650344848632812
1786524061.7016096,66500,26,LR,3.457042751172039e-05
1786524087.5096061,66520,26,Loss/l_ce,0.07950639724731445
1786524087.5097651,66520,26,Loss/l_total,0.07950639724731445
1786524087.509789,66520,26,LR,3.457042751172039e-05
1786524102.9092846,66540,26,Loss/l_ce,0.12967896461486816
1786524102.9094386,66540,26,Loss/l_total,0.12967896461486816
1786524102.9094615,66540,26,LR,3.457042751172039e-05
1786524113.7903664,66560,26,Loss/l_ce,0.1047980785369873
1786524113.790528,66560,26,Loss/l_total,0.1047980785369873
1786524113.7905517,66560,26,LR,3.457042751172039e-05
1786524137.500652,66580,26,Loss/l_ce,0.08241915702819824
1786524137.5008457,66580,26,Loss/l_total,0.08241915702819824
1786524137.5008895,66580,26,LR,3.457042751172039e-05
1786524161.0427442,66600,26,Loss/l_ce,0.07045388221740723
1786524161.0429542,66600,26,Loss/l_total,0.07045388221740723
1786524161.042979,66600,26,LR,3.457042751172039e-05
1786524186.3479946,66620,26,Loss/l_ce,0.10749435424804688
1786524186.348251,66620,26,Loss/l_total,0.10749435424804688
1786524186.348275,66620,26,LR,3.457042751172039e-05
1786524213.503623,66640,26,Loss/l_ce,0.07128262519836426
1786524213.5038664,66640,26,Loss/l_total,0.07128262519836426
1786524213.5038924,66640,26,LR,3.457042751172039e-05
1786524235.2748206,66660,26,Loss/l_ce,0.13090825080871582
1786524235.2749844,66660,26,Loss/l_total,0.13090825080871582
1786524235.2750096,66660,26,LR,3.457042751172039e-05
1786524251.7029617,66680,26,Loss/l_ce,0.06292963027954102
1786524251.7031362,66680,26,Loss/l_total,0.06292963027954102
1786524251.703161,66680,26,LR,3.457042751172039e-05
1786524275.2484705,66700,26,Loss/l_ce,0.09550046920776367
1786524275.2486758,66700,26,Loss/l_total,0.09550046920776367
1786524275.2486985,66700,26,LR,3.457042751172039e-05
1786524297.7040248,66720,26,Loss/l_ce,0.11336684226989746
1786524297.704229,66720,26,Loss/l_total,0.11336684226989746
1786524297.7042577,66720,26,LR,3.457042751172039e-05
1786524311.4480648,66740,26,Loss/l_ce,0.08129239082336426
1786524311.448225,66740,26,Loss/l_total,0.08129239082336426
1786524311.4482477,66740,26,LR,3.457042751172039e-05
1786524339.8365986,66760,26,Loss/l_ce,0.06401777267456055
1786524339.8368776,66760,26,Loss/l_total,0.06401777267456055
1786524339.8369014,66760,26,LR,3.457042751172039e-05
1786524361.71684,66780,26,Loss/l_ce,0.06697654724121094
1786524361.7171178,66780,26,Loss/l_total,0.06697654724121094
1786524361.7171533,66780,26,LR,3.457042751172039e-05
1786524385.2045271,66800,26,Loss/l_ce,0.08170890808105469
1786524385.2047193,66800,26,Loss/l_total,0.08170890808105469
1786524385.204742,66800,26,LR,3.457042751172039e-05
1786524401.7212794,66820,26,Loss/l_ce,0.09913253784179688
1786524401.7214956,66820,26,Loss/l_total,0.09913253784179688
1786524401.7215226,66820,26,LR,3.457042751172039e-05
1786524417.6659446,66840,26,Loss/l_ce,0.07601022720336914
1786524417.6661155,66840,26,Loss/l_total,0.07601022720336914
1786524417.6661391,66840,26,LR,3.457042751172039e-05
1786524439.6487467,66860,26,Loss/l_ce,0.12292337417602539
1786524439.6489344,66860,26,Loss/l_total,0.12292337417602539
1786524439.648958,66860,26,LR,3.457042751172039e-05
1786524454.482757,66880,26,Loss/l_ce,0.10809898376464844
1786524454.4829922,66880,26,Loss/l_total,0.10809898376464844
1786524454.4830172,66880,26,LR,3.457042751172039e-05
1786524476.26843,66900,26,Loss/l_ce,0.09878730773925781
1786524476.2686021,66900,26,Loss/l_total,0.09878730773925781
1786524476.2686224,66900,26,LR,3.457042751172039e-05
1786524502.3349013,66920,26,Loss/l_ce,0.07156586647033691
1786524502.335089,66920,26,Loss/l_total,0.07156586647033691
1786524502.3351173,66920,26,LR,3.457042751172039e-05
1786524527.9547305,66940,26,Loss/l_ce,0.2502875328063965
1786524527.9549181,66940,26,Loss/l_total,0.2502875328063965
1786524527.9549417,66940,26,LR,3.457042751172039e-05
1786524548.1049953,66960,26,Loss/l_ce,0.07562732696533203
1786524548.105171,66960,26,Loss/l_total,0.07562732696533203
1786524548.1051948,66960,26,LR,3.457042751172039e-05
1786524562.4161353,66980,26,Loss/l_ce,0.07920169830322266
1786524562.4162827,66980,26,Loss/l_total,0.07920169830322266
1786524562.416303,66980,26,LR,3.457042751172039e-05
1786524589.7770205,67000,26,Loss/l_ce,0.08925223350524902
1786524589.7771926,67000,26,Loss/l_total,0.08925223350524902
1786524589.7772188,67000,26,LR,3.457042751172039e-05
1786524612.760263,67020,26,Loss/l_ce,0.07401323318481445
1786524612.7604587,67020,26,Loss/l_total,0.07401323318481445
1786524612.7604825,67020,26,LR,3.457042751172039e-05
1786524634.6661956,67040,26,Loss/l_ce,0.10384988784790039
1786524634.6664522,67040,26,Loss/l_total,0.10384988784790039
1786524634.666477,67040,26,LR,3.457042751172039e-05
1786524657.0907648,67060,26,Loss/l_ce,0.09781932830810547
1786524657.090963,67060,26,Loss/l_total,0.09781932830810547
1786524657.0909867,67060,26,LR,3.457042751172039e-05
1786524676.6142125,67080,26,Loss/l_ce,0.09471678733825684
1786524676.6144228,67080,26,Loss/l_total,0.09471678733825684
1786524676.614444,67080,26,LR,3.457042751172039e-05
1786524696.0218194,67100,26,Loss/l_ce,0.15183544158935547
1786524696.0219953,67100,26,Loss/l_total,0.15183544158935547
1786524696.02202,67100,26,LR,3.457042751172039e-05
1786524720.960058,67120,26,Loss/l_ce,0.11384868621826172
1786524720.9602265,67120,26,Loss/l_total,0.11384868621826172
1786524720.9602537,67120,26,LR,3.457042751172039e-05
1786524741.1372218,67140,26,Loss/l_ce,0.46390652656555176
1786524741.137379,67140,26,Loss/l_total,0.46390652656555176
1786524741.1373978,67140,26,LR,3.457042751172039e-05
1786524754.825634,67160,26,Loss/l_ce,0.0705263614654541
1786524754.825842,67160,26,Loss/l_total,0.0705263614654541
1786524754.8258634,67160,26,LR,3.457042751172039e-05
1786524767.4220583,67180,26,Loss/l_ce,0.16355609893798828
1786524767.4222054,67180,26,Loss/l_total,0.16355609893798828
1786524767.4222424,67180,26,LR,3.457042751172039e-05
1786524781.7499526,67200,26,Loss/l_ce,0.12441587448120117
1786524781.750133,67200,26,Loss/l_total,0.12441587448120117
1786524781.7501578,67200,26,LR,3.457042751172039e-05
1786524800.3196034,67220,26,Loss/l_ce,0.08868622779846191
1786524800.3198123,67220,26,Loss/l_total,0.08868622779846191
1786524800.3198361,67220,26,LR,3.457042751172039e-05
1786524828.2519732,67240,26,Loss/l_ce,0.09410452842712402
1786524828.2521951,67240,26,Loss/l_total,0.09410452842712402
1786524828.2522247,67240,26,LR,3.457042751172039e-05
1786524846.525067,67260,26,Loss/l_ce,0.11170816421508789
1786524846.5252237,67260,26,Loss/l_total,0.11170816421508789
1786524846.5252461,67260,26,LR,3.457042751172039e-05
1786524869.8500047,67280,26,Loss/l_ce,0.1791372299194336
1786524869.850209,67280,26,Loss/l_total,0.1791372299194336
1786524869.8502316,67280,26,LR,3.457042751172039e-05
1786524881.5807033,67300,26,Loss/l_ce,0.08606672286987305
1786524881.5808814,67300,26,Loss/l_total,0.08606672286987305
1786524881.5809026,67300,26,LR,3.457042751172039e-05
1786524891.7190964,67320,26,Loss/l_ce,0.09427332878112793
1786524891.7192495,67320,26,Loss/l_total,0.09427332878112793
1786524891.7192755,67320,26,LR,3.457042751172039e-05
1786524903.1080523,67340,26,Loss/l_ce,0.11500859260559082
1786524903.1082137,67340,26,Loss/l_total,0.11500859260559082
1786524903.1082373,67340,26,LR,3.457042751172039e-05
1786524914.1763723,67360,26,Loss/l_ce,0.09297561645507812
1786524914.1765373,67360,26,Loss/l_total,0.09297561645507812
1786524914.1765585,67360,26,LR,3.457042751172039e-05
1786524925.0507174,67380,26,Loss/l_ce,0.07257628440856934
1786524925.0508673,67380,26,Loss/l_total,0.07257628440856934
1786524925.0508907,67380,26,LR,3.457042751172039e-05
1786524936.2299724,67400,26,Loss/l_ce,0.06514596939086914
1786524936.230173,67400,26,Loss/l_total,0.06514596939086914
1786524936.2301993,67400,26,LR,3.457042751172039e-05
1786524947.8648162,67420,26,Loss/l_ce,0.10723066329956055
1786524947.864986,67420,26,Loss/l_total,0.10723066329956055
1786524947.8650134,67420,26,LR,3.457042751172039e-05
1786524955.4088085,67440,26,Loss/l_ce,0.05803704261779785
1786524955.409008,67440,26,Loss/l_total,0.05803704261779785
1786524955.4090555,67440,26,LR,3.457042751172039e-05
1786524965.2139678,67460,26,Loss/l_ce,0.12046027183532715
1786524965.2141533,67460,26,Loss/l_total,0.12046027183532715
1786524965.2141771,67460,26,LR,3.457042751172039e-05
1786524978.3748305,67480,26,Loss/l_ce,0.07735800743103027
1786524978.3750124,67480,26,Loss/l_total,0.07735800743103027
1786524978.375067,67480,26,LR,3.457042751172039e-05
1786524988.3366516,67500,26,Loss/l_ce,0.09827518463134766
1786524988.3368213,67500,26,Loss/l_total,0.09827518463134766
1786524988.3368452,67500,26,LR,3.457042751172039e-05
1786525004.9825556,67520,26,Loss/l_ce,0.08808064460754395
1786525004.982736,67520,26,Loss/l_total,0.08808064460754395
1786525004.982774,67520,26,LR,3.457042751172039e-05
1786525030.1764555,67540,26,Loss/l_ce,0.024123668670654297
1786525030.1766453,67540,26,Loss/l_total,0.024123668670654297
1786525030.1766655,67540,26,LR,3.457042751172039e-05
1786525053.1805716,67560,26,Loss/l_ce,0.08608484268188477
1786525053.1807392,67560,26,Loss/l_total,0.08608484268188477
1786525053.1807616,67560,26,LR,3.457042751172039e-05
1786525072.5185986,67580,26,Loss/l_ce,0.1841869354248047
1786525072.5188053,67580,26,Loss/l_total,0.1841869354248047
1786525072.5188265,67580,26,LR,3.457042751172039e-05
1786525092.6805315,67600,26,Loss/l_ce,0.2590029239654541
1786525092.6806836,67600,26,Loss/l_total,0.2590029239654541
1786525092.6807072,67600,26,LR,3.457042751172039e-05
1786525106.9377422,67620,26,Loss/l_ce,0.07708907127380371
1786525106.9384227,67620,26,Loss/l_total,0.07708907127380371
1786525106.9384525,67620,26,LR,3.457042751172039e-05
1786525131.298472,67640,26,Loss/l_ce,0.10301589965820312
1786525131.2986345,67640,26,Loss/l_total,0.10301589965820312
1786525131.298656,67640,26,LR,3.457042751172039e-05
1786525148.689267,67660,26,Loss/l_ce,0.12826108932495117
1786525148.689458,67660,26,Loss/l_total,0.12826108932495117
1786525148.6894808,67660,26,LR,3.457042751172039e-05
1786525169.4047096,67680,26,Loss/l_ce,0.10336542129516602
1786525169.4049387,67680,26,Loss/l_total,0.10336542129516602
1786525169.4049637,67680,26,LR,3.457042751172039e-05
1786525181.8347685,67700,26,Loss/l_ce,0.08562803268432617
1786525181.834992,67700,26,Loss/l_total,0.08562803268432617
1786525181.8350158,67700,26,LR,3.457042751172039e-05
1786525198.1507156,67720,26,Loss/l_ce,0.11928629875183105
1786525198.1511693,67720,26,Loss/l_total,0.11928629875183105
1786525198.1511977,67720,26,LR,3.457042751172039e-05
1786525213.011005,67740,26,Loss/l_ce,0.08018994331359863
1786525213.0113578,67740,26,Loss/l_total,0.08018994331359863
1786525213.0113814,67740,26,LR,3.457042751172039e-05
1786525232.9305942,67760,26,Loss/l_ce,0.11236310005187988
1786525232.9309268,67760,26,Loss/l_total,0.11236310005187988
1786525232.9309566,67760,26,LR,3.457042751172039e-05
1786525264.4603999,67780,26,Loss/l_ce,0.18712282180786133
1786525264.4605505,67780,26,Loss/l_total,0.18712282180786133
1786525264.4605734,67780,26,LR,3.457042751172039e-05
1786525283.9759657,67800,26,Loss/l_ce,0.12367558479309082
1786525283.9761558,67800,26,Loss/l_total,0.12367558479309082
1786525283.9761782,67800,26,LR,3.457042751172039e-05
1786525308.072562,67820,26,Loss/l_ce,0.04378509521484375
1786525308.0727196,67820,26,Loss/l_total,0.04378509521484375
1786525308.0727425,67820,26,LR,3.457042751172039e-05
1786525322.5989907,67840,26,Loss/l_ce,0.14900493621826172
1786525322.599222,67840,26,Loss/l_total,0.14900493621826172
1786525322.5992472,67840,26,LR,3.457042751172039e-05
1786525346.544423,67860,26,Loss/l_ce,0.09299731254577637
1786525346.5445929,67860,26,Loss/l_total,0.09299731254577637
1786525346.5446167,67860,26,LR,3.457042751172039e-05
1786525369.5028512,67880,26,Loss/l_ce,0.09801864624023438
1786525369.5034926,67880,26,Loss/l_total,0.09801864624023438
1786525369.5035224,67880,26,LR,3.457042751172039e-05
1786525394.824234,67900,26,Loss/l_ce,0.25066208839416504
1786525394.8245962,67900,26,Loss/l_total,0.25066208839416504
1786525394.8246224,67900,26,LR,3.457042751172039e-05
1786525411.2674718,67920,26,Loss/l_ce,0.06521415710449219
1786525411.2677724,67920,26,Loss/l_total,0.06521415710449219
1786525411.2678044,67920,26,LR,3.457042751172039e-05
1786525424.9772625,67940,26,Loss/l_ce,0.06569576263427734
1786525424.9774907,67940,26,Loss/l_total,0.06569576263427734
1786525424.9775155,67940,26,LR,3.457042751172039e-05
1786525446.0366936,67960,26,Loss/l_ce,0.07283973693847656
1786525446.036854,67960,26,Loss/l_total,0.07283973693847656
1786525446.0368752,67960,26,LR,3.457042751172039e-05
1786525471.1115108,67980,26,Loss/l_ce,0.12350130081176758
1786525471.1117682,67980,26,Loss/l_total,0.12350130081176758
1786525471.111791,67980,26,LR,3.457042751172039e-05
1786525499.2366855,68000,26,Loss/l_ce,0.12442278861999512
1786525499.236858,68000,26,Loss/l_total,0.12442278861999512
1786525499.236879,68000,26,LR,3.457042751172039e-05
1786525524.715156,68020,26,Loss/l_ce,0.0843966007232666
1786525524.7153068,68020,26,Loss/l_total,0.0843966007232666
1786525524.715327,68020,26,LR,3.457042751172039e-05
1786525534.7744024,68040,26,Loss/l_ce,0.06828165054321289
1786525534.774573,68040,26,Loss/l_total,0.06828165054321289
1786525534.7745957,68040,26,LR,3.457042751172039e-05
1786525561.7679172,68060,26,Loss/l_ce,0.12279725074768066
1786525561.7681105,68060,26,Loss/l_total,0.12279725074768066
1786525561.7681358,68060,26,LR,3.457042751172039e-05
1786525582.2459087,68080,26,Loss/l_ce,0.07033395767211914
1786525582.246088,68080,26,Loss/l_total,0.07033395767211914
1786525582.2461116,68080,26,LR,3.457042751172039e-05
1786525608.5503612,68100,26,Loss/l_ce,0.062189340591430664
1786525608.5505214,68100,26,Loss/l_total,0.062189340591430664
1786525608.5505438,68100,26,LR,3.457042751172039e-05
1786525634.340198,68120,26,Loss/l_ce,0.07452988624572754
1786525634.340343,68120,26,Loss/l_total,0.07452988624572754
1786525634.340362,68120,26,LR,3.457042751172039e-05
1786525661.2086353,68140,26,Loss/l_ce,0.06720185279846191
1786525661.2088933,68140,26,Loss/l_total,0.06720185279846191
1786525661.2089167,68140,26,LR,3.457042751172039e-05
1786525677.7845395,68160,26,Loss/l_ce,0.11045646667480469
1786525677.7848802,68160,26,Loss/l_total,0.11045646667480469
1786525677.7849076,68160,26,LR,3.457042751172039e-05
1786525703.9711995,68180,26,Loss/l_ce,0.11294174194335938
1786525703.9714012,68180,26,Loss/l_total,0.11294174194335938
1786525703.9714215,68180,26,LR,3.457042751172039e-05
1786525731.7903597,68200,26,Loss/l_ce,0.08715438842773438
1786525731.7906969,68200,26,Loss/l_total,0.08715438842773438
1786525731.790723,68200,26,LR,3.457042751172039e-05
1786525744.2893243,68220,26,Loss/l_ce,0.15131616592407227
1786525744.289486,68220,26,Loss/l_total,0.15131616592407227
1786525744.2895095,68220,26,LR,3.457042751172039e-05
1786525769.317171,68240,26,Loss/l_ce,0.084503173828125
1786525769.3173387,68240,26,Loss/l_total,0.084503173828125
1786525769.31736,68240,26,LR,3.457042751172039e-05
1786525794.9891753,68260,26,Loss/l_ce,0.14391851425170898
1786525794.989345,68260,26,Loss/l_total,0.14391851425170898
1786525794.989371,68260,26,LR,3.457042751172039e-05
1786525812.7613556,68280,26,Loss/l_ce,0.33473873138427734
1786525812.7615752,68280,26,Loss/l_total,0.33473873138427734
1786525812.7616003,68280,26,LR,3.457042751172039e-05
1786525827.737896,68300,26,Loss/l_ce,0.10131025314331055
1786525827.7380967,68300,26,Loss/l_total,0.10131025314331055
1786525827.7381277,68300,26,LR,3.457042751172039e-05
1786525837.9082298,68320,26,Loss/l_ce,0.06411051750183105
1786525837.9083912,68320,26,Loss/l_total,0.06411051750183105
1786525837.908414,68320,26,LR,3.457042751172039e-05
1786525848.7529187,68340,26,Loss/l_ce,0.07796955108642578
1786525848.7531052,68340,26,Loss/l_total,0.07796955108642578
1786525848.753129,68340,26,LR,3.457042751172039e-05
1786525863.4105403,68360,26,Loss/l_ce,0.07143878936767578
1786525863.4107397,68360,26,Loss/l_total,0.07143878936767578
1786525863.4107623,68360,26,LR,3.457042751172039e-05
1786525872.825735,68380,26,Loss/l_ce,0.17069220542907715
1786525872.8259206,68380,26,Loss/l_total,0.17069220542907715
1786525872.825943,68380,26,LR,3.457042751172039e-05
1786525883.3460994,68400,26,Loss/l_ce,0.07443022727966309
1786525883.3462741,68400,26,Loss/l_total,0.07443022727966309
1786525883.3462977,68400,26,LR,3.457042751172039e-05
1786525892.9773743,68420,26,Loss/l_ce,0.08565878868103027
1786525892.9775584,68420,26,Loss/l_total,0.08565878868103027
1786525892.9775817,68420,26,LR,3.457042751172039e-05
1786525904.9573767,68440,26,Loss/l_ce,0.10201692581176758
1786525904.9576356,68440,26,Loss/l_total,0.10201692581176758
1786525904.957658,68440,26,LR,3.457042751172039e-05
1786525915.5089562,68460,26,Loss/l_ce,0.11519455909729004
1786525915.5091808,68460,26,Loss/l_total,0.11519455909729004
1786525915.5092032,68460,26,LR,3.457042751172039e-05
1786525927.1673841,68480,26,Loss/l_ce,0.05428433418273926
1786525927.1675694,68480,26,Loss/l_total,0.05428433418273926
1786525927.1675932,68480,26,LR,3.457042751172039e-05
1786525938.3314953,68500,26,Loss/l_ce,0.07285189628601074
1786525938.3317122,68500,26,Loss/l_total,0.07285189628601074
1786525938.3317373,68500,26,LR,3.457042751172039e-05
1786525946.6316717,68520,26,Loss/l_ce,0.06658649444580078
1786525946.631851,68520,26,Loss/l_total,0.06658649444580078
1786525946.6318736,68520,26,LR,3.457042751172039e-05
1786525960.4306812,68540,26,Loss/l_ce,0.11644744873046875
1786525960.4308321,68540,26,Loss/l_total,0.11644744873046875
1786525960.4308546,68540,26,LR,3.457042751172039e-05
1786525986.5780618,68560,26,Loss/l_ce,0.09258103370666504
1786525986.5782874,68560,26,Loss/l_total,0.09258103370666504
1786525986.5783098,68560,26,LR,3.457042751172039e-05
1786526007.724551,68580,26,Loss/l_ce,0.10536503791809082
1786526007.724734,68580,26,Loss/l_total,0.10536503791809082
1786526007.7247589,68580,26,LR,3.457042751172039e-05
1786526025.627616,68600,26,Loss/l_ce,0.16198015213012695
1786526025.627769,68600,26,Loss/l_total,0.16198015213012695
1786526025.6277928,68600,26,LR,3.457042751172039e-05
1786526048.7952933,68620,26,Loss/l_ce,0.09721732139587402
1786526048.7954667,68620,26,Loss/l_total,0.09721732139587402
1786526048.7954905,68620,26,LR,3.457042751172039e-05
1786526074.1133325,68640,26,Loss/l_ce,0.06208944320678711
1786526074.1134772,68640,26,Loss/l_total,0.06208944320678711
1786526074.1134999,68640,26,LR,3.457042751172039e-05
1786526088.5713394,68660,26,Loss/l_ce,0.07881903648376465
1786526088.571527,68660,26,Loss/l_total,0.07881903648376465
1786526088.5715518,68660,26,LR,3.457042751172039e-05
1786526115.6300044,68680,26,Loss/l_ce,0.11902475357055664
1786526115.630185,68680,26,Loss/l_total,0.11902475357055664
1786526115.6302097,68680,26,LR,3.457042751172039e-05
1786526133.4078119,68700,26,Loss/l_ce,0.09937644004821777
1786526133.4080586,68700,26,Loss/l_total,0.09937644004821777
1786526133.408086,68700,26,LR,3.457042751172039e-05
1786526156.3677166,68720,26,Loss/l_ce,0.06793856620788574
1786526156.3678734,68720,26,Loss/l_total,0.06793856620788574
1786526156.367897,68720,26,LR,3.457042751172039e-05
1786526177.5255609,68740,26,Loss/l_ce,0.06649494171142578
1786526177.5257237,68740,26,Loss/l_total,0.06649494171142578
1786526177.525746,68740,26,LR,3.457042751172039e-05
1786526198.4421532,68760,26,Loss/l_ce,0.2145066261291504
1786526198.4423337,68760,26,Loss/l_total,0.2145066261291504
1786526198.4423587,68760,26,LR,3.457042751172039e-05
1786526216.226499,68780,26,Loss/l_ce,0.05938577651977539
1786526216.2267032,68780,26,Loss/l_total,0.05938577651977539
1786526216.2267292,68780,26,LR,3.457042751172039e-05
1786526240.1143181,68800,26,Loss/l_ce,0.08565402030944824
1786526240.1146054,68800,26,Loss/l_total,0.08565402030944824
1786526240.1146305,68800,26,LR,3.457042751172039e-05
1786526259.8498538,68820,26,Loss/l_ce,0.08774113655090332
1786526259.8500757,68820,26,Loss/l_total,0.08774113655090332
1786526259.8500996,68820,26,LR,3.457042751172039e-05
1786526273.6563451,68840,26,Loss/l_ce,0.11288332939147949
1786526273.6565578,68840,26,Loss/l_total,0.11288332939147949
1786526273.6565814,68840,26,LR,3.457042751172039e-05
1786526413.5672016,68850,26,Val/avg_error,0.009357279166579247
1786526413.5675435,68850,26,Val/acc,0.85771484375
1786526413.5675662,68850,26,Val/sparse_auc,0.9264626242897727
1786526413.5675838,68850,26,Val/sparse_pck_max,0.1
1786526413.5676954,68850,26,Val/sparse_pck_n,100.0
1786526433.1479204,68860,27,Loss/l_ce,0.0902860164642334
1786526433.1481616,68860,27,Loss/l_total,0.0902860164642334
1786526433.1481922,68860,27,LR,3.14875645877823e-05
1786526445.9803412,68880,27,Loss/l_ce,0.08345699310302734
1786526445.980498,68880,27,Loss/l_total,0.08345699310302734
1786526445.9805195,68880,27,LR,3.14875645877823e-05
1786526471.3213418,68900,27,Loss/l_ce,0.10298728942871094
1786526471.3215497,68900,27,Loss/l_total,0.10298728942871094
1786526471.3215947,68900,27,LR,3.14875645877823e-05
1786526496.398057,68920,27,Loss/l_ce,0.0722341537475586
1786526496.398228,68920,27,Loss/l_total,0.0722341537475586
1786526496.3982482,68920,27,LR,3.14875645877823e-05
1786526518.903381,68940,27,Loss/l_ce,0.11038875579833984
1786526518.903571,68940,27,Loss/l_total,0.11038875579833984
1786526518.9035947,68940,27,LR,3.14875645877823e-05
1786526542.9890413,68960,27,Loss/l_ce,0.12607717514038086
1786526542.9892135,68960,27,Loss/l_total,0.12607717514038086
1786526542.9892337,68960,27,LR,3.14875645877823e-05
1786526567.168465,68980,27,Loss/l_ce,0.05838894844055176
1786526567.1686606,68980,27,Loss/l_total,0.05838894844055176
1786526567.168686,68980,27,LR,3.14875645877823e-05
1786526587.5658565,69000,27,Loss/l_ce,0.07535719871520996
1786526587.5660596,69000,27,Loss/l_total,0.07535719871520996
1786526587.566087,69000,27,LR,3.14875645877823e-05
1786526605.653998,69020,27,Loss/l_ce,0.05527019500732422
1786526605.6542094,69020,27,Loss/l_total,0.05527019500732422
1786526605.6542354,69020,27,LR,3.14875645877823e-05
1786526629.0257838,69040,27,Loss/l_ce,2.091496229171753
1786526629.025943,69040,27,Loss/l_total,2.091496229171753
1786526629.0259655,69040,27,LR,3.14875645877823e-05
1786526653.5447817,69060,27,Loss/l_ce,0.0591585636138916
1786526653.5449276,69060,27,Loss/l_total,0.0591585636138916
1786526653.544949,69060,27,LR,3.14875645877823e-05
1786526672.998697,69080,27,Loss/l_ce,0.1037447452545166
1786526672.9989,69080,27,Loss/l_total,0.1037447452545166
1786526672.9989238,69080,27,LR,3.14875645877823e-05
1786526683.9703295,69100,27,Loss/l_ce,0.16422629356384277
1786526683.970523,69100,27,Loss/l_total,0.16422629356384277
1786526683.970547,69100,27,LR,3.14875645877823e-05
1786526700.923258,69120,27,Loss/l_ce,0.1087183952331543
1786526700.92351,69120,27,Loss/l_total,0.1087183952331543
1786526700.9235349,69120,27,LR,3.14875645877823e-05
1786526709.0826907,69140,27,Loss/l_ce,0.13676881790161133
1786526709.082856,69140,27,Loss/l_total,0.13676881790161133
1786526709.0828784,69140,27,LR,3.14875645877823e-05
1786526723.77573,69160,27,Loss/l_ce,0.06874203681945801
1786526723.7759259,69160,27,Loss/l_total,0.06874203681945801
1786526723.7759564,69160,27,LR,3.14875645877823e-05
1786526732.6291637,69180,27,Loss/l_ce,0.06395435333251953
1786526732.6293254,69180,27,Loss/l_total,0.06395435333251953
1786526732.6293478,69180,27,LR,3.14875645877823e-05
1786526746.6244307,69200,27,Loss/l_ce,0.08893442153930664
1786526746.6245828,69200,27,Loss/l_total,0.08893442153930664
1786526746.6246052,69200,27,LR,3.14875645877823e-05
1786526757.0257893,69220,27,Loss/l_ce,0.06686949729919434
1786526757.0259328,69220,27,Loss/l_total,0.06686949729919434
1786526757.0259554,69220,27,LR,3.14875645877823e-05
1786526768.6532445,69240,27,Loss/l_ce,0.10253667831420898
1786526768.6533964,69240,27,Loss/l_total,0.10253667831420898
1786526768.65342,69240,27,LR,3.14875645877823e-05
1786526779.3992455,69260,27,Loss/l_ce,0.08165645599365234
1786526779.399508,69260,27,Loss/l_total,0.08165645599365234
1786526779.3995318,69260,27,LR,3.14875645877823e-05
1786526790.7648628,69280,27,Loss/l_ce,0.06521940231323242
1786526790.7651432,69280,27,Loss/l_total,0.06521940231323242
1786526790.76517,69280,27,LR,3.14875645877823e-05
1786526805.03158,69300,27,Loss/l_ce,0.07225704193115234
1786526805.0318067,69300,27,Loss/l_total,0.07225704193115234
1786526805.0318294,69300,27,LR,3.14875645877823e-05
1786526815.800381,69320,27,Loss/l_ce,0.08804130554199219
1786526815.800571,69320,27,Loss/l_total,0.08804130554199219
1786526815.800597,69320,27,LR,3.14875645877823e-05
1786526836.4471347,69340,27,Loss/l_ce,0.1970810890197754
1786526836.447314,69340,27,Loss/l_total,0.1970810890197754
1786526836.4473355,69340,27,LR,3.14875645877823e-05
1786526852.4619453,69360,27,Loss/l_ce,0.0693669319152832
1786526852.462152,69360,27,Loss/l_total,0.0693669319152832
1786526852.4621758,69360,27,LR,3.14875645877823e-05
1786526867.9408798,69380,27,Loss/l_ce,0.3950660228729248
1786526867.941091,69380,27,Loss/l_total,0.3950660228729248
1786526867.9415293,69380,27,LR,3.14875645877823e-05
1786526890.1057827,69400,27,Loss/l_ce,0.07294321060180664
1786526890.1059358,69400,27,Loss/l_total,0.07294321060180664
1786526890.105957,69400,27,LR,3.14875645877823e-05
1786526909.6702187,69420,27,Loss/l_ce,0.11699056625366211
1786526909.670379,69420,27,Loss/l_total,0.11699056625366211
1786526909.6704028,69420,27,LR,3.14875645877823e-05
1786526929.8134146,69440,27,Loss/l_ce,0.08667707443237305
1786526929.8136168,69440,27,Loss/l_total,0.08667707443237305
1786526929.81364,69440,27,LR,3.14875645877823e-05
1786526951.8624368,69460,27,Loss/l_ce,0.07525014877319336
1786526951.8625972,69460,27,Loss/l_total,0.07525014877319336
1786526951.8626196,69460,27,LR,3.14875645877823e-05
1786526966.49719,69480,27,Loss/l_ce,0.1537923812866211
1786526966.4974036,69480,27,Loss/l_total,0.1537923812866211
1786526966.4974594,69480,27,LR,3.14875645877823e-05
1786526992.9097457,69500,27,Loss/l_ce,0.3721332550048828
1786526992.909906,69500,27,Loss/l_total,0.3721332550048828
1786526992.9099271,69500,27,LR,3.14875645877823e-05
1786527007.9781013,69520,27,Loss/l_ce,0.06141829490661621
1786527007.9782639,69520,27,Loss/l_total,0.06141829490661621
1786527007.9782863,69520,27,LR,3.14875645877823e-05
1786527030.9886155,69540,27,Loss/l_ce,0.11529970169067383
1786527030.9888864,69540,27,Loss/l_total,0.11529970169067383
1786527030.9889112,69540,27,LR,3.14875645877823e-05
1786527054.060726,69560,27,Loss/l_ce,0.0938715934753418
1786527054.0609186,69560,27,Loss/l_total,0.0938715934753418
1786527054.0609388,69560,27,LR,3.14875645877823e-05
1786527076.222012,69580,27,Loss/l_ce,0.09151887893676758
1786527076.2222235,69580,27,Loss/l_total,0.09151887893676758
1786527076.2222462,69580,27,LR,3.14875645877823e-05
1786527097.4791274,69600,27,Loss/l_ce,0.10585403442382812
1786527097.479284,69600,27,Loss/l_total,0.10585403442382812
1786527097.479308,69600,27,LR,3.14875645877823e-05
1786527110.8102412,69620,27,Loss/l_ce,0.08436131477355957
1786527110.8104029,69620,27,Loss/l_total,0.08436131477355957
1786527110.8104253,69620,27,LR,3.14875645877823e-05
1786527133.3835833,69640,27,Loss/l_ce,0.11267852783203125
1786527133.3837912,69640,27,Loss/l_total,0.11267852783203125
1786527133.3838112,69640,27,LR,3.14875645877823e-05
1786527149.5869002,69660,27,Loss/l_ce,0.13168001174926758
1786527149.5870807,69660,27,Loss/l_total,0.13168001174926758
1786527149.5871055,69660,27,LR,3.14875645877823e-05
1786527171.8442366,69680,27,Loss/l_ce,0.07564139366149902
1786527171.844385,69680,27,Loss/l_total,0.07564139366149902
1786527171.844416,69680,27,LR,3.14875645877823e-05
1786527200.643274,69700,27,Loss/l_ce,0.09905290603637695
1786527200.6434295,69700,27,Loss/l_total,0.09905290603637695
1786527200.6434522,69700,27,LR,3.14875645877823e-05
1786527222.6211312,69720,27,Loss/l_ce,0.08307433128356934
1786527222.6214077,69720,27,Loss/l_total,0.08307433128356934
1786527222.621434,69720,27,LR,3.14875645877823e-05
1786527240.0569234,69740,27,Loss/l_ce,0.08646774291992188
1786527240.0571918,69740,27,Loss/l_total,0.08646774291992188
1786527240.057218,69740,27,LR,3.14875645877823e-05
1786527256.5560067,69760,27,Loss/l_ce,0.09133434295654297
1786527256.5562096,69760,27,Loss/l_total,0.09133434295654297
1786527256.5562334,69760,27,LR,3.14875645877823e-05
1786527277.0925198,69780,27,Loss/l_ce,0.05969500541687012
1786527277.09268,69780,27,Loss/l_total,0.05969500541687012
1786527277.0927012,69780,27,LR,3.14875645877823e-05
1786527300.6756444,69800,27,Loss/l_ce,0.08437585830688477
1786527300.6757941,69800,27,Loss/l_total,0.08437585830688477
1786527300.6758168,69800,27,LR,3.14875645877823e-05
1786527326.5059614,69820,27,Loss/l_ce,0.05104398727416992
1786527326.5061407,69820,27,Loss/l_total,0.05104398727416992
1786527326.5061634,69820,27,LR,3.14875645877823e-05
1786527355.523736,69840,27,Loss/l_ce,0.10306429862976074
1786527355.5239093,69840,27,Loss/l_total,0.10306429862976074
1786527355.523932,69840,27,LR,3.14875645877823e-05
1786527370.4989617,69860,27,Loss/l_ce,0.06630492210388184
1786527370.4992836,69860,27,Loss/l_total,0.06630492210388184
1786527370.4993083,69860,27,LR,3.14875645877823e-05
1786527389.169164,69880,27,Loss/l_ce,0.09757184982299805
1786527389.1693754,69880,27,Loss/l_total,0.09757184982299805
1786527389.1694002,69880,27,LR,3.14875645877823e-05
1786527413.1937559,69900,27,Loss/l_ce,0.06673264503479004
1786527413.1939778,69900,27,Loss/l_total,0.06673264503479004
1786527413.1940076,69900,27,LR,3.14875645877823e-05
1786527431.4104693,69920,27,Loss/l_ce,0.14561939239501953
1786527431.4107127,69920,27,Loss/l_total,0.14561939239501953
1786527431.410739,69920,27,LR,3.14875645877823e-05
1786527455.4135263,69940,27,Loss/l_ce,0.08038902282714844
1786527455.413784,69940,27,Loss/l_total,0.08038902282714844
1786527455.4138052,69940,27,LR,3.14875645877823e-05
1786527482.7418742,69960,27,Loss/l_ce,0.19482994079589844
1786527482.7420108,69960,27,Loss/l_total,0.19482994079589844
1786527482.7420537,69960,27,LR,3.14875645877823e-05
1786527507.9603746,69980,27,Loss/l_ce,0.12284159660339355
1786527507.9605527,69980,27,Loss/l_total,0.12284159660339355
1786527507.9605753,69980,27,LR,3.14875645877823e-05
1786527526.741987,70000,27,Loss/l_ce,0.08050179481506348
1786527526.7421591,70000,27,Loss/l_total,0.08050179481506348
1786527526.742183,70000,27,LR,3.14875645877823e-05
1786527548.0958948,70020,27,Loss/l_ce,0.06227922439575195
1786527548.096087,70020,27,Loss/l_total,0.06227922439575195
1786527548.0961082,70020,27,LR,3.14875645877823e-05
1786527568.5398464,70040,27,Loss/l_ce,0.07439851760864258
1786527568.5400815,70040,27,Loss/l_total,0.07439851760864258
1786527568.540105,70040,27,LR,3.14875645877823e-05
1786527585.694321,70060,27,Loss/l_ce,0.10781311988830566
1786527585.6944635,70060,27,Loss/l_total,0.10781311988830566
1786527585.694486,70060,27,LR,3.14875645877823e-05
1786527609.6144075,70080,27,Loss/l_ce,0.08927798271179199
1786527609.6146164,70080,27,Loss/l_total,0.08927798271179199
1786527609.6146379,70080,27,LR,3.14875645877823e-05
1786527629.8254488,70100,27,Loss/l_ce,0.17261600494384766
1786527629.8256233,70100,27,Loss/l_total,0.17261600494384766
1786527629.825646,70100,27,LR,3.14875645877823e-05
1786527657.3673847,70120,27,Loss/l_ce,0.0829916000366211
1786527657.3675437,70120,27,Loss/l_total,0.0829916000366211
1786527657.3675628,70120,27,LR,3.14875645877823e-05
1786527669.960354,70140,27,Loss/l_ce,0.08288836479187012
1786527669.9605525,70140,27,Loss/l_total,0.08288836479187012
1786527669.9605749,70140,27,LR,3.14875645877823e-05
1786527679.8978782,70160,27,Loss/l_ce,0.06351971626281738
1786527679.8981335,70160,27,Loss/l_total,0.06351971626281738
1786527679.8981583,70160,27,LR,3.14875645877823e-05
1786527690.3364441,70180,27,Loss/l_ce,0.05839681625366211
1786527690.3366115,70180,27,Loss/l_total,0.05839681625366211
1786527690.3366327,70180,27,LR,3.14875645877823e-05
1786527702.9540668,70200,27,Loss/l_ce,0.09474420547485352
1786527702.9542923,70200,27,Loss/l_total,0.09474420547485352
1786527702.9543161,70200,27,LR,3.14875645877823e-05
1786527715.3104177,70220,27,Loss/l_ce,0.21174073219299316
1786527715.3105803,70220,27,Loss/l_total,0.21174073219299316
1786527715.3106027,70220,27,LR,3.14875645877823e-05
1786527727.5908148,70240,27,Loss/l_ce,0.09938549995422363
1786527727.5909858,70240,27,Loss/l_total,0.09938549995422363
1786527727.5910082,70240,27,LR,3.14875645877823e-05
1786527744.5599186,70260,27,Loss/l_ce,0.1035308837890625
1786527744.5600908,70260,27,Loss/l_total,0.1035308837890625
1786527744.5601122,70260,27,LR,3.14875645877823e-05
1786527753.6317563,70280,27,Loss/l_ce,0.07758331298828125
1786527753.6319845,70280,27,Loss/l_total,0.07758331298828125
1786527753.6320078,70280,27,LR,3.14875645877823e-05
1786527772.8315074,70300,27,Loss/l_ce,0.11154389381408691
1786527772.8316891,70300,27,Loss/l_total,0.11154389381408691
1786527772.8317142,70300,27,LR,3.14875645877823e-05
1786527786.3625915,70320,27,Loss/l_ce,0.08899927139282227
1786527786.3627517,70320,27,Loss/l_total,0.08899927139282227
1786527786.3627744,70320,27,LR,3.14875645877823e-05
1786527795.7102373,70340,27,Loss/l_ce,0.09980940818786621
1786527795.7103856,70340,27,Loss/l_total,0.09980940818786621
1786527795.710407,70340,27,LR,3.14875645877823e-05
1786527812.2362256,70360,27,Loss/l_ce,0.07093501091003418
1786527812.2364118,70360,27,Loss/l_total,0.07093501091003418
1786527812.236432,70360,27,LR,3.14875645877823e-05
1786527828.8643415,70380,27,Loss/l_ce,0.07333755493164062
1786527828.8645718,70380,27,Loss/l_total,0.07333755493164062
1786527828.8646016,70380,27,LR,3.14875645877823e-05
1786527848.008612,70400,27,Loss/l_ce,0.11054110527038574
1786527848.0088933,70400,27,Loss/l_total,0.11054110527038574
1786527848.008917,70400,27,LR,3.14875645877823e-05
1786527868.6605523,70420,27,Loss/l_ce,0.09173727035522461
1786527868.6607838,70420,27,Loss/l_total,0.09173727035522461
1786527868.6608064,70420,27,LR,3.14875645877823e-05
1786527890.5122018,70440,27,Loss/l_ce,0.11687374114990234
1786527890.5124142,70440,27,Loss/l_total,0.11687374114990234
1786527890.512439,70440,27,LR,3.14875645877823e-05
1786527903.6596775,70460,27,Loss/l_ce,0.060540199279785156
1786527903.6598804,70460,27,Loss/l_total,0.060540199279785156
1786527903.6599016,70460,27,LR,3.14875645877823e-05
1786527924.040969,70480,27,Loss/l_ce,0.06793570518493652
1786527924.0411766,70480,27,Loss/l_total,0.06793570518493652
1786527924.0412016,70480,27,LR,3.14875645877823e-05
1786527945.0852766,70500,27,Loss/l_ce,0.05015110969543457
1786527945.0855415,70500,27,Loss/l_total,0.05015110969543457
1786527945.085565,70500,27,LR,3.14875645877823e-05
1786527968.8988278,70520,27,Loss/l_ce,0.07571625709533691
1786527968.8991055,70520,27,Loss/l_total,0.07571625709533691
1786527968.8991306,70520,27,LR,3.14875645877823e-05
1786527989.0358555,70540,27,Loss/l_ce,0.2143537998199463
1786527989.0362842,70540,27,Loss/l_total,0.2143537998199463
1786527989.0363128,70540,27,LR,3.14875645877823e-05
1786528000.2744038,70560,27,Loss/l_ce,0.08212995529174805
1786528000.2745535,70560,27,Loss/l_total,0.08212995529174805
1786528000.2745762,70560,27,LR,3.14875645877823e-05
1786528018.7539296,70580,27,Loss/l_ce,0.07887077331542969
1786528018.7541175,70580,27,Loss/l_total,0.07887077331542969
1786528018.7541435,70580,27,LR,3.14875645877823e-05
1786528042.4015503,70600,27,Loss/l_ce,0.062235116958618164
1786528042.4017296,70600,27,Loss/l_total,0.062235116958618164
1786528042.401752,70600,27,LR,3.14875645877823e-05
1786528062.0295415,70620,27,Loss/l_ce,0.10553646087646484
1786528062.0298479,70620,27,Loss/l_total,0.10553646087646484
1786528062.0298703,70620,27,LR,3.14875645877823e-05
1786528085.454437,70640,27,Loss/l_ce,0.07245683670043945
1786528085.454677,70640,27,Loss/l_total,0.07245683670043945
1786528085.4547043,70640,27,LR,3.14875645877823e-05
1786528109.27378,70660,27,Loss/l_ce,0.07851576805114746
1786528109.273937,70660,27,Loss/l_total,0.07851576805114746
1786528109.2739594,70660,27,LR,3.14875645877823e-05
1786528138.943553,70680,27,Loss/l_ce,0.11512398719787598
1786528138.9437132,70680,27,Loss/l_total,0.11512398719787598
1786528138.943736,70680,27,LR,3.14875645877823e-05
1786528164.600895,70700,27,Loss/l_ce,0.1506481170654297
1786528164.601149,70700,27,Loss/l_total,0.1506481170654297
1786528164.6011777,70700,27,LR,3.14875645877823e-05
1786528181.332695,70720,27,Loss/l_ce,0.09604454040527344
1786528181.3328602,70720,27,Loss/l_total,0.09604454040527344
1786528181.3328815,70720,27,LR,3.14875645877823e-05
1786528207.6542659,70740,27,Loss/l_ce,0.07358908653259277
1786528207.6544783,70740,27,Loss/l_total,0.07358908653259277
1786528207.654502,70740,27,LR,3.14875645877823e-05
1786528234.0736911,70760,27,Loss/l_ce,0.09481668472290039
1786528234.0738776,70760,27,Loss/l_total,0.09481668472290039
1786528234.0738988,70760,27,LR,3.14875645877823e-05
1786528246.8694935,70780,27,Loss/l_ce,0.0888218879699707
1786528246.869636,70780,27,Loss/l_total,0.0888218879699707
1786528246.8696587,70780,27,LR,3.14875645877823e-05
1786528261.7351158,70800,27,Loss/l_ce,1.7646822929382324
1786528261.7352748,70800,27,Loss/l_total,1.7646822929382324
1786528261.7353237,70800,27,LR,3.14875645877823e-05
1786528282.4328227,70820,27,Loss/l_ce,0.1248321533203125
1786528282.4329784,70820,27,Loss/l_total,0.1248321533203125
1786528282.4329996,70820,27,LR,3.14875645877823e-05
1786528301.8081317,70840,27,Loss/l_ce,0.09984517097473145
1786528301.808268,70840,27,Loss/l_total,0.09984517097473145
1786528301.8082883,70840,27,LR,3.14875645877823e-05
1786528330.4666874,70860,27,Loss/l_ce,0.08065986633300781
1786528330.4669201,70860,27,Loss/l_total,0.08065986633300781
1786528330.4669476,70860,27,LR,3.14875645877823e-05
1786528351.4957635,70880,27,Loss/l_ce,0.10506057739257812
1786528351.4959333,70880,27,Loss/l_total,0.10506057739257812
1786528351.4959593,70880,27,LR,3.14875645877823e-05
1786528373.3271728,70900,27,Loss/l_ce,0.1006476879119873
1786528373.3274033,70900,27,Loss/l_total,0.1006476879119873
1786528373.3274248,70900,27,LR,3.14875645877823e-05
1786528388.4069765,70920,27,Loss/l_ce,0.1910393238067627
1786528388.407189,70920,27,Loss/l_total,0.1910393238067627
1786528388.4072187,70920,27,LR,3.14875645877823e-05
1786528403.680292,70940,27,Loss/l_ce,0.07551169395446777
1786528403.680458,70940,27,Loss/l_total,0.07551169395446777
1786528403.6804793,70940,27,LR,3.14875645877823e-05
1786528421.2838945,70960,27,Loss/l_ce,0.11532902717590332
1786528421.2841892,70960,27,Loss/l_total,0.11532902717590332
1786528421.2842164,70960,27,LR,3.14875645877823e-05
1786528445.2638297,70980,27,Loss/l_ce,0.0634608268737793
1786528445.2639818,70980,27,Loss/l_total,0.0634608268737793
1786528445.2640045,70980,27,LR,3.14875645877823e-05
1786528473.89093,71000,27,Loss/l_ce,0.10929083824157715
1786528473.8911188,71000,27,Loss/l_total,0.10929083824157715
1786528473.8911438,71000,27,LR,3.14875645877823e-05
1786528493.1183207,71020,27,Loss/l_ce,0.0664219856262207
1786528493.118538,71020,27,Loss/l_total,0.0664219856262207
1786528493.1185606,71020,27,LR,3.14875645877823e-05
1786528506.1133897,71040,27,Loss/l_ce,0.0663764476776123
1786528506.1135597,71040,27,Loss/l_total,0.0663764476776123
1786528506.1135895,71040,27,LR,3.14875645877823e-05
1786528517.7498565,71060,27,Loss/l_ce,0.0754692554473877
1786528517.750068,71060,27,Loss/l_total,0.0754692554473877
1786528517.7500951,71060,27,LR,3.14875645877823e-05
1786528527.636511,71080,27,Loss/l_ce,0.10743331909179688
1786528527.6367307,71080,27,Loss/l_total,0.10743331909179688
1786528527.6367626,71080,27,LR,3.14875645877823e-05
1786528543.6337152,71100,27,Loss/l_ce,0.10637831687927246
1786528543.6338708,71100,27,Loss/l_total,0.10637831687927246
1786528543.6338947,71100,27,LR,3.14875645877823e-05
1786528553.4242554,71120,27,Loss/l_ce,0.07367515563964844
1786528553.4244053,71120,27,Loss/l_total,0.07367515563964844
1786528553.424429,71120,27,LR,3.14875645877823e-05
1786528564.3741179,71140,27,Loss/l_ce,0.06986308097839355
1786528564.37427,71140,27,Loss/l_total,0.06986308097839355
1786528564.3742924,71140,27,LR,3.14875645877823e-05
1786528575.8981643,71160,27,Loss/l_ce,0.06540346145629883
1786528575.8983219,71160,27,Loss/l_total,0.06540346145629883
1786528575.8983433,71160,27,LR,3.14875645877823e-05
1786528584.7083356,71180,27,Loss/l_ce,2.188109874725342
1786528584.7085185,71180,27,Loss/l_total,2.188109874725342
1786528584.7085454,71180,27,LR,3.14875645877823e-05
1786528594.7327793,71200,27,Loss/l_ce,0.0912637710571289
1786528594.7329323,71200,27,Loss/l_total,0.0912637710571289
1786528594.7329538,71200,27,LR,3.14875645877823e-05
1786528601.655786,71220,27,Loss/l_ce,0.07837033271789551
1786528601.6559913,71220,27,Loss/l_total,0.07837033271789551
1786528601.6560137,71220,27,LR,3.14875645877823e-05
1786528609.9986148,71240,27,Loss/l_ce,0.06364321708679199
1786528609.9987724,71240,27,Loss/l_total,0.06364321708679199
1786528609.9987962,71240,27,LR,3.14875645877823e-05
1786528619.369398,71260,27,Loss/l_ce,0.054800987243652344
1786528619.3696392,71260,27,Loss/l_total,0.054800987243652344
1786528619.3696654,71260,27,LR,3.14875645877823e-05
1786528638.4095309,71280,27,Loss/l_ce,0.11755681037902832
1786528638.409773,71280,27,Loss/l_total,0.11755681037902832
1786528638.4097955,71280,27,LR,3.14875645877823e-05
1786528655.9714882,71300,27,Loss/l_ce,0.10398030281066895
1786528655.9717493,71300,27,Loss/l_total,0.10398030281066895
1786528655.9717782,71300,27,LR,3.14875645877823e-05
1786528667.1363726,71320,27,Loss/l_ce,0.07990264892578125
1786528667.136508,71320,27,Loss/l_total,0.07990264892578125
1786528667.1365278,71320,27,LR,3.14875645877823e-05
1786528680.147532,71340,27,Loss/l_ce,0.06661701202392578
1786528680.1477778,71340,27,Loss/l_total,0.06661701202392578
1786528680.1478121,71340,27,LR,3.14875645877823e-05
1786528691.3443758,71360,27,Loss/l_ce,0.10918354988098145
1786528691.3445742,71360,27,Loss/l_total,0.10918354988098145
1786528691.344599,71360,27,LR,3.14875645877823e-05
1786528699.593756,71380,27,Loss/l_ce,0.06790328025817871
1786528699.593908,71380,27,Loss/l_total,0.06790328025817871
1786528699.5939305,71380,27,LR,3.14875645877823e-05
1786528707.2697418,71400,27,Loss/l_ce,0.10158395767211914
1786528707.2698784,71400,27,Loss/l_total,0.10158395767211914
1786528707.2698984,71400,27,LR,3.14875645877823e-05
1786528818.9466112,71400,27,Val/avg_error,0.010128112509846687
1786528818.9468987,71400,27,Val/acc,0.8453125
1786528818.9469223,71400,27,Val/sparse_auc,0.9201975812815657
1786528818.9469414,71400,27,Val/sparse_pck_max,0.1
1786528818.946958,71400,27,Val/sparse_pck_n,100.0
1786528834.678715,71420,28,Loss/l_ce,0.08214592933654785
1786528834.6788754,71420,28,Loss/l_total,0.08214592933654785
1786528834.6788979,71420,28,LR,2.854966364683871e-05
1786528843.9536645,71440,28,Loss/l_ce,0.0728461742401123
1786528843.9538095,71440,28,Loss/l_total,0.0728461742401123
1786528843.9538343,71440,28,LR,2.854966364683871e-05
1786528851.5894022,71460,28,Loss/l_ce,0.10152530670166016
1786528851.5895588,71460,28,Loss/l_total,0.10152530670166016
1786528851.5895827,71460,28,LR,2.854966364683871e-05
1786528861.0563483,71480,28,Loss/l_ce,0.10203981399536133
1786528861.056834,71480,28,Loss/l_total,0.10203981399536133
1786528861.0568588,71480,28,LR,2.854966364683871e-05
1786528871.7934742,71500,28,Loss/l_ce,0.09155607223510742
1786528871.793643,71500,28,Loss/l_total,0.09155607223510742
1786528871.7936704,71500,28,LR,2.854966364683871e-05
1786528879.7565653,71520,28,Loss/l_ce,0.09810352325439453
1786528879.756734,71520,28,Loss/l_total,0.09810352325439453
1786528879.7567577,71520,28,LR,2.854966364683871e-05
1786528891.2975793,71540,28,Loss/l_ce,0.06138181686401367
1786528891.2977586,71540,28,Loss/l_total,0.06138181686401367
1786528891.297781,71540,28,LR,2.854966364683871e-05
1786528899.7796073,71560,28,Loss/l_ce,0.08584022521972656
1786528899.7798233,71560,28,Loss/l_total,0.08584022521972656
1786528899.7798471,71560,28,LR,2.854966364683871e-05
1786528907.901573,71580,28,Loss/l_ce,0.0788118839263916
1786528907.9017475,71580,28,Loss/l_total,0.0788118839263916
1786528907.9017699,71580,28,LR,2.854966364683871e-05
1786528916.4433622,71600,28,Loss/l_ce,0.09897685050964355
1786528916.4435594,71600,28,Loss/l_total,0.09897685050964355
1786528916.4435844,71600,28,LR,2.854966364683871e-05
1786528924.900969,71620,28,Loss/l_ce,0.09083366394042969
1786528924.9011805,71620,28,Loss/l_total,0.09083366394042969
1786528924.9012053,71620,28,LR,2.854966364683871e-05
1786528931.754502,71640,28,Loss/l_ce,0.14773774147033691
1786528931.7546804,71640,28,Loss/l_total,0.14773774147033691
1786528931.7547028,71640,28,LR,2.854966364683871e-05
1786528940.5860043,71660,28,Loss/l_ce,0.07811546325683594
1786528940.5862098,71660,28,Loss/l_total,0.07811546325683594
1786528940.586236,71660,28,LR,2.854966364683871e-05
1786528948.2425191,71680,28,Loss/l_ce,0.07311034202575684
1786528948.2426734,71680,28,Loss/l_total,0.07311034202575684
1786528948.242696,71680,28,LR,2.854966364683871e-05
1786528959.2786214,71700,28,Loss/l_ce,0.11398863792419434
1786528959.2788007,71700,28,Loss/l_total,0.11398863792419434
1786528959.2788231,71700,28,LR,2.854966364683871e-05
1786528969.4568892,71720,28,Loss/l_ce,0.06964826583862305
1786528969.4571362,71720,28,Loss/l_total,0.06964826583862305
1786528969.457161,71720,28,LR,2.854966364683871e-05
1786528978.153383,71740,28,Loss/l_ce,0.11012601852416992
1786528978.153535,71740,28,Loss/l_total,0.11012601852416992
1786528978.1535552,71740,28,LR,2.854966364683871e-05
1786528987.7330754,71760,28,Loss/l_ce,0.206526517868042
1786528987.7332406,71760,28,Loss/l_total,0.206526517868042
1786528987.7332618,71760,28,LR,2.854966364683871e-05
1786528995.7963035,71780,28,Loss/l_ce,0.0680689811706543
1786528995.7964792,71780,28,Loss/l_total,0.0680689811706543
1786528995.796503,71780,28,LR,2.854966364683871e-05
1786529004.3822415,71800,28,Loss/l_ce,0.07502627372741699
1786529004.3824124,71800,28,Loss/l_total,0.07502627372741699
1786529004.382435,71800,28,LR,2.854966364683871e-05
1786529014.5568328,71820,28,Loss/l_ce,0.06653428077697754
1786529014.5570097,71820,28,Loss/l_total,0.06653428077697754
1786529014.5570538,71820,28,LR,2.854966364683871e-05
1786529021.6505122,71840,28,Loss/l_ce,0.11189675331115723
1786529021.6506805,71840,28,Loss/l_total,0.11189675331115723
1786529021.6507053,71840,28,LR,2.854966364683871e-05
1786529030.380468,71860,28,Loss/l_ce,0.1482563018798828
1786529030.3806484,71860,28,Loss/l_total,0.1482563018798828
1786529030.3806732,71860,28,LR,2.854966364683871e-05
1786529043.816917,71880,28,Loss/l_ce,0.07038688659667969
1786529043.8171225,71880,28,Loss/l_total,0.07038688659667969
1786529043.8171475,71880,28,LR,2.854966364683871e-05
1786529050.8751845,71900,28,Loss/l_ce,0.06895923614501953
1786529050.8753593,71900,28,Loss/l_total,0.06895923614501953
1786529050.8753831,71900,28,LR,2.854966364683871e-05
1786529059.0032883,71920,28,Loss/l_ce,0.09243321418762207
1786529059.0034866,71920,28,Loss/l_total,0.09243321418762207
1786529059.0035093,71920,28,LR,2.854966364683871e-05
1786529070.2758815,71940,28,Loss/l_ce,1.8155927658081055
1786529070.2763171,71940,28,Loss/l_total,1.8155927658081055
1786529070.2763433,71940,28,LR,2.854966364683871e-05
1786529077.9604845,71960,28,Loss/l_ce,0.08970022201538086
1786529077.960684,71960,28,Loss/l_total,0.08970022201538086
1786529077.9607065,71960,28,LR,2.854966364683871e-05
1786529087.451249,71980,28,Loss/l_ce,0.21074295043945312
1786529087.4514983,71980,28,Loss/l_total,0.21074295043945312
1786529087.451523,71980,28,LR,2.854966364683871e-05
1786529096.234279,72000,28,Loss/l_ce,0.06754684448242188
1786529096.2344427,72000,28,Loss/l_total,0.06754684448242188
1786529096.2344675,72000,28,LR,2.854966364683871e-05
1786529104.1465013,72020,28,Loss/l_ce,0.0824730396270752
1786529104.146702,72020,28,Loss/l_total,0.0824730396270752
1786529104.1467283,72020,28,LR,2.854966364683871e-05
1786529112.7449422,72040,28,Loss/l_ce,0.10077667236328125
1786529112.7451143,72040,28,Loss/l_total,0.10077667236328125
1786529112.7451391,72040,28,LR,2.854966364683871e-05
1786529122.2994735,72060,28,Loss/l_ce,0.13241982460021973
1786529122.2996302,72060,28,Loss/l_total,0.13241982460021973
1786529122.299654,72060,28,LR,2.854966364683871e-05
1786529131.566973,72080,28,Loss/l_ce,0.08478569984436035
1786529131.567221,72080,28,Loss/l_total,0.08478569984436035
1786529131.5672472,72080,28,LR,2.854966364683871e-05
1786529145.0643585,72100,28,Loss/l_ce,0.08065199851989746
1786529145.0645354,72100,28,Loss/l_total,0.08065199851989746
1786529145.0645578,72100,28,LR,2.854966364683871e-05
1786529154.7017946,72120,28,Loss/l_ce,0.09259796142578125
1786529154.7019725,72120,28,Loss/l_total,0.09259796142578125
1786529154.7019963,72120,28,LR,2.854966364683871e-05
1786529163.5254269,72140,28,Loss/l_ce,0.11826229095458984
1786529163.5255876,72140,28,Loss/l_total,0.11826229095458984
1786529163.52561,72140,28,LR,2.854966364683871e-05
1786529171.9254997,72160,28,Loss/l_ce,0.06616926193237305
1786529171.9256504,72160,28,Loss/l_total,0.06616926193237305
1786529171.9256742,72160,28,LR,2.854966364683871e-05
1786529179.887823,72180,28,Loss/l_ce,0.06631994247436523
1786529179.888008,72180,28,Loss/l_total,0.06631994247436523
1786529179.8880463,72180,28,LR,2.854966364683871e-05
1786529188.2316165,72200,28,Loss/l_ce,0.06540203094482422
1786529188.2317758,72200,28,Loss/l_total,0.06540203094482422
1786529188.2317994,72200,28,LR,2.854966364683871e-05
1786529202.6628397,72220,28,Loss/l_ce,0.023447036743164062
1786529202.6629891,72220,28,Loss/l_total,0.023447036743164062
1786529202.6630106,72220,28,LR,2.854966364683871e-05
1786529213.3239007,72240,28,Loss/l_ce,0.08313369750976562
1786529213.3240776,72240,28,Loss/l_total,0.08313369750976562
1786529213.3241014,72240,28,LR,2.854966364683871e-05
1786529222.2834246,72260,28,Loss/l_ce,0.0919804573059082
1786529222.2835848,72260,28,Loss/l_total,0.0919804573059082
1786529222.2836096,72260,28,LR,2.854966364683871e-05
1786529231.8390193,72280,28,Loss/l_ce,0.07129526138305664
1786529231.8392448,72280,28,Loss/l_total,0.07129526138305664
1786529231.8392673,72280,28,LR,2.854966364683871e-05
1786529240.715291,72300,28,Loss/l_ce,0.08113622665405273
1786529240.715513,72300,28,Loss/l_total,0.08113622665405273
1786529240.7155368,72300,28,LR,2.854966364683871e-05
1786529250.134341,72320,28,Loss/l_ce,0.02572345733642578
1786529250.1345787,72320,28,Loss/l_total,0.02572345733642578
1786529250.134601,72320,28,LR,2.854966364683871e-05
1786529257.3722844,72340,28,Loss/l_ce,0.09418940544128418
1786529257.3724482,72340,28,Loss/l_total,0.09418940544128418
1786529257.3724709,72340,28,LR,2.854966364683871e-05
1786529264.305202,72360,28,Loss/l_ce,0.030865907669067383
1786529264.3054025,72360,28,Loss/l_total,0.030865907669067383
1786529264.3054287,72360,28,LR,2.854966364683871e-05
1786529273.1737413,72380,28,Loss/l_ce,0.08519124984741211
1786529273.1739147,72380,28,Loss/l_total,0.08519124984741211
1786529273.173937,72380,28,LR,2.854966364683871e-05
1786529283.1184442,72400,28,Loss/l_ce,0.05876946449279785
1786529283.1186175,72400,28,Loss/l_total,0.05876946449279785
1786529283.1186414,72400,28,LR,2.854966364683871e-05
1786529294.5900774,72420,28,Loss/l_ce,0.07876420021057129
1786529294.5903053,72420,28,Loss/l_total,0.07876420021057129
1786529294.5903277,72420,28,LR,2.854966364683871e-05
1786529307.2020762,72440,28,Loss/l_ce,0.05765533447265625
1786529307.2022576,72440,28,Loss/l_total,0.05765533447265625
1786529307.202286,72440,28,LR,2.854966364683871e-05
1786529316.25283,72460,28,Loss/l_ce,0.09352707862854004
1786529316.2529938,72460,28,Loss/l_total,0.09352707862854004
1786529316.2530162,72460,28,LR,2.854966364683871e-05
1786529324.9498034,72480,28,Loss/l_ce,0.09287571907043457
1786529324.9499767,72480,28,Loss/l_total,0.09287571907043457
1786529324.9500036,72480,28,LR,2.854966364683871e-05
1786529335.290764,72500,28,Loss/l_ce,0.06302070617675781
1786529335.2909198,72500,28,Loss/l_total,0.06302070617675781
1786529335.2909422,72500,28,LR,2.854966364683871e-05
1786529346.6022332,72520,28,Loss/l_ce,0.26225876808166504
1786529346.6024184,72520,28,Loss/l_total,0.26225876808166504
1786529346.6024432,72520,28,LR,2.854966364683871e-05
1786529357.8937418,72540,28,Loss/l_ce,0.05831193923950195
1786529357.8938987,72540,28,Loss/l_total,0.05831193923950195
1786529357.89392,72540,28,LR,2.854966364683871e-05
1786529368.8654206,72560,28,Loss/l_ce,0.11473631858825684
1786529368.8655856,72560,28,Loss/l_total,0.11473631858825684
1786529368.8656082,72560,28,LR,2.854966364683871e-05
1786529379.5758858,72580,28,Loss/l_ce,0.10840034484863281
1786529379.5760877,72580,28,Loss/l_total,0.10840034484863281
1786529379.5761127,72580,28,LR,2.854966364683871e-05
1786529388.5758266,72600,28,Loss/l_ce,0.0671234130859375
1786529388.5760086,72600,28,Loss/l_total,0.0671234130859375
1786529388.5760512,72600,28,LR,2.854966364683871e-05
1786529397.3985608,72620,28,Loss/l_ce,0.0659334659576416
1786529397.3987474,72620,28,Loss/l_total,0.0659334659576416
1786529397.3987699,72620,28,LR,2.854966364683871e-05
1786529406.4953535,72640,28,Loss/l_ce,0.07735252380371094
1786529406.495509,72640,28,Loss/l_total,0.07735252380371094
1786529406.4955328,72640,28,LR,2.854966364683871e-05
1786529417.0467837,72660,28,Loss/l_ce,0.1174771785736084
1786529417.046963,72660,28,Loss/l_total,0.1174771785736084
1786529417.0469854,72660,28,LR,2.854966364683871e-05
1786529424.7355254,72680,28,Loss/l_ce,0.0787966251373291
1786529424.735732,72680,28,Loss/l_total,0.0787966251373291
1786529424.7357557,72680,28,LR,2.854966364683871e-05
1786529435.5048983,72700,28,Loss/l_ce,0.07378911972045898
1786529435.5050871,72700,28,Loss/l_total,0.07378911972045898
1786529435.5051122,72700,28,LR,2.854966364683871e-05
1786529449.0422244,72720,28,Loss/l_ce,0.09834647178649902
1786529449.0424228,72720,28,Loss/l_total,0.09834647178649902
1786529449.0424607,72720,28,LR,2.854966364683871e-05
1786529460.518627,72740,28,Loss/l_ce,0.09262585639953613
1786529460.5188477,72740,28,Loss/l_total,0.09262585639953613
1786529460.5188692,72740,28,LR,2.854966364683871e-05
1786529470.1654484,72760,28,Loss/l_ce,1.4767818450927734
1786529470.1656349,72760,28,Loss/l_total,1.4767818450927734
1786529470.1656575,72760,28,LR,2.854966364683871e-05
1786529478.4979923,72780,28,Loss/l_ce,0.09266471862792969
1786529478.49818,72780,28,Loss/l_total,0.09266471862792969
1786529478.4982023,72780,28,LR,2.854966364683871e-05
1786529486.9750228,72800,28,Loss/l_ce,0.07483577728271484
1786529486.9751997,72800,28,Loss/l_total,0.07483577728271484
1786529486.9752235,72800,28,LR,2.854966364683871e-05
1786529497.01852,72820,28,Loss/l_ce,0.10868120193481445
1786529497.0186863,72820,28,Loss/l_total,0.10868120193481445
1786529497.018793,72820,28,LR,2.854966364683871e-05
1786529507.1628726,72840,28,Loss/l_ce,0.08052611351013184
1786529507.1630173,72840,28,Loss/l_total,0.08052611351013184
1786529507.163059,72840,28,LR,2.854966364683871e-05
1786529515.5258632,72860,28,Loss/l_ce,0.10185432434082031
1786529515.5260496,72860,28,Loss/l_total,0.10185432434082031
1786529515.526073,72860,28,LR,2.854966364683871e-05
1786529523.8286488,72880,28,Loss/l_ce,0.09596848487854004
1786529523.82881,72880,28,Loss/l_total,0.09596848487854004
1786529523.828835,72880,28,LR,2.854966364683871e-05
1786529533.8753731,72900,28,Loss/l_ce,0.0823981761932373
1786529533.8755238,72900,28,Loss/l_total,0.0823981761932373
1786529533.8755465,72900,28,LR,2.854966364683871e-05
1786529543.4026105,72920,28,Loss/l_ce,0.181624174118042
1786529543.4027693,72920,28,Loss/l_total,0.181624174118042
1786529543.4027922,72920,28,LR,2.854966364683871e-05
1786529555.7283936,72940,28,Loss/l_ce,0.07363128662109375
1786529555.72856,72940,28,Loss/l_total,0.07363128662109375
1786529555.7285833,72940,28,LR,2.854966364683871e-05
1786529563.4828272,72960,28,Loss/l_ce,0.0908665657043457
1786529563.483002,72960,28,Loss/l_total,0.0908665657043457
1786529563.4830294,72960,28,LR,2.854966364683871e-05
1786529570.7021406,72980,28,Loss/l_ce,0.1069633960723877
1786529570.7022927,72980,28,Loss/l_total,0.1069633960723877
1786529570.7023153,72980,28,LR,2.854966364683871e-05
1786529578.0635247,73000,28,Loss/l_ce,0.07084321975708008
1786529578.0636861,73000,28,Loss/l_total,0.07084321975708008
1786529578.0637074,73000,28,LR,2.854966364683871e-05
1786529585.0192127,73020,28,Loss/l_ce,0.0793914794921875
1786529585.0193884,73020,28,Loss/l_total,0.0793914794921875
1786529585.0194135,73020,28,LR,2.854966364683871e-05
1786529599.3304737,73040,28,Loss/l_ce,0.07829666137695312
1786529599.3307362,73040,28,Loss/l_total,0.07829666137695312
1786529599.3307633,73040,28,LR,2.854966364683871e-05
1786529609.2115777,73060,28,Loss/l_ce,0.2044076919555664
1786529609.2118495,73060,28,Loss/l_total,0.2044076919555664
1786529609.2118793,73060,28,LR,2.854966364683871e-05
1786529620.2611287,73080,28,Loss/l_ce,0.0880577564239502
1786529620.2613235,73080,28,Loss/l_total,0.0880577564239502
1786529620.261346,73080,28,LR,2.854966364683871e-05
1786529630.947759,73100,28,Loss/l_ce,0.06818771362304688
1786529630.9478955,73100,28,Loss/l_total,0.06818771362304688
1786529630.9479167,73100,28,LR,2.854966364683871e-05
1786529641.8034897,73120,28,Loss/l_ce,0.05933785438537598
1786529641.8036478,73120,28,Loss/l_total,0.05933785438537598
1786529641.8036702,73120,28,LR,2.854966364683871e-05
1786529655.6855838,73140,28,Loss/l_ce,0.08084774017333984
1786529655.685812,73140,28,Loss/l_total,0.08084774017333984
1786529655.6858332,73140,28,LR,2.854966364683871e-05
1786529666.4784508,73160,28,Loss/l_ce,0.06721806526184082
1786529666.4786074,73160,28,Loss/l_total,0.06721806526184082
1786529666.4786322,73160,28,LR,2.854966364683871e-05
1786529676.106349,73180,28,Loss/l_ce,0.06328296661376953
1786529676.1065238,73180,28,Loss/l_total,0.06328296661376953
1786529676.1065462,73180,28,LR,2.854966364683871e-05
1786529685.926758,73200,28,Loss/l_ce,0.16231703758239746
1786529685.9269328,73200,28,Loss/l_total,0.16231703758239746
1786529685.9269567,73200,28,LR,2.854966364683871e-05
1786529694.5200229,73220,28,Loss/l_ce,0.09005308151245117
1786529694.5201998,73220,28,Loss/l_total,0.09005308151245117
1786529694.5202248,73220,28,LR,2.854966364683871e-05
1786529702.2290585,73240,28,Loss/l_ce,0.07352471351623535
1786529702.229213,73240,28,Loss/l_total,0.07352471351623535
1786529702.2292364,73240,28,LR,2.854966364683871e-05
1786529715.5254161,73260,28,Loss/l_ce,0.08754706382751465
1786529715.5256026,73260,28,Loss/l_total,0.08754706382751465
1786529715.525625,73260,28,LR,2.854966364683871e-05
1786529725.4490802,73280,28,Loss/l_ce,0.09844636917114258
1786529725.4492333,73280,28,Loss/l_total,0.09844636917114258
1786529725.4492571,73280,28,LR,2.854966364683871e-05
1786529735.480057,73300,28,Loss/l_ce,0.13677740097045898
1786529735.4802246,73300,28,Loss/l_total,0.13677740097045898
1786529735.4802482,73300,28,LR,2.854966364683871e-05
1786529746.2084675,73320,28,Loss/l_ce,0.15591192245483398
1786529746.2086575,73320,28,Loss/l_total,0.15591192245483398
1786529746.208681,73320,28,LR,2.854966364683871e-05
1786529757.5259542,73340,28,Loss/l_ce,0.10155916213989258
1786529757.526155,73340,28,Loss/l_total,0.10155916213989258
1786529757.5261788,73340,28,LR,2.854966364683871e-05
1786529767.6371193,73360,28,Loss/l_ce,0.11065983772277832
1786529767.6373425,73360,28,Loss/l_total,0.11065983772277832
1786529767.637365,73360,28,LR,2.854966364683871e-05
1786529774.9525158,73380,28,Loss/l_ce,0.18361139297485352
1786529774.952694,73380,28,Loss/l_total,0.18361139297485352
1786529774.9527166,73380,28,LR,2.854966364683871e-05
1786529785.5601199,73400,28,Loss/l_ce,0.039859771728515625
1786529785.5602872,73400,28,Loss/l_total,0.039859771728515625
1786529785.5603123,73400,28,LR,2.854966364683871e-05
1786529797.971265,73420,28,Loss/l_ce,0.09358406066894531
1786529797.9714847,73420,28,Loss/l_total,0.09358406066894531
1786529797.9715085,73420,28,LR,2.854966364683871e-05
1786529809.3522735,73440,28,Loss/l_ce,0.08614253997802734
1786529809.352425,73440,28,Loss/l_total,0.08614253997802734
1786529809.3524477,73440,28,LR,2.854966364683871e-05
1786529822.9496617,73460,28,Loss/l_ce,0.284210205078125
1786529822.9498386,73460,28,Loss/l_total,0.284210205078125
1786529822.950075,73460,28,LR,2.854966364683871e-05
1786529832.9557369,73480,28,Loss/l_ce,0.13125348091125488
1786529832.955884,73480,28,Loss/l_total,0.13125348091125488
1786529832.9559042,73480,28,LR,2.854966364683871e-05
1786529843.4887624,73500,28,Loss/l_ce,0.08388447761535645
1786529843.488951,73500,28,Loss/l_total,0.08388447761535645
1786529843.4889772,73500,28,LR,2.854966364683871e-05
1786529852.4876556,73520,28,Loss/l_ce,0.1239171028137207
1786529852.4878266,73520,28,Loss/l_total,0.1239171028137207
1786529852.4878504,73520,28,LR,2.854966364683871e-05
1786529863.843371,73540,28,Loss/l_ce,0.15821456909179688
1786529863.8435385,73540,28,Loss/l_total,0.15821456909179688
1786529863.843561,73540,28,LR,2.854966364683871e-05
1786529877.3998406,73560,28,Loss/l_ce,0.10677814483642578
1786529877.4000697,73560,28,Loss/l_total,0.10677814483642578
1786529877.4000912,73560,28,LR,2.854966364683871e-05
1786529885.0951004,73580,28,Loss/l_ce,0.26395201683044434
1786529885.0952475,73580,28,Loss/l_total,0.26395201683044434
1786529885.0952702,73580,28,LR,2.854966364683871e-05
1786529893.7143714,73600,28,Loss/l_ce,0.10064005851745605
1786529893.7145767,73600,28,Loss/l_total,0.10064005851745605
1786529893.7146242,73600,28,LR,2.854966364683871e-05
1786529903.5432274,73620,28,Loss/l_ce,0.0864112377166748
1786529903.5434268,73620,28,Loss/l_total,0.0864112377166748
1786529903.5434515,73620,28,LR,2.854966364683871e-05
1786529921.3093371,73640,28,Loss/l_ce,0.026233196258544922
1786529921.309552,73640,28,Loss/l_total,0.026233196258544922
1786529921.3095746,73640,28,LR,2.854966364683871e-05
1786529930.812787,73660,28,Loss/l_ce,0.17908215522766113
1786529930.812971,73660,28,Loss/l_total,0.17908215522766113
1786529930.812998,73660,28,LR,2.854966364683871e-05
1786529940.1475174,73680,28,Loss/l_ce,2.295013904571533
1786529940.147678,73680,28,Loss/l_total,2.295013904571533
1786529940.1477005,73680,28,LR,2.854966364683871e-05
1786529947.489843,73700,28,Loss/l_ce,0.11112403869628906
1786529947.4900067,73700,28,Loss/l_total,0.11112403869628906
1786529947.49006,73700,28,LR,2.854966364683871e-05
1786529959.1766844,73720,28,Loss/l_ce,0.21038317680358887
1786529959.1768553,73720,28,Loss/l_total,0.21038317680358887
1786529959.1768777,73720,28,LR,2.854966364683871e-05
1786529968.9811437,73740,28,Loss/l_ce,0.08880448341369629
1786529968.9813113,73740,28,Loss/l_total,0.08880448341369629
1786529968.9813337,73740,28,LR,2.854966364683871e-05
1786529981.6723197,73760,28,Loss/l_ce,0.19710159301757812
1786529981.67248,73760,28,Loss/l_total,0.19710159301757812
1786529981.672505,73760,28,LR,2.854966364683871e-05
1786529991.7113283,73780,28,Loss/l_ce,0.1533498764038086
1786529991.7115016,73780,28,Loss/l_total,0.1533498764038086
1786529991.7115228,73780,28,LR,2.854966364683871e-05
1786530003.557611,73800,28,Loss/l_ce,0.07455730438232422
1786530003.5577712,73800,28,Loss/l_total,0.07455730438232422
1786530003.557794,73800,28,LR,2.854966364683871e-05
1786530013.0940616,73820,28,Loss/l_ce,0.09104585647583008
1786530013.0942302,73820,28,Loss/l_total,0.09104585647583008
1786530013.094489,73820,28,LR,2.854966364683871e-05
1786530024.1365676,73840,28,Loss/l_ce,0.09140825271606445
1786530024.1367314,73840,28,Loss/l_total,0.09140825271606445
1786530024.1367552,73840,28,LR,2.854966364683871e-05
1786530035.7721667,73860,28,Loss/l_ce,0.05739188194274902
1786530035.7724705,73860,28,Loss/l_total,0.05739188194274902
1786530035.7725039,73860,28,LR,2.854966364683871e-05
1786530043.600131,73880,28,Loss/l_ce,0.10355544090270996
1786530043.6002855,73880,28,Loss/l_total,0.10355544090270996
1786530043.600308,73880,28,LR,2.854966364683871e-05
1786530053.7408617,73900,28,Loss/l_ce,0.10050201416015625
1786530053.741028,73900,28,Loss/l_total,0.10050201416015625
1786530053.7410731,73900,28,LR,2.854966364683871e-05
1786530064.2729037,73920,28,Loss/l_ce,0.05812406539916992
1786530064.2731247,73920,28,Loss/l_total,0.05812406539916992
1786530064.2731507,73920,28,LR,2.854966364683871e-05
1786530071.6473787,73940,28,Loss/l_ce,0.062392473220825195
1786530071.6475222,73940,28,Loss/l_total,0.062392473220825195
1786530071.647546,73940,28,LR,2.854966364683871e-05
1786530191.2259188,73950,28,Val/avg_error,0.010917414911091328
1786530191.2261765,73950,28,Val/acc,0.835791015625
1786530191.2262013,73950,28,Val/sparse_auc,0.915466185290404
1786530191.2262192,73950,28,Val/sparse_pck_max,0.1
1786530191.2262347,73950,28,Val/sparse_pck_n,100.0
1786530197.0750089,73960,29,Loss/l_ce,0.09597158432006836
1786530197.0751894,73960,29,Loss/l_total,0.09597158432006836
1786530197.0752118,73960,29,LR,2.5774837825141737e-05
1786530206.2966082,73980,29,Loss/l_ce,0.08008027076721191
1786530206.296772,73980,29,Loss/l_total,0.08008027076721191
1786530206.2967958,73980,29,LR,2.5774837825141737e-05
1786530213.9600885,74000,29,Loss/l_ce,0.08079385757446289
1786530213.9602582,74000,29,Loss/l_total,0.08079385757446289
1786530213.960282,74000,29,LR,2.5774837825141737e-05
1786530223.999667,74020,29,Loss/l_ce,0.5227489471435547
1786530223.999814,74020,29,Loss/l_total,0.5227489471435547
1786530223.999837,74020,29,LR,2.5774837825141737e-05
1786530236.98926,74040,29,Loss/l_ce,0.0960538387298584
1786530236.989653,74040,29,Loss/l_total,0.0960538387298584
1786530236.9900625,74040,29,LR,2.5774837825141737e-05
1786530245.6595693,74060,29,Loss/l_ce,0.06881284713745117
1786530245.6597695,74060,29,Loss/l_total,0.06881284713745117
1786530245.659791,74060,29,LR,2.5774837825141737e-05
1786530253.985241,74080,29,Loss/l_ce,0.09768795967102051
1786530253.9854012,74080,29,Loss/l_total,0.09768795967102051
1786530253.985425,74080,29,LR,2.5774837825141737e-05
1786530267.4457521,74100,29,Loss/l_ce,0.0759727954864502
1786530267.445916,74100,29,Loss/l_total,0.0759727954864502
1786530267.4459386,74100,29,LR,2.5774837825141737e-05
1786530275.3801663,74120,29,Loss/l_ce,0.10099244117736816
1786530275.3803232,74120,29,Loss/l_total,0.10099244117736816
1786530275.3803468,74120,29,LR,2.5774837825141737e-05
1786530285.053765,74140,29,Loss/l_ce,0.0670933723449707
1786530285.0539243,74140,29,Loss/l_total,0.0670933723449707
1786530285.053948,74140,29,LR,2.5774837825141737e-05
1786530295.0258348,74160,29,Loss/l_ce,0.08466458320617676
1786530295.0259902,74160,29,Loss/l_total,0.08466458320617676
1786530295.0260117,74160,29,LR,2.5774837825141737e-05
1786530304.5968997,74180,29,Loss/l_ce,1.60978364944458
1786530304.5971029,74180,29,Loss/l_total,1.60978364944458
1786530304.597128,74180,29,LR,2.5774837825141737e-05
1786530315.7518861,74200,29,Loss/l_ce,0.1094217300415039
1786530315.7520773,74200,29,Loss/l_total,0.1094217300415039
1786530315.7521012,74200,29,LR,2.5774837825141737e-05
1786530326.6854157,74220,29,Loss/l_ce,0.09949445724487305
1786530326.6855843,74220,29,Loss/l_total,0.09949445724487305
1786530326.685608,74220,29,LR,2.5774837825141737e-05
1786530340.0284355,74240,29,Loss/l_ce,0.07246851921081543
1786530340.0286753,74240,29,Loss/l_total,0.07246851921081543
1786530340.028699,74240,29,LR,2.5774837825141737e-05
1786530348.340803,74260,29,Loss/l_ce,0.06776571273803711
1786530348.341052,74260,29,Loss/l_total,0.06776571273803711
1786530348.341081,74260,29,LR,2.5774837825141737e-05
1786530359.3567321,74280,29,Loss/l_ce,0.09479355812072754
1786530359.3569899,74280,29,Loss/l_total,0.09479355812072754
1786530359.357016,74280,29,LR,2.5774837825141737e-05
1786530367.3156323,74300,29,Loss/l_ce,0.09562015533447266
1786530367.3158023,74300,29,Loss/l_total,0.09562015533447266
1786530367.315826,74300,29,LR,2.5774837825141737e-05
1786530376.505269,74320,29,Loss/l_ce,0.08817481994628906
1786530376.505447,74320,29,Loss/l_total,0.08817481994628906
1786530376.5054693,74320,29,LR,2.5774837825141737e-05
1786530383.790093,74340,29,Loss/l_ce,0.2414565086364746
1786530383.790252,74340,29,Loss/l_total,0.2414565086364746
1786530383.7902758,74340,29,LR,2.5774837825141737e-05
1786530392.9339437,74360,29,Loss/l_ce,0.10511255264282227
1786530392.9341364,74360,29,Loss/l_total,0.10511255264282227
1786530392.9341598,74360,29,LR,2.5774837825141737e-05
1786530402.2736723,74380,29,Loss/l_ce,0.07515382766723633
1786530402.2738588,74380,29,Loss/l_total,0.07515382766723633
1786530402.2738814,74380,29,LR,2.5774837825141737e-05
1786530412.9721253,74400,29,Loss/l_ce,0.06043672561645508
1786530412.972308,74400,29,Loss/l_total,0.06043672561645508
1786530412.9723616,74400,29,LR,2.5774837825141737e-05
1786530420.9585378,74420,29,Loss/l_ce,0.09812569618225098
1786530420.9587111,74420,29,Loss/l_total,0.09812569618225098
1786530420.9587336,74420,29,LR,2.5774837825141737e-05
1786530432.3044288,74440,29,Loss/l_ce,0.0909268856048584
1786530432.304722,74440,29,Loss/l_total,0.0909268856048584
1786530432.3047483,74440,29,LR,2.5774837825141737e-05
1786530444.2979302,74460,29,Loss/l_ce,0.07862377166748047
1786530444.2981117,74460,29,Loss/l_total,0.07862377166748047
1786530444.2981415,74460,29,LR,2.5774837825141737e-05
1786530452.1007621,74480,29,Loss/l_ce,0.07640957832336426
1786530452.1009152,74480,29,Loss/l_total,0.07640957832336426
1786530452.100939,74480,29,LR,2.5774837825141737e-05
1786530459.2647092,74500,29,Loss/l_ce,0.07530355453491211
1786530459.2649014,74500,29,Loss/l_total,0.07530355453491211
1786530459.2649238,74500,29,LR,2.5774837825141737e-05
1786530470.666681,74520,29,Loss/l_ce,0.37417078018188477
1786530470.666864,74520,29,Loss/l_total,0.37417078018188477
1786530470.6668913,74520,29,LR,2.5774837825141737e-05
1786530482.6974757,74540,29,Loss/l_ce,0.09819841384887695
1786530482.6976655,74540,29,Loss/l_total,0.09819841384887695
1786530482.6976883,74540,29,LR,2.5774837825141737e-05
1786530494.9170692,74560,29,Loss/l_ce,0.10504722595214844
1786530494.9172225,74560,29,Loss/l_total,0.10504722595214844
1786530494.917245,74560,29,LR,2.5774837825141737e-05
1786530505.8152661,74580,29,Loss/l_ce,0.10115790367126465
1786530505.8154063,74580,29,Loss/l_total,0.10115790367126465
1786530505.815429,74580,29,LR,2.5774837825141737e-05
1786530515.514818,74600,29,Loss/l_ce,0.04959583282470703
1786530515.5149808,74600,29,Loss/l_total,0.04959583282470703
1786530515.515002,74600,29,LR,2.5774837825141737e-05
1786530524.3627837,74620,29,Loss/l_ce,0.09002804756164551
1786530524.3629332,74620,29,Loss/l_total,0.09002804756164551
1786530524.362956,74620,29,LR,2.5774837825141737e-05
1786530532.4041805,74640,29,Loss/l_ce,0.17779874801635742
1786530532.404369,74640,29,Loss/l_total,0.17779874801635742
1786530532.404393,74640,29,LR,2.5774837825141737e-05
1786530543.3034983,74660,29,Loss/l_ce,0.16853809356689453
1786530543.3036776,74660,29,Loss/l_total,0.16853809356689453
1786530543.303699,74660,29,LR,2.5774837825141737e-05
1786530552.8413396,74680,29,Loss/l_ce,0.09495830535888672
1786530552.8415534,74680,29,Loss/l_total,0.09495830535888672
1786530552.8415759,74680,29,LR,2.5774837825141737e-05
1786530562.8045034,74700,29,Loss/l_ce,0.07632255554199219
1786530562.804666,74700,29,Loss/l_total,0.07632255554199219
1786530562.8046887,74700,29,LR,2.5774837825141737e-05
1786530574.3352382,74720,29,Loss/l_ce,0.06911063194274902
1786530574.3353748,74720,29,Loss/l_total,0.06911063194274902
1786530574.3353984,74720,29,LR,2.5774837825141737e-05
1786530586.5037587,74740,29,Loss/l_ce,0.06960558891296387
1786530586.503972,74740,29,Loss/l_total,0.06960558891296387
1786530586.503997,74740,29,LR,2.5774837825141737e-05
1786530596.7891748,74760,29,Loss/l_ce,0.12064480781555176
1786530596.789329,74760,29,Loss/l_total,0.12064480781555176
1786530596.789354,74760,29,LR,2.5774837825141737e-05
1786530607.5170224,74780,29,Loss/l_ce,0.06926870346069336
1786530607.5172029,74780,29,Loss/l_total,0.06926870346069336
1786530607.5172255,74780,29,LR,2.5774837825141737e-05
1786530616.1124136,74800,29,Loss/l_ce,0.0608668327331543
1786530616.11258,74800,29,Loss/l_total,0.0608668327331543
1786530616.1126049,74800,29,LR,2.5774837825141737e-05
1786530624.5812988,74820,29,Loss/l_ce,0.057659149169921875
1786530624.5814614,74820,29,Loss/l_total,0.057659149169921875
1786530624.581484,74820,29,LR,2.5774837825141737e-05
1786530635.2894256,74840,29,Loss/l_ce,0.05678510665893555
1786530635.2896004,74840,29,Loss/l_total,0.05678510665893555
1786530635.2896228,74840,29,LR,2.5774837825141737e-05
1786530646.249765,74860,29,Loss/l_ce,0.0681920051574707
1786530646.2499182,74860,29,Loss/l_total,0.0681920051574707
1786530646.2499394,74860,29,LR,2.5774837825141737e-05
1786530657.7235181,74880,29,Loss/l_ce,0.06594657897949219
1786530657.7236807,74880,29,Loss/l_total,0.06594657897949219
1786530657.7237036,74880,29,LR,2.5774837825141737e-05
1786530665.8290613,74900,29,Loss/l_ce,0.08561515808105469
1786530665.829274,74900,29,Loss/l_total,0.08561515808105469
1786530665.8292978,74900,29,LR,2.5774837825141737e-05
1786530679.7932203,74920,29,Loss/l_ce,0.059160709381103516
1786530679.793376,74920,29,Loss/l_total,0.059160709381103516
1786530679.7933986,74920,29,LR,2.5774837825141737e-05
1786530694.6174018,74940,29,Loss/l_ce,0.09373354911804199
1786530694.6175647,74940,29,Loss/l_total,0.09373354911804199
1786530694.617587,74940,29,LR,2.5774837825141737e-05
1786530704.109553,74960,29,Loss/l_ce,0.9070143699645996
1786530704.1097157,74960,29,Loss/l_total,0.9070143699645996
1786530704.1097383,74960,29,LR,2.5774837825141737e-05
1786530713.2391186,74980,29,Loss/l_ce,0.07572150230407715
1786530713.239323,74980,29,Loss/l_total,0.07572150230407715
1786530713.2393453,74980,29,LR,2.5774837825141737e-05
1786530725.3686604,75000,29,Loss/l_ce,0.06618952751159668
1786530725.3690534,75000,29,Loss/l_total,0.06618952751159668
1786530725.3690808,75000,29,LR,2.5774837825141737e-05
1786530736.8247352,75020,29,Loss/l_ce,0.08681344985961914
1786530736.8249347,75020,29,Loss/l_total,0.08681344985961914
1786530736.8249598,75020,29,LR,2.5774837825141737e-05
1786530744.3391323,75040,29,Loss/l_ce,0.09875893592834473
1786530744.3394008,75040,29,Loss/l_total,0.09875893592834473
1786530744.3394258,75040,29,LR,2.5774837825141737e-05
1786530755.0672667,75060,29,Loss/l_ce,0.1012427806854248
1786530755.0674958,75060,29,Loss/l_total,0.1012427806854248
1786530755.0675197,75060,29,LR,2.5774837825141737e-05
1786530765.5352824,75080,29,Loss/l_ce,0.0902562141418457
1786530765.5355046,75080,29,Loss/l_total,0.0902562141418457
1786530765.5355282,75080,29,LR,2.5774837825141737e-05
1786530774.059313,75100,29,Loss/l_ce,0.06638765335083008
1786530774.0595458,75100,29,Loss/l_total,0.06638765335083008
1786530774.0595696,75100,29,LR,2.5774837825141737e-05
1786530784.2122896,75120,29,Loss/l_ce,0.07128262519836426
1786530784.2124724,75120,29,Loss/l_total,0.07128262519836426
1786530784.212496,75120,29,LR,2.5774837825141737e-05
1786530797.1886606,75140,29,Loss/l_ce,0.08884620666503906
1786530797.1888213,75140,29,Loss/l_total,0.08884620666503906
1786530797.1888437,75140,29,LR,2.5774837825141737e-05
1786530806.066287,75160,29,Loss/l_ce,0.0688776969909668
1786530806.0664854,75160,29,Loss/l_total,0.0688776969909668
1786530806.0665128,75160,29,LR,2.5774837825141737e-05
1786530815.4075701,75180,29,Loss/l_ce,0.09586787223815918
1786530815.407721,75180,29,Loss/l_total,0.09586787223815918
1786530815.4077435,75180,29,LR,2.5774837825141737e-05
1786530824.6503718,75200,29,Loss/l_ce,0.05984330177307129
1786530824.6506116,75200,29,Loss/l_total,0.05984330177307129
1786530824.650639,75200,29,LR,2.5774837825141737e-05
1786530834.9547431,75220,29,Loss/l_ce,0.10283946990966797
1786530834.9549947,75220,29,Loss/l_total,0.10283946990966797
1786530834.9550195,75220,29,LR,2.5774837825141737e-05
1786530844.6946902,75240,29,Loss/l_ce,0.055115461349487305
1786530844.6948469,75240,29,Loss/l_total,0.055115461349487305
1786530844.6948695,75240,29,LR,2.5774837825141737e-05
1786530856.2165284,75260,29,Loss/l_ce,0.2167983055114746
1786530856.216753,75260,29,Loss/l_total,0.2167983055114746
1786530856.2167766,75260,29,LR,2.5774837825141737e-05
1786530870.0361671,75280,29,Loss/l_ce,0.11873555183410645
1786530870.0363107,75280,29,Loss/l_total,0.11873555183410645
1786530870.036331,75280,29,LR,2.5774837825141737e-05
1786530878.821307,75300,29,Loss/l_ce,0.10422635078430176
1786530878.8215277,75300,29,Loss/l_total,0.10422635078430176
1786530878.821554,75300,29,LR,2.5774837825141737e-05
1786530890.542632,75320,29,Loss/l_ce,1.6524264812469482
1786530890.5427866,75320,29,Loss/l_total,1.6524264812469482
1786530890.542809,75320,29,LR,2.5774837825141737e-05
1786530902.7784402,75340,29,Loss/l_ce,0.07378888130187988
1786530902.7786252,75340,29,Loss/l_total,0.07378888130187988
1786530902.7786515,75340,29,LR,2.5774837825141737e-05
1786530914.1921313,75360,29,Loss/l_ce,0.08257102966308594
1786530914.1923082,75360,29,Loss/l_total,0.08257102966308594
1786530914.192333,75360,29,LR,2.5774837825141737e-05
1786530923.2698016,75380,29,Loss/l_ce,0.0774390697479248
1786530923.2699466,75380,29,Loss/l_total,0.0774390697479248
1786530923.2699692,75380,29,LR,2.5774837825141737e-05
1786530930.6662593,75400,29,Loss/l_ce,0.10933446884155273
1786530930.6664052,75400,29,Loss/l_total,0.10933446884155273
1786530930.6664276,75400,29,LR,2.5774837825141737e-05
1786530939.2267396,75420,29,Loss/l_ce,0.10205507278442383
1786530939.2269285,75420,29,Loss/l_total,0.10205507278442383
1786530939.226958,75420,29,LR,2.5774837825141737e-05
1786530951.361292,75440,29,Loss/l_ce,0.11054563522338867
1786530951.3614542,75440,29,Loss/l_total,0.11054563522338867
1786530951.3616266,75440,29,LR,2.5774837825141737e-05
1786530961.9256608,75460,29,Loss/l_ce,0.04120230674743652
1786530961.9258058,75460,29,Loss/l_total,0.04120230674743652
1786530961.925826,75460,29,LR,2.5774837825141737e-05
1786530969.7043989,75480,29,Loss/l_ce,0.11635446548461914
1786530969.7045603,75480,29,Loss/l_total,0.11635446548461914
1786530969.7045805,75480,29,LR,2.5774837825141737e-05
1786530978.52448,75500,29,Loss/l_ce,0.06137251853942871
1786530978.524682,75500,29,Loss/l_total,0.06137251853942871
1786530978.524706,75500,29,LR,2.5774837825141737e-05
1786530988.3836632,75520,29,Loss/l_ce,0.0944526195526123
1786530988.3838613,75520,29,Loss/l_total,0.0944526195526123
1786530988.3838873,75520,29,LR,2.5774837825141737e-05
1786530997.723225,75540,29,Loss/l_ce,0.06988382339477539
1786530997.7233808,75540,29,Loss/l_total,0.06988382339477539
1786530997.7234046,75540,29,LR,2.5774837825141737e-05
1786531007.1437376,75560,29,Loss/l_ce,0.15136146545410156
1786531007.143906,75560,29,Loss/l_total,0.15136146545410156
1786531007.14393,75560,29,LR,2.5774837825141737e-05
1786531017.2397897,75580,29,Loss/l_ce,0.09860730171203613
1786531017.239938,75580,29,Loss/l_total,0.09860730171203613
1786531017.2399619,75580,29,LR,2.5774837825141737e-05
1786531029.1284683,75600,29,Loss/l_ce,0.11967611312866211
1786531029.128669,75600,29,Loss/l_total,0.11967611312866211
1786531029.128695,75600,29,LR,2.5774837825141737e-05
1786531042.5076158,75620,29,Loss/l_ce,0.07019186019897461
1786531042.5077639,75620,29,Loss/l_total,0.07019186019897461
1786531042.5077868,75620,29,LR,2.5774837825141737e-05
1786531050.384501,75640,29,Loss/l_ce,0.08941531181335449
1786531050.3846564,75640,29,Loss/l_total,0.08941531181335449
1786531050.3846838,75640,29,LR,2.5774837825141737e-05
1786531059.7012997,75660,29,Loss/l_ce,0.09000682830810547
1786531059.701467,75660,29,Loss/l_total,0.09000682830810547
1786531059.7014933,75660,29,LR,2.5774837825141737e-05
1786531068.1414838,75680,29,Loss/l_ce,0.12295031547546387
1786531068.1416562,75680,29,Loss/l_total,0.12295031547546387
1786531068.1416821,75680,29,LR,2.5774837825141737e-05
1786531075.132794,75700,29,Loss/l_ce,0.05699777603149414
1786531075.1329505,75700,29,Loss/l_total,0.05699777603149414
1786531075.1329765,75700,29,LR,2.5774837825141737e-05
1786531083.373777,75720,29,Loss/l_ce,0.07837295532226562
1786531083.3739502,75720,29,Loss/l_total,0.07837295532226562
1786531083.373975,75720,29,LR,2.5774837825141737e-05
1786531091.5129502,75740,29,Loss/l_ce,0.10721683502197266
1786531091.5131164,75740,29,Loss/l_total,0.10721683502197266
1786531091.5131426,75740,29,LR,2.5774837825141737e-05
1786531100.0296657,75760,29,Loss/l_ce,0.10362863540649414
1786531100.0298214,75760,29,Loss/l_total,0.10362863540649414
1786531100.029844,75760,29,LR,2.5774837825141737e-05
1786531106.8732846,75780,29,Loss/l_ce,0.12012243270874023
1786531106.873452,75780,29,Loss/l_total,0.12012243270874023
1786531106.8734736,75780,29,LR,2.5774837825141737e-05
1786531115.1499586,75800,29,Loss/l_ce,0.14291882514953613
1786531115.1501439,75800,29,Loss/l_total,0.14291882514953613
1786531115.1501687,75800,29,LR,2.5774837825141737e-05
1786531122.1543908,75820,29,Loss/l_ce,0.05254817008972168
1786531122.1545475,75820,29,Loss/l_total,0.05254817008972168
1786531122.1545722,75820,29,LR,2.5774837825141737e-05
1786531129.2232623,75840,29,Loss/l_ce,0.09546375274658203
1786531129.223412,75840,29,Loss/l_total,0.09546375274658203
1786531129.2234354,75840,29,LR,2.5774837825141737e-05
1786531137.8239207,75860,29,Loss/l_ce,0.09980249404907227
1786531137.824089,75860,29,Loss/l_total,0.09980249404907227
1786531137.824113,75860,29,LR,2.5774837825141737e-05
1786531149.3902256,75880,29,Loss/l_ce,0.055216312408447266
1786531149.390386,75880,29,Loss/l_total,0.055216312408447266
1786531149.3904088,75880,29,LR,2.5774837825141737e-05
1786531161.3920991,75900,29,Loss/l_ce,0.06522250175476074
1786531161.3922474,75900,29,Loss/l_total,0.06522250175476074
1786531161.39227,75900,29,LR,2.5774837825141737e-05
1786531173.3103786,75920,29,Loss/l_ce,0.03724551200866699
1786531173.310591,75920,29,Loss/l_total,0.03724551200866699
1786531173.3106124,75920,29,LR,2.5774837825141737e-05
1786531183.4696352,75940,29,Loss/l_ce,0.1119379997253418
1786531183.4697838,75940,29,Loss/l_total,0.1119379997253418
1786531183.469804,75940,29,LR,2.5774837825141737e-05
1786531192.3864262,75960,29,Loss/l_ce,0.1107790470123291
1786531192.3865921,75960,29,Loss/l_total,0.1107790470123291
1786531192.3866138,75960,29,LR,2.5774837825141737e-05
1786531199.2121546,75980,29,Loss/l_ce,0.07404446601867676
1786531199.2123399,75980,29,Loss/l_total,0.07404446601867676
1786531199.21236,75980,29,LR,2.5774837825141737e-05
1786531208.9386516,76000,29,Loss/l_ce,0.09135746955871582
1786531208.938813,76000,29,Loss/l_total,0.09135746955871582
1786531208.938838,76000,29,LR,2.5774837825141737e-05
1786531218.9222403,76020,29,Loss/l_ce,0.07821035385131836
1786531218.9223945,76020,29,Loss/l_total,0.07821035385131836
1786531218.9224184,76020,29,LR,2.5774837825141737e-05
1786531227.9341197,76040,29,Loss/l_ce,0.07321691513061523
1786531227.9343286,76040,29,Loss/l_total,0.07321691513061523
1786531227.9343524,76040,29,LR,2.5774837825141737e-05
1786531238.0028396,76060,29,Loss/l_ce,0.1042795181274414
1786531238.003075,76060,29,Loss/l_total,0.1042795181274414
1786531238.0030982,76060,29,LR,2.5774837825141737e-05
1786531248.4219418,76080,29,Loss/l_ce,0.09403872489929199
1786531248.422141,76080,29,Loss/l_total,0.09403872489929199
1786531248.4221673,76080,29,LR,2.5774837825141737e-05
1786531257.8482835,76100,29,Loss/l_ce,0.07924818992614746
1786531257.8484404,76100,29,Loss/l_total,0.07924818992614746
1786531257.848464,76100,29,LR,2.5774837825141737e-05
1786531268.3126261,76120,29,Loss/l_ce,0.07821035385131836
1786531268.3128257,76120,29,Loss/l_total,0.07821035385131836
1786531268.312848,76120,29,LR,2.5774837825141737e-05
1786531278.180144,76140,29,Loss/l_ce,0.11998128890991211
1786531278.1803732,76140,29,Loss/l_total,0.11998128890991211
1786531278.1803994,76140,29,LR,2.5774837825141737e-05
1786531286.9486308,76160,29,Loss/l_ce,0.11445403099060059
1786531286.9487934,76160,29,Loss/l_total,0.11445403099060059
1786531286.9488158,76160,29,LR,2.5774837825141737e-05
1786531298.7712379,76180,29,Loss/l_ce,0.06103777885437012
1786531298.7714124,76180,29,Loss/l_total,0.06103777885437012
1786531298.7714338,76180,29,LR,2.5774837825141737e-05
1786531311.7385104,76200,29,Loss/l_ce,0.03872966766357422
1786531311.7386942,76200,29,Loss/l_total,0.03872966766357422
1786531311.7388084,76200,29,LR,2.5774837825141737e-05
1786531320.8832273,76220,29,Loss/l_ce,0.06610250473022461
1786531320.8833854,76220,29,Loss/l_total,0.06610250473022461
1786531320.8834057,76220,29,LR,2.5774837825141737e-05
1786531329.308629,76240,29,Loss/l_ce,0.09103846549987793
1786531329.308807,76240,29,Loss/l_total,0.09103846549987793
1786531329.3088331,76240,29,LR,2.5774837825141737e-05
1786531340.479774,76260,29,Loss/l_ce,0.08952164649963379
1786531340.479926,76260,29,Loss/l_total,0.08952164649963379
1786531340.4799485,76260,29,LR,2.5774837825141737e-05
1786531353.7644548,76280,29,Loss/l_ce,0.0806574821472168
1786531353.7646484,76280,29,Loss/l_total,0.0806574821472168
1786531353.7646723,76280,29,LR,2.5774837825141737e-05
1786531365.4467971,76300,29,Loss/l_ce,0.8268506526947021
1786531365.446962,76300,29,Loss/l_total,0.8268506526947021
1786531365.4469848,76300,29,LR,2.5774837825141737e-05
1786531374.8717082,76320,29,Loss/l_ce,0.07459473609924316
1786531374.8718803,76320,29,Loss/l_total,0.07459473609924316
1786531374.8719053,76320,29,LR,2.5774837825141737e-05
1786531385.708108,76340,29,Loss/l_ce,0.10676860809326172
1786531385.708304,76340,29,Loss/l_total,0.10676860809326172
1786531385.7083278,76340,29,LR,2.5774837825141737e-05
1786531395.7975688,76360,29,Loss/l_ce,0.27185678482055664
1786531395.797768,76360,29,Loss/l_total,0.27185678482055664
1786531395.7977943,76360,29,LR,2.5774837825141737e-05
1786531404.549341,76380,29,Loss/l_ce,0.06237316131591797
1786531404.5494905,76380,29,Loss/l_total,0.06237316131591797
1786531404.549531,76380,29,LR,2.5774837825141737e-05
1786531415.765683,76400,29,Loss/l_ce,0.10279440879821777
1786531415.7659216,76400,29,Loss/l_total,0.10279440879821777
1786531415.7659597,76400,29,LR,2.5774837825141737e-05
1786531427.9150984,76420,29,Loss/l_ce,0.10521221160888672
1786531427.9152942,76420,29,Loss/l_total,0.10521221160888672
1786531427.9153228,76420,29,LR,2.5774837825141737e-05
1786531443.1110985,76440,29,Loss/l_ce,0.06099247932434082
1786531443.1112542,76440,29,Loss/l_total,0.06099247932434082
1786531443.1112754,76440,29,LR,2.5774837825141737e-05
1786531454.199964,76460,29,Loss/l_ce,0.06477761268615723
1786531454.2001505,76460,29,Loss/l_total,0.06477761268615723
1786531454.2001767,76460,29,LR,2.5774837825141737e-05
1786531463.242617,76480,29,Loss/l_ce,0.08518648147583008
1786531463.2428267,76480,29,Loss/l_total,0.08518648147583008
1786531463.2428496,76480,29,LR,2.5774837825141737e-05
1786531473.6487896,76500,29,Loss/l_ce,0.09187054634094238
1786531473.64895,76500,29,Loss/l_total,0.09187054634094238
1786531473.6489716,76500,29,LR,2.5774837825141737e-05
1786531592.2606208,76500,29,Val/avg_error,0.008914387784898281
1786531592.2609282,76500,29,Val/acc,0.86171875
1786531592.260959,76500,29,Val/sparse_auc,0.9287513809974748
1786531592.2609768,76500,29,Val/sparse_pck_max,0.1
1786531592.2613213,76500,29,Val/sparse_pck_n,100.0
1786531602.6002517,76520,30,Loss/l_ce,0.07810521125793457
1786531602.6004012,76520,30,Loss/l_total,0.07810521125793457
1786531602.600424,76520,30,LR,2.318019484660536e-05
1786531609.5800643,76540,30,Loss/l_ce,0.10126233100891113
1786531609.5802827,76540,30,Loss/l_total,0.10126233100891113
1786531609.5803077,76540,30,LR,2.318019484660536e-05
1786531618.1366782,76560,30,Loss/l_ce,0.07249307632446289
1786531618.1368375,76560,30,Loss/l_total,0.07249307632446289
1786531618.1368635,76560,30,LR,2.318019484660536e-05
1786531625.3494842,76580,30,Loss/l_ce,0.558020830154419
1786531625.349742,76580,30,Loss/l_total,0.558020830154419
1786531625.3497655,76580,30,LR,2.318019484660536e-05
1786531634.7650983,76600,30,Loss/l_ce,0.12902402877807617
1786531634.7652726,76600,30,Loss/l_total,0.12902402877807617
1786531634.7652953,76600,30,LR,2.318019484660536e-05
1786531642.2664785,76620,30,Loss/l_ce,0.07959413528442383
1786531642.2666306,76620,30,Loss/l_total,0.07959413528442383
1786531642.2666519,76620,30,LR,2.318019484660536e-05
1786531649.5894315,76640,30,Loss/l_ce,0.04827880859375
1786531649.589657,76640,30,Loss/l_total,0.04827880859375
1786531649.5896797,76640,30,LR,2.318019484660536e-05
1786531657.9336576,76660,30,Loss/l_ce,0.09067583084106445
1786531657.9338143,76660,30,Loss/l_total,0.09067583084106445
1786531657.9338367,76660,30,LR,2.318019484660536e-05
1786531665.0352495,76680,30,Loss/l_ce,0.08684039115905762
1786531665.0354097,76680,30,Loss/l_total,0.08684039115905762
1786531665.0354347,76680,30,LR,2.318019484660536e-05
1786531673.9297018,76700,30,Loss/l_ce,0.11667251586914062
1786531673.9298599,76700,30,Loss/l_total,0.11667251586914062
1786531673.9298837,76700,30,LR,2.318019484660536e-05
1786531682.8330045,76720,30,Loss/l_ce,0.05648303031921387
1786531682.833184,76720,30,Loss/l_total,0.05648303031921387
1786531682.8332078,76720,30,LR,2.318019484660536e-05
1786531691.1206686,76740,30,Loss/l_ce,0.07498049736022949
1786531691.1208456,76740,30,Loss/l_total,0.07498049736022949
1786531691.120867,76740,30,LR,2.318019484660536e-05
1786531698.7029238,76760,30,Loss/l_ce,0.0897061824798584
1786531698.703128,76760,30,Loss/l_total,0.0897061824798584
1786531698.7031636,76760,30,LR,2.318019484660536e-05
1786531705.9166064,76780,30,Loss/l_ce,0.07909584045410156
1786531705.9167738,76780,30,Loss/l_total,0.07909584045410156
1786531705.9167964,76780,30,LR,2.318019484660536e-05
1786531713.7752578,76800,30,Loss/l_ce,0.0824899673461914
1786531713.7754123,76800,30,Loss/l_total,0.0824899673461914
1786531713.775436,76800,30,LR,2.318019484660536e-05
1786531723.938869,76820,30,Loss/l_ce,0.08195352554321289
1786531723.9390197,76820,30,Loss/l_total,0.08195352554321289
1786531723.939168,76820,30,LR,2.318019484660536e-05
1786531734.9954543,76840,30,Loss/l_ce,0.06704998016357422
1786531734.9956262,76840,30,Loss/l_total,0.06704998016357422
1786531734.9956477,76840,30,LR,2.318019484660536e-05
1786531744.1186545,76860,30,Loss/l_ce,0.07009649276733398
1786531744.1188087,76860,30,Loss/l_total,0.07009649276733398
1786531744.1188278,76860,30,LR,2.318019484660536e-05
1786531754.7707803,76880,30,Loss/l_ce,0.18854475021362305
1786531754.7709491,76880,30,Loss/l_total,0.18854475021362305
1786531754.7709694,76880,30,LR,2.318019484660536e-05
1786531765.9384878,76900,30,Loss/l_ce,0.07403945922851562
1786531765.938654,76900,30,Loss/l_total,0.07403945922851562
1786531765.9386778,76900,30,LR,2.318019484660536e-05
1786531780.4426732,76920,30,Loss/l_ce,0.06427717208862305
1786531780.442831,76920,30,Loss/l_total,0.06427717208862305
1786531780.4428537,76920,30,LR,2.318019484660536e-05
1786531788.8071938,76940,30,Loss/l_ce,0.3169732093811035
1786531788.8073506,76940,30,Loss/l_total,0.3169732093811035
1786531788.8073719,76940,30,LR,2.318019484660536e-05
1786531798.9570255,76960,30,Loss/l_ce,0.08041191101074219
1786531798.9571872,76960,30,Loss/l_total,0.08041191101074219
1786531798.957214,76960,30,LR,2.318019484660536e-05
1786531808.270245,76980,30,Loss/l_ce,0.324432373046875
1786531808.2704017,76980,30,Loss/l_total,0.324432373046875
1786531808.2704291,76980,30,LR,2.318019484660536e-05
1786531819.3396993,77000,30,Loss/l_ce,0.10279107093811035
1786531819.3398545,77000,30,Loss/l_total,0.10279107093811035
1786531819.3398771,77000,30,LR,2.318019484660536e-05
1786531827.6625736,77020,30,Loss/l_ce,0.04327392578125
1786531827.662735,77020,30,Loss/l_total,0.04327392578125
1786531827.6627564,77020,30,LR,2.318019484660536e-05
1786531835.3492227,77040,30,Loss/l_ce,0.15485239028930664
1786531835.3493912,77040,30,Loss/l_total,0.15485239028930664
1786531835.3494127,77040,30,LR,2.318019484660536e-05
1786531844.1751215,77060,30,Loss/l_ce,0.1087794303894043
1786531844.1753166,77060,30,Loss/l_total,0.1087794303894043
1786531844.1753402,77060,30,LR,2.318019484660536e-05
1786531854.755314,77080,30,Loss/l_ce,0.08952617645263672
1786531854.755587,77080,30,Loss/l_total,0.08952617645263672
1786531854.755618,77080,30,LR,2.318019484660536e-05
1786531867.4885309,77100,30,Loss/l_ce,0.10909605026245117
1786531867.4889455,77100,30,Loss/l_total,0.10909605026245117
1786531867.4889724,77100,30,LR,2.318019484660536e-05
1786531877.556485,77120,30,Loss/l_ce,0.05770540237426758
1786531877.556669,77120,30,Loss/l_total,0.05770540237426758
1786531877.5566914,77120,30,LR,2.318019484660536e-05
1786531885.3826642,77140,30,Loss/l_ce,0.09365034103393555
1786531885.3830678,77140,30,Loss/l_total,0.09365034103393555
1786531885.383095,77140,30,LR,2.318019484660536e-05
1786531894.0378182,77160,30,Loss/l_ce,0.08010268211364746
1786531894.0380247,77160,30,Loss/l_total,0.08010268211364746
1786531894.0380747,77160,30,LR,2.318019484660536e-05
1786531902.2433178,77180,30,Loss/l_ce,0.09245562553405762
1786531902.2435162,77180,30,Loss/l_total,0.09245562553405762
1786531902.2435398,77180,30,LR,2.318019484660536e-05
1786531913.515072,77200,30,Loss/l_ce,0.10716438293457031
1786531913.5152702,77200,30,Loss/l_total,0.10716438293457031
1786531913.5152926,77200,30,LR,2.318019484660536e-05
1786531926.3483884,77220,30,Loss/l_ce,0.03414726257324219
1786531926.348627,77220,30,Loss/l_total,0.03414726257324219
1786531926.3486543,77220,30,LR,2.318019484660536e-05
1786531934.7554293,77240,30,Loss/l_ce,0.16686534881591797
1786531934.7555954,77240,30,Loss/l_total,0.16686534881591797
1786531934.7556183,77240,30,LR,2.318019484660536e-05
1786531943.5570962,77260,30,Loss/l_ce,0.08077692985534668
1786531943.557298,77260,30,Loss/l_total,0.08077692985534668
1786531943.5573218,77260,30,LR,2.318019484660536e-05
1786531952.520603,77280,30,Loss/l_ce,0.08922004699707031
1786531952.5207858,77280,30,Loss/l_total,0.08922004699707031
1786531952.5208108,77280,30,LR,2.318019484660536e-05
1786531961.3154502,77300,30,Loss/l_ce,0.055322885513305664
1786531961.3157017,77300,30,Loss/l_total,0.055322885513305664
1786531961.3157256,77300,30,LR,2.318019484660536e-05
1786531969.711794,77320,30,Loss/l_ce,0.29584836959838867
1786531969.7119875,77320,30,Loss/l_total,0.29584836959838867
1786531969.7120113,77320,30,LR,2.318019484660536e-05
1786531978.5227077,77340,30,Loss/l_ce,0.07622313499450684
1786531978.5228965,77340,30,Loss/l_total,0.07622313499450684
1786531978.5229192,77340,30,LR,2.318019484660536e-05
1786531986.2373302,77360,30,Loss/l_ce,0.09069490432739258
1786531986.2375011,77360,30,Loss/l_total,0.09069490432739258
1786531986.237525,77360,30,LR,2.318019484660536e-05
1786531996.1868472,77380,30,Loss/l_ce,0.10488271713256836
1786531996.187054,77380,30,Loss/l_total,0.10488271713256836
1786531996.187079,77380,30,LR,2.318019484660536e-05
1786532004.096901,77400,30,Loss/l_ce,0.10053658485412598
1786532004.0970907,77400,30,Loss/l_total,0.10053658485412598
1786532004.097117,77400,30,LR,2.318019484660536e-05
1786532013.5520751,77420,30,Loss/l_ce,0.08923459053039551
1786532013.5522428,77420,30,Loss/l_total,0.08923459053039551
1786532013.5522642,77420,30,LR,2.318019484660536e-05
1786532025.9763234,77440,30,Loss/l_ce,0.13361859321594238
1786532025.9765086,77440,30,Loss/l_total,0.13361859321594238
1786532025.9765298,77440,30,LR,2.318019484660536e-05
1786532033.4740775,77460,30,Loss/l_ce,0.06140732765197754
1786532033.4742498,77460,30,Loss/l_total,0.06140732765197754
1786532033.4742723,77460,30,LR,2.318019484660536e-05
1786532044.3551095,77480,30,Loss/l_ce,0.0913538932800293
1786532044.3553174,77480,30,Loss/l_total,0.0913538932800293
1786532044.355341,77480,30,LR,2.318019484660536e-05
1786532053.934789,77500,30,Loss/l_ce,0.09637260437011719
1786532053.9349883,77500,30,Loss/l_total,0.09637260437011719
1786532053.935011,77500,30,LR,2.318019484660536e-05
1786532061.6231503,77520,30,Loss/l_ce,0.08114433288574219
1786532061.6233282,77520,30,Loss/l_total,0.08114433288574219
1786532061.623352,77520,30,LR,2.318019484660536e-05
1786532069.8763263,77540,30,Loss/l_ce,0.07257676124572754
1786532069.876494,77540,30,Loss/l_total,0.07257676124572754
1786532069.8765175,77540,30,LR,2.318019484660536e-05
1786532079.78236,77560,30,Loss/l_ce,0.5620074272155762
1786532079.7825654,77560,30,Loss/l_total,0.5620074272155762
1786532079.7825892,77560,30,LR,2.318019484660536e-05
1786532086.9501524,77580,30,Loss/l_ce,0.08560562133789062
1786532086.950338,77580,30,Loss/l_total,0.08560562133789062
1786532086.9503603,77580,30,LR,2.318019484660536e-05
1786532096.8203454,77600,30,Loss/l_ce,0.12405586242675781
1786532096.8205686,77600,30,Loss/l_total,0.12405586242675781
1786532096.820596,77600,30,LR,2.318019484660536e-05
1786532106.9424372,77620,30,Loss/l_ce,0.11606693267822266
1786532106.942638,77620,30,Loss/l_total,0.11606693267822266
1786532106.942664,77620,30,LR,2.318019484660536e-05
1786532114.700961,77640,30,Loss/l_ce,0.3188362121582031
1786532114.7011855,77640,30,Loss/l_total,0.3188362121582031
1786532114.7012117,77640,30,LR,2.318019484660536e-05
1786532125.9110692,77660,30,Loss/l_ce,0.060213565826416016
1786532125.9112508,77660,30,Loss/l_total,0.060213565826416016
1786532125.911271,77660,30,LR,2.318019484660536e-05
1786532137.2819848,77680,30,Loss/l_ce,0.06967878341674805
1786532137.2822115,77680,30,Loss/l_total,0.06967878341674805
1786532137.282538,77680,30,LR,2.318019484660536e-05
1786532146.164841,77700,30,Loss/l_ce,0.12166070938110352
1786532146.1651056,77700,30,Loss/l_total,0.12166070938110352
1786532146.1651354,77700,30,LR,2.318019484660536e-05
1786532154.997872,77720,30,Loss/l_ce,0.08082747459411621
1786532154.9981146,77720,30,Loss/l_total,0.08082747459411621
1786532154.9981394,77720,30,LR,2.318019484660536e-05
1786532164.070134,77740,30,Loss/l_ce,0.387723445892334
1786532164.07054,77740,30,Loss/l_total,0.387723445892334
1786532164.0705688,77740,30,LR,2.318019484660536e-05
1786532171.6442218,77760,30,Loss/l_ce,0.10955190658569336
1786532171.644421,77760,30,Loss/l_total,0.10955190658569336
1786532171.64463,77760,30,LR,2.318019484660536e-05
1786532180.7654512,77780,30,Loss/l_ce,0.09439253807067871
1786532180.765716,77780,30,Loss/l_total,0.09439253807067871
1786532180.7657409,77780,30,LR,2.318019484660536e-05
1786532188.0033627,77800,30,Loss/l_ce,0.05667734146118164
1786532188.0037282,77800,30,Loss/l_total,0.05667734146118164
1786532188.0037541,77800,30,LR,2.318019484660536e-05
1786532196.3917277,77820,30,Loss/l_ce,0.05835366249084473
1786532196.3919446,77820,30,Loss/l_total,0.05835366249084473
1786532196.3919697,77820,30,LR,2.318019484660536e-05
1786532206.8698032,77840,30,Loss/l_ce,0.124267578125
1786532206.8700266,77840,30,Loss/l_total,0.124267578125
1786532206.8700893,77840,30,LR,2.318019484660536e-05
1786532215.0041409,77860,30,Loss/l_ce,0.06942129135131836
1786532215.004351,77860,30,Loss/l_total,0.06942129135131836
1786532215.0043736,77860,30,LR,2.318019484660536e-05
1786532224.3613765,77880,30,Loss/l_ce,0.025609970092773438
1786532224.3615487,77880,30,Loss/l_total,0.025609970092773438
1786532224.3615723,77880,30,LR,2.318019484660536e-05
1786532234.7574294,77900,30,Loss/l_ce,0.08837151527404785
1786532234.757617,77900,30,Loss/l_total,0.08837151527404785
1786532234.7576406,77900,30,LR,2.318019484660536e-05
1786532243.1869428,77920,30,Loss/l_ce,0.09788775444030762
1786532243.1871245,77920,30,Loss/l_total,0.09788775444030762
1786532243.1871493,77920,30,LR,2.318019484660536e-05
1786532250.6515112,77940,30,Loss/l_ce,0.1801447868347168
1786532250.6516895,77940,30,Loss/l_total,0.1801447868347168
1786532250.6517134,77940,30,LR,2.318019484660536e-05
1786532258.9473417,77960,30,Loss/l_ce,0.09050250053405762
1786532258.9475183,77960,30,Loss/l_total,0.09050250053405762
1786532258.9475434,77960,30,LR,2.318019484660536e-05
1786532269.1788654,77980,30,Loss/l_ce,0.1285111904144287
1786532269.1790683,77980,30,Loss/l_total,0.1285111904144287
1786532269.1790957,77980,30,LR,2.318019484660536e-05
1786532278.0127728,78000,30,Loss/l_ce,0.06706666946411133
1786532278.0129628,78000,30,Loss/l_total,0.06706666946411133
1786532278.0129972,78000,30,LR,2.318019484660536e-05
1786532285.3545253,78020,30,Loss/l_ce,0.07021713256835938
1786532285.3547168,78020,30,Loss/l_total,0.07021713256835938
1786532285.3547416,78020,30,LR,2.318019484660536e-05
1786532294.5512345,78040,30,Loss/l_ce,0.040140628814697266
1786532294.5514245,78040,30,Loss/l_total,0.040140628814697266
1786532294.5514472,78040,30,LR,2.318019484660536e-05
1786532303.3671737,78060,30,Loss/l_ce,1.5559377670288086
1786532303.367373,78060,30,Loss/l_total,1.5559377670288086
1786532303.3673944,78060,30,LR,2.318019484660536e-05
1786532311.308985,78080,30,Loss/l_ce,0.10203886032104492
1786532311.3091667,78080,30,Loss/l_total,0.10203886032104492
1786532311.309189,78080,30,LR,2.318019484660536e-05
1786532321.1175416,78100,30,Loss/l_ce,0.06595659255981445
1786532321.1177518,78100,30,Loss/l_total,0.06595659255981445
1786532321.1177742,78100,30,LR,2.318019484660536e-05
1786532329.4013283,78120,30,Loss/l_ce,0.07786250114440918
1786532329.4015017,78120,30,Loss/l_total,0.07786250114440918
1786532329.401528,78120,30,LR,2.318019484660536e-05
1786532337.9383554,78140,30,Loss/l_ce,0.11667847633361816
1786532337.9385893,78140,30,Loss/l_total,0.11667847633361816
1786532337.9386156,78140,30,LR,2.318019484660536e-05
1786532348.849751,78160,30,Loss/l_ce,0.1735382080078125
1786532348.849947,78160,30,Loss/l_total,0.1735382080078125
1786532348.8499706,78160,30,LR,2.318019484660536e-05
1786532356.6723986,78180,30,Loss/l_ce,0.10617470741271973
1786532356.6725898,78180,30,Loss/l_total,0.10617470741271973
1786532356.6726124,78180,30,LR,2.318019484660536e-05
1786532365.8236895,78200,30,Loss/l_ce,0.09854769706726074
1786532365.8239079,78200,30,Loss/l_total,0.09854769706726074
1786532365.8239317,78200,30,LR,2.318019484660536e-05
1786532373.0294213,78220,30,Loss/l_ce,0.05598878860473633
1786532373.0297062,78220,30,Loss/l_total,0.05598878860473633
1786532373.02973,78220,30,LR,2.318019484660536e-05
1786532383.1921744,78240,30,Loss/l_ce,0.09512519836425781
1786532383.192433,78240,30,Loss/l_total,0.09512519836425781
1786532383.1924558,78240,30,LR,2.318019484660536e-05
1786532390.8545897,78260,30,Loss/l_ce,0.09683609008789062
1786532390.8549292,78260,30,Loss/l_total,0.09683609008789062
1786532390.8549566,78260,30,LR,2.318019484660536e-05
1786532406.163165,78280,30,Loss/l_ce,0.06613922119140625
1786532406.1634014,78280,30,Loss/l_total,0.06613922119140625
1786532406.163424,78280,30,LR,2.318019484660536e-05
1786532419.9183772,78300,30,Loss/l_ce,0.09737467765808105
1786532419.9186122,78300,30,Loss/l_total,0.09737467765808105
1786532419.9186347,78300,30,LR,2.318019484660536e-05
1786532432.2482884,78320,30,Loss/l_ce,0.05632925033569336
1786532432.2484689,78320,30,Loss/l_total,0.05632925033569336
1786532432.2484915,78320,30,LR,2.318019484660536e-05
1786532445.947051,78340,30,Loss/l_ce,0.08260726928710938
1786532445.9472635,78340,30,Loss/l_total,0.08260726928710938
1786532445.9472897,78340,30,LR,2.318019484660536e-05
1786532460.4527345,78360,30,Loss/l_ce,0.0626211166381836
1786532460.4529114,78360,30,Loss/l_total,0.0626211166381836
1786532460.4529302,78360,30,LR,2.318019484660536e-05
1786532471.134419,78380,30,Loss/l_ce,0.06263065338134766
1786532471.1346576,78380,30,Loss/l_total,0.06263065338134766
1786532471.1346812,78380,30,LR,2.318019484660536e-05
1786532483.471376,78400,30,Loss/l_ce,0.10682344436645508
1786532483.471541,78400,30,Loss/l_total,0.10682344436645508
1786532483.4715624,78400,30,LR,2.318019484660536e-05
1786532501.1325824,78420,30,Loss/l_ce,0.07901239395141602
1786532501.132763,78420,30,Loss/l_total,0.07901239395141602
1786532501.1327853,78420,30,LR,2.318019484660536e-05
1786532514.945239,78440,30,Loss/l_ce,0.07868313789367676
1786532514.945398,78440,30,Loss/l_total,0.07868313789367676
1786532514.9454205,78440,30,LR,2.318019484660536e-05
1786532529.9442806,78460,30,Loss/l_ce,0.10507988929748535
1786532529.944447,78460,30,Loss/l_total,0.10507988929748535
1786532529.9444706,78460,30,LR,2.318019484660536e-05
1786532545.707844,78480,30,Loss/l_ce,0.12108564376831055
1786532545.708003,78480,30,Loss/l_total,0.12108564376831055
1786532545.7080257,78480,30,LR,2.318019484660536e-05
1786532555.4134514,78500,30,Loss/l_ce,0.07169151306152344
1786532555.4136071,78500,30,Loss/l_total,0.07169151306152344
1786532555.4136298,78500,30,LR,2.318019484660536e-05
1786532571.3163872,78520,30,Loss/l_ce,0.09394049644470215
1786532571.3165379,78520,30,Loss/l_total,0.09394049644470215
1786532571.316559,78520,30,LR,2.318019484660536e-05
1786532584.0382183,78540,30,Loss/l_ce,0.09373903274536133
1786532584.0383961,78540,30,Loss/l_total,0.09373903274536133
1786532584.03842,78540,30,LR,2.318019484660536e-05
1786532596.8849254,78560,30,Loss/l_ce,0.07462835311889648
1786532596.8851202,78560,30,Loss/l_total,0.07462835311889648
1786532596.8851452,78560,30,LR,2.318019484660536e-05
1786532610.2349758,78580,30,Loss/l_ce,0.09680509567260742
1786532610.2351477,78580,30,Loss/l_total,0.09680509567260742
1786532610.2351706,78580,30,LR,2.318019484660536e-05
1786532630.4267178,78600,30,Loss/l_ce,0.13112831115722656
1786532630.4268806,78600,30,Loss/l_total,0.13112831115722656
1786532630.4269006,78600,30,LR,2.318019484660536e-05
1786532644.5774202,78620,30,Loss/l_ce,0.0653691291809082
1786532644.577589,78620,30,Loss/l_total,0.0653691291809082
1786532644.5776093,78620,30,LR,2.318019484660536e-05
1786532661.979926,78640,30,Loss/l_ce,0.10505199432373047
1786532661.9801066,78640,30,Loss/l_total,0.10505199432373047
1786532661.9801302,78640,30,LR,2.318019484660536e-05
1786532679.0992572,78660,30,Loss/l_ce,0.06574440002441406
1786532679.0994306,78660,30,Loss/l_total,0.06574440002441406
1786532679.0994534,78660,30,LR,2.318019484660536e-05
1786532696.1551054,78680,30,Loss/l_ce,0.07558679580688477
1786532696.1553133,78680,30,Loss/l_total,0.07558679580688477
1786532696.1553347,78680,30,LR,2.318019484660536e-05
1786532712.2486796,78700,30,Loss/l_ce,0.05753040313720703
1786532712.248859,78700,30,Loss/l_total,0.05753040313720703
1786532712.2488828,78700,30,LR,2.318019484660536e-05
1786532729.925542,78720,30,Loss/l_ce,0.03992629051208496
1786532729.9257383,78720,30,Loss/l_total,0.03992629051208496
1786532729.9257631,78720,30,LR,2.318019484660536e-05
1786532744.3272488,78740,30,Loss/l_ce,0.07956933975219727
1786532744.327451,78740,30,Loss/l_total,0.07956933975219727
1786532744.3274744,78740,30,LR,2.318019484660536e-05
1786532755.955789,78760,30,Loss/l_ce,0.09490156173706055
1786532755.9560978,78760,30,Loss/l_total,0.09490156173706055
1786532755.9561226,78760,30,LR,2.318019484660536e-05
1786532773.4405286,78780,30,Loss/l_ce,0.0728754997253418
1786532773.4407187,78780,30,Loss/l_total,0.0728754997253418
1786532773.44074,78780,30,LR,2.318019484660536e-05
1786532787.185005,78800,30,Loss/l_ce,0.09975743293762207
1786532787.1851819,78800,30,Loss/l_total,0.09975743293762207
1786532787.1852045,78800,30,LR,2.318019484660536e-05
1786532800.6633658,78820,30,Loss/l_ce,0.17160487174987793
1786532800.6635203,78820,30,Loss/l_total,0.17160487174987793
1786532800.6635418,78820,30,LR,2.318019484660536e-05
1786532814.4050286,78840,30,Loss/l_ce,0.06888651847839355
1786532814.4052231,78840,30,Loss/l_total,0.06888651847839355
1786532814.4052494,78840,30,LR,2.318019484660536e-05
1786532829.9064424,78860,30,Loss/l_ce,0.12177157402038574
1786532829.9066622,78860,30,Loss/l_total,0.12177157402038574
1786532829.9066846,78860,30,LR,2.318019484660536e-05
1786532844.822451,78880,30,Loss/l_ce,0.06788969039916992
1786532844.8226223,78880,30,Loss/l_total,0.06788969039916992
1786532844.822646,78880,30,LR,2.318019484660536e-05
1786532864.6623933,78900,30,Loss/l_ce,0.04752016067504883
1786532864.6626272,78900,30,Loss/l_total,0.04752016067504883
1786532864.6626642,78900,30,LR,2.318019484660536e-05
1786532887.38579,78920,30,Loss/l_ce,0.0670628547668457
1786532887.3859777,78920,30,Loss/l_total,0.0670628547668457
1786532887.3859994,78920,30,LR,2.318019484660536e-05
1786532899.468528,78940,30,Loss/l_ce,0.0932002067565918
1786532899.468692,78940,30,Loss/l_total,0.0932002067565918
1786532899.4687145,78940,30,LR,2.318019484660536e-05
1786532912.6936479,78960,30,Loss/l_ce,0.07516312599182129
1786532912.6937914,78960,30,Loss/l_total,0.07516312599182129
1786532912.6938128,78960,30,LR,2.318019484660536e-05
1786532931.2832253,78980,30,Loss/l_ce,0.13783574104309082
1786532931.2833939,78980,30,Loss/l_total,0.13783574104309082
1786532931.2834163,78980,30,LR,2.318019484660536e-05
1786532945.8989973,79000,30,Loss/l_ce,0.1502993106842041
1786532945.8991718,79000,30,Loss/l_total,0.1502993106842041
1786532945.8991954,79000,30,LR,2.318019484660536e-05
1786532956.7694228,79020,30,Loss/l_ce,0.0853731632232666
1786532956.7695844,79020,30,Loss/l_total,0.0853731632232666
1786532956.7696083,79020,30,LR,2.318019484660536e-05
1786532968.9534872,79040,30,Loss/l_ce,0.06782984733581543
1786532968.953677,79040,30,Loss/l_total,0.06782984733581543
1786532968.9536996,79040,30,LR,2.318019484660536e-05
1786533102.5652559,79050,30,Val/avg_error,0.011195182800292969
1786533102.565585,79050,30,Val/acc,0.83388671875
1786533102.5656097,79050,30,Val/sparse_auc,0.9147475733901516
1786533102.5656276,79050,30,Val/sparse_pck_max,0.1
1786533102.5656443,79050,30,Val/sparse_pck_n,100.0
1786533113.8553207,79060,31,Loss/l_ce,0.09630274772644043
1786533113.8554726,79060,31,Loss/l_total,0.09630274772644043
1786533113.8554926,79060,31,LR,2.0781731547998607e-05
1786533133.9052148,79080,31,Loss/l_ce,0.39422178268432617
1786533133.9053714,79080,31,Loss/l_total,0.39422178268432617
1786533133.9053917,79080,31,LR,2.0781731547998607e-05
1786533146.7925713,79100,31,Loss/l_ce,0.05887579917907715
1786533146.7927494,79100,31,Loss/l_total,0.05887579917907715
1786533146.792773,79100,31,LR,2.0781731547998607e-05
1786533160.6043978,79120,31,Loss/l_ce,0.10695052146911621
1786533160.6045818,79120,31,Loss/l_total,0.10695052146911621
1786533160.6046138,79120,31,LR,2.0781731547998607e-05
1786533180.8814125,79140,31,Loss/l_ce,0.11162853240966797
1786533180.881587,79140,31,Loss/l_total,0.11162853240966797
1786533180.8816297,79140,31,LR,2.0781731547998607e-05
1786533195.6628573,79160,31,Loss/l_ce,0.08251190185546875
1786533195.6630611,79160,31,Loss/l_total,0.08251190185546875
1786533195.663085,79160,31,LR,2.0781731547998607e-05
1786533209.3797178,79180,31,Loss/l_ce,0.11812806129455566
1786533209.379889,79180,31,Loss/l_total,0.11812806129455566
1786533209.3799114,79180,31,LR,2.0781731547998607e-05
1786533219.3449078,79200,31,Loss/l_ce,0.11422538757324219
1786533219.345105,79200,31,Loss/l_total,0.11422538757324219
1786533219.3451285,79200,31,LR,2.0781731547998607e-05
1786533234.50053,79220,31,Loss/l_ce,0.05922722816467285
1786533234.5007055,79220,31,Loss/l_total,0.05922722816467285
1786533234.5007281,79220,31,LR,2.0781731547998607e-05
1786533253.5283723,79240,31,Loss/l_ce,0.21158313751220703
1786533253.5285244,79240,31,Loss/l_total,0.21158313751220703
1786533253.5285478,79240,31,LR,2.0781731547998607e-05
1786533265.0308993,79260,31,Loss/l_ce,0.09302330017089844
1786533265.0310762,79260,31,Loss/l_total,0.09302330017089844
1786533265.031101,79260,31,LR,2.0781731547998607e-05
1786533284.6338716,79280,31,Loss/l_ce,0.12819671630859375
1786533284.6340628,79280,31,Loss/l_total,0.12819671630859375
1786533284.6340926,79280,31,LR,2.0781731547998607e-05
1786533305.1933794,79300,31,Loss/l_ce,0.10806846618652344
1786533305.1935444,79300,31,Loss/l_total,0.10806846618652344
1786533305.193568,79300,31,LR,2.0781731547998607e-05
1786533319.2540767,79320,31,Loss/l_ce,0.07343292236328125
1786533319.254263,79320,31,Loss/l_total,0.07343292236328125
1786533319.2542856,79320,31,LR,2.0781731547998607e-05
1786533332.2098153,79340,31,Loss/l_ce,0.08584833145141602
1786533332.2099814,79340,31,Loss/l_total,0.08584833145141602
1786533332.2100039,79340,31,LR,2.0781731547998607e-05
1786533350.213914,79360,31,Loss/l_ce,0.07743668556213379
1786533350.214111,79360,31,Loss/l_total,0.07743668556213379
1786533350.2141335,79360,31,LR,2.0781731547998607e-05
1786533366.5379725,79380,31,Loss/l_ce,0.09692883491516113
1786533366.5382087,79380,31,Loss/l_total,0.09692883491516113
1786533366.5382335,79380,31,LR,2.0781731547998607e-05
1786533378.846189,79400,31,Loss/l_ce,1.7439112663269043
1786533378.8463576,79400,31,Loss/l_total,1.7439112663269043
1786533378.846379,79400,31,LR,2.0781731547998607e-05
1786533392.1193018,79420,31,Loss/l_ce,0.09931635856628418
1786533392.1194742,79420,31,Loss/l_total,0.09931635856628418
1786533392.1194954,79420,31,LR,2.0781731547998607e-05
1786533403.4592135,79440,31,Loss/l_ce,0.07912635803222656
1786533403.4593656,79440,31,Loss/l_total,0.07912635803222656
1786533403.4593868,79440,31,LR,2.0781731547998607e-05
1786533424.390237,79460,31,Loss/l_ce,0.06060504913330078
1786533424.3904543,79460,31,Loss/l_total,0.06060504913330078
1786533424.3904781,79460,31,LR,2.0781731547998607e-05
1786533442.3686173,79480,31,Loss/l_ce,0.059349775314331055
1786533442.3687835,79480,31,Loss/l_total,0.059349775314331055
1786533442.3688085,79480,31,LR,2.0781731547998607e-05
1786533461.859772,79500,31,Loss/l_ce,0.0857393741607666
1786533461.859925,79500,31,Loss/l_total,0.0857393741607666
1786533461.8599474,79500,31,LR,2.0781731547998607e-05
1786533479.7297528,79520,31,Loss/l_ce,0.10191679000854492
1786533479.7299464,79520,31,Loss/l_total,0.10191679000854492
1786533479.7299738,79520,31,LR,2.0781731547998607e-05
1786533496.1740763,79540,31,Loss/l_ce,0.0819697380065918
1786533496.1742795,79540,31,Loss/l_total,0.0819697380065918
1786533496.174314,79540,31,LR,2.0781731547998607e-05
1786533506.3352556,79560,31,Loss/l_ce,0.10475468635559082
1786533506.3353946,79560,31,Loss/l_total,0.10475468635559082
1786533506.335417,79560,31,LR,2.0781731547998607e-05
1786533519.690527,79580,31,Loss/l_ce,0.27893996238708496
1786533519.6906931,79580,31,Loss/l_total,0.27893996238708496
1786533519.6907134,79580,31,LR,2.0781731547998607e-05
1786533531.0257635,79600,31,Loss/l_ce,0.07321381568908691
1786533531.0259252,79600,31,Loss/l_total,0.07321381568908691
1786533531.025949,79600,31,LR,2.0781731547998607e-05
1786533547.2158115,79620,31,Loss/l_ce,0.11078023910522461
1786533547.2160003,79620,31,Loss/l_total,0.11078023910522461
1786533547.2160242,79620,31,LR,2.0781731547998607e-05
1786533562.4253163,79640,31,Loss/l_ce,0.12114453315734863
1786533562.425523,79640,31,Loss/l_total,0.12114453315734863
1786533562.4255445,79640,31,LR,2.0781731547998607e-05
1786533577.2287974,79660,31,Loss/l_ce,0.08007574081420898
1786533577.2289612,79660,31,Loss/l_total,0.08007574081420898
1786533577.2289824,79660,31,LR,2.0781731547998607e-05
1786533592.4130223,79680,31,Loss/l_ce,0.10225653648376465
1786533592.4132028,79680,31,Loss/l_total,0.10225653648376465
1786533592.4132266,79680,31,LR,2.0781731547998607e-05
1786533604.5163977,79700,31,Loss/l_ce,0.06631159782409668
1786533604.516557,79700,31,Loss/l_total,0.06631159782409668
1786533604.5165806,79700,31,LR,2.0781731547998607e-05
1786533618.7634435,79720,31,Loss/l_ce,0.11301898956298828
1786533618.7635965,79720,31,Loss/l_total,0.11301898956298828
1786533618.7636213,79720,31,LR,2.0781731547998607e-05
1786533631.4811394,79740,31,Loss/l_ce,0.0689549446105957
1786533631.4813068,79740,31,Loss/l_total,0.0689549446105957
1786533631.4813294,79740,31,LR,2.0781731547998607e-05
1786533647.1453683,79760,31,Loss/l_ce,0.060147762298583984
1786533647.145588,79760,31,Loss/l_total,0.060147762298583984
1786533647.1456118,79760,31,LR,2.0781731547998607e-05
1786533661.506673,79780,31,Loss/l_ce,0.05679488182067871
1786533661.506889,79780,31,Loss/l_total,0.05679488182067871
1786533661.5069094,79780,31,LR,2.0781731547998607e-05
1786533678.33929,79800,31,Loss/l_ce,0.10529804229736328
1786533678.3394537,79800,31,Loss/l_total,0.10529804229736328
1786533678.339476,79800,31,LR,2.0781731547998607e-05
1786533691.3396592,79820,31,Loss/l_ce,0.06745600700378418
1786533691.3398244,79820,31,Loss/l_total,0.06745600700378418
1786533691.3398483,79820,31,LR,2.0781731547998607e-05
1786533706.8681018,79840,31,Loss/l_ce,1.9348735809326172
1786533706.8682609,79840,31,Loss/l_total,1.9348735809326172
1786533706.8682835,79840,31,LR,2.0781731547998607e-05
1786533719.699875,79860,31,Loss/l_ce,0.09159469604492188
1786533719.7000566,79860,31,Loss/l_total,0.09159469604492188
1786533719.7000828,79860,31,LR,2.0781731547998607e-05
1786533734.6712546,79880,31,Loss/l_ce,0.11339712142944336
1786533734.6714292,79880,31,Loss/l_total,0.11339712142944336
1786533734.6716938,79880,31,LR,2.0781731547998607e-05
1786533752.2169726,79900,31,Loss/l_ce,0.06319499015808105
1786533752.2171671,79900,31,Loss/l_total,0.06319499015808105
1786533752.217191,79900,31,LR,2.0781731547998607e-05
1786533770.6278489,79920,31,Loss/l_ce,0.11622881889343262
1786533770.6280117,79920,31,Loss/l_total,0.11622881889343262
1786533770.6280675,79920,31,LR,2.0781731547998607e-05
1786533784.4214857,79940,31,Loss/l_ce,0.10773253440856934
1786533784.4216495,79940,31,Loss/l_total,0.10773253440856934
1786533784.4216733,79940,31,LR,2.0781731547998607e-05
1786533804.844194,79960,31,Loss/l_ce,0.11805891990661621
1786533804.8443494,79960,31,Loss/l_total,0.11805891990661621
1786533804.8443732,79960,31,LR,2.0781731547998607e-05
1786533818.1452231,79980,31,Loss/l_ce,0.1337578296661377
1786533818.145508,79980,31,Loss/l_total,0.1337578296661377
1786533818.145533,79980,31,LR,2.0781731547998607e-05
1786533834.1858222,80000,31,Loss/l_ce,0.09578490257263184
1786533834.185987,80000,31,Loss/l_total,0.09578490257263184
1786533834.1860096,80000,31,LR,2.0781731547998607e-05
1786533852.3537285,80020,31,Loss/l_ce,0.08142304420471191
1786533852.3539064,80020,31,Loss/l_total,0.08142304420471191
1786533852.353929,80020,31,LR,2.0781731547998607e-05
1786533865.8343139,80040,31,Loss/l_ce,0.057451486587524414
1786533865.8344803,80040,31,Loss/l_total,0.057451486587524414
1786533865.8345017,80040,31,LR,2.0781731547998607e-05
1786533881.0535028,80060,31,Loss/l_ce,0.06109118461608887
1786533881.0536547,80060,31,Loss/l_total,0.06109118461608887
1786533881.0536737,80060,31,LR,2.0781731547998607e-05
1786533899.220572,80080,31,Loss/l_ce,0.06698179244995117
1786533899.2207167,80080,31,Loss/l_total,0.06698179244995117
1786533899.2207525,80080,31,LR,2.0781731547998607e-05
1786533906.6009126,80100,31,Loss/l_ce,0.08378458023071289
1786533906.6010764,80100,31,Loss/l_total,0.08378458023071289
1786533906.6011014,80100,31,LR,2.0781731547998607e-05
1786533921.807671,80120,31,Loss/l_ce,0.07844853401184082
1786533921.8078287,80120,31,Loss/l_total,0.07844853401184082
1786533921.807848,80120,31,LR,2.0781731547998607e-05
1786533934.2256346,80140,31,Loss/l_ce,0.10772514343261719
1786533934.2258105,80140,31,Loss/l_total,0.10772514343261719
1786533934.225833,80140,31,LR,2.0781731547998607e-05
1786533951.5566235,80160,31,Loss/l_ce,0.0768136978149414
1786533951.556824,80160,31,Loss/l_total,0.0768136978149414
1786533951.5568478,80160,31,LR,2.0781731547998607e-05
1786533966.8161044,80180,31,Loss/l_ce,0.08458518981933594
1786533966.816318,80180,31,Loss/l_total,0.08458518981933594
1786533966.8163407,80180,31,LR,2.0781731547998607e-05
1786533985.7638304,80200,31,Loss/l_ce,0.06821298599243164
1786533985.7641687,80200,31,Loss/l_total,0.06821298599243164
1786533985.7641962,80200,31,LR,2.0781731547998607e-05
1786533999.8342087,80220,31,Loss/l_ce,0.07282519340515137
1786533999.8344617,80220,31,Loss/l_total,0.07282519340515137
1786533999.8344843,80220,31,LR,2.0781731547998607e-05
1786534010.8353367,80240,31,Loss/l_ce,0.061797142028808594
1786534010.8356063,80240,31,Loss/l_total,0.061797142028808594
1786534010.8356287,80240,31,LR,2.0781731547998607e-05
1786534030.5579863,80260,31,Loss/l_ce,0.0657660961151123
1786534030.558218,80260,31,Loss/l_total,0.0657660961151123
1786534030.5582428,80260,31,LR,2.0781731547998607e-05
1786534043.2431364,80280,31,Loss/l_ce,0.08573603630065918
1786534043.2433584,80280,31,Loss/l_total,0.08573603630065918
1786534043.2433918,80280,31,LR,2.0781731547998607e-05
1786534057.500163,80300,31,Loss/l_ce,0.11181473731994629
1786534057.5003042,80300,31,Loss/l_total,0.11181473731994629
1786534057.5003233,80300,31,LR,2.0781731547998607e-05
1786534070.4529295,80320,31,Loss/l_ce,0.11054873466491699
1786534070.4531205,80320,31,Loss/l_total,0.11054873466491699
1786534070.453148,80320,31,LR,2.0781731547998607e-05
1786534084.3786466,80340,31,Loss/l_ce,0.0694894790649414
1786534084.3788152,80340,31,Loss/l_total,0.0694894790649414
1786534084.3788414,80340,31,LR,2.0781731547998607e-05
1786534100.8459694,80360,31,Loss/l_ce,0.07879114151000977
1786534100.846239,80360,31,Loss/l_total,0.07879114151000977
1786534100.846265,80360,31,LR,2.0781731547998607e-05
1786534114.441111,80380,31,Loss/l_ce,0.060423851013183594
1786534114.4413235,80380,31,Loss/l_total,0.060423851013183594
1786534114.4413474,80380,31,LR,2.0781731547998607e-05
1786534129.7294288,80400,31,Loss/l_ce,0.06040143966674805
1786534129.7296402,80400,31,Loss/l_total,0.06040143966674805
1786534129.7296615,80400,31,LR,2.0781731547998607e-05
1786534144.5451944,80420,31,Loss/l_ce,0.12592124938964844
1786534144.5453773,80420,31,Loss/l_total,0.12592124938964844
1786534144.5454924,80420,31,LR,2.0781731547998607e-05
1786534161.2336717,80440,31,Loss/l_ce,0.0739288330078125
1786534161.2338486,80440,31,Loss/l_total,0.0739288330078125
1786534161.2338712,80440,31,LR,2.0781731547998607e-05
1786534176.4937975,80460,31,Loss/l_ce,0.8177220821380615
1786534176.494092,80460,31,Loss/l_total,0.8177220821380615
1786534176.4941218,80460,31,LR,2.0781731547998607e-05
1786534190.7461665,80480,31,Loss/l_ce,0.12180852890014648
1786534190.7463424,80480,31,Loss/l_total,0.12180852890014648
1786534190.7463648,80480,31,LR,2.0781731547998607e-05
1786534202.865212,80500,31,Loss/l_ce,0.10585761070251465
1786534202.8653746,80500,31,Loss/l_total,0.10585761070251465
1786534202.8654017,80500,31,LR,2.0781731547998607e-05
1786534223.4396803,80520,31,Loss/l_ce,0.07733011245727539
1786534223.439818,80520,31,Loss/l_total,0.07733011245727539
1786534223.4398382,80520,31,LR,2.0781731547998607e-05
1786534239.0546358,80540,31,Loss/l_ce,0.08591699600219727
1786534239.0547996,80540,31,Loss/l_total,0.08591699600219727
1786534239.0548222,80540,31,LR,2.0781731547998607e-05
1786534249.6932077,80560,31,Loss/l_ce,0.04114866256713867
1786534249.6933515,80560,31,Loss/l_total,0.04114866256713867
1786534249.6933715,80560,31,LR,2.0781731547998607e-05
1786534264.6354108,80580,31,Loss/l_ce,0.06641054153442383
1786534264.6355767,80580,31,Loss/l_total,0.06641054153442383
1786534264.6355984,80580,31,LR,2.0781731547998607e-05
1786534281.1746225,80600,31,Loss/l_ce,0.1027975082397461
1786534281.174789,80600,31,Loss/l_total,0.1027975082397461
1786534281.1748102,80600,31,LR,2.0781731547998607e-05
1786534302.0452888,80620,31,Loss/l_ce,0.08603858947753906
1786534302.0454693,80620,31,Loss/l_total,0.08603858947753906
1786534302.0454905,80620,31,LR,2.0781731547998607e-05
1786534311.036557,80640,31,Loss/l_ce,0.0606074333190918
1786534311.036715,80640,31,Loss/l_total,0.0606074333190918
1786534311.0367389,80640,31,LR,2.0781731547998607e-05
1786534321.7875128,80660,31,Loss/l_ce,0.10298800468444824
1786534321.7876601,80660,31,Loss/l_total,0.10298800468444824
1786534321.7876825,80660,31,LR,2.0781731547998607e-05
1786534334.3295383,80680,31,Loss/l_ce,0.12641572952270508
1786534334.3296905,80680,31,Loss/l_total,0.12641572952270508
1786534334.3297129,80680,31,LR,2.0781731547998607e-05
1786534355.0917423,80700,31,Loss/l_ce,0.06806015968322754
1786534355.0919025,80700,31,Loss/l_total,0.06806015968322754
1786534355.091925,80700,31,LR,2.0781731547998607e-05
1786534369.1921234,80720,31,Loss/l_ce,0.07692790031433105
1786534369.1922863,80720,31,Loss/l_total,0.07692790031433105
1786534369.19231,80720,31,LR,2.0781731547998607e-05
1786534380.431796,80740,31,Loss/l_ce,0.0970163345336914
1786534380.431981,80740,31,Loss/l_total,0.0970163345336914
1786534380.432007,80740,31,LR,2.0781731547998607e-05
1786534399.946535,80760,31,Loss/l_ce,0.08326840400695801
1786534399.9467242,80760,31,Loss/l_total,0.08326840400695801
1786534399.946751,80760,31,LR,2.0781731547998607e-05
1786534413.2073443,80780,31,Loss/l_ce,0.07583284378051758
1786534413.207514,80780,31,Loss/l_total,0.07583284378051758
1786534413.207538,80780,31,LR,2.0781731547998607e-05
1786534425.668581,80800,31,Loss/l_ce,0.10733294486999512
1786534425.6687472,80800,31,Loss/l_total,0.10733294486999512
1786534425.668771,80800,31,LR,2.0781731547998607e-05
1786534439.9103303,80820,31,Loss/l_ce,0.07369208335876465
1786534439.9104836,80820,31,Loss/l_total,0.07369208335876465
1786534439.910505,80820,31,LR,2.0781731547998607e-05
1786534449.754352,80840,31,Loss/l_ce,0.06274747848510742
1786534449.7545087,80840,31,Loss/l_total,0.06274747848510742
1786534449.75453,80840,31,LR,2.0781731547998607e-05
1786534464.7657828,80860,31,Loss/l_ce,0.05013918876647949
1786534464.7659466,80860,31,Loss/l_total,0.05013918876647949
1786534464.765969,80860,31,LR,2.0781731547998607e-05
1786534479.0975766,80880,31,Loss/l_ce,0.12892889976501465
1786534479.0977488,80880,31,Loss/l_total,0.12892889976501465
1786534479.0977702,80880,31,LR,2.0781731547998607e-05
1786534498.9499273,80900,31,Loss/l_ce,0.08264780044555664
1786534498.9501138,80900,31,Loss/l_total,0.08264780044555664
1786534498.95014,80900,31,LR,2.0781731547998607e-05
1786534517.6771367,80920,31,Loss/l_ce,0.08756017684936523
1786534517.6772933,80920,31,Loss/l_total,0.08756017684936523
1786534517.6773195,80920,31,LR,2.0781731547998607e-05
1786534533.1081479,80940,31,Loss/l_ce,0.07097625732421875
1786534533.108314,80940,31,Loss/l_total,0.07097625732421875
1786534533.1083379,80940,31,LR,2.0781731547998607e-05
1786534546.8925378,80960,31,Loss/l_ce,0.0789957046508789
1786534546.8926818,80960,31,Loss/l_total,0.0789957046508789
1786534546.892703,80960,31,LR,2.0781731547998607e-05
1786534561.478335,80980,31,Loss/l_ce,0.06225919723510742
1786534561.4785345,80980,31,Loss/l_total,0.06225919723510742
1786534561.4785619,80980,31,LR,2.0781731547998607e-05
1786534576.692372,81000,31,Loss/l_ce,0.21007657051086426
1786534576.692651,81000,31,Loss/l_total,0.21007657051086426
1786534576.692676,81000,31,LR,2.0781731547998607e-05
1786534595.9681911,81020,31,Loss/l_ce,0.12041783332824707
1786534595.9684062,81020,31,Loss/l_total,0.12041783332824707
1786534595.968431,81020,31,LR,2.0781731547998607e-05
1786534614.2698393,81040,31,Loss/l_ce,0.0651545524597168
1786534614.270078,81040,31,Loss/l_total,0.0651545524597168
1786534614.2701051,81040,31,LR,2.0781731547998607e-05
1786534628.8667686,81060,31,Loss/l_ce,1.0837383270263672
1786534628.8669631,81060,31,Loss/l_total,1.0837383270263672
1786534628.866987,81060,31,LR,2.0781731547998607e-05
1786534644.8595297,81080,31,Loss/l_ce,0.08077716827392578
1786534644.8597517,81080,31,Loss/l_total,0.08077716827392578
1786534644.8597777,81080,31,LR,2.0781731547998607e-05
1786534656.3057437,81100,31,Loss/l_ce,0.08989453315734863
1786534656.3059645,81100,31,Loss/l_total,0.08989453315734863
1786534656.3059907,81100,31,LR,2.0781731547998607e-05
1786534671.4849296,81120,31,Loss/l_ce,0.07130098342895508
1786534671.4851038,81120,31,Loss/l_total,0.07130098342895508
1786534671.4851265,81120,31,LR,2.0781731547998607e-05
1786534684.729442,81140,31,Loss/l_ce,0.058235883712768555
1786534684.7295926,81140,31,Loss/l_total,0.058235883712768555
1786534684.729614,81140,31,LR,2.0781731547998607e-05
1786534697.4343433,81160,31,Loss/l_ce,0.08714461326599121
1786534697.4344978,81160,31,Loss/l_total,0.08714461326599121
1786534697.4345202,81160,31,LR,2.0781731547998607e-05
1786534711.612493,81180,31,Loss/l_ce,0.07674956321716309
1786534711.6126866,81180,31,Loss/l_total,0.07674956321716309
1786534711.6127174,81180,31,LR,2.0781731547998607e-05
1786534724.2231996,81200,31,Loss/l_ce,0.07340526580810547
1786534724.2234178,81200,31,Loss/l_total,0.07340526580810547
1786534724.2234416,81200,31,LR,2.0781731547998607e-05
1786534734.2632182,81220,31,Loss/l_ce,0.15268898010253906
1786534734.2633688,81220,31,Loss/l_total,0.15268898010253906
1786534734.2633889,81220,31,LR,2.0781731547998607e-05
1786534751.1006408,81240,31,Loss/l_ce,0.06331348419189453
1786534751.1007752,81240,31,Loss/l_total,0.06331348419189453
1786534751.1007977,81240,31,LR,2.0781731547998607e-05
1786534763.6238487,81260,31,Loss/l_ce,0.10350441932678223
1786534763.6240265,81260,31,Loss/l_total,0.10350441932678223
1786534763.6240883,81260,31,LR,2.0781731547998607e-05
1786534777.8086402,81280,31,Loss/l_ce,0.08249568939208984
1786534777.808797,81280,31,Loss/l_total,0.08249568939208984
1786534777.8088217,81280,31,LR,2.0781731547998607e-05
1786534796.3981748,81300,31,Loss/l_ce,0.1018533706665039
1786534796.3983324,81300,31,Loss/l_total,0.1018533706665039
1786534796.3983562,81300,31,LR,2.0781731547998607e-05
1786534813.2249324,81320,31,Loss/l_ce,0.1389474868774414
1786534813.2251022,81320,31,Loss/l_total,0.1389474868774414
1786534813.2251246,81320,31,LR,2.0781731547998607e-05
1786534826.4032345,81340,31,Loss/l_ce,0.05620431900024414
1786534826.4033985,81340,31,Loss/l_total,0.05620431900024414
1786534826.4034255,81340,31,LR,2.0781731547998607e-05
1786534838.0332694,81360,31,Loss/l_ce,0.07454395294189453
1786534838.033444,81360,31,Loss/l_total,0.07454395294189453
1786534838.0334675,81360,31,LR,2.0781731547998607e-05
1786534847.8144805,81380,31,Loss/l_ce,0.10066413879394531
1786534847.8146362,81380,31,Loss/l_total,0.10066413879394531
1786534847.8146574,81380,31,LR,2.0781731547998607e-05
1786534866.2154956,81400,31,Loss/l_ce,0.09463262557983398
1786534866.215645,81400,31,Loss/l_total,0.09463262557983398
1786534866.215669,81400,31,LR,2.0781731547998607e-05
1786534877.7531605,81420,31,Loss/l_ce,0.5132625102996826
1786534877.753316,81420,31,Loss/l_total,0.5132625102996826
1786534877.7533348,81420,31,LR,2.0781731547998607e-05
1786534889.1848745,81440,31,Loss/l_ce,0.07092595100402832
1786534889.1850252,81440,31,Loss/l_total,0.07092595100402832
1786534889.1850693,81440,31,LR,2.0781731547998607e-05
1786534901.5284224,81460,31,Loss/l_ce,0.06508302688598633
1786534901.528571,81460,31,Loss/l_total,0.06508302688598633
1786534901.5286016,81460,31,LR,2.0781731547998607e-05
1786534917.313572,81480,31,Loss/l_ce,0.12852191925048828
1786534917.3137321,81480,31,Loss/l_total,0.12852191925048828
1786534917.3137748,81480,31,LR,2.0781731547998607e-05
1786534930.4951975,81500,31,Loss/l_ce,0.06713080406188965
1786534930.4953518,81500,31,Loss/l_total,0.06713080406188965
1786534930.4953744,81500,31,LR,2.0781731547998607e-05
1786534943.4599926,81520,31,Loss/l_ce,0.07254910469055176
1786534943.460161,81520,31,Loss/l_total,0.07254910469055176
1786534943.4601848,81520,31,LR,2.0781731547998607e-05
1786534961.0481017,81540,31,Loss/l_ce,0.0717170238494873
1786534961.048256,81540,31,Loss/l_total,0.0717170238494873
1786534961.0482788,81540,31,LR,2.0781731547998607e-05
1786534974.7913842,81560,31,Loss/l_ce,0.07604813575744629
1786534974.791568,81560,31,Loss/l_total,0.07604813575744629
1786534974.791591,81560,31,LR,2.0781731547998607e-05
1786534987.7861917,81580,31,Loss/l_ce,0.06677579879760742
1786534987.786365,81580,31,Loss/l_total,0.06677579879760742
1786534987.786391,81580,31,LR,2.0781731547998607e-05
1786535001.2320154,81600,31,Loss/l_ce,0.12239623069763184
1786535001.232241,81600,31,Loss/l_total,0.12239623069763184
1786535001.232266,81600,31,LR,2.0781731547998607e-05
1786535131.9007344,81600,31,Val/avg_error,0.01015510130673647
1786535131.9011228,81600,31,Val/acc,0.850244140625
1786535131.901149,81600,31,Val/sparse_auc,0.922521849352904
1786535131.9011655,81600,31,Val/sparse_pck_max,0.1
1786535131.9012094,81600,31,Val/sparse_pck_n,100.0
1786535153.9688256,81620,32,Loss/l_ce,0.07671475410461426
1786535153.9691045,81620,32,Loss/l_total,0.07671475410461426
1786535153.9691331,81620,32,LR,1.8594235253127368e-05
1786535164.4693525,81640,32,Loss/l_ce,0.08086967468261719
1786535164.4695082,81640,32,Loss/l_total,0.08086967468261719
1786535164.4695294,81640,32,LR,1.8594235253127368e-05
1786535176.7733252,81660,32,Loss/l_ce,0.22854256629943848
1786535176.7734985,81660,32,Loss/l_total,0.22854256629943848
1786535176.7735198,81660,32,LR,1.8594235253127368e-05
1786535189.6442285,81680,32,Loss/l_ce,0.07320070266723633
1786535189.6443696,81680,32,Loss/l_total,0.07320070266723633
1786535189.6443923,81680,32,LR,1.8594235253127368e-05
1786535209.615306,81700,32,Loss/l_ce,0.05957818031311035
1786535209.6154768,81700,32,Loss/l_total,0.05957818031311035
1786535209.6154995,81700,32,LR,1.8594235253127368e-05
1786535220.9694715,81720,32,Loss/l_ce,0.12929916381835938
1786535220.969633,81720,32,Loss/l_total,0.12929916381835938
1786535220.9696555,81720,32,LR,1.8594235253127368e-05
1786535232.5291114,81740,32,Loss/l_ce,0.10936379432678223
1786535232.5293393,81740,32,Loss/l_total,0.10936379432678223
1786535232.5293605,81740,32,LR,1.8594235253127368e-05
1786535247.7242198,81760,32,Loss/l_ce,0.15794730186462402
1786535247.7243814,81760,32,Loss/l_total,0.15794730186462402
1786535247.7244027,81760,32,LR,1.8594235253127368e-05
1786535266.116396,81780,32,Loss/l_ce,0.1154031753540039
1786535266.116554,81780,32,Loss/l_total,0.1154031753540039
1786535266.1165752,81780,32,LR,1.8594235253127368e-05
1786535282.0331159,81800,32,Loss/l_ce,1.666862964630127
1786535282.0333354,81800,32,Loss/l_total,1.666862964630127
1786535282.033358,81800,32,LR,1.8594235253127368e-05
1786535299.33445,81820,32,Loss/l_ce,0.06632685661315918
1786535299.3346148,81820,32,Loss/l_total,0.06632685661315918
1786535299.3346386,81820,32,LR,1.8594235253127368e-05
1786535311.7933598,81840,32,Loss/l_ce,0.10449695587158203
1786535311.7935712,81840,32,Loss/l_total,0.10449695587158203
1786535311.7935963,81840,32,LR,1.8594235253127368e-05
1786535322.7693744,81860,32,Loss/l_ce,0.10081863403320312
1786535322.7695584,81860,32,Loss/l_total,0.10081863403320312
1786535322.769581,81860,32,LR,1.8594235253127368e-05
1786535344.41513,81880,32,Loss/l_ce,1.779325008392334
1786535344.4152973,81880,32,Loss/l_total,1.779325008392334
1786535344.415536,81880,32,LR,1.8594235253127368e-05
1786535442.6160917,81900,32,Loss/l_ce,0.11246156692504883
1786535442.6162627,81900,32,Loss/l_total,0.11246156692504883
1786535442.6162841,81900,32,LR,1.8594235253127368e-05
1786535460.5570679,81920,32,Loss/l_ce,0.0910341739654541
1786535460.5572126,81920,32,Loss/l_total,0.0910341739654541
1786535460.5572555,81920,32,LR,1.8594235253127368e-05
1786535476.8347995,81940,32,Loss/l_ce,0.07941293716430664
1786535476.8349967,81940,32,Loss/l_total,0.07941293716430664
1786535476.8350215,81940,32,LR,1.8594235253127368e-05
1786535485.2209451,81960,32,Loss/l_ce,0.10141873359680176
1786535485.2211173,81960,32,Loss/l_total,0.10141873359680176
1786535485.221141,81960,32,LR,1.8594235253127368e-05
1786535492.0452518,81980,32,Loss/l_ce,0.08287811279296875
1786535492.0454109,81980,32,Loss/l_total,0.08287811279296875
1786535492.0454333,81980,32,LR,1.8594235253127368e-05
1786535508.1205528,82000,32,Loss/l_ce,0.06672215461730957
1786535508.120708,82000,32,Loss/l_total,0.06672215461730957
1786535508.120727,82000,32,LR,1.8594235253127368e-05
1786535524.9428444,82020,32,Loss/l_ce,0.09627842903137207
1786535524.9429998,82020,32,Loss/l_total,0.09627842903137207
1786535524.9430237,82020,32,LR,1.8594235253127368e-05
1786535538.8917162,82040,32,Loss/l_ce,0.08030533790588379
1786535538.8919015,82040,32,Loss/l_total,0.08030533790588379
1786535538.8919325,82040,32,LR,1.8594235253127368e-05
1786535551.0669847,82060,32,Loss/l_ce,0.0965428352355957
1786535551.0671747,82060,32,Loss/l_total,0.0965428352355957
1786535551.0672042,82060,32,LR,1.8594235253127368e-05
1786535565.4942377,82080,32,Loss/l_ce,0.12649989128112793
1786535565.4944384,82080,32,Loss/l_total,0.12649989128112793
1786535565.4944623,82080,32,LR,1.8594235253127368e-05
1786535582.1242156,82100,32,Loss/l_ce,0.06285333633422852
1786535582.1244566,82100,32,Loss/l_total,0.06285333633422852
1786535582.1244814,82100,32,LR,1.8594235253127368e-05
1786535589.751373,82120,32,Loss/l_ce,0.09556150436401367
1786535589.7516236,82120,32,Loss/l_total,0.09556150436401367
1786535589.7516499,82120,32,LR,1.8594235253127368e-05
1786535605.8385382,82140,32,Loss/l_ce,0.09918451309204102
1786535605.8387032,82140,32,Loss/l_total,0.09918451309204102
1786535605.838727,82140,32,LR,1.8594235253127368e-05
1786535621.9159865,82160,32,Loss/l_ce,0.05422353744506836
1786535621.9161992,82160,32,Loss/l_total,0.05422353744506836
1786535621.9162228,82160,32,LR,1.8594235253127368e-05
1786535636.461808,82180,32,Loss/l_ce,0.0993049144744873
1786535636.4619813,82180,32,Loss/l_total,0.0993049144744873
1786535636.4620013,82180,32,LR,1.8594235253127368e-05
1786535648.5809784,82200,32,Loss/l_ce,0.060648202896118164
1786535648.5811923,82200,32,Loss/l_total,0.060648202896118164
1786535648.5812385,82200,32,LR,1.8594235253127368e-05
1786535665.1511507,82220,32,Loss/l_ce,0.06350588798522949
1786535665.151319,82220,32,Loss/l_total,0.06350588798522949
1786535665.1513429,82220,32,LR,1.8594235253127368e-05
1786535678.705856,82240,32,Loss/l_ce,1.449300765991211
1786535678.7060792,82240,32,Loss/l_total,1.449300765991211
1786535678.7063534,82240,32,LR,1.8594235253127368e-05
1786535690.809604,82260,32,Loss/l_ce,0.4736971855163574
1786535690.8098128,82260,32,Loss/l_total,0.4736971855163574
1786535690.8098483,82260,32,LR,1.8594235253127368e-05
1786535700.856868,82280,32,Loss/l_ce,0.10736250877380371
1786535700.8601403,82280,32,Loss/l_total,0.10736250877380371
1786535700.8601809,82280,32,LR,1.8594235253127368e-05
1786535711.2837782,82300,32,Loss/l_ce,0.07783985137939453
1786535711.2839372,82300,32,Loss/l_total,0.07783985137939453
1786535711.283961,82300,32,LR,1.8594235253127368e-05
1786535723.053069,82320,32,Loss/l_ce,0.11186575889587402
1786535723.0533361,82320,32,Loss/l_total,0.11186575889587402
1786535723.0533612,82320,32,LR,1.8594235253127368e-05
1786535738.5523129,82340,32,Loss/l_ce,0.09719562530517578
1786535738.552516,82340,32,Loss/l_total,0.09719562530517578
1786535738.5525386,82340,32,LR,1.8594235253127368e-05
1786535753.856373,82360,32,Loss/l_ce,0.09805154800415039
1786535753.8565297,82360,32,Loss/l_total,0.09805154800415039
1786535753.8565512,82360,32,LR,1.8594235253127368e-05
1786535763.400739,82380,32,Loss/l_ce,0.10120439529418945
1786535763.400943,82380,32,Loss/l_total,0.10120439529418945
1786535763.4009883,82380,32,LR,1.8594235253127368e-05
1786535772.224256,82400,32,Loss/l_ce,0.11058902740478516
1786535772.2244318,82400,32,Loss/l_total,0.11058902740478516
1786535772.2244532,82400,32,LR,1.8594235253127368e-05
1786535782.95575,82420,32,Loss/l_ce,0.09770369529724121
1786535782.9559069,82420,32,Loss/l_total,0.09770369529724121
1786535782.9559293,82420,32,LR,1.8594235253127368e-05
1786535792.8484957,82440,32,Loss/l_ce,0.31639885902404785
1786535792.848658,82440,32,Loss/l_total,0.31639885902404785
1786535792.8486784,82440,32,LR,1.8594235253127368e-05
1786535802.4402478,82460,32,Loss/l_ce,0.09658288955688477
1786535802.4404175,82460,32,Loss/l_total,0.09658288955688477
1786535802.4404414,82460,32,LR,1.8594235253127368e-05
1786535812.0304575,82480,32,Loss/l_ce,0.11367487907409668
1786535812.0306096,82480,32,Loss/l_total,0.11367487907409668
1786535812.0306308,82480,32,LR,1.8594235253127368e-05
1786535825.0481637,82500,32,Loss/l_ce,0.0644838809967041
1786535825.0483382,82500,32,Loss/l_total,0.0644838809967041
1786535825.0483606,82500,32,LR,1.8594235253127368e-05
1786535832.46213,82520,32,Loss/l_ce,0.20256757736206055
1786535832.4622834,82520,32,Loss/l_total,0.20256757736206055
1786535832.462307,82520,32,LR,1.8594235253127368e-05
1786535841.6205535,82540,32,Loss/l_ce,0.06920838356018066
1786535841.6207125,82540,32,Loss/l_total,0.06920838356018066
1786535841.620735,82540,32,LR,1.8594235253127368e-05
1786535849.4446552,82560,32,Loss/l_ce,0.09856200218200684
1786535849.4448342,82560,32,Loss/l_total,0.09856200218200684
1786535849.4448595,82560,32,LR,1.8594235253127368e-05
1786535859.722337,82580,32,Loss/l_ce,0.06767439842224121
1786535859.7224987,82580,32,Loss/l_total,0.06767439842224121
1786535859.7225199,82580,32,LR,1.8594235253127368e-05
1786535870.5735211,82600,32,Loss/l_ce,0.07342123985290527
1786535870.5737243,82600,32,Loss/l_total,0.07342123985290527
1786535870.5737467,82600,32,LR,1.8594235253127368e-05
1786535877.9469795,82620,32,Loss/l_ce,0.07992744445800781
1786535877.94716,82620,32,Loss/l_total,0.07992744445800781
1786535877.9471838,82620,32,LR,1.8594235253127368e-05
1786535889.9943635,82640,32,Loss/l_ce,0.12054777145385742
1786535889.9945917,82640,32,Loss/l_total,0.12054777145385742
1786535889.9946153,82640,32,LR,1.8594235253127368e-05
1786535904.927978,82660,32,Loss/l_ce,0.13953781127929688
1786535904.9281666,82660,32,Loss/l_total,0.13953781127929688
1786535904.9281905,82660,32,LR,1.8594235253127368e-05
1786535919.137065,82680,32,Loss/l_ce,0.07066154479980469
1786535919.1371956,82680,32,Loss/l_total,0.07066154479980469
1786535919.1372144,82680,32,LR,1.8594235253127368e-05
1786535931.1505103,82700,32,Loss/l_ce,0.23805499076843262
1786535931.1506755,82700,32,Loss/l_total,0.23805499076843262
1786535931.150698,82700,32,LR,1.8594235253127368e-05
1786535947.7865634,82720,32,Loss/l_ce,0.11540031433105469
1786535947.7867556,82720,32,Loss/l_total,0.11540031433105469
1786535947.7867782,82720,32,LR,1.8594235253127368e-05
1786535964.0652761,82740,32,Loss/l_ce,0.13572025299072266
1786535964.065508,82740,32,Loss/l_total,0.13572025299072266
1786535964.0655282,82740,32,LR,1.8594235253127368e-05
1786535977.657696,82760,32,Loss/l_ce,0.10085654258728027
1786535977.6579216,82760,32,Loss/l_total,0.10085654258728027
1786535977.657944,82760,32,LR,1.8594235253127368e-05
1786535994.0570512,82780,32,Loss/l_ce,0.10511898994445801
1786535994.0572922,82780,32,Loss/l_total,0.10511898994445801
1786535994.0573149,82780,32,LR,1.8594235253127368e-05
1786536009.1335032,82800,32,Loss/l_ce,1.9692935943603516
1786536009.1336658,82800,32,Loss/l_total,1.9692935943603516
1786536009.1336873,82800,32,LR,1.8594235253127368e-05
1786536026.7682488,82820,32,Loss/l_ce,0.09376192092895508
1786536026.7684069,82820,32,Loss/l_total,0.09376192092895508
1786536026.7687309,82820,32,LR,1.8594235253127368e-05
1786536036.527594,82840,32,Loss/l_ce,0.08546209335327148
1786536036.5277483,82840,32,Loss/l_total,0.08546209335327148
1786536036.5277746,82840,32,LR,1.8594235253127368e-05
1786536052.6431754,82860,32,Loss/l_ce,0.16501855850219727
1786536052.6433842,82860,32,Loss/l_total,0.16501855850219727
1786536052.6451094,82860,32,LR,1.8594235253127368e-05
1786536069.8207965,82880,32,Loss/l_ce,0.09157419204711914
1786536069.8209612,82880,32,Loss/l_total,0.09157419204711914
1786536069.820984,82880,32,LR,1.8594235253127368e-05
1786536082.7993557,82900,32,Loss/l_ce,0.12970352172851562
1786536082.799516,82900,32,Loss/l_total,0.12970352172851562
1786536082.7995372,82900,32,LR,1.8594235253127368e-05
1786536092.4769237,82920,32,Loss/l_ce,0.0956575870513916
1786536092.4771042,82920,32,Loss/l_total,0.0956575870513916
1786536092.477128,82920,32,LR,1.8594235253127368e-05
1786536100.7692223,82940,32,Loss/l_ce,0.09097123146057129
1786536100.769412,82940,32,Loss/l_total,0.09097123146057129
1786536100.769435,82940,32,LR,1.8594235253127368e-05
1786536112.0536828,82960,32,Loss/l_ce,0.09816431999206543
1786536112.053908,82960,32,Loss/l_total,0.09816431999206543
1786536112.0539403,82960,32,LR,1.8594235253127368e-05
1786536122.3457763,82980,32,Loss/l_ce,0.06207990646362305
1786536122.3459866,82980,32,Loss/l_total,0.06207990646362305
1786536122.346009,82980,32,LR,1.8594235253127368e-05
1786536132.5431383,83000,32,Loss/l_ce,0.08267426490783691
1786536132.5433614,83000,32,Loss/l_total,0.08267426490783691
1786536132.5433831,83000,32,LR,1.8594235253127368e-05
1786536147.6110518,83020,32,Loss/l_ce,0.06309676170349121
1786536147.6112108,83020,32,Loss/l_total,0.06309676170349121
1786536147.6112332,83020,32,LR,1.8594235253127368e-05
1786536161.1855211,83040,32,Loss/l_ce,0.047471046447753906
1786536161.185749,83040,32,Loss/l_total,0.047471046447753906
1786536161.185775,83040,32,LR,1.8594235253127368e-05
1786536175.6765378,83060,32,Loss/l_ce,0.0778954029083252
1786536175.6767194,83060,32,Loss/l_total,0.0778954029083252
1786536175.6767418,83060,32,LR,1.8594235253127368e-05
1786536188.1971543,83080,32,Loss/l_ce,0.11879277229309082
1786536188.197369,83080,32,Loss/l_total,0.11879277229309082
1786536188.197399,83080,32,LR,1.8594235253127368e-05
1786536208.8257363,83100,32,Loss/l_ce,0.08292531967163086
1786536208.8258834,83100,32,Loss/l_total,0.08292531967163086
1786536208.8259022,83100,32,LR,1.8594235253127368e-05
1786536229.5326488,83120,32,Loss/l_ce,0.0625300407409668
1786536229.532803,83120,32,Loss/l_total,0.0625300407409668
1786536229.532827,83120,32,LR,1.8594235253127368e-05
1786536246.8710263,83140,32,Loss/l_ce,0.09464406967163086
1786536246.8712626,83140,32,Loss/l_total,0.09464406967163086
1786536246.8712838,83140,32,LR,1.8594235253127368e-05
1786536259.5241566,83160,32,Loss/l_ce,0.11092782020568848
1786536259.5243323,83160,32,Loss/l_total,0.11092782020568848
1786536259.5243561,83160,32,LR,1.8594235253127368e-05
1786536273.7498655,83180,32,Loss/l_ce,0.07403087615966797
1786536273.7500198,83180,32,Loss/l_total,0.07403087615966797
1786536273.7500684,83180,32,LR,1.8594235253127368e-05
1786536283.0540798,83200,32,Loss/l_ce,0.06641960144042969
1786536283.0542612,83200,32,Loss/l_total,0.06641960144042969
1786536283.0542874,83200,32,LR,1.8594235253127368e-05
1786536297.3531609,83220,32,Loss/l_ce,0.13253498077392578
1786536297.353333,83220,32,Loss/l_total,0.13253498077392578
1786536297.3533533,83220,32,LR,1.8594235253127368e-05
1786536310.7607589,83240,32,Loss/l_ce,0.06874608993530273
1786536310.7609797,83240,32,Loss/l_total,0.06874608993530273
1786536310.761008,83240,32,LR,1.8594235253127368e-05
1786536322.8396285,83260,32,Loss/l_ce,0.1164395809173584
1786536322.8398423,83260,32,Loss/l_total,0.1164395809173584
1786536322.839866,83260,32,LR,1.8594235253127368e-05
1786536337.2241902,83280,32,Loss/l_ce,0.10867047309875488
1786536337.2244027,83280,32,Loss/l_total,0.10867047309875488
1786536337.2244256,83280,32,LR,1.8594235253127368e-05
1786536344.6884618,83300,32,Loss/l_ce,0.11008501052856445
1786536344.6886067,83300,32,Loss/l_total,0.11008501052856445
1786536344.6886292,83300,32,LR,1.8594235253127368e-05
1786536362.463125,83320,32,Loss/l_ce,0.11271381378173828
1786536362.463347,83320,32,Loss/l_total,0.11271381378173828
1786536362.4633684,83320,32,LR,1.8594235253127368e-05
1786536377.3320742,83340,32,Loss/l_ce,0.10038375854492188
1786536377.332237,83340,32,Loss/l_total,0.10038375854492188
1786536377.3322582,83340,32,LR,1.8594235253127368e-05
1786536390.4787345,83360,32,Loss/l_ce,0.04477691650390625
1786536390.4789093,83360,32,Loss/l_total,0.04477691650390625
1786536390.4789317,83360,32,LR,1.8594235253127368e-05
1786536404.878063,83380,32,Loss/l_ce,0.10308599472045898
1786536404.8782446,83380,32,Loss/l_total,0.10308599472045898
1786536404.8782685,83380,32,LR,1.8594235253127368e-05
1786536420.8048878,83400,32,Loss/l_ce,0.05555152893066406
1786536420.8050647,83400,32,Loss/l_total,0.05555152893066406
1786536420.8050885,83400,32,LR,1.8594235253127368e-05
1786536434.0931463,83420,32,Loss/l_ce,0.06371927261352539
1786536434.0933125,83420,32,Loss/l_total,0.06371927261352539
1786536434.0933373,83420,32,LR,1.8594235253127368e-05
1786536447.8842142,83440,32,Loss/l_ce,0.0846707820892334
1786536447.8843853,83440,32,Loss/l_total,0.0846707820892334
1786536447.8844101,83440,32,LR,1.8594235253127368e-05
1786536461.036638,83460,32,Loss/l_ce,0.10481929779052734
1786536461.0368042,83460,32,Loss/l_total,0.10481929779052734
1786536461.0368278,83460,32,LR,1.8594235253127368e-05
1786536471.0542712,83480,32,Loss/l_ce,0.05136537551879883
1786536471.0544693,83480,32,Loss/l_total,0.05136537551879883
1786536471.0544932,83480,32,LR,1.8594235253127368e-05
1786536480.7447813,83500,32,Loss/l_ce,0.08449649810791016
1786536480.7449358,83500,32,Loss/l_total,0.08449649810791016
1786536480.744957,83500,32,LR,1.8594235253127368e-05
1786536499.928485,83520,32,Loss/l_ce,0.0707392692565918
1786536499.928682,83520,32,Loss/l_total,0.0707392692565918
1786536499.9287035,83520,32,LR,1.8594235253127368e-05
1786536510.156629,83540,32,Loss/l_ce,0.10255908966064453
1786536510.1567845,83540,32,Loss/l_total,0.10255908966064453
1786536510.1568048,83540,32,LR,1.8594235253127368e-05
1786536519.4583824,83560,32,Loss/l_ce,0.10931944847106934
1786536519.4585435,83560,32,Loss/l_total,0.10931944847106934
1786536519.4585662,83560,32,LR,1.8594235253127368e-05
1786536528.9516187,83580,32,Loss/l_ce,0.06481623649597168
1786536528.9517634,83580,32,Loss/l_total,0.06481623649597168
1786536528.9517872,83580,32,LR,1.8594235253127368e-05
1786536543.8721395,83600,32,Loss/l_ce,0.069610595703125
1786536543.872352,83600,32,Loss/l_total,0.069610595703125
1786536543.8723817,83600,32,LR,1.8594235253127368e-05
1786536563.3854074,83620,32,Loss/l_ce,0.07397913932800293
1786536563.3855774,83620,32,Loss/l_total,0.07397913932800293
1786536563.3856037,83620,32,LR,1.8594235253127368e-05
1786536612.1208549,83640,32,Loss/l_ce,0.05362725257873535
1786536612.1211019,83640,32,Loss/l_total,0.05362725257873535
1786536612.1211255,83640,32,LR,1.8594235253127368e-05
1786536649.8474703,83660,32,Loss/l_ce,0.10520648956298828
1786536649.847652,83660,32,Loss/l_total,0.10520648956298828
1786536649.847677,83660,32,LR,1.8594235253127368e-05
1786536657.6200645,83680,32,Loss/l_ce,0.16472411155700684
1786536657.6202402,83680,32,Loss/l_total,0.16472411155700684
1786536657.6202629,83680,32,LR,1.8594235253127368e-05
1786536668.2533064,83700,32,Loss/l_ce,0.11269736289978027
1786536668.2534702,83700,32,Loss/l_total,0.11269736289978027
1786536668.2534964,83700,32,LR,1.8594235253127368e-05
1786536679.6797132,83720,32,Loss/l_ce,0.07300400733947754
1786536679.6799173,83720,32,Loss/l_total,0.07300400733947754
1786536679.6799412,83720,32,LR,1.8594235253127368e-05
1786536689.393529,83740,32,Loss/l_ce,0.06925725936889648
1786536689.3936892,83740,32,Loss/l_total,0.06925725936889648
1786536689.3937104,83740,32,LR,1.8594235253127368e-05
1786536700.1258612,83760,32,Loss/l_ce,0.05076456069946289
1786536700.1260178,83760,32,Loss/l_total,0.05076456069946289
1786536700.1260583,83760,32,LR,1.8594235253127368e-05
1786536708.171754,83780,32,Loss/l_ce,0.09207558631896973
1786536708.1719344,83780,32,Loss/l_total,0.09207558631896973
1786536708.171958,83780,32,LR,1.8594235253127368e-05
1786536717.6527245,83800,32,Loss/l_ce,0.09829235076904297
1786536717.6529217,83800,32,Loss/l_total,0.09829235076904297
1786536717.652944,83800,32,LR,1.8594235253127368e-05
1786536725.7957,83820,32,Loss/l_ce,0.05928754806518555
1786536725.7959301,83820,32,Loss/l_total,0.05928754806518555
1786536725.795954,83820,32,LR,1.8594235253127368e-05
1786536735.1628885,83840,32,Loss/l_ce,0.07071399688720703
1786536735.1630619,83840,32,Loss/l_total,0.07071399688720703
1786536735.1630855,83840,32,LR,1.8594235253127368e-05
1786536745.409683,83860,32,Loss/l_ce,0.10377311706542969
1786536745.4098644,83860,32,Loss/l_total,0.10377311706542969
1786536745.4098883,83860,32,LR,1.8594235253127368e-05
1786536753.8705587,83880,32,Loss/l_ce,0.08732438087463379
1786536753.8707297,83880,32,Loss/l_total,0.08732438087463379
1786536753.870757,83880,32,LR,1.8594235253127368e-05
1786536762.6521072,83900,32,Loss/l_ce,0.08180975914001465
1786536762.65227,83900,32,Loss/l_total,0.08180975914001465
1786536762.6522913,83900,32,LR,1.8594235253127368e-05
1786536772.5518153,83920,32,Loss/l_ce,0.1263258457183838
1786536772.5519779,83920,32,Loss/l_total,0.1263258457183838
1786536772.5519993,83920,32,LR,1.8594235253127368e-05
1786536780.5341306,83940,32,Loss/l_ce,0.07547140121459961
1786536780.534285,83940,32,Loss/l_total,0.07547140121459961
1786536780.5343075,83940,32,LR,1.8594235253127368e-05
1786536788.4482067,83960,32,Loss/l_ce,0.09657692909240723
1786536788.448374,83960,32,Loss/l_total,0.09657692909240723
1786536788.4483979,83960,32,LR,1.8594235253127368e-05
1786536797.1915529,83980,32,Loss/l_ce,0.09305334091186523
1786536797.191743,83980,32,Loss/l_total,0.09305334091186523
1786536797.1917655,83980,32,LR,1.8594235253127368e-05
1786536808.8252456,84000,32,Loss/l_ce,0.07257866859436035
1786536808.8254027,84000,32,Loss/l_total,0.07257866859436035
1786536808.8254275,84000,32,LR,1.8594235253127368e-05
1786536819.3702388,84020,32,Loss/l_ce,0.06864690780639648
1786536819.3704014,84020,32,Loss/l_total,0.06864690780639648
1786536819.3706636,84020,32,LR,1.8594235253127368e-05
1786536830.824256,84040,32,Loss/l_ce,0.08469486236572266
1786536830.8244424,84040,32,Loss/l_total,0.08469486236572266
1786536830.8244636,84040,32,LR,1.8594235253127368e-05
1786536838.6015496,84060,32,Loss/l_ce,0.14093518257141113
1786536838.601699,84060,32,Loss/l_total,0.14093518257141113
1786536838.6017194,84060,32,LR,1.8594235253127368e-05
1786536846.3605921,84080,32,Loss/l_ce,0.07929754257202148
1786536846.3607893,84080,32,Loss/l_total,0.07929754257202148
1786536846.3608284,84080,32,LR,1.8594235253127368e-05
1786536854.4799619,84100,32,Loss/l_ce,0.09914469718933105
1786536854.4801364,84100,32,Loss/l_total,0.09914469718933105
1786536854.4801602,84100,32,LR,1.8594235253127368e-05
1786536862.9817486,84120,32,Loss/l_ce,0.08227872848510742
1786536862.9819038,84120,32,Loss/l_total,0.08227872848510742
1786536862.9819276,84120,32,LR,1.8594235253127368e-05
1786536872.187205,84140,32,Loss/l_ce,0.10132384300231934
1786536872.1873462,84140,32,Loss/l_total,0.10132384300231934
1786536872.1873689,84140,32,LR,1.8594235253127368e-05
1786536988.7886605,84150,32,Val/avg_error,0.009593820199370384
1786536988.7889965,84150,32,Val/acc,0.855419921875
1786536988.7890215,84150,32,Val/sparse_auc,0.925656220407197
1786536988.7890854,84150,32,Val/sparse_pck_max,0.1
1786536988.7891057,84150,32,Val/sparse_pck_n,100.0
1786536994.8436863,84160,33,Loss/l_ce,0.10187292098999023
1786536994.8438492,84160,33,Loss/l_total,0.10187292098999023
1786536994.8438718,84160,33,LR,1.663119260406585e-05
1786537004.7719026,84180,33,Loss/l_ce,0.09445405006408691
1786537004.7720995,84180,33,Loss/l_total,0.09445405006408691
1786537004.7721233,84180,33,LR,1.663119260406585e-05
1786537014.8966706,84200,33,Loss/l_ce,0.07375335693359375
1786537014.8968294,84200,33,Loss/l_total,0.07375335693359375
1786537014.8968523,84200,33,LR,1.663119260406585e-05
1786537025.2811413,84220,33,Loss/l_ce,0.0879220962524414
1786537025.2813632,84220,33,Loss/l_total,0.0879220962524414
1786537025.2813857,84220,33,LR,1.663119260406585e-05
1786537036.7494738,84240,33,Loss/l_ce,0.11318588256835938
1786537036.7496197,84240,33,Loss/l_total,0.11318588256835938
1786537036.7496495,84240,33,LR,1.663119260406585e-05
1786537050.0414085,84260,33,Loss/l_ce,0.10697412490844727
1786537050.0416305,84260,33,Loss/l_total,0.10697412490844727
1786537050.041653,84260,33,LR,1.663119260406585e-05
1786537059.786463,84280,33,Loss/l_ce,0.07581281661987305
1786537059.7866244,84280,33,Loss/l_total,0.07581281661987305
1786537059.786647,84280,33,LR,1.663119260406585e-05
1786537069.3144221,84300,33,Loss/l_ce,0.08295607566833496
1786537069.3145773,84300,33,Loss/l_total,0.08295607566833496
1786537069.3145988,84300,33,LR,1.663119260406585e-05
1786537082.0386465,84320,33,Loss/l_ce,0.09159469604492188
1786537082.0387902,84320,33,Loss/l_total,0.09159469604492188
1786537082.0388117,84320,33,LR,1.663119260406585e-05
1786537093.528358,84340,33,Loss/l_ce,0.11786937713623047
1786537093.5285385,84340,33,Loss/l_total,0.11786937713623047
1786537093.5285609,84340,33,LR,1.663119260406585e-05
1786537102.4572163,84360,33,Loss/l_ce,0.07273221015930176
1786537102.4573565,84360,33,Loss/l_total,0.07273221015930176
1786537102.45738,84360,33,LR,1.663119260406585e-05
1786537110.1933227,84380,33,Loss/l_ce,0.09006094932556152
1786537110.1934712,84380,33,Loss/l_total,0.09006094932556152
1786537110.193495,84380,33,LR,1.663119260406585e-05
1786537119.819145,84400,33,Loss/l_ce,0.10961055755615234
1786537119.8193042,84400,33,Loss/l_total,0.10961055755615234
1786537119.819328,84400,33,LR,1.663119260406585e-05
1786537129.1627717,84420,33,Loss/l_ce,0.09623003005981445
1786537129.1629298,84420,33,Loss/l_total,0.09623003005981445
1786537129.1629534,84420,33,LR,1.663119260406585e-05
1786537140.059386,84440,33,Loss/l_ce,0.08829331398010254
1786537140.0595405,84440,33,Loss/l_total,0.08829331398010254
1786537140.059563,84440,33,LR,1.663119260406585e-05
1786537148.7329655,84460,33,Loss/l_ce,0.11731719970703125
1786537148.733179,84460,33,Loss/l_total,0.11731719970703125
1786537148.733204,84460,33,LR,1.663119260406585e-05
1786537157.708954,84480,33,Loss/l_ce,0.09055638313293457
1786537157.7092178,84480,33,Loss/l_total,0.09055638313293457
1786537157.709244,84480,33,LR,1.663119260406585e-05
1786537166.0219982,84500,33,Loss/l_ce,0.09401726722717285
1786537166.0221903,84500,33,Loss/l_total,0.09401726722717285
1786537166.0222116,84500,33,LR,1.663119260406585e-05
1786537174.6953237,84520,33,Loss/l_ce,0.10266780853271484
1786537174.6955338,84520,33,Loss/l_total,0.10266780853271484
1786537174.6955564,84520,33,LR,1.663119260406585e-05
1786537185.307811,84540,33,Loss/l_ce,0.11106061935424805
1786537185.3079712,84540,33,Loss/l_total,0.11106061935424805
1786537185.3079975,84540,33,LR,1.663119260406585e-05
1786537196.153653,84560,33,Loss/l_ce,0.10412454605102539
1786537196.1538608,84560,33,Loss/l_total,0.10412454605102539
1786537196.1538835,84560,33,LR,1.663119260406585e-05
1786537207.340848,84580,33,Loss/l_ce,0.10844802856445312
1786537207.3410165,84580,33,Loss/l_total,0.10844802856445312
1786537207.3410676,84580,33,LR,1.663119260406585e-05
1786537217.7901306,84600,33,Loss/l_ce,0.060211181640625
1786537217.790309,84600,33,Loss/l_total,0.060211181640625
1786537217.7903337,84600,33,LR,1.663119260406585e-05
1786537227.6190636,84620,33,Loss/l_ce,0.06672310829162598
1786537227.6192122,84620,33,Loss/l_total,0.06672310829162598
1786537227.6192334,84620,33,LR,1.663119260406585e-05
1786537237.9997685,84640,33,Loss/l_ce,0.051088571548461914
1786537237.999923,84640,33,Loss/l_total,0.051088571548461914
1786537237.9999433,84640,33,LR,1.663119260406585e-05
1786537246.7602186,84660,33,Loss/l_ce,0.08036255836486816
1786537246.7603588,84660,33,Loss/l_total,0.08036255836486816
1786537246.7603803,84660,33,LR,1.663119260406585e-05
1786537254.796692,84680,33,Loss/l_ce,0.0603635311126709
1786537254.7968736,84680,33,Loss/l_total,0.0603635311126709
1786537254.7968996,84680,33,LR,1.663119260406585e-05
1786537265.1164963,84700,33,Loss/l_ce,1.2924373149871826
1786537265.116659,84700,33,Loss/l_total,1.2924373149871826
1786537265.116851,84700,33,LR,1.663119260406585e-05
1786537274.6129937,84720,33,Loss/l_ce,0.08412599563598633
1786537274.6131918,84720,33,Loss/l_total,0.08412599563598633
1786537274.6132193,84720,33,LR,1.663119260406585e-05
1786537284.5126722,84740,33,Loss/l_ce,0.02784109115600586
1786537284.5128574,84740,33,Loss/l_total,0.02784109115600586
1786537284.512879,84740,33,LR,1.663119260406585e-05
1786537292.034319,84760,33,Loss/l_ce,0.08594846725463867
1786537292.0344827,84760,33,Loss/l_total,0.08594846725463867
1786537292.0345051,84760,33,LR,1.663119260406585e-05
1786537303.1625159,84780,33,Loss/l_ce,0.07534360885620117
1786537303.1627,84780,33,Loss/l_total,0.07534360885620117
1786537303.1627262,84780,33,LR,1.663119260406585e-05
1786537310.8372974,84800,33,Loss/l_ce,1.3288977146148682
1786537310.8374543,84800,33,Loss/l_total,1.3288977146148682
1786537310.837479,84800,33,LR,1.663119260406585e-05
1786537321.3284755,84820,33,Loss/l_ce,0.09186816215515137
1786537321.3286428,84820,33,Loss/l_total,0.09186816215515137
1786537321.3286667,84820,33,LR,1.663119260406585e-05
1786537330.5379465,84840,33,Loss/l_ce,0.08576178550720215
1786537330.5382028,84840,33,Loss/l_total,0.08576178550720215
1786537330.5382266,84840,33,LR,1.663119260406585e-05
1786537342.6472073,84860,33,Loss/l_ce,0.05948495864868164
1786537342.647409,84860,33,Loss/l_total,0.05948495864868164
1786537342.6474328,84860,33,LR,1.663119260406585e-05
1786537351.8285525,84880,33,Loss/l_ce,0.09355640411376953
1786537351.8287046,84880,33,Loss/l_total,0.09355640411376953
1786537351.8287296,84880,33,LR,1.663119260406585e-05
1786537363.5867581,84900,33,Loss/l_ce,0.11392068862915039
1786537363.5869493,84900,33,Loss/l_total,0.11392068862915039
1786537363.5869756,84900,33,LR,1.663119260406585e-05
1786537373.79883,84920,33,Loss/l_ce,0.11284279823303223
1786537373.798988,84920,33,Loss/l_total,0.11284279823303223
1786537373.7990105,84920,33,LR,1.663119260406585e-05
1786537382.871909,84940,33,Loss/l_ce,0.06253504753112793
1786537382.8721511,84940,33,Loss/l_total,0.06253504753112793
1786537382.8721762,84940,33,LR,1.663119260406585e-05
1786537391.2882686,84960,33,Loss/l_ce,0.09339165687561035
1786537391.28843,84960,33,Loss/l_total,0.09339165687561035
1786537391.2884526,84960,33,LR,1.663119260406585e-05
1786537398.7351036,84980,33,Loss/l_ce,0.06230950355529785
1786537398.7352934,84980,33,Loss/l_total,0.06230950355529785
1786537398.7353172,84980,33,LR,1.663119260406585e-05
1786537408.081837,85000,33,Loss/l_ce,0.1019432544708252
1786537408.082077,85000,33,Loss/l_total,0.1019432544708252
1786537408.082103,85000,33,LR,1.663119260406585e-05
1786537415.9761739,85020,33,Loss/l_ce,0.059064626693725586
1786537415.9763792,85020,33,Loss/l_total,0.059064626693725586
1786537415.9764042,85020,33,LR,1.663119260406585e-05
1786537426.1265569,85040,33,Loss/l_ce,0.11974692344665527
1786537426.1267636,85040,33,Loss/l_total,0.11974692344665527
1786537426.126786,85040,33,LR,1.663119260406585e-05
1786537435.2481027,85060,33,Loss/l_ce,0.06776118278503418
1786537435.2483938,85060,33,Loss/l_total,0.06776118278503418
1786537435.2484186,85060,33,LR,1.663119260406585e-05
1786537448.58349,85080,33,Loss/l_ce,0.06299042701721191
1786537448.5836358,85080,33,Loss/l_total,0.06299042701721191
1786537448.5836573,85080,33,LR,1.663119260406585e-05
1786537458.1625001,85100,33,Loss/l_ce,0.3822793960571289
1786537458.1626613,85100,33,Loss/l_total,0.3822793960571289
1786537458.162684,85100,33,LR,1.663119260406585e-05
1786537466.1699789,85120,33,Loss/l_ce,0.07804560661315918
1786537466.1701605,85120,33,Loss/l_total,0.07804560661315918
1786537466.1701844,85120,33,LR,1.663119260406585e-05
1786537477.8905425,85140,33,Loss/l_ce,0.08924484252929688
1786537477.8907194,85140,33,Loss/l_total,0.08924484252929688
1786537477.8907433,85140,33,LR,1.663119260406585e-05
1786537487.6617262,85160,33,Loss/l_ce,0.08992767333984375
1786537487.66191,85160,33,Loss/l_total,0.08992767333984375
1786537487.6619315,85160,33,LR,1.663119260406585e-05
1786537499.207085,85180,33,Loss/l_ce,0.10239100456237793
1786537499.2072663,85180,33,Loss/l_total,0.10239100456237793
1786537499.2072887,85180,33,LR,1.663119260406585e-05
1786537507.4396749,85200,33,Loss/l_ce,0.06763124465942383
1786537507.4399195,85200,33,Loss/l_total,0.06763124465942383
1786537507.439942,85200,33,LR,1.663119260406585e-05
1786537517.9975095,85220,33,Loss/l_ce,0.1126701831817627
1786537517.9977205,85220,33,Loss/l_total,0.1126701831817627
1786537517.9977431,85220,33,LR,1.663119260406585e-05
1786537527.2539647,85240,33,Loss/l_ce,0.08259987831115723
1786537527.2541995,85240,33,Loss/l_total,0.08259987831115723
1786537527.2542233,85240,33,LR,1.663119260406585e-05
1786537535.8304245,85260,33,Loss/l_ce,0.05531024932861328
1786537535.830573,85260,33,Loss/l_total,0.05531024932861328
1786537535.8305945,85260,33,LR,1.663119260406585e-05
1786537545.1882606,85280,33,Loss/l_ce,0.07059979438781738
1786537545.1884258,85280,33,Loss/l_total,0.07059979438781738
1786537545.188447,85280,33,LR,1.663119260406585e-05
1786537555.906114,85300,33,Loss/l_ce,0.09181904792785645
1786537555.9062827,85300,33,Loss/l_total,0.09181904792785645
1786537555.9063065,85300,33,LR,1.663119260406585e-05
1786537568.6188905,85320,33,Loss/l_ce,0.07269954681396484
1786537568.6190877,85320,33,Loss/l_total,0.07269954681396484
1786537568.6191125,85320,33,LR,1.663119260406585e-05
1786537580.2402306,85340,33,Loss/l_ce,0.08117198944091797
1786537580.2404075,85340,33,Loss/l_total,0.08117198944091797
1786537580.2404287,85340,33,LR,1.663119260406585e-05
1786537593.9238453,85360,33,Loss/l_ce,0.06499171257019043
1786537593.923989,85360,33,Loss/l_total,0.06499171257019043
1786537593.9240103,85360,33,LR,1.663119260406585e-05
1786537602.4748552,85380,33,Loss/l_ce,0.07113409042358398
1786537602.4750178,85380,33,Loss/l_total,0.07113409042358398
1786537602.47507,85380,33,LR,1.663119260406585e-05
1786537611.378415,85400,33,Loss/l_ce,0.08140802383422852
1786537611.3785825,85400,33,Loss/l_total,0.08140802383422852
1786537611.3786051,85400,33,LR,1.663119260406585e-05
1786537620.494857,85420,33,Loss/l_ce,0.1450481414794922
1786537620.4950752,85420,33,Loss/l_total,0.1450481414794922
1786537620.4951134,85420,33,LR,1.663119260406585e-05
1786537631.2597077,85440,33,Loss/l_ce,1.7761282920837402
1786537631.2598572,85440,33,Loss/l_total,1.7761282920837402
1786537631.2598796,85440,33,LR,1.663119260406585e-05
1786537642.6064842,85460,33,Loss/l_ce,0.09219956398010254
1786537642.6066566,85460,33,Loss/l_total,0.09219956398010254
1786537642.606679,85460,33,LR,1.663119260406585e-05
1786537653.8903332,85480,33,Loss/l_ce,0.12926816940307617
1786537653.8905647,85480,33,Loss/l_total,0.12926816940307617
1786537653.890592,85480,33,LR,1.663119260406585e-05
1786537665.0408137,85500,33,Loss/l_ce,0.06277060508728027
1786537665.0409644,85500,33,Loss/l_total,0.06277060508728027
1786537665.0409856,85500,33,LR,1.663119260406585e-05
1786537676.5050623,85520,33,Loss/l_ce,0.10651588439941406
1786537676.5053153,85520,33,Loss/l_total,0.10651588439941406
1786537676.5053415,85520,33,LR,1.663119260406585e-05
1786537685.6892633,85540,33,Loss/l_ce,0.10352325439453125
1786537685.6894307,85540,33,Loss/l_total,0.10352325439453125
1786537685.689457,85540,33,LR,1.663119260406585e-05
1786537696.5176456,85560,33,Loss/l_ce,0.1214287281036377
1786537696.5177987,85560,33,Loss/l_total,0.1214287281036377
1786537696.51782,85560,33,LR,1.663119260406585e-05
1786537706.5242126,85580,33,Loss/l_ce,0.14005708694458008
1786537706.5243692,85580,33,Loss/l_total,0.14005708694458008
1786537706.5243907,85580,33,LR,1.663119260406585e-05
1786537717.8545766,85600,33,Loss/l_ce,0.08133769035339355
1786537717.854807,85600,33,Loss/l_total,0.08133769035339355
1786537717.8548305,85600,33,LR,1.663119260406585e-05
1786537728.9104264,85620,33,Loss/l_ce,0.1705789566040039
1786537728.910583,85620,33,Loss/l_total,0.1705789566040039
1786537728.9106045,85620,33,LR,1.663119260406585e-05
1786537738.289313,85640,33,Loss/l_ce,0.06334161758422852
1786537738.2895124,85640,33,Loss/l_total,0.06334161758422852
1786537738.2895682,85640,33,LR,1.663119260406585e-05
1786537746.5252383,85660,33,Loss/l_ce,0.07175540924072266
1786537746.5254366,85660,33,Loss/l_total,0.07175540924072266
1786537746.5254593,85660,33,LR,1.663119260406585e-05
1786537755.840657,85680,33,Loss/l_ce,0.10861945152282715
1786537755.8408175,85680,33,Loss/l_total,0.10861945152282715
1786537755.8408387,85680,33,LR,1.663119260406585e-05
1786537762.8947906,85700,33,Loss/l_ce,0.07141852378845215
1786537762.8950171,85700,33,Loss/l_total,0.07141852378845215
1786537762.8950684,85700,33,LR,1.663119260406585e-05
1786537770.633819,85720,33,Loss/l_ce,0.12351274490356445
1786537770.6339595,85720,33,Loss/l_total,0.12351274490356445
1786537770.6339831,85720,33,LR,1.663119260406585e-05
1786537778.4945183,85740,33,Loss/l_ce,0.09605550765991211
1786537778.494675,85740,33,Loss/l_total,0.09605550765991211
1786537778.4946964,85740,33,LR,1.663119260406585e-05
1786537789.2729278,85760,33,Loss/l_ce,0.040253639221191406
1786537789.2731948,85760,33,Loss/l_total,0.040253639221191406
1786537789.2732208,85760,33,LR,1.663119260406585e-05
1786537802.7773564,85780,33,Loss/l_ce,0.09267616271972656
1786537802.7775476,85780,33,Loss/l_total,0.09267616271972656
1786537802.7775736,85780,33,LR,1.663119260406585e-05
1786537811.4426417,85800,33,Loss/l_ce,0.06219649314880371
1786537811.44279,85800,33,Loss/l_total,0.06219649314880371
1786537811.4428117,85800,33,LR,1.663119260406585e-05
1786537820.3186896,85820,33,Loss/l_ce,0.08211946487426758
1786537820.3188677,85820,33,Loss/l_total,0.08211946487426758
1786537820.3188915,85820,33,LR,1.663119260406585e-05
1786537829.6850803,85840,33,Loss/l_ce,0.08005952835083008
1786537829.6852157,85840,33,Loss/l_total,0.08005952835083008
1786537829.6852384,85840,33,LR,1.663119260406585e-05
1786537839.9721677,85860,33,Loss/l_ce,0.06116485595703125
1786537839.9723113,85860,33,Loss/l_total,0.06116485595703125
1786537839.972334,85860,33,LR,1.663119260406585e-05
1786537849.4701593,85880,33,Loss/l_ce,0.07819342613220215
1786537849.4703398,85880,33,Loss/l_total,0.07819342613220215
1786537849.4703624,85880,33,LR,1.663119260406585e-05
1786537859.1001127,85900,33,Loss/l_ce,0.1594381332397461
1786537859.1003408,85900,33,Loss/l_total,0.1594381332397461
1786537859.1003776,85900,33,LR,1.663119260406585e-05
1786537869.4622476,85920,33,Loss/l_ce,0.11083650588989258
1786537869.462414,85920,33,Loss/l_total,0.11083650588989258
1786537869.4624403,85920,33,LR,1.663119260406585e-05
1786537880.937752,85940,33,Loss/l_ce,0.10184025764465332
1786537880.9379158,85940,33,Loss/l_total,0.10184025764465332
1786537880.9379375,85940,33,LR,1.663119260406585e-05
1786537889.5951304,85960,33,Loss/l_ce,0.0868978500366211
1786537889.5953238,85960,33,Loss/l_total,0.0868978500366211
1786537889.5953512,85960,33,LR,1.663119260406585e-05
1786537900.0837612,85980,33,Loss/l_ce,0.06792831420898438
1786537900.0839224,85980,33,Loss/l_total,0.06792831420898438
1786537900.0839462,85980,33,LR,1.663119260406585e-05
1786537911.504986,86000,33,Loss/l_ce,0.07702827453613281
1786537911.505246,86000,33,Loss/l_total,0.07702827453613281
1786537911.5052724,86000,33,LR,1.663119260406585e-05
1786537922.1748297,86020,33,Loss/l_ce,0.09867048263549805
1786537922.174989,86020,33,Loss/l_total,0.09867048263549805
1786537922.1750116,86020,33,LR,1.663119260406585e-05
1786537932.1099336,86040,33,Loss/l_ce,0.07326650619506836
1786537932.1101425,86040,33,Loss/l_total,0.07326650619506836
1786537932.1101673,86040,33,LR,1.663119260406585e-05
1786537940.9917083,86060,33,Loss/l_ce,0.16551423072814941
1786537940.9919112,86060,33,Loss/l_total,0.16551423072814941
1786537940.9919336,86060,33,LR,1.663119260406585e-05
1786537950.4997494,86080,33,Loss/l_ce,0.06319046020507812
1786537950.4999406,86080,33,Loss/l_total,0.06319046020507812
1786537950.499963,86080,33,LR,1.663119260406585e-05
1786537962.169429,86100,33,Loss/l_ce,0.08388352394104004
1786537962.169606,86100,33,Loss/l_total,0.08388352394104004
1786537962.1696284,86100,33,LR,1.663119260406585e-05
1786537970.8871398,86120,33,Loss/l_ce,0.05592703819274902
1786537970.8873653,86120,33,Loss/l_total,0.05592703819274902
1786537970.8873892,86120,33,LR,1.663119260406585e-05
1786537982.329633,86140,33,Loss/l_ce,0.06161904335021973
1786537982.3298125,86140,33,Loss/l_total,0.06161904335021973
1786537982.3298337,86140,33,LR,1.663119260406585e-05
1786537993.2151859,86160,33,Loss/l_ce,0.09766221046447754
1786537993.215421,86160,33,Loss/l_total,0.09766221046447754
1786537993.2154422,86160,33,LR,1.663119260406585e-05
1786538002.7385077,86180,33,Loss/l_ce,0.10011768341064453
1786538002.738687,86180,33,Loss/l_total,0.10011768341064453
1786538002.7387094,86180,33,LR,1.663119260406585e-05
1786538012.124082,86200,33,Loss/l_ce,0.12004375457763672
1786538012.1242518,86200,33,Loss/l_total,0.12004375457763672
1786538012.1242757,86200,33,LR,1.663119260406585e-05
1786538022.2970202,86220,33,Loss/l_ce,0.0716547966003418
1786538022.2972302,86220,33,Loss/l_total,0.0716547966003418
1786538022.2972565,86220,33,LR,1.663119260406585e-05
1786538032.435719,86240,33,Loss/l_ce,0.05500483512878418
1786538032.435866,86240,33,Loss/l_total,0.05500483512878418
1786538032.4358876,86240,33,LR,1.663119260406585e-05
1786538041.6769779,86260,33,Loss/l_ce,0.10919332504272461
1786538041.6771536,86260,33,Loss/l_total,0.10919332504272461
1786538041.6771774,86260,33,LR,1.663119260406585e-05
1786538050.6997938,86280,33,Loss/l_ce,0.06771588325500488
1786538050.6999707,86280,33,Loss/l_total,0.06771588325500488
1786538050.6999934,86280,33,LR,1.663119260406585e-05
1786538059.9120865,86300,33,Loss/l_ce,0.0634603500366211
1786538059.9122515,86300,33,Loss/l_total,0.0634603500366211
1786538059.9122741,86300,33,LR,1.663119260406585e-05
1786538070.77555,86320,33,Loss/l_ce,0.11054348945617676
1786538070.77571,86320,33,Loss/l_total,0.11054348945617676
1786538070.7757328,86320,33,LR,1.663119260406585e-05
1786538079.8503098,86340,33,Loss/l_ce,0.06878185272216797
1786538079.8504596,86340,33,Loss/l_total,0.06878185272216797
1786538079.8504822,86340,33,LR,1.663119260406585e-05
1786538089.9885435,86360,33,Loss/l_ce,0.08633756637573242
1786538089.9887085,86360,33,Loss/l_total,0.08633756637573242
1786538089.9887311,86360,33,LR,1.663119260406585e-05
1786538098.7416146,86380,33,Loss/l_ce,0.05459308624267578
1786538098.7417727,86380,33,Loss/l_total,0.05459308624267578
1786538098.7417977,86380,33,LR,1.663119260406585e-05
1786538109.4362962,86400,33,Loss/l_ce,0.09528923034667969
1786538109.4364376,86400,33,Loss/l_total,0.09528923034667969
1786538109.43646,86400,33,LR,1.663119260406585e-05
1786538117.1197069,86420,33,Loss/l_ce,0.08836960792541504
1786538117.1198673,86420,33,Loss/l_total,0.08836960792541504
1786538117.1198885,86420,33,LR,1.663119260406585e-05
1786538127.2708123,86440,33,Loss/l_ce,0.21854400634765625
1786538127.2709794,86440,33,Loss/l_total,0.21854400634765625
1786538127.2710009,86440,33,LR,1.663119260406585e-05
1786538135.6910207,86460,33,Loss/l_ce,0.06651782989501953
1786538135.6911976,86460,33,Loss/l_total,0.06651782989501953
1786538135.6912203,86460,33,LR,1.663119260406585e-05
1786538144.3763545,86480,33,Loss/l_ce,0.11066389083862305
1786538144.376509,86480,33,Loss/l_total,0.11066389083862305
1786538144.3765302,86480,33,LR,1.663119260406585e-05
1786538152.07717,86500,33,Loss/l_ce,0.11223602294921875
1786538152.0773444,86500,33,Loss/l_total,0.11223602294921875
1786538152.0773683,86500,33,LR,1.663119260406585e-05
1786538159.7403958,86520,33,Loss/l_ce,0.12159323692321777
1786538159.740548,86520,33,Loss/l_total,0.12159323692321777
1786538159.740569,86520,33,LR,1.663119260406585e-05
1786538168.4105287,86540,33,Loss/l_ce,0.10499334335327148
1786538168.4106903,86540,33,Loss/l_total,0.10499334335327148
1786538168.4107175,86540,33,LR,1.663119260406585e-05
1786538177.2545857,86560,33,Loss/l_ce,0.10151028633117676
1786538177.2548187,86560,33,Loss/l_total,0.10151028633117676
1786538177.2548413,86560,33,LR,1.663119260406585e-05
1786538184.4215431,86580,33,Loss/l_ce,0.07016372680664062
1786538184.421695,86580,33,Loss/l_total,0.07016372680664062
1786538184.4217377,86580,33,LR,1.663119260406585e-05
1786538193.1298287,86600,33,Loss/l_ce,0.10932278633117676
1786538193.129971,86600,33,Loss/l_total,0.10932278633117676
1786538193.129991,86600,33,LR,1.663119260406585e-05
1786538202.8692493,86620,33,Loss/l_ce,0.10141324996948242
1786538202.8694427,86620,33,Loss/l_total,0.10141324996948242
1786538202.8694627,86620,33,LR,1.663119260406585e-05
1786538215.6454148,86640,33,Loss/l_ce,0.07205915451049805
1786538215.645625,86640,33,Loss/l_total,0.07205915451049805
1786538215.6456547,86640,33,LR,1.663119260406585e-05
1786538225.0684135,86660,33,Loss/l_ce,0.06261658668518066
1786538225.0686507,86660,33,Loss/l_total,0.06261658668518066
1786538225.0686817,86660,33,LR,1.663119260406585e-05
1786538232.137293,86680,33,Loss/l_ce,0.08997344970703125
1786538232.1374984,86680,33,Loss/l_total,0.08997344970703125
1786538232.1375222,86680,33,LR,1.663119260406585e-05
1786538240.251546,86700,33,Loss/l_ce,0.103179931640625
1786538240.251775,86700,33,Loss/l_total,0.103179931640625
1786538240.251801,86700,33,LR,1.663119260406585e-05
1786538353.6586392,86700,33,Val/avg_error,0.008623488247394562
1786538353.6589715,86700,33,Val/acc,0.86572265625
1786538353.6589954,86700,33,Val/sparse_auc,0.9308418659248738
1786538353.659012,86700,33,Val/sparse_pck_max,0.1
1786538353.6590288,86700,33,Val/sparse_pck_n,100.0
1786538369.4116137,86720,34,Loss/l_ce,0.16362500190734863
1786538369.4118688,86720,34,Loss/l_total,0.16362500190734863
1786538369.4118903,86720,34,LR,1.4904706411523449e-05
1786538379.0072474,86740,34,Loss/l_ce,0.10581445693969727
1786538379.0074563,86740,34,Loss/l_total,0.10581445693969727
1786538379.0074787,86740,34,LR,1.4904706411523449e-05
1786538390.9750633,86760,34,Loss/l_ce,0.05608081817626953
1786538390.9752307,86760,34,Loss/l_total,0.05608081817626953
1786538390.9752533,86760,34,LR,1.4904706411523449e-05
1786538401.441233,86780,34,Loss/l_ce,0.057442665100097656
1786538401.4414916,86780,34,Loss/l_total,0.057442665100097656
1786538401.4415188,86780,34,LR,1.4904706411523449e-05
1786538414.4920106,86800,34,Loss/l_ce,0.09526443481445312
1786538414.4922576,86800,34,Loss/l_total,0.09526443481445312
1786538414.4922814,86800,34,LR,1.4904706411523449e-05
1786538425.9725056,86820,34,Loss/l_ce,0.07141685485839844
1786538425.9726586,86820,34,Loss/l_total,0.07141685485839844
1786538425.9726799,86820,34,LR,1.4904706411523449e-05
1786538435.6035218,86840,34,Loss/l_ce,0.09441566467285156
1786538435.6037495,86840,34,Loss/l_total,0.09441566467285156
1786538435.6037748,86840,34,LR,1.4904706411523449e-05
1786538446.5308208,86860,34,Loss/l_ce,0.09071969985961914
1786538446.5310023,86860,34,Loss/l_total,0.09071969985961914
1786538446.5310216,86860,34,LR,1.4904706411523449e-05
1786538457.7894998,86880,34,Loss/l_ce,0.07010364532470703
1786538457.7896776,86880,34,Loss/l_total,0.07010364532470703
1786538457.7897003,86880,34,LR,1.4904706411523449e-05
1786538471.0267136,86900,34,Loss/l_ce,0.10615420341491699
1786538471.0268703,86900,34,Loss/l_total,0.10615420341491699
1786538471.0268915,86900,34,LR,1.4904706411523449e-05
1786538482.0417027,86920,34,Loss/l_ce,0.10919308662414551
1786538482.0418544,86920,34,Loss/l_total,0.10919308662414551
1786538482.0418746,86920,34,LR,1.4904706411523449e-05
1786538492.1790226,86940,34,Loss/l_ce,0.061250925064086914
1786538492.1792006,86940,34,Loss/l_total,0.061250925064086914
1786538492.1792233,86940,34,LR,1.4904706411523449e-05
1786538505.0655823,86960,34,Loss/l_ce,0.05262565612792969
1786538505.0657535,86960,34,Loss/l_total,0.05262565612792969
1786538505.065775,86960,34,LR,1.4904706411523449e-05
1786538516.345952,86980,34,Loss/l_ce,0.06921076774597168
1786538516.3462176,86980,34,Loss/l_total,0.06921076774597168
1786538516.346245,86980,34,LR,1.4904706411523449e-05
1786538526.3310668,87000,34,Loss/l_ce,0.1002354621887207
1786538526.3312676,87000,34,Loss/l_total,0.1002354621887207
1786538526.3312888,87000,34,LR,1.4904706411523449e-05
1786538533.8890846,87020,34,Loss/l_ce,0.07209086418151855
1786538533.8892639,87020,34,Loss/l_total,0.07209086418151855
1786538533.8893044,87020,34,LR,1.4904706411523449e-05
1786538541.1194816,87040,34,Loss/l_ce,0.10039877891540527
1786538541.1196265,87040,34,Loss/l_total,0.10039877891540527
1786538541.119649,87040,34,LR,1.4904706411523449e-05
1786538548.9155173,87060,34,Loss/l_ce,0.0529482364654541
1786538548.9156647,87060,34,Loss/l_total,0.0529482364654541
1786538548.9156835,87060,34,LR,1.4904706411523449e-05
1786538557.362829,87080,34,Loss/l_ce,0.07408857345581055
1786538557.362993,87080,34,Loss/l_total,0.07408857345581055
1786538557.3630154,87080,34,LR,1.4904706411523449e-05
1786538565.3663075,87100,34,Loss/l_ce,1.3228135108947754
1786538565.3665547,87100,34,Loss/l_total,1.3228135108947754
1786538565.3665795,87100,34,LR,1.4904706411523449e-05
1786538575.9187827,87120,34,Loss/l_ce,0.07257485389709473
1786538575.918936,87120,34,Loss/l_total,0.07257485389709473
1786538575.9189587,87120,34,LR,1.4904706411523449e-05
1786538583.329733,87140,34,Loss/l_ce,0.07126975059509277
1786538583.3298788,87140,34,Loss/l_total,0.07126975059509277
1786538583.3299015,87140,34,LR,1.4904706411523449e-05
1786538590.6325417,87160,34,Loss/l_ce,0.0520319938659668
1786538590.6327188,87160,34,Loss/l_total,0.0520319938659668
1786538590.63274,87160,34,LR,1.4904706411523449e-05
1786538598.081186,87180,34,Loss/l_ce,0.07279491424560547
1786538598.0813594,87180,34,Loss/l_total,0.07279491424560547
1786538598.0813818,87180,34,LR,1.4904706411523449e-05
1786538607.8858716,87200,34,Loss/l_ce,0.05994868278503418
1786538607.8860497,87200,34,Loss/l_total,0.05994868278503418
1786538607.8860734,87200,34,LR,1.4904706411523449e-05
1786538616.2739635,87220,34,Loss/l_ce,0.07796311378479004
1786538616.2741356,87220,34,Loss/l_total,0.07796311378479004
1786538616.274158,87220,34,LR,1.4904706411523449e-05
1786538625.935276,87240,34,Loss/l_ce,0.10520458221435547
1786538625.9354494,87240,34,Loss/l_total,0.10520458221435547
1786538625.9354708,87240,34,LR,1.4904706411523449e-05
1786538633.8962889,87260,34,Loss/l_ce,0.021219730377197266
1786538633.896436,87260,34,Loss/l_total,0.021219730377197266
1786538633.8964584,87260,34,LR,1.4904706411523449e-05
1786538644.8331077,87280,34,Loss/l_ce,0.07356810569763184
1786538644.8332548,87280,34,Loss/l_total,0.07356810569763184
1786538644.833275,87280,34,LR,1.4904706411523449e-05
1786538652.1299872,87300,34,Loss/l_ce,0.07235836982727051
1786538652.1301641,87300,34,Loss/l_total,0.07235836982727051
1786538652.1301894,87300,34,LR,1.4904706411523449e-05
1786538661.359683,87320,34,Loss/l_ce,0.08354997634887695
1786538661.3598754,87320,34,Loss/l_total,0.08354997634887695
1786538661.359899,87320,34,LR,1.4904706411523449e-05
1786538670.8415911,87340,34,Loss/l_ce,0.07902789115905762
1786538670.841732,87340,34,Loss/l_total,0.07902789115905762
1786538670.841755,87340,34,LR,1.4904706411523449e-05
1786538678.4533765,87360,34,Loss/l_ce,0.07416343688964844
1786538678.4535322,87360,34,Loss/l_total,0.07416343688964844
1786538678.4535546,87360,34,LR,1.4904706411523449e-05
1786538685.571021,87380,34,Loss/l_ce,0.0786592960357666
1786538685.571191,87380,34,Loss/l_total,0.0786592960357666
1786538685.5712123,87380,34,LR,1.4904706411523449e-05
1786538694.0583196,87400,34,Loss/l_ce,0.06918978691101074
1786538694.0588007,87400,34,Loss/l_total,0.06918978691101074
1786538694.0588279,87400,34,LR,1.4904706411523449e-05
1786538703.9748733,87420,34,Loss/l_ce,0.10857415199279785
1786538703.9751298,87420,34,Loss/l_total,0.10857415199279785
1786538703.975156,87420,34,LR,1.4904706411523449e-05
1786538713.0319319,87440,34,Loss/l_ce,0.09809398651123047
1786538713.0321407,87440,34,Loss/l_total,0.09809398651123047
1786538713.0321646,87440,34,LR,1.4904706411523449e-05
1786538724.9508188,87460,34,Loss/l_ce,0.11836457252502441
1786538724.9510849,87460,34,Loss/l_total,0.11836457252502441
1786538724.9511142,87460,34,LR,1.4904706411523449e-05
1786538735.726939,87480,34,Loss/l_ce,0.09802818298339844
1786538735.7271252,87480,34,Loss/l_total,0.09802818298339844
1786538735.7271488,87480,34,LR,1.4904706411523449e-05
1786538745.7421305,87500,34,Loss/l_ce,0.07047247886657715
1786538745.7423155,87500,34,Loss/l_total,0.07047247886657715
1786538745.742343,87500,34,LR,1.4904706411523449e-05
1786538756.074212,87520,34,Loss/l_ce,0.0886831283569336
1786538756.0744197,87520,34,Loss/l_total,0.0886831283569336
1786538756.0744421,87520,34,LR,1.4904706411523449e-05
1786538767.3468397,87540,34,Loss/l_ce,0.10735177993774414
1786538767.3469985,87540,34,Loss/l_total,0.10735177993774414
1786538767.347021,87540,34,LR,1.4904706411523449e-05
1786538774.1473258,87560,34,Loss/l_ce,0.21961712837219238
1786538774.1474931,87560,34,Loss/l_total,0.21961712837219238
1786538774.147517,87560,34,LR,1.4904706411523449e-05
1786538782.0498025,87580,34,Loss/l_ce,0.07098078727722168
1786538782.0499582,87580,34,Loss/l_total,0.07098078727722168
1786538782.0499806,87580,34,LR,1.4904706411523449e-05
1786538789.7458625,87600,34,Loss/l_ce,0.0994575023651123
1786538789.746114,87600,34,Loss/l_total,0.0994575023651123
1786538789.746145,87600,34,LR,1.4904706411523449e-05
1786538798.919126,87620,34,Loss/l_ce,0.08229923248291016
1786538798.9192793,87620,34,Loss/l_total,0.08229923248291016
1786538798.919302,87620,34,LR,1.4904706411523449e-05
1786538807.6512794,87640,34,Loss/l_ce,0.08183097839355469
1786538807.6514537,87640,34,Loss/l_total,0.08183097839355469
1786538807.6514797,87640,34,LR,1.4904706411523449e-05
1786538820.0573914,87660,34,Loss/l_ce,0.06317520141601562
1786538820.0575373,87660,34,Loss/l_total,0.06317520141601562
1786538820.0575576,87660,34,LR,1.4904706411523449e-05
1786538829.0131357,87680,34,Loss/l_ce,0.10619401931762695
1786538829.013296,87680,34,Loss/l_total,0.10619401931762695
1786538829.0133185,87680,34,LR,1.4904706411523449e-05
1786538838.5943358,87700,34,Loss/l_ce,0.10432815551757812
1786538838.5944915,87700,34,Loss/l_total,0.10432815551757812
1786538838.5945127,87700,34,LR,1.4904706411523449e-05
1786538846.5478106,87720,34,Loss/l_ce,0.756786584854126
1786538846.547966,87720,34,Loss/l_total,0.756786584854126
1786538846.5479875,87720,34,LR,1.4904706411523449e-05
1786538859.3079631,87740,34,Loss/l_ce,0.06003522872924805
1786538859.3081613,87740,34,Loss/l_total,0.06003522872924805
1786538859.3081875,87740,34,LR,1.4904706411523449e-05
1786538867.9779449,87760,34,Loss/l_ce,0.11275053024291992
1786538867.9781313,87760,34,Loss/l_total,0.11275053024291992
1786538867.9781582,87760,34,LR,1.4904706411523449e-05
1786538877.414669,87780,34,Loss/l_ce,0.09247040748596191
1786538877.41484,87780,34,Loss/l_total,0.09247040748596191
1786538877.4148638,87780,34,LR,1.4904706411523449e-05
1786538888.7395742,87800,34,Loss/l_ce,0.08438587188720703
1786538888.7397308,87800,34,Loss/l_total,0.08438587188720703
1786538888.7397535,87800,34,LR,1.4904706411523449e-05
1786538897.9106035,87820,34,Loss/l_ce,0.07339978218078613
1786538897.910746,87820,34,Loss/l_total,0.07339978218078613
1786538897.9107697,87820,34,LR,1.4904706411523449e-05
1786538910.5854445,87840,34,Loss/l_ce,0.10573148727416992
1786538910.5856342,87840,34,Loss/l_total,0.10573148727416992
1786538910.585657,87840,34,LR,1.4904706411523449e-05
1786538919.7151651,87860,34,Loss/l_ce,0.2450881004333496
1786538919.7154384,87860,34,Loss/l_total,0.2450881004333496
1786538919.7154644,87860,34,LR,1.4904706411523449e-05
1786538927.1119714,87880,34,Loss/l_ce,0.28385090827941895
1786538927.1122537,87880,34,Loss/l_total,0.28385090827941895
1786538927.1122859,87880,34,LR,1.4904706411523449e-05
1786538933.9797404,87900,34,Loss/l_ce,0.054448604583740234
1786538933.979909,87900,34,Loss/l_total,0.054448604583740234
1786538933.979934,87900,34,LR,1.4904706411523449e-05
1786538942.800562,87920,34,Loss/l_ce,0.055632591247558594
1786538942.800765,87920,34,Loss/l_total,0.055632591247558594
1786538942.8007874,87920,34,LR,1.4904706411523449e-05
1786538950.52946,87940,34,Loss/l_ce,0.09099125862121582
1786538950.529613,87940,34,Loss/l_total,0.09099125862121582
1786538950.5296345,87940,34,LR,1.4904706411523449e-05
1786538963.0035102,87960,34,Loss/l_ce,0.13736748695373535
1786538963.0037181,87960,34,Loss/l_total,0.13736748695373535
1786538963.0037444,87960,34,LR,1.4904706411523449e-05
1786538971.904213,87980,34,Loss/l_ce,0.17783784866333008
1786538971.904372,87980,34,Loss/l_total,0.17783784866333008
1786538971.9043922,87980,34,LR,1.4904706411523449e-05
1786538980.1007066,88000,34,Loss/l_ce,0.0873568058013916
1786538980.100893,88000,34,Loss/l_total,0.0873568058013916
1786538980.100918,88000,34,LR,1.4904706411523449e-05
1786538991.914973,88020,34,Loss/l_ce,0.13575339317321777
1786538991.9151735,88020,34,Loss/l_total,0.13575339317321777
1786538991.9151998,88020,34,LR,1.4904706411523449e-05
1786539001.346427,88040,34,Loss/l_ce,0.278501033782959
1786539001.3465776,88040,34,Loss/l_total,0.278501033782959
1786539001.3466003,88040,34,LR,1.4904706411523449e-05
1786539014.471645,88060,34,Loss/l_ce,0.06309700012207031
1786539014.47181,88060,34,Loss/l_total,0.06309700012207031
1786539014.4718316,88060,34,LR,1.4904706411523449e-05
1786539026.0882375,88080,34,Loss/l_ce,0.10146212577819824
1786539026.0884085,88080,34,Loss/l_total,0.10146212577819824
1786539026.0884373,88080,34,LR,1.4904706411523449e-05
1786539034.1667356,88100,34,Loss/l_ce,0.08941388130187988
1786539034.1669102,88100,34,Loss/l_total,0.08941388130187988
1786539034.166935,88100,34,LR,1.4904706411523449e-05
1786539044.466205,88120,34,Loss/l_ce,0.05811333656311035
1786539044.4663603,88120,34,Loss/l_total,0.05811333656311035
1786539044.4663842,88120,34,LR,1.4904706411523449e-05
1786539055.8531666,88140,34,Loss/l_ce,0.09800910949707031
1786539055.8533268,88140,34,Loss/l_total,0.09800910949707031
1786539055.8533459,88140,34,LR,1.4904706411523449e-05
1786539065.5475278,88160,34,Loss/l_ce,0.09614133834838867
1786539065.547713,88160,34,Loss/l_total,0.09614133834838867
1786539065.5477355,88160,34,LR,1.4904706411523449e-05
1786539078.869307,88180,34,Loss/l_ce,0.09444665908813477
1786539078.8694818,88180,34,Loss/l_total,0.09444665908813477
1786539078.8695068,88180,34,LR,1.4904706411523449e-05
1786539088.5390537,88200,34,Loss/l_ce,0.0853877067565918
1786539088.5392008,88200,34,Loss/l_total,0.0853877067565918
1786539088.5392232,88200,34,LR,1.4904706411523449e-05
1786539097.6273522,88220,34,Loss/l_ce,0.41254663467407227
1786539097.6275017,88220,34,Loss/l_total,0.41254663467407227
1786539097.6275268,88220,34,LR,1.4904706411523449e-05
1786539106.3132782,88240,34,Loss/l_ce,0.07457590103149414
1786539106.3134217,88240,34,Loss/l_total,0.07457590103149414
1786539106.3134444,88240,34,LR,1.4904706411523449e-05
1786539115.1367369,88260,34,Loss/l_ce,0.029700517654418945
1786539115.1368864,88260,34,Loss/l_total,0.029700517654418945
1786539115.13691,88260,34,LR,1.4904706411523449e-05
1786539128.4477475,88280,34,Loss/l_ce,0.06323099136352539
1786539128.447908,88280,34,Loss/l_total,0.06323099136352539
1786539128.4479318,88280,34,LR,1.4904706411523449e-05
1786539136.3757367,88300,34,Loss/l_ce,0.10430693626403809
1786539136.37589,88300,34,Loss/l_total,0.10430693626403809
1786539136.3759127,88300,34,LR,1.4904706411523449e-05
1786539145.275374,88320,34,Loss/l_ce,0.10152816772460938
1786539145.2755637,88320,34,Loss/l_total,0.10152816772460938
1786539145.275591,88320,34,LR,1.4904706411523449e-05
1786539155.9467475,88340,34,Loss/l_ce,0.15289092063903809
1786539155.9469116,88340,34,Loss/l_total,0.15289092063903809
1786539155.946934,88340,34,LR,1.4904706411523449e-05
1786539165.619785,88360,34,Loss/l_ce,0.06913495063781738
1786539165.6199608,88360,34,Loss/l_total,0.06913495063781738
1786539165.6199846,88360,34,LR,1.4904706411523449e-05
1786539177.0125015,88380,34,Loss/l_ce,0.13457679748535156
1786539177.012689,88380,34,Loss/l_total,0.13457679748535156
1786539177.012713,88380,34,LR,1.4904706411523449e-05
1786539184.5839734,88400,34,Loss/l_ce,0.06801509857177734
1786539184.5841336,88400,34,Loss/l_total,0.06801509857177734
1786539184.5841563,88400,34,LR,1.4904706411523449e-05
1786539191.3821495,88420,34,Loss/l_ce,0.11438989639282227
1786539191.3823264,88420,34,Loss/l_total,0.11438989639282227
1786539191.3823476,88420,34,LR,1.4904706411523449e-05
1786539198.6912806,88440,34,Loss/l_ce,0.0830223560333252
1786539198.6914978,88440,34,Loss/l_total,0.0830223560333252
1786539198.6915202,88440,34,LR,1.4904706411523449e-05
1786539205.8822715,88460,34,Loss/l_ce,0.0625460147857666
1786539205.8824246,88460,34,Loss/l_total,0.0625460147857666
1786539205.882447,88460,34,LR,1.4904706411523449e-05
1786539213.085,88480,34,Loss/l_ce,0.10919952392578125
1786539213.085184,88480,34,Loss/l_total,0.10919952392578125
1786539213.0852075,88480,34,LR,1.4904706411523449e-05
1786539220.2336462,88500,34,Loss/l_ce,0.07754898071289062
1786539220.2340913,88500,34,Loss/l_total,0.07754898071289062
1786539220.2341197,88500,34,LR,1.4904706411523449e-05
1786539227.9392052,88520,34,Loss/l_ce,0.08125424385070801
1786539227.9393713,88520,34,Loss/l_total,0.08125424385070801
1786539227.9393952,88520,34,LR,1.4904706411523449e-05
1786539235.2961822,88540,34,Loss/l_ce,0.09281754493713379
1786539235.296377,88540,34,Loss/l_total,0.09281754493713379
1786539235.2964077,88540,34,LR,1.4904706411523449e-05
1786539242.9087229,88560,34,Loss/l_ce,0.11143231391906738
1786539242.9089012,88560,34,Loss/l_total,0.11143231391906738
1786539242.9089248,88560,34,LR,1.4904706411523449e-05
1786539252.1386611,88580,34,Loss/l_ce,0.09899592399597168
1786539252.1388297,88580,34,Loss/l_total,0.09899592399597168
1786539252.1388547,88580,34,LR,1.4904706411523449e-05
1786539258.7459898,88600,34,Loss/l_ce,0.06933116912841797
1786539258.7461975,88600,34,Loss/l_total,0.06933116912841797
1786539258.7462213,88600,34,LR,1.4904706411523449e-05
1786539265.6483169,88620,34,Loss/l_ce,0.1134195327758789
1786539265.648489,88620,34,Loss/l_total,0.1134195327758789
1786539265.6485116,88620,34,LR,1.4904706411523449e-05
1786539272.2032895,88640,34,Loss/l_ce,0.3635895252227783
1786539272.2034926,88640,34,Loss/l_total,0.3635895252227783
1786539272.2035198,88640,34,LR,1.4904706411523449e-05
1786539280.196648,88660,34,Loss/l_ce,0.06833028793334961
1786539280.19682,88660,34,Loss/l_total,0.06833028793334961
1786539280.1968448,88660,34,LR,1.4904706411523449e-05
1786539286.9936492,88680,34,Loss/l_ce,0.11485767364501953
1786539286.9938333,88680,34,Loss/l_total,0.11485767364501953
1786539286.9938567,88680,34,LR,1.4904706411523449e-05
1786539295.3315067,88700,34,Loss/l_ce,0.08961033821105957
1786539295.3316765,88700,34,Loss/l_total,0.08961033821105957
1786539295.331699,88700,34,LR,1.4904706411523449e-05
1786539305.237114,88720,34,Loss/l_ce,0.07839775085449219
1786539305.2372859,88720,34,Loss/l_total,0.07839775085449219
1786539305.2373085,88720,34,LR,1.4904706411523449e-05
1786539313.5940702,88740,34,Loss/l_ce,0.08236861228942871
1786539313.5942268,88740,34,Loss/l_total,0.08236861228942871
1786539313.594247,88740,34,LR,1.4904706411523449e-05
1786539323.2891088,88760,34,Loss/l_ce,0.13617348670959473
1786539323.2892666,88760,34,Loss/l_total,0.13617348670959473
1786539323.2892892,88760,34,LR,1.4904706411523449e-05
1786539333.3428655,88780,34,Loss/l_ce,0.07868766784667969
1786539333.343022,88780,34,Loss/l_total,0.07868766784667969
1786539333.3430648,88780,34,LR,1.4904706411523449e-05
1786539345.9674082,88800,34,Loss/l_ce,0.0644686222076416
1786539345.9675827,88800,34,Loss/l_total,0.0644686222076416
1786539345.9676075,88800,34,LR,1.4904706411523449e-05
1786539356.1096742,88820,34,Loss/l_ce,0.03851509094238281
1786539356.1098392,88820,34,Loss/l_total,0.03851509094238281
1786539356.1098619,88820,34,LR,1.4904706411523449e-05
1786539365.9410808,88840,34,Loss/l_ce,0.05156302452087402
1786539365.9412532,88840,34,Loss/l_total,0.05156302452087402
1786539365.9412756,88840,34,LR,1.4904706411523449e-05
1786539377.4250917,88860,34,Loss/l_ce,0.07317233085632324
1786539377.4252985,88860,34,Loss/l_total,0.07317233085632324
1786539377.4253235,88860,34,LR,1.4904706411523449e-05
1786539385.8722916,88880,34,Loss/l_ce,0.060681819915771484
1786539385.872465,88880,34,Loss/l_total,0.060681819915771484
1786539385.8724947,88880,34,LR,1.4904706411523449e-05
1786539393.3284016,88900,34,Loss/l_ce,0.07333946228027344
1786539393.3285952,88900,34,Loss/l_total,0.07333946228027344
1786539393.3286164,88900,34,LR,1.4904706411523449e-05
1786539403.8855276,88920,34,Loss/l_ce,0.07031512260437012
1786539403.8857102,88920,34,Loss/l_total,0.07031512260437012
1786539403.8857317,88920,34,LR,1.4904706411523449e-05
1786539413.6915312,88940,34,Loss/l_ce,0.06611204147338867
1786539413.6917222,88940,34,Loss/l_total,0.06611204147338867
1786539413.691745,88940,34,LR,1.4904706411523449e-05
1786539424.6533082,88960,34,Loss/l_ce,0.0538175106048584
1786539424.653504,88960,34,Loss/l_total,0.0538175106048584
1786539424.6535265,88960,34,LR,1.4904706411523449e-05
1786539437.7623804,88980,34,Loss/l_ce,0.08964824676513672
1786539437.7626178,88980,34,Loss/l_total,0.08964824676513672
1786539437.7626379,88980,34,LR,1.4904706411523449e-05
1786539446.477227,89000,34,Loss/l_ce,0.09382295608520508
1786539446.4774005,89000,34,Loss/l_total,0.09382295608520508
1786539446.4774218,89000,34,LR,1.4904706411523449e-05
1786539456.8888898,89020,34,Loss/l_ce,0.08113217353820801
1786539456.8891888,89020,34,Loss/l_total,0.08113217353820801
1786539456.889215,89020,34,LR,1.4904706411523449e-05
1786539465.1827843,89040,34,Loss/l_ce,0.029469013214111328
1786539465.1830702,89040,34,Loss/l_total,0.029469013214111328
1786539465.1834977,89040,34,LR,1.4904706411523449e-05
1786539474.7372081,89060,34,Loss/l_ce,0.07760739326477051
1786539474.7373683,89060,34,Loss/l_total,0.07760739326477051
1786539474.7373931,89060,34,LR,1.4904706411523449e-05
1786539484.998753,89080,34,Loss/l_ce,0.10268402099609375
1786539484.998912,89080,34,Loss/l_total,0.10268402099609375
1786539484.9989371,89080,34,LR,1.4904706411523449e-05
1786539493.8013434,89100,34,Loss/l_ce,0.13146257400512695
1786539493.8015394,89100,34,Loss/l_total,0.13146257400512695
1786539493.801563,89100,34,LR,1.4904706411523449e-05
1786539505.4210017,89120,34,Loss/l_ce,0.09956169128417969
1786539505.421258,89120,34,Loss/l_total,0.09956169128417969
1786539505.4212854,89120,34,LR,1.4904706411523449e-05
1786539514.234602,89140,34,Loss/l_ce,0.08875012397766113
1786539514.2347991,89140,34,Loss/l_total,0.08875012397766113
1786539514.2348287,89140,34,LR,1.4904706411523449e-05
1786539525.034997,89160,34,Loss/l_ce,0.06639456748962402
1786539525.0351632,89160,34,Loss/l_total,0.06639456748962402
1786539525.0351856,89160,34,LR,1.4904706411523449e-05
1786539538.1054497,89180,34,Loss/l_ce,0.08774566650390625
1786539538.1056337,89180,34,Loss/l_total,0.08774566650390625
1786539538.1056585,89180,34,LR,1.4904706411523449e-05
1786539549.492895,89200,34,Loss/l_ce,0.0979924201965332
1786539549.493104,89200,34,Loss/l_total,0.0979924201965332
1786539549.4931288,89200,34,LR,1.4904706411523449e-05
1786539561.27254,89220,34,Loss/l_ce,0.025288105010986328
1786539561.2728107,89220,34,Loss/l_total,0.025288105010986328
1786539561.2728345,89220,34,LR,1.4904706411523449e-05
1786539569.2152824,89240,34,Loss/l_ce,0.07871699333190918
1786539569.2155068,89240,34,Loss/l_total,0.07871699333190918
1786539569.215534,89240,34,LR,1.4904706411523449e-05
1786539690.0892727,89250,34,Val/avg_error,0.010031713172793388
1786539690.0895696,89250,34,Val/acc,0.84951171875
1786539690.0895934,89250,34,Val/sparse_auc,0.9226964468907829
1786539690.0896113,89250,34,Val/sparse_pck_max,0.1
1786539690.089628,89250,34,Val/sparse_pck_n,100.0
1786539698.0299973,89260,35,Loss/l_ce,0.08857870101928711
1786539698.03027,89260,35,Loss/l_total,0.08857870101928711
1786539698.0302927,89260,35,LR,1.3425421036992097e-05
1786539708.5064948,89280,35,Loss/l_ce,0.1000065803527832
1786539708.506655,89280,35,Loss/l_total,0.1000065803527832
1786539708.5066764,89280,35,LR,1.3425421036992097e-05
1786539716.9301353,89300,35,Loss/l_ce,0.13122892379760742
1786539716.9303193,89300,35,Loss/l_total,0.13122892379760742
1786539716.9303455,89300,35,LR,1.3425421036992097e-05
1786539728.13802,89320,35,Loss/l_ce,0.06175732612609863
1786539728.1383383,89320,35,Loss/l_total,0.06175732612609863
1786539728.1383657,89320,35,LR,1.3425421036992097e-05
1786539736.5945075,89340,35,Loss/l_ce,0.10349225997924805
1786539736.5946689,89340,35,Loss/l_total,0.10349225997924805
1786539736.5946913,89340,35,LR,1.3425421036992097e-05
1786539743.5103943,89360,35,Loss/l_ce,0.13538217544555664
1786539743.5106094,89360,35,Loss/l_total,0.13538217544555664
1786539743.5106332,89360,35,LR,1.3425421036992097e-05
1786539751.8202927,89380,35,Loss/l_ce,0.09864234924316406
1786539751.8204458,89380,35,Loss/l_total,0.09864234924316406
1786539751.8204672,89380,35,LR,1.3425421036992097e-05
1786539760.4486337,89400,35,Loss/l_ce,0.06543588638305664
1786539760.4488533,89400,35,Loss/l_total,0.06543588638305664
1786539760.448877,89400,35,LR,1.3425421036992097e-05
1786539771.2463095,89420,35,Loss/l_ce,0.09837484359741211
1786539771.2465413,89420,35,Loss/l_total,0.09837484359741211
1786539771.246566,89420,35,LR,1.3425421036992097e-05
1786539785.0222883,89440,35,Loss/l_ce,0.16199398040771484
1786539785.022444,89440,35,Loss/l_total,0.16199398040771484
1786539785.0224667,89440,35,LR,1.3425421036992097e-05
1786539795.3952708,89460,35,Loss/l_ce,0.09848546981811523
1786539795.3957362,89460,35,Loss/l_total,0.09848546981811523
1786539795.3957636,89460,35,LR,1.3425421036992097e-05
1786539805.6541271,89480,35,Loss/l_ce,0.09693193435668945
1786539805.65429,89480,35,Loss/l_total,0.09693193435668945
1786539805.6543112,89480,35,LR,1.3425421036992097e-05
1786539818.5351136,89500,35,Loss/l_ce,0.053122520446777344
1786539818.5353153,89500,35,Loss/l_total,0.053122520446777344
1786539818.535339,89500,35,LR,1.3425421036992097e-05
1786539829.0851939,89520,35,Loss/l_ce,0.083984375
1786539829.0853493,89520,35,Loss/l_total,0.083984375
1786539829.085372,89520,35,LR,1.3425421036992097e-05
1786539840.3007243,89540,35,Loss/l_ce,0.0613703727722168
1786539840.3009057,89540,35,Loss/l_total,0.0613703727722168
1786539840.3009295,89540,35,LR,1.3425421036992097e-05
1786539851.4264274,89560,35,Loss/l_ce,0.05774116516113281
1786539851.4266124,89560,35,Loss/l_total,0.05774116516113281
1786539851.426634,89560,35,LR,1.3425421036992097e-05
1786539862.6542497,89580,35,Loss/l_ce,0.07027387619018555
1786539862.6544373,89580,35,Loss/l_total,0.07027387619018555
1786539862.654461,89580,35,LR,1.3425421036992097e-05
1786539874.3526251,89600,35,Loss/l_ce,0.07482004165649414
1786539874.3528283,89600,35,Loss/l_total,0.07482004165649414
1786539874.3528519,89600,35,LR,1.3425421036992097e-05
1786539887.1588228,89620,35,Loss/l_ce,0.14598631858825684
1786539887.1589985,89620,35,Loss/l_total,0.14598631858825684
1786539887.1590211,89620,35,LR,1.3425421036992097e-05
1786539896.2484598,89640,35,Loss/l_ce,0.07966947555541992
1786539896.2486699,89640,35,Loss/l_total,0.07966947555541992
1786539896.2486937,89640,35,LR,1.3425421036992097e-05
1786539907.0718331,89660,35,Loss/l_ce,0.08877992630004883
1786539907.0720978,89660,35,Loss/l_total,0.08877992630004883
1786539907.0721312,89660,35,LR,1.3425421036992097e-05
1786539916.2697575,89680,35,Loss/l_ce,0.05550503730773926
1786539916.2699106,89680,35,Loss/l_total,0.05550503730773926
1786539916.269933,89680,35,LR,1.3425421036992097e-05
1786539927.4690754,89700,35,Loss/l_ce,0.11746072769165039
1786539927.469256,89700,35,Loss/l_total,0.11746072769165039
1786539927.4692771,89700,35,LR,1.3425421036992097e-05
1786539937.3120847,89720,35,Loss/l_ce,0.07264018058776855
1786539937.31225,89720,35,Loss/l_total,0.07264018058776855
1786539937.3122714,89720,35,LR,1.3425421036992097e-05
1786539945.7007499,89740,35,Loss/l_ce,0.116424560546875
1786539945.700929,89740,35,Loss/l_total,0.116424560546875
1786539945.70096,89740,35,LR,1.3425421036992097e-05
1786539955.4471872,89760,35,Loss/l_ce,0.10419511795043945
1786539955.447357,89760,35,Loss/l_total,0.10419511795043945
1786539955.4473794,89760,35,LR,1.3425421036992097e-05
1786539966.1457226,89780,35,Loss/l_ce,0.07314920425415039
1786539966.145902,89780,35,Loss/l_total,0.07314920425415039
1786539966.145922,89780,35,LR,1.3425421036992097e-05
1786539979.3905368,89800,35,Loss/l_ce,0.06652355194091797
1786539979.390735,89800,35,Loss/l_total,0.06652355194091797
1786539979.3907776,89800,35,LR,1.3425421036992097e-05
1786539989.2393782,89820,35,Loss/l_ce,0.1009225845336914
1786539989.2395954,89820,35,Loss/l_total,0.1009225845336914
1786539989.239617,89820,35,LR,1.3425421036992097e-05
1786539998.1890597,89840,35,Loss/l_ce,0.06449079513549805
1786539998.1892498,89840,35,Loss/l_total,0.06449079513549805
1786539998.1892745,89840,35,LR,1.3425421036992097e-05
1786540007.5528207,89860,35,Loss/l_ce,0.19182610511779785
1786540007.553025,89860,35,Loss/l_total,0.19182610511779785
1786540007.5532374,89860,35,LR,1.3425421036992097e-05
1786540019.0477717,89880,35,Loss/l_ce,0.06148672103881836
1786540019.0479639,89880,35,Loss/l_total,0.06148672103881836
1786540019.0479865,89880,35,LR,1.3425421036992097e-05
1786540025.8166556,89900,35,Loss/l_ce,0.06754541397094727
1786540025.8168266,89900,35,Loss/l_total,0.06754541397094727
1786540025.8168504,89900,35,LR,1.3425421036992097e-05
1786540033.5237346,89920,35,Loss/l_ce,0.07085251808166504
1786540033.5239213,89920,35,Loss/l_total,0.07085251808166504
1786540033.5239437,89920,35,LR,1.3425421036992097e-05
1786540042.6877024,89940,35,Loss/l_ce,0.10760068893432617
1786540042.6879234,89940,35,Loss/l_total,0.10760068893432617
1786540042.6879482,89940,35,LR,1.3425421036992097e-05
1786540053.413894,89960,35,Loss/l_ce,0.0869455337524414
1786540053.4140933,89960,35,Loss/l_total,0.0869455337524414
1786540053.4141266,89960,35,LR,1.3425421036992097e-05
1786540065.8383868,89980,35,Loss/l_ce,0.14410924911499023
1786540065.8385756,89980,35,Loss/l_total,0.14410924911499023
1786540065.8385992,89980,35,LR,1.3425421036992097e-05
1786540075.5464,90000,35,Loss/l_ce,0.09565043449401855
1786540075.5465817,90000,35,Loss/l_total,0.09565043449401855
1786540075.5466044,90000,35,LR,1.3425421036992097e-05
1786540084.6356564,90020,35,Loss/l_ce,0.07394623756408691
1786540084.6358287,90020,35,Loss/l_total,0.07394623756408691
1786540084.63585,90020,35,LR,1.3425421036992097e-05
1786540092.7015142,90040,35,Loss/l_ce,0.23453235626220703
1786540092.7016795,90040,35,Loss/l_total,0.23453235626220703
1786540092.7017055,90040,35,LR,1.3425421036992097e-05
1786540099.9215143,90060,35,Loss/l_ce,0.07022905349731445
1786540099.921728,90060,35,Loss/l_total,0.07022905349731445
1786540099.9217541,90060,35,LR,1.3425421036992097e-05
1786540109.601851,90080,35,Loss/l_ce,0.05971550941467285
1786540109.6020503,90080,35,Loss/l_total,0.05971550941467285
1786540109.602074,90080,35,LR,1.3425421036992097e-05
1786540117.5685637,90100,35,Loss/l_ce,0.0685889720916748
1786540117.5687609,90100,35,Loss/l_total,0.0685889720916748
1786540117.5687845,90100,35,LR,1.3425421036992097e-05
1786540125.0201252,90120,35,Loss/l_ce,0.12494182586669922
1786540125.0202844,90120,35,Loss/l_total,0.12494182586669922
1786540125.0203092,90120,35,LR,1.3425421036992097e-05
1786540132.28969,90140,35,Loss/l_ce,0.046967267990112305
1786540132.2898624,90140,35,Loss/l_total,0.046967267990112305
1786540132.289885,90140,35,LR,1.3425421036992097e-05
1786540141.331139,90160,35,Loss/l_ce,0.1096796989440918
1786540141.331304,90160,35,Loss/l_total,0.1096796989440918
1786540141.3313303,90160,35,LR,1.3425421036992097e-05
1786540150.5514338,90180,35,Loss/l_ce,0.10283303260803223
1786540150.5516,90180,35,Loss/l_total,0.10283303260803223
1786540150.5516212,90180,35,LR,1.3425421036992097e-05
1786540157.8782806,90200,35,Loss/l_ce,0.1109926700592041
1786540157.8784328,90200,35,Loss/l_total,0.1109926700592041
1786540157.8784554,90200,35,LR,1.3425421036992097e-05
1786540169.4267266,90220,35,Loss/l_ce,0.057359933853149414
1786540169.426925,90220,35,Loss/l_total,0.057359933853149414
1786540169.4269476,90220,35,LR,1.3425421036992097e-05
1786540177.923533,90240,35,Loss/l_ce,0.22886991500854492
1786540177.9237883,90240,35,Loss/l_total,0.22886991500854492
1786540177.9238107,90240,35,LR,1.3425421036992097e-05
1786540186.2005217,90260,35,Loss/l_ce,0.12640070915222168
1786540186.2006996,90260,35,Loss/l_total,0.12640070915222168
1786540186.2007248,90260,35,LR,1.3425421036992097e-05
1786540195.2429488,90280,35,Loss/l_ce,0.07971620559692383
1786540195.243177,90280,35,Loss/l_total,0.07971620559692383
1786540195.2431996,90280,35,LR,1.3425421036992097e-05
1786540204.9312332,90300,35,Loss/l_ce,0.057358503341674805
1786540204.9314232,90300,35,Loss/l_total,0.057358503341674805
1786540204.931447,90300,35,LR,1.3425421036992097e-05
1786540217.2082076,90320,35,Loss/l_ce,0.03259539604187012
1786540217.2084165,90320,35,Loss/l_total,0.03259539604187012
1786540217.208438,90320,35,LR,1.3425421036992097e-05
1786540227.8691301,90340,35,Loss/l_ce,0.07691788673400879
1786540227.8693733,90340,35,Loss/l_total,0.07691788673400879
1786540227.8693972,90340,35,LR,1.3425421036992097e-05
1786540238.6504564,90360,35,Loss/l_ce,0.06413483619689941
1786540238.6506724,90360,35,Loss/l_total,0.06413483619689941
1786540238.6506963,90360,35,LR,1.3425421036992097e-05
1786540248.3511217,90380,35,Loss/l_ce,0.06408953666687012
1786540248.351282,90380,35,Loss/l_total,0.06408953666687012
1786540248.3513033,90380,35,LR,1.3425421036992097e-05
1786540257.8500826,90400,35,Loss/l_ce,0.215714693069458
1786540257.850262,90400,35,Loss/l_total,0.215714693069458
1786540257.850287,90400,35,LR,1.3425421036992097e-05
1786540265.5934384,90420,35,Loss/l_ce,0.06664061546325684
1786540265.5938277,90420,35,Loss/l_total,0.06664061546325684
1786540265.5941746,90420,35,LR,1.3425421036992097e-05
1786540277.1715825,90440,35,Loss/l_ce,0.08375382423400879
1786540277.1718462,90440,35,Loss/l_total,0.08375382423400879
1786540277.171871,90440,35,LR,1.3425421036992097e-05
1786540284.1819565,90460,35,Loss/l_ce,0.045574188232421875
1786540284.1821785,90460,35,Loss/l_total,0.045574188232421875
1786540284.1822047,90460,35,LR,1.3425421036992097e-05
1786540292.2128499,90480,35,Loss/l_ce,0.09861087799072266
1786540292.213053,90480,35,Loss/l_total,0.09861087799072266
1786540292.213079,90480,35,LR,1.3425421036992097e-05
1786540302.1923516,90500,35,Loss/l_ce,0.09704160690307617
1786540302.1925378,90500,35,Loss/l_total,0.09704160690307617
1786540302.1925604,90500,35,LR,1.3425421036992097e-05
1786540313.0915582,90520,35,Loss/l_ce,0.10614418983459473
1786540313.0917292,90520,35,Loss/l_total,0.10614418983459473
1786540313.0917494,90520,35,LR,1.3425421036992097e-05
1786540324.0328212,90540,35,Loss/l_ce,0.061959266662597656
1786540324.0330193,90540,35,Loss/l_total,0.061959266662597656
1786540324.0330706,90540,35,LR,1.3425421036992097e-05
1786540331.6687627,90560,35,Loss/l_ce,0.06226062774658203
1786540331.6689432,90560,35,Loss/l_total,0.06226062774658203
1786540331.668968,90560,35,LR,1.3425421036992097e-05
1786540342.1543114,90580,35,Loss/l_ce,0.1045675277709961
1786540342.1544812,90580,35,Loss/l_total,0.1045675277709961
1786540342.1545014,90580,35,LR,1.3425421036992097e-05
1786540353.0752788,90600,35,Loss/l_ce,0.08179044723510742
1786540353.0754795,90600,35,Loss/l_total,0.08179044723510742
1786540353.0755079,90600,35,LR,1.3425421036992097e-05
1786540362.0034366,90620,35,Loss/l_ce,0.06055712699890137
1786540362.0036147,90620,35,Loss/l_total,0.06055712699890137
1786540362.0036383,90620,35,LR,1.3425421036992097e-05
1786540373.2855158,90640,35,Loss/l_ce,0.0545501708984375
1786540373.2856953,90640,35,Loss/l_total,0.0545501708984375
1786540373.2857187,90640,35,LR,1.3425421036992097e-05
1786540384.7184088,90660,35,Loss/l_ce,0.06967544555664062
1786540384.718589,90660,35,Loss/l_total,0.06967544555664062
1786540384.7186117,90660,35,LR,1.3425421036992097e-05
1786540396.8647158,90680,35,Loss/l_ce,0.16519665718078613
1786540396.864894,90680,35,Loss/l_total,0.16519665718078613
1786540396.8649187,90680,35,LR,1.3425421036992097e-05
1786540409.6606839,90700,35,Loss/l_ce,0.033754825592041016
1786540409.660919,90700,35,Loss/l_total,0.033754825592041016
1786540409.6609426,90700,35,LR,1.3425421036992097e-05
1786540422.2861042,90720,35,Loss/l_ce,0.14667630195617676
1786540422.286311,90720,35,Loss/l_total,0.14667630195617676
1786540422.2863371,90720,35,LR,1.3425421036992097e-05
1786540436.1525748,90740,35,Loss/l_ce,0.0618133544921875
1786540436.152907,90740,35,Loss/l_total,0.0618133544921875
1786540436.1529322,90740,35,LR,1.3425421036992097e-05
1786540444.7463772,90760,35,Loss/l_ce,0.06723666191101074
1786540444.7465603,90760,35,Loss/l_total,0.06723666191101074
1786540444.7465827,90760,35,LR,1.3425421036992097e-05
1786540453.1116593,90780,35,Loss/l_ce,0.3248779773712158
1786540453.1118803,90780,35,Loss/l_total,0.3248779773712158
1786540453.1119099,90780,35,LR,1.3425421036992097e-05
1786540462.4097006,90800,35,Loss/l_ce,0.04991555213928223
1786540462.4098988,90800,35,Loss/l_total,0.04991555213928223
1786540462.4104605,90800,35,LR,1.3425421036992097e-05
1786540471.822748,90820,35,Loss/l_ce,0.11321234703063965
1786540471.822918,90820,35,Loss/l_total,0.11321234703063965
1786540471.8229403,90820,35,LR,1.3425421036992097e-05
1786540480.2482033,90840,35,Loss/l_ce,0.10073256492614746
1786540480.2483943,90840,35,Loss/l_total,0.10073256492614746
1786540480.2484264,90840,35,LR,1.3425421036992097e-05
1786540488.0819314,90860,35,Loss/l_ce,0.07527375221252441
1786540488.0821176,90860,35,Loss/l_total,0.07527375221252441
1786540488.0821414,90860,35,LR,1.3425421036992097e-05
1786540497.4907756,90880,35,Loss/l_ce,0.08129286766052246
1786540497.4909515,90880,35,Loss/l_total,0.08129286766052246
1786540497.4909763,90880,35,LR,1.3425421036992097e-05
1786540507.3053553,90900,35,Loss/l_ce,0.09264087677001953
1786540507.305519,90900,35,Loss/l_total,0.09264087677001953
1786540507.3055394,90900,35,LR,1.3425421036992097e-05
1786540518.3282807,90920,35,Loss/l_ce,0.06330466270446777
1786540518.3284419,90920,35,Loss/l_total,0.06330466270446777
1786540518.3284647,90920,35,LR,1.3425421036992097e-05
1786540525.9614496,90940,35,Loss/l_ce,0.5135555267333984
1786540525.961654,90940,35,Loss/l_total,0.5135555267333984
1786540525.9616778,90940,35,LR,1.3425421036992097e-05
1786540534.5348644,90960,35,Loss/l_ce,0.06331706047058105
1786540534.535021,90960,35,Loss/l_total,0.06331706047058105
1786540534.5350723,90960,35,LR,1.3425421036992097e-05
1786540546.946603,90980,35,Loss/l_ce,0.10591530799865723
1786540546.9468794,90980,35,Loss/l_total,0.10591530799865723
1786540546.9469082,90980,35,LR,1.3425421036992097e-05
1786540557.0781806,91000,35,Loss/l_ce,0.07609868049621582
1786540557.0783882,91000,35,Loss/l_total,0.07609868049621582
1786540557.0784132,91000,35,LR,1.3425421036992097e-05
1786540567.0156486,91020,35,Loss/l_ce,0.3482351303100586
1786540567.0158088,91020,35,Loss/l_total,0.3482351303100586
1786540567.0158327,91020,35,LR,1.3425421036992097e-05
1786540577.141641,91040,35,Loss/l_ce,0.05553865432739258
1786540577.1418276,91040,35,Loss/l_total,0.05553865432739258
1786540577.1418512,91040,35,LR,1.3425421036992097e-05
1786540586.471642,91060,35,Loss/l_ce,0.1113746166229248
1786540586.4718583,91060,35,Loss/l_total,0.1113746166229248
1786540586.4718866,91060,35,LR,1.3425421036992097e-05
1786540594.4264908,91080,35,Loss/l_ce,0.0850834846496582
1786540594.4266763,91080,35,Loss/l_total,0.0850834846496582
1786540594.4266987,91080,35,LR,1.3425421036992097e-05
1786540604.6179686,91100,35,Loss/l_ce,0.05750322341918945
1786540604.6181622,91100,35,Loss/l_total,0.05750322341918945
1786540604.6181884,91100,35,LR,1.3425421036992097e-05
1786540613.524582,91120,35,Loss/l_ce,0.10545706748962402
1786540613.5247493,91120,35,Loss/l_total,0.10545706748962402
1786540613.5247705,91120,35,LR,1.3425421036992097e-05
1786540625.4263897,91140,35,Loss/l_ce,0.10601377487182617
1786540625.426606,91140,35,Loss/l_total,0.10601377487182617
1786540625.4266307,91140,35,LR,1.3425421036992097e-05
1786540638.5537734,91160,35,Loss/l_ce,0.08843421936035156
1786540638.5539467,91160,35,Loss/l_total,0.08843421936035156
1786540638.5539691,91160,35,LR,1.3425421036992097e-05
1786540649.4854944,91180,35,Loss/l_ce,0.09050369262695312
1786540649.4856975,91180,35,Loss/l_total,0.09050369262695312
1786540649.4857223,91180,35,LR,1.3425421036992097e-05
1786540658.3011265,91200,35,Loss/l_ce,0.10954022407531738
1786540658.301287,91200,35,Loss/l_total,0.10954022407531738
1786540658.301332,91200,35,LR,1.3425421036992097e-05
1786540669.6682734,91220,35,Loss/l_ce,0.14417791366577148
1786540669.6684396,91220,35,Loss/l_total,0.14417791366577148
1786540669.6684656,91220,35,LR,1.3425421036992097e-05
1786540679.7199116,91240,35,Loss/l_ce,0.10586762428283691
1786540679.7201052,91240,35,Loss/l_total,0.10586762428283691
1786540679.720129,91240,35,LR,1.3425421036992097e-05
1786540689.725496,91260,35,Loss/l_ce,0.06429314613342285
1786540689.725672,91260,35,Loss/l_total,0.06429314613342285
1786540689.7256944,91260,35,LR,1.3425421036992097e-05
1786540698.9834201,91280,35,Loss/l_ce,0.057889461517333984
1786540698.9835827,91280,35,Loss/l_total,0.057889461517333984
1786540698.983603,91280,35,LR,1.3425421036992097e-05
1786540708.8961248,91300,35,Loss/l_ce,0.0714879035949707
1786540708.8963315,91300,35,Loss/l_total,0.0714879035949707
1786540708.896354,91300,35,LR,1.3425421036992097e-05
1786540720.6462238,91320,35,Loss/l_ce,0.1080789566040039
1786540720.6464128,91320,35,Loss/l_total,0.1080789566040039
1786540720.6464367,91320,35,LR,1.3425421036992097e-05
1786540730.3066847,91340,35,Loss/l_ce,0.08301305770874023
1786540730.3068545,91340,35,Loss/l_total,0.08301305770874023
1786540730.306877,91340,35,LR,1.3425421036992097e-05
1786540739.4667485,91360,35,Loss/l_ce,0.06043076515197754
1786540739.4669397,91360,35,Loss/l_total,0.06043076515197754
1786540739.466962,91360,35,LR,1.3425421036992097e-05
1786540748.3282197,91380,35,Loss/l_ce,0.06245088577270508
1786540748.3284025,91380,35,Loss/l_total,0.06245088577270508
1786540748.3284261,91380,35,LR,1.3425421036992097e-05
1786540755.9935873,91400,35,Loss/l_ce,1.8073091506958008
1786540755.9939053,91400,35,Loss/l_total,1.8073091506958008
1786540755.9939363,91400,35,LR,1.3425421036992097e-05
1786540763.3729167,91420,35,Loss/l_ce,0.09936833381652832
1786540763.37319,91420,35,Loss/l_total,0.09936833381652832
1786540763.373217,91420,35,LR,1.3425421036992097e-05
1786540775.8787794,91440,35,Loss/l_ce,0.0791940689086914
1786540775.8789337,91440,35,Loss/l_total,0.0791940689086914
1786540775.8789563,91440,35,LR,1.3425421036992097e-05
1786540784.1112294,91460,35,Loss/l_ce,0.1140279769897461
1786540784.111429,91460,35,Loss/l_total,0.1140279769897461
1786540784.1114526,91460,35,LR,1.3425421036992097e-05
1786540791.7241936,91480,35,Loss/l_ce,0.09440732002258301
1786540791.7244678,91480,35,Loss/l_total,0.09440732002258301
1786540791.7244928,91480,35,LR,1.3425421036992097e-05
1786540807.6238146,91500,35,Loss/l_ce,0.06150388717651367
1786540807.6239893,91500,35,Loss/l_total,0.06150388717651367
1786540807.6240144,91500,35,LR,1.3425421036992097e-05
1786540842.7402875,91520,35,Loss/l_ce,0.07618904113769531
1786540842.7404797,91520,35,Loss/l_total,0.07618904113769531
1786540842.7405,91520,35,LR,1.3425421036992097e-05
1786540888.3679063,91540,35,Loss/l_ce,0.06786394119262695
1786540888.3681083,91540,35,Loss/l_total,0.06786394119262695
1786540888.368133,91540,35,LR,1.3425421036992097e-05
1786540899.1187005,91560,35,Loss/l_ce,0.03669595718383789
1786540899.118861,91560,35,Loss/l_total,0.03669595718383789
1786540899.118886,91560,35,LR,1.3425421036992097e-05
1786540908.7742887,91580,35,Loss/l_ce,0.09506988525390625
1786540908.774448,91580,35,Loss/l_total,0.09506988525390625
1786540908.7744718,91580,35,LR,1.3425421036992097e-05
1786540916.3771727,91600,35,Loss/l_ce,0.10651159286499023
1786540916.3773496,91600,35,Loss/l_total,0.10651159286499023
1786540916.3774042,91600,35,LR,1.3425421036992097e-05
1786540926.434471,91620,35,Loss/l_ce,0.09071898460388184
1786540926.4346895,91620,35,Loss/l_total,0.09071898460388184
1786540926.4347131,91620,35,LR,1.3425421036992097e-05
1786540933.9580224,91640,35,Loss/l_ce,0.08019876480102539
1786540933.958298,91640,35,Loss/l_total,0.08019876480102539
1786540933.9583228,91640,35,LR,1.3425421036992097e-05
1786540942.1631386,91660,35,Loss/l_ce,0.10068988800048828
1786540942.1633012,91660,35,Loss/l_total,0.10068988800048828
1786540942.1633227,91660,35,LR,1.3425421036992097e-05
1786540953.9453316,91680,35,Loss/l_ce,0.08484196662902832
1786540953.9455132,91680,35,Loss/l_total,0.08484196662902832
1786540953.9455345,91680,35,LR,1.3425421036992097e-05
1786540963.0782907,91700,35,Loss/l_ce,0.08933854103088379
1786540963.0784438,91700,35,Loss/l_total,0.08933854103088379
1786540963.0784652,91700,35,LR,1.3425421036992097e-05
1786540975.4091725,91720,35,Loss/l_ce,0.11335635185241699
1786540975.4093516,91720,35,Loss/l_total,0.11335635185241699
1786540975.4093719,91720,35,LR,1.3425421036992097e-05
1786540985.1952786,91740,35,Loss/l_ce,0.10932755470275879
1786540985.195433,91740,35,Loss/l_total,0.10932755470275879
1786540985.1954541,91740,35,LR,1.3425421036992097e-05
1786540993.1707532,91760,35,Loss/l_ce,0.09354901313781738
1786540993.1709585,91760,35,Loss/l_total,0.09354901313781738
1786540993.1709824,91760,35,LR,1.3425421036992097e-05
1786541005.6484678,91780,35,Loss/l_ce,0.126572847366333
1786541005.6486304,91780,35,Loss/l_total,0.126572847366333
1786541005.6486564,91780,35,LR,1.3425421036992097e-05
1786541017.2371294,91800,35,Loss/l_ce,0.09768462181091309
1786541017.2372825,91800,35,Loss/l_total,0.09768462181091309
1786541017.237311,91800,35,LR,1.3425421036992097e-05
1786541129.8396878,91800,35,Val/avg_error,0.009116246365010738
1786541129.84017,91800,35,Val/acc,0.858056640625
1786541129.8402042,91800,35,Val/sparse_auc,0.9270655776515151
1786541129.8402233,91800,35,Val/sparse_pck_max,0.1
1786541129.8402398,91800,35,Val/sparse_pck_n,100.0
1786541143.062453,91820,36,Loss/l_ce,0.06940388679504395
1786541143.0629458,91820,36,Loss/l_total,0.06940388679504395
1786541143.0629768,91820,36,LR,1.2202456766718091e-05
1786541152.3943138,91840,36,Loss/l_ce,0.11654138565063477
1786541152.3945572,91840,36,Loss/l_total,0.11654138565063477
1786541152.394582,91840,36,LR,1.2202456766718091e-05
1786541162.9436953,91860,36,Loss/l_ce,0.0769655704498291
1786541162.9439092,91860,36,Loss/l_total,0.0769655704498291
1786541162.943933,91860,36,LR,1.2202456766718091e-05
1786541170.2565,91880,36,Loss/l_ce,0.08851909637451172
1786541170.2567303,91880,36,Loss/l_total,0.08851909637451172
1786541170.2567694,91880,36,LR,1.2202456766718091e-05
1786541180.5047922,91900,36,Loss/l_ce,0.06473827362060547
1786541180.5050902,91900,36,Loss/l_total,0.06473827362060547
1786541180.5051165,91900,36,LR,1.2202456766718091e-05
1786541190.4092083,91920,36,Loss/l_ce,0.09841442108154297
1786541190.40944,91920,36,Loss/l_total,0.09841442108154297
1786541190.4094684,91920,36,LR,1.2202456766718091e-05
1786541203.0605383,91940,36,Loss/l_ce,0.055141448974609375
1786541203.0607805,91940,36,Loss/l_total,0.055141448974609375
1786541203.060808,91940,36,LR,1.2202456766718091e-05
1786541213.9700918,91960,36,Loss/l_ce,0.10654950141906738
1786541213.9703672,91960,36,Loss/l_total,0.10654950141906738
1786541213.9703908,91960,36,LR,1.2202456766718091e-05
1786541226.3985817,91980,36,Loss/l_ce,0.07020854949951172
1786541226.3987787,91980,36,Loss/l_total,0.07020854949951172
1786541226.3988047,91980,36,LR,1.2202456766718091e-05
1786541237.2060192,92000,36,Loss/l_ce,0.05029296875
1786541237.2062232,92000,36,Loss/l_total,0.05029296875
1786541237.2062411,92000,36,LR,1.2202456766718091e-05
1786541248.2620866,92020,36,Loss/l_ce,0.08260846138000488
1786541248.262267,92020,36,Loss/l_total,0.08260846138000488
1786541248.262291,92020,36,LR,1.2202456766718091e-05
1786541257.7587411,92040,36,Loss/l_ce,1.995629072189331
1786541257.7589195,92040,36,Loss/l_total,1.995629072189331
1786541257.758943,92040,36,LR,1.2202456766718091e-05
1786541268.0460544,92060,36,Loss/l_ce,0.06756424903869629
1786541268.0462325,92060,36,Loss/l_total,0.06756424903869629
1786541268.046255,92060,36,LR,1.2202456766718091e-05
1786541277.5511088,92080,36,Loss/l_ce,0.05603599548339844
1786541277.5512834,92080,36,Loss/l_total,0.05603599548339844
1786541277.5513072,92080,36,LR,1.2202456766718091e-05
1786541289.9684567,92100,36,Loss/l_ce,0.09498167037963867
1786541289.968649,92100,36,Loss/l_total,0.09498167037963867
1786541289.968674,92100,36,LR,1.2202456766718091e-05
1786541301.7367792,92120,36,Loss/l_ce,0.132904052734375
1786541301.736988,92120,36,Loss/l_total,0.132904052734375
1786541301.7372222,92120,36,LR,1.2202456766718091e-05
1786541309.3966012,92140,36,Loss/l_ce,0.06427454948425293
1786541309.3968089,92140,36,Loss/l_total,0.06427454948425293
1786541309.396835,92140,36,LR,1.2202456766718091e-05
1786541321.9897609,92160,36,Loss/l_ce,0.08289051055908203
1786541321.9899461,92160,36,Loss/l_total,0.08289051055908203
1786541321.9899685,92160,36,LR,1.2202456766718091e-05
1786541333.0796702,92180,36,Loss/l_ce,0.07164978981018066
1786541333.079853,92180,36,Loss/l_total,0.07164978981018066
1786541333.0798755,92180,36,LR,1.2202456766718091e-05
1786541346.223772,92200,36,Loss/l_ce,0.08176207542419434
1786541346.2239647,92200,36,Loss/l_total,0.08176207542419434
1786541346.2239895,92200,36,LR,1.2202456766718091e-05
1786541355.545755,92220,36,Loss/l_ce,0.0756692886352539
1786541355.5459533,92220,36,Loss/l_total,0.0756692886352539
1786541355.545978,92220,36,LR,1.2202456766718091e-05
1786541364.3433619,92240,36,Loss/l_ce,0.02219986915588379
1786541364.343571,92240,36,Loss/l_total,0.02219986915588379
1786541364.3435981,92240,36,LR,1.2202456766718091e-05
1786541375.7991443,92260,36,Loss/l_ce,0.0904228687286377
1786541375.7994134,92260,36,Loss/l_total,0.0904228687286377
1786541375.7994397,92260,36,LR,1.2202456766718091e-05
1786541385.9656966,92280,36,Loss/l_ce,0.11228108406066895
1786541385.9658666,92280,36,Loss/l_total,0.11228108406066895
1786541385.9658914,92280,36,LR,1.2202456766718091e-05
1786541396.3967962,92300,36,Loss/l_ce,0.055181026458740234
1786541396.3970087,92300,36,Loss/l_total,0.055181026458740234
1786541396.3970633,92300,36,LR,1.2202456766718091e-05
1786541411.1792283,92320,36,Loss/l_ce,0.0941627025604248
1786541411.1794255,92320,36,Loss/l_total,0.0941627025604248
1786541411.1794503,92320,36,LR,1.2202456766718091e-05
1786541421.3677065,92340,36,Loss/l_ce,0.087432861328125
1786541421.3679607,92340,36,Loss/l_total,0.087432861328125
1786541421.3679879,92340,36,LR,1.2202456766718091e-05
1786541435.1477606,92360,36,Loss/l_ce,0.09959936141967773
1786541435.1481063,92360,36,Loss/l_total,0.09959936141967773
1786541435.1481323,92360,36,LR,1.2202456766718091e-05
1786541446.9651864,92380,36,Loss/l_ce,0.09035825729370117
1786541446.9654973,92380,36,Loss/l_total,0.09035825729370117
1786541446.9655223,92380,36,LR,1.2202456766718091e-05
1786541454.4924033,92400,36,Loss/l_ce,0.2499403953552246
1786541454.4925883,92400,36,Loss/l_total,0.2499403953552246
1786541454.4926121,92400,36,LR,1.2202456766718091e-05
1786541465.5430858,92420,36,Loss/l_ce,0.09498286247253418
1786541465.543271,92420,36,Loss/l_total,0.09498286247253418
1786541465.5432937,92420,36,LR,1.2202456766718091e-05
1786541476.8466823,92440,36,Loss/l_ce,0.0733957290649414
1786541476.8471217,92440,36,Loss/l_total,0.0733957290649414
1786541476.8471477,92440,36,LR,1.2202456766718091e-05
1786541488.3726363,92460,36,Loss/l_ce,0.08130550384521484
1786541488.3727908,92460,36,Loss/l_total,0.08130550384521484
1786541488.3728263,92460,36,LR,1.2202456766718091e-05
1786541497.7539592,92480,36,Loss/l_ce,0.07883501052856445
1786541497.7541575,92480,36,Loss/l_total,0.07883501052856445
1786541497.7541823,92480,36,LR,1.2202456766718091e-05
1786541507.0362463,92500,36,Loss/l_ce,0.10100865364074707
1786541507.036396,92500,36,Loss/l_total,0.10100865364074707
1786541507.0364208,92500,36,LR,1.2202456766718091e-05
1786541517.5644422,92520,36,Loss/l_ce,0.08808016777038574
1786541517.5646167,92520,36,Loss/l_total,0.08808016777038574
1786541517.5646403,92520,36,LR,1.2202456766718091e-05
1786541532.0917785,92540,36,Loss/l_ce,0.11756515502929688
1786541532.091947,92540,36,Loss/l_total,0.11756515502929688
1786541532.091971,92540,36,LR,1.2202456766718091e-05
1786541542.71283,92560,36,Loss/l_ce,0.07949495315551758
1786541542.712976,92560,36,Loss/l_total,0.07949495315551758
1786541542.7129986,92560,36,LR,1.2202456766718091e-05
1786541550.1943047,92580,36,Loss/l_ce,0.1008453369140625
1786541550.194478,92580,36,Loss/l_total,0.1008453369140625
1786541550.1945186,92580,36,LR,1.2202456766718091e-05
1786541558.8260875,92600,36,Loss/l_ce,0.09177637100219727
1786541558.8262382,92600,36,Loss/l_total,0.09177637100219727
1786541558.8262594,92600,36,LR,1.2202456766718091e-05
1786541567.3950775,92620,36,Loss/l_ce,0.09028267860412598
1786541567.3952546,92620,36,Loss/l_total,0.09028267860412598
1786541567.3952806,92620,36,LR,1.2202456766718091e-05
1786541575.0691361,92640,36,Loss/l_ce,0.02190089225769043
1786541575.0692918,92640,36,Loss/l_total,0.02190089225769043
1786541575.0693142,92640,36,LR,1.2202456766718091e-05
1786541586.357251,92660,36,Loss/l_ce,0.07703399658203125
1786541586.3574064,92660,36,Loss/l_total,0.07703399658203125
1786541586.3574276,92660,36,LR,1.2202456766718091e-05
1786541595.0335689,92680,36,Loss/l_ce,0.07140707969665527
1786541595.0337183,92680,36,Loss/l_total,0.07140707969665527
1786541595.0337398,92680,36,LR,1.2202456766718091e-05
1786541603.6297693,92700,36,Loss/l_ce,0.10544562339782715
1786541603.6299686,92700,36,Loss/l_total,0.10544562339782715
1786541603.6299925,92700,36,LR,1.2202456766718091e-05
1786541615.7718663,92720,36,Loss/l_ce,0.09542369842529297
1786541615.7720575,92720,36,Loss/l_total,0.09542369842529297
1786541615.7720838,92720,36,LR,1.2202456766718091e-05
1786541626.196817,92740,36,Loss/l_ce,0.09028816223144531
1786541626.1969783,92740,36,Loss/l_total,0.09028816223144531
1786541626.197001,92740,36,LR,1.2202456766718091e-05
1786541640.8998864,92760,36,Loss/l_ce,0.08265948295593262
1786541640.9000812,92760,36,Loss/l_total,0.08265948295593262
1786541640.900105,92760,36,LR,1.2202456766718091e-05
1786541649.5013201,92780,36,Loss/l_ce,0.07331681251525879
1786541649.5016122,92780,36,Loss/l_total,0.07331681251525879
1786541649.501636,92780,36,LR,1.2202456766718091e-05
1786541659.54475,92800,36,Loss/l_ce,0.09863686561584473
1786541659.5449471,92800,36,Loss/l_total,0.09863686561584473
1786541659.5449722,92800,36,LR,1.2202456766718091e-05
1786541671.9707234,92820,36,Loss/l_ce,0.06259465217590332
1786541671.9711473,92820,36,Loss/l_total,0.06259465217590332
1786541671.9711769,92820,36,LR,1.2202456766718091e-05
1786541683.3916247,92840,36,Loss/l_ce,0.10882925987243652
1786541683.3919632,92840,36,Loss/l_total,0.10882925987243652
1786541683.3919926,92840,36,LR,1.2202456766718091e-05
1786541695.4479086,92860,36,Loss/l_ce,0.1637592315673828
1786541695.448259,92860,36,Loss/l_total,0.1637592315673828
1786541695.4482863,92860,36,LR,1.2202456766718091e-05
1786541704.3901339,92880,36,Loss/l_ce,0.10612821578979492
1786541704.390294,92880,36,Loss/l_total,0.10612821578979492
1786541704.390318,92880,36,LR,1.2202456766718091e-05
1786541714.8537838,92900,36,Loss/l_ce,0.051198720932006836
1786541714.8540652,92900,36,Loss/l_total,0.051198720932006836
1786541714.85409,92900,36,LR,1.2202456766718091e-05
1786541727.860245,92920,36,Loss/l_ce,0.07233929634094238
1786541727.8604362,92920,36,Loss/l_total,0.07233929634094238
1786541727.8604624,92920,36,LR,1.2202456766718091e-05
1786541738.719531,92940,36,Loss/l_ce,0.06507015228271484
1786541738.7197008,92940,36,Loss/l_total,0.06507015228271484
1786541738.7197232,92940,36,LR,1.2202456766718091e-05
1786541745.9627452,92960,36,Loss/l_ce,0.06119108200073242
1786541745.9629004,92960,36,Loss/l_total,0.06119108200073242
1786541745.9629233,92960,36,LR,1.2202456766718091e-05
1786541755.117307,92980,36,Loss/l_ce,0.09285831451416016
1786541755.117504,92980,36,Loss/l_total,0.09285831451416016
1786541755.1175275,92980,36,LR,1.2202456766718091e-05
1786541765.0195909,93000,36,Loss/l_ce,0.05909419059753418
1786541765.0197773,93000,36,Loss/l_total,0.05909419059753418
1786541765.0197997,93000,36,LR,1.2202456766718091e-05
1786541774.422201,93020,36,Loss/l_ce,0.1010293960571289
1786541774.4223778,93020,36,Loss/l_total,0.1010293960571289
1786541774.4224002,93020,36,LR,1.2202456766718091e-05
1786541786.0859356,93040,36,Loss/l_ce,0.09811544418334961
1786541786.086162,93040,36,Loss/l_total,0.09811544418334961
1786541786.0861874,93040,36,LR,1.2202456766718091e-05
1786541794.6786232,93060,36,Loss/l_ce,0.08198761940002441
1786541794.6788275,93060,36,Loss/l_total,0.08198761940002441
1786541794.6788487,93060,36,LR,1.2202456766718091e-05
1786541804.4899023,93080,36,Loss/l_ce,0.03905010223388672
1786541804.4901242,93080,36,Loss/l_total,0.03905010223388672
1786541804.4901493,93080,36,LR,1.2202456766718091e-05
1786541814.6817565,93100,36,Loss/l_ce,0.08872723579406738
1786541814.6819453,93100,36,Loss/l_total,0.08872723579406738
1786541814.681968,93100,36,LR,1.2202456766718091e-05
1786541822.9796238,93120,36,Loss/l_ce,0.03373217582702637
1786541822.9798658,93120,36,Loss/l_total,0.03373217582702637
1786541822.979892,93120,36,LR,1.2202456766718091e-05
1786541833.4287288,93140,36,Loss/l_ce,0.06943464279174805
1786541833.428964,93140,36,Loss/l_total,0.06943464279174805
1786541833.4289901,93140,36,LR,1.2202456766718091e-05
1786541842.2466,93160,36,Loss/l_ce,0.2738790512084961
1786541842.2468266,93160,36,Loss/l_total,0.2738790512084961
1786541842.2468517,93160,36,LR,1.2202456766718091e-05
1786541853.2889,93180,36,Loss/l_ce,0.08543944358825684
1786541853.289116,93180,36,Loss/l_total,0.08543944358825684
1786541853.2891407,93180,36,LR,1.2202456766718091e-05
1786541864.390555,93200,36,Loss/l_ce,0.05518317222595215
1786541864.390739,93200,36,Loss/l_total,0.05518317222595215
1786541864.3907628,93200,36,LR,1.2202456766718091e-05
1786541873.4124303,93220,36,Loss/l_ce,0.07999634742736816
1786541873.412592,93220,36,Loss/l_total,0.07999634742736816
1786541873.4126143,93220,36,LR,1.2202456766718091e-05
1786541883.9618344,93240,36,Loss/l_ce,0.09586310386657715
1786541883.9622157,93240,36,Loss/l_total,0.09586310386657715
1786541883.962244,93240,36,LR,1.2202456766718091e-05
1786541893.5596793,93260,36,Loss/l_ce,0.09616756439208984
1786541893.5598454,93260,36,Loss/l_total,0.09616756439208984
1786541893.559867,93260,36,LR,1.2202456766718091e-05
1786541905.445017,93280,36,Loss/l_ce,0.06619095802307129
1786541905.445193,93280,36,Loss/l_total,0.06619095802307129
1786541905.4452155,93280,36,LR,1.2202456766718091e-05
1786541914.280194,93300,36,Loss/l_ce,0.15537595748901367
1786541914.2803578,93300,36,Loss/l_total,0.15537595748901367
1786541914.2803805,93300,36,LR,1.2202456766718091e-05
1786541925.585838,93320,36,Loss/l_ce,0.09390115737915039
1786541925.5860054,93320,36,Loss/l_total,0.09390115737915039
1786541925.586052,93320,36,LR,1.2202456766718091e-05
1786541935.5745234,93340,36,Loss/l_ce,0.5875163078308105
1786541935.575092,93340,36,Loss/l_total,0.5875163078308105
1786541935.575472,93340,36,LR,1.2202456766718091e-05
1786541943.4030623,93360,36,Loss/l_ce,0.06332182884216309
1786541943.4035122,93360,36,Loss/l_total,0.06332182884216309
1786541943.4035408,93360,36,LR,1.2202456766718091e-05
1786541954.3494203,93380,36,Loss/l_ce,0.0953834056854248
1786541954.3496008,93380,36,Loss/l_total,0.0953834056854248
1786541954.3496232,93380,36,LR,1.2202456766718091e-05
1786541962.7651973,93400,36,Loss/l_ce,2.1677064895629883
1786541962.7653518,93400,36,Loss/l_total,2.1677064895629883
1786541962.7653766,93400,36,LR,1.2202456766718091e-05
1786541971.2752883,93420,36,Loss/l_ce,0.07156753540039062
1786541971.275451,93420,36,Loss/l_total,0.07156753540039062
1786541971.2754734,93420,36,LR,1.2202456766718091e-05
1786541983.1871834,93440,36,Loss/l_ce,0.3410043716430664
1786541983.1873364,93440,36,Loss/l_total,0.3410043716430664
1786541983.1873593,93440,36,LR,1.2202456766718091e-05
1786541993.331949,93460,36,Loss/l_ce,0.09382247924804688
1786541993.3321402,93460,36,Loss/l_total,0.09382247924804688
1786541993.3321629,93460,36,LR,1.2202456766718091e-05
1786542002.4317071,93480,36,Loss/l_ce,0.08223342895507812
1786542002.4318569,93480,36,Loss/l_total,0.08223342895507812
1786542002.4318795,93480,36,LR,1.2202456766718091e-05
1786542011.8351276,93500,36,Loss/l_ce,0.10202884674072266
1786542011.8353853,93500,36,Loss/l_total,0.10202884674072266
1786542011.8354115,93500,36,LR,1.2202456766718091e-05
1786542021.8878021,93520,36,Loss/l_ce,0.027118444442749023
1786542021.8881037,93520,36,Loss/l_total,0.027118444442749023
1786542021.888132,93520,36,LR,1.2202456766718091e-05
1786542034.6946769,93540,36,Loss/l_ce,0.09270095825195312
1786542034.694912,93540,36,Loss/l_total,0.09270095825195312
1786542034.6949322,93540,36,LR,1.2202456766718091e-05
1786542044.6668813,93560,36,Loss/l_ce,0.22199583053588867
1786542044.6671355,93560,36,Loss/l_total,0.22199583053588867
1786542044.6671877,93560,36,LR,1.2202456766718091e-05
1786542054.3523967,93580,36,Loss/l_ce,0.11806941032409668
1786542054.3525724,93580,36,Loss/l_total,0.11806941032409668
1786542054.3525963,93580,36,LR,1.2202456766718091e-05
1786542064.8616307,93600,36,Loss/l_ce,0.06635308265686035
1786542064.8618197,93600,36,Loss/l_total,0.06635308265686035
1786542064.8618445,93600,36,LR,1.2202456766718091e-05
1786542073.146202,93620,36,Loss/l_ce,0.06768369674682617
1786542073.146366,93620,36,Loss/l_total,0.06768369674682617
1786542073.1463885,93620,36,LR,1.2202456766718091e-05
1786542083.812895,93640,36,Loss/l_ce,0.09440183639526367
1786542083.8130624,93640,36,Loss/l_total,0.09440183639526367
1786542083.8130898,93640,36,LR,1.2202456766718091e-05
1786542091.792295,93660,36,Loss/l_ce,0.05794024467468262
1786542091.7924623,93660,36,Loss/l_total,0.05794024467468262
1786542091.7924862,93660,36,LR,1.2202456766718091e-05
1786542105.5451512,93680,36,Loss/l_ce,0.05092668533325195
1786542105.545316,93680,36,Loss/l_total,0.05092668533325195
1786542105.5453386,93680,36,LR,1.2202456766718091e-05
1786542119.1815314,93700,36,Loss/l_ce,0.17955994606018066
1786542119.18172,93700,36,Loss/l_total,0.17955994606018066
1786542119.1817427,93700,36,LR,1.2202456766718091e-05
1786542129.2399604,93720,36,Loss/l_ce,0.11527252197265625
1786542129.240149,93720,36,Loss/l_total,0.11527252197265625
1786542129.2401717,93720,36,LR,1.2202456766718091e-05
1786542141.1133702,93740,36,Loss/l_ce,0.0662388801574707
1786542141.1135304,93740,36,Loss/l_total,0.0662388801574707
1786542141.1135542,93740,36,LR,1.2202456766718091e-05
1786542150.547362,93760,36,Loss/l_ce,0.12872886657714844
1786542150.5475376,93760,36,Loss/l_total,0.12872886657714844
1786542150.5475614,93760,36,LR,1.2202456766718091e-05
1786542159.785385,93780,36,Loss/l_ce,0.08944559097290039
1786542159.7855713,93780,36,Loss/l_total,0.08944559097290039
1786542159.7855964,93780,36,LR,1.2202456766718091e-05
1786542169.4389906,93800,36,Loss/l_ce,0.1035623550415039
1786542169.4392056,93800,36,Loss/l_total,0.1035623550415039
1786542169.4392304,93800,36,LR,1.2202456766718091e-05
1786542178.6995091,93820,36,Loss/l_ce,0.062152862548828125
1786542178.6997063,93820,36,Loss/l_total,0.062152862548828125
1786542178.6997278,93820,36,LR,1.2202456766718091e-05
1786542188.915117,93840,36,Loss/l_ce,0.09885501861572266
1786542188.915288,93840,36,Loss/l_total,0.09885501861572266
1786542188.9153106,93840,36,LR,1.2202456766718091e-05
1786542197.4468567,93860,36,Loss/l_ce,0.08278751373291016
1786542197.4470751,93860,36,Loss/l_total,0.08278751373291016
1786542197.4471025,93860,36,LR,1.2202456766718091e-05
1786542207.9580946,93880,36,Loss/l_ce,0.07825064659118652
1786542207.9582548,93880,36,Loss/l_total,0.07825064659118652
1786542207.9582775,93880,36,LR,1.2202456766718091e-05
1786542214.6787453,93900,36,Loss/l_ce,0.08897995948791504
1786542214.6789045,93900,36,Loss/l_total,0.08897995948791504
1786542214.6789272,93900,36,LR,1.2202456766718091e-05
1786542226.0168576,93920,36,Loss/l_ce,0.1732621192932129
1786542226.017064,93920,36,Loss/l_total,0.1732621192932129
1786542226.0170867,93920,36,LR,1.2202456766718091e-05
1786542234.2581758,93940,36,Loss/l_ce,0.07825994491577148
1786542234.2583728,93940,36,Loss/l_total,0.07825994491577148
1786542234.2583976,93940,36,LR,1.2202456766718091e-05
1786542244.2264936,93960,36,Loss/l_ce,0.06557941436767578
1786542244.2267277,93960,36,Loss/l_total,0.06557941436767578
1786542244.226755,93960,36,LR,1.2202456766718091e-05
1786542255.517969,93980,36,Loss/l_ce,0.10124516487121582
1786542255.5182514,93980,36,Loss/l_total,0.10124516487121582
1786542255.5183027,93980,36,LR,1.2202456766718091e-05
1786542264.8937643,94000,36,Loss/l_ce,0.10555315017700195
1786542264.8939555,94000,36,Loss/l_total,0.10555315017700195
1786542264.893977,94000,36,LR,1.2202456766718091e-05
1786542278.7679937,94020,36,Loss/l_ce,0.5959250926971436
1786542278.7682073,94020,36,Loss/l_total,0.5959250926971436
1786542278.768232,94020,36,LR,1.2202456766718091e-05
1786542286.8525698,94040,36,Loss/l_ce,0.07044076919555664
1786542286.8527658,94040,36,Loss/l_total,0.07044076919555664
1786542286.8527894,94040,36,LR,1.2202456766718091e-05
1786542296.1511233,94060,36,Loss/l_ce,0.08814811706542969
1786542296.1513073,94060,36,Loss/l_total,0.08814811706542969
1786542296.1513324,94060,36,LR,1.2202456766718091e-05
1786542307.4342482,94080,36,Loss/l_ce,0.062026262283325195
1786542307.4344525,94080,36,Loss/l_total,0.062026262283325195
1786542307.4344764,94080,36,LR,1.2202456766718091e-05
1786542314.8186274,94100,36,Loss/l_ce,0.054634809494018555
1786542314.818823,94100,36,Loss/l_total,0.054634809494018555
1786542314.818847,94100,36,LR,1.2202456766718091e-05
1786542325.795005,94120,36,Loss/l_ce,0.11162114143371582
1786542325.7952309,94120,36,Loss/l_total,0.11162114143371582
1786542325.795258,94120,36,LR,1.2202456766718091e-05
1786542335.8900764,94140,36,Loss/l_ce,0.10718727111816406
1786542335.8902485,94140,36,Loss/l_total,0.10718727111816406
1786542335.890271,94140,36,LR,1.2202456766718091e-05
1786542346.4708812,94160,36,Loss/l_ce,0.09775471687316895
1786542346.4710784,94160,36,Loss/l_total,0.09775471687316895
1786542346.4711046,94160,36,LR,1.2202456766718091e-05
1786542363.154869,94180,36,Loss/l_ce,0.25834202766418457
1786542363.1550887,94180,36,Loss/l_total,0.25834202766418457
1786542363.1551244,94180,36,LR,1.2202456766718091e-05
1786542390.0726335,94200,36,Loss/l_ce,0.07030391693115234
1786542390.0728734,94200,36,Loss/l_total,0.07030391693115234
1786542390.0729032,94200,36,LR,1.2202456766718091e-05
1786542414.1940188,94220,36,Loss/l_ce,0.19730639457702637
1786542414.1942053,94220,36,Loss/l_total,0.19730639457702637
1786542414.1942253,94220,36,LR,1.2202456766718091e-05
1786542441.8305056,94240,36,Loss/l_ce,0.14990830421447754
1786542441.830686,94240,36,Loss/l_total,0.14990830421447754
1786542441.8307064,94240,36,LR,1.2202456766718091e-05
1786542471.8400097,94260,36,Loss/l_ce,0.07342171669006348
1786542471.8402545,94260,36,Loss/l_total,0.07342171669006348
1786542471.8405263,94260,36,LR,1.2202456766718091e-05
1786542505.7436802,94280,36,Loss/l_ce,0.06659865379333496
1786542505.7439013,94280,36,Loss/l_total,0.06659865379333496
1786542505.7440236,94280,36,LR,1.2202456766718091e-05
1786542530.8619993,94300,36,Loss/l_ce,0.10788297653198242
1786542530.8622441,94300,36,Loss/l_total,0.10788297653198242
1786542530.8622715,94300,36,LR,1.2202456766718091e-05
1786542544.6279676,94320,36,Loss/l_ce,0.09574604034423828
1786542544.6281822,94320,36,Loss/l_total,0.09574604034423828
1786542544.6282144,94320,36,LR,1.2202456766718091e-05
1786542572.1681502,94340,36,Loss/l_ce,0.06421852111816406
1786542572.1683378,94340,36,Loss/l_total,0.06421852111816406
1786542572.1683664,94340,36,LR,1.2202456766718091e-05
1786542752.495842,94350,36,Val/avg_error,0.009358135983347893
1786542752.4961805,94350,36,Val/acc,0.85107421875
1786542752.496208,94350,36,Val/sparse_auc,0.923690518465909
1786542752.4964714,94350,36,Val/sparse_pck_max,0.1
1786542752.4964893,94350,36,Val/sparse_pck_n,100.0
1786542765.0555453,94360,37,Loss/l_ce,0.16497468948364258
1786542765.0556984,94360,37,Loss/l_total,0.16497468948364258
1786542765.0557187,94360,37,LR,1.1243353582104556e-05
1786542781.116296,94380,37,Loss/l_ce,0.10660934448242188
1786542781.1164443,94380,37,Loss/l_total,0.10660934448242188
1786542781.1164646,94380,37,LR,1.1243353582104556e-05
1786542797.6387997,94400,37,Loss/l_ce,0.2585489749908447
1786542797.6389704,94400,37,Loss/l_total,0.2585489749908447
1786542797.6389928,94400,37,LR,1.1243353582104556e-05
1786542812.4123359,94420,37,Loss/l_ce,0.2396233081817627
1786542812.412629,94420,37,Loss/l_total,0.2396233081817627
1786542812.4127004,94420,37,LR,1.1243353582104556e-05
1786542827.6846817,94440,37,Loss/l_ce,0.07201695442199707
1786542827.6848645,94440,37,Loss/l_total,0.07201695442199707
1786542827.6848857,94440,37,LR,1.1243353582104556e-05
1786542844.1321685,94460,37,Loss/l_ce,0.1035468578338623
1786542844.1323833,94460,37,Loss/l_total,0.1035468578338623
1786542844.13242,94460,37,LR,1.1243353582104556e-05
1786542878.8276055,94480,37,Loss/l_ce,0.04879403114318848
1786542878.8278797,94480,37,Loss/l_total,0.04879403114318848
1786542878.8279178,94480,37,LR,1.1243353582104556e-05
1786542896.3315606,94500,37,Loss/l_ce,0.05058574676513672
1786542896.331785,94500,37,Loss/l_total,0.05058574676513672
1786542896.3318074,94500,37,LR,1.1243353582104556e-05
1786542932.9782453,94520,37,Loss/l_ce,0.17936468124389648
1786542932.9784636,94520,37,Loss/l_total,0.17936468124389648
1786542932.978489,94520,37,LR,1.1243353582104556e-05
1786542964.6650708,94540,37,Loss/l_ce,0.0730738639831543
1786542964.6657429,94540,37,Loss/l_total,0.0730738639831543
1786542964.6658022,94540,37,LR,1.1243353582104556e-05
1786542992.4509804,94560,37,Loss/l_ce,0.07270240783691406
1786542992.4513116,94560,37,Loss/l_total,0.07270240783691406
1786542992.4513378,94560,37,LR,1.1243353582104556e-05
1786543004.3138914,94580,37,Loss/l_ce,0.17568182945251465
1786543004.3147333,94580,37,Loss/l_total,0.17568182945251465
1786543004.3147829,94580,37,LR,1.1243353582104556e-05
1786543035.7952013,94600,37,Loss/l_ce,0.06227517127990723
1786543035.7954078,94600,37,Loss/l_total,0.06227517127990723
1786543035.7971067,94600,37,LR,1.1243353582104556e-05
1786543067.9548986,94620,37,Loss/l_ce,0.06839799880981445
1786543067.9556134,94620,37,Loss/l_total,0.06839799880981445
1786543067.9559317,94620,37,LR,1.1243353582104556e-05
1786543105.6345146,94640,37,Loss/l_ce,0.1042337417602539
1786543105.6347547,94640,37,Loss/l_total,0.1042337417602539
1786543105.6347806,94640,37,LR,1.1243353582104556e-05
1786543126.954422,94660,37,Loss/l_ce,0.06770944595336914
1786543126.954568,94660,37,Loss/l_total,0.06770944595336914
1786543126.9545872,94660,37,LR,1.1243353582104556e-05
1786543150.142996,94680,37,Loss/l_ce,0.15527820587158203
1786543150.1432142,94680,37,Loss/l_total,0.15527820587158203
1786543150.1432405,94680,37,LR,1.1243353582104556e-05
1786543173.2835152,94700,37,Loss/l_ce,0.08247494697570801
1786543173.2837172,94700,37,Loss/l_total,0.08247494697570801
1786543173.2837384,94700,37,LR,1.1243353582104556e-05
1786543201.8859313,94720,37,Loss/l_ce,0.08517837524414062
1786543201.8861508,94720,37,Loss/l_total,0.08517837524414062
1786543201.886176,94720,37,LR,1.1243353582104556e-05
1786543224.4081862,94740,37,Loss/l_ce,0.03193807601928711
1786543224.408419,94740,37,Loss/l_total,0.03193807601928711
1786543224.40844,94740,37,LR,1.1243353582104556e-05
1786543259.8700588,94760,37,Loss/l_ce,0.06327223777770996
1786543259.870313,94760,37,Loss/l_total,0.06327223777770996
1786543259.8703403,94760,37,LR,1.1243353582104556e-05
1786543281.2307005,94780,37,Loss/l_ce,0.08287692070007324
1786543281.2309322,94780,37,Loss/l_total,0.08287692070007324
1786543281.2309535,94780,37,LR,1.1243353582104556e-05
1786543296.1452699,94800,37,Loss/l_ce,1.8102693557739258
1786543296.145488,94800,37,Loss/l_total,1.8102693557739258
1786543296.145511,94800,37,LR,1.1243353582104556e-05
1786543324.6484504,94820,37,Loss/l_ce,0.13406872749328613
1786543324.6486735,94820,37,Loss/l_total,0.13406872749328613
1786543324.6486948,94820,37,LR,1.1243353582104556e-05
1786543356.9174788,94840,37,Loss/l_ce,0.041240692138671875
1786543356.9177413,94840,37,Loss/l_total,0.041240692138671875
1786543356.9177675,94840,37,LR,1.1243353582104556e-05
1786543385.976543,94860,37,Loss/l_ce,0.09727621078491211
1786543385.9767554,94860,37,Loss/l_total,0.09727621078491211
1786543385.9767745,94860,37,LR,1.1243353582104556e-05
1786543410.0670187,94880,37,Loss/l_ce,0.08083677291870117
1786543410.0672276,94880,37,Loss/l_total,0.08083677291870117
1786543410.067255,94880,37,LR,1.1243353582104556e-05
1786543421.9113955,94900,37,Loss/l_ce,0.06420040130615234
1786543421.9115806,94900,37,Loss/l_total,0.06420040130615234
1786543421.9116058,94900,37,LR,1.1243353582104556e-05
1786543439.0577962,94920,37,Loss/l_ce,0.06449198722839355
1786543439.0580826,94920,37,Loss/l_total,0.06449198722839355
1786543439.058111,94920,37,LR,1.1243353582104556e-05
1786543473.2991579,94940,37,Loss/l_ce,0.09433221817016602
1786543473.2993562,94940,37,Loss/l_total,0.09433221817016602
1786543473.2993846,94940,37,LR,1.1243353582104556e-05
1786543499.9941213,94960,37,Loss/l_ce,0.07253241539001465
1786543499.9942982,94960,37,Loss/l_total,0.07253241539001465
1786543499.9943194,94960,37,LR,1.1243353582104556e-05
1786543531.7778738,94980,37,Loss/l_ce,0.0628354549407959
1786543531.7781193,94980,37,Loss/l_total,0.0628354549407959
1786543531.778141,94980,37,LR,1.1243353582104556e-05
1786543547.5413356,95000,37,Loss/l_ce,0.09988689422607422
1786543547.5415196,95000,37,Loss/l_total,0.09988689422607422
1786543547.5415435,95000,37,LR,1.1243353582104556e-05
1786543555.8966832,95020,37,Loss/l_ce,0.11483430862426758
1786543555.8968554,95020,37,Loss/l_total,0.11483430862426758
1786543555.8968778,95020,37,LR,1.1243353582104556e-05
1786543567.2657926,95040,37,Loss/l_ce,0.06040692329406738
1786543567.265986,95040,37,Loss/l_total,0.06040692329406738
1786543567.2660098,95040,37,LR,1.1243353582104556e-05
1786543576.4942658,95060,37,Loss/l_ce,0.10288667678833008
1786543576.49447,95060,37,Loss/l_total,0.10288667678833008
1786543576.494495,95060,37,LR,1.1243353582104556e-05
1786543598.8351676,95080,37,Loss/l_ce,0.11261272430419922
1786543598.8353932,95080,37,Loss/l_total,0.11261272430419922
1786543598.835417,95080,37,LR,1.1243353582104556e-05
1786543606.954024,95100,37,Loss/l_ce,0.09821653366088867
1786543606.9542344,95100,37,Loss/l_total,0.09821653366088867
1786543606.9542582,95100,37,LR,1.1243353582104556e-05
1786543614.870601,95120,37,Loss/l_ce,0.06195235252380371
1786543614.8707707,95120,37,Loss/l_total,0.06195235252380371
1786543614.870793,95120,37,LR,1.1243353582104556e-05
1786543626.359424,95140,37,Loss/l_ce,0.10745739936828613
1786543626.3596532,95140,37,Loss/l_total,0.10745739936828613
1786543626.3596923,95140,37,LR,1.1243353582104556e-05
1786543633.2644541,95160,37,Loss/l_ce,0.09781551361083984
1786543633.2646632,95160,37,Loss/l_total,0.09781551361083984
1786543633.2646868,95160,37,LR,1.1243353582104556e-05
1786543641.254443,95180,37,Loss/l_ce,0.05353879928588867
1786543641.254595,95180,37,Loss/l_total,0.05353879928588867
1786543641.2546163,95180,37,LR,1.1243353582104556e-05
1786543652.33311,95200,37,Loss/l_ce,0.060736894607543945
1786543652.3333344,95200,37,Loss/l_total,0.060736894607543945
1786543652.333357,95200,37,LR,1.1243353582104556e-05
1786543663.70322,95220,37,Loss/l_ce,0.10204648971557617
1786543663.7033765,95220,37,Loss/l_total,0.10204648971557617
1786543663.7033982,95220,37,LR,1.1243353582104556e-05
1786543673.1951191,95240,37,Loss/l_ce,0.07104659080505371
1786543673.1953056,95240,37,Loss/l_total,0.07104659080505371
1786543673.1953328,95240,37,LR,1.1243353582104556e-05
1786543685.2619529,95260,37,Loss/l_ce,0.07534122467041016
1786543685.262132,95260,37,Loss/l_total,0.07534122467041016
1786543685.2621522,95260,37,LR,1.1243353582104556e-05
1786543693.3524652,95280,37,Loss/l_ce,0.06929588317871094
1786543693.352686,95280,37,Loss/l_total,0.06929588317871094
1786543693.352711,95280,37,LR,1.1243353582104556e-05
1786543701.6702743,95300,37,Loss/l_ce,0.23290300369262695
1786543701.67043,95300,37,Loss/l_total,0.23290300369262695
1786543701.6704526,95300,37,LR,1.1243353582104556e-05
1786543709.626909,95320,37,Loss/l_ce,0.11259818077087402
1786543709.6270895,95320,37,Loss/l_total,0.11259818077087402
1786543709.6271145,95320,37,LR,1.1243353582104556e-05
1786543718.1524878,95340,37,Loss/l_ce,0.07029366493225098
1786543718.1526253,95340,37,Loss/l_total,0.07029366493225098
1786543718.152648,95340,37,LR,1.1243353582104556e-05
1786543746.109781,95360,37,Loss/l_ce,0.09962320327758789
1786543746.1099935,95360,37,Loss/l_total,0.09962320327758789
1786543746.1100147,95360,37,LR,1.1243353582104556e-05
1786543754.3057332,95380,37,Loss/l_ce,0.06424784660339355
1786543754.3058743,95380,37,Loss/l_total,0.06424784660339355
1786543754.3058946,95380,37,LR,1.1243353582104556e-05
1786543765.2537642,95400,37,Loss/l_ce,0.22043395042419434
1786543765.253967,95400,37,Loss/l_total,0.22043395042419434
1786543765.2539885,95400,37,LR,1.1243353582104556e-05
1786543774.4416795,95420,37,Loss/l_ce,0.09011602401733398
1786543774.4418314,95420,37,Loss/l_total,0.09011602401733398
1786543774.4418516,95420,37,LR,1.1243353582104556e-05
1786543784.7496326,95440,37,Loss/l_ce,0.05768156051635742
1786543784.7498274,95440,37,Loss/l_total,0.05768156051635742
1786543784.7498498,95440,37,LR,1.1243353582104556e-05
1786543794.6226065,95460,37,Loss/l_ce,0.09519672393798828
1786543794.622748,95460,37,Loss/l_total,0.09519672393798828
1786543794.622768,95460,37,LR,1.1243353582104556e-05
1786543804.0359304,95480,37,Loss/l_ce,0.12086653709411621
1786543804.036163,95480,37,Loss/l_total,0.12086653709411621
1786543804.036187,95480,37,LR,1.1243353582104556e-05
1786543814.2226846,95500,37,Loss/l_ce,0.06678390502929688
1786543814.222883,95500,37,Loss/l_total,0.06678390502929688
1786543814.2229128,95500,37,LR,1.1243353582104556e-05
1786543822.9187367,95520,37,Loss/l_ce,0.09172916412353516
1786543822.9189467,95520,37,Loss/l_total,0.09172916412353516
1786543822.918968,95520,37,LR,1.1243353582104556e-05
1786543832.486534,95540,37,Loss/l_ce,0.05938243865966797
1786543832.4866862,95540,37,Loss/l_total,0.05938243865966797
1786543832.4867098,95540,37,LR,1.1243353582104556e-05
1786543845.5336144,95560,37,Loss/l_ce,0.05310773849487305
1786543845.5338507,95560,37,Loss/l_total,0.05310773849487305
1786543845.5338745,95560,37,LR,1.1243353582104556e-05
1786543855.4606006,95580,37,Loss/l_ce,0.06002187728881836
1786543855.4607704,95580,37,Loss/l_total,0.06002187728881836
1786543855.4607928,95580,37,LR,1.1243353582104556e-05
1786543863.1701047,95600,37,Loss/l_ce,0.07527923583984375
1786543863.1702616,95600,37,Loss/l_total,0.07527923583984375
1786543863.1702867,95600,37,LR,1.1243353582104556e-05
1786543872.4950187,95620,37,Loss/l_ce,0.17200994491577148
1786543872.4952407,95620,37,Loss/l_total,0.17200994491577148
1786543872.4952633,95620,37,LR,1.1243353582104556e-05
1786543882.7078445,95640,37,Loss/l_ce,0.021487951278686523
1786543882.708062,95640,37,Loss/l_total,0.021487951278686523
1786543882.708089,95640,37,LR,1.1243353582104556e-05
1786543890.76302,95660,37,Loss/l_ce,0.0874338150024414
1786543890.7632148,95660,37,Loss/l_total,0.0874338150024414
1786543890.7632446,95660,37,LR,1.1243353582104556e-05
1786543903.2478774,95680,37,Loss/l_ce,0.07747459411621094
1786543903.2480695,95680,37,Loss/l_total,0.07747459411621094
1786543903.2480958,95680,37,LR,1.1243353582104556e-05
1786543914.6657426,95700,37,Loss/l_ce,0.10975384712219238
1786543914.6659632,95700,37,Loss/l_total,0.10975384712219238
1786543914.665987,95700,37,LR,1.1243353582104556e-05
1786543927.7993162,95720,37,Loss/l_ce,0.07946324348449707
1786543927.799505,95720,37,Loss/l_total,0.07946324348449707
1786543927.7995276,95720,37,LR,1.1243353582104556e-05
1786543937.198955,95740,37,Loss/l_ce,0.06572890281677246
1786543937.19912,95740,37,Loss/l_total,0.06572890281677246
1786543937.1991472,95740,37,LR,1.1243353582104556e-05
1786543946.677448,95760,37,Loss/l_ce,0.06565499305725098
1786543946.6776342,95760,37,Loss/l_total,0.06565499305725098
1786543946.6776605,95760,37,LR,1.1243353582104556e-05
1786543954.5382109,95780,37,Loss/l_ce,0.0772552490234375
1786543954.5383666,95780,37,Loss/l_total,0.0772552490234375
1786543954.5383914,95780,37,LR,1.1243353582104556e-05
1786543962.4553647,95800,37,Loss/l_ce,0.03915596008300781
1786543962.4555154,95800,37,Loss/l_total,0.03915596008300781
1786543962.4555402,95800,37,LR,1.1243353582104556e-05
1786543971.8452408,95820,37,Loss/l_ce,0.1010885238647461
1786543971.845402,95820,37,Loss/l_total,0.1010885238647461
1786543971.845452,95820,37,LR,1.1243353582104556e-05
1786543979.4212413,95840,37,Loss/l_ce,0.06314659118652344
1786543979.4213967,95840,37,Loss/l_total,0.06314659118652344
1786543979.4214194,95840,37,LR,1.1243353582104556e-05
1786543991.019234,95860,37,Loss/l_ce,0.06199073791503906
1786543991.0194051,95860,37,Loss/l_total,0.06199073791503906
1786543991.0194266,95860,37,LR,1.1243353582104556e-05
1786544005.4049423,95880,37,Loss/l_ce,0.052606821060180664
1786544005.4051287,95880,37,Loss/l_total,0.052606821060180664
1786544005.405162,95880,37,LR,1.1243353582104556e-05
1786544015.3777575,95900,37,Loss/l_ce,0.10556244850158691
1786544015.3779,95900,37,Loss/l_total,0.10556244850158691
1786544015.3779223,95900,37,LR,1.1243353582104556e-05
1786544024.0225396,95920,37,Loss/l_ce,0.10919427871704102
1786544024.0227175,95920,37,Loss/l_total,0.10919427871704102
1786544024.0227413,95920,37,LR,1.1243353582104556e-05
1786544033.7744532,95940,37,Loss/l_ce,0.06387686729431152
1786544033.7746172,95940,37,Loss/l_total,0.06387686729431152
1786544033.774642,95940,37,LR,1.1243353582104556e-05
1786544043.6300983,95960,37,Loss/l_ce,0.06657195091247559
1786544043.6302493,95960,37,Loss/l_total,0.06657195091247559
1786544043.6302729,95960,37,LR,1.1243353582104556e-05
1786544055.007399,95980,37,Loss/l_ce,0.1047506332397461
1786544055.00755,95980,37,Loss/l_total,0.1047506332397461
1786544055.0075748,95980,37,LR,1.1243353582104556e-05
1786544062.9811556,96000,37,Loss/l_ce,0.09827661514282227
1786544062.9813373,96000,37,Loss/l_total,0.09827661514282227
1786544062.9813612,96000,37,LR,1.1243353582104556e-05
1786544073.5969248,96020,37,Loss/l_ce,0.10051393508911133
1786544073.5971506,96020,37,Loss/l_total,0.10051393508911133
1786544073.597179,96020,37,LR,1.1243353582104556e-05
1786544085.5602136,96040,37,Loss/l_ce,0.0729055404663086
1786544085.5604737,96040,37,Loss/l_total,0.0729055404663086
1786544085.5604997,96040,37,LR,1.1243353582104556e-05
1786544097.4806147,96060,37,Loss/l_ce,0.15374445915222168
1786544097.4807868,96060,37,Loss/l_total,0.15374445915222168
1786544097.4808104,96060,37,LR,1.1243353582104556e-05
1786544107.9108434,96080,37,Loss/l_ce,0.04912447929382324
1786544107.9110572,96080,37,Loss/l_total,0.04912447929382324
1786544107.9110856,96080,37,LR,1.1243353582104556e-05
1786544124.1059704,96100,37,Loss/l_ce,0.06534671783447266
1786544124.1061676,96100,37,Loss/l_total,0.06534671783447266
1786544124.1061938,96100,37,LR,1.1243353582104556e-05
1786544135.5959477,96120,37,Loss/l_ce,0.07364082336425781
1786544135.5961413,96120,37,Loss/l_total,0.07364082336425781
1786544135.5961673,96120,37,LR,1.1243353582104556e-05
1786544144.3575084,96140,37,Loss/l_ce,0.0301969051361084
1786544144.3576713,96140,37,Loss/l_total,0.0301969051361084
1786544144.3576946,96140,37,LR,1.1243353582104556e-05
1786544153.719984,96160,37,Loss/l_ce,0.0704338550567627
1786544153.7201622,96160,37,Loss/l_total,0.0704338550567627
1786544153.7201872,96160,37,LR,1.1243353582104556e-05
1786544161.1863158,96180,37,Loss/l_ce,0.06596565246582031
1786544161.186476,96180,37,Loss/l_total,0.06596565246582031
1786544161.1865008,96180,37,LR,1.1243353582104556e-05
1786544170.4968553,96200,37,Loss/l_ce,0.07450675964355469
1786544170.4970238,96200,37,Loss/l_total,0.07450675964355469
1786544170.4971735,96200,37,LR,1.1243353582104556e-05
1786544179.7206473,96220,37,Loss/l_ce,0.06926131248474121
1786544179.7208219,96220,37,Loss/l_total,0.06926131248474121
1786544179.7208455,96220,37,LR,1.1243353582104556e-05
1786544191.6945632,96240,37,Loss/l_ce,0.09934782981872559
1786544191.694803,96240,37,Loss/l_total,0.09934782981872559
1786544191.694842,96240,37,LR,1.1243353582104556e-05
1786544201.5257835,96260,37,Loss/l_ce,0.041916847229003906
1786544201.5259473,96260,37,Loss/l_total,0.041916847229003906
1786544201.5259712,96260,37,LR,1.1243353582104556e-05
1786544210.8473716,96280,37,Loss/l_ce,0.09547066688537598
1786544210.8475688,96280,37,Loss/l_total,0.09547066688537598
1786544210.8475924,96280,37,LR,1.1243353582104556e-05
1786544218.7816858,96300,37,Loss/l_ce,0.0780022144317627
1786544218.781863,96300,37,Loss/l_total,0.0780022144317627
1786544218.7818866,96300,37,LR,1.1243353582104556e-05
1786544228.9925177,96320,37,Loss/l_ce,0.0991053581237793
1786544228.992762,96320,37,Loss/l_total,0.0991053581237793
1786544228.9927835,96320,37,LR,1.1243353582104556e-05
1786544240.1525524,96340,37,Loss/l_ce,0.09455442428588867
1786544240.1527283,96340,37,Loss/l_total,0.09455442428588867
1786544240.152752,96340,37,LR,1.1243353582104556e-05
1786544249.858387,96360,37,Loss/l_ce,0.0880122184753418
1786544249.8585508,96360,37,Loss/l_total,0.0880122184753418
1786544249.8585746,96360,37,LR,1.1243353582104556e-05
1786544258.0405369,96380,37,Loss/l_ce,0.11255669593811035
1786544258.04069,96380,37,Loss/l_total,0.11255669593811035
1786544258.0407124,96380,37,LR,1.1243353582104556e-05
1786544266.2584124,96400,37,Loss/l_ce,0.10309171676635742
1786544266.2585716,96400,37,Loss/l_total,0.10309171676635742
1786544266.2585928,96400,37,LR,1.1243353582104556e-05
1786544275.3113766,96420,37,Loss/l_ce,0.06805753707885742
1786544275.311556,96420,37,Loss/l_total,0.06805753707885742
1786544275.311581,96420,37,LR,1.1243353582104556e-05
1786544284.3932562,96440,37,Loss/l_ce,0.10109496116638184
1786544284.3934236,96440,37,Loss/l_total,0.10109496116638184
1786544284.3934474,96440,37,LR,1.1243353582104556e-05
1786544292.9778657,96460,37,Loss/l_ce,0.06734371185302734
1786544292.9780152,96460,37,Loss/l_total,0.06734371185302734
1786544292.9780653,96460,37,LR,1.1243353582104556e-05
1786544302.738238,96480,37,Loss/l_ce,0.05552554130554199
1786544302.7383878,96480,37,Loss/l_total,0.05552554130554199
1786544302.7384102,96480,37,LR,1.1243353582104556e-05
1786544310.0255814,96500,37,Loss/l_ce,0.05805087089538574
1786544310.0257843,96500,37,Loss/l_total,0.05805087089538574
1786544310.0258071,96500,37,LR,1.1243353582104556e-05
1786544317.452355,96520,37,Loss/l_ce,0.08008980751037598
1786544317.4525542,96520,37,Loss/l_total,0.08008980751037598
1786544317.452579,96520,37,LR,1.1243353582104556e-05
1786544327.4551,96540,37,Loss/l_ce,0.09428024291992188
1786544327.4552677,96540,37,Loss/l_total,0.09428024291992188
1786544327.45529,96540,37,LR,1.1243353582104556e-05
1786544338.2548065,96560,37,Loss/l_ce,0.11169028282165527
1786544338.2550523,96560,37,Loss/l_total,0.11169028282165527
1786544338.2550797,96560,37,LR,1.1243353582104556e-05
1786544350.6460724,96580,37,Loss/l_ce,0.06573200225830078
1786544350.6463015,96580,37,Loss/l_total,0.06573200225830078
1786544350.6463275,96580,37,LR,1.1243353582104556e-05
1786544358.1355333,96600,37,Loss/l_ce,0.09568643569946289
1786544358.1356997,96600,37,Loss/l_total,0.09568643569946289
1786544358.1357257,96600,37,LR,1.1243353582104556e-05
1786544367.9183912,96620,37,Loss/l_ce,0.09377098083496094
1786544367.9185872,96620,37,Loss/l_total,0.09377098083496094
1786544367.918611,96620,37,LR,1.1243353582104556e-05
1786544376.1813467,96640,37,Loss/l_ce,0.09728360176086426
1786544376.181554,96640,37,Loss/l_total,0.09728360176086426
1786544376.181578,96640,37,LR,1.1243353582104556e-05
1786544387.6357508,96660,37,Loss/l_ce,0.062005043029785156
1786544387.6359563,96660,37,Loss/l_total,0.062005043029785156
1786544387.6359823,96660,37,LR,1.1243353582104556e-05
1786544396.7159576,96680,37,Loss/l_ce,0.0975344181060791
1786544396.7161963,96680,37,Loss/l_total,0.0975344181060791
1786544396.716226,96680,37,LR,1.1243353582104556e-05
1786544408.5597043,96700,37,Loss/l_ce,0.05291271209716797
1786544408.5599146,96700,37,Loss/l_total,0.05291271209716797
1786544408.5599394,96700,37,LR,1.1243353582104556e-05
1786544417.6068547,96720,37,Loss/l_ce,0.07873034477233887
1786544417.6070874,96720,37,Loss/l_total,0.07873034477233887
1786544417.6071239,96720,37,LR,1.1243353582104556e-05
1786544426.6031268,96740,37,Loss/l_ce,0.0845785140991211
1786544426.6033225,96740,37,Loss/l_total,0.0845785140991211
1786544426.60335,96740,37,LR,1.1243353582104556e-05
1786544435.392901,96760,37,Loss/l_ce,0.10782480239868164
1786544435.3931372,96760,37,Loss/l_total,0.10782480239868164
1786544435.3933842,96760,37,LR,1.1243353582104556e-05
1786544442.9301772,96780,37,Loss/l_ce,0.05863451957702637
1786544442.9303708,96780,37,Loss/l_total,0.05863451957702637
1786544442.9303982,96780,37,LR,1.1243353582104556e-05
1786544452.13446,96800,37,Loss/l_ce,0.09694766998291016
1786544452.1346142,96800,37,Loss/l_total,0.09694766998291016
1786544452.1346354,96800,37,LR,1.1243353582104556e-05
1786544461.0434275,96820,37,Loss/l_ce,0.05297589302062988
1786544461.04362,96820,37,Loss/l_total,0.05297589302062988
1786544461.043645,96820,37,LR,1.1243353582104556e-05
1786544470.6476884,96840,37,Loss/l_ce,0.07318520545959473
1786544470.6478465,96840,37,Loss/l_total,0.07318520545959473
1786544470.6478713,96840,37,LR,1.1243353582104556e-05
1786544478.9128003,96860,37,Loss/l_ce,0.05353713035583496
1786544478.9129665,96860,37,Loss/l_total,0.05353713035583496
1786544478.91299,96860,37,LR,1.1243353582104556e-05
1786544488.6005147,96880,37,Loss/l_ce,0.10803365707397461
1786544488.6007202,96880,37,Loss/l_total,0.10803365707397461
1786544488.600744,96880,37,LR,1.1243353582104556e-05
1786544496.6825016,96900,37,Loss/l_ce,0.28867387771606445
1786544496.6827095,96900,37,Loss/l_total,0.28867387771606445
1786544496.6827343,96900,37,LR,1.1243353582104556e-05
1786544609.278282,96900,37,Val/avg_error,0.008450979366898537
1786544609.2788172,96900,37,Val/acc,0.86611328125
1786544609.278846,96900,37,Val/sparse_auc,0.9314016631155303
1786544609.2788663,96900,37,Val/sparse_pck_max,0.1
1786544609.278884,96900,37,Val/sparse_pck_n,100.0
1786544621.243993,96920,38,Loss/l_ce,0.054917335510253906
1786544621.244229,96920,38,Loss/l_total,0.054917335510253906
1786544621.2442565,96920,38,LR,1.0554024673218807e-05
1786544631.069936,96940,38,Loss/l_ce,0.08507323265075684
1786544631.0702116,96940,38,Loss/l_total,0.08507323265075684
1786544631.0702462,96940,38,LR,1.0554024673218807e-05
1786544643.940779,96960,38,Loss/l_ce,0.09355998039245605
1786544643.9409904,96960,38,Loss/l_total,0.09355998039245605
1786544643.9410167,96960,38,LR,1.0554024673218807e-05
1786544652.7560518,96980,38,Loss/l_ce,0.08274698257446289
1786544652.7562296,96980,38,Loss/l_total,0.08274698257446289
1786544652.7562535,96980,38,LR,1.0554024673218807e-05
1786544662.1413395,97000,38,Loss/l_ce,0.09724974632263184
1786544662.141493,97000,38,Loss/l_total,0.09724974632263184
1786544662.1415143,97000,38,LR,1.0554024673218807e-05
1786544671.380467,97020,38,Loss/l_ce,0.062056541442871094
1786544671.380637,97020,38,Loss/l_total,0.062056541442871094
1786544671.3806605,97020,38,LR,1.0554024673218807e-05
1786544678.8077147,97040,38,Loss/l_ce,0.060450077056884766
1786544678.8078964,97040,38,Loss/l_total,0.060450077056884766
1786544678.8079178,97040,38,LR,1.0554024673218807e-05
1786544691.724605,97060,38,Loss/l_ce,0.04564952850341797
1786544691.7248392,97060,38,Loss/l_total,0.04564952850341797
1786544691.724864,97060,38,LR,1.0554024673218807e-05
1786544704.9572341,97080,38,Loss/l_ce,0.06836700439453125
1786544704.9574375,97080,38,Loss/l_total,0.06836700439453125
1786544704.9574623,97080,38,LR,1.0554024673218807e-05
1786544713.9241705,97100,38,Loss/l_ce,0.08389425277709961
1786544713.9244032,97100,38,Loss/l_total,0.08389425277709961
1786544713.9244294,97100,38,LR,1.0554024673218807e-05
1786544722.8055692,97120,38,Loss/l_ce,0.10586214065551758
1786544722.8057425,97120,38,Loss/l_total,0.10586214065551758
1786544722.8057652,97120,38,LR,1.0554024673218807e-05
1786544732.4019272,97140,38,Loss/l_ce,0.20721745491027832
1786544732.4021266,97140,38,Loss/l_total,0.20721745491027832
1786544732.402154,97140,38,LR,1.0554024673218807e-05
1786544741.100861,97160,38,Loss/l_ce,0.08761286735534668
1786544741.1010501,97160,38,Loss/l_total,0.08761286735534668
1786544741.1010785,97160,38,LR,1.0554024673218807e-05
1786544749.2880094,97180,38,Loss/l_ce,0.17262840270996094
1786544749.288211,97180,38,Loss/l_total,0.17262840270996094
1786544749.288235,97180,38,LR,1.0554024673218807e-05
1786544757.5509784,97200,38,Loss/l_ce,0.07495617866516113
1786544757.551224,97200,38,Loss/l_total,0.07495617866516113
1786544757.5512574,97200,38,LR,1.0554024673218807e-05
1786544767.2243795,97220,38,Loss/l_ce,0.08381843566894531
1786544767.2245529,97220,38,Loss/l_total,0.08381843566894531
1786544767.2245767,97220,38,LR,1.0554024673218807e-05
1786544776.4692352,97240,38,Loss/l_ce,0.11289048194885254
1786544776.4694204,97240,38,Loss/l_total,0.11289048194885254
1786544776.469443,97240,38,LR,1.0554024673218807e-05
1786544789.0849535,97260,38,Loss/l_ce,0.08881449699401855
1786544789.0852005,97260,38,Loss/l_total,0.08881449699401855
1786544789.085228,97260,38,LR,1.0554024673218807e-05
1786544797.7091663,97280,38,Loss/l_ce,0.10856819152832031
1786544797.709329,97280,38,Loss/l_total,0.10856819152832031
1786544797.7093518,97280,38,LR,1.0554024673218807e-05
1786544806.2409906,97300,38,Loss/l_ce,0.0699472427368164
1786544806.2411902,97300,38,Loss/l_total,0.0699472427368164
1786544806.2412176,97300,38,LR,1.0554024673218807e-05
1786544817.6112084,97320,38,Loss/l_ce,0.09688997268676758
1786544817.6113544,97320,38,Loss/l_total,0.09688997268676758
1786544817.611377,97320,38,LR,1.0554024673218807e-05
1786544825.5922527,97340,38,Loss/l_ce,0.10463166236877441
1786544825.5924344,97340,38,Loss/l_total,0.10463166236877441
1786544825.5924606,97340,38,LR,1.0554024673218807e-05
1786544835.8680754,97360,38,Loss/l_ce,0.09370732307434082
1786544835.8682582,97360,38,Loss/l_total,0.09370732307434082
1786544835.868283,97360,38,LR,1.0554024673218807e-05
1786544848.6016004,97380,38,Loss/l_ce,0.10569262504577637
1786544848.6017737,97380,38,Loss/l_total,0.10569262504577637
1786544848.6017976,97380,38,LR,1.0554024673218807e-05
1786544858.7384217,97400,38,Loss/l_ce,0.043595314025878906
1786544858.73864,97400,38,Loss/l_total,0.043595314025878906
1786544858.738664,97400,38,LR,1.0554024673218807e-05
1786544868.8658504,97420,38,Loss/l_ce,0.08925962448120117
1786544868.8660629,97420,38,Loss/l_total,0.08925962448120117
1786544868.8660913,97420,38,LR,1.0554024673218807e-05
1786544877.4729786,97440,38,Loss/l_ce,0.10350775718688965
1786544877.4731736,97440,38,Loss/l_total,0.10350775718688965
1786544877.4731996,97440,38,LR,1.0554024673218807e-05
1786544885.1046066,97460,38,Loss/l_ce,0.08408856391906738
1786544885.1047587,97460,38,Loss/l_total,0.08408856391906738
1786544885.1047823,97460,38,LR,1.0554024673218807e-05
1786544896.1356852,97480,38,Loss/l_ce,0.08505439758300781
1786544896.135862,97480,38,Loss/l_total,0.08505439758300781
1786544896.1358857,97480,38,LR,1.0554024673218807e-05
1786544906.5820198,97500,38,Loss/l_ce,0.06345009803771973
1786544906.5822062,97500,38,Loss/l_total,0.06345009803771973
1786544906.58223,97500,38,LR,1.0554024673218807e-05
1786544917.7164736,97520,38,Loss/l_ce,0.08593988418579102
1786544917.7166421,97520,38,Loss/l_total,0.08593988418579102
1786544917.7166672,97520,38,LR,1.0554024673218807e-05
1786544925.9951165,97540,38,Loss/l_ce,0.9977221488952637
1786544925.9952958,97540,38,Loss/l_total,0.9977221488952637
1786544925.9953253,97540,38,LR,1.0554024673218807e-05
1786544936.6520536,97560,38,Loss/l_ce,0.09929203987121582
1786544936.6522245,97560,38,Loss/l_total,0.09929203987121582
1786544936.6522493,97560,38,LR,1.0554024673218807e-05
1786544948.6389575,97580,38,Loss/l_ce,0.06179928779602051
1786544948.639157,97580,38,Loss/l_total,0.06179928779602051
1786544948.6391842,97580,38,LR,1.0554024673218807e-05
1786544959.263202,97600,38,Loss/l_ce,0.06920051574707031
1786544959.2633672,97600,38,Loss/l_total,0.06920051574707031
1786544959.263391,97600,38,LR,1.0554024673218807e-05
1786544971.5867527,97620,38,Loss/l_ce,0.07034611701965332
1786544971.5869215,97620,38,Loss/l_total,0.07034611701965332
1786544971.586945,97620,38,LR,1.0554024673218807e-05
1786544980.047205,97640,38,Loss/l_ce,1.8307209014892578
1786544980.047454,97640,38,Loss/l_total,1.8307209014892578
1786544980.0474815,97640,38,LR,1.0554024673218807e-05
1786544989.9278479,97660,38,Loss/l_ce,0.06614017486572266
1786544989.9280202,97660,38,Loss/l_total,0.06614017486572266
1786544989.92809,97660,38,LR,1.0554024673218807e-05
1786545000.7911317,97680,38,Loss/l_ce,0.0844106674194336
1786545000.7913063,97680,38,Loss/l_total,0.0844106674194336
1786545000.7913287,97680,38,LR,1.0554024673218807e-05
1786545012.109205,97700,38,Loss/l_ce,0.05747485160827637
1786545012.10937,97700,38,Loss/l_total,0.05747485160827637
1786545012.1093962,97700,38,LR,1.0554024673218807e-05
1786545021.4055398,97720,38,Loss/l_ce,0.09038496017456055
1786545021.4058652,97720,38,Loss/l_total,0.09038496017456055
1786545021.4058914,97720,38,LR,1.0554024673218807e-05
1786545031.0782044,97740,38,Loss/l_ce,0.07941627502441406
1786545031.078379,97740,38,Loss/l_total,0.07941627502441406
1786545031.0784004,97740,38,LR,1.0554024673218807e-05
1786545042.6841848,97760,38,Loss/l_ce,0.07988882064819336
1786545042.6843464,97760,38,Loss/l_total,0.07988882064819336
1786545042.6843703,97760,38,LR,1.0554024673218807e-05
1786545051.8817785,97780,38,Loss/l_ce,0.09411287307739258
1786545051.8819554,97780,38,Loss/l_total,0.09411287307739258
1786545051.881979,97780,38,LR,1.0554024673218807e-05
1786545063.5563738,97800,38,Loss/l_ce,0.09174227714538574
1786545063.556572,97800,38,Loss/l_total,0.09174227714538574
1786545063.5565958,97800,38,LR,1.0554024673218807e-05
1786545072.312348,97820,38,Loss/l_ce,0.06972813606262207
1786545072.3125024,97820,38,Loss/l_total,0.06972813606262207
1786545072.312526,97820,38,LR,1.0554024673218807e-05
1786545082.8704634,97840,38,Loss/l_ce,0.08541655540466309
1786545082.8706439,97840,38,Loss/l_total,0.08541655540466309
1786545082.8706665,97840,38,LR,1.0554024673218807e-05
1786545093.560027,97860,38,Loss/l_ce,0.07466387748718262
1786545093.5602205,97860,38,Loss/l_total,0.07466387748718262
1786545093.5602465,97860,38,LR,1.0554024673218807e-05
1786545104.7865999,97880,38,Loss/l_ce,0.06172680854797363
1786545104.786758,97880,38,Loss/l_total,0.06172680854797363
1786545104.7867818,97880,38,LR,1.0554024673218807e-05
1786545113.4252481,97900,38,Loss/l_ce,0.08260965347290039
1786545113.425431,97900,38,Loss/l_total,0.08260965347290039
1786545113.4254537,97900,38,LR,1.0554024673218807e-05
1786545123.6462896,97920,38,Loss/l_ce,0.0322873592376709
1786545123.6464937,97920,38,Loss/l_total,0.0322873592376709
1786545123.6465175,97920,38,LR,1.0554024673218807e-05
1786545147.335768,97940,38,Loss/l_ce,0.0875551700592041
1786545147.335927,97940,38,Loss/l_total,0.0875551700592041
1786545147.335952,97940,38,LR,1.0554024673218807e-05
1786545155.6303809,97960,38,Loss/l_ce,0.07551002502441406
1786545155.6305969,97960,38,Loss/l_total,0.07551002502441406
1786545155.6306233,97960,38,LR,1.0554024673218807e-05
1786545165.7384832,97980,38,Loss/l_ce,0.08817076683044434
1786545165.7386518,97980,38,Loss/l_total,0.08817076683044434
1786545165.7386768,97980,38,LR,1.0554024673218807e-05
1786545175.2369308,98000,38,Loss/l_ce,0.07794618606567383
1786545175.2372513,98000,38,Loss/l_total,0.07794618606567383
1786545175.2372763,98000,38,LR,1.0554024673218807e-05
1786545183.458176,98020,38,Loss/l_ce,0.06224203109741211
1786545183.4583933,98020,38,Loss/l_total,0.06224203109741211
1786545183.4584196,98020,38,LR,1.0554024673218807e-05
1786545191.2368274,98040,38,Loss/l_ce,0.09360980987548828
1786545191.2370493,98040,38,Loss/l_total,0.09360980987548828
1786545191.2370791,98040,38,LR,1.0554024673218807e-05
1786545201.1707168,98060,38,Loss/l_ce,0.14005136489868164
1786545201.1709552,98060,38,Loss/l_total,0.14005136489868164
1786545201.1709802,98060,38,LR,1.0554024673218807e-05
1786545210.9501672,98080,38,Loss/l_ce,0.0833578109741211
1786545210.9503348,98080,38,Loss/l_total,0.0833578109741211
1786545210.9503608,98080,38,LR,1.0554024673218807e-05
1786545221.7447443,98100,38,Loss/l_ce,0.09297609329223633
1786545221.7449117,98100,38,Loss/l_total,0.09297609329223633
1786545221.744934,98100,38,LR,1.0554024673218807e-05
1786545229.865923,98120,38,Loss/l_ce,0.11365747451782227
1786545229.866139,98120,38,Loss/l_total,0.11365747451782227
1786545229.8661664,98120,38,LR,1.0554024673218807e-05
1786545239.7032602,98140,38,Loss/l_ce,0.07560276985168457
1786545239.7035224,98140,38,Loss/l_total,0.07560276985168457
1786545239.703546,98140,38,LR,1.0554024673218807e-05
1786545251.181385,98160,38,Loss/l_ce,0.10304498672485352
1786545251.1815453,98160,38,Loss/l_total,0.10304498672485352
1786545251.181568,98160,38,LR,1.0554024673218807e-05
1786545261.2472599,98180,38,Loss/l_ce,0.09161067008972168
1786545261.2474356,98180,38,Loss/l_total,0.09161067008972168
1786545261.2474594,98180,38,LR,1.0554024673218807e-05
1786545268.3938355,98200,38,Loss/l_ce,0.09237289428710938
1786545268.394016,98200,38,Loss/l_total,0.09237289428710938
1786545268.3940718,98200,38,LR,1.0554024673218807e-05
1786545277.7824612,98220,38,Loss/l_ce,0.23600316047668457
1786545277.7826192,98220,38,Loss/l_total,0.23600316047668457
1786545277.7826416,98220,38,LR,1.0554024673218807e-05
1786545286.5852327,98240,38,Loss/l_ce,0.09004354476928711
1786545286.5853894,98240,38,Loss/l_total,0.09004354476928711
1786545286.5854154,98240,38,LR,1.0554024673218807e-05
1786545297.9386292,98260,38,Loss/l_ce,0.05681037902832031
1786545297.9387906,98260,38,Loss/l_total,0.05681037902832031
1786545297.938812,98260,38,LR,1.0554024673218807e-05
1786545306.2523258,98280,38,Loss/l_ce,0.09119129180908203
1786545306.2525277,98280,38,Loss/l_total,0.09119129180908203
1786545306.2525537,98280,38,LR,1.0554024673218807e-05
1786545317.514082,98300,38,Loss/l_ce,0.05914926528930664
1786545317.514278,98300,38,Loss/l_total,0.05914926528930664
1786545317.514304,98300,38,LR,1.0554024673218807e-05
1786545328.291675,98320,38,Loss/l_ce,0.11222314834594727
1786545328.2918732,98320,38,Loss/l_total,0.11222314834594727
1786545328.291897,98320,38,LR,1.0554024673218807e-05
1786545337.1722667,98340,38,Loss/l_ce,0.10052323341369629
1786545337.1724367,98340,38,Loss/l_total,0.10052323341369629
1786545337.172463,98340,38,LR,1.0554024673218807e-05
1786545350.3243227,98360,38,Loss/l_ce,0.06483721733093262
1786545350.324508,98360,38,Loss/l_total,0.06483721733093262
1786545350.3245318,98360,38,LR,1.0554024673218807e-05
1786545361.956611,98380,38,Loss/l_ce,0.07930803298950195
1786545361.9568033,98380,38,Loss/l_total,0.07930803298950195
1786545361.956834,98380,38,LR,1.0554024673218807e-05
1786545373.5775504,98400,38,Loss/l_ce,0.10629820823669434
1786545373.5777795,98400,38,Loss/l_total,0.10629820823669434
1786545373.5790963,98400,38,LR,1.0554024673218807e-05
1786545385.3426268,98420,38,Loss/l_ce,0.059052467346191406
1786545385.3428357,98420,38,Loss/l_total,0.059052467346191406
1786545385.342862,98420,38,LR,1.0554024673218807e-05
1786545394.2419004,98440,38,Loss/l_ce,0.04735136032104492
1786545394.2421603,98440,38,Loss/l_total,0.04735136032104492
1786545394.2421865,98440,38,LR,1.0554024673218807e-05
1786545408.173737,98460,38,Loss/l_ce,0.09425067901611328
1786545408.1739826,98460,38,Loss/l_total,0.09425067901611328
1786545408.1740124,98460,38,LR,1.0554024673218807e-05
1786545417.8554327,98480,38,Loss/l_ce,0.0893394947052002
1786545417.8557558,98480,38,Loss/l_total,0.0893394947052002
1786545417.8557985,98480,38,LR,1.0554024673218807e-05
1786545430.012718,98500,38,Loss/l_ce,0.08831214904785156
1786545430.0129318,98500,38,Loss/l_total,0.08831214904785156
1786545430.0129566,98500,38,LR,1.0554024673218807e-05
1786545443.1303515,98520,38,Loss/l_ce,0.06583118438720703
1786545443.130544,98520,38,Loss/l_total,0.06583118438720703
1786545443.130569,98520,38,LR,1.0554024673218807e-05
1786545454.9181058,98540,38,Loss/l_ce,1.7210464477539062
1786545454.9182887,98540,38,Loss/l_total,1.7210464477539062
1786545454.9183161,98540,38,LR,1.0554024673218807e-05
1786545465.864274,98560,38,Loss/l_ce,0.12066388130187988
1786545465.8644922,98560,38,Loss/l_total,0.12066388130187988
1786545465.8645267,98560,38,LR,1.0554024673218807e-05
1786545474.2300599,98580,38,Loss/l_ce,0.12406492233276367
1786545474.2302523,98580,38,Loss/l_total,0.12406492233276367
1786545474.2302854,98580,38,LR,1.0554024673218807e-05
1786545482.8959844,98600,38,Loss/l_ce,0.09996318817138672
1786545482.8962233,98600,38,Loss/l_total,0.09996318817138672
1786545482.8964915,98600,38,LR,1.0554024673218807e-05
1786545490.2675698,98620,38,Loss/l_ce,0.12951040267944336
1786545490.267755,98620,38,Loss/l_total,0.12951040267944336
1786545490.2677774,98620,38,LR,1.0554024673218807e-05
1786545500.3216367,98640,38,Loss/l_ce,0.15906143188476562
1786545500.321816,98640,38,Loss/l_total,0.15906143188476562
1786545500.321841,98640,38,LR,1.0554024673218807e-05
1786545507.9432344,98660,38,Loss/l_ce,0.16271185874938965
1786545507.9435303,98660,38,Loss/l_total,0.16271185874938965
1786545507.9435632,98660,38,LR,1.0554024673218807e-05
1786545517.4313142,98680,38,Loss/l_ce,0.06698155403137207
1786545517.4315221,98680,38,Loss/l_total,0.06698155403137207
1786545517.431547,98680,38,LR,1.0554024673218807e-05
1786545526.5848413,98700,38,Loss/l_ce,0.07197737693786621
1786545526.5851297,98700,38,Loss/l_total,0.07197737693786621
1786545526.5851665,98700,38,LR,1.0554024673218807e-05
1786545534.6448243,98720,38,Loss/l_ce,0.09448671340942383
1786545534.6450214,98720,38,Loss/l_total,0.09448671340942383
1786545534.6450763,98720,38,LR,1.0554024673218807e-05
1786545542.6629763,98740,38,Loss/l_ce,0.11227798461914062
1786545542.6632388,98740,38,Loss/l_total,0.11227798461914062
1786545542.6651871,98740,38,LR,1.0554024673218807e-05
1786545552.5880275,98760,38,Loss/l_ce,0.09870195388793945
1786545552.58893,98760,38,Loss/l_total,0.09870195388793945
1786545552.5889666,98760,38,LR,1.0554024673218807e-05
1786545562.917462,98780,38,Loss/l_ce,0.11070442199707031
1786545562.9176805,98780,38,Loss/l_total,0.11070442199707031
1786545562.9177551,98780,38,LR,1.0554024673218807e-05
1786545573.607778,98800,38,Loss/l_ce,0.08449840545654297
1786545573.6079586,98800,38,Loss/l_total,0.08449840545654297
1786545573.6079836,98800,38,LR,1.0554024673218807e-05
1786545583.6514215,98820,38,Loss/l_ce,0.0869741439819336
1786545583.6516352,98820,38,Loss/l_total,0.0869741439819336
1786545583.6516578,98820,38,LR,1.0554024673218807e-05
1786545591.501207,98840,38,Loss/l_ce,0.1606283187866211
1786545591.5016382,98840,38,Loss/l_total,0.1606283187866211
1786545591.501675,98840,38,LR,1.0554024673218807e-05
1786545599.3323565,98860,38,Loss/l_ce,0.29596710205078125
1786545599.332562,98860,38,Loss/l_total,0.29596710205078125
1786545599.3325915,98860,38,LR,1.0554024673218807e-05
1786545628.5073657,98880,38,Loss/l_ce,0.06645679473876953
1786545628.5078263,98880,38,Loss/l_total,0.06645679473876953
1786545628.5083747,98880,38,LR,1.0554024673218807e-05
1786545662.0700045,98900,38,Loss/l_ce,0.058120012283325195
1786545662.0703785,98900,38,Loss/l_total,0.058120012283325195
1786545662.0705757,98900,38,LR,1.0554024673218807e-05
1786545693.7471206,98920,38,Loss/l_ce,0.0766451358795166
1786545693.747464,98920,38,Loss/l_total,0.0766451358795166
1786545693.747496,98920,38,LR,1.0554024673218807e-05
1786545723.2676606,98940,38,Loss/l_ce,0.03029656410217285
1786545723.2678254,98940,38,Loss/l_total,0.03029656410217285
1786545723.267848,98940,38,LR,1.0554024673218807e-05
1786545750.2137036,98960,38,Loss/l_ce,0.05660581588745117
1786545750.2139602,98960,38,Loss/l_total,0.05660581588745117
1786545750.213985,98960,38,LR,1.0554024673218807e-05
1786545767.6751955,98980,38,Loss/l_ce,0.10161161422729492
1786545767.6755707,98980,38,Loss/l_total,0.10161161422729492
1786545767.6756108,98980,38,LR,1.0554024673218807e-05
1786545782.8569086,99000,38,Loss/l_ce,0.2542092800140381
1786545782.8576412,99000,38,Loss/l_total,0.2542092800140381
1786545782.8579261,99000,38,LR,1.0554024673218807e-05
1786545816.998559,99020,38,Loss/l_ce,0.08204126358032227
1786545816.9988286,99020,38,Loss/l_total,0.08204126358032227
1786545816.9988606,99020,38,LR,1.0554024673218807e-05
1786545841.1271455,99040,38,Loss/l_ce,0.25563931465148926
1786545841.1275597,99040,38,Loss/l_total,0.25563931465148926
1786545841.1275918,99040,38,LR,1.0554024673218807e-05
1786545871.282122,99060,38,Loss/l_ce,0.05569791793823242
1786545871.2824993,99060,38,Loss/l_total,0.05569791793823242
1786545871.282719,99060,38,LR,1.0554024673218807e-05
1786545885.6762347,99080,38,Loss/l_ce,0.05254673957824707
1786545885.676463,99080,38,Loss/l_total,0.05254673957824707
1786545885.6764889,99080,38,LR,1.0554024673218807e-05
1786545906.9723423,99100,38,Loss/l_ce,0.06469011306762695
1786545906.9727235,99100,38,Loss/l_total,0.06469011306762695
1786545906.9727564,99100,38,LR,1.0554024673218807e-05
1786545926.5054016,99120,38,Loss/l_ce,0.10784053802490234
1786545926.505626,99120,38,Loss/l_total,0.10784053802490234
1786545926.5056615,99120,38,LR,1.0554024673218807e-05
1786545954.2517,99140,38,Loss/l_ce,0.07933807373046875
1786545954.2519398,99140,38,Loss/l_total,0.07933807373046875
1786545954.2519755,99140,38,LR,1.0554024673218807e-05
1786545985.0873213,99160,38,Loss/l_ce,0.05222010612487793
1786545985.0875647,99160,38,Loss/l_total,0.05222010612487793
1786545985.0878508,99160,38,LR,1.0554024673218807e-05
1786546007.105819,99180,38,Loss/l_ce,0.0566716194152832
1786546007.106105,99180,38,Loss/l_total,0.0566716194152832
1786546007.1061385,99180,38,LR,1.0554024673218807e-05
1786546038.7558084,99200,38,Loss/l_ce,0.11202287673950195
1786546038.7561147,99200,38,Loss/l_total,0.11202287673950195
1786546038.756314,99200,38,LR,1.0554024673218807e-05
1786546072.580947,99220,38,Loss/l_ce,0.10326266288757324
1786546072.5812664,99220,38,Loss/l_total,0.10326266288757324
1786546072.581315,99220,38,LR,1.0554024673218807e-05
1786546102.374139,99240,38,Loss/l_ce,0.10853886604309082
1786546102.374437,99240,38,Loss/l_total,0.10853886604309082
1786546102.374486,99240,38,LR,1.0554024673218807e-05
1786546128.6147752,99260,38,Loss/l_ce,0.10140347480773926
1786546128.6150012,99260,38,Loss/l_total,0.10140347480773926
1786546128.6150556,99260,38,LR,1.0554024673218807e-05
1786546151.359366,99280,38,Loss/l_ce,0.08076214790344238
1786546151.359576,99280,38,Loss/l_total,0.08076214790344238
1786546151.3596022,99280,38,LR,1.0554024673218807e-05
1786546167.9275818,99300,38,Loss/l_ce,0.08550024032592773
1786546167.9278216,99300,38,Loss/l_total,0.08550024032592773
1786546167.9278562,99300,38,LR,1.0554024673218807e-05
1786546192.0146582,99320,38,Loss/l_ce,0.07590246200561523
1786546192.0149302,99320,38,Loss/l_total,0.07590246200561523
1786546192.0149536,99320,38,LR,1.0554024673218807e-05
1786546214.033513,99340,38,Loss/l_ce,0.11064529418945312
1786546214.0338442,99340,38,Loss/l_total,0.11064529418945312
1786546214.0338798,99340,38,LR,1.0554024673218807e-05
1786546239.273005,99360,38,Loss/l_ce,0.0875539779663086
1786546239.273379,99360,38,Loss/l_total,0.0875539779663086
1786546239.273791,99360,38,LR,1.0554024673218807e-05
1786546252.9234514,99380,38,Loss/l_ce,0.07373905181884766
1786546252.9237375,99380,38,Loss/l_total,0.07373905181884766
1786546252.9237647,99380,38,LR,1.0554024673218807e-05
1786546270.1528504,99400,38,Loss/l_ce,0.11260986328125
1786546270.1531222,99400,38,Loss/l_total,0.11260986328125
1786546270.153153,99400,38,LR,1.0554024673218807e-05
1786546296.016072,99420,38,Loss/l_ce,0.06252431869506836
1786546296.016433,99420,38,Loss/l_total,0.06252431869506836
1786546296.0164626,99420,38,LR,1.0554024673218807e-05
1786546320.9872956,99440,38,Loss/l_ce,0.1070563793182373
1786546320.9875522,99440,38,Loss/l_total,0.1070563793182373
1786546320.9875915,99440,38,LR,1.0554024673218807e-05
1786546490.8973033,99450,38,Val/avg_error,0.009696967899799347
1786546490.897744,99450,38,Val/acc,0.8498046875
1786546490.8977902,99450,38,Val/sparse_auc,0.9229637685448232
1786546490.89782,99450,38,Val/sparse_pck_max,0.1
1786546490.8978364,99450,38,Val/sparse_pck_n,100.0
1786546510.5663745,99460,39,Loss/l_ce,0.06485724449157715
1786546510.5666015,99460,39,Loss/l_total,0.06485724449157715
1786546510.5666275,99460,39,LR,1.0138719982009242e-05
1786546519.6752694,99480,39,Loss/l_ce,0.062455177307128906
1786546519.6754959,99480,39,Loss/l_total,0.062455177307128906
1786546519.6755233,99480,39,LR,1.0138719982009242e-05
1786546538.2592313,99500,39,Loss/l_ce,0.08149147033691406
1786546538.2594924,99500,39,Loss/l_total,0.08149147033691406
1786546538.2597785,99500,39,LR,1.0138719982009242e-05
1786546561.523306,99520,39,Loss/l_ce,0.10114026069641113
1786546561.5236137,99520,39,Loss/l_total,0.10114026069641113
1786546561.52366,99520,39,LR,1.0138719982009242e-05
1786546591.3574164,99540,39,Loss/l_ce,0.25887513160705566
1786546591.3576434,99540,39,Loss/l_total,0.25887513160705566
1786546591.3576694,99540,39,LR,1.0138719982009242e-05
1786546620.6274958,99560,39,Loss/l_ce,0.08317828178405762
1786546620.6277118,99560,39,Loss/l_total,0.08317828178405762
1786546620.6277437,99560,39,LR,1.0138719982009242e-05
1786546639.9085767,99580,39,Loss/l_ce,0.1094655990600586
1786546639.9088273,99580,39,Loss/l_total,0.1094655990600586
1786546639.9088652,99580,39,LR,1.0138719982009242e-05
1786546652.730379,99600,39,Loss/l_ce,0.14676451683044434
1786546652.730733,99600,39,Loss/l_total,0.14676451683044434
1786546652.7307684,99600,39,LR,1.0138719982009242e-05
1786546685.5931408,99620,39,Loss/l_ce,0.08271408081054688
1786546685.593378,99620,39,Loss/l_total,0.08271408081054688
1786546685.5934055,99620,39,LR,1.0138719982009242e-05
1786546716.1755767,99640,39,Loss/l_ce,0.09640049934387207
1786546716.1759055,99640,39,Loss/l_total,0.09640049934387207
1786546716.1759448,99640,39,LR,1.0138719982009242e-05
1786546741.1451838,99660,39,Loss/l_ce,0.05716419219970703
1786546741.1453786,99660,39,Loss/l_total,0.05716419219970703
1786546741.145401,99660,39,LR,1.0138719982009242e-05
1786546762.8928695,99680,39,Loss/l_ce,0.07729339599609375
1786546762.893121,99680,39,Loss/l_total,0.07729339599609375
1786546762.893152,99680,39,LR,1.0138719982009242e-05
1786546770.160409,99700,39,Loss/l_ce,0.25606751441955566
1786546770.160624,99700,39,Loss/l_total,0.25606751441955566
1786546770.1606574,99700,39,LR,1.0138719982009242e-05
1786546779.5970557,99720,39,Loss/l_ce,0.08804082870483398
1786546779.5972672,99720,39,Loss/l_total,0.08804082870483398
1786546779.5972943,99720,39,LR,1.0138719982009242e-05
1786546788.3064594,99740,39,Loss/l_ce,0.08748698234558105
1786546788.3066328,99740,39,Loss/l_total,0.08748698234558105
1786546788.3066576,99740,39,LR,1.0138719982009242e-05
1786546796.8296258,99760,39,Loss/l_ce,0.09900474548339844
1786546796.8298252,99760,39,Loss/l_total,0.09900474548339844
1786546796.829849,99760,39,LR,1.0138719982009242e-05
1786546809.06084,99780,39,Loss/l_ce,0.01993560791015625
1786546809.0611165,99780,39,Loss/l_total,0.01993560791015625
1786546809.0611484,99780,39,LR,1.0138719982009242e-05
1786546816.4183054,99800,39,Loss/l_ce,0.17254018783569336
1786546816.4184904,99800,39,Loss/l_total,0.17254018783569336
1786546816.4185152,99800,39,LR,1.0138719982009242e-05
1786546824.797399,99820,39,Loss/l_ce,0.06634283065795898
1786546824.7976055,99820,39,Loss/l_total,0.06634283065795898
1786546824.7976413,99820,39,LR,1.0138719982009242e-05
1786546832.846582,99840,39,Loss/l_ce,0.054162025451660156
1786546832.8467638,99840,39,Loss/l_total,0.054162025451660156
1786546832.8467913,99840,39,LR,1.0138719982009242e-05
1786546843.894378,99860,39,Loss/l_ce,0.06944012641906738
1786546843.8945396,99860,39,Loss/l_total,0.06944012641906738
1786546843.8945656,99860,39,LR,1.0138719982009242e-05
1786546853.8793201,99880,39,Loss/l_ce,0.07549762725830078
1786546853.879528,99880,39,Loss/l_total,0.07549762725830078
1786546853.87956,99880,39,LR,1.0138719982009242e-05
1786546864.7305768,99900,39,Loss/l_ce,0.05964303016662598
1786546864.730825,99900,39,Loss/l_total,0.05964303016662598
1786546864.7308512,99900,39,LR,1.0138719982009242e-05
1786546875.0583258,99920,39,Loss/l_ce,0.07720613479614258
1786546875.058518,99920,39,Loss/l_total,0.07720613479614258
1786546875.0585442,99920,39,LR,1.0138719982009242e-05
1786546882.9382915,99940,39,Loss/l_ce,0.07458758354187012
1786546882.9384756,99940,39,Loss/l_total,0.07458758354187012
1786546882.9385016,99940,39,LR,1.0138719982009242e-05
1786546891.0377111,99960,39,Loss/l_ce,0.08766531944274902
1786546891.0379725,99960,39,Loss/l_total,0.08766531944274902
1786546891.038008,99960,39,LR,1.0138719982009242e-05
1786546901.6875024,99980,39,Loss/l_ce,0.09621453285217285
1786546901.6877553,99980,39,Loss/l_total,0.09621453285217285
1786546901.687785,99980,39,LR,1.0138719982009242e-05
1786546910.7120636,100000,39,Loss/l_ce,0.10094404220581055
1786546910.7122333,100000,39,Loss/l_total,0.10094404220581055
1786546910.712257,100000,39,LR,1.0138719982009242e-05
1786546918.6209908,100020,39,Loss/l_ce,0.06010794639587402
1786546918.6212509,100020,39,Loss/l_total,0.06010794639587402
1786546918.6212819,100020,39,LR,1.0138719982009242e-05
1786546927.5043848,100040,39,Loss/l_ce,0.07527613639831543
1786546927.5046544,100040,39,Loss/l_total,0.07527613639831543
1786546927.5046792,100040,39,LR,1.0138719982009242e-05
1786546936.3256617,100060,39,Loss/l_ce,0.07526946067810059
1786546936.3258314,100060,39,Loss/l_total,0.07526946067810059
1786546936.3258576,100060,39,LR,1.0138719982009242e-05
1786546946.2794223,100080,39,Loss/l_ce,2.0202994346618652
1786546946.2796445,100080,39,Loss/l_total,2.0202994346618652
1786546946.2796705,100080,39,LR,1.0138719982009242e-05
1786546958.4805338,100100,39,Loss/l_ce,0.06903219223022461
1786546958.4807463,100100,39,Loss/l_total,0.06903219223022461
1786546958.4807723,100100,39,LR,1.0138719982009242e-05
1786546966.8461914,100120,39,Loss/l_ce,0.12035846710205078
1786546966.8463693,100120,39,Loss/l_total,0.12035846710205078
1786546966.8463943,100120,39,LR,1.0138719982009242e-05
1786546976.5162067,100140,39,Loss/l_ce,0.09739398956298828
1786546976.516379,100140,39,Loss/l_total,0.09739398956298828
1786546976.5164053,100140,39,LR,1.0138719982009242e-05
1786546985.1951292,100160,39,Loss/l_ce,0.060527801513671875
1786546985.1953142,100160,39,Loss/l_total,0.060527801513671875
1786546985.195344,100160,39,LR,1.0138719982009242e-05
1786546993.4615345,100180,39,Loss/l_ce,0.0597991943359375
1786546993.4617257,100180,39,Loss/l_total,0.0597991943359375
1786546993.4617517,100180,39,LR,1.0138719982009242e-05
1786547004.0973399,100200,39,Loss/l_ce,0.08435440063476562
1786547004.097543,100200,39,Loss/l_total,0.08435440063476562
1786547004.097569,100200,39,LR,1.0138719982009242e-05
1786547011.915607,100220,39,Loss/l_ce,0.16827797889709473
1786547011.9158125,100220,39,Loss/l_total,0.16827797889709473
1786547011.9158397,100220,39,LR,1.0138719982009242e-05
1786547019.161708,100240,39,Loss/l_ce,0.020891189575195312
1786547019.161919,100240,39,Loss/l_total,0.020891189575195312
1786547019.162215,100240,39,LR,1.0138719982009242e-05
1786547025.916591,100260,39,Loss/l_ce,0.11769223213195801
1786547025.9167795,100260,39,Loss/l_total,0.11769223213195801
1786547025.9168093,100260,39,LR,1.0138719982009242e-05
1786547033.8629982,100280,39,Loss/l_ce,0.0910799503326416
1786547033.8632133,100280,39,Loss/l_total,0.0910799503326416
1786547033.8632429,100280,39,LR,1.0138719982009242e-05
1786547040.7796562,100300,39,Loss/l_ce,0.10151147842407227
1786547040.7798307,100300,39,Loss/l_total,0.10151147842407227
1786547040.779857,100300,39,LR,1.0138719982009242e-05
1786547048.9539914,100320,39,Loss/l_ce,0.08451032638549805
1786547048.9542286,100320,39,Loss/l_total,0.08451032638549805
1786547048.9542584,100320,39,LR,1.0138719982009242e-05
1786547056.1328256,100340,39,Loss/l_ce,0.06843042373657227
1786547056.133024,100340,39,Loss/l_total,0.06843042373657227
1786547056.1330776,100340,39,LR,1.0138719982009242e-05
1786547064.0795584,100360,39,Loss/l_ce,0.06804656982421875
1786547064.079785,100360,39,Loss/l_total,0.06804656982421875
1786547064.0798123,100360,39,LR,1.0138719982009242e-05
1786547071.6043067,100380,39,Loss/l_ce,0.05424666404724121
1786547071.6044955,100380,39,Loss/l_total,0.05424666404724121
1786547071.6045206,100380,39,LR,1.0138719982009242e-05
1786547078.7194283,100400,39,Loss/l_ce,0.07776951789855957
1786547078.719712,100400,39,Loss/l_total,0.07776951789855957
1786547078.7197537,100400,39,LR,1.0138719982009242e-05
1786547085.8584182,100420,39,Loss/l_ce,0.10076093673706055
1786547085.8586378,100420,39,Loss/l_total,0.10076093673706055
1786547085.8586652,100420,39,LR,1.0138719982009242e-05
1786547092.3497994,100440,39,Loss/l_ce,0.0918731689453125
1786547092.3499975,100440,39,Loss/l_total,0.0918731689453125
1786547092.3500214,100440,39,LR,1.0138719982009242e-05
1786547099.2302163,100460,39,Loss/l_ce,0.05019426345825195
1786547099.2304606,100460,39,Loss/l_total,0.05019426345825195
1786547099.2304904,100460,39,LR,1.0138719982009242e-05
1786547107.1923811,100480,39,Loss/l_ce,0.11344265937805176
1786547107.1926103,100480,39,Loss/l_total,0.11344265937805176
1786547107.192635,100480,39,LR,1.0138719982009242e-05
1786547114.3696482,100500,39,Loss/l_ce,0.0886073112487793
1786547114.3698308,100500,39,Loss/l_total,0.0886073112487793
1786547114.369857,100500,39,LR,1.0138719982009242e-05
1786547122.3748465,100520,39,Loss/l_ce,0.07481002807617188
1786547122.3750246,100520,39,Loss/l_total,0.07481002807617188
1786547122.3750746,100520,39,LR,1.0138719982009242e-05
1786547131.3811853,100540,39,Loss/l_ce,0.08472299575805664
1786547131.3814013,100540,39,Loss/l_total,0.08472299575805664
1786547131.3814263,100540,39,LR,1.0138719982009242e-05
1786547142.4897478,100560,39,Loss/l_ce,0.05564999580383301
1786547142.4899826,100560,39,Loss/l_total,0.05564999580383301
1786547142.4900115,100560,39,LR,1.0138719982009242e-05
1786547152.805848,100580,39,Loss/l_ce,0.31697678565979004
1786547152.806027,100580,39,Loss/l_total,0.31697678565979004
1786547152.806077,100580,39,LR,1.0138719982009242e-05
1786547161.1847348,100600,39,Loss/l_ce,0.1253345012664795
1786547161.1849768,100600,39,Loss/l_total,0.1253345012664795
1786547161.185002,100600,39,LR,1.0138719982009242e-05
1786547172.3037665,100620,39,Loss/l_ce,0.0947573184967041
1786547172.3042877,100620,39,Loss/l_total,0.0947573184967041
1786547172.3044803,100620,39,LR,1.0138719982009242e-05
1786547184.2064617,100640,39,Loss/l_ce,0.10030269622802734
1786547184.2066884,100640,39,Loss/l_total,0.10030269622802734
1786547184.20673,100640,39,LR,1.0138719982009242e-05
1786547190.826092,100660,39,Loss/l_ce,0.061235904693603516
1786547190.8263175,100660,39,Loss/l_total,0.061235904693603516
1786547190.8263474,100660,39,LR,1.0138719982009242e-05
1786547199.8846264,100680,39,Loss/l_ce,0.06234908103942871
1786547199.884846,100680,39,Loss/l_total,0.06234908103942871
1786547199.8848712,100680,39,LR,1.0138719982009242e-05
1786547207.2517123,100700,39,Loss/l_ce,0.10352206230163574
1786547207.2519202,100700,39,Loss/l_total,0.10352206230163574
1786547207.251945,100700,39,LR,1.0138719982009242e-05
1786547214.9518738,100720,39,Loss/l_ce,0.06129598617553711
1786547214.9520745,100720,39,Loss/l_total,0.06129598617553711
1786547214.952102,100720,39,LR,1.0138719982009242e-05
1786547226.3268592,100740,39,Loss/l_ce,0.08314800262451172
1786547226.3271883,100740,39,Loss/l_total,0.08314800262451172
1786547226.3272202,100740,39,LR,1.0138719982009242e-05
1786547233.553636,100760,39,Loss/l_ce,0.07472825050354004
1786547233.5538251,100760,39,Loss/l_total,0.07472825050354004
1786547233.5538607,100760,39,LR,1.0138719982009242e-05
1786547240.1906912,100780,39,Loss/l_ce,0.3139681816101074
1786547240.1909096,100780,39,Loss/l_total,0.3139681816101074
1786547240.190937,100780,39,LR,1.0138719982009242e-05
1786547249.042732,100800,39,Loss/l_ce,0.08356451988220215
1786547249.042916,100800,39,Loss/l_total,0.08356451988220215
1786547249.0429435,100800,39,LR,1.0138719982009242e-05
1786547258.958656,100820,39,Loss/l_ce,0.15903258323669434
1786547258.9588625,100820,39,Loss/l_total,0.15903258323669434
1786547258.9588873,100820,39,LR,1.0138719982009242e-05
1786547270.9194355,100840,39,Loss/l_ce,0.09617257118225098
1786547270.919615,100840,39,Loss/l_total,0.09617257118225098
1786547270.9196386,100840,39,LR,1.0138719982009242e-05
1786547280.4042816,100860,39,Loss/l_ce,0.055657386779785156
1786547280.4044657,100860,39,Loss/l_total,0.055657386779785156
1786547280.404493,100860,39,LR,1.0138719982009242e-05
1786547290.401464,100880,39,Loss/l_ce,0.08838129043579102
1786547290.4016838,100880,39,Loss/l_total,0.08838129043579102
1786547290.4017098,100880,39,LR,1.0138719982009242e-05
1786547298.6990979,100900,39,Loss/l_ce,0.07474327087402344
1786547298.6993294,100900,39,Loss/l_total,0.07474327087402344
1786547298.6993556,100900,39,LR,1.0138719982009242e-05
1786547308.2762504,100920,39,Loss/l_ce,0.0661461353302002
1786547308.2764804,100920,39,Loss/l_total,0.0661461353302002
1786547308.2765043,100920,39,LR,1.0138719982009242e-05
1786547317.4895062,100940,39,Loss/l_ce,0.07104682922363281
1786547317.489885,100940,39,Loss/l_total,0.07104682922363281
1786547317.4901607,100940,39,LR,1.0138719982009242e-05
1786547327.5524726,100960,39,Loss/l_ce,0.05216503143310547
1786547327.5526354,100960,39,Loss/l_total,0.05216503143310547
1786547327.552659,100960,39,LR,1.0138719982009242e-05
1786547336.6112332,100980,39,Loss/l_ce,0.09827494621276855
1786547336.6114209,100980,39,Loss/l_total,0.09827494621276855
1786547336.6114507,100980,39,LR,1.0138719982009242e-05
1786547347.053682,101000,39,Loss/l_ce,0.051419973373413086
1786547347.0539553,101000,39,Loss/l_total,0.051419973373413086
1786547347.0539958,101000,39,LR,1.0138719982009242e-05
1786547355.984403,101020,39,Loss/l_ce,0.07577776908874512
1786547355.9846663,101020,39,Loss/l_total,0.07577776908874512
1786547355.984695,101020,39,LR,1.0138719982009242e-05
1786547363.8213422,101040,39,Loss/l_ce,0.5348811149597168
1786547363.8215227,101040,39,Loss/l_total,0.5348811149597168
1786547363.8215487,101040,39,LR,1.0138719982009242e-05
1786547371.5656765,101060,39,Loss/l_ce,0.09347343444824219
1786547371.565871,101060,39,Loss/l_total,0.09347343444824219
1786547371.5659056,101060,39,LR,1.0138719982009242e-05
1786547378.4304261,101080,39,Loss/l_ce,0.06137657165527344
1786547378.4306066,101080,39,Loss/l_total,0.06137657165527344
1786547378.4306364,101080,39,LR,1.0138719982009242e-05
1786547387.3609796,101100,39,Loss/l_ce,0.08177065849304199
1786547387.3612123,101100,39,Loss/l_total,0.08177065849304199
1786547387.3612382,101100,39,LR,1.0138719982009242e-05
1786547397.6727567,101120,39,Loss/l_ce,0.06392574310302734
1786547397.6729503,101120,39,Loss/l_total,0.06392574310302734
1786547397.6729765,101120,39,LR,1.0138719982009242e-05
1786547406.28451,101140,39,Loss/l_ce,0.06475114822387695
1786547406.2846904,101140,39,Loss/l_total,0.06475114822387695
1786547406.284719,101140,39,LR,1.0138719982009242e-05
1786547420.122939,101160,39,Loss/l_ce,0.653925895690918
1786547420.123186,101160,39,Loss/l_total,0.653925895690918
1786547420.123216,101160,39,LR,1.0138719982009242e-05
1786547427.8389337,101180,39,Loss/l_ce,0.07452559471130371
1786547427.8391511,101180,39,Loss/l_total,0.07452559471130371
1786547427.8391843,101180,39,LR,1.0138719982009242e-05
1786547435.2331328,101200,39,Loss/l_ce,0.07135200500488281
1786547435.2333534,101200,39,Loss/l_total,0.07135200500488281
1786547435.2333844,101200,39,LR,1.0138719982009242e-05
1786547444.002366,101220,39,Loss/l_ce,0.08173632621765137
1786547444.002563,101220,39,Loss/l_total,0.08173632621765137
1786547444.0025883,101220,39,LR,1.0138719982009242e-05
1786547452.3033984,101240,39,Loss/l_ce,0.08980607986450195
1786547452.3035884,101240,39,Loss/l_total,0.08980607986450195
1786547452.303617,101240,39,LR,1.0138719982009242e-05
1786547462.906872,101260,39,Loss/l_ce,0.06287598609924316
1786547462.907063,101260,39,Loss/l_total,0.06287598609924316
1786547462.9070904,101260,39,LR,1.0138719982009242e-05
1786547472.843161,101280,39,Loss/l_ce,0.13878345489501953
1786547472.8433795,101280,39,Loss/l_total,0.13878345489501953
1786547472.8434055,101280,39,LR,1.0138719982009242e-05
1786547482.0641708,101300,39,Loss/l_ce,0.09037232398986816
1786547482.064394,101300,39,Loss/l_total,0.09037232398986816
1786547482.0644393,101300,39,LR,1.0138719982009242e-05
1786547490.499542,101320,39,Loss/l_ce,0.10053253173828125
1786547490.4997249,101320,39,Loss/l_total,0.10053253173828125
1786547490.4997509,101320,39,LR,1.0138719982009242e-05
1786547498.8744304,101340,39,Loss/l_ce,0.19816184043884277
1786547498.8746476,101340,39,Loss/l_total,0.19816184043884277
1786547498.8746786,101340,39,LR,1.0138719982009242e-05
1786547506.4080694,101360,39,Loss/l_ce,0.08134174346923828
1786547506.4083211,101360,39,Loss/l_total,0.08134174346923828
1786547506.4083555,101360,39,LR,1.0138719982009242e-05
1786547515.1791854,101380,39,Loss/l_ce,0.027390241622924805
1786547515.1794145,101380,39,Loss/l_total,0.027390241622924805
1786547515.1794384,101380,39,LR,1.0138719982009242e-05
1786547523.1695604,101400,39,Loss/l_ce,0.10280513763427734
1786547523.1698039,101400,39,Loss/l_total,0.10280513763427734
1786547523.1698313,101400,39,LR,1.0138719982009242e-05
1786547530.1749814,101420,39,Loss/l_ce,0.08330345153808594
1786547530.175188,101420,39,Loss/l_total,0.08330345153808594
1786547530.1752167,101420,39,LR,1.0138719982009242e-05
1786547538.7798908,101440,39,Loss/l_ce,0.12636017799377441
1786547538.7800913,101440,39,Loss/l_total,0.12636017799377441
1786547538.780121,101440,39,LR,1.0138719982009242e-05
1786547547.019809,101460,39,Loss/l_ce,0.10883712768554688
1786547547.0200047,101460,39,Loss/l_total,0.10883712768554688
1786547547.0200572,101460,39,LR,1.0138719982009242e-05
1786547556.0858555,101480,39,Loss/l_ce,0.10770511627197266
1786547556.0860786,101480,39,Loss/l_total,0.10770511627197266
1786547556.0861084,101480,39,LR,1.0138719982009242e-05
1786547564.6093524,101500,39,Loss/l_ce,0.054190635681152344
1786547564.6095936,101500,39,Loss/l_total,0.054190635681152344
1786547564.6096246,101500,39,LR,1.0138719982009242e-05
1786547572.3493688,101520,39,Loss/l_ce,0.10703802108764648
1786547572.349566,101520,39,Loss/l_total,0.10703802108764648
1786547572.349592,101520,39,LR,1.0138719982009242e-05
1786547580.7297933,101540,39,Loss/l_ce,0.09322881698608398
1786547580.7299905,101540,39,Loss/l_total,0.09322881698608398
1786547580.7300189,101540,39,LR,1.0138719982009242e-05
1786547588.7406929,101560,39,Loss/l_ce,1.521535873413086
1786547588.7409256,101560,39,Loss/l_total,1.521535873413086
1786547588.740949,101560,39,LR,1.0138719982009242e-05
1786547598.3079498,101580,39,Loss/l_ce,0.09419727325439453
1786547598.3082156,101580,39,Loss/l_total,0.09419727325439453
1786547598.3082442,101580,39,LR,1.0138719982009242e-05
1786547606.343143,101600,39,Loss/l_ce,0.09230232238769531
1786547606.3433814,101600,39,Loss/l_total,0.09230232238769531
1786547606.3434076,101600,39,LR,1.0138719982009242e-05
1786547615.3274837,101620,39,Loss/l_ce,0.05990028381347656
1786547615.3276842,101620,39,Loss/l_total,0.05990028381347656
1786547615.3277092,101620,39,LR,1.0138719982009242e-05
1786547623.2879379,101640,39,Loss/l_ce,0.09042000770568848
1786547623.2881327,101640,39,Loss/l_total,0.09042000770568848
1786547623.288161,101640,39,LR,1.0138719982009242e-05
1786547633.5109096,101660,39,Loss/l_ce,0.05486917495727539
1786547633.5111468,101660,39,Loss/l_total,0.05486917495727539
1786547633.512175,101660,39,LR,1.0138719982009242e-05
1786547641.893397,101680,39,Loss/l_ce,0.031536102294921875
1786547641.8935764,101680,39,Loss/l_total,0.031536102294921875
1786547641.8936,101680,39,LR,1.0138719982009242e-05
1786547648.989501,101700,39,Loss/l_ce,0.13396978378295898
1786547648.9897656,101700,39,Loss/l_total,0.13396978378295898
1786547648.9898334,101700,39,LR,1.0138719982009242e-05
1786547656.9074962,101720,39,Loss/l_ce,0.0758657455444336
1786547656.9077206,101720,39,Loss/l_total,0.0758657455444336
1786547656.9077528,101720,39,LR,1.0138719982009242e-05
1786547665.4444945,101740,39,Loss/l_ce,0.08344435691833496
1786547665.4446964,101740,39,Loss/l_total,0.08344435691833496
1786547665.4447215,101740,39,LR,1.0138719982009242e-05
1786547676.8393476,101760,39,Loss/l_ce,0.11516046524047852
1786547676.8395817,101760,39,Loss/l_total,0.11516046524047852
1786547676.839773,101760,39,LR,1.0138719982009242e-05
1786547687.3828306,101780,39,Loss/l_ce,0.10624837875366211
1786547687.383105,101780,39,Loss/l_total,0.10624837875366211
1786547687.3831346,101780,39,LR,1.0138719982009242e-05
1786547694.8591397,101800,39,Loss/l_ce,0.057431936264038086
1786547694.8593237,101800,39,Loss/l_total,0.057431936264038086
1786547694.859352,101800,39,LR,1.0138719982009242e-05
1786547706.563973,101820,39,Loss/l_ce,0.0853126049041748
1786547706.5644085,101820,39,Loss/l_total,0.0853126049041748
1786547706.5646696,101820,39,LR,1.0138719982009242e-05
1786547714.3149676,101840,39,Loss/l_ce,0.07348108291625977
1786547714.315174,101840,39,Loss/l_total,0.07348108291625977
1786547714.3151991,101840,39,LR,1.0138719982009242e-05
1786547724.9234533,101860,39,Loss/l_ce,0.06989264488220215
1786547724.9236448,101860,39,Loss/l_total,0.06989264488220215
1786547724.9236684,101860,39,LR,1.0138719982009242e-05
1786547734.5010924,101880,39,Loss/l_ce,0.04254341125488281
1786547734.501267,101880,39,Loss/l_total,0.04254341125488281
1786547734.5012944,101880,39,LR,1.0138719982009242e-05
1786547743.2524204,101900,39,Loss/l_ce,0.07371163368225098
1786547743.2525878,101900,39,Loss/l_total,0.07371163368225098
1786547743.2526138,101900,39,LR,1.0138719982009242e-05
1786547752.1978836,101920,39,Loss/l_ce,0.08113217353820801
1786547752.1980805,101920,39,Loss/l_total,0.08113217353820801
1786547752.198108,101920,39,LR,1.0138719982009242e-05
1786547762.3095057,101940,39,Loss/l_ce,0.06361007690429688
1786547762.3097112,101940,39,Loss/l_total,0.06361007690429688
1786547762.3097372,101940,39,LR,1.0138719982009242e-05
1786547770.3618388,101960,39,Loss/l_ce,0.5933589935302734
1786547770.362073,101960,39,Loss/l_total,0.5933589935302734
1786547770.3621097,101960,39,LR,1.0138719982009242e-05
1786547780.627865,101980,39,Loss/l_ce,0.08764481544494629
1786547780.6281204,101980,39,Loss/l_total,0.08764481544494629
1786547780.62815,101980,39,LR,1.0138719982009242e-05
1786547791.406385,102000,39,Loss/l_ce,0.13211345672607422
1786547791.4065716,102000,39,Loss/l_total,0.13211345672607422
1786547791.406595,102000,39,LR,1.0138719982009242e-05
1786547896.5097733,102000,39,Val/avg_error,0.009575115516781807
1786547896.5101235,102000,39,Val/acc,0.8498046875
1786547896.5101626,102000,39,Val/sparse_auc,0.9229068023989899
1786547896.5101864,102000,39,Val/sparse_pck_max,0.1
1786547896.5102184,102000,39,Val/sparse_pck_n,100.0
