{
  "name": "runA_patch64_geo",
  "checkpoint": "/data2/home/jrr25/Documents/shape-match-diffusion/experiments/runA_patch64_geo/models/final.pth",
  "fps_metric": "geodesic",
  "n_pairs": 380,
  "flip_thresh": 0.2,
  "acc_tol": 0.05,
  "independent_sparse": {
    "avg_error": 0.1311020702123642,
    "acc_at_tol": 0.7290655838815789,
    "flip_rate": 0.17576583059210527,
    "gross_gt_0.1": 0.2115953947368421
  },
  "bijective_reference": {
    "sparse_acc": 0.9633994654605263,
    "sparse_avg_error": 0.004364152438938618
  }
}