wall_time,iter,epoch,tag,value
1786448362.5165753,20,0,Loss/l_ce,0.8199822902679443
1786448362.5170527,20,0,Loss/l_total,0.8199822902679443
1786448362.517087,20,0,LR,0.0001
1786448369.455678,40,0,Loss/l_ce,0.37456750869750977
1786448369.4563644,40,0,Loss/l_total,0.37456750869750977
1786448369.456401,40,0,LR,0.0001
1786448376.4622617,60,0,Loss/l_ce,3.986750364303589
1786448376.4625456,60,0,Loss/l_total,3.986750364303589
1786448376.4625683,60,0,LR,0.0001
1786448383.3470185,80,0,Loss/l_ce,0.9730439186096191
1786448383.3472962,80,0,Loss/l_total,0.9730439186096191
1786448383.347319,80,0,LR,0.0001
1786448393.1162128,100,0,Loss/l_ce,4.17628288269043
1786448393.1164193,100,0,Loss/l_total,4.17628288269043
1786448393.1164408,100,0,LR,0.0001
1786448405.4722269,120,0,Loss/l_ce,0.23398327827453613
1786448405.472438,120,0,Loss/l_total,0.23398327827453613
1786448405.4724631,120,0,LR,0.0001
1786448422.0683436,140,0,Loss/l_ce,0.37157320976257324
1786448422.0685916,140,0,Loss/l_total,0.37157320976257324
1786448422.0686214,140,0,LR,0.0001
1786448440.988604,160,0,Loss/l_ce,0.37371397018432617
1786448440.9888783,160,0,Loss/l_total,0.37371397018432617
1786448440.9889035,160,0,LR,0.0001
1786448456.391579,180,0,Loss/l_ce,0.5584406852722168
1786448456.3918233,180,0,Loss/l_total,0.5584406852722168
1786448456.3918495,180,0,LR,0.0001
1786448478.416512,200,0,Loss/l_ce,0.29877281188964844
1786448478.4167635,200,0,Loss/l_total,0.29877281188964844
1786448478.4167888,200,0,LR,0.0001
1786448500.9174056,220,0,Loss/l_ce,0.5190513134002686
1786448500.9176514,220,0,Loss/l_total,0.5190513134002686
1786448500.917674,220,0,LR,0.0001
1786448518.3108327,240,0,Loss/l_ce,0.392672061920166
1786448518.3111558,240,0,Loss/l_total,0.392672061920166
1786448518.3111901,240,0,LR,0.0001
1786448537.8271322,260,0,Loss/l_ce,0.7932672500610352
1786448537.827283,260,0,Loss/l_total,0.7932672500610352
1786448537.8273056,260,0,LR,0.0001
1786448558.8012137,280,0,Loss/l_ce,0.46697568893432617
1786448558.8014119,280,0,Loss/l_total,0.46697568893432617
1786448558.8014333,280,0,LR,0.0001
1786448576.8139136,300,0,Loss/l_ce,0.267758846282959
1786448576.8141248,300,0,Loss/l_total,0.267758846282959
1786448576.8141544,300,0,LR,0.0001
1786448602.9665678,320,0,Loss/l_ce,0.26104259490966797
1786448602.9668171,320,0,Loss/l_total,0.26104259490966797
1786448602.9668396,320,0,LR,0.0001
1786448626.0965607,340,0,Loss/l_ce,0.2164149284362793
1786448626.0968077,340,0,Loss/l_total,0.2164149284362793
1786448626.096829,340,0,LR,0.0001
1786448642.1446798,360,0,Loss/l_ce,0.6638987064361572
1786448642.1448958,360,0,Loss/l_total,0.6638987064361572
1786448642.1449182,360,0,LR,0.0001
1786448660.492965,380,0,Loss/l_ce,0.3929898738861084
1786448660.4932358,380,0,Loss/l_total,0.3929898738861084
1786448660.4932606,380,0,LR,0.0001
1786448685.6648035,400,0,Loss/l_ce,3.755049228668213
1786448685.6650765,400,0,Loss/l_total,3.755049228668213
1786448685.665099,400,0,LR,0.0001
1786448708.977076,420,0,Loss/l_ce,0.29796314239501953
1786448708.9772875,420,0,Loss/l_total,0.29796314239501953
1786448708.97731,420,0,LR,0.0001
1786448728.955541,440,0,Loss/l_ce,0.27312731742858887
1786448728.9557583,440,0,Loss/l_total,0.27312731742858887
1786448728.9557822,440,0,LR,0.0001
1786448751.7797594,460,0,Loss/l_ce,0.30240368843078613
1786448751.7799745,460,0,Loss/l_total,0.30240368843078613
1786448751.7799957,460,0,LR,0.0001
1786448773.6771553,480,0,Loss/l_ce,0.2676877975463867
1786448773.6773632,480,0,Loss/l_total,0.2676877975463867
1786448773.6773834,480,0,LR,0.0001
1786448797.9905813,500,0,Loss/l_ce,0.6194171905517578
1786448797.9907877,500,0,Loss/l_total,0.6194171905517578
1786448797.9908116,500,0,LR,0.0001
1786448824.3358235,520,0,Loss/l_ce,0.22687554359436035
1786448824.336264,520,0,Loss/l_total,0.22687554359436035
1786448824.3362913,520,0,LR,0.0001
1786448850.9299822,540,0,Loss/l_ce,0.24273014068603516
1786448850.9301794,540,0,Loss/l_total,0.24273014068603516
1786448850.9302032,540,0,LR,0.0001
1786448871.7689207,560,0,Loss/l_ce,0.2568976879119873
1786448871.769121,560,0,Loss/l_total,0.2568976879119873
1786448871.7691793,560,0,LR,0.0001
1786448895.2214472,580,0,Loss/l_ce,2.704071283340454
1786448895.2216158,580,0,Loss/l_total,2.704071283340454
1786448895.2216384,580,0,LR,0.0001
1786448920.0720768,600,0,Loss/l_ce,3.860438823699951
1786448920.0722713,600,0,Loss/l_total,3.860438823699951
1786448920.072294,600,0,LR,0.0001
1786448939.5758462,620,0,Loss/l_ce,0.2026529312133789
1786448939.5761454,620,0,Loss/l_total,0.2026529312133789
1786448939.5761788,620,0,LR,0.0001
1786448971.9146955,640,0,Loss/l_ce,0.2827491760253906
1786448971.9150612,640,0,Loss/l_total,0.2827491760253906
1786448971.9150875,640,0,LR,0.0001
1786449002.3382723,660,0,Loss/l_ce,0.2240297794342041
1786449002.3384728,660,0,Loss/l_total,0.2240297794342041
1786449002.3384967,660,0,LR,0.0001
1786449027.7768536,680,0,Loss/l_ce,0.23462605476379395
1786449027.777085,680,0,Loss/l_total,0.23462605476379395
1786449027.77711,680,0,LR,0.0001
1786449055.3480175,700,0,Loss/l_ce,0.24950742721557617
1786449055.3482382,700,0,Loss/l_total,0.24950742721557617
1786449055.3482633,700,0,LR,0.0001
1786449072.468065,720,0,Loss/l_ce,0.32209229469299316
1786449072.4683013,720,0,Loss/l_total,0.32209229469299316
1786449072.4683251,720,0,LR,0.0001
1786449102.140751,740,0,Loss/l_ce,4.114068984985352
1786449102.1410904,740,0,Loss/l_total,4.114068984985352
1786449102.1411154,740,0,LR,0.0001
1786449122.2712162,760,0,Loss/l_ce,0.45849084854125977
1786449122.2714586,760,0,Loss/l_total,0.45849084854125977
1786449122.2714822,760,0,LR,0.0001
1786449153.4392946,780,0,Loss/l_ce,0.26488614082336426
1786449153.439621,780,0,Loss/l_total,0.26488614082336426
1786449153.439906,780,0,LR,0.0001
1786449173.984509,800,0,Loss/l_ce,2.326888084411621
1786449173.9846823,800,0,Loss/l_total,2.326888084411621
1786449173.9847083,800,0,LR,0.0001
1786449353.275108,812,0,Val/avg_error,0.08841298520565033
1786449353.275533,812,0,Val/acc,0.35009765625
1786449353.2755618,812,0,Val/sparse_auc,0.5763072620738635
1786449353.2755818,812,0,Val/sparse_pck_max,0.1
1786449353.275601,812,0,Val/sparse_pck_n,100.0
1786449367.5032787,820,1,Loss/l_ce,1.8451228141784668
1786449367.5034273,820,1,Loss/l_total,1.8451228141784668
1786449367.5034535,820,1,LR,9.996052735444863e-05
1786449389.8768647,840,1,Loss/l_ce,0.3727540969848633
1786449389.877082,840,1,Loss/l_total,0.3727540969848633
1786449389.8771045,840,1,LR,9.996052735444863e-05
1786449414.5714242,860,1,Loss/l_ce,0.22002911567687988
1786449414.5716772,860,1,Loss/l_total,0.22002911567687988
1786449414.571701,860,1,LR,9.996052735444863e-05
1786449440.248677,880,1,Loss/l_ce,0.2884199619293213
1786449440.248855,880,1,Loss/l_total,0.2884199619293213
1786449440.2488775,880,1,LR,9.996052735444863e-05
1786449476.4872901,900,1,Loss/l_ce,0.2894935607910156
1786449476.4874873,900,1,Loss/l_total,0.2894935607910156
1786449476.4875088,900,1,LR,9.996052735444863e-05
1786449534.4040797,920,1,Loss/l_ce,0.19365477561950684
1786449534.4043124,920,1,Loss/l_total,0.19365477561950684
1786449534.4043326,920,1,LR,9.996052735444863e-05
1786449583.1643033,940,1,Loss/l_ce,0.34380173683166504
1786449583.164541,940,1,Loss/l_total,0.34380173683166504
1786449583.1645598,940,1,LR,9.996052735444863e-05
1786449655.0392265,960,1,Loss/l_ce,0.20304393768310547
1786449655.0395641,960,1,Loss/l_total,0.20304393768310547
1786449655.039589,960,1,LR,9.996052735444863e-05
1786449721.404685,980,1,Loss/l_ce,0.5127167701721191
1786449721.4049795,980,1,Loss/l_total,0.5127167701721191
1786449721.4049997,980,1,LR,9.996052735444863e-05
1786449755.0232203,1000,1,Loss/l_ce,0.16619396209716797
1786449755.02341,1000,1,Loss/l_total,0.16619396209716797
1786449755.0238936,1000,1,LR,9.996052735444863e-05
1786449784.5794115,1020,1,Loss/l_ce,0.29168033599853516
1786449784.5795968,1020,1,Loss/l_total,0.29168033599853516
1786449784.5796194,1020,1,LR,9.996052735444863e-05
1786449809.2749891,1040,1,Loss/l_ce,2.0831451416015625
1786449809.2751696,1040,1,Loss/l_total,2.0831451416015625
1786449809.2751946,1040,1,LR,9.996052735444863e-05
1786449824.545541,1060,1,Loss/l_ce,0.4448089599609375
1786449824.5463414,1060,1,Loss/l_total,0.4448089599609375
1786449824.5463781,1060,1,LR,9.996052735444863e-05
1786449854.9766512,1080,1,Loss/l_ce,0.26044607162475586
1786449854.976852,1080,1,Loss/l_total,0.26044607162475586
1786449854.9768782,1080,1,LR,9.996052735444863e-05
1786449885.1774273,1100,1,Loss/l_ce,0.29184937477111816
1786449885.177578,1100,1,Loss/l_total,0.29184937477111816
1786449885.1776006,1100,1,LR,9.996052735444863e-05
1786449905.5780869,1120,1,Loss/l_ce,0.5849566459655762
1786449905.5783112,1120,1,Loss/l_total,0.5849566459655762
1786449905.5783327,1120,1,LR,9.996052735444863e-05
1786449926.2934067,1140,1,Loss/l_ce,3.7421531677246094
1786449926.2935917,1140,1,Loss/l_total,3.7421531677246094
1786449926.2936165,1140,1,LR,9.996052735444863e-05
1786449949.020535,1160,1,Loss/l_ce,0.1741180419921875
1786449949.0214028,1160,1,Loss/l_total,0.1741180419921875
1786449949.0214515,1160,1,LR,9.996052735444863e-05
1786449986.8585236,1180,1,Loss/l_ce,0.22609806060791016
1786449986.8588455,1180,1,Loss/l_total,0.22609806060791016
1786449986.8588693,1180,1,LR,9.996052735444863e-05
1786450007.7437067,1200,1,Loss/l_ce,0.24640226364135742
1786450007.7438967,1200,1,Loss/l_total,0.24640226364135742
1786450007.7439203,1200,1,LR,9.996052735444863e-05
1786450031.3518405,1220,1,Loss/l_ce,1.361525058746338
1786450031.3521395,1220,1,Loss/l_total,1.361525058746338
1786450031.3521645,1220,1,LR,9.996052735444863e-05
1786450046.775098,1240,1,Loss/l_ce,0.2552652359008789
1786450046.77525,1240,1,Loss/l_total,0.2552652359008789
1786450046.7752702,1240,1,LR,9.996052735444863e-05
1786450060.157537,1260,1,Loss/l_ce,0.34327101707458496
1786450060.1577163,1260,1,Loss/l_total,0.34327101707458496
1786450060.1577377,1260,1,LR,9.996052735444863e-05
1786450083.1334546,1280,1,Loss/l_ce,0.9033646583557129
1786450083.1336267,1280,1,Loss/l_total,0.9033646583557129
1786450083.1336706,1280,1,LR,9.996052735444863e-05
1786450107.3686693,1300,1,Loss/l_ce,3.1428275108337402
1786450107.3688817,1300,1,Loss/l_total,3.1428275108337402
1786450107.3690896,1300,1,LR,9.996052735444863e-05
1786450133.2268474,1320,1,Loss/l_ce,0.2585024833679199
1786450133.2272062,1320,1,Loss/l_total,0.2585024833679199
1786450133.2272274,1320,1,LR,9.996052735444863e-05
1786450163.936059,1340,1,Loss/l_ce,4.069392204284668
1786450163.936301,1340,1,Loss/l_total,4.069392204284668
1786450163.9363225,1340,1,LR,9.996052735444863e-05
1786450181.1085634,1360,1,Loss/l_ce,0.2511579990386963
1786450181.1087534,1360,1,Loss/l_total,0.2511579990386963
1786450181.1087737,1360,1,LR,9.996052735444863e-05
1786450206.7815804,1380,1,Loss/l_ce,0.3370070457458496
1786450206.7818096,1380,1,Loss/l_total,0.3370070457458496
1786450206.781831,1380,1,LR,9.996052735444863e-05
1786450220.900602,1400,1,Loss/l_ce,0.2537839412689209
1786450220.9008148,1400,1,Loss/l_total,0.2537839412689209
1786450220.9008374,1400,1,LR,9.996052735444863e-05
1786450237.1541193,1420,1,Loss/l_ce,0.2542564868927002
1786450237.1543472,1420,1,Loss/l_total,0.2542564868927002
1786450237.154372,1420,1,LR,9.996052735444863e-05
1786450257.070842,1440,1,Loss/l_ce,0.27869415283203125
1786450257.071057,1440,1,Loss/l_total,0.27869415283203125
1786450257.0710819,1440,1,LR,9.996052735444863e-05
1786450279.971954,1460,1,Loss/l_ce,0.1885974407196045
1786450279.9722369,1460,1,Loss/l_total,0.1885974407196045
1786450279.972262,1460,1,LR,9.996052735444863e-05
1786450309.1221452,1480,1,Loss/l_ce,0.22208809852600098
1786450309.1223185,1480,1,Loss/l_total,0.22208809852600098
1786450309.1223412,1480,1,LR,9.996052735444863e-05
1786450327.389388,1500,1,Loss/l_ce,3.8490543365478516
1786450327.3895376,1500,1,Loss/l_total,3.8490543365478516
1786450327.3895564,1500,1,LR,9.996052735444863e-05
1786450350.8546803,1520,1,Loss/l_ce,0.40388989448547363
1786450350.8548357,1520,1,Loss/l_total,0.40388989448547363
1786450350.854856,1520,1,LR,9.996052735444863e-05
1786450364.8832269,1540,1,Loss/l_ce,0.15975141525268555
1786450364.8834584,1540,1,Loss/l_total,0.15975141525268555
1786450364.8835092,1540,1,LR,9.996052735444863e-05
1786450389.6693976,1560,1,Loss/l_ce,0.43948936462402344
1786450389.6696086,1560,1,Loss/l_total,0.43948936462402344
1786450389.6696289,1560,1,LR,9.996052735444863e-05
1786450412.1393423,1580,1,Loss/l_ce,3.5080251693725586
1786450412.139562,1580,1,Loss/l_total,3.5080251693725586
1786450412.1395857,1580,1,LR,9.996052735444863e-05
1786450433.0538957,1600,1,Loss/l_ce,0.23134946823120117
1786450433.0541272,1600,1,Loss/l_total,0.23134946823120117
1786450433.0541508,1600,1,LR,9.996052735444863e-05
1786450455.5149791,1620,1,Loss/l_ce,0.1391923427581787
1786450455.5151749,1620,1,Loss/l_total,0.1391923427581787
1786450455.5151963,1620,1,LR,9.996052735444863e-05
1786450603.0863667,1624,1,Val/avg_error,0.06795928627252579
1786450603.0867276,1624,1,Val/acc,0.490576171875
1786450603.0867515,1624,1,Val/sparse_auc,0.6698940084438131
1786450603.0867717,1624,1,Val/sparse_pck_max,0.1
1786450603.0867906,1624,1,Val/sparse_pck_n,100.0
1786450625.264927,1640,2,Loss/l_ce,0.19431471824645996
1786450625.2652285,1640,2,Loss/l_total,0.19431471824645996
1786450625.2653735,1640,2,LR,9.98421786662277e-05
1786450644.4319108,1660,2,Loss/l_ce,0.2509331703186035
1786450644.4321327,1660,2,Loss/l_total,0.2509331703186035
1786450644.4321575,1660,2,LR,9.98421786662277e-05
1786450670.2756333,1680,2,Loss/l_ce,0.21734857559204102
1786450670.2758496,1680,2,Loss/l_total,0.21734857559204102
1786450670.2758696,1680,2,LR,9.98421786662277e-05
1786450693.2237628,1700,2,Loss/l_ce,0.17176413536071777
1786450693.223954,1700,2,Loss/l_total,0.17176413536071777
1786450693.2239728,1700,2,LR,9.98421786662277e-05
1786450746.200462,1720,2,Loss/l_ce,5.157957553863525
1786450746.2007968,1720,2,Loss/l_total,5.157957553863525
1786450746.2008219,1720,2,LR,9.98421786662277e-05
1786450789.1658812,1740,2,Loss/l_ce,0.2578113079071045
1786450789.166198,1740,2,Loss/l_total,0.2578113079071045
1786450789.1662254,1740,2,LR,9.98421786662277e-05
1786450830.540858,1760,2,Loss/l_ce,0.1778547763824463
1786450830.541262,1760,2,Loss/l_total,0.1778547763824463
1786450830.5412855,1760,2,LR,9.98421786662277e-05
1786450855.7412164,1780,2,Loss/l_ce,0.23758721351623535
1786450855.7415645,1780,2,Loss/l_total,0.23758721351623535
1786450855.7415893,1780,2,LR,9.98421786662277e-05
1786450879.6375082,1800,2,Loss/l_ce,1.7278079986572266
1786450879.637709,1800,2,Loss/l_total,1.7278079986572266
1786450879.6377323,1800,2,LR,9.98421786662277e-05
1786450903.6775835,1820,2,Loss/l_ce,3.2586984634399414
1786450903.6778612,1820,2,Loss/l_total,3.2586984634399414
1786450903.6778827,1820,2,LR,9.98421786662277e-05
1786450926.2331204,1840,2,Loss/l_ce,2.9531631469726562
1786450926.2332773,1840,2,Loss/l_total,2.9531631469726562
1786450926.2333,1840,2,LR,9.98421786662277e-05
1786450949.8157992,1860,2,Loss/l_ce,0.18810725212097168
1786450949.8159883,1860,2,Loss/l_total,0.18810725212097168
1786450949.8160117,1860,2,LR,9.98421786662277e-05
1786450970.948172,1880,2,Loss/l_ce,0.3834714889526367
1786450970.9483705,1880,2,Loss/l_total,0.3834714889526367
1786450970.9483917,1880,2,LR,9.98421786662277e-05
1786450988.5209126,1900,2,Loss/l_ce,3.48647141456604
1786450988.5210788,1900,2,Loss/l_total,3.48647141456604
1786450988.5211,1900,2,LR,9.98421786662277e-05
1786451006.2503119,1920,2,Loss/l_ce,0.28731584548950195
1786451006.2505007,1920,2,Loss/l_total,0.28731584548950195
1786451006.2505245,1920,2,LR,9.98421786662277e-05
1786451029.5739887,1940,2,Loss/l_ce,0.23443245887756348
1786451029.5742748,1940,2,Loss/l_total,0.23443245887756348
1786451029.574296,1940,2,LR,9.98421786662277e-05
1786451043.715432,1960,2,Loss/l_ce,0.3232898712158203
1786451043.7156706,1960,2,Loss/l_total,0.3232898712158203
1786451043.7156954,1960,2,LR,9.98421786662277e-05
1786451065.1955116,1980,2,Loss/l_ce,1.047900915145874
1786451065.1957598,1980,2,Loss/l_total,1.047900915145874
1786451065.1957812,1980,2,LR,9.98421786662277e-05
1786451085.3857896,2000,2,Loss/l_ce,0.3119237422943115
1786451085.3859441,2000,2,Loss/l_total,0.3119237422943115
1786451085.3859844,2000,2,LR,9.98421786662277e-05
1786451101.0630674,2020,2,Loss/l_ce,0.4188113212585449
1786451101.0632536,2020,2,Loss/l_total,0.4188113212585449
1786451101.0632753,2020,2,LR,9.98421786662277e-05
1786451129.568168,2040,2,Loss/l_ce,0.4597456455230713
1786451129.5683768,2040,2,Loss/l_total,0.4597456455230713
1786451129.5686073,2040,2,LR,9.98421786662277e-05
1786451147.8791022,2060,2,Loss/l_ce,0.3169422149658203
1786451147.8792484,2060,2,Loss/l_total,0.3169422149658203
1786451147.8792672,2060,2,LR,9.98421786662277e-05
1786451162.7451196,2080,2,Loss/l_ce,0.32933759689331055
1786451162.745427,2080,2,Loss/l_total,0.32933759689331055
1786451162.7454567,2080,2,LR,9.98421786662277e-05
1786451181.5486739,2100,2,Loss/l_ce,0.16573667526245117
1786451181.5488281,2100,2,Loss/l_total,0.16573667526245117
1786451181.5488458,2100,2,LR,9.98421786662277e-05
1786451198.778255,2120,2,Loss/l_ce,0.20868587493896484
1786451198.778558,2120,2,Loss/l_total,0.20868587493896484
1786451198.7785828,2120,2,LR,9.98421786662277e-05
1786451227.378229,2140,2,Loss/l_ce,0.26694726943969727
1786451227.378399,2140,2,Loss/l_total,0.26694726943969727
1786451227.378419,2140,2,LR,9.98421786662277e-05
1786451253.9046142,2160,2,Loss/l_ce,0.2250080108642578
1786451253.9049335,2160,2,Loss/l_total,0.2250080108642578
1786451253.9049573,2160,2,LR,9.98421786662277e-05
1786451272.3216505,2180,2,Loss/l_ce,0.17154836654663086
1786451272.3217967,2180,2,Loss/l_total,0.17154836654663086
1786451272.3218286,2180,2,LR,9.98421786662277e-05
1786451297.7906947,2200,2,Loss/l_ce,0.20766234397888184
1786451297.7908561,2200,2,Loss/l_total,0.20766234397888184
1786451297.7908788,2200,2,LR,9.98421786662277e-05
1786451320.3793352,2220,2,Loss/l_ce,0.25182008743286133
1786451320.3794954,2220,2,Loss/l_total,0.25182008743286133
1786451320.3795156,2220,2,LR,9.98421786662277e-05
1786451337.8503327,2240,2,Loss/l_ce,0.3681373596191406
1786451337.8505144,2240,2,Loss/l_total,0.3681373596191406
1786451337.850537,2240,2,LR,9.98421786662277e-05
1786451348.306605,2260,2,Loss/l_ce,0.25250864028930664
1786451348.306782,2260,2,Loss/l_total,0.25250864028930664
1786451348.3068056,2260,2,LR,9.98421786662277e-05
1786451359.1524367,2280,2,Loss/l_ce,0.3073568344116211
1786451359.1525898,2280,2,Loss/l_total,0.3073568344116211
1786451359.152611,2280,2,LR,9.98421786662277e-05
1786451368.214932,2300,2,Loss/l_ce,0.3268895149230957
1786451368.2151158,2300,2,Loss/l_total,0.3268895149230957
1786451368.2151418,2300,2,LR,9.98421786662277e-05
1786451377.378468,2320,2,Loss/l_ce,0.22444868087768555
1786451377.378627,2320,2,Loss/l_total,0.22444868087768555
1786451377.3786497,2320,2,LR,9.98421786662277e-05
1786451393.3841634,2340,2,Loss/l_ce,0.7191963195800781
1786451393.3843095,2340,2,Loss/l_total,0.7191963195800781
1786451393.3843343,2340,2,LR,9.98421786662277e-05
1786451404.683987,2360,2,Loss/l_ce,0.4964621067047119
1786451404.6841838,2360,2,Loss/l_total,0.4964621067047119
1786451404.6842089,2360,2,LR,9.98421786662277e-05
1786451416.2939055,2380,2,Loss/l_ce,2.7537126541137695
1786451416.2941477,2380,2,Loss/l_total,2.7537126541137695
1786451416.2941785,2380,2,LR,9.98421786662277e-05
1786451427.5476546,2400,2,Loss/l_ce,1.0509159564971924
1786451427.5478685,2400,2,Loss/l_total,1.0509159564971924
1786451427.5478923,2400,2,LR,9.98421786662277e-05
1786451439.1798239,2420,2,Loss/l_ce,0.486051082611084
1786451439.1801062,2420,2,Loss/l_total,0.486051082611084
1786451439.1801372,2420,2,LR,9.98421786662277e-05
1786451591.143378,2436,2,Val/avg_error,0.0760224238038063
1786451591.1437209,2436,2,Val/acc,0.47958984375
1786451591.1437447,2436,2,Val/sparse_auc,0.6567609690656565
1786451591.1437614,2436,2,Val/sparse_pck_max,0.1
1786451591.1437767,2436,2,Val/sparse_pck_n,100.0
1786451596.2652872,2440,3,Loss/l_ce,0.32212209701538086
1786451596.2654378,2440,3,Loss/l_total,0.32212209701538086
1786451596.2654605,2440,3,LR,9.964516155915151e-05
1786451622.1636949,2460,3,Loss/l_ce,0.15326380729675293
1786451622.1639037,2460,3,Loss/l_total,0.15326380729675293
1786451622.1639442,2460,3,LR,9.964516155915151e-05
1786451643.5953496,2480,3,Loss/l_ce,0.2424008846282959
1786451643.5954835,2480,3,Loss/l_total,0.2424008846282959
1786451643.5955017,2480,3,LR,9.964516155915151e-05
1786451665.2675729,2500,3,Loss/l_ce,0.20188522338867188
1786451665.2677608,2500,3,Loss/l_total,0.20188522338867188
1786451665.2677855,2500,3,LR,9.964516155915151e-05
1786451682.6177301,2520,3,Loss/l_ce,0.35829925537109375
1786451682.6178904,2520,3,Loss/l_total,0.35829925537109375
1786451682.6179118,2520,3,LR,9.964516155915151e-05
1786451720.1944985,2540,3,Loss/l_ce,0.2579021453857422
1786451720.1946542,2540,3,Loss/l_total,0.2579021453857422
1786451720.194673,2540,3,LR,9.964516155915151e-05
1786451750.8483164,2560,3,Loss/l_ce,0.3848762512207031
1786451750.8485076,2560,3,Loss/l_total,0.3848762512207031
1786451750.8485289,2560,3,LR,9.964516155915151e-05
1786451789.5809417,2580,3,Loss/l_ce,0.2856614589691162
1786451789.581186,2580,3,Loss/l_total,0.2856614589691162
1786451789.5812063,2580,3,LR,9.964516155915151e-05
1786451826.2701173,2600,3,Loss/l_ce,0.2097301483154297
1786451826.2704437,2600,3,Loss/l_total,0.2097301483154297
1786451826.2704654,2600,3,LR,9.964516155915151e-05
1786451856.6883633,2620,3,Loss/l_ce,0.19335651397705078
1786451856.6885605,2620,3,Loss/l_total,0.19335651397705078
1786451856.6885855,2620,3,LR,9.964516155915151e-05
1786451888.1405654,2640,3,Loss/l_ce,0.38683605194091797
1786451888.1407828,2640,3,Loss/l_total,0.38683605194091797
1786451888.1408064,2640,3,LR,9.964516155915151e-05
1786451904.6563616,2660,3,Loss/l_ce,0.2140648365020752
1786451904.6565907,2660,3,Loss/l_total,0.2140648365020752
1786451904.656613,2660,3,LR,9.964516155915151e-05
1786451919.959293,2680,3,Loss/l_ce,0.1968400478363037
1786451919.9594674,2680,3,Loss/l_total,0.1968400478363037
1786451919.95949,2680,3,LR,9.964516155915151e-05
1786451941.3876078,2700,3,Loss/l_ce,0.23653745651245117
1786451941.3879094,2700,3,Loss/l_total,0.23653745651245117
1786451941.387933,2700,3,LR,9.964516155915151e-05
1786451960.2800128,2720,3,Loss/l_ce,0.30197954177856445
1786451960.2801886,2720,3,Loss/l_total,0.30197954177856445
1786451960.28021,2720,3,LR,9.964516155915151e-05
1786451981.7253852,2740,3,Loss/l_ce,0.4054851531982422
1786451981.725554,2740,3,Loss/l_total,0.4054851531982422
1786451981.7255764,2740,3,LR,9.964516155915151e-05
1786452008.7415931,2760,3,Loss/l_ce,0.20765066146850586
1786452008.7417629,2760,3,Loss/l_total,0.20765066146850586
1786452008.7417843,2760,3,LR,9.964516155915151e-05
1786452035.3659985,2780,3,Loss/l_ce,0.1857454776763916
1786452035.3662813,2780,3,Loss/l_total,0.1857454776763916
1786452035.3663085,2780,3,LR,9.964516155915151e-05
1786452056.110124,2800,3,Loss/l_ce,0.27939891815185547
1786452056.1102984,2800,3,Loss/l_total,0.27939891815185547
1786452056.1103187,2800,3,LR,9.964516155915151e-05
1786452077.7493236,2820,3,Loss/l_ce,0.42291831970214844
1786452077.7495062,2820,3,Loss/l_total,0.42291831970214844
1786452077.7495275,2820,3,LR,9.964516155915151e-05
1786452097.4223862,2840,3,Loss/l_ce,3.0624942779541016
1786452097.4226534,2840,3,Loss/l_total,3.0624942779541016
1786452097.422676,2840,3,LR,9.964516155915151e-05
1786452120.836489,2860,3,Loss/l_ce,0.2114119529724121
1786452120.8366647,2860,3,Loss/l_total,0.2114119529724121
1786452120.8366897,2860,3,LR,9.964516155915151e-05
1786452144.613658,2880,3,Loss/l_ce,0.20149993896484375
1786452144.6138062,2880,3,Loss/l_total,0.20149993896484375
1786452144.6138275,2880,3,LR,9.964516155915151e-05
1786452171.0810878,2900,3,Loss/l_ce,0.20290851593017578
1786452171.0812933,2900,3,Loss/l_total,0.20290851593017578
1786452171.0813158,2900,3,LR,9.964516155915151e-05
1786452190.2240088,2920,3,Loss/l_ce,0.22303032875061035
1786452190.224232,2920,3,Loss/l_total,0.22303032875061035
1786452190.2242558,2920,3,LR,9.964516155915151e-05
1786452208.2207286,2940,3,Loss/l_ce,0.21859240531921387
1786452208.220959,2940,3,Loss/l_total,0.21859240531921387
1786452208.220984,2940,3,LR,9.964516155915151e-05
1786452224.4659367,2960,3,Loss/l_ce,0.23239398002624512
1786452224.4662278,2960,3,Loss/l_total,0.23239398002624512
1786452224.4662704,2960,3,LR,9.964516155915151e-05
1786452245.4022706,2980,3,Loss/l_ce,0.20177602767944336
1786452245.4025245,2980,3,Loss/l_total,0.20177602767944336
1786452245.4025447,2980,3,LR,9.964516155915151e-05
1786452269.7643259,3000,3,Loss/l_ce,0.23224639892578125
1786452269.7645977,3000,3,Loss/l_total,0.23224639892578125
1786452269.7646177,3000,3,LR,9.964516155915151e-05
1786452293.2576303,3020,3,Loss/l_ce,0.17076587677001953
1786452293.2578275,3020,3,Loss/l_total,0.17076587677001953
1786452293.2578468,3020,3,LR,9.964516155915151e-05
1786452319.262752,3040,3,Loss/l_ce,0.10147929191589355
1786452319.2630072,3040,3,Loss/l_total,0.10147929191589355
1786452319.2630572,3040,3,LR,9.964516155915151e-05
1786452344.5482574,3060,3,Loss/l_ce,0.16267943382263184
1786452344.5484602,3060,3,Loss/l_total,0.16267943382263184
1786452344.5484815,3060,3,LR,9.964516155915151e-05
1786452367.7763953,3080,3,Loss/l_ce,0.2377605438232422
1786452367.7765982,3080,3,Loss/l_total,0.2377605438232422
1786452367.7781773,3080,3,LR,9.964516155915151e-05
1786452392.8432226,3100,3,Loss/l_ce,0.338472843170166
1786452392.8434172,3100,3,Loss/l_total,0.338472843170166
1786452392.8434386,3100,3,LR,9.964516155915151e-05
1786452420.8662848,3120,3,Loss/l_ce,0.2767055034637451
1786452420.8665223,3120,3,Loss/l_total,0.2767055034637451
1786452420.866547,3120,3,LR,9.964516155915151e-05
1786452443.745406,3140,3,Loss/l_ce,0.5569734573364258
1786452443.7456021,3140,3,Loss/l_total,0.5569734573364258
1786452443.7456234,3140,3,LR,9.964516155915151e-05
1786452466.56739,3160,3,Loss/l_ce,3.2139177322387695
1786452466.5675588,3160,3,Loss/l_total,3.2139177322387695
1786452466.5675821,3160,3,LR,9.964516155915151e-05
1786452486.9805648,3180,3,Loss/l_ce,0.15120887756347656
1786452486.9807951,3180,3,Loss/l_total,0.15120887756347656
1786452486.980819,3180,3,LR,9.964516155915151e-05
1786452516.6281872,3200,3,Loss/l_ce,0.209092378616333
1786452516.6283972,3200,3,Loss/l_total,0.209092378616333
1786452516.6284223,3200,3,LR,9.964516155915151e-05
1786452543.0860782,3220,3,Loss/l_ce,0.297443151473999
1786452543.0862954,3220,3,Loss/l_total,0.297443151473999
1786452543.0863156,3220,3,LR,9.964516155915151e-05
1786452561.2779455,3240,3,Loss/l_ce,0.8995857238769531
1786452561.2781868,3240,3,Loss/l_total,0.8995857238769531
1786452561.2782104,3240,3,LR,9.964516155915151e-05
1786452714.5566878,3248,3,Val/avg_error,0.08495084196329117
1786452714.557013,3248,3,Val/acc,0.46708984375
1786452714.5570607,3248,3,Val/sparse_auc,0.6428035235164142
1786452714.5570784,3248,3,Val/sparse_pck_max,0.1
1786452714.5570948,3248,3,Val/sparse_pck_n,100.0
1786452729.8310025,3260,4,Loss/l_ce,0.37466955184936523
1786452729.832345,3260,4,Loss/l_total,0.37466955184936523
1786452729.8324661,3260,4,LR,9.936982166817273e-05
1786452748.676388,3280,4,Loss/l_ce,0.32761669158935547
1786452748.6766257,3280,4,Loss/l_total,0.32761669158935547
1786452748.676646,3280,4,LR,9.936982166817273e-05
1786452766.3154693,3300,4,Loss/l_ce,0.298799991607666
1786452766.3156283,3300,4,Loss/l_total,0.298799991607666
1786452766.3156497,3300,4,LR,9.936982166817273e-05
1786452781.1625538,3320,4,Loss/l_ce,3.9269931316375732
1786452781.1626976,3320,4,Loss/l_total,3.9269931316375732
1786452781.162719,3320,4,LR,9.936982166817273e-05
1786452802.186757,3340,4,Loss/l_ce,0.2871732711791992
1786452802.186934,3340,4,Loss/l_total,0.2871732711791992
1786452802.1869602,3340,4,LR,9.936982166817273e-05
1786452816.8449671,3360,4,Loss/l_ce,0.2778334617614746
1786452816.845194,3360,4,Loss/l_total,0.2778334617614746
1786452816.8452165,3360,4,LR,9.936982166817273e-05
1786452836.4916866,3380,4,Loss/l_ce,0.39802098274230957
1786452836.4918993,3380,4,Loss/l_total,0.39802098274230957
1786452836.491924,3380,4,LR,9.936982166817273e-05
1786452851.0717552,3400,4,Loss/l_ce,0.5648105144500732
1786452851.0719595,3400,4,Loss/l_total,0.5648105144500732
1786452851.0719833,3400,4,LR,9.936982166817273e-05
1786452902.4286485,3420,4,Loss/l_ce,1.27128267288208
1786452902.428804,3420,4,Loss/l_total,1.27128267288208
1786452902.428824,3420,4,LR,9.936982166817273e-05
1786452931.661467,3440,4,Loss/l_ce,2.4195055961608887
1786452931.6621795,3440,4,Loss/l_total,2.4195055961608887
1786452931.6622174,3440,4,LR,9.936982166817273e-05
1786452973.7789245,3460,4,Loss/l_ce,0.21201062202453613
1786452973.779295,3460,4,Loss/l_total,0.21201062202453613
1786452973.7793188,3460,4,LR,9.936982166817273e-05
1786453029.649191,3480,4,Loss/l_ce,0.3043222427368164
1786453029.6495483,3480,4,Loss/l_total,0.3043222427368164
1786453029.649572,3480,4,LR,9.936982166817273e-05
1786453075.506731,3500,4,Loss/l_ce,0.17096471786499023
1786453075.5069232,3500,4,Loss/l_total,0.17096471786499023
1786453075.5069444,3500,4,LR,9.936982166817273e-05
1786453114.5158005,3520,4,Loss/l_ce,0.20890092849731445
1786453114.5160062,3520,4,Loss/l_total,0.20890092849731445
1786453114.5160513,3520,4,LR,9.936982166817273e-05
1786453155.9946568,3540,4,Loss/l_ce,0.3993070125579834
1786453155.994913,3540,4,Loss/l_total,0.3993070125579834
1786453155.9949381,3540,4,LR,9.936982166817273e-05
1786453189.2162566,3560,4,Loss/l_ce,0.38944482803344727
1786453189.2165852,3560,4,Loss/l_total,0.38944482803344727
1786453189.2166066,3560,4,LR,9.936982166817273e-05
1786453222.6108139,3580,4,Loss/l_ce,1.981889009475708
1786453222.6111073,3580,4,Loss/l_total,1.981889009475708
1786453222.6111321,3580,4,LR,9.936982166817273e-05
1786453245.5857422,3600,4,Loss/l_ce,0.20782256126403809
1786453245.5859525,3600,4,Loss/l_total,0.20782256126403809
1786453245.5859764,3600,4,LR,9.936982166817273e-05
1786453266.1717734,3620,4,Loss/l_ce,0.207780122756958
1786453266.1720738,3620,4,Loss/l_total,0.207780122756958
1786453266.1721058,3620,4,LR,9.936982166817273e-05
1786453289.9021306,3640,4,Loss/l_ce,0.3615400791168213
1786453289.902342,3640,4,Loss/l_total,0.3615400791168213
1786453289.9023647,3640,4,LR,9.936982166817273e-05
1786453309.8868673,3660,4,Loss/l_ce,0.3454139232635498
1786453309.8874323,3660,4,Loss/l_total,0.3454139232635498
1786453309.887463,3660,4,LR,9.936982166817273e-05
1786453332.686159,3680,4,Loss/l_ce,0.2519986629486084
1786453332.6864367,3680,4,Loss/l_total,0.2519986629486084
1786453332.686458,3680,4,LR,9.936982166817273e-05
1786453354.71805,3700,4,Loss/l_ce,0.26439666748046875
1786453354.718284,3700,4,Loss/l_total,0.26439666748046875
1786453354.7183063,3700,4,LR,9.936982166817273e-05
1786453372.7112525,3720,4,Loss/l_ce,0.18474721908569336
1786453372.7114613,3720,4,Loss/l_total,0.18474721908569336
1786453372.7114816,3720,4,LR,9.936982166817273e-05
1786453394.9933052,3740,4,Loss/l_ce,0.2118823528289795
1786453394.9936945,3740,4,Loss/l_total,0.2118823528289795
1786453394.9937205,3740,4,LR,9.936982166817273e-05
1786453415.5630016,3760,4,Loss/l_ce,0.18819403648376465
1786453415.5631776,3760,4,Loss/l_total,0.18819403648376465
1786453415.5632,3760,4,LR,9.936982166817273e-05
1786453438.9258702,3780,4,Loss/l_ce,0.35000109672546387
1786453438.9261882,3780,4,Loss/l_total,0.35000109672546387
1786453438.926212,3780,4,LR,9.936982166817273e-05
1786453453.8622315,3800,4,Loss/l_ce,0.2626912593841553
1786453453.8624701,3800,4,Loss/l_total,0.2626912593841553
1786453453.8624916,3800,4,LR,9.936982166817273e-05
1786453470.5989969,3820,4,Loss/l_ce,3.2506790161132812
1786453470.599277,3820,4,Loss/l_total,3.2506790161132812
1786453470.5993342,3820,4,LR,9.936982166817273e-05
1786453490.4267836,3840,4,Loss/l_ce,0.5473158359527588
1786453490.4269295,3840,4,Loss/l_total,0.5473158359527588
1786453490.4269533,3840,4,LR,9.936982166817273e-05
1786453503.90401,3860,4,Loss/l_ce,0.32741832733154297
1786453503.904245,3860,4,Loss/l_total,0.32741832733154297
1786453503.9042711,3860,4,LR,9.936982166817273e-05
1786453517.295733,3880,4,Loss/l_ce,0.2435169219970703
1786453517.2959743,3880,4,Loss/l_total,0.2435169219970703
1786453517.2959967,3880,4,LR,9.936982166817273e-05
1786453531.2838454,3900,4,Loss/l_ce,0.26308155059814453
1786453531.284088,3900,4,Loss/l_total,0.26308155059814453
1786453531.2841387,3900,4,LR,9.936982166817273e-05
1786453552.407751,3920,4,Loss/l_ce,0.28508639335632324
1786453552.4080076,3920,4,Loss/l_total,0.28508639335632324
1786453552.4080527,3920,4,LR,9.936982166817273e-05
1786453568.6711626,3940,4,Loss/l_ce,0.2069406509399414
1786453568.671404,3940,4,Loss/l_total,0.2069406509399414
1786453568.6714287,3940,4,LR,9.936982166817273e-05
1786453585.7398937,3960,4,Loss/l_ce,0.27426648139953613
1786453585.7401643,3960,4,Loss/l_total,0.27426648139953613
1786453585.7401896,3960,4,LR,9.936982166817273e-05
1786453609.1479328,3980,4,Loss/l_ce,0.16863203048706055
1786453609.148183,3980,4,Loss/l_total,0.16863203048706055
1786453609.1482055,3980,4,LR,9.936982166817273e-05
1786453637.4441867,4000,4,Loss/l_ce,0.176771879196167
1786453637.4443839,4000,4,Loss/l_total,0.176771879196167
1786453637.4444027,4000,4,LR,9.936982166817273e-05
1786453661.0020854,4020,4,Loss/l_ce,0.2785377502441406
1786453661.002273,4020,4,Loss/l_total,0.2785377502441406
1786453661.0022955,4020,4,LR,9.936982166817273e-05
1786453676.0289316,4040,4,Loss/l_ce,0.21877336502075195
1786453676.029226,4040,4,Loss/l_total,0.21877336502075195
1786453676.0292556,4040,4,LR,9.936982166817273e-05
1786453692.215737,4060,4,Loss/l_ce,0.18285083770751953
1786453692.216016,4060,4,Loss/l_total,0.18285083770751953
1786453692.216067,4060,4,LR,9.936982166817273e-05
1786453829.312762,4060,4,Val/avg_error,0.08788692206144333
1786453829.3130875,4060,4,Val/acc,0.456005859375
1786453829.3131123,4060,4,Val/sparse_auc,0.6332139756944445
1786453829.3131278,4060,4,Val/sparse_pck_max,0.1
1786453829.3131442,4060,4,Val/sparse_pck_n,100.0
1786453845.512306,4080,5,Loss/l_ce,2.603778600692749
1786453845.512567,4080,5,Loss/l_total,2.603778600692749
1786453845.5125885,4080,5,LR,9.901664203302126e-05
1786453865.1251955,4100,5,Loss/l_ce,0.4487786293029785
1786453865.125637,4100,5,Loss/l_total,0.4487786293029785
1786453865.125668,4100,5,LR,9.901664203302126e-05
1786453885.137309,4120,5,Loss/l_ce,0.7829861640930176
1786453885.1375132,4120,5,Loss/l_total,0.7829861640930176
1786453885.1376212,4120,5,LR,9.901664203302126e-05
1786453906.6776285,4140,5,Loss/l_ce,0.14841318130493164
1786453906.6777995,4140,5,Loss/l_total,0.14841318130493164
1786453906.6778197,4140,5,LR,9.901664203302126e-05
1786453920.376249,4160,5,Loss/l_ce,0.35970020294189453
1786453920.3764215,4160,5,Loss/l_total,0.35970020294189453
1786453920.3764403,4160,5,LR,9.901664203302126e-05
1786453935.7921696,4180,5,Loss/l_ce,0.2628805637359619
1786453935.7923381,4180,5,Loss/l_total,0.2628805637359619
1786453935.7923608,4180,5,LR,9.901664203302126e-05
1786453952.1238303,4200,5,Loss/l_ce,0.26620912551879883
1786453952.124,4200,5,Loss/l_total,0.26620912551879883
1786453952.1240215,4200,5,LR,9.901664203302126e-05
1786453969.496731,4220,5,Loss/l_ce,0.2799110412597656
1786453969.4969344,4220,5,Loss/l_total,0.2799110412597656
1786453969.4969604,4220,5,LR,9.901664203302126e-05
1786453990.1742618,4240,5,Loss/l_ce,0.24844074249267578
1786453990.1744895,4240,5,Loss/l_total,0.24844074249267578
1786453990.1745086,4240,5,LR,9.901664203302126e-05
1786454005.0323343,4260,5,Loss/l_ce,0.19591093063354492
1786454005.0325766,4260,5,Loss/l_total,0.19591093063354492
1786454005.032598,4260,5,LR,9.901664203302126e-05
1786454023.4093118,4280,5,Loss/l_ce,0.4310295581817627
1786454023.409586,4280,5,Loss/l_total,0.4310295581817627
1786454023.4096107,4280,5,LR,9.901664203302126e-05
1786454088.2806325,4300,5,Loss/l_ce,0.2125852108001709
1786454088.2811077,4300,5,Loss/l_total,0.2125852108001709
1786454088.281134,4300,5,LR,9.901664203302126e-05
1786454148.7357152,4320,5,Loss/l_ce,0.1927938461303711
1786454148.7359347,4320,5,Loss/l_total,0.1927938461303711
1786454148.7359571,4320,5,LR,9.901664203302126e-05
1786454166.4545035,4340,5,Loss/l_ce,0.28120923042297363
1786454166.4547195,4340,5,Loss/l_total,0.28120923042297363
1786454166.4547443,4340,5,LR,9.901664203302126e-05
1786454180.2072387,4360,5,Loss/l_ce,0.12666559219360352
1786454180.2074084,4360,5,Loss/l_total,0.12666559219360352
1786454180.2074475,4360,5,LR,9.901664203302126e-05
1786454195.118353,4380,5,Loss/l_ce,0.28456854820251465
1786454195.1185513,4380,5,Loss/l_total,0.28456854820251465
1786454195.118574,4380,5,LR,9.901664203302126e-05
1786454210.9475763,4400,5,Loss/l_ce,0.25810742378234863
1786454210.9477687,4400,5,Loss/l_total,0.25810742378234863
1786454210.94779,4400,5,LR,9.901664203302126e-05
1786454236.20871,4420,5,Loss/l_ce,0.19865751266479492
1786454236.208908,4420,5,Loss/l_total,0.19865751266479492
1786454236.2089295,4420,5,LR,9.901664203302126e-05
1786454434.7101316,4440,5,Loss/l_ce,0.29614758491516113
1786454434.7103014,4440,5,Loss/l_total,0.29614758491516113
1786454434.7103264,4440,5,LR,9.901664203302126e-05
1786454447.2572029,4460,5,Loss/l_ce,0.19962596893310547
1786454447.2573538,4460,5,Loss/l_total,0.19962596893310547
1786454447.257374,4460,5,LR,9.901664203302126e-05
1786454456.6890013,4480,5,Loss/l_ce,0.3365757465362549
1786454456.689222,4480,5,Loss/l_total,0.3365757465362549
1786454456.689252,4480,5,LR,9.901664203302126e-05
1786454474.7036133,4500,5,Loss/l_ce,0.18815374374389648
1786454474.7038507,4500,5,Loss/l_total,0.18815374374389648
1786454474.703879,4500,5,LR,9.901664203302126e-05
1786454490.4158928,4520,5,Loss/l_ce,0.2912862300872803
1786454490.4160852,4520,5,Loss/l_total,0.2912862300872803
1786454490.41611,4520,5,LR,9.901664203302126e-05
1786454503.4750159,4540,5,Loss/l_ce,0.2535367012023926
1786454503.475264,4540,5,Loss/l_total,0.2535367012023926
1786454503.4752867,4540,5,LR,9.901664203302126e-05
1786454522.807779,4560,5,Loss/l_ce,0.397808313369751
1786454522.8079784,4560,5,Loss/l_total,0.397808313369751
1786454522.8080049,4560,5,LR,9.901664203302126e-05
1786454541.0823498,4580,5,Loss/l_ce,0.22700786590576172
1786454541.0825481,4580,5,Loss/l_total,0.22700786590576172
1786454541.082578,4580,5,LR,9.901664203302126e-05
1786454600.3949826,4600,5,Loss/l_ce,0.13669776916503906
1786454600.3952308,4600,5,Loss/l_total,0.13669776916503906
1786454600.3952522,4600,5,LR,9.901664203302126e-05
1786454631.6268048,4620,5,Loss/l_ce,0.25189709663391113
1786454631.62706,4620,5,Loss/l_total,0.25189709663391113
1786454631.6270826,4620,5,LR,9.901664203302126e-05
1786454648.5932767,4640,5,Loss/l_ce,0.3815951347351074
1786454648.5935156,4640,5,Loss/l_total,0.3815951347351074
1786454648.5935369,4640,5,LR,9.901664203302126e-05
1786454666.8132339,4660,5,Loss/l_ce,0.16126036643981934
1786454666.813406,4660,5,Loss/l_total,0.16126036643981934
1786454666.8134284,4660,5,LR,9.901664203302126e-05
1786454687.5312743,4680,5,Loss/l_ce,0.2542839050292969
1786454687.5315235,4680,5,Loss/l_total,0.2542839050292969
1786454687.5315485,4680,5,LR,9.901664203302126e-05
1786454703.086412,4700,5,Loss/l_ce,0.3497471809387207
1786454703.0866082,4700,5,Loss/l_total,0.3497471809387207
1786454703.0866306,4700,5,LR,9.901664203302126e-05
1786454725.8208263,4720,5,Loss/l_ce,0.160538911819458
1786454725.8210092,4720,5,Loss/l_total,0.160538911819458
1786454725.821058,4720,5,LR,9.901664203302126e-05
1786454746.1528606,4740,5,Loss/l_ce,0.20356202125549316
1786454746.153116,4740,5,Loss/l_total,0.20356202125549316
1786454746.153141,4740,5,LR,9.901664203302126e-05
1786454768.7175162,4760,5,Loss/l_ce,0.1895613670349121
1786454768.7177382,4760,5,Loss/l_total,0.1895613670349121
1786454768.7177608,4760,5,LR,9.901664203302126e-05
1786454788.0397224,4780,5,Loss/l_ce,0.2113170623779297
1786454788.0399315,4780,5,Loss/l_total,0.2113170623779297
1786454788.0399516,4780,5,LR,9.901664203302126e-05
1786454810.2848678,4800,5,Loss/l_ce,0.32752060890197754
1786454810.2852986,4800,5,Loss/l_total,0.32752060890197754
1786454810.2853239,4800,5,LR,9.901664203302126e-05
1786454825.0963461,4820,5,Loss/l_ce,2.727815866470337
1786454825.0965612,4820,5,Loss/l_total,2.727815866470337
1786454825.0967476,4820,5,LR,9.901664203302126e-05
1786454857.8258681,4840,5,Loss/l_ce,0.46031618118286133
1786454857.8261209,4840,5,Loss/l_total,0.46031618118286133
1786454857.8261425,4840,5,LR,9.901664203302126e-05
1786454878.5323248,4860,5,Loss/l_ce,0.27606940269470215
1786454878.532661,4860,5,Loss/l_total,0.27606940269470215
1786454878.5326822,4860,5,LR,9.901664203302126e-05
1786455025.9446259,4872,5,Val/avg_error,0.09404464066028595
1786455025.9449964,4872,5,Val/acc,0.453173828125
1786455025.9450176,4872,5,Val/sparse_auc,0.6269829644097222
1786455025.9451377,4872,5,Val/sparse_pck_max,0.1
1786455025.9451625,4872,5,Val/sparse_pck_n,100.0
1786455037.8312263,4880,6,Loss/l_ce,2.147167444229126
1786455037.831459,4880,6,Loss/l_total,2.147167444229126
1786455037.8314817,4880,6,LR,9.858624225078841e-05
1786455067.4630873,4900,6,Loss/l_ce,0.39081859588623047
1786455067.4633343,4900,6,Loss/l_total,0.39081859588623047
1786455067.463356,4900,6,LR,9.858624225078841e-05
1786455088.2398415,4920,6,Loss/l_ce,0.20438027381896973
1786455088.240003,4920,6,Loss/l_total,0.20438027381896973
1786455088.24008,4920,6,LR,9.858624225078841e-05
1786455107.7159345,4940,6,Loss/l_ce,0.2934415340423584
1786455107.716155,4940,6,Loss/l_total,0.2934415340423584
1786455107.716179,4940,6,LR,9.858624225078841e-05
1786455129.6151314,4960,6,Loss/l_ce,3.705108404159546
1786455129.6152785,4960,6,Loss/l_total,3.705108404159546
1786455129.6152978,4960,6,LR,9.858624225078841e-05
1786455147.8707576,4980,6,Loss/l_ce,0.31876349449157715
1786455147.8709416,4980,6,Loss/l_total,0.31876349449157715
1786455147.8709643,4980,6,LR,9.858624225078841e-05
1786455169.9483728,5000,6,Loss/l_ce,0.25360894203186035
1786455169.9485605,5000,6,Loss/l_total,0.25360894203186035
1786455169.9485817,5000,6,LR,9.858624225078841e-05
1786455192.6461391,5020,6,Loss/l_ce,0.22784090042114258
1786455192.646379,5020,6,Loss/l_total,0.22784090042114258
1786455192.6464026,5020,6,LR,9.858624225078841e-05
1786455210.9865682,5040,6,Loss/l_ce,0.15068268775939941
1786455210.9867892,5040,6,Loss/l_total,0.15068268775939941
1786455210.986809,5040,6,LR,9.858624225078841e-05
1786455226.9983895,5060,6,Loss/l_ce,0.24948811531066895
1786455226.9986234,5060,6,Loss/l_total,0.24948811531066895
1786455226.9986448,5060,6,LR,9.858624225078841e-05
1786455243.0166564,5080,6,Loss/l_ce,0.3274412155151367
1786455243.0168405,5080,6,Loss/l_total,0.3274412155151367
1786455243.0168629,5080,6,LR,9.858624225078841e-05
1786455252.0584083,5100,6,Loss/l_ce,0.36266613006591797
1786455252.0585508,5100,6,Loss/l_total,0.36266613006591797
1786455252.0585732,5100,6,LR,9.858624225078841e-05
1786455274.243786,5120,6,Loss/l_ce,0.2525763511657715
1786455274.2440627,5120,6,Loss/l_total,0.2525763511657715
1786455274.2440925,5120,6,LR,9.858624225078841e-05
1786455288.758823,5140,6,Loss/l_ce,0.22860980033874512
1786455288.7591221,5140,6,Loss/l_total,0.22860980033874512
1786455288.7591493,5140,6,LR,9.858624225078841e-05
1786455315.6154933,5160,6,Loss/l_ce,0.18689703941345215
1786455315.6156523,5160,6,Loss/l_total,0.18689703941345215
1786455315.6156738,5160,6,LR,9.858624225078841e-05
1786455332.6215806,5180,6,Loss/l_ce,0.3819131851196289
1786455332.6217623,5180,6,Loss/l_total,0.3819131851196289
1786455332.621785,5180,6,LR,9.858624225078841e-05
1786455346.0991478,5200,6,Loss/l_ce,0.32657575607299805
1786455346.0992916,5200,6,Loss/l_total,0.32657575607299805
1786455346.0993166,5200,6,LR,9.858624225078841e-05
1786455358.7584338,5220,6,Loss/l_ce,0.22878122329711914
1786455358.7586489,5220,6,Loss/l_total,0.22878122329711914
1786455358.7586737,5220,6,LR,9.858624225078841e-05
1786455374.1999047,5240,6,Loss/l_ce,1.5031826496124268
1786455374.2001705,5240,6,Loss/l_total,1.5031826496124268
1786455374.2001965,5240,6,LR,9.858624225078841e-05
1786455392.4885912,5260,6,Loss/l_ce,0.3883852958679199
1786455392.4887977,5260,6,Loss/l_total,0.3883852958679199
1786455392.488818,5260,6,LR,9.858624225078841e-05
1786455402.0546331,5280,6,Loss/l_ce,1.911377191543579
1786455402.0547957,5280,6,Loss/l_total,1.911377191543579
1786455402.0548196,5280,6,LR,9.858624225078841e-05
1786455419.2099807,5300,6,Loss/l_ce,0.29418325424194336
1786455419.2101753,5300,6,Loss/l_total,0.29418325424194336
1786455419.210199,5300,6,LR,9.858624225078841e-05
1786455432.9373262,5320,6,Loss/l_ce,0.46131038665771484
1786455432.9374828,5320,6,Loss/l_total,0.46131038665771484
1786455432.9375052,5320,6,LR,9.858624225078841e-05
1786455446.1070144,5340,6,Loss/l_ce,0.18773794174194336
1786455446.1071913,5340,6,Loss/l_total,0.18773794174194336
1786455446.1072152,5340,6,LR,9.858624225078841e-05
1786455459.5747952,5360,6,Loss/l_ce,0.21038007736206055
1786455459.5750647,5360,6,Loss/l_total,0.21038007736206055
1786455459.5750897,5360,6,LR,9.858624225078841e-05
1786455476.5870485,5380,6,Loss/l_ce,0.19408679008483887
1786455476.5872953,5380,6,Loss/l_total,0.19408679008483887
1786455476.5873213,5380,6,LR,9.858624225078841e-05
1786455490.4710617,5400,6,Loss/l_ce,3.1730098724365234
1786455490.471254,5400,6,Loss/l_total,3.1730098724365234
1786455490.4712756,5400,6,LR,9.858624225078841e-05
1786455505.6184096,5420,6,Loss/l_ce,0.22058486938476562
1786455505.618659,5420,6,Loss/l_total,0.22058486938476562
1786455505.6186838,5420,6,LR,9.858624225078841e-05
1786455535.683605,5440,6,Loss/l_ce,0.5559685230255127
1786455535.6837807,5440,6,Loss/l_total,0.5559685230255127
1786455535.683808,5440,6,LR,9.858624225078841e-05
1786455571.4387524,5460,6,Loss/l_ce,0.16311264038085938
1786455571.4389176,5460,6,Loss/l_total,0.16311264038085938
1786455571.4389412,5460,6,LR,9.858624225078841e-05
1786455596.5004873,5480,6,Loss/l_ce,0.1367802619934082
1786455596.5006535,5480,6,Loss/l_total,0.1367802619934082
1786455596.5006773,5480,6,LR,9.858624225078841e-05
1786455618.692859,5500,6,Loss/l_ce,0.22681164741516113
1786455618.6930227,5500,6,Loss/l_total,0.22681164741516113
1786455618.6930585,5500,6,LR,9.858624225078841e-05
1786455636.92515,5520,6,Loss/l_ce,0.2290210723876953
1786455636.9253364,5520,6,Loss/l_total,0.2290210723876953
1786455636.9253602,5520,6,LR,9.858624225078841e-05
1786455658.8458886,5540,6,Loss/l_ce,0.20754337310791016
1786455658.8461392,5540,6,Loss/l_total,0.20754337310791016
1786455658.8461604,5540,6,LR,9.858624225078841e-05
1786455684.0845816,5560,6,Loss/l_ce,0.22338199615478516
1786455684.0847955,5560,6,Loss/l_total,0.22338199615478516
1786455684.084818,5560,6,LR,9.858624225078841e-05
1786455700.134101,5580,6,Loss/l_ce,0.390972375869751
1786455700.134259,5580,6,Loss/l_total,0.390972375869751
1786455700.134279,5580,6,LR,9.858624225078841e-05
1786455725.555164,5600,6,Loss/l_ce,0.32343029975891113
1786455725.555416,5600,6,Loss/l_total,0.32343029975891113
1786455725.5554385,5600,6,LR,9.858624225078841e-05
1786455752.4991515,5620,6,Loss/l_ce,0.20201468467712402
1786455752.4993472,5620,6,Loss/l_total,0.20201468467712402
1786455752.499371,5620,6,LR,9.858624225078841e-05
1786455778.5601456,5640,6,Loss/l_ce,0.17861366271972656
1786455778.5602965,5640,6,Loss/l_total,0.17861366271972656
1786455778.5603201,5640,6,LR,9.858624225078841e-05
1786455801.6963978,5660,6,Loss/l_ce,0.19536304473876953
1786455801.6966069,5660,6,Loss/l_total,0.19536304473876953
1786455801.696632,5660,6,LR,9.858624225078841e-05
1786455818.8994544,5680,6,Loss/l_ce,0.4119753837585449
1786455818.8996148,5680,6,Loss/l_total,0.4119753837585449
1786455818.8996372,5680,6,LR,9.858624225078841e-05
1786455977.8154156,5684,6,Val/avg_error,0.08323361724615097
1786455977.8157372,5684,6,Val/acc,0.460986328125
1786455977.8157623,5684,6,Val/sparse_auc,0.640353732638889
1786455977.8157802,5684,6,Val/sparse_pck_max,0.1
1786455977.815799,5684,6,Val/sparse_pck_n,100.0
1786456003.017892,5700,7,Loss/l_ce,0.13502907752990723
1786456003.018115,5700,7,Loss/l_total,0.13502907752990723
1786456003.0181365,5700,7,LR,9.807937738894303e-05
1786456023.0971277,5720,7,Loss/l_ce,0.3933539390563965
1786456023.0974007,5720,7,Loss/l_total,0.3933539390563965
1786456023.0974221,5720,7,LR,9.807937738894303e-05
1786456041.7173214,5740,7,Loss/l_ce,0.2546679973602295
1786456041.7175627,5740,7,Loss/l_total,0.2546679973602295
1786456041.7175865,5740,7,LR,9.807937738894303e-05
1786456062.903437,5760,7,Loss/l_ce,0.22196245193481445
1786456062.9036138,5760,7,Loss/l_total,0.22196245193481445
1786456062.903653,5760,7,LR,9.807937738894303e-05
1786456083.3281755,5780,7,Loss/l_ce,0.21262049674987793
1786456083.3283455,5780,7,Loss/l_total,0.21262049674987793
1786456083.3283632,5780,7,LR,9.807937738894303e-05
1786456102.8149512,5800,7,Loss/l_ce,2.866713762283325
1786456102.8151722,5800,7,Loss/l_total,2.866713762283325
1786456102.8151982,5800,7,LR,9.807937738894303e-05
1786456124.0776112,5820,7,Loss/l_ce,0.20245146751403809
1786456124.0778108,5820,7,Loss/l_total,0.20245146751403809
1786456124.0778322,5820,7,LR,9.807937738894303e-05
1786456146.8649523,5840,7,Loss/l_ce,0.17206478118896484
1786456146.8651266,5840,7,Loss/l_total,0.17206478118896484
1786456146.865148,5840,7,LR,9.807937738894303e-05
1786456175.7266147,5860,7,Loss/l_ce,0.13344645500183105
1786456175.7269533,5860,7,Loss/l_total,0.13344645500183105
1786456175.7269747,5860,7,LR,9.807937738894303e-05
1786456195.128159,5880,7,Loss/l_ce,0.22126436233520508
1786456195.1283252,5880,7,Loss/l_total,0.22126436233520508
1786456195.1283467,5880,7,LR,9.807937738894303e-05
1786456210.610236,5900,7,Loss/l_ce,0.2170701026916504
1786456210.6105614,5900,7,Loss/l_total,0.2170701026916504
1786456210.610585,5900,7,LR,9.807937738894303e-05
1786456228.4954453,5920,7,Loss/l_ce,1.0350041389465332
1786456228.49578,5920,7,Loss/l_total,1.0350041389465332
1786456228.4958062,5920,7,LR,9.807937738894303e-05
1786456251.9467003,5940,7,Loss/l_ce,0.3827345371246338
1786456251.9468975,5940,7,Loss/l_total,0.3827345371246338
1786456251.94692,5940,7,LR,9.807937738894303e-05
1786456279.5625253,5960,7,Loss/l_ce,0.1767711639404297
1786456279.563007,5960,7,Loss/l_total,0.1767711639404297
1786456279.5630536,5960,7,LR,9.807937738894303e-05
1786456305.0954669,5980,7,Loss/l_ce,0.2366631031036377
1786456305.0958097,5980,7,Loss/l_total,0.2366631031036377
1786456305.0958314,5980,7,LR,9.807937738894303e-05
1786456323.8486707,6000,7,Loss/l_ce,0.25108814239501953
1786456323.8489368,6000,7,Loss/l_total,0.25108814239501953
1786456323.8489664,6000,7,LR,9.807937738894303e-05
1786456342.730732,6020,7,Loss/l_ce,0.1543715000152588
1786456342.730947,6020,7,Loss/l_total,0.1543715000152588
1786456342.7309697,6020,7,LR,9.807937738894303e-05
1786456367.6169155,6040,7,Loss/l_ce,0.5468189716339111
1786456367.6171126,6040,7,Loss/l_total,0.5468189716339111
1786456367.6171386,6040,7,LR,9.807937738894303e-05
1786456392.8022172,6060,7,Loss/l_ce,0.17664241790771484
1786456392.8024297,6060,7,Loss/l_total,0.17664241790771484
1786456392.8024523,6060,7,LR,9.807937738894303e-05
1786456412.9974098,6080,7,Loss/l_ce,0.31380391120910645
1786456412.9975972,6080,7,Loss/l_total,0.31380391120910645
1786456412.9976187,6080,7,LR,9.807937738894303e-05
1786456440.4249334,6100,7,Loss/l_ce,0.23071575164794922
1786456440.4252515,6100,7,Loss/l_total,0.23071575164794922
1786456440.4252741,6100,7,LR,9.807937738894303e-05
1786456463.844897,6120,7,Loss/l_ce,0.20394277572631836
1786456463.8451807,6120,7,Loss/l_total,0.20394277572631836
1786456463.8452067,6120,7,LR,9.807937738894303e-05
1786456491.8423367,6140,7,Loss/l_ce,0.15817880630493164
1786456491.8425732,6140,7,Loss/l_total,0.15817880630493164
1786456491.8426003,6140,7,LR,9.807937738894303e-05
1786456526.7602491,6160,7,Loss/l_ce,0.13301324844360352
1786456526.7604582,6160,7,Loss/l_total,0.13301324844360352
1786456526.7604785,6160,7,LR,9.807937738894303e-05
1786456546.755016,6180,7,Loss/l_ce,0.13629817962646484
1786456546.755238,6180,7,Loss/l_total,0.13629817962646484
1786456546.7552583,6180,7,LR,9.807937738894303e-05
1786456568.9682755,6200,7,Loss/l_ce,0.36800575256347656
1786456568.9684808,6200,7,Loss/l_total,0.36800575256347656
1786456568.9684997,6200,7,LR,9.807937738894303e-05
1786456587.6202626,6220,7,Loss/l_ce,0.2392439842224121
1786456587.620524,6220,7,Loss/l_total,0.2392439842224121
1786456587.6205475,6220,7,LR,9.807937738894303e-05
1786456612.8869305,6240,7,Loss/l_ce,0.250685453414917
1786456612.8873258,6240,7,Loss/l_total,0.250685453414917
1786456612.8873553,6240,7,LR,9.807937738894303e-05
1786456631.898783,6260,7,Loss/l_ce,0.31224656105041504
1786456631.8990076,6260,7,Loss/l_total,0.31224656105041504
1786456631.899067,6260,7,LR,9.807937738894303e-05
1786456653.6696892,6280,7,Loss/l_ce,0.12613630294799805
1786456653.669866,6280,7,Loss/l_total,0.12613630294799805
1786456653.6698885,6280,7,LR,9.807937738894303e-05
1786456673.6844234,6300,7,Loss/l_ce,0.2656667232513428
1786456673.684605,6300,7,Loss/l_total,0.2656667232513428
1786456673.6846287,6300,7,LR,9.807937738894303e-05
1786456694.112147,6320,7,Loss/l_ce,0.17705464363098145
1786456694.1125662,6320,7,Loss/l_total,0.17705464363098145
1786456694.11259,6320,7,LR,9.807937738894303e-05
1786456717.6938043,6340,7,Loss/l_ce,0.3832743167877197
1786456717.694195,6340,7,Loss/l_total,0.3832743167877197
1786456717.694221,6340,7,LR,9.807937738894303e-05
1786456736.8605225,6360,7,Loss/l_ce,0.23736834526062012
1786456736.86083,6360,7,Loss/l_total,0.23736834526062012
1786456736.8608584,6360,7,LR,9.807937738894303e-05
1786456762.0144985,6380,7,Loss/l_ce,0.18965864181518555
1786456762.0146682,6380,7,Loss/l_total,0.18965864181518555
1786456762.0146897,6380,7,LR,9.807937738894303e-05
1786456782.384234,6400,7,Loss/l_ce,0.3195657730102539
1786456782.3844454,6400,7,Loss/l_total,0.3195657730102539
1786456782.3844845,6400,7,LR,9.807937738894303e-05
1786456811.7030606,6420,7,Loss/l_ce,0.12622380256652832
1786456811.7032497,6420,7,Loss/l_total,0.12622380256652832
1786456811.7032745,6420,7,LR,9.807937738894303e-05
1786456841.4353817,6440,7,Loss/l_ce,0.28102850914001465
1786456841.4356868,6440,7,Loss/l_total,0.28102850914001465
1786456841.4357095,6440,7,LR,9.807937738894303e-05
1786456867.6798282,6460,7,Loss/l_ce,0.28387904167175293
1786456867.6800752,6460,7,Loss/l_total,0.28387904167175293
1786456867.6801014,6460,7,LR,9.807937738894303e-05
1786456888.1750162,6480,7,Loss/l_ce,0.2219839096069336
1786456888.1753106,6480,7,Loss/l_total,0.2219839096069336
1786456888.1753345,6480,7,LR,9.807937738894303e-05
1786457058.5465093,6496,7,Val/avg_error,0.0910373330116272
1786457058.5468595,6496,7,Val/acc,0.4505859375
1786457058.5468807,6496,7,Val/sparse_auc,0.6245427911931819
1786457058.5468986,6496,7,Val/sparse_pck_max,0.1
1786457058.546914,6496,7,Val/sparse_pck_n,100.0
1786457065.8952699,6500,8,Loss/l_ce,0.26485490798950195
1786457065.8954408,6500,8,Loss/l_total,0.26485490798950195
1786457065.895467,6500,8,LR,9.749693666068666e-05
1786457086.130096,6520,8,Loss/l_ce,0.764406681060791
1786457086.1303906,6520,8,Loss/l_total,0.764406681060791
1786457086.130413,6520,8,LR,9.749693666068666e-05
1786457101.9340515,6540,8,Loss/l_ce,0.5560030937194824
1786457101.9343104,6540,8,Loss/l_total,0.5560030937194824
1786457101.9343379,6540,8,LR,9.749693666068666e-05
1786457115.2931445,6560,8,Loss/l_ce,0.22420597076416016
1786457115.2934473,6560,8,Loss/l_total,0.22420597076416016
1786457115.2934732,6560,8,LR,9.749693666068666e-05
1786457126.8752117,6580,8,Loss/l_ce,0.2129812240600586
1786457126.8753982,6580,8,Loss/l_total,0.2129812240600586
1786457126.875422,6580,8,LR,9.749693666068666e-05
1786457141.6604364,6600,8,Loss/l_ce,0.35925769805908203
1786457141.6606395,6600,8,Loss/l_total,0.35925769805908203
1786457141.6606622,6600,8,LR,9.749693666068666e-05
1786457154.0789263,6620,8,Loss/l_ce,0.1989457607269287
1786457154.0792124,6620,8,Loss/l_total,0.1989457607269287
1786457154.0792377,6620,8,LR,9.749693666068666e-05
1786457168.7457147,6640,8,Loss/l_ce,0.1785891056060791
1786457168.745888,6640,8,Loss/l_total,0.1785891056060791
1786457168.745911,6640,8,LR,9.749693666068666e-05
1786457196.012878,6660,8,Loss/l_ce,0.8558988571166992
1786457196.0132613,6660,8,Loss/l_total,0.8558988571166992
1786457196.0132864,6660,8,LR,9.749693666068666e-05
1786457218.024413,6680,8,Loss/l_ce,1.519667148590088
1786457218.0246353,6680,8,Loss/l_total,1.519667148590088
1786457218.0246544,6680,8,LR,9.749693666068666e-05
1786457239.9366832,6700,8,Loss/l_ce,0.23226404190063477
1786457239.9369245,6700,8,Loss/l_total,0.23226404190063477
1786457239.9369483,6700,8,LR,9.749693666068666e-05
1786457257.384183,6720,8,Loss/l_ce,3.306859016418457
1786457257.384417,6720,8,Loss/l_total,3.306859016418457
1786457257.3844385,6720,8,LR,9.749693666068666e-05
1786457278.9092007,6740,8,Loss/l_ce,0.16783809661865234
1786457278.9097574,6740,8,Loss/l_total,0.16783809661865234
1786457278.9097893,6740,8,LR,9.749693666068666e-05
1786457304.7316823,6760,8,Loss/l_ce,0.18272924423217773
1786457304.7318947,6760,8,Loss/l_total,0.18272924423217773
1786457304.7319176,6760,8,LR,9.749693666068666e-05
1786457331.1552377,6780,8,Loss/l_ce,0.19343066215515137
1786457331.1553931,6780,8,Loss/l_total,0.19343066215515137
1786457331.1554146,6780,8,LR,9.749693666068666e-05
1786457354.2984166,6800,8,Loss/l_ce,0.7661745548248291
1786457354.2985828,6800,8,Loss/l_total,0.7661745548248291
1786457354.2986066,6800,8,LR,9.749693666068666e-05
1786457372.0394363,6820,8,Loss/l_ce,0.22228384017944336
1786457372.0396037,6820,8,Loss/l_total,0.22228384017944336
1786457372.039624,6820,8,LR,9.749693666068666e-05
1786457390.9491336,6840,8,Loss/l_ce,0.11987996101379395
1786457390.949338,6840,8,Loss/l_total,0.11987996101379395
1786457390.9493594,6840,8,LR,9.749693666068666e-05
1786457410.5088685,6860,8,Loss/l_ce,0.4288148880004883
1786457410.509089,6860,8,Loss/l_total,0.4288148880004883
1786457410.509114,6860,8,LR,9.749693666068666e-05
1786457433.670447,6880,8,Loss/l_ce,0.2391955852508545
1786457433.6706383,6880,8,Loss/l_total,0.2391955852508545
1786457433.6706595,6880,8,LR,9.749693666068666e-05
1786457460.5666645,6900,8,Loss/l_ce,0.3108644485473633
1786457460.5668247,6900,8,Loss/l_total,0.3108644485473633
1786457460.566845,6900,8,LR,9.749693666068666e-05
1786457483.6346612,6920,8,Loss/l_ce,0.2163534164428711
1786457483.6348417,6920,8,Loss/l_total,0.2163534164428711
1786457483.6348677,6920,8,LR,9.749693666068666e-05
1786457499.9121144,6940,8,Loss/l_ce,0.19334840774536133
1786457499.9122653,6940,8,Loss/l_total,0.19334840774536133
1786457499.9122877,6940,8,LR,9.749693666068666e-05
1786457523.3843217,6960,8,Loss/l_ce,0.26291656494140625
1786457523.3845248,6960,8,Loss/l_total,0.26291656494140625
1786457523.3845499,6960,8,LR,9.749693666068666e-05
1786457548.143889,6980,8,Loss/l_ce,2.3517744541168213
1786457548.1441288,6980,8,Loss/l_total,2.3517744541168213
1786457548.1441574,6980,8,LR,9.749693666068666e-05
1786457573.5448387,7000,8,Loss/l_ce,0.22064995765686035
1786457573.545449,7000,8,Loss/l_total,0.22064995765686035
1786457573.545475,7000,8,LR,9.749693666068666e-05
1786457601.7257576,7020,8,Loss/l_ce,0.28989362716674805
1786457601.7260723,7020,8,Loss/l_total,0.28989362716674805
1786457601.726097,7020,8,LR,9.749693666068666e-05
1786457622.8534446,7040,8,Loss/l_ce,0.21815729141235352
1786457622.8536224,7040,8,Loss/l_total,0.21815729141235352
1786457622.8536417,7040,8,LR,9.749693666068666e-05
1786457644.4306338,7060,8,Loss/l_ce,0.368807315826416
1786457644.4314733,7060,8,Loss/l_total,0.368807315826416
1786457644.4315028,7060,8,LR,9.749693666068666e-05
1786457663.6302185,7080,8,Loss/l_ce,0.22433185577392578
1786457663.630438,7080,8,Loss/l_total,0.22433185577392578
1786457663.630458,7080,8,LR,9.749693666068666e-05
1786457681.322017,7100,8,Loss/l_ce,0.1988227367401123
1786457681.322251,7100,8,Loss/l_total,0.1988227367401123
1786457681.3222709,7100,8,LR,9.749693666068666e-05
1786457706.400056,7120,8,Loss/l_ce,0.26839280128479004
1786457706.4003172,7120,8,Loss/l_total,0.26839280128479004
1786457706.4003408,7120,8,LR,9.749693666068666e-05
1786457730.9946465,7140,8,Loss/l_ce,0.14042901992797852
1786457730.994827,7140,8,Loss/l_total,0.14042901992797852
1786457730.9948483,7140,8,LR,9.749693666068666e-05
1786457750.156565,7160,8,Loss/l_ce,0.21077203750610352
1786457750.1567965,7160,8,Loss/l_total,0.21077203750610352
1786457750.1568248,7160,8,LR,9.749693666068666e-05
1786457771.2234674,7180,8,Loss/l_ce,1.139768123626709
1786457771.2236824,7180,8,Loss/l_total,1.139768123626709
1786457771.2237024,7180,8,LR,9.749693666068666e-05
1786457786.3296044,7200,8,Loss/l_ce,0.21898460388183594
1786457786.3297741,7200,8,Loss/l_total,0.21898460388183594
1786457786.3298204,7200,8,LR,9.749693666068666e-05
1786457797.4689162,7220,8,Loss/l_ce,0.13388490676879883
1786457797.4691002,7220,8,Loss/l_total,0.13388490676879883
1786457797.469124,7220,8,LR,9.749693666068666e-05
1786457816.1728454,7240,8,Loss/l_ce,0.21940255165100098
1786457816.173028,7240,8,Loss/l_total,0.21940255165100098
1786457816.1730661,7240,8,LR,9.749693666068666e-05
1786457831.9978836,7260,8,Loss/l_ce,0.1732649803161621
1786457831.998083,7260,8,Loss/l_total,0.1732649803161621
1786457831.998109,7260,8,LR,9.749693666068666e-05
1786457846.8366263,7280,8,Loss/l_ce,0.27654504776000977
1786457846.836783,7280,8,Loss/l_total,0.27654504776000977
1786457846.836803,7280,8,LR,9.749693666068666e-05
1786457862.9684405,7300,8,Loss/l_ce,0.18133020401000977
1786457862.9686317,7300,8,Loss/l_total,0.18133020401000977
1786457862.9686544,7300,8,LR,9.749693666068666e-05
1786457991.6579163,7308,8,Val/avg_error,0.10594997555017471
1786457991.6582904,7308,8,Val/acc,0.42783203125
1786457991.6583152,7308,8,Val/sparse_auc,0.6010850694444445
1786457991.6583354,7308,8,Val/sparse_pck_max,0.1
1786457991.6583533,7308,8,Val/sparse_pck_n,100.0
1786458005.7708788,7320,9,Loss/l_ce,0.23196077346801758
1786458005.7711198,7320,9,Loss/l_total,0.23196077346801758
1786458005.7711437,7320,9,LR,9.683994186497132e-05
1786458031.8767724,7340,9,Loss/l_ce,3.2005014419555664
1786458031.876992,7340,9,Loss/l_total,3.2005014419555664
1786458031.8770123,7340,9,LR,9.683994186497132e-05
1786458054.6619427,7360,9,Loss/l_ce,0.21452617645263672
1786458054.6623132,7360,9,Loss/l_total,0.21452617645263672
1786458054.6623404,7360,9,LR,9.683994186497132e-05
1786458069.5127783,7380,9,Loss/l_ce,0.5285499095916748
1786458069.5133102,7380,9,Loss/l_total,0.5285499095916748
1786458069.5133376,7380,9,LR,9.683994186497132e-05
1786458085.613087,7400,9,Loss/l_ce,0.39588356018066406
1786458085.6133077,7400,9,Loss/l_total,0.39588356018066406
1786458085.6133337,7400,9,LR,9.683994186497132e-05
1786458105.7483776,7420,9,Loss/l_ce,0.22168493270874023
1786458105.74942,7420,9,Loss/l_total,0.22168493270874023
1786458105.7494507,7420,9,LR,9.683994186497132e-05
1786458119.347656,7440,9,Loss/l_ce,0.2350020408630371
1786458119.3478315,7440,9,Loss/l_total,0.2350020408630371
1786458119.3478565,7440,9,LR,9.683994186497132e-05
1786458139.3577254,7460,9,Loss/l_ce,0.49233460426330566
1786458139.3579524,7460,9,Loss/l_total,0.49233460426330566
1786458139.3579748,7460,9,LR,9.683994186497132e-05
1786458162.4655383,7480,9,Loss/l_ce,0.22118782997131348
1786458162.4657176,7480,9,Loss/l_total,0.22118782997131348
1786458162.4657366,7480,9,LR,9.683994186497132e-05
1786458183.339887,7500,9,Loss/l_ce,0.15883588790893555
1786458183.3401124,7500,9,Loss/l_total,0.15883588790893555
1786458183.3401384,7500,9,LR,9.683994186497132e-05
1786458207.59165,7520,9,Loss/l_ce,0.21127009391784668
1786458207.5919197,7520,9,Loss/l_total,0.21127009391784668
1786458207.5919435,7520,9,LR,9.683994186497132e-05
1786458226.7190735,7540,9,Loss/l_ce,3.1494083404541016
1786458226.7192943,7540,9,Loss/l_total,3.1494083404541016
1786458226.719318,7540,9,LR,9.683994186497132e-05
1786458251.129343,7560,9,Loss/l_ce,0.17643260955810547
1786458251.1296527,7560,9,Loss/l_total,0.17643260955810547
1786458251.1296792,7560,9,LR,9.683994186497132e-05
1786458271.851091,7580,9,Loss/l_ce,0.22495436668395996
1786458271.8513474,7580,9,Loss/l_total,0.22495436668395996
1786458271.8513772,7580,9,LR,9.683994186497132e-05
1786458288.8814077,7600,9,Loss/l_ce,0.2391524314880371
1786458288.8816464,7600,9,Loss/l_total,0.2391524314880371
1786458288.8816712,7600,9,LR,9.683994186497132e-05
1786458310.0732923,7620,9,Loss/l_ce,0.18075132369995117
1786458310.0736566,7620,9,Loss/l_total,0.18075132369995117
1786458310.0736804,7620,9,LR,9.683994186497132e-05
1786458328.1730945,7640,9,Loss/l_ce,0.2779653072357178
1786458328.1732786,7640,9,Loss/l_total,0.2779653072357178
1786458328.1733093,7640,9,LR,9.683994186497132e-05
1786458354.9819765,7660,9,Loss/l_ce,0.23576116561889648
1786458354.9821665,7660,9,Loss/l_total,0.23576116561889648
1786458354.9822128,7660,9,LR,9.683994186497132e-05
1786458373.195992,7680,9,Loss/l_ce,1.1928999423980713
1786458373.1962059,7680,9,Loss/l_total,1.1928999423980713
1786458373.196227,7680,9,LR,9.683994186497132e-05
1786458386.405097,7700,9,Loss/l_ce,0.23221158981323242
1786458386.4052598,7700,9,Loss/l_total,0.23221158981323242
1786458386.405281,7700,9,LR,9.683994186497132e-05
1786458399.935181,7720,9,Loss/l_ce,0.1671462059020996
1786458399.9353528,7720,9,Loss/l_total,0.1671462059020996
1786458399.9353757,7720,9,LR,9.683994186497132e-05
1786458421.9050083,7740,9,Loss/l_ce,0.26874208450317383
1786458421.9052064,7740,9,Loss/l_total,0.26874208450317383
1786458421.9052303,7740,9,LR,9.683994186497132e-05
1786458440.285168,7760,9,Loss/l_ce,1.006751537322998
1786458440.2853305,7760,9,Loss/l_total,1.006751537322998
1786458440.2853506,7760,9,LR,9.683994186497132e-05
1786458460.3766663,7780,9,Loss/l_ce,0.19430088996887207
1786458460.3768253,7780,9,Loss/l_total,0.19430088996887207
1786458460.3768482,7780,9,LR,9.683994186497132e-05
1786458479.8377833,7800,9,Loss/l_ce,0.26490163803100586
1786458479.8379304,7800,9,Loss/l_total,0.26490163803100586
1786458479.8379543,7800,9,LR,9.683994186497132e-05
1786458493.3854175,7820,9,Loss/l_ce,0.2396242618560791
1786458493.385643,7820,9,Loss/l_total,0.2396242618560791
1786458493.3856642,7820,9,LR,9.683994186497132e-05
1786458511.6521802,7840,9,Loss/l_ce,0.2155008316040039
1786458511.6524854,7840,9,Loss/l_total,0.2155008316040039
1786458511.6525161,7840,9,LR,9.683994186497132e-05
1786458533.0848844,7860,9,Loss/l_ce,1.0231337547302246
1786458533.08516,7860,9,Loss/l_total,1.0231337547302246
1786458533.085186,7860,9,LR,9.683994186497132e-05
1786458560.641092,7880,9,Loss/l_ce,0.19429636001586914
1786458560.641268,7880,9,Loss/l_total,0.19429636001586914
1786458560.6412868,7880,9,LR,9.683994186497132e-05
1786458582.0381773,7900,9,Loss/l_ce,0.30521297454833984
1786458582.038392,7900,9,Loss/l_total,0.30521297454833984
1786458582.0385144,7900,9,LR,9.683994186497132e-05
1786458609.9981017,7920,9,Loss/l_ce,0.2261643409729004
1786458609.9983914,7920,9,Loss/l_total,0.2261643409729004
1786458609.9984114,7920,9,LR,9.683994186497132e-05
1786458628.7807188,7940,9,Loss/l_ce,0.18229079246520996
1786458628.78134,7940,9,Loss/l_total,0.18229079246520996
1786458628.781367,7940,9,LR,9.683994186497132e-05
1786458649.8091547,7960,9,Loss/l_ce,0.2000582218170166
1786458649.8095765,7960,9,Loss/l_total,0.2000582218170166
1786458649.8096013,7960,9,LR,9.683994186497132e-05
1786458669.0436552,7980,9,Loss/l_ce,0.25317978858947754
1786458669.0439684,7980,9,Loss/l_total,0.25317978858947754
1786458669.0439947,7980,9,LR,9.683994186497132e-05
1786458686.962322,8000,9,Loss/l_ce,0.21306180953979492
1786458686.9625714,8000,9,Loss/l_total,0.21306180953979492
1786458686.9625938,8000,9,LR,9.683994186497132e-05
1786458712.581315,8020,9,Loss/l_ce,0.13907504081726074
1786458712.581537,8020,9,Loss/l_total,0.13907504081726074
1786458712.5815609,8020,9,LR,9.683994186497132e-05
1786458740.3482366,8040,9,Loss/l_ce,0.5610718727111816
1786458740.3484647,8040,9,Loss/l_total,0.5610718727111816
1786458740.348486,8040,9,LR,9.683994186497132e-05
1786458759.5981739,8060,9,Loss/l_ce,0.22353053092956543
1786458759.598338,8060,9,Loss/l_total,0.22353053092956543
1786458759.598359,8060,9,LR,9.683994186497132e-05
1786458782.0142922,8080,9,Loss/l_ce,0.16507315635681152
1786458782.0144715,8080,9,Loss/l_total,0.16507315635681152
1786458782.014494,8080,9,LR,9.683994186497132e-05
1786458801.0143995,8100,9,Loss/l_ce,0.2509341239929199
1786458801.0146594,8100,9,Loss/l_total,0.2509341239929199
1786458801.014682,8100,9,LR,9.683994186497132e-05
1786458818.9642324,8120,9,Loss/l_ce,0.15946722030639648
1786458818.9644475,8120,9,Loss/l_total,0.15946722030639648
1786458818.9644687,8120,9,LR,9.683994186497132e-05
1786458954.9755495,8120,9,Val/avg_error,0.09176154434680939
1786458954.9758937,8120,9,Val/acc,0.459619140625
1786458954.9759185,8120,9,Val/sparse_auc,0.6318366773200758
1786458954.9759495,8120,9,Val/sparse_pck_max,0.1
1786458954.9759662,8120,9,Val/sparse_pck_n,100.0
1786458979.640979,8140,10,Loss/l_ce,0.25791454315185547
1786458979.6412034,8140,10,Loss/l_total,0.25791454315185547
1786458979.6412237,8140,10,LR,9.610954559391705e-05
1786458998.3097966,8160,10,Loss/l_ce,0.19313502311706543
1786458998.310097,8160,10,Loss/l_total,0.19313502311706543
1786458998.3101184,8160,10,LR,9.610954559391705e-05
1786459018.165121,8180,10,Loss/l_ce,0.25823330879211426
1786459018.1653361,8180,10,Loss/l_total,0.25823330879211426
1786459018.1653574,8180,10,LR,9.610954559391705e-05
1786459041.6722977,8200,10,Loss/l_ce,0.19065165519714355
1786459041.6724448,8200,10,Loss/l_total,0.19065165519714355
1786459041.6724675,8200,10,LR,9.610954559391705e-05
1786459057.0252101,8220,10,Loss/l_ce,0.23293089866638184
1786459057.025362,8220,10,Loss/l_total,0.23293089866638184
1786459057.025382,8220,10,LR,9.610954559391705e-05
1786459076.0584495,8240,10,Loss/l_ce,0.26349401473999023
1786459076.0585957,8240,10,Loss/l_total,0.26349401473999023
1786459076.0586169,8240,10,LR,9.610954559391705e-05
1786459090.5890677,8260,10,Loss/l_ce,0.23255681991577148
1786459090.5892494,8260,10,Loss/l_total,0.23255681991577148
1786459090.5892744,8260,10,LR,9.610954559391705e-05
1786459120.6139412,8280,10,Loss/l_ce,0.2837653160095215
1786459120.6141064,8280,10,Loss/l_total,0.2837653160095215
1786459120.6141264,8280,10,LR,9.610954559391705e-05
1786459139.0529213,8300,10,Loss/l_ce,0.12078094482421875
1786459139.0531032,8300,10,Loss/l_total,0.12078094482421875
1786459139.0531268,8300,10,LR,9.610954559391705e-05
1786459151.747297,8320,10,Loss/l_ce,0.24334192276000977
1786459151.7474847,8320,10,Loss/l_total,0.24334192276000977
1786459151.7475085,8320,10,LR,9.610954559391705e-05
1786459165.8659992,8340,10,Loss/l_ce,0.1423025131225586
1786459165.8661711,8340,10,Loss/l_total,0.1423025131225586
1786459165.8661938,8340,10,LR,9.610954559391705e-05
1786459186.3227417,8360,10,Loss/l_ce,0.20666122436523438
1786459186.3229473,8360,10,Loss/l_total,0.20666122436523438
1786459186.3229685,8360,10,LR,9.610954559391705e-05
1786459206.9397354,8380,10,Loss/l_ce,0.20715570449829102
1786459206.9399347,8380,10,Loss/l_total,0.20715570449829102
1786459206.9399905,8380,10,LR,9.610954559391705e-05
1786459237.993638,8400,10,Loss/l_ce,0.30414819717407227
1786459237.993802,8400,10,Loss/l_total,0.30414819717407227
1786459237.9938233,8400,10,LR,9.610954559391705e-05
1786459259.6914008,8420,10,Loss/l_ce,0.29729366302490234
1786459259.691554,8420,10,Loss/l_total,0.29729366302490234
1786459259.6915753,8420,10,LR,9.610954559391705e-05
1786459279.9386387,8440,10,Loss/l_ce,0.26460886001586914
1786459279.938806,8440,10,Loss/l_total,0.26460886001586914
1786459279.938825,8440,10,LR,9.610954559391705e-05
1786459298.6615658,8460,10,Loss/l_ce,0.1886453628540039
1786459298.6617484,8460,10,Loss/l_total,0.1886453628540039
1786459298.6617687,8460,10,LR,9.610954559391705e-05
1786459308.9869576,8480,10,Loss/l_ce,0.14137554168701172
1786459308.987139,8480,10,Loss/l_total,0.14137554168701172
1786459308.9871643,8480,10,LR,9.610954559391705e-05
1786459328.42994,8500,10,Loss/l_ce,2.9554553031921387
1786459328.4301088,8500,10,Loss/l_total,2.9554553031921387
1786459328.4301312,8500,10,LR,9.610954559391705e-05
1786459338.0715463,8520,10,Loss/l_ce,0.3666219711303711
1786459338.07171,8520,10,Loss/l_total,0.3666219711303711
1786459338.0717318,8520,10,LR,9.610954559391705e-05
1786459352.837593,8540,10,Loss/l_ce,0.19002652168273926
1786459352.8377843,8540,10,Loss/l_total,0.19002652168273926
1786459352.8378081,8540,10,LR,9.610954559391705e-05
1786459371.4337883,8560,10,Loss/l_ce,2.093604326248169
1786459371.434001,8560,10,Loss/l_total,2.093604326248169
1786459371.4340243,8560,10,LR,9.610954559391705e-05
1786459391.4226942,8580,10,Loss/l_ce,0.15169811248779297
1786459391.4228888,8580,10,Loss/l_total,0.15169811248779297
1786459391.4229126,8580,10,LR,9.610954559391705e-05
1786459400.9873264,8600,10,Loss/l_ce,0.28847551345825195
1786459400.987488,8600,10,Loss/l_total,0.28847551345825195
1786459400.9875047,8600,10,LR,9.610954559391705e-05
1786459423.384216,8620,10,Loss/l_ce,0.3018312454223633
1786459423.3847003,8620,10,Loss/l_total,0.3018312454223633
1786459423.3851838,8620,10,LR,9.610954559391705e-05
1786459443.654125,8640,10,Loss/l_ce,0.19011998176574707
1786459443.654378,8640,10,Loss/l_total,0.19011998176574707
1786459443.6544015,8640,10,LR,9.610954559391705e-05
1786459459.8779984,8660,10,Loss/l_ce,0.19199919700622559
1786459459.8782048,8660,10,Loss/l_total,0.19199919700622559
1786459459.8782322,8660,10,LR,9.610954559391705e-05
1786459477.453781,8680,10,Loss/l_ce,0.34241747856140137
1786459477.4539554,8680,10,Loss/l_total,0.34241747856140137
1786459477.4539754,8680,10,LR,9.610954559391705e-05
1786459506.8919551,8700,10,Loss/l_ce,0.15805912017822266
1786459506.8921452,8700,10,Loss/l_total,0.15805912017822266
1786459506.8921654,8700,10,LR,9.610954559391705e-05
1786459525.2672172,8720,10,Loss/l_ce,0.23496651649475098
1786459525.2673643,8720,10,Loss/l_total,0.23496651649475098
1786459525.2673833,8720,10,LR,9.610954559391705e-05
1786459551.3089547,8740,10,Loss/l_ce,0.20603609085083008
1786459551.30914,8740,10,Loss/l_total,0.20603609085083008
1786459551.3091624,8740,10,LR,9.610954559391705e-05
1786459568.2912884,8760,10,Loss/l_ce,0.1334068775177002
1786459568.2914546,8760,10,Loss/l_total,0.1334068775177002
1786459568.291477,8760,10,LR,9.610954559391705e-05
1786459585.8514524,8780,10,Loss/l_ce,0.7712514400482178
1786459585.851609,8780,10,Loss/l_total,0.7712514400482178
1786459585.8516293,8780,10,LR,9.610954559391705e-05
1786459599.2145994,8800,10,Loss/l_ce,0.17449069023132324
1786459599.2147737,8800,10,Loss/l_total,0.17449069023132324
1786459599.2147975,8800,10,LR,9.610954559391705e-05
1786459610.350655,8820,10,Loss/l_ce,0.34082961082458496
1786459610.3508427,8820,10,Loss/l_total,0.34082961082458496
1786459610.3508677,8820,10,LR,9.610954559391705e-05
1786459623.7555814,8840,10,Loss/l_ce,0.29165148735046387
1786459623.7557669,8840,10,Loss/l_total,0.29165148735046387
1786459623.7557867,8840,10,LR,9.610954559391705e-05
1786459636.9464638,8860,10,Loss/l_ce,0.19213509559631348
1786459636.946643,8860,10,Loss/l_total,0.19213509559631348
1786459636.9466693,8860,10,LR,9.610954559391705e-05
1786459646.367028,8880,10,Loss/l_ce,0.21671819686889648
1786459646.367236,8880,10,Loss/l_total,0.21671819686889648
1786459646.367257,8880,10,LR,9.610954559391705e-05
1786459654.426474,8900,10,Loss/l_ce,0.23094654083251953
1786459654.4266295,8900,10,Loss/l_total,0.23094654083251953
1786459654.4266534,8900,10,LR,9.610954559391705e-05
1786459664.8304799,8920,10,Loss/l_ce,0.1943340301513672
1786459664.8306558,8920,10,Loss/l_total,0.1943340301513672
1786459664.830677,8920,10,LR,9.610954559391705e-05
1786459795.8601928,8932,10,Val/avg_error,0.10001089423894882
1786459795.8605943,8932,10,Val/acc,0.425341796875
1786459795.8606179,8932,10,Val/sparse_auc,0.602758542455808
1786459795.860637,8932,10,Val/sparse_pck_max,0.1
1786459795.8606856,8932,10,Val/sparse_pck_n,100.0
1786459802.5110967,8940,11,Loss/l_ce,0.1603107452392578
1786459802.5113604,8940,11,Loss/l_total,0.1603107452392578
1786459802.5113804,8940,11,LR,9.53070292107736e-05
1786459817.9095514,8960,11,Loss/l_ce,0.14654111862182617
1786459817.9097533,8960,11,Loss/l_total,0.14654111862182617
1786459817.9097745,8960,11,LR,9.53070292107736e-05
1786459837.8912232,8980,11,Loss/l_ce,0.1857898235321045
1786459837.8914502,8980,11,Loss/l_total,0.1857898235321045
1786459837.891474,8980,11,LR,9.53070292107736e-05
1786459894.1618705,9000,11,Loss/l_ce,0.16542577743530273
1786459894.162133,9000,11,Loss/l_total,0.16542577743530273
1786459894.1621568,9000,11,LR,9.53070292107736e-05
1786459951.9808605,9020,11,Loss/l_ce,0.16035246849060059
1786459951.9811358,9020,11,Loss/l_total,0.16035246849060059
1786459951.9811597,9020,11,LR,9.53070292107736e-05
1786460003.6260183,9040,11,Loss/l_ce,0.21006369590759277
1786460003.6264338,9040,11,Loss/l_total,0.21006369590759277
1786460003.6264577,9040,11,LR,9.53070292107736e-05
1786460057.5433757,9060,11,Loss/l_ce,0.20423674583435059
1786460057.5435503,9060,11,Loss/l_total,0.20423674583435059
1786460057.543569,9060,11,LR,9.53070292107736e-05
1786460101.1354508,9080,11,Loss/l_ce,0.09197282791137695
1786460101.1356575,9080,11,Loss/l_total,0.09197282791137695
1786460101.1356814,9080,11,LR,9.53070292107736e-05
1786460184.9878392,9100,11,Loss/l_ce,0.3733682632446289
1786460184.9881253,9100,11,Loss/l_total,0.3733682632446289
1786460184.988154,9100,11,LR,9.53070292107736e-05
1786460237.756279,9120,11,Loss/l_ce,0.22590398788452148
1786460237.7564573,9120,11,Loss/l_total,0.22590398788452148
1786460237.7564821,9120,11,LR,9.53070292107736e-05
1786460302.5015943,9140,11,Loss/l_ce,0.1822798252105713
1786460302.5017726,9140,11,Loss/l_total,0.1822798252105713
1786460302.5017927,9140,11,LR,9.53070292107736e-05
1786460358.4105575,9160,11,Loss/l_ce,0.25585126876831055
1786460358.410731,9160,11,Loss/l_total,0.25585126876831055
1786460358.41075,9160,11,LR,9.53070292107736e-05
1786460409.3599348,9180,11,Loss/l_ce,0.21756458282470703
1786460409.3601604,9180,11,Loss/l_total,0.21756458282470703
1786460409.3601875,9180,11,LR,9.53070292107736e-05
1786460467.561755,9200,11,Loss/l_ce,0.17017650604248047
1786460467.5619473,9200,11,Loss/l_total,0.17017650604248047
1786460467.5619757,9200,11,LR,9.53070292107736e-05
1786460537.4569852,9220,11,Loss/l_ce,0.29546403884887695
1786460537.4572263,9220,11,Loss/l_total,0.29546403884887695
1786460537.4572523,9220,11,LR,9.53070292107736e-05
1786460606.157828,9240,11,Loss/l_ce,0.16032814979553223
1786460606.1579955,9240,11,Loss/l_total,0.16032814979553223
1786460606.158017,9240,11,LR,9.53070292107736e-05
1786460651.6651735,9260,11,Loss/l_ce,0.21305513381958008
1786460651.6653976,9260,11,Loss/l_total,0.21305513381958008
1786460651.6654203,9260,11,LR,9.53070292107736e-05
1786460688.089545,9280,11,Loss/l_ce,0.22383856773376465
1786460688.0898159,9280,11,Loss/l_total,0.22383856773376465
1786460688.0898418,9280,11,LR,9.53070292107736e-05
1786460713.8952742,9300,11,Loss/l_ce,0.17889785766601562
1786460713.895494,9300,11,Loss/l_total,0.17889785766601562
1786460713.8955152,9300,11,LR,9.53070292107736e-05
1786460739.427374,9320,11,Loss/l_ce,0.12754106521606445
1786460739.427584,9320,11,Loss/l_total,0.12754106521606445
1786460739.4276052,9320,11,LR,9.53070292107736e-05
1786460757.4554925,9340,11,Loss/l_ce,0.5425901412963867
1786460757.4556422,9340,11,Loss/l_total,0.5425901412963867
1786460757.4556637,9340,11,LR,9.53070292107736e-05
1786460777.4216676,9360,11,Loss/l_ce,0.17687535285949707
1786460777.4218752,9360,11,Loss/l_total,0.17687535285949707
1786460777.4219027,9360,11,LR,9.53070292107736e-05
1786460803.424558,9380,11,Loss/l_ce,0.13025188446044922
1786460803.4247527,9380,11,Loss/l_total,0.13025188446044922
1786460803.4249961,9380,11,LR,9.53070292107736e-05
1786460818.6409388,9400,11,Loss/l_ce,0.1112511157989502
1786460818.6411798,9400,11,Loss/l_total,0.1112511157989502
1786460818.6412048,9400,11,LR,9.53070292107736e-05
1786460845.669131,9420,11,Loss/l_ce,0.154327392578125
1786460845.669328,9420,11,Loss/l_total,0.154327392578125
1786460845.6693506,9420,11,LR,9.53070292107736e-05
1786460869.3265781,9440,11,Loss/l_ce,0.14105820655822754
1786460869.326824,9440,11,Loss/l_total,0.14105820655822754
1786460869.326844,9440,11,LR,9.53070292107736e-05
1786460885.2448883,9460,11,Loss/l_ce,2.6776628494262695
1786460885.2451625,9460,11,Loss/l_total,2.6776628494262695
1786460885.2451863,9460,11,LR,9.53070292107736e-05
1786460907.8919199,9480,11,Loss/l_ce,0.18551063537597656
1786460907.8920932,9480,11,Loss/l_total,0.18551063537597656
1786460907.8921144,9480,11,LR,9.53070292107736e-05
1786460927.5328388,9500,11,Loss/l_ce,2.0291545391082764
1786460927.5331059,9500,11,Loss/l_total,2.0291545391082764
1786460927.5331297,9500,11,LR,9.53070292107736e-05
1786460946.8095717,9520,11,Loss/l_ce,0.28952527046203613
1786460946.8098688,9520,11,Loss/l_total,0.28952527046203613
1786460946.8099022,9520,11,LR,9.53070292107736e-05
1786460962.8007631,9540,11,Loss/l_ce,0.23298430442810059
1786460962.8009589,9540,11,Loss/l_total,0.23298430442810059
1786460962.800984,9540,11,LR,9.53070292107736e-05
1786460980.1988714,9560,11,Loss/l_ce,0.9740216732025146
1786460980.1990507,9560,11,Loss/l_total,0.9740216732025146
1786460980.1990757,9560,11,LR,9.53070292107736e-05
1786460993.1481042,9580,11,Loss/l_ce,0.18907427787780762
1786460993.1482563,9580,11,Loss/l_total,0.18907427787780762
1786460993.1482787,9580,11,LR,9.53070292107736e-05
1786461013.6567252,9600,11,Loss/l_ce,0.09992051124572754
1786461013.6569047,9600,11,Loss/l_total,0.09992051124572754
1786461013.6569295,9600,11,LR,9.53070292107736e-05
1786461031.2406304,9620,11,Loss/l_ce,0.5918512344360352
1786461031.2407846,9620,11,Loss/l_total,0.5918512344360352
1786461031.240807,9620,11,LR,9.53070292107736e-05
1786461053.600156,9640,11,Loss/l_ce,0.14474797248840332
1786461053.6003497,9640,11,Loss/l_total,0.14474797248840332
1786461053.6003723,9640,11,LR,9.53070292107736e-05
1786461076.6869164,9660,11,Loss/l_ce,0.21162152290344238
1786461076.6871479,9660,11,Loss/l_total,0.21162152290344238
1786461076.6871727,9660,11,LR,9.53070292107736e-05
1786461097.463445,9680,11,Loss/l_ce,0.20078563690185547
1786461097.4636087,9680,11,Loss/l_total,0.20078563690185547
1786461097.4636326,9680,11,LR,9.53070292107736e-05
1786461116.377076,9700,11,Loss/l_ce,0.16931724548339844
1786461116.3772933,9700,11,Loss/l_total,0.16931724548339844
1786461116.3773158,9700,11,LR,9.53070292107736e-05
1786461138.0357113,9720,11,Loss/l_ce,0.2505323886871338
1786461138.0359142,9720,11,Loss/l_total,0.2505323886871338
1786461138.0359356,9720,11,LR,9.53070292107736e-05
1786461162.5752218,9740,11,Loss/l_ce,0.24606704711914062
1786461162.575451,9740,11,Loss/l_total,0.24606704711914062
1786461162.575472,9740,11,LR,9.53070292107736e-05
1786461310.5776663,9744,11,Val/avg_error,0.0940239280462265
1786461310.5780296,9744,11,Val/acc,0.420556640625
1786461310.578089,9744,11,Val/sparse_auc,0.6069190439551768
1786461310.5781317,9744,11,Val/sparse_pck_max,0.1
1786461310.5781636,9744,11,Val/sparse_pck_n,100.0
1786461329.6985848,9760,12,Loss/l_ce,0.2471907138824463
1786461329.6987393,9760,12,Loss/l_total,0.2471907138824463
1786461329.6987593,9760,12,LR,9.443380060197387e-05
1786461354.5986857,9780,12,Loss/l_ce,0.1070857048034668
1786461354.5988865,9780,12,Loss/l_total,0.1070857048034668
1786461354.5989077,9780,12,LR,9.443380060197387e-05
1786461376.9395337,9800,12,Loss/l_ce,0.5185234546661377
1786461376.9397438,9800,12,Loss/l_total,0.5185234546661377
1786461376.939764,9800,12,LR,9.443380060197387e-05
1786461401.4095335,9820,12,Loss/l_ce,0.17197418212890625
1786461401.409721,9820,12,Loss/l_total,0.17197418212890625
1786461401.4097447,9820,12,LR,9.443380060197387e-05
1786461413.3678732,9840,12,Loss/l_ce,3.113372325897217
1786461413.368106,9840,12,Loss/l_total,3.113372325897217
1786461413.368131,9840,12,LR,9.443380060197387e-05
1786461436.453841,9860,12,Loss/l_ce,0.2026526927947998
1786461436.454025,9860,12,Loss/l_total,0.2026526927947998
1786461436.4542706,9860,12,LR,9.443380060197387e-05
1786461457.949638,9880,12,Loss/l_ce,0.13061046600341797
1786461457.9497995,9880,12,Loss/l_total,0.13061046600341797
1786461457.9498193,9880,12,LR,9.443380060197387e-05
1786461482.6343496,9900,12,Loss/l_ce,0.20594358444213867
1786461482.6345146,9900,12,Loss/l_total,0.20594358444213867
1786461482.6345372,9900,12,LR,9.443380060197387e-05
1786461507.0239155,9920,12,Loss/l_ce,0.4618403911590576
1786461507.0241127,9920,12,Loss/l_total,0.4618403911590576
1786461507.0241377,9920,12,LR,9.443380060197387e-05
1786461529.064187,9940,12,Loss/l_ce,0.10295772552490234
1786461529.0644424,9940,12,Loss/l_total,0.10295772552490234
1786461529.0644674,9940,12,LR,9.443380060197387e-05
1786461554.3408403,9960,12,Loss/l_ce,0.12009978294372559
1786461554.3411055,9960,12,Loss/l_total,0.12009978294372559
1786461554.3411326,9960,12,LR,9.443380060197387e-05
1786461580.8503387,9980,12,Loss/l_ce,0.19471335411071777
1786461580.8505454,9980,12,Loss/l_total,0.19471335411071777
1786461580.850581,9980,12,LR,9.443380060197387e-05
1786461597.2124684,10000,12,Loss/l_ce,0.14145565032958984
1786461597.212623,10000,12,Loss/l_total,0.14145565032958984
1786461597.2126443,10000,12,LR,9.443380060197387e-05
1786461615.327664,10020,12,Loss/l_ce,0.16874170303344727
1786461615.327816,10020,12,Loss/l_total,0.16874170303344727
1786461615.3278408,10020,12,LR,9.443380060197387e-05
1786461639.7268326,10040,12,Loss/l_ce,0.26563453674316406
1786461639.727081,10040,12,Loss/l_total,0.26563453674316406
1786461639.7271047,10040,12,LR,9.443380060197387e-05
1786461668.9555495,10060,12,Loss/l_ce,0.18718481063842773
1786461668.9557467,10060,12,Loss/l_total,0.18718481063842773
1786461668.955768,10060,12,LR,9.443380060197387e-05
1786461690.9035988,10080,12,Loss/l_ce,0.20236849784851074
1786461690.903751,10080,12,Loss/l_total,0.20236849784851074
1786461690.90377,10080,12,LR,9.443380060197387e-05
1786461716.578017,10100,12,Loss/l_ce,0.2001786231994629
1786461716.5782604,10100,12,Loss/l_total,0.2001786231994629
1786461716.578283,10100,12,LR,9.443380060197387e-05
1786461750.2140024,10120,12,Loss/l_ce,0.12340903282165527
1786461750.2142198,10120,12,Loss/l_total,0.12340903282165527
1786461750.2142413,10120,12,LR,9.443380060197387e-05
1786461779.1225631,10140,12,Loss/l_ce,0.24190831184387207
1786461779.122758,10140,12,Loss/l_total,0.24190831184387207
1786461779.1227791,10140,12,LR,9.443380060197387e-05
1786461803.305671,10160,12,Loss/l_ce,0.14181756973266602
1786461803.3058193,10160,12,Loss/l_total,0.14181756973266602
1786461803.3058395,10160,12,LR,9.443380060197387e-05
1786461828.7851348,10180,12,Loss/l_ce,0.1986701488494873
1786461828.785287,10180,12,Loss/l_total,0.1986701488494873
1786461828.7853072,10180,12,LR,9.443380060197387e-05
1786461859.495839,10200,12,Loss/l_ce,2.68748140335083
1786461859.4960918,10200,12,Loss/l_total,2.68748140335083
1786461859.4961193,10200,12,LR,9.443380060197387e-05
1786461893.5596092,10220,12,Loss/l_ce,0.18227005004882812
1786461893.559804,10220,12,Loss/l_total,0.18227005004882812
1786461893.55983,10220,12,LR,9.443380060197387e-05
1786461932.5627403,10240,12,Loss/l_ce,0.15242528915405273
1786461932.562909,10240,12,Loss/l_total,0.15242528915405273
1786461932.562929,10240,12,LR,9.443380060197387e-05
1786461955.4702532,10260,12,Loss/l_ce,0.15997052192687988
1786461955.470429,10260,12,Loss/l_total,0.15997052192687988
1786461955.4704537,10260,12,LR,9.443380060197387e-05
1786461985.815367,10280,12,Loss/l_ce,0.2045741081237793
1786461985.8155284,10280,12,Loss/l_total,0.2045741081237793
1786461985.8155534,10280,12,LR,9.443380060197387e-05
1786462006.3885086,10300,12,Loss/l_ce,0.23683691024780273
1786462006.3886607,10300,12,Loss/l_total,0.23683691024780273
1786462006.388682,10300,12,LR,9.443380060197387e-05
1786462033.7283506,10320,12,Loss/l_ce,0.27475666999816895
1786462033.7285097,10320,12,Loss/l_total,0.27475666999816895
1786462033.7285323,10320,12,LR,9.443380060197387e-05
1786462059.28676,10340,12,Loss/l_ce,0.131852388381958
1786462059.2869456,10340,12,Loss/l_total,0.131852388381958
1786462059.286968,10340,12,LR,9.443380060197387e-05
1786462082.1756241,10360,12,Loss/l_ce,0.0862894058227539
1786462082.175787,10360,12,Loss/l_total,0.0862894058227539
1786462082.1758118,10360,12,LR,9.443380060197387e-05
1786462106.0084531,10380,12,Loss/l_ce,0.24695467948913574
1786462106.0086265,10380,12,Loss/l_total,0.24695467948913574
1786462106.008648,10380,12,LR,9.443380060197387e-05
1786462129.681569,10400,12,Loss/l_ce,1.2069993019104004
1786462129.6817234,10400,12,Loss/l_total,1.2069993019104004
1786462129.6817446,10400,12,LR,9.443380060197387e-05
1786462150.9146488,10420,12,Loss/l_ce,0.4063680171966553
1786462150.9148102,10420,12,Loss/l_total,0.4063680171966553
1786462150.9148328,10420,12,LR,9.443380060197387e-05
1786462176.5434127,10440,12,Loss/l_ce,0.17126202583312988
1786462176.5435815,10440,12,Loss/l_total,0.17126202583312988
1786462176.543604,10440,12,LR,9.443380060197387e-05
1786462196.4202907,10460,12,Loss/l_ce,0.3582444190979004
1786462196.4217522,10460,12,Loss/l_total,0.3582444190979004
1786462196.4217832,10460,12,LR,9.443380060197387e-05
1786462230.0106375,10480,12,Loss/l_ce,0.1301870346069336
1786462230.0108454,10480,12,Loss/l_total,0.1301870346069336
1786462230.010868,10480,12,LR,9.443380060197387e-05
1786462256.4098952,10500,12,Loss/l_ce,0.10619163513183594
1786462256.410167,10500,12,Loss/l_total,0.10619163513183594
1786462256.4101908,10500,12,LR,9.443380060197387e-05
1786462285.8134828,10520,12,Loss/l_ce,0.13030648231506348
1786462285.8136764,10520,12,Loss/l_total,0.13030648231506348
1786462285.8136988,10520,12,LR,9.443380060197387e-05
1786462307.559778,10540,12,Loss/l_ce,1.0836031436920166
1786462307.5599978,10540,12,Loss/l_total,1.0836031436920166
1786462307.5600247,10540,12,LR,9.443380060197387e-05
1786462451.8971455,10556,12,Val/avg_error,0.10984957218170166
1786462451.897502,10556,12,Val/acc,0.411669921875
1786462451.8975291,10556,12,Val/sparse_auc,0.5875056719539142
1786462451.8975506,10556,12,Val/sparse_pck_max,0.1
1786462451.8975947,10556,12,Val/sparse_pck_n,100.0
1786462454.5596325,10560,13,Loss/l_ce,0.18855643272399902
1786462454.5598145,10560,13,Loss/l_total,0.18855643272399902
1786462454.5598369,10560,13,LR,9.349139170722283e-05
1786462470.1893182,10580,13,Loss/l_ce,0.1732931137084961
1786462470.189545,10580,13,Loss/l_total,0.1732931137084961
1786462470.18957,10580,13,LR,9.349139170722283e-05
1786462491.0953746,10600,13,Loss/l_ce,0.14525938034057617
1786462491.0955539,10600,13,Loss/l_total,0.14525938034057617
1786462491.0955763,10600,13,LR,9.349139170722283e-05
1786462521.424093,10620,13,Loss/l_ce,1.4876837730407715
1786462521.4243624,10620,13,Loss/l_total,1.4876837730407715
1786462521.4245143,10620,13,LR,9.349139170722283e-05
1786462550.098991,10640,13,Loss/l_ce,1.3286709785461426
1786462550.0992863,10640,13,Loss/l_total,1.3286709785461426
1786462550.0993123,10640,13,LR,9.349139170722283e-05
1786462572.7820733,10660,13,Loss/l_ce,0.13514137268066406
1786462572.7822456,10660,13,Loss/l_total,0.13514137268066406
1786462572.782268,10660,13,LR,9.349139170722283e-05
1786462597.7097902,10680,13,Loss/l_ce,0.18169045448303223
1786462597.7100728,10680,13,Loss/l_total,0.18169045448303223
1786462597.7101016,10680,13,LR,9.349139170722283e-05
1786462624.0716324,10700,13,Loss/l_ce,0.15190863609313965
1786462624.071788,10700,13,Loss/l_total,0.15190863609313965
1786462624.0718129,10700,13,LR,9.349139170722283e-05
1786462646.3915005,10720,13,Loss/l_ce,0.09848332405090332
1786462646.3916595,10720,13,Loss/l_total,0.09848332405090332
1786462646.3916845,10720,13,LR,9.349139170722283e-05
1786462675.2204835,10740,13,Loss/l_ce,0.15549254417419434
1786462675.2206557,10740,13,Loss/l_total,0.15549254417419434
1786462675.2206805,10740,13,LR,9.349139170722283e-05
1786462709.0269458,10760,13,Loss/l_ce,0.1313488483428955
1786462709.0271237,10760,13,Loss/l_total,0.1313488483428955
1786462709.0271475,10760,13,LR,9.349139170722283e-05
1786462729.9678266,10780,13,Loss/l_ce,0.17882537841796875
1786462729.9679797,10780,13,Loss/l_total,0.17882537841796875
1786462729.9680047,10780,13,LR,9.349139170722283e-05
1786462758.465373,10800,13,Loss/l_ce,0.24216508865356445
1786462758.4655476,10800,13,Loss/l_total,0.24216508865356445
1786462758.4655726,10800,13,LR,9.349139170722283e-05
1786462775.758324,10820,13,Loss/l_ce,0.1889805793762207
1786462775.7584856,10820,13,Loss/l_total,0.1889805793762207
1786462775.7585104,10820,13,LR,9.349139170722283e-05
1786462800.701745,10840,13,Loss/l_ce,0.13216090202331543
1786462800.7019472,10840,13,Loss/l_total,0.13216090202331543
1786462800.7019756,10840,13,LR,9.349139170722283e-05
1786462825.3830228,10860,13,Loss/l_ce,0.1160733699798584
1786462825.3832545,10860,13,Loss/l_total,0.1160733699798584
1786462825.3832817,10860,13,LR,9.349139170722283e-05
1786462854.1474988,10880,13,Loss/l_ce,0.3652915954589844
1786462854.1476617,10880,13,Loss/l_total,0.3652915954589844
1786462854.147685,10880,13,LR,9.349139170722283e-05
1786462882.8783681,10900,13,Loss/l_ce,0.10299897193908691
1786462882.8786402,10900,13,Loss/l_total,0.10299897193908691
1786462882.8786626,10900,13,LR,9.349139170722283e-05
1786462907.6041198,10920,13,Loss/l_ce,0.16120100021362305
1786462907.6043859,10920,13,Loss/l_total,0.16120100021362305
1786462907.6044095,10920,13,LR,9.349139170722283e-05
1786462925.033547,10940,13,Loss/l_ce,0.17207860946655273
1786462925.0337548,10940,13,Loss/l_total,0.17207860946655273
1786462925.0337775,10940,13,LR,9.349139170722283e-05
1786462940.5119102,10960,13,Loss/l_ce,0.18178224563598633
1786462940.5120907,10960,13,Loss/l_total,0.18178224563598633
1786462940.512118,10960,13,LR,9.349139170722283e-05
1786462952.6239278,10980,13,Loss/l_ce,0.12243866920471191
1786462952.6240962,10980,13,Loss/l_total,0.12243866920471191
1786462952.6241224,10980,13,LR,9.349139170722283e-05
1786462965.1466718,11000,13,Loss/l_ce,0.13620567321777344
1786462965.1468964,11000,13,Loss/l_total,0.13620567321777344
1786462965.146919,11000,13,LR,9.349139170722283e-05
1786462981.9362216,11020,13,Loss/l_ce,0.19577765464782715
1786462981.9363937,11020,13,Loss/l_total,0.19577765464782715
1786462981.9364188,11020,13,LR,9.349139170722283e-05
1786462995.0803657,11040,13,Loss/l_ce,0.2176227569580078
1786462995.0805483,11040,13,Loss/l_total,0.2176227569580078
1786462995.0805745,11040,13,LR,9.349139170722283e-05
1786463004.7366083,11060,13,Loss/l_ce,0.17379021644592285
1786463004.7367709,11060,13,Loss/l_total,0.17379021644592285
1786463004.7367933,11060,13,LR,9.349139170722283e-05
1786463018.2208416,11080,13,Loss/l_ce,0.13190436363220215
1786463018.22106,11080,13,Loss/l_total,0.13190436363220215
1786463018.221276,11080,13,LR,9.349139170722283e-05
1786463037.0652409,11100,13,Loss/l_ce,0.4266190528869629
1786463037.0654366,11100,13,Loss/l_total,0.4266190528869629
1786463037.0654664,11100,13,LR,9.349139170722283e-05
1786463054.6263762,11120,13,Loss/l_ce,0.14226150512695312
1786463054.6266491,11120,13,Loss/l_total,0.14226150512695312
1786463054.6266718,11120,13,LR,9.349139170722283e-05
1786463064.57316,11140,13,Loss/l_ce,0.17319512367248535
1786463064.5733368,11140,13,Loss/l_total,0.17319512367248535
1786463064.5733643,11140,13,LR,9.349139170722283e-05
1786463086.7625513,11160,13,Loss/l_ce,0.19891977310180664
1786463086.7627637,11160,13,Loss/l_total,0.19891977310180664
1786463086.7627885,11160,13,LR,9.349139170722283e-05
1786463108.9331465,11180,13,Loss/l_ce,0.12207317352294922
1786463108.933316,11180,13,Loss/l_total,0.12207317352294922
1786463108.9333432,11180,13,LR,9.349139170722283e-05
1786463129.401575,11200,13,Loss/l_ce,0.13917899131774902
1786463129.4017332,11200,13,Loss/l_total,0.13917899131774902
1786463129.4017606,11200,13,LR,9.349139170722283e-05
1786463158.9317906,11220,13,Loss/l_ce,0.18613338470458984
1786463158.9319792,11220,13,Loss/l_total,0.18613338470458984
1786463158.932003,11220,13,LR,9.349139170722283e-05
1786463185.7691846,11240,13,Loss/l_ce,0.19754385948181152
1786463185.7693496,11240,13,Loss/l_total,0.19754385948181152
1786463185.7693722,11240,13,LR,9.349139170722283e-05
1786463209.3515232,11260,13,Loss/l_ce,0.16106462478637695
1786463209.3517094,11260,13,Loss/l_total,0.16106462478637695
1786463209.3517346,11260,13,LR,9.349139170722283e-05
1786463237.7583623,11280,13,Loss/l_ce,0.24259352684020996
1786463237.758525,11280,13,Loss/l_total,0.24259352684020996
1786463237.7585475,11280,13,LR,9.349139170722283e-05
1786463267.424078,11300,13,Loss/l_ce,0.1279597282409668
1786463267.424274,11300,13,Loss/l_total,0.1279597282409668
1786463267.4243107,11300,13,LR,9.349139170722283e-05
1786463284.9543698,11320,13,Loss/l_ce,0.13438081741333008
1786463284.954573,11320,13,Loss/l_total,0.13438081741333008
1786463284.9545944,11320,13,LR,9.349139170722283e-05
1786463312.4462261,11340,13,Loss/l_ce,0.265606164932251
1786463312.446446,11340,13,Loss/l_total,0.265606164932251
1786463312.4464731,11340,13,LR,9.349139170722283e-05
1786463333.5857334,11360,13,Loss/l_ce,0.5744428634643555
1786463333.5858748,11360,13,Loss/l_total,0.5744428634643555
1786463333.5859094,11360,13,LR,9.349139170722283e-05
1786463492.4731824,11368,13,Val/avg_error,0.08376501500606537
1786463492.4735246,11368,13,Val/acc,0.43974609375
1786463492.4735494,11368,13,Val/sparse_auc,0.6263570766256313
1786463492.4735684,11368,13,Val/sparse_pck_max,0.1
1786463492.4735875,11368,13,Val/sparse_pck_n,100.0
1786463504.351685,11380,14,Loss/l_ce,0.2207186222076416
1786463504.3518867,11380,14,Loss/l_total,0.2207186222076416
1786463504.3519094,11380,14,LR,9.248145583195451e-05
1786463526.978073,11400,14,Loss/l_ce,0.1199955940246582
1786463526.978264,11400,14,Loss/l_total,0.1199955940246582
1786463526.9782853,11400,14,LR,9.248145583195451e-05
1786463544.9951825,11420,14,Loss/l_ce,0.20561981201171875
1786463544.9956458,11420,14,Loss/l_total,0.20561981201171875
1786463544.995679,11420,14,LR,9.248145583195451e-05
1786463568.5266194,11440,14,Loss/l_ce,0.14249849319458008
1786463568.526788,11440,14,Loss/l_total,0.14249849319458008
1786463568.5268116,11440,14,LR,9.248145583195451e-05
1786463593.4112978,11460,14,Loss/l_ce,0.14157772064208984
1786463593.4114606,11460,14,Loss/l_total,0.14157772064208984
1786463593.411483,11460,14,LR,9.248145583195451e-05
1786463618.0036511,11480,14,Loss/l_ce,0.14000511169433594
1786463618.0038078,11480,14,Loss/l_total,0.14000511169433594
1786463618.0038292,11480,14,LR,9.248145583195451e-05
1786463643.4696789,11500,14,Loss/l_ce,0.15018534660339355
1786463643.469946,11500,14,Loss/l_total,0.15018534660339355
1786463643.4699697,11500,14,LR,9.248145583195451e-05
1786463670.511862,11520,14,Loss/l_ce,0.14763760566711426
1786463670.512115,11520,14,Loss/l_total,0.14763760566711426
1786463670.51214,11520,14,LR,9.248145583195451e-05
1786463701.5387297,11540,14,Loss/l_ce,0.1452655792236328
1786463701.5388827,11540,14,Loss/l_total,0.1452655792236328
1786463701.5389054,11540,14,LR,9.248145583195451e-05
1786463719.8514054,11560,14,Loss/l_ce,0.1390986442565918
1786463719.8515692,11560,14,Loss/l_total,0.1390986442565918
1786463719.851593,11560,14,LR,9.248145583195451e-05
1786463746.4163566,11580,14,Loss/l_ce,3.0312511920928955
1786463746.4165797,11580,14,Loss/l_total,3.0312511920928955
1786463746.4166036,11580,14,LR,9.248145583195451e-05
1786463775.470556,11600,14,Loss/l_ce,0.1875782012939453
1786463775.470758,11600,14,Loss/l_total,0.1875782012939453
1786463775.4707828,11600,14,LR,9.248145583195451e-05
1786463801.3655775,11620,14,Loss/l_ce,0.1387631893157959
1786463801.3657792,11620,14,Loss/l_total,0.1387631893157959
1786463801.365803,11620,14,LR,9.248145583195451e-05
1786463823.814948,11640,14,Loss/l_ce,0.652411937713623
1786463823.8156035,11640,14,Loss/l_total,0.652411937713623
1786463823.8156357,11640,14,LR,9.248145583195451e-05
1786463842.1026928,11660,14,Loss/l_ce,0.12711215019226074
1786463842.1028686,11660,14,Loss/l_total,0.12711215019226074
1786463842.1028924,11660,14,LR,9.248145583195451e-05
1786463861.9494798,11680,14,Loss/l_ce,0.12751102447509766
1786463861.9496486,11680,14,Loss/l_total,0.12751102447509766
1786463861.94967,11680,14,LR,9.248145583195451e-05
1786463883.9559295,11700,14,Loss/l_ce,0.2367243766784668
1786463883.9561303,11700,14,Loss/l_total,0.2367243766784668
1786463883.95616,11700,14,LR,9.248145583195451e-05
1786463903.582866,11720,14,Loss/l_ce,0.15227842330932617
1786463903.5830145,11720,14,Loss/l_total,0.15227842330932617
1786463903.58307,11720,14,LR,9.248145583195451e-05
1786463925.429341,11740,14,Loss/l_ce,0.0944209098815918
1786463925.4295416,11740,14,Loss/l_total,0.0944209098815918
1786463925.429568,11740,14,LR,9.248145583195451e-05
1786463957.610573,11760,14,Loss/l_ce,0.1361098289489746
1786463957.610865,11760,14,Loss/l_total,0.1361098289489746
1786463957.6108878,11760,14,LR,9.248145583195451e-05
1786463984.2452292,11780,14,Loss/l_ce,0.16598176956176758
1786463984.2454655,11780,14,Loss/l_total,0.16598176956176758
1786463984.2454917,11780,14,LR,9.248145583195451e-05
1786464007.0010734,11800,14,Loss/l_ce,0.36951494216918945
1786464007.0012386,11800,14,Loss/l_total,0.36951494216918945
1786464007.0012646,11800,14,LR,9.248145583195451e-05
1786464035.3481133,11820,14,Loss/l_ce,0.14755702018737793
1786464035.3483617,11820,14,Loss/l_total,0.14755702018737793
1786464035.3483841,11820,14,LR,9.248145583195451e-05
1786464055.1933444,11840,14,Loss/l_ce,0.13633084297180176
1786464055.1934984,11840,14,Loss/l_total,0.13633084297180176
1786464055.1935186,11840,14,LR,9.248145583195451e-05
1786464088.3555677,11860,14,Loss/l_ce,0.12234330177307129
1786464088.3557253,11860,14,Loss/l_total,0.12234330177307129
1786464088.3557456,11860,14,LR,9.248145583195451e-05
1786464115.6559677,11880,14,Loss/l_ce,0.1282060146331787
1786464115.6561923,11880,14,Loss/l_total,0.1282060146331787
1786464115.656216,11880,14,LR,9.248145583195451e-05
1786464144.5839646,11900,14,Loss/l_ce,3.205533504486084
1786464144.584144,11900,14,Loss/l_total,3.205533504486084
1786464144.584169,11900,14,LR,9.248145583195451e-05
1786464172.0985136,11920,14,Loss/l_ce,0.588794469833374
1786464172.0986798,11920,14,Loss/l_total,0.588794469833374
1786464172.0987012,11920,14,LR,9.248145583195451e-05
1786464201.4353783,11940,14,Loss/l_ce,0.22345948219299316
1786464201.4355507,11940,14,Loss/l_total,0.22345948219299316
1786464201.4355743,11940,14,LR,9.248145583195451e-05
1786464238.4428604,11960,14,Loss/l_ce,0.2946953773498535
1786464238.443025,11960,14,Loss/l_total,0.2946953773498535
1786464238.4430737,11960,14,LR,9.248145583195451e-05
1786464263.963941,11980,14,Loss/l_ce,1.1043856143951416
1786464263.964156,11980,14,Loss/l_total,1.1043856143951416
1786464263.9641762,11980,14,LR,9.248145583195451e-05
1786464286.759112,12000,14,Loss/l_ce,0.17687273025512695
1786464286.7593577,12000,14,Loss/l_total,0.17687273025512695
1786464286.7593815,12000,14,LR,9.248145583195451e-05
1786464309.6499543,12020,14,Loss/l_ce,0.5039138793945312
1786464309.6501906,12020,14,Loss/l_total,0.5039138793945312
1786464309.6502204,12020,14,LR,9.248145583195451e-05
1786464338.3804767,12040,14,Loss/l_ce,0.22408533096313477
1786464338.380644,12040,14,Loss/l_total,0.22408533096313477
1786464338.3806655,12040,14,LR,9.248145583195451e-05
1786464355.0870066,12060,14,Loss/l_ce,0.1351637840270996
1786464355.0872202,12060,14,Loss/l_total,0.1351637840270996
1786464355.0872724,12060,14,LR,9.248145583195451e-05
1786464391.475519,12080,14,Loss/l_ce,0.17648649215698242
1786464391.4757054,12080,14,Loss/l_total,0.17648649215698242
1786464391.4757304,12080,14,LR,9.248145583195451e-05
1786464409.8868675,12100,14,Loss/l_ce,0.11383724212646484
1786464409.8870718,12100,14,Loss/l_total,0.11383724212646484
1786464409.8870966,12100,14,LR,9.248145583195451e-05
1786464437.5296407,12120,14,Loss/l_ce,0.1503458023071289
1786464437.5298223,12120,14,Loss/l_total,0.1503458023071289
1786464437.529845,12120,14,LR,9.248145583195451e-05
1786464480.0919337,12140,14,Loss/l_ce,0.11180663108825684
1786464480.092131,12140,14,Loss/l_total,0.11180663108825684
1786464480.0921583,12140,14,LR,9.248145583195451e-05
1786464501.1955845,12160,14,Loss/l_ce,0.26029276847839355
1786464501.1958456,12160,14,Loss/l_total,0.26029276847839355
1786464501.1958694,12160,14,LR,9.248145583195451e-05
1786464517.4972124,12180,14,Loss/l_ce,0.12176990509033203
1786464517.4973834,12180,14,Loss/l_total,0.12176990509033203
1786464517.4974072,12180,14,LR,9.248145583195451e-05
1786464694.171279,12180,14,Val/avg_error,0.10132803022861481
1786464694.1715782,12180,14,Val/acc,0.4134765625
1786464694.1716056,12180,14,Val/sparse_auc,0.5926106770833333
1786464694.1716244,12180,14,Val/sparse_pck_max,0.1
1786464694.171647,12180,14,Val/sparse_pck_n,100.0
1786464734.8554888,12200,15,Loss/l_ce,0.10971689224243164
1786464734.8557215,12200,15,Loss/l_total,0.10971689224243164
1786464734.8557453,12200,15,LR,9.140576474687268e-05
1786464772.5235498,12220,15,Loss/l_ce,0.14801764488220215
1786464772.5237217,12220,15,Loss/l_total,0.14801764488220215
1786464772.5237455,12220,15,LR,9.140576474687268e-05
1786464798.4722428,12240,15,Loss/l_ce,0.1859443187713623
1786464798.472395,12240,15,Loss/l_total,0.1859443187713623
1786464798.472414,12240,15,LR,9.140576474687268e-05
1786464825.6745262,12260,15,Loss/l_ce,0.12614727020263672
1786464825.674722,12260,15,Loss/l_total,0.12614727020263672
1786464825.6749704,12260,15,LR,9.140576474687268e-05
1786464850.4187691,12280,15,Loss/l_ce,0.10596394538879395
1786464850.4189556,12280,15,Loss/l_total,0.10596394538879395
1786464850.4189816,12280,15,LR,9.140576474687268e-05
1786464870.0041482,12300,15,Loss/l_ce,0.13136768341064453
1786464870.0043025,12300,15,Loss/l_total,0.13136768341064453
1786464870.0043254,12300,15,LR,9.140576474687268e-05
1786464891.9766097,12320,15,Loss/l_ce,0.12710809707641602
1786464891.9767916,12320,15,Loss/l_total,0.12710809707641602
1786464891.976814,12320,15,LR,9.140576474687268e-05
1786464913.1414707,12340,15,Loss/l_ce,0.19938349723815918
1786464913.1416667,12340,15,Loss/l_total,0.19938349723815918
1786464913.1416903,12340,15,LR,9.140576474687268e-05
1786464938.3718982,12360,15,Loss/l_ce,1.4044418334960938
1786464938.3741505,12360,15,Loss/l_total,1.4044418334960938
1786464938.3741872,12360,15,LR,9.140576474687268e-05
1786464958.0887568,12380,15,Loss/l_ce,0.45914387702941895
1786464958.0889134,12380,15,Loss/l_total,0.45914387702941895
1786464958.0889359,12380,15,LR,9.140576474687268e-05
1786464976.7562232,12400,15,Loss/l_ce,0.11690068244934082
1786464976.756406,12400,15,Loss/l_total,0.11690068244934082
1786464976.7564297,12400,15,LR,9.140576474687268e-05
1786465003.7213464,12420,15,Loss/l_ce,0.7011876106262207
1786465003.7215934,12420,15,Loss/l_total,0.7011876106262207
1786465003.7216194,12420,15,LR,9.140576474687268e-05
1786465027.1121073,12440,15,Loss/l_ce,0.2981715202331543
1786465027.1122842,12440,15,Loss/l_total,0.2981715202331543
1786465027.1123068,12440,15,LR,9.140576474687268e-05
1786465061.7629752,12460,15,Loss/l_ce,0.6929171085357666
1786465061.7634122,12460,15,Loss/l_total,0.6929171085357666
1786465061.763437,12460,15,LR,9.140576474687268e-05
1786465089.717203,12480,15,Loss/l_ce,0.20981240272521973
1786465089.7174747,12480,15,Loss/l_total,0.20981240272521973
1786465089.7175,12480,15,LR,9.140576474687268e-05
1786465112.3125086,12500,15,Loss/l_ce,0.15732192993164062
1786465112.3127365,12500,15,Loss/l_total,0.15732192993164062
1786465112.3127615,12500,15,LR,9.140576474687268e-05
1786465141.9855936,12520,15,Loss/l_ce,0.17366480827331543
1786465141.9857943,12520,15,Loss/l_total,0.17366480827331543
1786465141.9858167,12520,15,LR,9.140576474687268e-05
1786465175.08646,12540,15,Loss/l_ce,0.10800361633300781
1786465175.0867324,12540,15,Loss/l_total,0.10800361633300781
1786465175.0867665,12540,15,LR,9.140576474687268e-05
1786465209.75296,12560,15,Loss/l_ce,0.18976926803588867
1786465209.753189,12560,15,Loss/l_total,0.18976926803588867
1786465209.7532127,12560,15,LR,9.140576474687268e-05
1786465232.5477972,12580,15,Loss/l_ce,3.3707523345947266
1786465232.5479693,12580,15,Loss/l_total,3.3707523345947266
1786465232.5479918,12580,15,LR,9.140576474687268e-05
1786465259.7541842,12600,15,Loss/l_ce,0.5647642612457275
1786465259.7543612,12600,15,Loss/l_total,0.5647642612457275
1786465259.7543824,12600,15,LR,9.140576474687268e-05
1786465281.044145,12620,15,Loss/l_ce,0.12296438217163086
1786465281.0443695,12620,15,Loss/l_total,0.12296438217163086
1786465281.0443933,12620,15,LR,9.140576474687268e-05
1786465302.1100655,12640,15,Loss/l_ce,0.1261157989501953
1786465302.110253,12640,15,Loss/l_total,0.1261157989501953
1786465302.1102755,12640,15,LR,9.140576474687268e-05
1786465326.985742,12660,15,Loss/l_ce,0.15495991706848145
1786465326.9860923,12660,15,Loss/l_total,0.15495991706848145
1786465326.9861197,12660,15,LR,9.140576474687268e-05
1786465350.9405668,12680,15,Loss/l_ce,0.1791844367980957
1786465350.9408586,12680,15,Loss/l_total,0.1791844367980957
1786465350.9408836,12680,15,LR,9.140576474687268e-05
1786465382.714547,12700,15,Loss/l_ce,0.14880704879760742
1786465382.7147644,12700,15,Loss/l_total,0.14880704879760742
1786465382.7147841,12700,15,LR,9.140576474687268e-05
1786465410.7852118,12720,15,Loss/l_ce,0.2580440044403076
1786465410.7853618,12720,15,Loss/l_total,0.2580440044403076
1786465410.7854054,12720,15,LR,9.140576474687268e-05
1786465442.960345,12740,15,Loss/l_ce,0.2476358413696289
1786465442.9605777,12740,15,Loss/l_total,0.2476358413696289
1786465442.9606025,12740,15,LR,9.140576474687268e-05
1786465471.3625574,12760,15,Loss/l_ce,0.3108696937561035
1786465471.362782,12760,15,Loss/l_total,0.3108696937561035
1786465471.3628068,12760,15,LR,9.140576474687268e-05
1786465502.2792206,12780,15,Loss/l_ce,0.26006007194519043
1786465502.279472,12780,15,Loss/l_total,0.26006007194519043
1786465502.2795005,12780,15,LR,9.140576474687268e-05
1786465528.8987064,12800,15,Loss/l_ce,0.25405430793762207
1786465528.8988774,12800,15,Loss/l_total,0.25405430793762207
1786465528.8989,12800,15,LR,9.140576474687268e-05
1786465549.0704489,12820,15,Loss/l_ce,0.182023286819458
1786465549.070609,12820,15,Loss/l_total,0.182023286819458
1786465549.070634,12820,15,LR,9.140576474687268e-05
1786465577.8438466,12840,15,Loss/l_ce,0.309110164642334
1786465577.8440826,12840,15,Loss/l_total,0.309110164642334
1786465577.8441088,12840,15,LR,9.140576474687268e-05
1786465603.6519983,12860,15,Loss/l_ce,0.10762953758239746
1786465603.652276,12860,15,Loss/l_total,0.10762953758239746
1786465603.6522985,12860,15,LR,9.140576474687268e-05
1786465633.4045956,12880,15,Loss/l_ce,0.18030571937561035
1786465633.4047987,12880,15,Loss/l_total,0.18030571937561035
1786465633.4048212,12880,15,LR,9.140576474687268e-05
1786465656.1729002,12900,15,Loss/l_ce,0.13173460960388184
1786465656.1731102,12900,15,Loss/l_total,0.13173460960388184
1786465656.1731377,12900,15,LR,9.140576474687268e-05
1786465672.0973587,12920,15,Loss/l_ce,0.11029529571533203
1786465672.0975156,12920,15,Loss/l_total,0.11029529571533203
1786465672.097538,12920,15,LR,9.140576474687268e-05
1786465696.2738502,12940,15,Loss/l_ce,0.16132736206054688
1786465696.2740185,12940,15,Loss/l_total,0.16132736206054688
1786465696.2740698,12940,15,LR,9.140576474687268e-05
1786465717.8812137,12960,15,Loss/l_ce,3.387598991394043
1786465717.8813882,12960,15,Loss/l_total,3.387598991394043
1786465717.8814096,12960,15,LR,9.140576474687268e-05
1786465737.690653,12980,15,Loss/l_ce,0.20885205268859863
1786465737.6908598,12980,15,Loss/l_total,0.20885205268859863
1786465737.6908822,12980,15,LR,9.140576474687268e-05
1786465909.7673783,12992,15,Val/avg_error,0.10340236127376556
1786465909.7677727,12992,15,Val/acc,0.416455078125
1786465909.7677975,12992,15,Val/sparse_auc,0.5997856987847222
1786465909.7678154,12992,15,Val/sparse_pck_max,0.1
1786465909.7678735,12992,15,Val/sparse_pck_n,100.0
1786465923.9790037,13000,16,Loss/l_ce,0.13728046417236328
1786465923.979253,13000,16,Loss/l_total,0.13728046417236328
1786465923.979387,13000,16,LR,9.026620557966284e-05
1786465952.3600123,13020,16,Loss/l_ce,0.10234570503234863
1786465952.3602319,13020,16,Loss/l_total,0.10234570503234863
1786465952.3602555,13020,16,LR,9.026620557966284e-05
1786465985.2072513,13040,16,Loss/l_ce,0.1757373809814453
1786465985.207471,13040,16,Loss/l_total,0.1757373809814453
1786465985.207497,13040,16,LR,9.026620557966284e-05
1786466020.43161,13060,16,Loss/l_ce,0.11599254608154297
1786466020.4318156,13060,16,Loss/l_total,0.11599254608154297
1786466020.4318392,13060,16,LR,9.026620557966284e-05
1786466040.4172904,13080,16,Loss/l_ce,0.18555521965026855
1786466040.4174638,13080,16,Loss/l_total,0.18555521965026855
1786466040.417484,13080,16,LR,9.026620557966284e-05
1786466061.369399,13100,16,Loss/l_ce,0.11078190803527832
1786466061.3696294,13100,16,Loss/l_total,0.11078190803527832
1786466061.3696542,13100,16,LR,9.026620557966284e-05
1786466079.5548954,13120,16,Loss/l_ce,0.13506484031677246
1786466079.5551174,13120,16,Loss/l_total,0.13506484031677246
1786466079.5551448,13120,16,LR,9.026620557966284e-05
1786466091.8363578,13140,16,Loss/l_ce,0.17942142486572266
1786466091.8365965,13140,16,Loss/l_total,0.17942142486572266
1786466091.8366213,13140,16,LR,9.026620557966284e-05
1786466106.455706,13160,16,Loss/l_ce,0.45664095878601074
1786466106.4558637,13160,16,Loss/l_total,0.45664095878601074
1786466106.455904,13160,16,LR,9.026620557966284e-05
1786466122.1635315,13180,16,Loss/l_ce,3.3391847610473633
1786466122.163712,13180,16,Loss/l_total,3.3391847610473633
1786466122.1637368,13180,16,LR,9.026620557966284e-05
1786466137.425655,13200,16,Loss/l_ce,0.9327437877655029
1786466137.4258447,13200,16,Loss/l_total,0.9327437877655029
1786466137.42587,13200,16,LR,9.026620557966284e-05
1786466158.596256,13220,16,Loss/l_ce,0.14035820960998535
1786466158.5964198,13220,16,Loss/l_total,0.14035820960998535
1786466158.5964427,13220,16,LR,9.026620557966284e-05
1786466171.5466352,13240,16,Loss/l_ce,0.18480849266052246
1786466171.546823,13240,16,Loss/l_total,0.18480849266052246
1786466171.5469418,13240,16,LR,9.026620557966284e-05
1786466186.8603973,13260,16,Loss/l_ce,0.2049853801727295
1786466186.8605506,13260,16,Loss/l_total,0.2049853801727295
1786466186.860571,13260,16,LR,9.026620557966284e-05
1786466196.530259,13280,16,Loss/l_ce,0.09901881217956543
1786466196.5304039,13280,16,Loss/l_total,0.09901881217956543
1786466196.5304263,13280,16,LR,9.026620557966284e-05
1786466215.1397798,13300,16,Loss/l_ce,0.1927051544189453
1786466215.1399946,13300,16,Loss/l_total,0.1927051544189453
1786466215.1400244,13300,16,LR,9.026620557966284e-05
1786466236.6430943,13320,16,Loss/l_ce,0.9028737545013428
1786466236.6432533,13320,16,Loss/l_total,0.9028737545013428
1786466236.6432772,13320,16,LR,9.026620557966284e-05
1786466263.9488943,13340,16,Loss/l_ce,0.23035597801208496
1786466263.9491458,13340,16,Loss/l_total,0.23035597801208496
1786466263.9491684,13340,16,LR,9.026620557966284e-05
1786466287.7289712,13360,16,Loss/l_ce,0.11263751983642578
1786466287.7291744,13360,16,Loss/l_total,0.11263751983642578
1786466287.7292004,13360,16,LR,9.026620557966284e-05
1786466303.0201838,13380,16,Loss/l_ce,0.12845969200134277
1786466303.0204508,13380,16,Loss/l_total,0.12845969200134277
1786466303.0204768,13380,16,LR,9.026620557966284e-05
1786466329.262346,13400,16,Loss/l_ce,0.19991016387939453
1786466329.2626035,13400,16,Loss/l_total,0.19991016387939453
1786466329.2626357,13400,16,LR,9.026620557966284e-05
1786466347.7750049,13420,16,Loss/l_ce,0.1209251880645752
1786466347.7754595,13420,16,Loss/l_total,0.1209251880645752
1786466347.775501,13420,16,LR,9.026620557966284e-05
1786466368.9902458,13440,16,Loss/l_ce,0.12244176864624023
1786466368.9907634,13440,16,Loss/l_total,0.12244176864624023
1786466368.9907908,13440,16,LR,9.026620557966284e-05
1786466389.757631,13460,16,Loss/l_ce,0.11678051948547363
1786466389.7581415,13460,16,Loss/l_total,0.11678051948547363
1786466389.7581797,13460,16,LR,9.026620557966284e-05
1786466417.2899172,13480,16,Loss/l_ce,0.11827754974365234
1786466417.2902699,13480,16,Loss/l_total,0.11827754974365234
1786466417.290297,13480,16,LR,9.026620557966284e-05
1786466435.4156578,13500,16,Loss/l_ce,0.17763733863830566
1786466435.4158297,13500,16,Loss/l_total,0.17763733863830566
1786466435.4158535,13500,16,LR,9.026620557966284e-05
1786466459.145348,13520,16,Loss/l_ce,0.14795327186584473
1786466459.1455867,13520,16,Loss/l_total,0.14795327186584473
1786466459.1456127,13520,16,LR,9.026620557966284e-05
1786466481.7280831,13540,16,Loss/l_ce,0.17125368118286133
1786466481.728278,13540,16,Loss/l_total,0.17125368118286133
1786466481.7283018,13540,16,LR,9.026620557966284e-05
1786466499.6366906,13560,16,Loss/l_ce,0.14337873458862305
1786466499.6369033,13560,16,Loss/l_total,0.14337873458862305
1786466499.636928,13560,16,LR,9.026620557966284e-05
1786466523.0061753,13580,16,Loss/l_ce,0.19531893730163574
1786466523.0063772,13580,16,Loss/l_total,0.19531893730163574
1786466523.006408,13580,16,LR,9.026620557966284e-05
1786466552.5139008,13600,16,Loss/l_ce,3.249687910079956
1786466552.514124,13600,16,Loss/l_total,3.249687910079956
1786466552.5141501,13600,16,LR,9.026620557966284e-05
1786466579.00559,13620,16,Loss/l_ce,1.322033405303955
1786466579.0058439,13620,16,Loss/l_total,1.322033405303955
1786466579.0058677,13620,16,LR,9.026620557966284e-05
1786466600.6328084,13640,16,Loss/l_ce,0.2092609405517578
1786466600.6329865,13640,16,Loss/l_total,0.2092609405517578
1786466600.6330056,13640,16,LR,9.026620557966284e-05
1786466626.410152,13660,16,Loss/l_ce,0.17806434631347656
1786466626.4103203,13660,16,Loss/l_total,0.17806434631347656
1786466626.410343,13660,16,LR,9.026620557966284e-05
1786466649.595853,13680,16,Loss/l_ce,0.1266176700592041
1786466649.596069,13680,16,Loss/l_total,0.1266176700592041
1786466649.596094,13680,16,LR,9.026620557966284e-05
1786466674.339932,13700,16,Loss/l_ce,0.23014354705810547
1786466674.3402312,13700,16,Loss/l_total,0.23014354705810547
1786466674.340255,13700,16,LR,9.026620557966284e-05
1786466698.5566366,13720,16,Loss/l_ce,0.188584566116333
1786466698.5568516,13720,16,Loss/l_total,0.188584566116333
1786466698.5568728,13720,16,LR,9.026620557966284e-05
1786466720.5726285,13740,16,Loss/l_ce,0.11791419982910156
1786466720.5728743,13740,16,Loss/l_total,0.11791419982910156
1786466720.5728967,13740,16,LR,9.026620557966284e-05
1786466750.7782426,13760,16,Loss/l_ce,0.14706158638000488
1786466750.7784145,13760,16,Loss/l_total,0.14706158638000488
1786466750.7784407,13760,16,LR,9.026620557966284e-05
1786466773.3541873,13780,16,Loss/l_ce,0.2096714973449707
1786466773.354344,13780,16,Loss/l_total,0.2096714973449707
1786466773.3543632,13780,16,LR,9.026620557966284e-05
1786466790.3776832,13800,16,Loss/l_ce,0.09223604202270508
1786466790.3778827,13800,16,Loss/l_total,0.09223604202270508
1786466790.3779051,13800,16,LR,9.026620557966284e-05
1786466946.7869947,13804,16,Val/avg_error,0.12131641060113907
1786466946.7876382,13804,16,Val/acc,0.405859375
1786466946.7876644,13804,16,Val/sparse_auc,0.5786623559816919
1786466946.7876832,13804,16,Val/sparse_pck_max,0.1
1786466946.7877026,13804,16,Val/sparse_pck_n,100.0
1786466977.4945562,13820,17,Loss/l_ce,0.1417233943939209
1786466977.4947865,13820,17,Loss/l_total,0.1417233943939209
1786466977.4948092,13820,17,LR,8.906477750432908e-05
1786467000.9215293,13840,17,Loss/l_ce,0.14476895332336426
1786467000.9217718,13840,17,Loss/l_total,0.14476895332336426
1786467000.9218001,13840,17,LR,8.906477750432908e-05
1786467024.285841,13860,17,Loss/l_ce,0.17325878143310547
1786467024.2860155,13860,17,Loss/l_total,0.17325878143310547
1786467024.2860641,13860,17,LR,8.906477750432908e-05
1786467053.0332484,13880,17,Loss/l_ce,0.18035149574279785
1786467053.033763,13880,17,Loss/l_total,0.18035149574279785
1786467053.0337863,13880,17,LR,8.906477750432908e-05
1786467070.02152,13900,17,Loss/l_ce,0.14838171005249023
1786467070.0218606,13900,17,Loss/l_total,0.14838171005249023
1786467070.0218878,13900,17,LR,8.906477750432908e-05
1786467094.8270886,13920,17,Loss/l_ce,0.46008872985839844
1786467094.827293,13920,17,Loss/l_total,0.46008872985839844
1786467094.8273156,13920,17,LR,8.906477750432908e-05
1786467119.7243273,13940,17,Loss/l_ce,0.11022806167602539
1786467119.7245367,13940,17,Loss/l_total,0.11022806167602539
1786467119.7245615,13940,17,LR,8.906477750432908e-05
1786467141.3041825,13960,17,Loss/l_ce,0.1912839412689209
1786467141.3043523,13960,17,Loss/l_total,0.1912839412689209
1786467141.3043773,13960,17,LR,8.906477750432908e-05
1786467167.7855341,13980,17,Loss/l_ce,0.10597085952758789
1786467167.7856994,13980,17,Loss/l_total,0.10597085952758789
1786467167.7857208,13980,17,LR,8.906477750432908e-05
1786467195.2325335,14000,17,Loss/l_ce,0.15541911125183105
1786467195.2327154,14000,17,Loss/l_total,0.15541911125183105
1786467195.2327378,14000,17,LR,8.906477750432908e-05
1786467219.3392053,14020,17,Loss/l_ce,0.1529221534729004
1786467219.3394928,14020,17,Loss/l_total,0.1529221534729004
1786467219.3395202,14020,17,LR,8.906477750432908e-05
1786467241.3737898,14040,17,Loss/l_ce,0.1843099594116211
1786467241.3740199,14040,17,Loss/l_total,0.1843099594116211
1786467241.374066,14040,17,LR,8.906477750432908e-05
1786467259.2111826,14060,17,Loss/l_ce,0.23647260665893555
1786467259.2114356,14060,17,Loss/l_total,0.23647260665893555
1786467259.211458,14060,17,LR,8.906477750432908e-05
1786467288.6233304,14080,17,Loss/l_ce,0.18497204780578613
1786467288.62355,14080,17,Loss/l_total,0.18497204780578613
1786467288.6235728,14080,17,LR,8.906477750432908e-05
1786467310.3262458,14100,17,Loss/l_ce,0.13207244873046875
1786467310.32652,14100,17,Loss/l_total,0.13207244873046875
1786467310.3265486,14100,17,LR,8.906477750432908e-05
1786467328.7395217,14120,17,Loss/l_ce,0.11069726943969727
1786467328.7397559,14120,17,Loss/l_total,0.11069726943969727
1786467328.7397807,14120,17,LR,8.906477750432908e-05
1786467355.0986292,14140,17,Loss/l_ce,0.1443493366241455
1786467355.098793,14140,17,Loss/l_total,0.1443493366241455
1786467355.0988119,14140,17,LR,8.906477750432908e-05
1786467380.7295744,14160,17,Loss/l_ce,0.739485502243042
1786467380.7300255,14160,17,Loss/l_total,0.739485502243042
1786467380.73011,14160,17,LR,8.906477750432908e-05
1786467405.1558862,14180,17,Loss/l_ce,0.10032796859741211
1786467405.1561425,14180,17,Loss/l_total,0.10032796859741211
1786467405.1561687,14180,17,LR,8.906477750432908e-05
1786467434.135934,14200,17,Loss/l_ce,0.2600998878479004
1786467434.1363046,14200,17,Loss/l_total,0.2600998878479004
1786467434.1363356,14200,17,LR,8.906477750432908e-05
1786467462.3562174,14220,17,Loss/l_ce,0.1676616668701172
1786467462.3565235,14220,17,Loss/l_total,0.1676616668701172
1786467462.3565474,14220,17,LR,8.906477750432908e-05
1786467490.0533779,14240,17,Loss/l_ce,0.21965932846069336
1786467490.0535808,14240,17,Loss/l_total,0.21965932846069336
1786467490.053601,14240,17,LR,8.906477750432908e-05
1786467510.933585,14260,17,Loss/l_ce,0.2814624309539795
1786467510.9339492,14260,17,Loss/l_total,0.2814624309539795
1786467510.9339743,14260,17,LR,8.906477750432908e-05
1786467533.8485558,14280,17,Loss/l_ce,0.21567535400390625
1786467533.8488169,14280,17,Loss/l_total,0.21567535400390625
1786467533.848838,14280,17,LR,8.906477750432908e-05
1786467559.8724482,14300,17,Loss/l_ce,0.13746070861816406
1786467559.8726277,14300,17,Loss/l_total,0.13746070861816406
1786467559.8726516,14300,17,LR,8.906477750432908e-05
1786467589.750092,14320,17,Loss/l_ce,0.10816764831542969
1786467589.7503247,14320,17,Loss/l_total,0.10816764831542969
1786467589.7503486,14320,17,LR,8.906477750432908e-05
1786467611.4612505,14340,17,Loss/l_ce,0.17506647109985352
1786467611.4614382,14340,17,Loss/l_total,0.17506647109985352
1786467611.4614644,14340,17,LR,8.906477750432908e-05
1786467636.4624438,14360,17,Loss/l_ce,0.13847970962524414
1786467636.4626088,14360,17,Loss/l_total,0.13847970962524414
1786467636.4626315,14360,17,LR,8.906477750432908e-05
1786467661.6832714,14380,17,Loss/l_ce,0.20883417129516602
1786467661.6834686,14380,17,Loss/l_total,0.20883417129516602
1786467661.6834936,14380,17,LR,8.906477750432908e-05
1786467684.814886,14400,17,Loss/l_ce,0.10790443420410156
1786467684.8151152,14400,17,Loss/l_total,0.10790443420410156
1786467684.8151426,14400,17,LR,8.906477750432908e-05
1786467709.5449526,14420,17,Loss/l_ce,0.11989021301269531
1786467709.5451498,14420,17,Loss/l_total,0.11989021301269531
1786467709.5451746,14420,17,LR,8.906477750432908e-05
1786467728.244474,14440,17,Loss/l_ce,0.1952831745147705
1786467728.2446783,14440,17,Loss/l_total,0.1952831745147705
1786467728.2447054,14440,17,LR,8.906477750432908e-05
1786467754.5079458,14460,17,Loss/l_ce,0.12941408157348633
1786467754.5081882,14460,17,Loss/l_total,0.12941408157348633
1786467754.5082142,14460,17,LR,8.906477750432908e-05
1786467781.0581038,14480,17,Loss/l_ce,0.13184523582458496
1786467781.058314,14480,17,Loss/l_total,0.13184523582458496
1786467781.0583353,14480,17,LR,8.906477750432908e-05
1786467803.948406,14500,17,Loss/l_ce,0.1395707130432129
1786467803.9485757,14500,17,Loss/l_total,0.1395707130432129
1786467803.9486008,14500,17,LR,8.906477750432908e-05
1786467822.406262,14520,17,Loss/l_ce,0.09554791450500488
1786467822.406459,14520,17,Loss/l_total,0.09554791450500488
1786467822.4064817,14520,17,LR,8.906477750432908e-05
1786467841.2706828,14540,17,Loss/l_ce,0.18215489387512207
1786467841.2708466,14540,17,Loss/l_total,0.18215489387512207
1786467841.2709677,14540,17,LR,8.906477750432908e-05
1786467872.2253141,14560,17,Loss/l_ce,0.1899888515472412
1786467872.225594,14560,17,Loss/l_total,0.1899888515472412
1786467872.2256193,14560,17,LR,8.906477750432908e-05
1786467894.9168658,14580,17,Loss/l_ce,0.10345196723937988
1786467894.9170604,14580,17,Loss/l_total,0.10345196723937988
1786467894.9170914,14580,17,LR,8.906477750432908e-05
1786467967.770825,14600,17,Loss/l_ce,0.1475679874420166
1786467967.77099,14600,17,Loss/l_total,0.1475679874420166
1786467967.7710087,14600,17,LR,8.906477750432908e-05
1786468181.247477,14616,17,Val/avg_error,0.11780637502670288
1786468181.2479177,14616,17,Val/acc,0.41572265625
1786468181.2479482,14616,17,Val/sparse_auc,0.5867409446022728
1786468181.247972,14616,17,Val/sparse_pck_max,0.1
1786468181.2480078,14616,17,Val/sparse_pck_n,100.0
1786468188.2760072,14620,18,Loss/l_ce,0.20164728164672852
1786468188.276221,14620,18,Loss/l_total,0.20164728164672852
1786468188.2762482,14620,18,LR,8.780358823396356e-05
1786468214.0954764,14640,18,Loss/l_ce,0.1224057674407959
1786468214.095644,14640,18,Loss/l_total,0.1224057674407959
1786468214.0956652,14640,18,LR,8.780358823396356e-05
1786468255.0027425,14660,18,Loss/l_ce,0.2307443618774414
1786468255.002924,14660,18,Loss/l_total,0.2307443618774414
1786468255.0029502,14660,18,LR,8.780358823396356e-05
1786468339.9187975,14680,18,Loss/l_ce,0.12221765518188477
1786468339.9190042,14680,18,Loss/l_total,0.12221765518188477
1786468339.919028,14680,18,LR,8.780358823396356e-05
1786468400.9002647,14700,18,Loss/l_ce,0.09226679801940918
1786468400.900431,14700,18,Loss/l_total,0.09226679801940918
1786468400.9004548,14700,18,LR,8.780358823396356e-05
1786468421.0496912,14720,18,Loss/l_ce,0.10651302337646484
1786468421.0498383,14720,18,Loss/l_total,0.10651302337646484
1786468421.0498621,14720,18,LR,8.780358823396356e-05
1786468483.3181086,14740,18,Loss/l_ce,0.09989809989929199
1786468483.3183045,14740,18,Loss/l_total,0.09989809989929199
1786468483.3183331,14740,18,LR,8.780358823396356e-05
1786468562.4656146,14760,18,Loss/l_ce,0.06599068641662598
1786468562.4659207,14760,18,Loss/l_total,0.06599068641662598
1786468562.4659495,14760,18,LR,8.780358823396356e-05
1786468602.5904078,14780,18,Loss/l_ce,0.7881696224212646
1786468602.5905955,14780,18,Loss/l_total,0.7881696224212646
1786468602.5906146,14780,18,LR,8.780358823396356e-05
1786468635.0693457,14800,18,Loss/l_ce,0.1693563461303711
1786468635.0697293,14800,18,Loss/l_total,0.1693563461303711
1786468635.0697541,14800,18,LR,8.780358823396356e-05
1786468656.4811075,14820,18,Loss/l_ce,0.13012981414794922
1786468656.4812617,14820,18,Loss/l_total,0.13012981414794922
1786468656.4812856,14820,18,LR,8.780358823396356e-05
1786468682.497536,14840,18,Loss/l_ce,0.13611841201782227
1786468682.4977357,14840,18,Loss/l_total,0.13611841201782227
1786468682.4977582,14840,18,LR,8.780358823396356e-05
1786468698.3213608,14860,18,Loss/l_ce,0.08196043968200684
1786468698.3215568,14860,18,Loss/l_total,0.08196043968200684
1786468698.3215818,14860,18,LR,8.780358823396356e-05
1786468726.0356357,14880,18,Loss/l_ce,0.11692595481872559
1786468726.0358136,14880,18,Loss/l_total,0.11692595481872559
1786468726.0358365,14880,18,LR,8.780358823396356e-05
1786468814.7428267,14900,18,Loss/l_ce,0.23032855987548828
1786468814.74319,14900,18,Loss/l_total,0.23032855987548828
1786468814.743461,14900,18,LR,8.780358823396356e-05
1786468889.0056598,14920,18,Loss/l_ce,0.14223623275756836
1786468889.0059092,14920,18,Loss/l_total,0.14223623275756836
1786468889.005933,14920,18,LR,8.780358823396356e-05
1786468908.9872484,14940,18,Loss/l_ce,0.16011452674865723
1786468908.987443,14940,18,Loss/l_total,0.16011452674865723
1786468908.9874668,14940,18,LR,8.780358823396356e-05
1786468936.2247736,14960,18,Loss/l_ce,0.37822628021240234
1786468936.2249637,14960,18,Loss/l_total,0.37822628021240234
1786468936.2249887,14960,18,LR,8.780358823396356e-05
1786468956.600922,14980,18,Loss/l_ce,0.1548748016357422
1786468956.601111,14980,18,Loss/l_total,0.1548748016357422
1786468956.6011574,14980,18,LR,8.780358823396356e-05
1786468978.7431653,15000,18,Loss/l_ce,0.19343066215515137
1786468978.7433205,15000,18,Loss/l_total,0.19343066215515137
1786468978.7433395,15000,18,LR,8.780358823396356e-05
1786469002.5304303,15020,18,Loss/l_ce,0.18626070022583008
1786469002.5306237,15020,18,Loss/l_total,0.18626070022583008
1786469002.530652,15020,18,LR,8.780358823396356e-05
1786469027.5306623,15040,18,Loss/l_ce,0.23021841049194336
1786469027.530856,15040,18,Loss/l_total,0.23021841049194336
1786469027.5308821,15040,18,LR,8.780358823396356e-05
1786469052.1686304,15060,18,Loss/l_ce,0.15836572647094727
1786469052.1688082,15060,18,Loss/l_total,0.15836572647094727
1786469052.1688333,15060,18,LR,8.780358823396356e-05
1786469072.01374,15080,18,Loss/l_ce,0.1383659839630127
1786469072.0138934,15080,18,Loss/l_total,0.1383659839630127
1786469072.0139182,15080,18,LR,8.780358823396356e-05
1786469099.3454645,15100,18,Loss/l_ce,0.1392993927001953
1786469099.3456595,15100,18,Loss/l_total,0.1392993927001953
1786469099.345682,15100,18,LR,8.780358823396356e-05
1786469125.5544577,15120,18,Loss/l_ce,0.09841775894165039
1786469125.5546975,15120,18,Loss/l_total,0.09841775894165039
1786469125.55472,15120,18,LR,8.780358823396356e-05
1786469146.1621814,15140,18,Loss/l_ce,0.14443469047546387
1786469146.1624367,15140,18,Loss/l_total,0.14443469047546387
1786469146.16246,15140,18,LR,8.780358823396356e-05
1786469173.8388464,15160,18,Loss/l_ce,0.11630725860595703
1786469173.83906,15160,18,Loss/l_total,0.11630725860595703
1786469173.8390872,15160,18,LR,8.780358823396356e-05
1786469203.839483,15180,18,Loss/l_ce,0.7345476150512695
1786469203.8399308,15180,18,Loss/l_total,0.7345476150512695
1786469203.8399582,15180,18,LR,8.780358823396356e-05
1786469229.1846359,15200,18,Loss/l_ce,0.15466976165771484
1786469229.1848295,15200,18,Loss/l_total,0.15466976165771484
1786469229.1848533,15200,18,LR,8.780358823396356e-05
1786469258.3222032,15220,18,Loss/l_ce,0.14877080917358398
1786469258.3223863,15220,18,Loss/l_total,0.14877080917358398
1786469258.3224075,15220,18,LR,8.780358823396356e-05
1786469278.7977297,15240,18,Loss/l_ce,0.12209606170654297
1786469278.7979517,15240,18,Loss/l_total,0.12209606170654297
1786469278.7979732,15240,18,LR,8.780358823396356e-05
1786469295.3904328,15260,18,Loss/l_ce,0.11882495880126953
1786469295.3906443,15260,18,Loss/l_total,0.11882495880126953
1786469295.3906677,15260,18,LR,8.780358823396356e-05
1786469316.1407022,15280,18,Loss/l_ce,0.24654364585876465
1786469316.140903,15280,18,Loss/l_total,0.24654364585876465
1786469316.14093,15280,18,LR,8.780358823396356e-05
1786469327.7483726,15300,18,Loss/l_ce,0.12630319595336914
1786469327.7485816,15300,18,Loss/l_total,0.12630319595336914
1786469327.7486053,15300,18,LR,8.780358823396356e-05
1786469337.7062728,15320,18,Loss/l_ce,0.1718287467956543
1786469337.7064772,15320,18,Loss/l_total,0.1718287467956543
1786469337.706502,15320,18,LR,8.780358823396356e-05
1786469355.3304932,15340,18,Loss/l_ce,0.17333221435546875
1786469355.3306952,15340,18,Loss/l_total,0.17333221435546875
1786469355.330719,15340,18,LR,8.780358823396356e-05
1786469368.7648232,15360,18,Loss/l_ce,0.20904922485351562
1786469368.765107,15360,18,Loss/l_total,0.20904922485351562
1786469368.7651353,15360,18,LR,8.780358823396356e-05
1786469387.304117,15380,18,Loss/l_ce,0.10510826110839844
1786469387.3045468,15380,18,Loss/l_total,0.10510826110839844
1786469387.3045752,15380,18,LR,8.780358823396356e-05
1786469399.3827453,15400,18,Loss/l_ce,0.1410813331604004
1786469399.3829174,15400,18,Loss/l_total,0.1410813331604004
1786469399.382947,15400,18,LR,8.780358823396356e-05
1786469414.8554902,15420,18,Loss/l_ce,0.11686873435974121
1786469414.8556495,15420,18,Loss/l_total,0.11686873435974121
1786469414.8556721,15420,18,LR,8.780358823396356e-05
1786469631.3587675,15428,18,Val/avg_error,0.10753877460956573
1786469631.3590536,15428,18,Val/acc,0.419482421875
1786469631.3590822,15428,18,Val/sparse_auc,0.5981637665719697
1786469631.3591025,15428,18,Val/sparse_pck_max,0.1
1786469631.3591344,15428,18,Val/sparse_pck_n,100.0
1786469645.626475,15440,19,Loss/l_ce,0.16784358024597168
1786469645.626683,15440,19,Loss/l_total,0.16784358024597168
1786469645.626703,15440,19,LR,8.648485032310149e-05
1786469676.408842,15460,19,Loss/l_ce,0.1783595085144043
1786469676.4091508,15460,19,Loss/l_total,0.1783595085144043
1786469676.4091792,15460,19,LR,8.648485032310149e-05
1786469700.1484818,15480,19,Loss/l_ce,0.10185694694519043
1786469700.1487002,15480,19,Loss/l_total,0.10185694694519043
1786469700.1487298,15480,19,LR,8.648485032310149e-05
1786469714.7051325,15500,19,Loss/l_ce,0.07920432090759277
1786469714.7053144,15500,19,Loss/l_total,0.07920432090759277
1786469714.7053392,15500,19,LR,8.648485032310149e-05
1786469740.2436898,15520,19,Loss/l_ce,0.11537837982177734
1786469740.243849,15520,19,Loss/l_total,0.11537837982177734
1786469740.2438715,15520,19,LR,8.648485032310149e-05
1786469759.2324286,15540,19,Loss/l_ce,0.10099124908447266
1786469759.2326624,15540,19,Loss/l_total,0.10099124908447266
1786469759.232685,15540,19,LR,8.648485032310149e-05
1786469785.024658,15560,19,Loss/l_ce,0.26332807540893555
1786469785.0249891,15560,19,Loss/l_total,0.26332807540893555
1786469785.025013,15560,19,LR,8.648485032310149e-05
1786469818.8281648,15580,19,Loss/l_ce,0.16324114799499512
1786469818.828368,15580,19,Loss/l_total,0.16324114799499512
1786469818.8283918,15580,19,LR,8.648485032310149e-05
1786469846.6000223,15600,19,Loss/l_ce,0.18709659576416016
1786469846.6002028,15600,19,Loss/l_total,0.18709659576416016
1786469846.6002243,15600,19,LR,8.648485032310149e-05
1786469875.0431912,15620,19,Loss/l_ce,0.1523265838623047
1786469875.0434477,15620,19,Loss/l_total,0.1523265838623047
1786469875.0434704,15620,19,LR,8.648485032310149e-05
1786469909.944388,15640,19,Loss/l_ce,0.20444869995117188
1786469909.9445446,15640,19,Loss/l_total,0.20444869995117188
1786469909.944566,15640,19,LR,8.648485032310149e-05
1786469933.450309,15660,19,Loss/l_ce,0.16605210304260254
1786469933.450522,15660,19,Loss/l_total,0.16605210304260254
1786469933.450746,15660,19,LR,8.648485032310149e-05
1786469957.268067,15680,19,Loss/l_ce,0.5637421607971191
1786469957.2682352,15680,19,Loss/l_total,0.5637421607971191
1786469957.2682579,15680,19,LR,8.648485032310149e-05
1786469984.4653397,15700,19,Loss/l_ce,0.1899878978729248
1786469984.4655972,15700,19,Loss/l_total,0.1899878978729248
1786469984.465634,15700,19,LR,8.648485032310149e-05
1786470011.515899,15720,19,Loss/l_ce,0.13950324058532715
1786470011.5161433,15720,19,Loss/l_total,0.13950324058532715
1786470011.5161684,15720,19,LR,8.648485032310149e-05
1786470030.3838477,15740,19,Loss/l_ce,0.13109397888183594
1786470030.3840947,15740,19,Loss/l_total,0.13109397888183594
1786470030.3841195,15740,19,LR,8.648485032310149e-05
1786470051.8065464,15760,19,Loss/l_ce,0.1552736759185791
1786470051.8067625,15760,19,Loss/l_total,0.1552736759185791
1786470051.806785,15760,19,LR,8.648485032310149e-05
1786470071.5430229,15780,19,Loss/l_ce,0.14181947708129883
1786470071.5432293,15780,19,Loss/l_total,0.14181947708129883
1786470071.5432532,15780,19,LR,8.648485032310149e-05
1786470084.6237915,15800,19,Loss/l_ce,0.3051736354827881
1786470084.623947,15800,19,Loss/l_total,0.3051736354827881
1786470084.623972,15800,19,LR,8.648485032310149e-05
1786470096.2890015,15820,19,Loss/l_ce,0.18790888786315918
1786470096.289215,15820,19,Loss/l_total,0.18790888786315918
1786470096.2892401,15820,19,LR,8.648485032310149e-05
1786470112.2294888,15840,19,Loss/l_ce,0.1004323959350586
1786470112.229678,15840,19,Loss/l_total,0.1004323959350586
1786470112.2297075,15840,19,LR,8.648485032310149e-05
1786470121.6881213,15860,19,Loss/l_ce,0.1974635124206543
1786470121.6883113,15860,19,Loss/l_total,0.1974635124206543
1786470121.6883352,15860,19,LR,8.648485032310149e-05
1786470139.4385695,15880,19,Loss/l_ce,0.5101189613342285
1786470139.438744,15880,19,Loss/l_total,0.5101189613342285
1786470139.438768,15880,19,LR,8.648485032310149e-05
1786470152.9629261,15900,19,Loss/l_ce,0.19855403900146484
1786470152.963129,15900,19,Loss/l_total,0.19855403900146484
1786470152.9631493,15900,19,LR,8.648485032310149e-05
1786470168.8082883,15920,19,Loss/l_ce,0.19507336616516113
1786470168.8084545,15920,19,Loss/l_total,0.19507336616516113
1786470168.8084772,15920,19,LR,8.648485032310149e-05
1786470187.2575567,15940,19,Loss/l_ce,0.12482905387878418
1786470187.2577372,15940,19,Loss/l_total,0.12482905387878418
1786470187.2577574,15940,19,LR,8.648485032310149e-05
1786470214.4322736,15960,19,Loss/l_ce,0.16553163528442383
1786470214.4325027,15960,19,Loss/l_total,0.16553163528442383
1786470214.4325266,15960,19,LR,8.648485032310149e-05
1786470238.3342083,15980,19,Loss/l_ce,0.11151266098022461
1786470238.3343816,15980,19,Loss/l_total,0.11151266098022461
1786470238.3344028,15980,19,LR,8.648485032310149e-05
1786470267.3605785,16000,19,Loss/l_ce,0.10324263572692871
1786470267.360828,16000,19,Loss/l_total,0.10324263572692871
1786470267.3608515,16000,19,LR,8.648485032310149e-05
1786470293.9360006,16020,19,Loss/l_ce,0.0908961296081543
1786470293.936174,16020,19,Loss/l_total,0.0908961296081543
1786470293.9361963,16020,19,LR,8.648485032310149e-05
1786470312.0061378,16040,19,Loss/l_ce,0.22204828262329102
1786470312.0063336,16040,19,Loss/l_total,0.22204828262329102
1786470312.0080674,16040,19,LR,8.648485032310149e-05
1786470335.205446,16060,19,Loss/l_ce,0.1094508171081543
1786470335.2056417,16060,19,Loss/l_total,0.1094508171081543
1786470335.2056656,16060,19,LR,8.648485032310149e-05
1786470348.378078,16080,19,Loss/l_ce,0.16815185546875
1786470348.3782454,16080,19,Loss/l_total,0.16815185546875
1786470348.3782725,16080,19,LR,8.648485032310149e-05
1786470378.6308832,16100,19,Loss/l_ce,0.16569733619689941
1786470378.6310616,16100,19,Loss/l_total,0.16569733619689941
1786470378.631084,16100,19,LR,8.648485032310149e-05
1786470403.2887008,16120,19,Loss/l_ce,0.8824377059936523
1786470403.2888517,16120,19,Loss/l_total,0.8824377059936523
1786470403.2888741,16120,19,LR,8.648485032310149e-05
1786470425.3372872,16140,19,Loss/l_ce,0.36962223052978516
1786470425.3374653,16140,19,Loss/l_total,0.36962223052978516
1786470425.3374865,16140,19,LR,8.648485032310149e-05
1786470452.5277774,16160,19,Loss/l_ce,0.15261507034301758
1786470452.5279605,16160,19,Loss/l_total,0.15261507034301758
1786470452.5279841,16160,19,LR,8.648485032310149e-05
1786470472.5591662,16180,19,Loss/l_ce,0.11616635322570801
1786470472.5593455,16180,19,Loss/l_total,0.11616635322570801
1786470472.5593705,16180,19,LR,8.648485032310149e-05
1786470503.899867,16200,19,Loss/l_ce,0.1918342113494873
1786470503.900049,16200,19,Loss/l_total,0.1918342113494873
1786470503.900075,16200,19,LR,8.648485032310149e-05
1786470530.9341433,16220,19,Loss/l_ce,0.15033364295959473
1786470530.9342904,16220,19,Loss/l_total,0.15033364295959473
1786470530.9343143,16220,19,LR,8.648485032310149e-05
1786470554.6766548,16240,19,Loss/l_ce,0.10288572311401367
1786470554.6768258,16240,19,Loss/l_total,0.10288572311401367
1786470554.676852,16240,19,LR,8.648485032310149e-05
1786470697.1124482,16240,19,Val/avg_error,0.10348321497440338
1786470697.1128638,16240,19,Val/acc,0.434375
1786470697.1128912,16240,19,Val/sparse_auc,0.6114977904040404
1786470697.11324,16240,19,Val/sparse_pck_max,0.1
1786470697.113265,16240,19,Val/sparse_pck_n,100.0
1786470720.0674775,16260,20,Loss/l_ce,0.209669828414917
1786470720.067678,16260,20,Loss/l_total,0.209669828414917
1786470720.0676982,16260,20,LR,8.511087728614866e-05
1786470744.7379463,16280,20,Loss/l_ce,0.1802070140838623
1786470744.7381387,16280,20,Loss/l_total,0.1802070140838623
1786470744.738161,16280,20,LR,8.511087728614866e-05
1786470778.718408,16300,20,Loss/l_ce,0.12540698051452637
1786470778.7186077,16300,20,Loss/l_total,0.12540698051452637
1786470778.7186325,16300,20,LR,8.511087728614866e-05
1786470811.1831453,16320,20,Loss/l_ce,0.18277382850646973
1786470811.18331,16320,20,Loss/l_total,0.18277382850646973
1786470811.1833315,16320,20,LR,8.511087728614866e-05
1786470828.2818723,16340,20,Loss/l_ce,0.09785103797912598
1786470828.2820885,16340,20,Loss/l_total,0.09785103797912598
1786470828.2821088,16340,20,LR,8.511087728614866e-05
1786470856.172074,16360,20,Loss/l_ce,0.15066885948181152
1786470856.172271,16360,20,Loss/l_total,0.15066885948181152
1786470856.1722937,16360,20,LR,8.511087728614866e-05
1786470882.327401,16380,20,Loss/l_ce,0.20633983612060547
1786470882.3275518,16380,20,Loss/l_total,0.20633983612060547
1786470882.3275733,16380,20,LR,8.511087728614866e-05
1786470902.2112806,16400,20,Loss/l_ce,0.13658857345581055
1786470902.2114768,16400,20,Loss/l_total,0.13658857345581055
1786470902.2115016,16400,20,LR,8.511087728614866e-05
1786470928.829703,16420,20,Loss/l_ce,0.10686159133911133
1786470928.8299088,16420,20,Loss/l_total,0.10686159133911133
1786470928.8299313,16420,20,LR,8.511087728614866e-05
1786470950.7543468,16440,20,Loss/l_ce,0.06101083755493164
1786470950.754778,16440,20,Loss/l_total,0.06101083755493164
1786470950.7550817,16440,20,LR,8.511087728614866e-05
1786470971.3782449,16460,20,Loss/l_ce,0.1319432258605957
1786470971.378466,16460,20,Loss/l_total,0.1319432258605957
1786470971.3784907,16460,20,LR,8.511087728614866e-05
1786471002.7318697,16480,20,Loss/l_ce,0.08273792266845703
1786471002.7321105,16480,20,Loss/l_total,0.08273792266845703
1786471002.7321367,16480,20,LR,8.511087728614866e-05
1786471027.276773,16500,20,Loss/l_ce,0.23015117645263672
1786471027.2769735,16500,20,Loss/l_total,0.23015117645263672
1786471027.2769961,16500,20,LR,8.511087728614866e-05
1786471049.0543659,16520,20,Loss/l_ce,0.2174224853515625
1786471049.0545347,16520,20,Loss/l_total,0.2174224853515625
1786471049.0545607,16520,20,LR,8.511087728614866e-05
1786471074.108421,16540,20,Loss/l_ce,0.1990361213684082
1786471074.1085777,16540,20,Loss/l_total,0.1990361213684082
1786471074.1086004,16540,20,LR,8.511087728614866e-05
1786471099.1049635,16560,20,Loss/l_ce,0.1502528190612793
1786471099.105149,16560,20,Loss/l_total,0.1502528190612793
1786471099.105169,16560,20,LR,8.511087728614866e-05
1786471116.5447567,16580,20,Loss/l_ce,0.18511223793029785
1786471116.544935,16580,20,Loss/l_total,0.18511223793029785
1786471116.5470982,16580,20,LR,8.511087728614866e-05
1786471130.2069902,16600,20,Loss/l_ce,0.18111872673034668
1786471130.2072136,16600,20,Loss/l_total,0.18111872673034668
1786471130.2072384,16600,20,LR,8.511087728614866e-05
1786471155.4783611,16620,20,Loss/l_ce,0.07687568664550781
1786471155.4785962,16620,20,Loss/l_total,0.07687568664550781
1786471155.478627,16620,20,LR,8.511087728614866e-05
1786471175.8011403,16640,20,Loss/l_ce,0.09480929374694824
1786471175.8013005,16640,20,Loss/l_total,0.09480929374694824
1786471175.801323,16640,20,LR,8.511087728614866e-05
1786471204.2636123,16660,20,Loss/l_ce,0.11984109878540039
1786471204.263807,16660,20,Loss/l_total,0.11984109878540039
1786471204.263827,16660,20,LR,8.511087728614866e-05
1786471220.2602425,16680,20,Loss/l_ce,0.15305423736572266
1786471220.26043,16680,20,Loss/l_total,0.15305423736572266
1786471220.2604537,16680,20,LR,8.511087728614866e-05
1786471244.0494735,16700,20,Loss/l_ce,0.05959820747375488
1786471244.049628,16700,20,Loss/l_total,0.05959820747375488
1786471244.049654,16700,20,LR,8.511087728614866e-05
1786471271.5887747,16720,20,Loss/l_ce,0.1470317840576172
1786471271.5889325,16720,20,Loss/l_total,0.1470317840576172
1786471271.5889528,16720,20,LR,8.511087728614866e-05
1786471295.7240198,16740,20,Loss/l_ce,0.3537328243255615
1786471295.7242262,16740,20,Loss/l_total,0.3537328243255615
1786471295.7242534,16740,20,LR,8.511087728614866e-05
1786471318.4774563,16760,20,Loss/l_ce,0.23393678665161133
1786471318.4776359,16760,20,Loss/l_total,0.23393678665161133
1786471318.4776595,16760,20,LR,8.511087728614866e-05
1786471341.6276274,16780,20,Loss/l_ce,0.1899416446685791
1786471341.6278207,16780,20,Loss/l_total,0.1899416446685791
1786471341.627846,16780,20,LR,8.511087728614866e-05
1786471363.9936564,16800,20,Loss/l_ce,0.3766951560974121
1786471363.9938343,16800,20,Loss/l_total,0.3766951560974121
1786471363.9938593,16800,20,LR,8.511087728614866e-05
1786471384.5209672,16820,20,Loss/l_ce,0.3016476631164551
1786471384.521176,16820,20,Loss/l_total,0.3016476631164551
1786471384.521202,16820,20,LR,8.511087728614866e-05
1786471405.63521,16840,20,Loss/l_ce,0.2713432312011719
1786471405.635381,16840,20,Loss/l_total,0.2713432312011719
1786471405.6354072,16840,20,LR,8.511087728614866e-05
1786471431.05838,16860,20,Loss/l_ce,0.8844249248504639
1786471431.058666,16860,20,Loss/l_total,0.8844249248504639
1786471431.058692,16860,20,LR,8.511087728614866e-05
1786471455.7623541,16880,20,Loss/l_ce,0.11011242866516113
1786471455.762651,16880,20,Loss/l_total,0.11011242866516113
1786471455.762676,16880,20,LR,8.511087728614866e-05
1786471486.990166,16900,20,Loss/l_ce,0.15307188034057617
1786471486.9903514,16900,20,Loss/l_total,0.15307188034057617
1786471486.9903738,16900,20,LR,8.511087728614866e-05
1786471508.760718,16920,20,Loss/l_ce,0.09411358833312988
1786471508.7608736,16920,20,Loss/l_total,0.09411358833312988
1786471508.7608974,16920,20,LR,8.511087728614866e-05
1786471534.100221,16940,20,Loss/l_ce,0.12252259254455566
1786471534.1004026,16940,20,Loss/l_total,0.12252259254455566
1786471534.1004276,16940,20,LR,8.511087728614866e-05
1786471562.8727295,16960,20,Loss/l_ce,0.9317827224731445
1786471562.8728852,16960,20,Loss/l_total,0.9317827224731445
1786471562.8729053,16960,20,LR,8.511087728614866e-05
1786471578.820625,16980,20,Loss/l_ce,0.13025569915771484
1786471578.8208106,16980,20,Loss/l_total,0.13025569915771484
1786471578.8208318,16980,20,LR,8.511087728614866e-05
1786471598.8627188,17000,20,Loss/l_ce,0.1622922420501709
1786471598.8629074,17000,20,Loss/l_total,0.1622922420501709
1786471598.8629313,17000,20,LR,8.511087728614866e-05
1786471622.8834503,17020,20,Loss/l_ce,2.805901527404785
1786471622.8837366,17020,20,Loss/l_total,2.805901527404785
1786471622.8837626,17020,20,LR,8.511087728614866e-05
1786471643.1751046,17040,20,Loss/l_ce,0.22780823707580566
1786471643.1752765,17040,20,Loss/l_total,0.22780823707580566
1786471643.1753027,17040,20,LR,8.511087728614866e-05
1786471799.8910677,17052,20,Val/avg_error,0.11392192542552948
1786471799.8914251,17052,20,Val/acc,0.414697265625
1786471799.89145,17052,20,Val/sparse_auc,0.5897712476325757
1786471799.8914702,17052,20,Val/sparse_pck_max,0.1
1786471799.891489,17052,20,Val/sparse_pck_n,100.0
1786471812.158938,17060,21,Loss/l_ce,0.18361282348632812
1786471812.159154,17060,21,Loss/l_total,0.18361282348632812
1786471812.1591763,17060,21,LR,8.368407953869108e-05
1786471830.294477,17080,21,Loss/l_ce,0.18029427528381348
1786471830.2946885,17080,21,Loss/l_total,0.18029427528381348
1786471830.2947183,17080,21,LR,8.368407953869108e-05
1786471841.6590939,17100,21,Loss/l_ce,0.1168673038482666
1786471841.6592708,17100,21,Loss/l_total,0.1168673038482666
1786471841.6593013,17100,21,LR,8.368407953869108e-05
1786471865.603081,17120,21,Loss/l_ce,0.134749174118042
1786471865.6032472,17120,21,Loss/l_total,0.134749174118042
1786471865.6032696,17120,21,LR,8.368407953869108e-05
1786471884.5677466,17140,21,Loss/l_ce,0.11194300651550293
1786471884.5679307,17140,21,Loss/l_total,0.11194300651550293
1786471884.5679545,17140,21,LR,8.368407953869108e-05
1786471901.5113459,17160,21,Loss/l_ce,0.11501622200012207
1786471901.511588,17160,21,Loss/l_total,0.11501622200012207
1786471901.5116143,17160,21,LR,8.368407953869108e-05
1786471929.0007868,17180,21,Loss/l_ce,0.13895559310913086
1786471929.0009646,17180,21,Loss/l_total,0.13895559310913086
1786471929.000986,17180,21,LR,8.368407953869108e-05
1786471952.6303828,17200,21,Loss/l_ce,0.2237536907196045
1786471952.6305597,17200,21,Loss/l_total,0.2237536907196045
1786471952.6305869,17200,21,LR,8.368407953869108e-05
1786471975.1520116,17220,21,Loss/l_ce,0.16115617752075195
1786471975.1522086,17220,21,Loss/l_total,0.16115617752075195
1786471975.1522334,17220,21,LR,8.368407953869108e-05
1786471995.6537719,17240,21,Loss/l_ce,0.17244672775268555
1786471995.6539595,17240,21,Loss/l_total,0.17244672775268555
1786471995.6539845,17240,21,LR,8.368407953869108e-05
1786472023.821695,17260,21,Loss/l_ce,0.19997191429138184
1786472023.8218553,17260,21,Loss/l_total,0.19997191429138184
1786472023.8218777,17260,21,LR,8.368407953869108e-05
1786472054.6466553,17280,21,Loss/l_ce,1.8328509330749512
1786472054.6468296,17280,21,Loss/l_total,1.8328509330749512
1786472054.6468582,17280,21,LR,8.368407953869108e-05
1786472084.3442688,17300,21,Loss/l_ce,0.1498394012451172
1786472084.3444564,17300,21,Loss/l_total,0.1498394012451172
1786472084.344479,17300,21,LR,8.368407953869108e-05
1786472105.6885579,17320,21,Loss/l_ce,0.13000869750976562
1786472105.6887205,17320,21,Loss/l_total,0.13000869750976562
1786472105.6889093,17320,21,LR,8.368407953869108e-05
1786472125.2749782,17340,21,Loss/l_ce,0.14596986770629883
1786472125.2751954,17340,21,Loss/l_total,0.14596986770629883
1786472125.2752225,17340,21,LR,8.368407953869108e-05
1786472145.430883,17360,21,Loss/l_ce,0.0702352523803711
1786472145.4311082,17360,21,Loss/l_total,0.0702352523803711
1786472145.4311345,17360,21,LR,8.368407953869108e-05
1786472155.6706276,17380,21,Loss/l_ce,0.17070460319519043
1786472155.6707997,17380,21,Loss/l_total,0.17070460319519043
1786472155.6708233,17380,21,LR,8.368407953869108e-05
1786472164.6374784,17400,21,Loss/l_ce,0.14726042747497559
1786472164.6376638,17400,21,Loss/l_total,0.14726042747497559
1786472164.637685,17400,21,LR,8.368407953869108e-05
1786472182.0004065,17420,21,Loss/l_ce,0.1816115379333496
1786472182.0005789,17420,21,Loss/l_total,0.1816115379333496
1786472182.0006025,17420,21,LR,8.368407953869108e-05
1786472199.20972,17440,21,Loss/l_ce,0.1262986660003662
1786472199.2099025,17440,21,Loss/l_total,0.1262986660003662
1786472199.2099278,17440,21,LR,8.368407953869108e-05
1786472210.63224,17460,21,Loss/l_ce,0.16786575317382812
1786472210.6324158,17460,21,Loss/l_total,0.16786575317382812
1786472210.6324396,17460,21,LR,8.368407953869108e-05
1786472229.744961,17480,21,Loss/l_ce,0.15167522430419922
1786472229.7451463,17480,21,Loss/l_total,0.15167522430419922
1786472229.74517,17480,21,LR,8.368407953869108e-05
1786472243.7893937,17500,21,Loss/l_ce,0.08195900917053223
1786472243.7895894,17500,21,Loss/l_total,0.08195900917053223
1786472243.7896156,17500,21,LR,8.368407953869108e-05
1786472255.4422746,17520,21,Loss/l_ce,0.19940900802612305
1786472255.442474,17520,21,Loss/l_total,0.19940900802612305
1786472255.4424977,17520,21,LR,8.368407953869108e-05
1786472267.902403,17540,21,Loss/l_ce,0.1772627830505371
1786472267.9026716,17540,21,Loss/l_total,0.1772627830505371
1786472267.9026952,17540,21,LR,8.368407953869108e-05
1786472282.2501,17560,21,Loss/l_ce,0.1046135425567627
1786472282.25026,17560,21,Loss/l_total,0.1046135425567627
1786472282.2502837,17560,21,LR,8.368407953869108e-05
1786472314.7369237,17580,21,Loss/l_ce,0.15350961685180664
1786472314.7371182,17580,21,Loss/l_total,0.15350961685180664
1786472314.7371433,17580,21,LR,8.368407953869108e-05
1786472350.4400144,17600,21,Loss/l_ce,0.3354482650756836
1786472350.4402437,17600,21,Loss/l_total,0.3354482650756836
1786472350.4402661,17600,21,LR,8.368407953869108e-05
1786472385.2264044,17620,21,Loss/l_ce,0.18490314483642578
1786472385.226561,17620,21,Loss/l_total,0.18490314483642578
1786472385.2265813,17620,21,LR,8.368407953869108e-05
1786472406.3498256,17640,21,Loss/l_ce,0.16187071800231934
1786472406.3500261,17640,21,Loss/l_total,0.16187071800231934
1786472406.3500762,17640,21,LR,8.368407953869108e-05
1786472422.8756967,17660,21,Loss/l_ce,0.14220809936523438
1786472422.8758616,17660,21,Loss/l_total,0.14220809936523438
1786472422.8758879,17660,21,LR,8.368407953869108e-05
1786472448.847213,17680,21,Loss/l_ce,0.15693068504333496
1786472448.84739,17680,21,Loss/l_total,0.15693068504333496
1786472448.8474135,17680,21,LR,8.368407953869108e-05
1786472478.3337772,17700,21,Loss/l_ce,0.18240046501159668
1786472478.3339872,17700,21,Loss/l_total,0.18240046501159668
1786472478.3341298,17700,21,LR,8.368407953869108e-05
1786472499.253613,17720,21,Loss/l_ce,0.2326962947845459
1786472499.2537732,17720,21,Loss/l_total,0.2326962947845459
1786472499.2538135,17720,21,LR,8.368407953869108e-05
1786472526.4080853,17740,21,Loss/l_ce,0.2535676956176758
1786472526.4082694,17740,21,Loss/l_total,0.2535676956176758
1786472526.4084096,17740,21,LR,8.368407953869108e-05
1786472551.8009274,17760,21,Loss/l_ce,0.15838146209716797
1786472551.801152,17760,21,Loss/l_total,0.15838146209716797
1786472551.8011768,17760,21,LR,8.368407953869108e-05
1786472574.1636672,17780,21,Loss/l_ce,0.09602689743041992
1786472574.163836,17780,21,Loss/l_total,0.09602689743041992
1786472574.1638584,17780,21,LR,8.368407953869108e-05
1786472596.2820199,17800,21,Loss/l_ce,0.46524763107299805
1786472596.282212,17800,21,Loss/l_total,0.46524763107299805
1786472596.2822347,17800,21,LR,8.368407953869108e-05
1786472628.2614694,17820,21,Loss/l_ce,0.15681743621826172
1786472628.261676,17820,21,Loss/l_total,0.15681743621826172
1786472628.2616985,17820,21,LR,8.368407953869108e-05
1786472656.4267185,17840,21,Loss/l_ce,0.1315910816192627
1786472656.4272077,17840,21,Loss/l_total,0.1315910816192627
1786472656.4272373,17840,21,LR,8.368407953869108e-05
1786472684.0169826,17860,21,Loss/l_ce,0.09951925277709961
1786472684.0171938,17860,21,Loss/l_total,0.09951925277709961
1786472684.0172164,17860,21,LR,8.368407953869108e-05
1786472850.3687303,17864,21,Val/avg_error,0.07311506569385529
1786472850.3691874,17864,21,Val/acc,0.466650390625
1786472850.3692124,17864,21,Val/sparse_auc,0.6489003807607322
1786472850.3692315,17864,21,Val/sparse_pck_max,0.1
1786472850.3710978,17864,21,Val/sparse_pck_n,100.0
1786472875.14375,17880,22,Loss/l_ce,0.10648322105407715
1786472875.1439528,17880,22,Loss/l_total,0.10648322105407715
1786472875.1439755,17880,22,LR,8.220696016880692e-05
1786472892.4031723,17900,22,Loss/l_ce,0.1975715160369873
1786472892.4034622,17900,22,Loss/l_total,0.1975715160369873
1786472892.4034846,17900,22,LR,8.220696016880692e-05
1786472914.316417,17920,22,Loss/l_ce,0.3287668228149414
1786472914.3165739,17920,22,Loss/l_total,0.3287668228149414
1786472914.3165953,17920,22,LR,8.220696016880692e-05
1786472941.455475,17940,22,Loss/l_ce,0.18869304656982422
1786472941.4556308,17940,22,Loss/l_total,0.18869304656982422
1786472941.4556534,17940,22,LR,8.220696016880692e-05
1786472964.6369133,17960,22,Loss/l_ce,0.4622054100036621
1786472964.6371236,17960,22,Loss/l_total,0.4622054100036621
1786472964.6371508,17960,22,LR,8.220696016880692e-05
1786472982.8399825,17980,22,Loss/l_ce,0.21216082572937012
1786472982.8402333,17980,22,Loss/l_total,0.21216082572937012
1786472982.840257,17980,22,LR,8.220696016880692e-05
1786473011.594724,18000,22,Loss/l_ce,0.24096250534057617
1786473011.5948782,18000,22,Loss/l_total,0.24096250534057617
1786473011.5949018,18000,22,LR,8.220696016880692e-05
1786473032.2088356,18020,22,Loss/l_ce,0.24735546112060547
1786473032.209066,18020,22,Loss/l_total,0.24735546112060547
1786473032.2090907,18020,22,LR,8.220696016880692e-05
1786473059.468947,18040,22,Loss/l_ce,2.3035902976989746
1786473059.4691286,18040,22,Loss/l_total,2.3035902976989746
1786473059.4691513,18040,22,LR,8.220696016880692e-05
1786473080.7365837,18060,22,Loss/l_ce,0.10796356201171875
1786473080.7367668,18060,22,Loss/l_total,0.10796356201171875
1786473080.7367892,18060,22,LR,8.220696016880692e-05
1786473107.8733265,18080,22,Loss/l_ce,3.0873966217041016
1786473107.8735628,18080,22,Loss/l_total,3.0873966217041016
1786473107.8735902,18080,22,LR,8.220696016880692e-05
1786473131.7229493,18100,22,Loss/l_ce,0.13015007972717285
1786473131.7232924,18100,22,Loss/l_total,0.13015007972717285
1786473131.7233176,18100,22,LR,8.220696016880692e-05
1786473162.529514,18120,22,Loss/l_ce,0.3404824733734131
1786473162.5296683,18120,22,Loss/l_total,0.3404824733734131
1786473162.529692,18120,22,LR,8.220696016880692e-05
1786473188.5302787,18140,22,Loss/l_ce,0.14268255233764648
1786473188.5304306,18140,22,Loss/l_total,0.14268255233764648
1786473188.5304506,18140,22,LR,8.220696016880692e-05
1786473210.9589279,18160,22,Loss/l_ce,0.5618946552276611
1786473210.9591107,18160,22,Loss/l_total,0.5618946552276611
1786473210.9593258,18160,22,LR,8.220696016880692e-05
1786473232.3387737,18180,22,Loss/l_ce,0.10313177108764648
1786473232.338984,18180,22,Loss/l_total,0.10313177108764648
1786473232.3390064,18180,22,LR,8.220696016880692e-05
1786473250.8232968,18200,22,Loss/l_ce,0.13650274276733398
1786473250.8234594,18200,22,Loss/l_total,0.13650274276733398
1786473250.8234797,18200,22,LR,8.220696016880692e-05
1786473267.931599,18220,22,Loss/l_ce,0.23658204078674316
1786473267.9317758,18220,22,Loss/l_total,0.23658204078674316
1786473267.9318008,18220,22,LR,8.220696016880692e-05
1786473294.159903,18240,22,Loss/l_ce,0.10996294021606445
1786473294.1601226,18240,22,Loss/l_total,0.10996294021606445
1786473294.1601477,18240,22,LR,8.220696016880692e-05
1786473315.3408341,18260,22,Loss/l_ce,0.19757699966430664
1786473315.3409896,18260,22,Loss/l_total,0.19757699966430664
1786473315.3410122,18260,22,LR,8.220696016880692e-05
1786473324.3818214,18280,22,Loss/l_ce,2.0223565101623535
1786473324.3819804,18280,22,Loss/l_total,2.0223565101623535
1786473324.3820019,18280,22,LR,8.220696016880692e-05
1786473337.4176397,18300,22,Loss/l_ce,0.1966540813446045
1786473337.4178321,18300,22,Loss/l_total,0.1966540813446045
1786473337.4178548,18300,22,LR,8.220696016880692e-05
1786473360.128164,18320,22,Loss/l_ce,0.12197017669677734
1786473360.1283565,18320,22,Loss/l_total,0.12197017669677734
1786473360.1284633,18320,22,LR,8.220696016880692e-05
1786473374.5481758,18340,22,Loss/l_ce,0.1587693691253662
1786473374.548374,18340,22,Loss/l_total,0.1587693691253662
1786473374.5483992,18340,22,LR,8.220696016880692e-05
1786473392.8798034,18360,22,Loss/l_ce,0.47631072998046875
1786473392.8799887,18360,22,Loss/l_total,0.47631072998046875
1786473392.8800135,18360,22,LR,8.220696016880692e-05
1786473404.642956,18380,22,Loss/l_ce,0.19313383102416992
1786473404.6431482,18380,22,Loss/l_total,0.19313383102416992
1786473404.6431735,18380,22,LR,8.220696016880692e-05
1786473419.2520936,18400,22,Loss/l_ce,0.10788345336914062
1786473419.2522478,18400,22,Loss/l_total,0.10788345336914062
1786473419.2522717,18400,22,LR,8.220696016880692e-05
1786473431.7802439,18420,22,Loss/l_ce,0.14374446868896484
1786473431.7803888,18420,22,Loss/l_total,0.14374446868896484
1786473431.78041,18420,22,LR,8.220696016880692e-05
1786473439.1617289,18440,22,Loss/l_ce,0.0879063606262207
1786473439.161915,18440,22,Loss/l_total,0.0879063606262207
1786473439.1619377,18440,22,LR,8.220696016880692e-05
1786473462.6601431,18460,22,Loss/l_ce,0.30782580375671387
1786473462.6603081,18460,22,Loss/l_total,0.30782580375671387
1786473462.6603334,18460,22,LR,8.220696016880692e-05
1786473492.3820174,18480,22,Loss/l_ce,0.12493586540222168
1786473492.3822393,18480,22,Loss/l_total,0.12493586540222168
1786473492.3822644,18480,22,LR,8.220696016880692e-05
1786473533.779584,18500,22,Loss/l_ce,0.3877878189086914
1786473533.7798252,18500,22,Loss/l_total,0.3877878189086914
1786473533.7798488,18500,22,LR,8.220696016880692e-05
1786473563.405414,18520,22,Loss/l_ce,0.12279558181762695
1786473563.4055743,18520,22,Loss/l_total,0.12279558181762695
1786473563.4055955,18520,22,LR,8.220696016880692e-05
1786473593.5962636,18540,22,Loss/l_ce,0.1596214771270752
1786473593.5964763,18540,22,Loss/l_total,0.1596214771270752
1786473593.596499,18540,22,LR,8.220696016880692e-05
1786473607.4886503,18560,22,Loss/l_ce,0.12999677658081055
1786473607.4888213,18560,22,Loss/l_total,0.12999677658081055
1786473607.4888437,18560,22,LR,8.220696016880692e-05
1786473634.5766277,18580,22,Loss/l_ce,0.216400146484375
1786473634.5767856,18580,22,Loss/l_total,0.216400146484375
1786473634.5768082,18580,22,LR,8.220696016880692e-05
1786473668.2817879,18600,22,Loss/l_ce,0.1423933506011963
1786473668.281947,18600,22,Loss/l_total,0.1423933506011963
1786473668.2819684,18600,22,LR,8.220696016880692e-05
1786473688.4094543,18620,22,Loss/l_ce,0.11914682388305664
1786473688.4096146,18620,22,Loss/l_total,0.11914682388305664
1786473688.4096375,18620,22,LR,8.220696016880692e-05
1786473709.7947078,18640,22,Loss/l_ce,0.2117760181427002
1786473709.7948751,18640,22,Loss/l_total,0.2117760181427002
1786473709.7948964,18640,22,LR,8.220696016880692e-05
1786473728.4029121,18660,22,Loss/l_ce,0.11397695541381836
1786473728.4031188,18660,22,Loss/l_total,0.11397695541381836
1786473728.403139,18660,22,LR,8.220696016880692e-05
1786473883.9687936,18676,22,Val/avg_error,0.10242593288421631
1786473883.9691463,18676,22,Val/acc,0.426220703125
1786473883.9691713,18676,22,Val/sparse_auc,0.6049659189551767
1786473883.9691913,18676,22,Val/sparse_pck_max,0.1
1786473883.969208,18676,22,Val/sparse_pck_n,100.0
1786473895.5742908,18680,23,Loss/l_ce,0.3061063289642334
1786473895.5746326,18680,23,Loss/l_total,0.3061063289642334
1786473895.574661,18680,23,LR,8.068211054579948e-05
1786473920.5104787,18700,23,Loss/l_ce,0.24370622634887695
1786473920.5106854,18700,23,Loss/l_total,0.24370622634887695
1786473920.510707,18700,23,LR,8.068211054579948e-05
1786473953.3991306,18720,23,Loss/l_ce,0.06400442123413086
1786473953.3992875,18720,23,Loss/l_total,0.06400442123413086
1786473953.3993087,18720,23,LR,8.068211054579948e-05
1786473996.219687,18740,23,Loss/l_ce,0.12184381484985352
1786473996.2199078,18740,23,Loss/l_total,0.12184381484985352
1786473996.219929,18740,23,LR,8.068211054579948e-05
1786474025.8533008,18760,23,Loss/l_ce,0.13631415367126465
1786474025.8534467,18760,23,Loss/l_total,0.13631415367126465
1786474025.8534656,18760,23,LR,8.068211054579948e-05
1786474053.8402503,18780,23,Loss/l_ce,0.12957096099853516
1786474053.8404725,18780,23,Loss/l_total,0.12957096099853516
1786474053.84071,18780,23,LR,8.068211054579948e-05
1786474073.3766804,18800,23,Loss/l_ce,0.11619234085083008
1786474073.3768418,18800,23,Loss/l_total,0.11619234085083008
1786474073.3768632,18800,23,LR,8.068211054579948e-05
1786474095.2108848,18820,23,Loss/l_ce,0.13483047485351562
1786474095.2110832,18820,23,Loss/l_total,0.13483047485351562
1786474095.211107,18820,23,LR,8.068211054579948e-05
1786474114.8127985,18840,23,Loss/l_ce,0.09505748748779297
1786474114.812993,18840,23,Loss/l_total,0.09505748748779297
1786474114.813017,18840,23,LR,8.068211054579948e-05
1786474148.0507185,18860,23,Loss/l_ce,0.09373188018798828
1786474148.0509276,18860,23,Loss/l_total,0.09373188018798828
1786474148.0509536,18860,23,LR,8.068211054579948e-05
1786474177.9714274,18880,23,Loss/l_ce,0.5002040863037109
1786474177.9716375,18880,23,Loss/l_total,0.5002040863037109
1786474177.9716587,18880,23,LR,8.068211054579948e-05
1786474197.968101,18900,23,Loss/l_ce,0.1306443214416504
1786474197.968512,18900,23,Loss/l_total,0.1306443214416504
1786474197.9685392,18900,23,LR,8.068211054579948e-05
1786474213.2431836,18920,23,Loss/l_ce,0.1408405303955078
1786474213.2434497,18920,23,Loss/l_total,0.1408405303955078
1786474213.2434757,18920,23,LR,8.068211054579948e-05
1786474239.4195597,18940,23,Loss/l_ce,0.12717390060424805
1786474239.4198184,18940,23,Loss/l_total,0.12717390060424805
1786474239.4198437,18940,23,LR,8.068211054579948e-05
1786474267.283272,18960,23,Loss/l_ce,0.10866212844848633
1786474267.2834358,18960,23,Loss/l_total,0.10866212844848633
1786474267.2834594,18960,23,LR,8.068211054579948e-05
1786474313.7260191,18980,23,Loss/l_ce,0.1918010711669922
1786474313.726215,18980,23,Loss/l_total,0.1918010711669922
1786474313.7262378,18980,23,LR,8.068211054579948e-05
1786474347.4538972,19000,23,Loss/l_ce,0.0849151611328125
1786474347.4540837,19000,23,Loss/l_total,0.0849151611328125
1786474347.4541087,19000,23,LR,8.068211054579948e-05
1786474372.301853,19020,23,Loss/l_ce,0.3439607620239258
1786474372.3021154,19020,23,Loss/l_total,0.3439607620239258
1786474372.3021402,19020,23,LR,8.068211054579948e-05
1786474397.1418014,19040,23,Loss/l_ce,0.1713113784790039
1786474397.1421008,19040,23,Loss/l_total,0.1713113784790039
1786474397.1421256,19040,23,LR,8.068211054579948e-05
1786474414.0204232,19060,23,Loss/l_ce,0.1842937469482422
1786474414.020681,19060,23,Loss/l_total,0.1842937469482422
1786474414.0207021,19060,23,LR,8.068211054579948e-05
1786474438.2892113,19080,23,Loss/l_ce,0.1224367618560791
1786474438.2893956,19080,23,Loss/l_total,0.1224367618560791
1786474438.289417,19080,23,LR,8.068211054579948e-05
1786474456.556201,19100,23,Loss/l_ce,0.1282055377960205
1786474456.5564027,19100,23,Loss/l_total,0.1282055377960205
1786474456.5564346,19100,23,LR,8.068211054579948e-05
1786474482.0852227,19120,23,Loss/l_ce,0.22489047050476074
1786474482.085408,19120,23,Loss/l_total,0.22489047050476074
1786474482.0854282,19120,23,LR,8.068211054579948e-05
1786474499.032701,19140,23,Loss/l_ce,0.1591167449951172
1786474499.0329516,19140,23,Loss/l_total,0.1591167449951172
1786474499.0329754,19140,23,LR,8.068211054579948e-05
1786474529.3334665,19160,23,Loss/l_ce,0.2163395881652832
1786474529.3336306,19160,23,Loss/l_total,0.2163395881652832
1786474529.333652,19160,23,LR,8.068211054579948e-05
1786474555.959798,19180,23,Loss/l_ce,0.17897248268127441
1786474555.9599938,19180,23,Loss/l_total,0.17897248268127441
1786474555.960014,19180,23,LR,8.068211054579948e-05
1786474574.8359947,19200,23,Loss/l_ce,0.13953495025634766
1786474574.8362856,19200,23,Loss/l_total,0.13953495025634766
1786474574.8363142,19200,23,LR,8.068211054579948e-05
1786474606.5039816,19220,23,Loss/l_ce,0.11081695556640625
1786474606.504295,19220,23,Loss/l_total,0.11081695556640625
1786474606.5043163,19220,23,LR,8.068211054579948e-05
1786474644.7226899,19240,23,Loss/l_ce,0.11462879180908203
1786474644.7228582,19240,23,Loss/l_total,0.11462879180908203
1786474644.7228796,19240,23,LR,8.068211054579948e-05
1786474659.9751143,19260,23,Loss/l_ce,0.22999000549316406
1786474659.9753313,19260,23,Loss/l_total,0.22999000549316406
1786474659.9753587,19260,23,LR,8.068211054579948e-05
1786474680.073696,19280,23,Loss/l_ce,0.10311245918273926
1786474680.0741165,19280,23,Loss/l_total,0.10311245918273926
1786474680.0741448,19280,23,LR,8.068211054579948e-05
1786474697.2221797,19300,23,Loss/l_ce,0.1433122158050537
1786474697.2224622,19300,23,Loss/l_total,0.1433122158050537
1786474697.222487,19300,23,LR,8.068211054579948e-05
1786474717.4191208,19320,23,Loss/l_ce,0.12577319145202637
1786474717.4193153,19320,23,Loss/l_total,0.12577319145202637
1786474717.4193392,19320,23,LR,8.068211054579948e-05
1786474749.2444007,19340,23,Loss/l_ce,0.2689967155456543
1786474749.2446072,19340,23,Loss/l_total,0.2689967155456543
1786474749.244631,19340,23,LR,8.068211054579948e-05
1786474775.6520784,19360,23,Loss/l_ce,0.09759998321533203
1786474775.6522555,19360,23,Loss/l_total,0.09759998321533203
1786474775.6522791,19360,23,LR,8.068211054579948e-05
1786474787.4616957,19380,23,Loss/l_ce,0.17792797088623047
1786474787.461887,19380,23,Loss/l_total,0.17792797088623047
1786474787.461913,19380,23,LR,8.068211054579948e-05
1786474805.5999613,19400,23,Loss/l_ce,0.38158154487609863
1786474805.6001465,19400,23,Loss/l_total,0.38158154487609863
1786474805.6001692,19400,23,LR,8.068211054579948e-05
1786474825.6527662,19420,23,Loss/l_ce,0.16706442832946777
1786474825.6529398,19420,23,Loss/l_total,0.16706442832946777
1786474825.6529622,19420,23,LR,8.068211054579948e-05
1786474850.3715565,19440,23,Loss/l_ce,0.2643413543701172
1786474850.371737,19440,23,Loss/l_total,0.2643413543701172
1786474850.3717597,19440,23,LR,8.068211054579948e-05
1786474865.181455,19460,23,Loss/l_ce,0.11527442932128906
1786474865.1816282,19460,23,Loss/l_total,0.11527442932128906
1786474865.1816506,19460,23,LR,8.068211054579948e-05
1786474888.291975,19480,23,Loss/l_ce,0.1477959156036377
1786474888.2921576,19480,23,Loss/l_total,0.1477959156036377
1786474888.2921827,19480,23,LR,8.068211054579948e-05
1786475119.8771005,19488,23,Val/avg_error,0.10263712704181671
1786475119.8775897,19488,23,Val/acc,0.4412109375
1786475119.877618,19488,23,Val/sparse_auc,0.613702454229798
1786475119.877642,19488,23,Val/sparse_pck_max,0.1
1786475119.8791034,19488,23,Val/sparse_pck_n,100.0
1786475169.6541953,19500,24,Loss/l_ce,0.07437276840209961
1786475169.6545196,19500,24,Loss/l_total,0.07437276840209961
1786475169.6545467,19500,24,LR,7.911220577405488e-05
1786475194.0010731,19520,24,Loss/l_ce,1.764986515045166
1786475194.001269,19520,24,Loss/l_total,1.764986515045166
1786475194.0012915,19520,24,LR,7.911220577405488e-05
1786475206.0146163,19540,24,Loss/l_ce,0.18459534645080566
1786475206.014785,19540,24,Loss/l_total,0.18459534645080566
1786475206.014811,19540,24,LR,7.911220577405488e-05
1786475223.9545367,19560,24,Loss/l_ce,0.13882970809936523
1786475223.954691,19560,24,Loss/l_total,0.13882970809936523
1786475223.9547136,19560,24,LR,7.911220577405488e-05
1786475240.8137035,19580,24,Loss/l_ce,0.11756086349487305
1786475240.8138673,19580,24,Loss/l_total,0.11756086349487305
1786475240.8138912,19580,24,LR,7.911220577405488e-05
1786475256.0552866,19600,24,Loss/l_ce,0.4550507068634033
1786475256.055435,19600,24,Loss/l_total,0.4550507068634033
1786475256.0554588,19600,24,LR,7.911220577405488e-05
1786475271.0411096,19620,24,Loss/l_ce,0.15843868255615234
1786475271.0412674,19620,24,Loss/l_total,0.15843868255615234
1786475271.0412912,19620,24,LR,7.911220577405488e-05
1786475285.0830197,19640,24,Loss/l_ce,0.0776207447052002
1786475285.0832016,19640,24,Loss/l_total,0.0776207447052002
1786475285.0832276,19640,24,LR,7.911220577405488e-05
1786475297.4885824,19660,24,Loss/l_ce,0.11643075942993164
1786475297.4887223,19660,24,Loss/l_total,0.11643075942993164
1786475297.4887521,19660,24,LR,7.911220577405488e-05
1786475313.8392112,19680,24,Loss/l_ce,0.8446650505065918
1786475313.8393667,19680,24,Loss/l_total,0.8446650505065918
1786475313.839389,19680,24,LR,7.911220577405488e-05
1786475327.8582757,19700,24,Loss/l_ce,0.14179658889770508
1786475327.8584394,19700,24,Loss/l_total,0.14179658889770508
1786475327.858463,19700,24,LR,7.911220577405488e-05
1786475349.5345411,19720,24,Loss/l_ce,0.13657402992248535
1786475349.5347228,19720,24,Loss/l_total,0.13657402992248535
1786475349.5347455,19720,24,LR,7.911220577405488e-05
1786475375.1747842,19740,24,Loss/l_ce,0.23409557342529297
1786475375.1749623,19740,24,Loss/l_total,0.23409557342529297
1786475375.174986,19740,24,LR,7.911220577405488e-05
1786475400.0782516,19760,24,Loss/l_ce,0.12130975723266602
1786475400.0784023,19760,24,Loss/l_total,0.12130975723266602
1786475400.078425,19760,24,LR,7.911220577405488e-05
1786475426.4250014,19780,24,Loss/l_ce,0.2312307357788086
1786475426.4253602,19780,24,Loss/l_total,0.2312307357788086
1786475426.4253836,19780,24,LR,7.911220577405488e-05
1786475451.8377967,19800,24,Loss/l_ce,0.1931171417236328
1786475451.8381658,19800,24,Loss/l_total,0.1931171417236328
1786475451.8381944,19800,24,LR,7.911220577405488e-05
1786475476.302534,19820,24,Loss/l_ce,0.482555627822876
1786475476.3028002,19820,24,Loss/l_total,0.482555627822876
1786475476.3028226,19820,24,LR,7.911220577405488e-05
1786475494.858785,19840,24,Loss/l_ce,0.18336224555969238
1786475494.8589597,19840,24,Loss/l_total,0.18336224555969238
1786475494.8589835,19840,24,LR,7.911220577405488e-05
1786475514.7316756,19860,24,Loss/l_ce,0.09298133850097656
1786475514.7319107,19860,24,Loss/l_total,0.09298133850097656
1786475514.7319355,19860,24,LR,7.911220577405488e-05
1786475531.699213,19880,24,Loss/l_ce,0.4412813186645508
1786475531.699429,19880,24,Loss/l_total,0.4412813186645508
1786475531.6994529,19880,24,LR,7.911220577405488e-05
1786475556.0951838,19900,24,Loss/l_ce,0.09631085395812988
1786475556.0954082,19900,24,Loss/l_total,0.09631085395812988
1786475556.0954368,19900,24,LR,7.911220577405488e-05
1786475571.8038452,19920,24,Loss/l_ce,0.7098114490509033
1786475571.8041143,19920,24,Loss/l_total,0.7098114490509033
1786475571.8043542,19920,24,LR,7.911220577405488e-05
1786475593.429418,19940,24,Loss/l_ce,0.14897990226745605
1786475593.4296186,19940,24,Loss/l_total,0.14897990226745605
1786475593.4296424,19940,24,LR,7.911220577405488e-05
1786475613.3024926,19960,24,Loss/l_ce,0.13942766189575195
1786475613.3026648,19960,24,Loss/l_total,0.13942766189575195
1786475613.3026898,19960,24,LR,7.911220577405488e-05
1786475640.3808055,19980,24,Loss/l_ce,0.548140287399292
1786475640.3810048,19980,24,Loss/l_total,0.548140287399292
1786475640.3810272,19980,24,LR,7.911220577405488e-05
1786475664.421762,20000,24,Loss/l_ce,0.10365772247314453
1786475664.4219415,20000,24,Loss/l_total,0.10365772247314453
1786475664.421964,20000,24,LR,7.911220577405488e-05
1786475687.4173598,20020,24,Loss/l_ce,0.09311676025390625
1786475687.4175305,20020,24,Loss/l_total,0.09311676025390625
1786475687.4175544,20020,24,LR,7.911220577405488e-05
1786475709.4655774,20040,24,Loss/l_ce,0.2611846923828125
1786475709.4657521,20040,24,Loss/l_total,0.2611846923828125
1786475709.4657724,20040,24,LR,7.911220577405488e-05
1786475757.4929733,20060,24,Loss/l_ce,0.10990190505981445
1786475757.493212,20060,24,Loss/l_total,0.10990190505981445
1786475757.4932358,20060,24,LR,7.911220577405488e-05
1786475834.867086,20080,24,Loss/l_ce,0.2289578914642334
1786475834.8672888,20080,24,Loss/l_total,0.2289578914642334
1786475834.8673172,20080,24,LR,7.911220577405488e-05
1786475909.5428934,20100,24,Loss/l_ce,0.1383371353149414
1786475909.5431807,20100,24,Loss/l_total,0.1383371353149414
1786475909.5432186,20100,24,LR,7.911220577405488e-05
1786475976.0391695,20120,24,Loss/l_ce,0.10452675819396973
1786475976.0393465,20120,24,Loss/l_total,0.10452675819396973
1786475976.0393667,20120,24,LR,7.911220577405488e-05
1786475997.8713624,20140,24,Loss/l_ce,0.12523937225341797
1786475997.8716118,20140,24,Loss/l_total,0.12523937225341797
1786475997.8716311,20140,24,LR,7.911220577405488e-05
1786476019.678005,20160,24,Loss/l_ce,0.10406923294067383
1786476019.6782768,20160,24,Loss/l_total,0.10406923294067383
1786476019.6783042,20160,24,LR,7.911220577405488e-05
1786476036.020025,20180,24,Loss/l_ce,0.12120747566223145
1786476036.020215,20180,24,Loss/l_total,0.12120747566223145
1786476036.0202389,20180,24,LR,7.911220577405488e-05
1786476055.8916967,20200,24,Loss/l_ce,0.15195322036743164
1786476055.892301,20200,24,Loss/l_total,0.15195322036743164
1786476055.8923342,20200,24,LR,7.911220577405488e-05
1786476074.8673449,20220,24,Loss/l_ce,0.9771277904510498
1786476074.867561,20220,24,Loss/l_total,0.9771277904510498
1786476074.8675847,20220,24,LR,7.911220577405488e-05
1786476097.6797688,20240,24,Loss/l_ce,0.2653777599334717
1786476097.6799767,20240,24,Loss/l_total,0.2653777599334717
1786476097.679999,20240,24,LR,7.911220577405488e-05
1786476122.6785605,20260,24,Loss/l_ce,0.13081002235412598
1786476122.6788087,20260,24,Loss/l_total,0.13081002235412598
1786476122.6788335,20260,24,LR,7.911220577405488e-05
1786476144.0092971,20280,24,Loss/l_ce,0.17067551612854004
1786476144.0095274,20280,24,Loss/l_total,0.17067551612854004
1786476144.009556,20280,24,LR,7.911220577405488e-05
1786476161.9138827,20300,24,Loss/l_ce,0.13622760772705078
1786476161.9141014,20300,24,Loss/l_total,0.13622760772705078
1786476161.9141247,20300,24,LR,7.911220577405488e-05
1786476303.6564226,20300,24,Val/avg_error,0.1428547203540802
1786476303.6570258,20300,24,Val/acc,0.381591796875
1786476303.6570852,20300,24,Val/sparse_auc,0.547262665719697
1786476303.6571066,20300,24,Val/sparse_pck_max,0.1
1786476303.6571243,20300,24,Val/sparse_pck_n,100.0
1786476328.1718926,20320,25,Loss/l_ce,0.10154414176940918
1786476328.1720817,20320,25,Loss/l_total,0.10154414176940918
1786476328.1721125,20320,25,LR,7.750000000000004e-05
1786476347.1448123,20340,25,Loss/l_ce,0.11868548393249512
1786476347.1450973,20340,25,Loss/l_total,0.11868548393249512
1786476347.1451232,20340,25,LR,7.750000000000004e-05
1786476368.1417582,20360,25,Loss/l_ce,0.11772871017456055
1786476368.1419303,20360,25,Loss/l_total,0.11772871017456055
1786476368.141954,20360,25,LR,7.750000000000004e-05
1786476383.959661,20380,25,Loss/l_ce,0.23021817207336426
1786476383.9598238,20380,25,Loss/l_total,0.23021817207336426
1786476383.9598486,20380,25,LR,7.750000000000004e-05
1786476405.0778348,20400,25,Loss/l_ce,0.13079428672790527
1786476405.07799,20400,25,Loss/l_total,0.13079428672790527
1786476405.078014,20400,25,LR,7.750000000000004e-05
1786476422.9918933,20420,25,Loss/l_ce,0.17003655433654785
1786476422.9921012,20420,25,Loss/l_total,0.17003655433654785
1786476422.9921272,20420,25,LR,7.750000000000004e-05
1786476436.3062708,20440,25,Loss/l_ce,0.10267138481140137
1786476436.306451,20440,25,Loss/l_total,0.10267138481140137
1786476436.3064737,20440,25,LR,7.750000000000004e-05
1786476458.6567001,20460,25,Loss/l_ce,0.08884692192077637
1786476458.656876,20460,25,Loss/l_total,0.08884692192077637
1786476458.6568985,20460,25,LR,7.750000000000004e-05
1786476487.166197,20480,25,Loss/l_ce,0.10465764999389648
1786476487.1663609,20480,25,Loss/l_total,0.10465764999389648
1786476487.1663823,20480,25,LR,7.750000000000004e-05
1786476510.329691,20500,25,Loss/l_ce,0.2035074234008789
1786476510.329907,20500,25,Loss/l_total,0.2035074234008789
1786476510.3299332,20500,25,LR,7.750000000000004e-05
1786476538.7810624,20520,25,Loss/l_ce,0.15532898902893066
1786476538.7812748,20520,25,Loss/l_total,0.15532898902893066
1786476538.7813249,20520,25,LR,7.750000000000004e-05
1786476560.7592435,20540,25,Loss/l_ce,0.15365862846374512
1786476560.759432,20540,25,Loss/l_total,0.15365862846374512
1786476560.759456,20540,25,LR,7.750000000000004e-05
1786476588.7877438,20560,25,Loss/l_ce,0.17022204399108887
1786476588.7879121,20560,25,Loss/l_total,0.17022204399108887
1786476588.7879372,20560,25,LR,7.750000000000004e-05
1786476607.8813493,20580,25,Loss/l_ce,0.13315105438232422
1786476607.8815808,20580,25,Loss/l_total,0.13315105438232422
1786476607.8816047,20580,25,LR,7.750000000000004e-05
1786476638.2373264,20600,25,Loss/l_ce,0.16497206687927246
1786476638.2375364,20600,25,Loss/l_total,0.16497206687927246
1786476638.2375612,20600,25,LR,7.750000000000004e-05
1786476665.3794405,20620,25,Loss/l_ce,0.7743387222290039
1786476665.379666,20620,25,Loss/l_total,0.7743387222290039
1786476665.379696,20620,25,LR,7.750000000000004e-05
1786476693.032077,20640,25,Loss/l_ce,0.16968011856079102
1786476693.032254,20640,25,Loss/l_total,0.16968011856079102
1786476693.0322742,20640,25,LR,7.750000000000004e-05
1786476716.1660058,20660,25,Loss/l_ce,0.2275691032409668
1786476716.1661947,20660,25,Loss/l_total,0.2275691032409668
1786476716.1662195,20660,25,LR,7.750000000000004e-05
1786476739.9122152,20680,25,Loss/l_ce,0.4552645683288574
1786476739.9124053,20680,25,Loss/l_total,0.4552645683288574
1786476739.9124265,20680,25,LR,7.750000000000004e-05
1786476761.8790932,20700,25,Loss/l_ce,0.09721922874450684
1786476761.8792593,20700,25,Loss/l_total,0.09721922874450684
1786476761.8792784,20700,25,LR,7.750000000000004e-05
1786476783.9518778,20720,25,Loss/l_ce,0.16979503631591797
1786476783.9521997,20720,25,Loss/l_total,0.16979503631591797
1786476783.952227,20720,25,LR,7.750000000000004e-05
1786476811.6037176,20740,25,Loss/l_ce,0.11835145950317383
1786476811.6038778,20740,25,Loss/l_total,0.11835145950317383
1786476811.6038995,20740,25,LR,7.750000000000004e-05
1786476835.9581861,20760,25,Loss/l_ce,0.1481785774230957
1786476835.958381,20760,25,Loss/l_total,0.1481785774230957
1786476835.9584,20760,25,LR,7.750000000000004e-05
1786476859.699257,20780,25,Loss/l_ce,0.23152637481689453
1786476859.6994565,20780,25,Loss/l_total,0.23152637481689453
1786476859.69948,20780,25,LR,7.750000000000004e-05
1786476884.9897428,20800,25,Loss/l_ce,0.08879303932189941
1786476884.9898982,20800,25,Loss/l_total,0.08879303932189941
1786476884.9899173,20800,25,LR,7.750000000000004e-05
1786476904.528942,20820,25,Loss/l_ce,0.08907127380371094
1786476904.529126,20820,25,Loss/l_total,0.08907127380371094
1786476904.5291498,20820,25,LR,7.750000000000004e-05
1786476942.9069078,20840,25,Loss/l_ce,0.18242669105529785
1786476942.9071772,20840,25,Loss/l_total,0.18242669105529785
1786476942.9074562,20840,25,LR,7.750000000000004e-05
1786476963.9062812,20860,25,Loss/l_ce,0.4097785949707031
1786476963.9064572,20860,25,Loss/l_total,0.4097785949707031
1786476963.9064796,20860,25,LR,7.750000000000004e-05
1786476989.5093668,20880,25,Loss/l_ce,0.11412477493286133
1786476989.5095391,20880,25,Loss/l_total,0.11412477493286133
1786476989.509564,20880,25,LR,7.750000000000004e-05
1786477012.0974228,20900,25,Loss/l_ce,0.5995068550109863
1786477012.0976236,20900,25,Loss/l_total,0.5995068550109863
1786477012.0976448,20900,25,LR,7.750000000000004e-05
1786477033.5722516,20920,25,Loss/l_ce,0.13118648529052734
1786477033.5724723,20920,25,Loss/l_total,0.13118648529052734
1786477033.5724952,20920,25,LR,7.750000000000004e-05
1786477062.2155812,20940,25,Loss/l_ce,0.15127038955688477
1786477062.2157261,20940,25,Loss/l_total,0.15127038955688477
1786477062.2157485,20940,25,LR,7.750000000000004e-05
1786477088.657055,20960,25,Loss/l_ce,0.15189123153686523
1786477088.6572402,20960,25,Loss/l_total,0.15189123153686523
1786477088.6572688,20960,25,LR,7.750000000000004e-05
1786477110.3376079,20980,25,Loss/l_ce,0.14239263534545898
1786477110.337761,20980,25,Loss/l_total,0.14239263534545898
1786477110.3377848,20980,25,LR,7.750000000000004e-05
1786477129.0978477,21000,25,Loss/l_ce,0.24518060684204102
1786477129.0980518,21000,25,Loss/l_total,0.24518060684204102
1786477129.0980756,21000,25,LR,7.750000000000004e-05
1786477169.8458369,21020,25,Loss/l_ce,0.45037078857421875
1786477169.8461134,21020,25,Loss/l_total,0.45037078857421875
1786477169.8461385,21020,25,LR,7.750000000000004e-05
1786477243.8729603,21040,25,Loss/l_ce,0.18458914756774902
1786477243.8732417,21040,25,Loss/l_total,0.18458914756774902
1786477243.8732643,21040,25,LR,7.750000000000004e-05
1786477301.1677713,21060,25,Loss/l_ce,0.6318249702453613
1786477301.167927,21060,25,Loss/l_total,0.6318249702453613
1786477301.1679482,21060,25,LR,7.750000000000004e-05
1786477351.5357609,21080,25,Loss/l_ce,1.181581735610962
1786477351.5359554,21080,25,Loss/l_total,1.181581735610962
1786477351.5359838,21080,25,LR,7.750000000000004e-05
1786477396.0303452,21100,25,Loss/l_ce,0.1993427276611328
1786477396.0305364,21100,25,Loss/l_total,0.1993427276611328
1786477396.0305662,21100,25,LR,7.750000000000004e-05
1786477623.189594,21112,25,Val/avg_error,0.10359330475330353
1786477623.1899421,21112,25,Val/acc,0.427490234375
1786477623.1899657,21112,25,Val/sparse_auc,0.6034233940972222
1786477623.1899838,21112,25,Val/sparse_pck_max,0.1
1786477623.1900003,21112,25,Val/sparse_pck_n,100.0
1786477653.3066034,21120,26,Loss/l_ce,0.20983672142028809
1786477653.3068006,21120,26,Loss/l_total,0.20983672142028809
1786477653.306829,21120,26,LR,7.584832158039382e-05
1786477719.6902242,21140,26,Loss/l_ce,0.13002324104309082
1786477719.6904664,21140,26,Loss/l_total,0.13002324104309082
1786477719.6904912,21140,26,LR,7.584832158039382e-05
1786477784.6993783,21160,26,Loss/l_ce,2.7976317405700684
1786477784.699889,21160,26,Loss/l_total,2.7976317405700684
1786477784.6999304,21160,26,LR,7.584832158039382e-05
1786477855.068272,21180,26,Loss/l_ce,2.113786220550537
1786477855.0685093,21180,26,Loss/l_total,2.113786220550537
1786477855.068532,21180,26,LR,7.584832158039382e-05
1786477915.154927,21200,26,Loss/l_ce,0.20775628089904785
1786477915.1551597,21200,26,Loss/l_total,0.20775628089904785
1786477915.155192,21200,26,LR,7.584832158039382e-05
1786477971.65297,21220,26,Loss/l_ce,0.1382601261138916
1786477971.6532276,21220,26,Loss/l_total,0.1382601261138916
1786477971.6532571,21220,26,LR,7.584832158039382e-05
1786478042.09959,21240,26,Loss/l_ce,0.21420788764953613
1786478042.09988,21240,26,Loss/l_total,0.21420788764953613
1786478042.0999084,21240,26,LR,7.584832158039382e-05
1786478076.4183073,21260,26,Loss/l_ce,0.16927599906921387
1786478076.4184666,21260,26,Loss/l_total,0.16927599906921387
1786478076.4184868,21260,26,LR,7.584832158039382e-05
1786478097.2660983,21280,26,Loss/l_ce,0.19112348556518555
1786478097.2663584,21280,26,Loss/l_total,0.19112348556518555
1786478097.2663796,21280,26,LR,7.584832158039382e-05
1786478118.3468874,21300,26,Loss/l_ce,0.12318110466003418
1786478118.3471,21300,26,Loss/l_total,0.12318110466003418
1786478118.3472412,21300,26,LR,7.584832158039382e-05
1786478141.583384,21320,26,Loss/l_ce,0.10547709465026855
1786478141.5835407,21320,26,Loss/l_total,0.10547709465026855
1786478141.5835598,21320,26,LR,7.584832158039382e-05
1786478167.9392114,21340,26,Loss/l_ce,0.13669538497924805
1786478167.9394178,21340,26,Loss/l_total,0.13669538497924805
1786478167.9394429,21340,26,LR,7.584832158039382e-05
1786478187.8167632,21360,26,Loss/l_ce,0.1522960662841797
1786478187.816907,21360,26,Loss/l_total,0.1522960662841797
1786478187.8169246,21360,26,LR,7.584832158039382e-05
1786478202.3407784,21380,26,Loss/l_ce,0.1781468391418457
1786478202.3409338,21380,26,Loss/l_total,0.1781468391418457
1786478202.3409574,21380,26,LR,7.584832158039382e-05
1786478223.0780292,21400,26,Loss/l_ce,0.6934120655059814
1786478223.0782118,21400,26,Loss/l_total,0.6934120655059814
1786478223.0782344,21400,26,LR,7.584832158039382e-05
1786478253.878654,21420,26,Loss/l_ce,0.0847618579864502
1786478253.8788903,21420,26,Loss/l_total,0.0847618579864502
1786478253.8789163,21420,26,LR,7.584832158039382e-05
1786478275.4714491,21440,26,Loss/l_ce,0.1461343765258789
1786478275.4716804,21440,26,Loss/l_total,0.1461343765258789
1786478275.4717057,21440,26,LR,7.584832158039382e-05
1786478302.6923976,21460,26,Loss/l_ce,0.18762898445129395
1786478302.6925843,21460,26,Loss/l_total,0.18762898445129395
1786478302.6926067,21460,26,LR,7.584832158039382e-05
1786478330.944853,21480,26,Loss/l_ce,0.14994573593139648
1786478330.9450786,21480,26,Loss/l_total,0.14994573593139648
1786478330.9451,21480,26,LR,7.584832158039382e-05
1786478352.115802,21500,26,Loss/l_ce,0.24894237518310547
1786478352.1159754,21500,26,Loss/l_total,0.24894237518310547
1786478352.116004,21500,26,LR,7.584832158039382e-05
1786478372.0574253,21520,26,Loss/l_ce,0.2704296112060547
1786478372.0576057,21520,26,Loss/l_total,0.2704296112060547
1786478372.057627,21520,26,LR,7.584832158039382e-05
1786478393.7829056,21540,26,Loss/l_ce,0.1335606575012207
1786478393.7830968,21540,26,Loss/l_total,0.1335606575012207
1786478393.7831218,21540,26,LR,7.584832158039382e-05
1786478405.2627494,21560,26,Loss/l_ce,0.14649581909179688
1786478405.2629514,21560,26,Loss/l_total,0.14649581909179688
1786478405.2629716,21560,26,LR,7.584832158039382e-05
1786478425.6340134,21580,26,Loss/l_ce,0.231187105178833
1786478425.6341984,21580,26,Loss/l_total,0.231187105178833
1786478425.6342235,21580,26,LR,7.584832158039382e-05
1786478442.5167515,21600,26,Loss/l_ce,1.4664287567138672
1786478442.516977,21600,26,Loss/l_total,1.4664287567138672
1786478442.517001,21600,26,LR,7.584832158039382e-05
1786478468.783239,21620,26,Loss/l_ce,0.0986475944519043
1786478468.783405,21620,26,Loss/l_total,0.0986475944519043
1786478468.783436,21620,26,LR,7.584832158039382e-05
1786478497.396288,21640,26,Loss/l_ce,0.07395696640014648
1786478497.3964624,21640,26,Loss/l_total,0.07395696640014648
1786478497.396486,21640,26,LR,7.584832158039382e-05
1786478514.8594122,21660,26,Loss/l_ce,0.1589951515197754
1786478514.8595738,21660,26,Loss/l_total,0.1589951515197754
1786478514.8595936,21660,26,LR,7.584832158039382e-05
1786478530.8784614,21680,26,Loss/l_ce,0.07970952987670898
1786478530.878649,21680,26,Loss/l_total,0.07970952987670898
1786478530.8786693,21680,26,LR,7.584832158039382e-05
1786478554.6989493,21700,26,Loss/l_ce,0.17605161666870117
1786478554.699304,21700,26,Loss/l_total,0.17605161666870117
1786478554.6993303,21700,26,LR,7.584832158039382e-05
1786478581.1708643,21720,26,Loss/l_ce,0.16703438758850098
1786478581.1711078,21720,26,Loss/l_total,0.16703438758850098
1786478581.1711314,21720,26,LR,7.584832158039382e-05
1786478613.3616312,21740,26,Loss/l_ce,0.40754103660583496
1786478613.3617926,21740,26,Loss/l_total,0.40754103660583496
1786478613.3618128,21740,26,LR,7.584832158039382e-05
1786478640.3267858,21760,26,Loss/l_ce,0.1966402530670166
1786478640.3269472,21760,26,Loss/l_total,0.1966402530670166
1786478640.3269663,21760,26,LR,7.584832158039382e-05
1786478655.4278977,21780,26,Loss/l_ce,0.15789151191711426
1786478655.4280827,21780,26,Loss/l_total,0.15789151191711426
1786478655.4281077,21780,26,LR,7.584832158039382e-05
1786478680.0042999,21800,26,Loss/l_ce,0.2886362075805664
1786478680.0044506,21800,26,Loss/l_total,0.2886362075805664
1786478680.004473,21800,26,LR,7.584832158039382e-05
1786478698.3732536,21820,26,Loss/l_ce,0.1642758846282959
1786478698.3734188,21820,26,Loss/l_total,0.1642758846282959
1786478698.3734426,21820,26,LR,7.584832158039382e-05
1786478724.7734423,21840,26,Loss/l_ce,0.12455272674560547
1786478724.7736323,21840,26,Loss/l_total,0.12455272674560547
1786478724.7736526,21840,26,LR,7.584832158039382e-05
1786478745.5680664,21860,26,Loss/l_ce,0.19147992134094238
1786478745.568249,21860,26,Loss/l_total,0.19147992134094238
1786478745.5683963,21860,26,LR,7.584832158039382e-05
1786478765.218517,21880,26,Loss/l_ce,0.11452722549438477
1786478765.2187104,21880,26,Loss/l_total,0.11452722549438477
1786478765.218943,21880,26,LR,7.584832158039382e-05
1786478784.1129646,21900,26,Loss/l_ce,0.37961506843566895
1786478784.1131606,21900,26,Loss/l_total,0.37961506843566895
1786478784.1131833,21900,26,LR,7.584832158039382e-05
1786478797.4693065,21920,26,Loss/l_ce,0.1803579330444336
1786478797.469525,21920,26,Loss/l_total,0.1803579330444336
1786478797.46955,21920,26,LR,7.584832158039382e-05
1786478930.115465,21924,26,Val/avg_error,0.11382012069225311
1786478930.1157205,21924,26,Val/acc,0.428271484375
1786478930.115743,21924,26,Val/sparse_auc,0.5958935053661614
1786478930.1157584,21924,26,Val/sparse_pck_max,0.1
1786478930.1157975,21924,26,Val/sparse_pck_n,100.0
1786478950.0283163,21940,27,Loss/l_ce,0.14546704292297363
1786478950.0284991,21940,27,Loss/l_total,0.14546704292297363
1786478950.0285227,21940,27,LR,7.41600681204283e-05
1786478974.0747843,21960,27,Loss/l_ce,0.09592127799987793
1786478974.0750215,21960,27,Loss/l_total,0.09592127799987793
1786478974.0750716,21960,27,LR,7.41600681204283e-05
1786478998.8195927,21980,27,Loss/l_ce,0.13030314445495605
1786478998.8198218,21980,27,Loss/l_total,0.13030314445495605
1786478998.8198457,21980,27,LR,7.41600681204283e-05
1786479031.9769084,22000,27,Loss/l_ce,0.09375667572021484
1786479031.9771984,22000,27,Loss/l_total,0.09375667572021484
1786479031.977349,22000,27,LR,7.41600681204283e-05
1786479056.0007594,22020,27,Loss/l_ce,0.13282465934753418
1786479056.0009294,22020,27,Loss/l_total,0.13282465934753418
1786479056.0009553,22020,27,LR,7.41600681204283e-05
1786479081.63725,22040,27,Loss/l_ce,0.31641697883605957
1786479081.6374578,22040,27,Loss/l_total,0.31641697883605957
1786479081.6374805,22040,27,LR,7.41600681204283e-05
1786479114.5063815,22060,27,Loss/l_ce,0.09741950035095215
1786479114.506599,22060,27,Loss/l_total,0.09741950035095215
1786479114.5066214,22060,27,LR,7.41600681204283e-05
1786479133.8277247,22080,27,Loss/l_ce,0.10570359230041504
1786479133.8279526,22080,27,Loss/l_total,0.10570359230041504
1786479133.8281415,22080,27,LR,7.41600681204283e-05
1786479161.8702853,22100,27,Loss/l_ce,0.15746331214904785
1786479161.8705525,22100,27,Loss/l_total,0.15746331214904785
1786479161.8705752,22100,27,LR,7.41600681204283e-05
1786479183.304968,22120,27,Loss/l_ce,0.1015162467956543
1786479183.3051937,22120,27,Loss/l_total,0.1015162467956543
1786479183.3052175,22120,27,LR,7.41600681204283e-05
1786479201.211564,22140,27,Loss/l_ce,0.17475414276123047
1786479201.2118134,22140,27,Loss/l_total,0.17475414276123047
1786479201.2118382,22140,27,LR,7.41600681204283e-05
1786479225.1474538,22160,27,Loss/l_ce,0.12715744972229004
1786479225.147683,22160,27,Loss/l_total,0.12715744972229004
1786479225.1477053,22160,27,LR,7.41600681204283e-05
1786479245.8376453,22180,27,Loss/l_ce,0.13273000717163086
1786479245.8379114,22180,27,Loss/l_total,0.13273000717163086
1786479245.8379362,22180,27,LR,7.41600681204283e-05
1786479265.0808012,22200,27,Loss/l_ce,0.13453269004821777
1786479265.0811992,22200,27,Loss/l_total,0.13453269004821777
1786479265.081231,22200,27,LR,7.41600681204283e-05
1786479297.8073878,22220,27,Loss/l_ce,0.19093084335327148
1786479297.8076098,22220,27,Loss/l_total,0.19093084335327148
1786479297.80763,22220,27,LR,7.41600681204283e-05
1786479322.5223033,22240,27,Loss/l_ce,0.14768719673156738
1786479322.5224574,22240,27,Loss/l_total,0.14768719673156738
1786479322.5224776,22240,27,LR,7.41600681204283e-05
1786479347.6947575,22260,27,Loss/l_ce,0.4053668975830078
1786479347.6949403,22260,27,Loss/l_total,0.4053668975830078
1786479347.6949594,22260,27,LR,7.41600681204283e-05
1786479373.0159528,22280,27,Loss/l_ce,0.10457491874694824
1786479373.016164,22280,27,Loss/l_total,0.10457491874694824
1786479373.0162735,22280,27,LR,7.41600681204283e-05
1786479403.0979116,22300,27,Loss/l_ce,0.16193556785583496
1786479403.0981123,22300,27,Loss/l_total,0.16193556785583496
1786479403.0981321,22300,27,LR,7.41600681204283e-05
1786479430.132604,22320,27,Loss/l_ce,0.20223212242126465
1786479430.132769,22320,27,Loss/l_total,0.20223212242126465
1786479430.1327891,22320,27,LR,7.41600681204283e-05
1786479460.779069,22340,27,Loss/l_ce,0.17787623405456543
1786479460.7792351,22340,27,Loss/l_total,0.17787623405456543
1786479460.7792575,22340,27,LR,7.41600681204283e-05
1786479484.3319268,22360,27,Loss/l_ce,0.34636902809143066
1786479484.3321583,22360,27,Loss/l_total,0.34636902809143066
1786479484.3321798,22360,27,LR,7.41600681204283e-05
1786479507.8747616,22380,27,Loss/l_ce,0.08354067802429199
1786479507.874942,22380,27,Loss/l_total,0.08354067802429199
1786479507.8749657,22380,27,LR,7.41600681204283e-05
1786479528.0548606,22400,27,Loss/l_ce,0.16263580322265625
1786479528.0551076,22400,27,Loss/l_total,0.16263580322265625
1786479528.0551324,22400,27,LR,7.41600681204283e-05
1786479556.6633885,22420,27,Loss/l_ce,0.1363816261291504
1786479556.6635666,22420,27,Loss/l_total,0.1363816261291504
1786479556.6635904,22420,27,LR,7.41600681204283e-05
1786479576.134453,22440,27,Loss/l_ce,0.10976290702819824
1786479576.134638,22440,27,Loss/l_total,0.10976290702819824
1786479576.1346595,22440,27,LR,7.41600681204283e-05
1786479597.0471783,22460,27,Loss/l_ce,0.10663533210754395
1786479597.0473692,22460,27,Loss/l_total,0.10663533210754395
1786479597.047393,22460,27,LR,7.41600681204283e-05
1786479616.7298865,22480,27,Loss/l_ce,0.14386367797851562
1786479616.7300742,22480,27,Loss/l_total,0.14386367797851562
1786479616.730099,22480,27,LR,7.41600681204283e-05
1786479637.113829,22500,27,Loss/l_ce,0.10507559776306152
1786479637.114084,22500,27,Loss/l_total,0.10507559776306152
1786479637.1142244,22500,27,LR,7.41600681204283e-05
1786479662.3920105,22520,27,Loss/l_ce,0.16794824600219727
1786479662.3922386,22520,27,Loss/l_total,0.16794824600219727
1786479662.3922598,22520,27,LR,7.41600681204283e-05
1786479695.7088351,22540,27,Loss/l_ce,0.16347551345825195
1786479695.7091024,22540,27,Loss/l_total,0.16347551345825195
1786479695.709126,22540,27,LR,7.41600681204283e-05
1786479719.14891,22560,27,Loss/l_ce,0.12854480743408203
1786479719.149131,22560,27,Loss/l_total,0.12854480743408203
1786479719.1491594,22560,27,LR,7.41600681204283e-05
1786479743.7388747,22580,27,Loss/l_ce,0.10524606704711914
1786479743.7390907,22580,27,Loss/l_total,0.10524606704711914
1786479743.7391145,22580,27,LR,7.41600681204283e-05
1786479774.757775,22600,27,Loss/l_ce,0.20284247398376465
1786479774.7579768,22600,27,Loss/l_total,0.20284247398376465
1786479774.757997,22600,27,LR,7.41600681204283e-05
1786479796.069197,22620,27,Loss/l_ce,0.22965598106384277
1786479796.0693693,22620,27,Loss/l_total,0.22965598106384277
1786479796.069392,22620,27,LR,7.41600681204283e-05
1786479819.608291,22640,27,Loss/l_ce,0.20090103149414062
1786479819.608546,22640,27,Loss/l_total,0.20090103149414062
1786479819.6085699,22640,27,LR,7.41600681204283e-05
1786479844.509431,22660,27,Loss/l_ce,0.14965391159057617
1786479844.5096135,22660,27,Loss/l_total,0.14965391159057617
1786479844.5096338,22660,27,LR,7.41600681204283e-05
1786479860.419198,22680,27,Loss/l_ce,0.15568137168884277
1786479860.4193573,22680,27,Loss/l_total,0.15568137168884277
1786479860.4193785,22680,27,LR,7.41600681204283e-05
1786479882.9350615,22700,27,Loss/l_ce,0.37017393112182617
1786479882.9352539,22700,27,Loss/l_total,0.37017393112182617
1786479882.9352763,22700,27,LR,7.41600681204283e-05
1786479898.4406428,22720,27,Loss/l_ce,0.13687872886657715
1786479898.4408174,22720,27,Loss/l_total,0.13687872886657715
1786479898.4408386,22720,27,LR,7.41600681204283e-05
1786480052.252066,22736,27,Val/avg_error,0.13061785697937012
1786480052.2524164,22736,27,Val/acc,0.394921875
1786480052.2524433,22736,27,Val/sparse_auc,0.5628144235321969
1786480052.2524624,22736,27,Val/sparse_pck_max,0.1
1786480052.252485,22736,27,Val/sparse_pck_n,100.0
1786480062.0189235,22740,28,Loss/l_ce,0.1316206455230713
1786480062.0190933,22740,28,Loss/l_total,0.1316206455230713
1786480062.0191145,22740,28,LR,7.243820139034467e-05
1786480082.021064,22760,28,Loss/l_ce,0.11257576942443848
1786480082.021243,22760,28,Loss/l_total,0.11257576942443848
1786480082.021267,22760,28,LR,7.243820139034467e-05
1786480105.4405541,22780,28,Loss/l_ce,0.5307259559631348
1786480105.4407015,22780,28,Loss/l_total,0.5307259559631348
1786480105.4407203,22780,28,LR,7.243820139034467e-05
1786480130.5124156,22800,28,Loss/l_ce,0.1129915714263916
1786480130.5126781,22800,28,Loss/l_total,0.1129915714263916
1786480130.5127053,22800,28,LR,7.243820139034467e-05
1786480155.9871023,22820,28,Loss/l_ce,0.11292886734008789
1786480155.987297,22820,28,Loss/l_total,0.11292886734008789
1786480155.987323,22820,28,LR,7.243820139034467e-05
1786480180.2403154,22840,28,Loss/l_ce,0.16340351104736328
1786480180.2404888,22840,28,Loss/l_total,0.16340351104736328
1786480180.2405112,22840,28,LR,7.243820139034467e-05
1786480205.2543163,22860,28,Loss/l_ce,0.22879886627197266
1786480205.2545574,22860,28,Loss/l_total,0.22879886627197266
1786480205.2545812,22860,28,LR,7.243820139034467e-05
1786480229.101983,22880,28,Loss/l_ce,0.21640872955322266
1786480229.1021671,22880,28,Loss/l_total,0.21640872955322266
1786480229.1021945,22880,28,LR,7.243820139034467e-05
1786480249.3968344,22900,28,Loss/l_ce,0.14318275451660156
1786480249.3970873,22900,28,Loss/l_total,0.14318275451660156
1786480249.3971124,22900,28,LR,7.243820139034467e-05
1786480276.3427026,22920,28,Loss/l_ce,0.3156750202178955
1786480276.3428605,22920,28,Loss/l_total,0.3156750202178955
1786480276.342883,22920,28,LR,7.243820139034467e-05
1786480303.0203505,22940,28,Loss/l_ce,0.14054417610168457
1786480303.0205593,22940,28,Loss/l_total,0.14054417610168457
1786480303.020613,22940,28,LR,7.243820139034467e-05
1786480318.9260254,22960,28,Loss/l_ce,0.15624761581420898
1786480318.926258,22960,28,Loss/l_total,0.15624761581420898
1786480318.9262784,22960,28,LR,7.243820139034467e-05
1786480341.2295742,22980,28,Loss/l_ce,0.17426061630249023
1786480341.2297628,22980,28,Loss/l_total,0.17426061630249023
1786480341.2297866,22980,28,LR,7.243820139034467e-05
1786480367.693919,23000,28,Loss/l_ce,0.17666220664978027
1786480367.6940982,23000,28,Loss/l_total,0.17666220664978027
1786480367.694123,23000,28,LR,7.243820139034467e-05
1786480387.6688876,23020,28,Loss/l_ce,0.09466886520385742
1786480387.6690693,23020,28,Loss/l_total,0.09466886520385742
1786480387.669094,23020,28,LR,7.243820139034467e-05
1786480407.3977125,23040,28,Loss/l_ce,0.11714911460876465
1786480407.397901,23040,28,Loss/l_total,0.11714911460876465
1786480407.3979259,23040,28,LR,7.243820139034467e-05
1786480439.7451148,23060,28,Loss/l_ce,0.32504963874816895
1786480439.7453132,23060,28,Loss/l_total,0.32504963874816895
1786480439.7453346,23060,28,LR,7.243820139034467e-05
1786480466.7776911,23080,28,Loss/l_ce,1.6962230205535889
1786480466.7779381,23080,28,Loss/l_total,1.6962230205535889
1786480466.7779644,23080,28,LR,7.243820139034467e-05
1786480487.90892,23100,28,Loss/l_ce,0.12497544288635254
1786480487.9091113,23100,28,Loss/l_total,0.12497544288635254
1786480487.9091325,23100,28,LR,7.243820139034467e-05
1786480508.0284643,23120,28,Loss/l_ce,0.07624459266662598
1786480508.0286543,23120,28,Loss/l_total,0.07624459266662598
1786480508.0286791,23120,28,LR,7.243820139034467e-05
1786480531.0639803,23140,28,Loss/l_ce,0.10467219352722168
1786480531.0645182,23140,28,Loss/l_total,0.10467219352722168
1786480531.0645468,23140,28,LR,7.243820139034467e-05
1786480556.1255693,23160,28,Loss/l_ce,0.12959980964660645
1786480556.125788,23160,28,Loss/l_total,0.12959980964660645
1786480556.1258163,23160,28,LR,7.243820139034467e-05
1786480580.7810745,23180,28,Loss/l_ce,0.11720585823059082
1786480580.78135,23180,28,Loss/l_total,0.11720585823059082
1786480580.781375,23180,28,LR,7.243820139034467e-05
1786480598.4923785,23200,28,Loss/l_ce,0.7014038562774658
1786480598.4925876,23200,28,Loss/l_total,0.7014038562774658
1786480598.492616,23200,28,LR,7.243820139034467e-05
1786480629.7387044,23220,28,Loss/l_ce,0.14415502548217773
1786480629.7389915,23220,28,Loss/l_total,0.14415502548217773
1786480629.7390153,23220,28,LR,7.243820139034467e-05
1786480656.958026,23240,28,Loss/l_ce,0.2307891845703125
1786480656.9582455,23240,28,Loss/l_total,0.2307891845703125
1786480656.9582753,23240,28,LR,7.243820139034467e-05
1786480677.782767,23260,28,Loss/l_ce,0.6790497303009033
1786480677.7829237,23260,28,Loss/l_total,0.6790497303009033
1786480677.7829466,23260,28,LR,7.243820139034467e-05
1786480701.455872,23280,28,Loss/l_ce,0.12668371200561523
1786480701.4561543,23280,28,Loss/l_total,0.12668371200561523
1786480701.4561818,23280,28,LR,7.243820139034467e-05
1786480727.7446575,23300,28,Loss/l_ce,0.5773482322692871
1786480727.7448568,23300,28,Loss/l_total,0.5773482322692871
1786480727.7448807,23300,28,LR,7.243820139034467e-05
1786480753.7434661,23320,28,Loss/l_ce,0.14177656173706055
1786480753.743624,23320,28,Loss/l_total,0.14177656173706055
1786480753.7436454,23320,28,LR,7.243820139034467e-05
1786480777.6123266,23340,28,Loss/l_ce,0.1273198127746582
1786480777.6125193,23340,28,Loss/l_total,0.1273198127746582
1786480777.6125405,23340,28,LR,7.243820139034467e-05
1786480803.0829182,23360,28,Loss/l_ce,0.13475632667541504
1786480803.0831685,23360,28,Loss/l_total,0.13475632667541504
1786480803.0831923,23360,28,LR,7.243820139034467e-05
1786480827.749274,23380,28,Loss/l_ce,0.1310594081878662
1786480827.7495568,23380,28,Loss/l_total,0.1310594081878662
1786480827.7495852,23380,28,LR,7.243820139034467e-05
1786480855.9199288,23400,28,Loss/l_ce,0.21333551406860352
1786480855.9202209,23400,28,Loss/l_total,0.21333551406860352
1786480855.9202495,23400,28,LR,7.243820139034467e-05
1786480889.3941457,23420,28,Loss/l_ce,0.12113142013549805
1786480889.394396,23420,28,Loss/l_total,0.12113142013549805
1786480889.3944225,23420,28,LR,7.243820139034467e-05
1786480906.1723888,23440,28,Loss/l_ce,0.10369133949279785
1786480906.1725905,23440,28,Loss/l_total,0.10369133949279785
1786480906.1726131,23440,28,LR,7.243820139034467e-05
1786480931.9788396,23460,28,Loss/l_ce,0.2235860824584961
1786480931.978995,23460,28,Loss/l_total,0.2235860824584961
1786480931.979015,23460,28,LR,7.243820139034467e-05
1786480957.4984136,23480,28,Loss/l_ce,0.15869426727294922
1786480957.4986558,23480,28,Loss/l_total,0.15869426727294922
1786480957.4986794,23480,28,LR,7.243820139034467e-05
1786480978.995227,23500,28,Loss/l_ce,0.1702258586883545
1786480978.9954207,23500,28,Loss/l_total,0.1702258586883545
1786480978.9954457,23500,28,LR,7.243820139034467e-05
1786481002.0419202,23520,28,Loss/l_ce,0.07380938529968262
1786481002.042097,23520,28,Loss/l_total,0.07380938529968262
1786481002.0421183,23520,28,LR,7.243820139034467e-05
1786481019.0932891,23540,28,Loss/l_ce,0.5978908538818359
1786481019.0934649,23540,28,Loss/l_total,0.5978908538818359
1786481019.093485,23540,28,LR,7.243820139034467e-05
1786481169.140336,23548,28,Val/avg_error,0.11647050082683563
1786481169.1406877,23548,28,Val/acc,0.42275390625
1786481169.1407146,23548,28,Val/sparse_auc,0.5900050307765151
1786481169.140734,23548,28,Val/sparse_pck_max,0.1
1786481169.1407516,23548,28,Val/sparse_pck_n,100.0
1786481188.9880629,23560,29,Loss/l_ce,0.10480999946594238
1786481188.988227,23560,29,Loss/l_total,0.10480999946594238
1786481188.9882483,23560,29,LR,7.068574212948172e-05
1786481215.0890663,23580,29,Loss/l_ce,0.0915367603302002
1786481215.0893333,23580,29,Loss/l_total,0.0915367603302002
1786481215.0893607,23580,29,LR,7.068574212948172e-05
1786481240.6869574,23600,29,Loss/l_ce,0.11915183067321777
1786481240.687228,23600,29,Loss/l_total,0.11915183067321777
1786481240.687259,23600,29,LR,7.068574212948172e-05
1786481258.933279,23620,29,Loss/l_ce,0.08602404594421387
1786481258.9334939,23620,29,Loss/l_total,0.08602404594421387
1786481258.9335175,23620,29,LR,7.068574212948172e-05
1786481283.6237762,23640,29,Loss/l_ce,0.15108132362365723
1786481283.623946,23640,29,Loss/l_total,0.15108132362365723
1786481283.6239707,23640,29,LR,7.068574212948172e-05
1786481307.2760253,23660,29,Loss/l_ce,0.13518357276916504
1786481307.2762866,23660,29,Loss/l_total,0.13518357276916504
1786481307.2763116,23660,29,LR,7.068574212948172e-05
1786481339.739433,23680,29,Loss/l_ce,0.12498617172241211
1786481339.7396135,23680,29,Loss/l_total,0.12498617172241211
1786481339.739635,23680,29,LR,7.068574212948172e-05
1786481359.8196294,23700,29,Loss/l_ce,0.23105382919311523
1786481359.8197849,23700,29,Loss/l_total,0.23105382919311523
1786481359.8198085,23700,29,LR,7.068574212948172e-05
1786481382.624676,23720,29,Loss/l_ce,0.10627055168151855
1786481382.624878,23720,29,Loss/l_total,0.10627055168151855
1786481382.6249015,23720,29,LR,7.068574212948172e-05
1786481417.2407582,23740,29,Loss/l_ce,0.12891125679016113
1786481417.2409315,23740,29,Loss/l_total,0.12891125679016113
1786481417.2409518,23740,29,LR,7.068574212948172e-05
1786481441.9501612,23760,29,Loss/l_ce,0.12676286697387695
1786481441.9504032,23760,29,Loss/l_total,0.12676286697387695
1786481441.9504282,23760,29,LR,7.068574212948172e-05
1786481469.9695106,23780,29,Loss/l_ce,0.09808897972106934
1786481469.9696696,23780,29,Loss/l_total,0.09808897972106934
1786481469.9696922,23780,29,LR,7.068574212948172e-05
1786481485.8979945,23800,29,Loss/l_ce,0.15528392791748047
1786481485.898212,23800,29,Loss/l_total,0.15528392791748047
1786481485.898244,23800,29,LR,7.068574212948172e-05
1786481502.4755247,23820,29,Loss/l_ce,0.11052632331848145
1786481502.4757595,23820,29,Loss/l_total,0.11052632331848145
1786481502.4757812,23820,29,LR,7.068574212948172e-05
1786481523.9043405,23840,29,Loss/l_ce,0.29474472999572754
1786481523.9045863,23840,29,Loss/l_total,0.29474472999572754
1786481523.9046102,23840,29,LR,7.068574212948172e-05
1786481542.804103,23860,29,Loss/l_ce,0.10913276672363281
1786481542.8043284,23860,29,Loss/l_total,0.10913276672363281
1786481542.8043547,23860,29,LR,7.068574212948172e-05
1786481559.664116,23880,29,Loss/l_ce,0.46056604385375977
1786481559.6642952,23880,29,Loss/l_total,0.46056604385375977
1786481559.66432,23880,29,LR,7.068574212948172e-05
1786481581.6451886,23900,29,Loss/l_ce,0.11000871658325195
1786481581.6453962,23900,29,Loss/l_total,0.11000871658325195
1786481581.6454186,23900,29,LR,7.068574212948172e-05
1786481607.827528,23920,29,Loss/l_ce,0.19822263717651367
1786481607.8276846,23920,29,Loss/l_total,0.19822263717651367
1786481607.8277085,23920,29,LR,7.068574212948172e-05
1786481635.8095336,23940,29,Loss/l_ce,0.09117674827575684
1786481635.8097012,23940,29,Loss/l_total,0.09117674827575684
1786481635.8097236,23940,29,LR,7.068574212948172e-05
1786481659.338417,23960,29,Loss/l_ce,0.11361908912658691
1786481659.338662,23960,29,Loss/l_total,0.11361908912658691
1786481659.338948,23960,29,LR,7.068574212948172e-05
1786481676.8741777,23980,29,Loss/l_ce,0.219132661819458
1786481676.8743618,23980,29,Loss/l_total,0.219132661819458
1786481676.8743856,23980,29,LR,7.068574212948172e-05
1786481692.46821,24000,29,Loss/l_ce,0.11139798164367676
1786481692.4684033,24000,29,Loss/l_total,0.11139798164367676
1786481692.4684296,24000,29,LR,7.068574212948172e-05
1786481705.3818982,24020,29,Loss/l_ce,0.18074250221252441
1786481705.3820918,24020,29,Loss/l_total,0.18074250221252441
1786481705.3821168,24020,29,LR,7.068574212948172e-05
1786481717.526284,24040,29,Loss/l_ce,1.01192045211792
1786481717.5264716,24040,29,Loss/l_total,1.01192045211792
1786481717.5264988,24040,29,LR,7.068574212948172e-05
1786481730.010773,24060,29,Loss/l_ce,0.12172317504882812
1786481730.0109844,24060,29,Loss/l_total,0.12172317504882812
1786481730.0110092,24060,29,LR,7.068574212948172e-05
1786481745.5097656,24080,29,Loss/l_ce,0.17117953300476074
1786481745.5099378,24080,29,Loss/l_total,0.17117953300476074
1786481745.5099556,24080,29,LR,7.068574212948172e-05
1786481760.76365,24100,29,Loss/l_ce,0.09927749633789062
1786481760.763833,24100,29,Loss/l_total,0.09927749633789062
1786481760.7638578,24100,29,LR,7.068574212948172e-05
1786481776.875367,24120,29,Loss/l_ce,0.09737253189086914
1786481776.8755176,24120,29,Loss/l_total,0.09737253189086914
1786481776.8755405,24120,29,LR,7.068574212948172e-05
1786481789.388594,24140,29,Loss/l_ce,0.12033629417419434
1786481789.3888433,24140,29,Loss/l_total,0.12033629417419434
1786481789.3888657,24140,29,LR,7.068574212948172e-05
1786481807.9712892,24160,29,Loss/l_ce,0.10585713386535645
1786481807.9715006,24160,29,Loss/l_total,0.10585713386535645
1786481807.971523,24160,29,LR,7.068574212948172e-05
1786481827.416925,24180,29,Loss/l_ce,0.12288498878479004
1786481827.4170911,24180,29,Loss/l_total,0.12288498878479004
1786481827.4171126,24180,29,LR,7.068574212948172e-05
1786481855.0620193,24200,29,Loss/l_ce,0.183624267578125
1786481855.0621912,24200,29,Loss/l_total,0.183624267578125
1786481855.062213,24200,29,LR,7.068574212948172e-05
1786481876.106681,24220,29,Loss/l_ce,0.10933494567871094
1786481876.1068985,24220,29,Loss/l_total,0.10933494567871094
1786481876.106927,24220,29,LR,7.068574212948172e-05
1786481906.9351163,24240,29,Loss/l_ce,0.20526480674743652
1786481906.9353027,24240,29,Loss/l_total,0.20526480674743652
1786481906.9353287,24240,29,LR,7.068574212948172e-05
1786481937.6482017,24260,29,Loss/l_ce,0.15113568305969238
1786481937.6483939,24260,29,Loss/l_total,0.15113568305969238
1786481937.648641,24260,29,LR,7.068574212948172e-05
1786481963.9684608,24280,29,Loss/l_ce,0.2266554832458496
1786481963.968633,24280,29,Loss/l_total,0.2266554832458496
1786481963.968658,24280,29,LR,7.068574212948172e-05
1786481987.0001583,24300,29,Loss/l_ce,0.11810445785522461
1786481987.000322,24300,29,Loss/l_total,0.11810445785522461
1786481987.000347,24300,29,LR,7.068574212948172e-05
1786482014.1109416,24320,29,Loss/l_ce,0.2789123058319092
1786482014.1112041,24320,29,Loss/l_total,0.2789123058319092
1786482014.111228,24320,29,LR,7.068574212948172e-05
1786482041.840943,24340,29,Loss/l_ce,1.81402587890625
1786482041.8412113,24340,29,Loss/l_total,1.81402587890625
1786482041.8412402,24340,29,LR,7.068574212948172e-05
1786482068.0322385,24360,29,Loss/l_ce,0.23451542854309082
1786482068.0324833,24360,29,Loss/l_total,0.23451542854309082
1786482068.0325058,24360,29,LR,7.068574212948172e-05
1786482213.888956,24360,29,Val/avg_error,0.13183283805847168
1786482213.8893433,24360,29,Val/acc,0.39755859375
1786482213.8893704,24360,29,Val/sparse_auc,0.5625478416982324
1786482213.8893883,24360,29,Val/sparse_pck_max,0.1
1786482213.889406,24360,29,Val/sparse_pck_n,100.0
1786482239.216578,24380,30,Loss/l_ce,0.14714550971984863
1786482239.2167346,24380,30,Loss/l_total,0.14714550971984863
1786482239.2167573,24380,30,LR,6.890576474687267e-05
1786482262.0111032,24400,30,Loss/l_ce,0.12075662612915039
1786482262.0113323,24400,30,Loss/l_total,0.12075662612915039
1786482262.011356,24400,30,LR,6.890576474687267e-05
1786482279.9615042,24420,30,Loss/l_ce,0.1438121795654297
1786482279.9616537,24420,30,Loss/l_total,0.1438121795654297
1786482279.9616764,24420,30,LR,6.890576474687267e-05
1786482299.7797627,24440,30,Loss/l_ce,0.11235165596008301
1786482299.7799432,24440,30,Loss/l_total,0.11235165596008301
1786482299.7799692,24440,30,LR,6.890576474687267e-05
1786482313.478987,24460,30,Loss/l_ce,0.10682988166809082
1786482313.4791687,24460,30,Loss/l_total,0.10682988166809082
1786482313.4791923,24460,30,LR,6.890576474687267e-05
1786482336.0796373,24480,30,Loss/l_ce,0.14811992645263672
1786482336.0798082,24480,30,Loss/l_total,0.14811992645263672
1786482336.0798345,24480,30,LR,6.890576474687267e-05
1786482358.282922,24500,30,Loss/l_ce,0.3707313537597656
1786482358.2831688,24500,30,Loss/l_total,0.3707313537597656
1786482358.283442,24500,30,LR,6.890576474687267e-05
1786482376.9402828,24520,30,Loss/l_ce,0.10786795616149902
1786482376.9404373,24520,30,Loss/l_total,0.10786795616149902
1786482376.9405713,24520,30,LR,6.890576474687267e-05
1786482400.664263,24540,30,Loss/l_ce,0.3598446846008301
1786482400.6644635,24540,30,Loss/l_total,0.3598446846008301
1786482400.6644862,24540,30,LR,6.890576474687267e-05
1786482421.3216693,24560,30,Loss/l_ce,0.20420145988464355
1786482421.321869,24560,30,Loss/l_total,0.20420145988464355
1786482421.3218913,24560,30,LR,6.890576474687267e-05
1786482444.6902237,24580,30,Loss/l_ce,0.15603351593017578
1786482444.6903756,24580,30,Loss/l_total,0.15603351593017578
1786482444.6903956,24580,30,LR,6.890576474687267e-05
1786482472.1329794,24600,30,Loss/l_ce,0.16875624656677246
1786482472.1332028,24600,30,Loss/l_total,0.16875624656677246
1786482472.1332262,24600,30,LR,6.890576474687267e-05
1786482499.8891103,24620,30,Loss/l_ce,0.09952592849731445
1786482499.889514,24620,30,Loss/l_total,0.09952592849731445
1786482499.8895388,24620,30,LR,6.890576474687267e-05
1786482527.2465599,24640,30,Loss/l_ce,0.1999664306640625
1786482527.2467794,24640,30,Loss/l_total,0.1999664306640625
1786482527.2468033,24640,30,LR,6.890576474687267e-05
1786482556.4744375,24660,30,Loss/l_ce,0.14932465553283691
1786482556.4746642,24660,30,Loss/l_total,0.14932465553283691
1786482556.4746866,24660,30,LR,6.890576474687267e-05
1786482588.7401013,24680,30,Loss/l_ce,0.09387922286987305
1786482588.740309,24680,30,Loss/l_total,0.09387922286987305
1786482588.740332,24680,30,LR,6.890576474687267e-05
1786482614.9437048,24700,30,Loss/l_ce,0.2201089859008789
1786482614.9439352,24700,30,Loss/l_total,0.2201089859008789
1786482614.943959,24700,30,LR,6.890576474687267e-05
1786482641.8056362,24720,30,Loss/l_ce,0.11009407043457031
1786482641.8060148,24720,30,Loss/l_total,0.11009407043457031
1786482641.806066,24720,30,LR,6.890576474687267e-05
1786482672.0411057,24740,30,Loss/l_ce,0.10763382911682129
1786482672.0413597,24740,30,Loss/l_total,0.10763382911682129
1786482672.041382,24740,30,LR,6.890576474687267e-05
1786482702.944998,24760,30,Loss/l_ce,0.16798019409179688
1786482702.945181,24760,30,Loss/l_total,0.16798019409179688
1786482702.9452035,24760,30,LR,6.890576474687267e-05
1786482726.2211814,24780,30,Loss/l_ce,0.12600255012512207
1786482726.2214556,24780,30,Loss/l_total,0.12600255012512207
1786482726.2214806,24780,30,LR,6.890576474687267e-05
1786482765.1188636,24800,30,Loss/l_ce,0.2709786891937256
1786482765.1190667,24800,30,Loss/l_total,0.2709786891937256
1786482765.119088,24800,30,LR,6.890576474687267e-05
1786482788.2391844,24820,30,Loss/l_ce,0.19280529022216797
1786482788.2394788,24820,30,Loss/l_total,0.19280529022216797
1786482788.2395003,24820,30,LR,6.890576474687267e-05
1786482820.648005,24840,30,Loss/l_ce,0.14548325538635254
1786482820.6481915,24840,30,Loss/l_total,0.14548325538635254
1786482820.648215,24840,30,LR,6.890576474687267e-05
1786482844.4734364,24860,30,Loss/l_ce,0.11961793899536133
1786482844.4735801,24860,30,Loss/l_total,0.11961793899536133
1786482844.4736025,24860,30,LR,6.890576474687267e-05
1786482868.9357433,24880,30,Loss/l_ce,0.21382665634155273
1786482868.9359202,24880,30,Loss/l_total,0.21382665634155273
1786482868.9359426,24880,30,LR,6.890576474687267e-05
1786482892.5082114,24900,30,Loss/l_ce,0.061818599700927734
1786482892.508487,24900,30,Loss/l_total,0.061818599700927734
1786482892.508513,24900,30,LR,6.890576474687267e-05
1786482916.2809114,24920,30,Loss/l_ce,0.1623826026916504
1786482916.2811692,24920,30,Loss/l_total,0.1623826026916504
1786482916.2811952,24920,30,LR,6.890576474687267e-05
1786482944.8636768,24940,30,Loss/l_ce,0.0941169261932373
1786482944.8639472,24940,30,Loss/l_total,0.0941169261932373
1786482944.863971,24940,30,LR,6.890576474687267e-05
1786482974.8207257,24960,30,Loss/l_ce,0.09044122695922852
1786482974.821006,24960,30,Loss/l_total,0.09044122695922852
1786482974.8210618,24960,30,LR,6.890576474687267e-05
1786483004.2049139,24980,30,Loss/l_ce,0.2740974426269531
1786483004.2051668,24980,30,Loss/l_total,0.2740974426269531
1786483004.2051904,24980,30,LR,6.890576474687267e-05
1786483039.1247787,25000,30,Loss/l_ce,0.14010238647460938
1786483039.1250768,25000,30,Loss/l_total,0.14010238647460938
1786483039.1251018,25000,30,LR,6.890576474687267e-05
1786483066.8255868,25020,30,Loss/l_ce,0.4798581600189209
1786483066.8257563,25020,30,Loss/l_total,0.4798581600189209
1786483066.8257766,25020,30,LR,6.890576474687267e-05
1786483099.6055691,25040,30,Loss/l_ce,0.10836148262023926
1786483099.6057613,25040,30,Loss/l_total,0.10836148262023926
1786483099.6057851,25040,30,LR,6.890576474687267e-05
1786483128.3234212,25060,30,Loss/l_ce,0.09655261039733887
1786483128.323655,25060,30,Loss/l_total,0.09655261039733887
1786483128.323681,25060,30,LR,6.890576474687267e-05
1786483152.0090575,25080,30,Loss/l_ce,0.11279678344726562
1786483152.0092726,25080,30,Loss/l_total,0.11279678344726562
1786483152.0092962,25080,30,LR,6.890576474687267e-05
1786483179.0102377,25100,30,Loss/l_ce,0.6180121898651123
1786483179.0104847,25100,30,Loss/l_total,0.6180121898651123
1786483179.010512,25100,30,LR,6.890576474687267e-05
1786483217.294246,25120,30,Loss/l_ce,0.10591554641723633
1786483217.294493,25120,30,Loss/l_total,0.10591554641723633
1786483217.2945201,25120,30,LR,6.890576474687267e-05
1786483250.315154,25140,30,Loss/l_ce,0.15011072158813477
1786483250.3153121,25140,30,Loss/l_total,0.15011072158813477
1786483250.3153336,25140,30,LR,6.890576474687267e-05
1786483271.3262887,25160,30,Loss/l_ce,0.10590767860412598
1786483271.3264418,25160,30,Loss/l_total,0.10590767860412598
1786483271.3264606,25160,30,LR,6.890576474687267e-05
1786483423.1365483,25172,30,Val/avg_error,0.0808449238538742
1786483423.1369047,25172,30,Val/acc,0.460986328125
1786483423.1369307,25172,30,Val/sparse_auc,0.6427337338226011
1786483423.136951,25172,30,Val/sparse_pck_max,0.1
1786483423.136971,25172,30,Val/sparse_pck_n,100.0
1786483434.7482872,25180,31,Loss/l_ce,0.1192169189453125
1786483434.7485175,25180,31,Loss/l_total,0.1192169189453125
1786483434.748541,25180,31,LR,6.7101391927687e-05
1786483453.485498,25200,31,Loss/l_ce,0.13228297233581543
1786483453.4858007,25200,31,Loss/l_total,0.13228297233581543
1786483453.4858267,25200,31,LR,6.7101391927687e-05
1786483483.1940894,25220,31,Loss/l_ce,0.12196540832519531
1786483483.1943707,25220,31,Loss/l_total,0.12196540832519531
1786483483.1943946,25220,31,LR,6.7101391927687e-05
1786483506.1303647,25240,31,Loss/l_ce,0.23555517196655273
1786483506.1305177,25240,31,Loss/l_total,0.23555517196655273
1786483506.1305428,25240,31,LR,6.7101391927687e-05
1786483535.5298758,25260,31,Loss/l_ce,0.10068893432617188
1786483535.530182,25260,31,Loss/l_total,0.10068893432617188
1786483535.5302093,25260,31,LR,6.7101391927687e-05
1786483562.2815938,25280,31,Loss/l_ce,0.15482378005981445
1786483562.2818458,25280,31,Loss/l_total,0.15482378005981445
1786483562.2818682,25280,31,LR,6.7101391927687e-05
1786483589.101773,25300,31,Loss/l_ce,0.3267655372619629
1786483589.1019797,25300,31,Loss/l_total,0.3267655372619629
1786483589.1020045,25300,31,LR,6.7101391927687e-05
1786483613.492394,25320,31,Loss/l_ce,0.10750889778137207
1786483613.4926088,25320,31,Loss/l_total,0.10750889778137207
1786483613.4926302,25320,31,LR,6.7101391927687e-05
1786483642.892095,25340,31,Loss/l_ce,0.1610565185546875
1786483642.8922813,25340,31,Loss/l_total,0.1610565185546875
1786483642.892305,25340,31,LR,6.7101391927687e-05
1786483668.781159,25360,31,Loss/l_ce,2.933624267578125
1786483668.7813537,25360,31,Loss/l_total,2.933624267578125
1786483668.7815793,25360,31,LR,6.7101391927687e-05
1786483701.4379148,25380,31,Loss/l_ce,0.17081260681152344
1786483701.4381394,25380,31,Loss/l_total,0.17081260681152344
1786483701.4383662,25380,31,LR,6.7101391927687e-05
1786483735.122211,25400,31,Loss/l_ce,0.17998361587524414
1786483735.1224105,25400,31,Loss/l_total,0.17998361587524414
1786483735.1224377,25400,31,LR,6.7101391927687e-05
1786483761.5465465,25420,31,Loss/l_ce,0.13147401809692383
1786483761.546728,25420,31,Loss/l_total,0.13147401809692383
1786483761.5467508,25420,31,LR,6.7101391927687e-05
1786483792.4597192,25440,31,Loss/l_ce,0.0562589168548584
1786483792.4600184,25440,31,Loss/l_total,0.0562589168548584
1786483792.4600706,25440,31,LR,6.7101391927687e-05
1786483816.3435924,25460,31,Loss/l_ce,0.2324504852294922
1786483816.343825,25460,31,Loss/l_total,0.2324504852294922
1786483816.3438478,25460,31,LR,6.7101391927687e-05
1786483846.9614687,25480,31,Loss/l_ce,0.1424729824066162
1786483846.961756,25480,31,Loss/l_total,0.1424729824066162
1786483846.961788,25480,31,LR,6.7101391927687e-05
1786483876.4106863,25500,31,Loss/l_ce,0.1422266960144043
1786483876.4108906,25500,31,Loss/l_total,0.1422266960144043
1786483876.410912,25500,31,LR,6.7101391927687e-05
1786483898.7667198,25520,31,Loss/l_ce,0.1338057518005371
1786483898.766944,25520,31,Loss/l_total,0.1338057518005371
1786483898.7669702,25520,31,LR,6.7101391927687e-05
1786483921.332836,25540,31,Loss/l_ce,0.1991260051727295
1786483921.3331325,25540,31,Loss/l_total,0.1991260051727295
1786483921.3331587,25540,31,LR,6.7101391927687e-05
1786483938.2148986,25560,31,Loss/l_ce,0.22662734985351562
1786483938.215129,25560,31,Loss/l_total,0.22662734985351562
1786483938.215155,25560,31,LR,6.7101391927687e-05
1786483957.565579,25580,31,Loss/l_ce,0.4032094478607178
1786483957.5658143,25580,31,Loss/l_total,0.4032094478607178
1786483957.565837,25580,31,LR,6.7101391927687e-05
1786483988.9859622,25600,31,Loss/l_ce,0.1170799732208252
1786483988.9862328,25600,31,Loss/l_total,0.1170799732208252
1786483988.9862566,25600,31,LR,6.7101391927687e-05
1786484018.1191988,25620,31,Loss/l_ce,0.09817814826965332
1786484018.1194885,25620,31,Loss/l_total,0.09817814826965332
1786484018.1195133,25620,31,LR,6.7101391927687e-05
1786484049.9351594,25640,31,Loss/l_ce,0.2360525131225586
1786484049.935575,25640,31,Loss/l_total,0.2360525131225586
1786484049.9356012,25640,31,LR,6.7101391927687e-05
1786484079.4258175,25660,31,Loss/l_ce,0.4634876251220703
1786484079.4261904,25660,31,Loss/l_total,0.4634876251220703
1786484079.426334,25660,31,LR,6.7101391927687e-05
1786484104.7337518,25680,31,Loss/l_ce,0.2032177448272705
1786484104.7339525,25680,31,Loss/l_total,0.2032177448272705
1786484104.7339728,25680,31,LR,6.7101391927687e-05
1786484128.2023144,25700,31,Loss/l_ce,2.746734380722046
1786484128.202541,25700,31,Loss/l_total,2.746734380722046
1786484128.202565,25700,31,LR,6.7101391927687e-05
1786484156.5309095,25720,31,Loss/l_ce,0.07846546173095703
1786484156.5311124,25720,31,Loss/l_total,0.07846546173095703
1786484156.531135,25720,31,LR,6.7101391927687e-05
1786484182.3352358,25740,31,Loss/l_ce,0.11099410057067871
1786484182.3354554,25740,31,Loss/l_total,0.11099410057067871
1786484182.3354816,25740,31,LR,6.7101391927687e-05
1786484210.0544877,25760,31,Loss/l_ce,0.1336972713470459
1786484210.054724,25760,31,Loss/l_total,0.1336972713470459
1786484210.0547633,25760,31,LR,6.7101391927687e-05
1786484233.6355681,25780,31,Loss/l_ce,0.10115218162536621
1786484233.635739,25780,31,Loss/l_total,0.10115218162536621
1786484233.6357627,25780,31,LR,6.7101391927687e-05
1786484267.1725829,25800,31,Loss/l_ce,1.0611381530761719
1786484267.1728358,25800,31,Loss/l_total,1.0611381530761719
1786484267.1728632,25800,31,LR,6.7101391927687e-05
1786484287.7541268,25820,31,Loss/l_ce,0.09080839157104492
1786484287.7543323,25820,31,Loss/l_total,0.09080839157104492
1786484287.754355,25820,31,LR,6.7101391927687e-05
1786484317.7517407,25840,31,Loss/l_ce,0.1304314136505127
1786484317.7520185,25840,31,Loss/l_total,0.1304314136505127
1786484317.7520647,25840,31,LR,6.7101391927687e-05
1786484337.5799959,25860,31,Loss/l_ce,0.12817645072937012
1786484337.5802107,25860,31,Loss/l_total,0.12817645072937012
1786484337.5803485,25860,31,LR,6.7101391927687e-05
1786484362.9981208,25880,31,Loss/l_ce,0.13836145401000977
1786484362.998351,25880,31,Loss/l_total,0.13836145401000977
1786484362.998375,25880,31,LR,6.7101391927687e-05
1786484382.5196784,25900,31,Loss/l_ce,0.09699869155883789
1786484382.5199776,25900,31,Loss/l_total,0.09699869155883789
1786484382.5200286,25900,31,LR,6.7101391927687e-05
1786484406.273091,25920,31,Loss/l_ce,0.13660120964050293
1786484406.2732706,25920,31,Loss/l_total,0.13660120964050293
1786484406.2732906,25920,31,LR,6.7101391927687e-05
1786484426.6561415,25940,31,Loss/l_ce,0.2159280776977539
1786484426.6563115,25940,31,Loss/l_total,0.2159280776977539
1786484426.6563315,25940,31,LR,6.7101391927687e-05
1786484442.6594114,25960,31,Loss/l_ce,0.14354658126831055
1786484442.6595874,25960,31,Loss/l_total,0.14354658126831055
1786484442.6596112,25960,31,LR,6.7101391927687e-05
1786484467.1011062,25980,31,Loss/l_ce,0.7712976932525635
1786484467.101314,25980,31,Loss/l_total,0.7712976932525635
1786484467.1013436,25980,31,LR,6.7101391927687e-05
1786484619.058368,25984,31,Val/avg_error,0.09954957664012909
1786484619.0586078,25984,31,Val/acc,0.438525390625
1786484619.0586314,25984,31,Val/sparse_auc,0.614984562421086
1786484619.0586517,25984,31,Val/sparse_pck_max,0.1
1786484619.0586672,25984,31,Val/sparse_pck_n,100.0
1786484641.5320556,26000,32,Loss/l_ce,0.1435716152191162
1786484641.5322158,26000,32,Loss/l_total,0.1435716152191162
1786484641.532236,26000,32,LR,6.527578915497955e-05
1786484679.233427,26020,32,Loss/l_ce,0.1581575870513916
1786484679.2336738,26020,32,Loss/l_total,0.1581575870513916
1786484679.2336938,26020,32,LR,6.527578915497955e-05
1786484703.1408405,26040,32,Loss/l_ce,0.07892489433288574
1786484703.1410127,26040,32,Loss/l_total,0.07892489433288574
1786484703.1410637,26040,32,LR,6.527578915497955e-05
1786484727.7855809,26060,32,Loss/l_ce,0.2179112434387207
1786484727.7857254,26060,32,Loss/l_total,0.2179112434387207
1786484727.7857482,26060,32,LR,6.527578915497955e-05
1786484739.8302708,26080,32,Loss/l_ce,0.18743205070495605
1786484739.8304534,26080,32,Loss/l_total,0.18743205070495605
1786484739.830476,26080,32,LR,6.527578915497955e-05
1786484752.9597127,26100,32,Loss/l_ce,0.26494503021240234
1786484752.959892,26100,32,Loss/l_total,0.26494503021240234
1786484752.959918,26100,32,LR,6.527578915497955e-05
1786484762.5677648,26120,32,Loss/l_ce,0.1877436637878418
1786484762.5679321,26120,32,Loss/l_total,0.1877436637878418
1786484762.5679584,26120,32,LR,6.527578915497955e-05
1786484773.7043438,26140,32,Loss/l_ce,0.12078237533569336
1786484773.7045243,26140,32,Loss/l_total,0.12078237533569336
1786484773.7045481,26140,32,LR,6.527578915497955e-05
1786484783.6815658,26160,32,Loss/l_ce,0.1520845890045166
1786484783.6817355,26160,32,Loss/l_total,0.1520845890045166
1786484783.6817603,26160,32,LR,6.527578915497955e-05
1786484793.9163654,26180,32,Loss/l_ce,0.11968564987182617
1786484793.9165282,26180,32,Loss/l_total,0.11968564987182617
1786484793.916553,26180,32,LR,6.527578915497955e-05
1786484803.7134078,26200,32,Loss/l_ce,0.1560654640197754
1786484803.713689,26200,32,Loss/l_total,0.1560654640197754
1786484803.7137177,26200,32,LR,6.527578915497955e-05
1786484811.135883,26220,32,Loss/l_ce,0.23494863510131836
1786484811.1360981,26220,32,Loss/l_total,0.23494863510131836
1786484811.1361277,26220,32,LR,6.527578915497955e-05
1786484820.865259,26240,32,Loss/l_ce,0.4156055450439453
1786484820.8654084,26240,32,Loss/l_total,0.4156055450439453
1786484820.8654313,26240,32,LR,6.527578915497955e-05
1786484833.844983,26260,32,Loss/l_ce,0.23242425918579102
1786484833.8452408,26260,32,Loss/l_total,0.23242425918579102
1786484833.845267,26260,32,LR,6.527578915497955e-05
1786484843.7199798,26280,32,Loss/l_ce,0.2021787166595459
1786484843.7201817,26280,32,Loss/l_total,0.2021787166595459
1786484843.720208,26280,32,LR,6.527578915497955e-05
1786484852.199091,26300,32,Loss/l_ce,0.5338969230651855
1786484852.1992536,26300,32,Loss/l_total,0.5338969230651855
1786484852.1992795,26300,32,LR,6.527578915497955e-05
1786484864.9606907,26320,32,Loss/l_ce,0.10087752342224121
1786484864.9608486,26320,32,Loss/l_total,0.10087752342224121
1786484864.9608724,26320,32,LR,6.527578915497955e-05
1786484895.854129,26340,32,Loss/l_ce,0.14859747886657715
1786484895.8543158,26340,32,Loss/l_total,0.14859747886657715
1786484895.8543406,26340,32,LR,6.527578915497955e-05
1786484928.8987014,26360,32,Loss/l_ce,0.2518463134765625
1786484928.898877,26360,32,Loss/l_total,0.2518463134765625
1786484928.898896,26360,32,LR,6.527578915497955e-05
1786484958.2858963,26380,32,Loss/l_ce,0.1163475513458252
1786484958.2860742,26380,32,Loss/l_total,0.1163475513458252
1786484958.2860944,26380,32,LR,6.527578915497955e-05
1786484980.2043478,26400,32,Loss/l_ce,0.05406594276428223
1786484980.2045343,26400,32,Loss/l_total,0.05406594276428223
1786484980.2045581,26400,32,LR,6.527578915497955e-05
1786485007.767024,26420,32,Loss/l_ce,0.11950969696044922
1786485007.7672257,26420,32,Loss/l_total,0.11950969696044922
1786485007.7672484,26420,32,LR,6.527578915497955e-05
1786485030.9234726,26440,32,Loss/l_ce,0.9486875534057617
1786485030.9236743,26440,32,Loss/l_total,0.9486875534057617
1786485030.9236958,26440,32,LR,6.527578915497955e-05
1786485062.5433776,26460,32,Loss/l_ce,0.13153767585754395
1786485062.5436316,26460,32,Loss/l_total,0.13153767585754395
1786485062.5436542,26460,32,LR,6.527578915497955e-05
1786485084.8335686,26480,32,Loss/l_ce,0.10347867012023926
1786485084.8337798,26480,32,Loss/l_total,0.10347867012023926
1786485084.8337998,26480,32,LR,6.527578915497955e-05
1786485111.5488367,26500,32,Loss/l_ce,0.15778017044067383
1786485111.549068,26500,32,Loss/l_total,0.15778017044067383
1786485111.549099,26500,32,LR,6.527578915497955e-05
1786485140.4518793,26520,32,Loss/l_ce,0.2245192527770996
1786485140.4520857,26520,32,Loss/l_total,0.2245192527770996
1786485140.452107,26520,32,LR,6.527578915497955e-05
1786485170.218496,26540,32,Loss/l_ce,0.19657301902770996
1786485170.218712,26540,32,Loss/l_total,0.19657301902770996
1786485170.2187345,26540,32,LR,6.527578915497955e-05
1786485190.9149892,26560,32,Loss/l_ce,0.11086702346801758
1786485190.915229,26560,32,Loss/l_total,0.11086702346801758
1786485190.9152553,26560,32,LR,6.527578915497955e-05
1786485213.3390634,26580,32,Loss/l_ce,0.08650994300842285
1786485213.339245,26580,32,Loss/l_total,0.08650994300842285
1786485213.3392699,26580,32,LR,6.527578915497955e-05
1786485241.8595364,26600,32,Loss/l_ce,0.18474960327148438
1786485241.8596969,26600,32,Loss/l_total,0.18474960327148438
1786485241.859717,26600,32,LR,6.527578915497955e-05
1786485268.6176708,26620,32,Loss/l_ce,0.27638912200927734
1786485268.6178453,26620,32,Loss/l_total,0.27638912200927734
1786485268.6178727,26620,32,LR,6.527578915497955e-05
1786485303.349828,26640,32,Loss/l_ce,0.1594839096069336
1786485303.3500144,26640,32,Loss/l_total,0.1594839096069336
1786485303.3500607,26640,32,LR,6.527578915497955e-05
1786485322.4030745,26660,32,Loss/l_ce,0.1633913516998291
1786485322.403224,26660,32,Loss/l_total,0.1633913516998291
1786485322.4032443,26660,32,LR,6.527578915497955e-05
1786485352.3728473,26680,32,Loss/l_ce,0.37595176696777344
1786485352.3729968,26680,32,Loss/l_total,0.37595176696777344
1786485352.3730183,26680,32,LR,6.527578915497955e-05
1786485379.05286,26700,32,Loss/l_ce,0.19141769409179688
1786485379.0530176,26700,32,Loss/l_total,0.19141769409179688
1786485379.0530558,26700,32,LR,6.527578915497955e-05
1786485401.6737854,26720,32,Loss/l_ce,0.50248122215271
1786485401.6739573,26720,32,Loss/l_total,0.50248122215271
1786485401.6739788,26720,32,LR,6.527578915497955e-05
1786485421.5257664,26740,32,Loss/l_ce,0.13163328170776367
1786485421.5259159,26740,32,Loss/l_total,0.13163328170776367
1786485421.5259361,26740,32,LR,6.527578915497955e-05
1786485448.4133337,26760,32,Loss/l_ce,0.1097874641418457
1786485448.4135737,26760,32,Loss/l_total,0.1097874641418457
1786485448.4135985,26760,32,LR,6.527578915497955e-05
1786485469.709572,26780,32,Loss/l_ce,0.12009835243225098
1786485469.7098322,26780,32,Loss/l_total,0.12009835243225098
1786485469.7101314,26780,32,LR,6.527578915497955e-05
1786485639.9577923,26796,32,Val/avg_error,0.08194413036108017
1786485639.9582064,26796,32,Val/acc,0.452001953125
1786485639.9582424,26796,32,Val/sparse_auc,0.6361251676925505
1786485639.9584453,26796,32,Val/sparse_pck_max,0.1
1786485639.9584665,26796,32,Val/sparse_pck_n,100.0
1786485647.7019868,26800,33,Loss/l_ce,0.13573122024536133
1786485647.7021885,26800,33,Loss/l_total,0.13573122024536133
1786485647.70221,26800,33,LR,6.343215915635766e-05
1786485671.711438,26820,33,Loss/l_ce,0.17406678199768066
1786485671.7115877,26820,33,Loss/l_total,0.17406678199768066
1786485671.7116077,26820,33,LR,6.343215915635766e-05
1786485696.0320995,26840,33,Loss/l_ce,0.20150351524353027
1786485696.0323074,26840,33,Loss/l_total,0.20150351524353027
1786485696.0323312,26840,33,LR,6.343215915635766e-05
1786485715.344738,26860,33,Loss/l_ce,0.0870063304901123
1786485715.3449814,26860,33,Loss/l_total,0.0870063304901123
1786485715.3450053,26860,33,LR,6.343215915635766e-05
1786485737.0415728,26880,33,Loss/l_ce,0.0879662036895752
1786485737.041739,26880,33,Loss/l_total,0.0879662036895752
1786485737.0417628,26880,33,LR,6.343215915635766e-05
1786485765.9284408,26900,33,Loss/l_ce,0.1822948455810547
1786485765.9286308,26900,33,Loss/l_total,0.1822948455810547
1786485765.9286547,26900,33,LR,6.343215915635766e-05
1786485787.9281445,26920,33,Loss/l_ce,0.08881473541259766
1786485787.928302,26920,33,Loss/l_total,0.08881473541259766
1786485787.928325,26920,33,LR,6.343215915635766e-05
1786485814.034086,26940,33,Loss/l_ce,0.24069452285766602
1786485814.0342402,26940,33,Loss/l_total,0.24069452285766602
1786485814.034263,26940,33,LR,6.343215915635766e-05
1786485840.2781303,26960,33,Loss/l_ce,0.18303298950195312
1786485840.2783356,26960,33,Loss/l_total,0.18303298950195312
1786485840.278364,26960,33,LR,6.343215915635766e-05
1786485866.4903202,26980,33,Loss/l_ce,0.07529878616333008
1786485866.4904888,26980,33,Loss/l_total,0.07529878616333008
1786485866.4905136,26980,33,LR,6.343215915635766e-05
1786485889.3379319,27000,33,Loss/l_ce,0.15736055374145508
1786485889.3381073,27000,33,Loss/l_total,0.15736055374145508
1786485889.33813,27000,33,LR,6.343215915635766e-05
1786485912.6353893,27020,33,Loss/l_ce,0.1645050048828125
1786485912.6359272,27020,33,Loss/l_total,0.1645050048828125
1786485912.6359558,27020,33,LR,6.343215915635766e-05
1786485942.7975333,27040,33,Loss/l_ce,0.1376500129699707
1786485942.797836,27040,33,Loss/l_total,0.1376500129699707
1786485942.7978609,27040,33,LR,6.343215915635766e-05
1786485963.1089149,27060,33,Loss/l_ce,0.12924718856811523
1786485963.1092224,27060,33,Loss/l_total,0.12924718856811523
1786485963.1092498,27060,33,LR,6.343215915635766e-05
1786485981.8399,27080,33,Loss/l_ce,0.12595748901367188
1786485981.8401577,27080,33,Loss/l_total,0.12595748901367188
1786485981.840185,27080,33,LR,6.343215915635766e-05
1786486013.0956063,27100,33,Loss/l_ce,0.08595514297485352
1786486013.0959115,27100,33,Loss/l_total,0.08595514297485352
1786486013.0960894,27100,33,LR,6.343215915635766e-05
1786486038.8284345,27120,33,Loss/l_ce,0.07493376731872559
1786486038.8287241,27120,33,Loss/l_total,0.07493376731872559
1786486038.828749,27120,33,LR,6.343215915635766e-05
1786486056.9033117,27140,33,Loss/l_ce,0.2517116069793701
1786486056.9034755,27140,33,Loss/l_total,0.2517116069793701
1786486056.9034958,27140,33,LR,6.343215915635766e-05
1786486090.2030091,27160,33,Loss/l_ce,0.08608818054199219
1786486090.2032917,27160,33,Loss/l_total,0.08608818054199219
1786486090.2033176,27160,33,LR,6.343215915635766e-05
1786486120.060207,27180,33,Loss/l_ce,0.09235334396362305
1786486120.060442,27180,33,Loss/l_total,0.09235334396362305
1786486120.0604692,27180,33,LR,6.343215915635766e-05
1786486146.3643923,27200,33,Loss/l_ce,0.13274621963500977
1786486146.364658,27200,33,Loss/l_total,0.13274621963500977
1786486146.364682,27200,33,LR,6.343215915635766e-05
1786486176.8730986,27220,33,Loss/l_ce,0.09480476379394531
1786486176.8733501,27220,33,Loss/l_total,0.09480476379394531
1786486176.873374,27220,33,LR,6.343215915635766e-05
1786486207.923999,27240,33,Loss/l_ce,0.1377556324005127
1786486207.9244215,27240,33,Loss/l_total,0.1377556324005127
1786486207.9244478,27240,33,LR,6.343215915635766e-05
1786486238.2406356,27260,33,Loss/l_ce,0.1943950653076172
1786486238.2411664,27260,33,Loss/l_total,0.1943950653076172
1786486238.241197,27260,33,LR,6.343215915635766e-05
1786486267.456377,27280,33,Loss/l_ce,0.07454633712768555
1786486267.4565814,27280,33,Loss/l_total,0.07454633712768555
1786486267.4566052,27280,33,LR,6.343215915635766e-05
1786486296.0356135,27300,33,Loss/l_ce,0.08532881736755371
1786486296.0358176,27300,33,Loss/l_total,0.08532881736755371
1786486296.0358438,27300,33,LR,6.343215915635766e-05
1786486329.5040736,27320,33,Loss/l_ce,0.17855548858642578
1786486329.5042555,27320,33,Loss/l_total,0.17855548858642578
1786486329.504278,27320,33,LR,6.343215915635766e-05
1786486353.4498293,27340,33,Loss/l_ce,0.5704774856567383
1786486353.4500763,27340,33,Loss/l_total,0.5704774856567383
1786486353.4501002,27340,33,LR,6.343215915635766e-05
1786486385.3345625,27360,33,Loss/l_ce,2.6235389709472656
1786486385.3348143,27360,33,Loss/l_total,2.6235389709472656
1786486385.3348367,27360,33,LR,6.343215915635766e-05
1786486414.7933323,27380,33,Loss/l_ce,0.13221025466918945
1786486414.7937727,27380,33,Loss/l_total,0.13221025466918945
1786486414.793799,27380,33,LR,6.343215915635766e-05
1786486448.0993292,27400,33,Loss/l_ce,0.07668161392211914
1786486448.0995276,27400,33,Loss/l_total,0.07668161392211914
1786486448.0995562,27400,33,LR,6.343215915635766e-05
1786486466.2177122,27420,33,Loss/l_ce,2.2716808319091797
1786486466.217895,27420,33,Loss/l_total,2.2716808319091797
1786486466.2179246,27420,33,LR,6.343215915635766e-05
1786486490.1400764,27440,33,Loss/l_ce,0.1318647861480713
1786486490.1402447,27440,33,Loss/l_total,0.1318647861480713
1786486490.1402686,27440,33,LR,6.343215915635766e-05
1786486503.1824944,27460,33,Loss/l_ce,0.11294102668762207
1786486503.1827605,27460,33,Loss/l_total,0.11294102668762207
1786486503.1827865,27460,33,LR,6.343215915635766e-05
1786486526.834702,27480,33,Loss/l_ce,0.1741929054260254
1786486526.8349514,27480,33,Loss/l_total,0.1741929054260254
1786486526.8349707,27480,33,LR,6.343215915635766e-05
1786486539.0418358,27500,33,Loss/l_ce,2.00300931930542
1786486539.0420816,27500,33,Loss/l_total,2.00300931930542
1786486539.0423367,27500,33,LR,6.343215915635766e-05
1786486559.5372858,27520,33,Loss/l_ce,0.44665098190307617
1786486559.537443,27520,33,Loss/l_total,0.44665098190307617
1786486559.5374677,27520,33,LR,6.343215915635766e-05
1786486580.82922,27540,33,Loss/l_ce,0.11353945732116699
1786486580.8294253,27540,33,Loss/l_total,0.11353945732116699
1786486580.8294516,27540,33,LR,6.343215915635766e-05
1786486597.7494242,27560,33,Loss/l_ce,0.07633233070373535
1786486597.7496662,27560,33,Loss/l_total,0.07633233070373535
1786486597.74969,27560,33,LR,6.343215915635766e-05
1786486611.4686937,27580,33,Loss/l_ce,0.18338847160339355
1786486611.4688566,27580,33,Loss/l_total,0.18338847160339355
1786486611.4688828,27580,33,LR,6.343215915635766e-05
1786486628.6322045,27600,33,Loss/l_ce,0.15039896965026855
1786486628.6324327,27600,33,Loss/l_total,0.15039896965026855
1786486628.632454,27600,33,LR,6.343215915635766e-05
1786486789.1463249,27608,33,Val/avg_error,0.10913882404565811
1786486789.1467764,27608,33,Val/acc,0.416748046875
1786486789.1468024,27608,33,Val/sparse_auc,0.5952853732638889
1786486789.146825,27608,33,Val/sparse_pck_max,0.1
1786486789.1490984,27608,33,Val/sparse_pck_n,100.0
1786486804.369788,27620,34,Loss/l_ce,0.1290266513824463
1786486804.3700016,27620,34,Loss/l_total,0.1290266513824463
1786486804.3700647,27620,34,LR,6.157373628530858e-05
1786486828.9363487,27640,34,Loss/l_ce,0.07614493370056152
1786486828.9366384,27640,34,Loss/l_total,0.07614493370056152
1786486828.9366646,27640,34,LR,6.157373628530858e-05
1786486850.4285605,27660,34,Loss/l_ce,0.07318449020385742
1786486850.4288547,27660,34,Loss/l_total,0.07318449020385742
1786486850.428881,27660,34,LR,6.157373628530858e-05
1786486882.8105967,27680,34,Loss/l_ce,0.2974724769592285
1786486882.8107808,27680,34,Loss/l_total,0.2974724769592285
1786486882.8108068,27680,34,LR,6.157373628530858e-05
1786486909.5596914,27700,34,Loss/l_ce,0.10782909393310547
1786486909.559885,27700,34,Loss/l_total,0.10782909393310547
1786486909.5599062,27700,34,LR,6.157373628530858e-05
1786486950.8434718,27720,34,Loss/l_ce,0.10019969940185547
1786486950.8437343,27720,34,Loss/l_total,0.10019969940185547
1786486950.843759,27720,34,LR,6.157373628530858e-05
1786486976.3066835,27740,34,Loss/l_ce,0.1597580909729004
1786486976.3068497,27740,34,Loss/l_total,0.1597580909729004
1786486976.306875,27740,34,LR,6.157373628530858e-05
1786486995.301345,27760,34,Loss/l_ce,0.13768315315246582
1786486995.3015835,27760,34,Loss/l_total,0.13768315315246582
1786486995.3016064,27760,34,LR,6.157373628530858e-05
1786487028.4108665,27780,34,Loss/l_ce,0.1106116771697998
1786487028.4110897,27780,34,Loss/l_total,0.1106116771697998
1786487028.4111109,27780,34,LR,6.157373628530858e-05
1786487060.0692286,27800,34,Loss/l_ce,0.1557626724243164
1786487060.0694923,27800,34,Loss/l_total,0.1557626724243164
1786487060.069516,27800,34,LR,6.157373628530858e-05
1786487094.3444617,27820,34,Loss/l_ce,0.12282919883728027
1786487094.3446493,27820,34,Loss/l_total,0.12282919883728027
1786487094.3446705,27820,34,LR,6.157373628530858e-05
1786487133.2782097,27840,34,Loss/l_ce,0.10693120956420898
1786487133.2783937,27840,34,Loss/l_total,0.10693120956420898
1786487133.2784152,27840,34,LR,6.157373628530858e-05
1786487162.3328705,27860,34,Loss/l_ce,0.10600066184997559
1786487162.3331234,27860,34,Loss/l_total,0.10600066184997559
1786487162.3331494,27860,34,LR,6.157373628530858e-05
1786487194.4377794,27880,34,Loss/l_ce,0.09775352478027344
1786487194.4379375,27880,34,Loss/l_total,0.09775352478027344
1786487194.4379575,27880,34,LR,6.157373628530858e-05
1786487223.2328236,27900,34,Loss/l_ce,0.17308449745178223
1786487223.2329743,27900,34,Loss/l_total,0.17308449745178223
1786487223.2329955,27900,34,LR,6.157373628530858e-05
1786487247.3925552,27920,34,Loss/l_ce,0.0891866683959961
1786487247.392711,27920,34,Loss/l_total,0.0891866683959961
1786487247.3927333,27920,34,LR,6.157373628530858e-05
1786487271.4167123,27940,34,Loss/l_ce,0.6073799133300781
1786487271.4168928,27940,34,Loss/l_total,0.6073799133300781
1786487271.4169152,27940,34,LR,6.157373628530858e-05
1786487306.500792,27960,34,Loss/l_ce,0.1429579257965088
1786487306.5009642,27960,34,Loss/l_total,0.1429579257965088
1786487306.5009856,27960,34,LR,6.157373628530858e-05
1786487342.7168617,27980,34,Loss/l_ce,0.12070846557617188
1786487342.7170053,27980,34,Loss/l_total,0.12070846557617188
1786487342.7170255,27980,34,LR,6.157373628530858e-05
1786487369.195231,28000,34,Loss/l_ce,0.16205954551696777
1786487369.1954305,28000,34,Loss/l_total,0.16205954551696777
1786487369.1954637,28000,34,LR,6.157373628530858e-05
1786487395.6747622,28020,34,Loss/l_ce,0.10888838768005371
1786487395.6749985,28020,34,Loss/l_total,0.10888838768005371
1786487395.6750283,28020,34,LR,6.157373628530858e-05
1786487417.1158292,28040,34,Loss/l_ce,0.18885087966918945
1786487417.1160026,28040,34,Loss/l_total,0.18885087966918945
1786487417.1160479,28040,34,LR,6.157373628530858e-05
1786487439.830349,28060,34,Loss/l_ce,0.18628716468811035
1786487439.8306046,28060,34,Loss/l_total,0.18628716468811035
1786487439.830627,28060,34,LR,6.157373628530858e-05
1786487460.6599903,28080,34,Loss/l_ce,0.20660805702209473
1786487460.66021,28080,34,Loss/l_total,0.20660805702209473
1786487460.660235,28080,34,LR,6.157373628530858e-05
1786487479.1020193,28100,34,Loss/l_ce,0.14745140075683594
1786487479.102207,28100,34,Loss/l_total,0.14745140075683594
1786487479.1022308,28100,34,LR,6.157373628530858e-05
1786487507.1021965,28120,34,Loss/l_ce,0.12443971633911133
1786487507.102351,28120,34,Loss/l_total,0.12443971633911133
1786487507.1023724,28120,34,LR,6.157373628530858e-05
1786487542.0874157,28140,34,Loss/l_ce,0.19173049926757812
1786487542.0875905,28140,34,Loss/l_total,0.19173049926757812
1786487542.0876129,28140,34,LR,6.157373628530858e-05
1786487569.7870715,28160,34,Loss/l_ce,0.15435099601745605
1786487569.7872403,28160,34,Loss/l_total,0.15435099601745605
1786487569.787265,28160,34,LR,6.157373628530858e-05
1786487587.236073,28180,34,Loss/l_ce,0.45570969581604004
1786487587.236252,28180,34,Loss/l_total,0.45570969581604004
1786487587.236276,28180,34,LR,6.157373628530858e-05
1786487607.6456282,28200,34,Loss/l_ce,0.06367158889770508
1786487607.645804,28200,34,Loss/l_total,0.06367158889770508
1786487607.6458242,28200,34,LR,6.157373628530858e-05
1786487631.2123516,28220,34,Loss/l_ce,0.11231279373168945
1786487631.2125084,28220,34,Loss/l_total,0.11231279373168945
1786487631.212532,28220,34,LR,6.157373628530858e-05
1786487657.2627783,28240,34,Loss/l_ce,0.09212708473205566
1786487657.2629423,28240,34,Loss/l_total,0.09212708473205566
1786487657.2629695,28240,34,LR,6.157373628530858e-05
1786487677.1100266,28260,34,Loss/l_ce,0.1326291561126709
1786487677.1102889,28260,34,Loss/l_total,0.1326291561126709
1786487677.1103199,28260,34,LR,6.157373628530858e-05
1786487709.5113664,28280,34,Loss/l_ce,0.09613990783691406
1786487709.5115361,28280,34,Loss/l_total,0.09613990783691406
1786487709.5115588,28280,34,LR,6.157373628530858e-05
1786487740.7390907,28300,34,Loss/l_ce,0.144287109375
1786487740.7393174,28300,34,Loss/l_total,0.144287109375
1786487740.7393377,28300,34,LR,6.157373628530858e-05
1786487773.9923718,28320,34,Loss/l_ce,0.5851175785064697
1786487773.992679,28320,34,Loss/l_total,0.5851175785064697
1786487773.992703,28320,34,LR,6.157373628530858e-05
1786487797.6902723,28340,34,Loss/l_ce,0.12869906425476074
1786487797.6905274,28340,34,Loss/l_total,0.12869906425476074
1786487797.6905513,28340,34,LR,6.157373628530858e-05
1786487812.9887588,28360,34,Loss/l_ce,0.4001951217651367
1786487812.9889534,28360,34,Loss/l_total,0.4001951217651367
1786487812.988982,28360,34,LR,6.157373628530858e-05
1786487825.2936833,28380,34,Loss/l_ce,0.29311156272888184
1786487825.293885,28380,34,Loss/l_total,0.29311156272888184
1786487825.293911,28380,34,LR,6.157373628530858e-05
1786487838.8049936,28400,34,Loss/l_ce,0.19220185279846191
1786487838.8052905,28400,34,Loss/l_total,0.19220185279846191
1786487838.8053224,28400,34,LR,6.157373628530858e-05
1786487853.624375,28420,34,Loss/l_ce,0.0973210334777832
1786487853.6245735,28420,34,Loss/l_total,0.0973210334777832
1786487853.6245983,28420,34,LR,6.157373628530858e-05
1786487986.9628403,28420,34,Val/avg_error,0.1436622589826584
1786487986.963173,28420,34,Val/acc,0.391357421875
1786487986.963204,28420,34,Val/sparse_auc,0.5532510160195708
1786487986.9632251,28420,34,Val/sparse_pck_max,0.1
1786487986.9632475,28420,34,Val/sparse_pck_n,100.0
1786488015.3143728,28440,35,Loss/l_ce,0.23137569427490234
1786488015.3145416,28440,35,Loss/l_total,0.23137569427490234
1786488015.3145628,28440,35,LR,5.970378084704447e-05
1786488032.2915955,28460,35,Loss/l_ce,0.13184666633605957
1786488032.2918625,28460,35,Loss/l_total,0.13184666633605957
1786488032.2918873,28460,35,LR,5.970378084704447e-05
1786488059.973629,28480,35,Loss/l_ce,0.6102547645568848
1786488059.9737964,28480,35,Loss/l_total,0.6102547645568848
1786488059.9738188,28480,35,LR,5.970378084704447e-05
1786488086.1762702,28500,35,Loss/l_ce,0.13473176956176758
1786488086.17644,28500,35,Loss/l_total,0.13473176956176758
1786488086.1764627,28500,35,LR,5.970378084704447e-05
1786488106.397193,28520,35,Loss/l_ce,0.09949040412902832
1786488106.3973699,28520,35,Loss/l_total,0.09949040412902832
1786488106.397395,28520,35,LR,5.970378084704447e-05
1786488129.1741035,28540,35,Loss/l_ce,0.09910893440246582
1786488129.17429,28540,35,Loss/l_total,0.09910893440246582
1786488129.1743147,28540,35,LR,5.970378084704447e-05
1786488148.9717534,28560,35,Loss/l_ce,0.11027097702026367
1786488148.9719625,28560,35,Loss/l_total,0.11027097702026367
1786488148.972219,28560,35,LR,5.970378084704447e-05
1786488176.133604,28580,35,Loss/l_ce,0.15569496154785156
1786488176.1338093,28580,35,Loss/l_total,0.15569496154785156
1786488176.1338356,28580,35,LR,5.970378084704447e-05
1786488200.1962547,28600,35,Loss/l_ce,0.14610767364501953
1786488200.196446,28600,35,Loss/l_total,0.14610767364501953
1786488200.1964695,28600,35,LR,5.970378084704447e-05
1786488231.0674515,28620,35,Loss/l_ce,0.11589431762695312
1786488231.06767,28620,35,Loss/l_total,0.11589431762695312
1786488231.06769,28620,35,LR,5.970378084704447e-05
1786488252.8530147,28640,35,Loss/l_ce,0.1419987678527832
1786488252.8531737,28640,35,Loss/l_total,0.1419987678527832
1786488252.8531928,28640,35,LR,5.970378084704447e-05
1786488271.9404633,28660,35,Loss/l_ce,0.5373754501342773
1786488271.940772,28660,35,Loss/l_total,0.5373754501342773
1786488271.940797,28660,35,LR,5.970378084704447e-05
1786488296.967934,28680,35,Loss/l_ce,0.09951543807983398
1786488296.9681559,28680,35,Loss/l_total,0.09951543807983398
1786488296.9681785,28680,35,LR,5.970378084704447e-05
1786488321.953263,28700,35,Loss/l_ce,0.08242034912109375
1786488321.9534876,28700,35,Loss/l_total,0.08242034912109375
1786488321.953508,28700,35,LR,5.970378084704447e-05
1786488341.8608584,28720,35,Loss/l_ce,0.09717679023742676
1786488341.8610091,28720,35,Loss/l_total,0.09717679023742676
1786488341.8610282,28720,35,LR,5.970378084704447e-05
1786488370.04628,28740,35,Loss/l_ce,0.15770292282104492
1786488370.0464685,28740,35,Loss/l_total,0.15770292282104492
1786488370.046503,28740,35,LR,5.970378084704447e-05
1786488393.2978044,28760,35,Loss/l_ce,0.6436858177185059
1786488393.2979789,28760,35,Loss/l_total,0.6436858177185059
1786488393.298,28760,35,LR,5.970378084704447e-05
1786488419.2146814,28780,35,Loss/l_ce,0.3194563388824463
1786488419.214932,28780,35,Loss/l_total,0.3194563388824463
1786488419.2149568,28780,35,LR,5.970378084704447e-05
1786488443.2884057,28800,35,Loss/l_ce,0.18143296241760254
1786488443.288667,28800,35,Loss/l_total,0.18143296241760254
1786488443.2886908,28800,35,LR,5.970378084704447e-05
1786488466.3975775,28820,35,Loss/l_ce,0.10456728935241699
1786488466.3977685,28820,35,Loss/l_total,0.10456728935241699
1786488466.39779,28820,35,LR,5.970378084704447e-05
1786488487.3637102,28840,35,Loss/l_ce,0.12219023704528809
1786488487.363887,28840,35,Loss/l_total,0.12219023704528809
1786488487.3639119,28840,35,LR,5.970378084704447e-05
1786488513.5647163,28860,35,Loss/l_ce,0.18297433853149414
1786488513.5648932,28860,35,Loss/l_total,0.18297433853149414
1786488513.5649147,28860,35,LR,5.970378084704447e-05
1786488539.9033308,28880,35,Loss/l_ce,0.3527207374572754
1786488539.9035504,28880,35,Loss/l_total,0.3527207374572754
1786488539.9038367,28880,35,LR,5.970378084704447e-05
1786488560.6546838,28900,35,Loss/l_ce,0.10037875175476074
1786488560.6549287,28900,35,Loss/l_total,0.10037875175476074
1786488560.6549594,28900,35,LR,5.970378084704447e-05
1786488579.48997,28920,35,Loss/l_ce,0.17653203010559082
1786488579.4901433,28920,35,Loss/l_total,0.17653203010559082
1786488579.4901693,28920,35,LR,5.970378084704447e-05
1786488603.6453133,28940,35,Loss/l_ce,0.09052586555480957
1786488603.6454663,28940,35,Loss/l_total,0.09052586555480957
1786488603.6454866,28940,35,LR,5.970378084704447e-05
1786488624.8792617,28960,35,Loss/l_ce,0.14203691482543945
1786488624.8794599,28960,35,Loss/l_total,0.14203691482543945
1786488624.8794873,28960,35,LR,5.970378084704447e-05
1786488652.9064398,28980,35,Loss/l_ce,0.16515254974365234
1786488652.9066262,28980,35,Loss/l_total,0.16515254974365234
1786488652.9066498,28980,35,LR,5.970378084704447e-05
1786488672.0169444,29000,35,Loss/l_ce,0.0408930778503418
1786488672.0171711,29000,35,Loss/l_total,0.0408930778503418
1786488672.0171974,29000,35,LR,5.970378084704447e-05
1786488696.6462896,29020,35,Loss/l_ce,0.15119171142578125
1786488696.6464584,29020,35,Loss/l_total,0.15119171142578125
1786488696.6464808,29020,35,LR,5.970378084704447e-05
1786488723.7970188,29040,35,Loss/l_ce,0.06511044502258301
1786488723.797223,29040,35,Loss/l_total,0.06511044502258301
1786488723.7972457,29040,35,LR,5.970378084704447e-05
1786488748.1333487,29060,35,Loss/l_ce,0.19565868377685547
1786488748.1335301,29060,35,Loss/l_total,0.19565868377685547
1786488748.1335526,29060,35,LR,5.970378084704447e-05
1786488778.1713083,29080,35,Loss/l_ce,0.21210575103759766
1786488778.1714923,29080,35,Loss/l_total,0.21210575103759766
1786488778.171515,29080,35,LR,5.970378084704447e-05
1786488808.6277668,29100,35,Loss/l_ce,0.20646882057189941
1786488808.6280944,29100,35,Loss/l_total,0.20646882057189941
1786488808.6281192,29100,35,LR,5.970378084704447e-05
1786488832.1466665,29120,35,Loss/l_ce,0.12567877769470215
1786488832.1468375,29120,35,Loss/l_total,0.12567877769470215
1786488832.1468647,29120,35,LR,5.970378084704447e-05
1786488853.0786538,29140,35,Loss/l_ce,0.11118626594543457
1786488853.0788212,29140,35,Loss/l_total,0.11118626594543457
1786488853.0788472,29140,35,LR,5.970378084704447e-05
1786488875.2259488,29160,35,Loss/l_ce,0.13604021072387695
1786488875.2261934,29160,35,Loss/l_total,0.13604021072387695
1786488875.2262173,29160,35,LR,5.970378084704447e-05
1786488896.684837,29180,35,Loss/l_ce,0.31764817237854004
1786488896.6850626,29180,35,Loss/l_total,0.31764817237854004
1786488896.6850946,29180,35,LR,5.970378084704447e-05
1786488927.0152998,29200,35,Loss/l_ce,0.24980974197387695
1786488927.0155432,29200,35,Loss/l_total,0.24980974197387695
1786488927.0155659,29200,35,LR,5.970378084704447e-05
1786488945.1534433,29220,35,Loss/l_ce,0.30194640159606934
1786488945.1536274,29220,35,Loss/l_total,0.30194640159606934
1786488945.1536498,29220,35,LR,5.970378084704447e-05
1786489101.4315455,29232,35,Val/avg_error,0.14297816157341003
1786489101.4318626,29232,35,Val/acc,0.38095703125
1786489101.4318876,29232,35,Val/sparse_auc,0.5450308751578283
1786489101.4319065,29232,35,Val/sparse_pck_max,0.1
1786489101.431928,29232,35,Val/sparse_pck_n,100.0
1786489111.584732,29240,36,Loss/l_ce,0.1117560863494873
1786489111.584966,29240,36,Loss/l_total,0.1117560863494873
1786489111.584999,29240,36,LR,5.782557337881915e-05
1786489136.7575629,29260,36,Loss/l_ce,0.09769415855407715
1786489136.757798,29260,36,Loss/l_total,0.09769415855407715
1786489136.7578254,29260,36,LR,5.782557337881915e-05
1786489160.7722158,29280,36,Loss/l_ce,0.08731341361999512
1786489160.7724545,29280,36,Loss/l_total,0.08731341361999512
1786489160.7724745,29280,36,LR,5.782557337881915e-05
1786489181.6695693,29300,36,Loss/l_ce,2.517810821533203
1786489181.6698353,29300,36,Loss/l_total,2.517810821533203
1786489181.6698625,29300,36,LR,5.782557337881915e-05
1786489208.0249047,29320,36,Loss/l_ce,0.46530723571777344
1786489208.0251398,29320,36,Loss/l_total,0.46530723571777344
1786489208.0251613,29320,36,LR,5.782557337881915e-05
1786489230.6205528,29340,36,Loss/l_ce,0.0704493522644043
1786489230.6207368,29340,36,Loss/l_total,0.0704493522644043
1786489230.6207607,29340,36,LR,5.782557337881915e-05
1786489254.662659,29360,36,Loss/l_ce,0.0970010757446289
1786489254.662837,29360,36,Loss/l_total,0.0970010757446289
1786489254.6628582,29360,36,LR,5.782557337881915e-05
1786489272.6311,29380,36,Loss/l_ce,0.1257648468017578
1786489272.6313317,29380,36,Loss/l_total,0.1257648468017578
1786489272.631354,29380,36,LR,5.782557337881915e-05
1786489298.2080777,29400,36,Loss/l_ce,0.09087586402893066
1786489298.2082746,29400,36,Loss/l_total,0.09087586402893066
1786489298.2082999,29400,36,LR,5.782557337881915e-05
1786489320.38031,29420,36,Loss/l_ce,0.11615657806396484
1786489320.3805153,29420,36,Loss/l_total,0.11615657806396484
1786489320.3805616,29420,36,LR,5.782557337881915e-05
1786489340.207479,29440,36,Loss/l_ce,0.3192441463470459
1786489340.20774,29440,36,Loss/l_total,0.3192441463470459
1786489340.2077618,29440,36,LR,5.782557337881915e-05
1786489361.7239227,29460,36,Loss/l_ce,2.4913551807403564
1786489361.7241316,29460,36,Loss/l_total,2.4913551807403564
1786489361.7241602,29460,36,LR,5.782557337881915e-05
1786489385.1139047,29480,36,Loss/l_ce,0.09047508239746094
1786489385.1140945,29480,36,Loss/l_total,0.09047508239746094
1786489385.1141195,29480,36,LR,5.782557337881915e-05
1786489415.074395,29500,36,Loss/l_ce,0.11370563507080078
1786489415.074604,29500,36,Loss/l_total,0.11370563507080078
1786489415.0746264,29500,36,LR,5.782557337881915e-05
1786489431.28671,29520,36,Loss/l_ce,0.19314002990722656
1786489431.2868774,29520,36,Loss/l_total,0.19314002990722656
1786489431.2869,29520,36,LR,5.782557337881915e-05
1786489464.2651644,29540,36,Loss/l_ce,0.14292550086975098
1786489464.2653291,29540,36,Loss/l_total,0.14292550086975098
1786489464.2653494,29540,36,LR,5.782557337881915e-05
1786489482.026704,29560,36,Loss/l_ce,0.10946106910705566
1786489482.026895,29560,36,Loss/l_total,0.10946106910705566
1786489482.0269165,29560,36,LR,5.782557337881915e-05
1786489509.8823867,29580,36,Loss/l_ce,0.11044979095458984
1786489509.882717,29580,36,Loss/l_total,0.11044979095458984
1786489509.8827503,29580,36,LR,5.782557337881915e-05
1786489528.7158678,29600,36,Loss/l_ce,0.15760254859924316
1786489528.7161396,29600,36,Loss/l_total,0.15760254859924316
1786489528.716167,29600,36,LR,5.782557337881915e-05
1786489552.193532,29620,36,Loss/l_ce,0.11766505241394043
1786489552.1937551,29620,36,Loss/l_total,0.11766505241394043
1786489552.1937966,29620,36,LR,5.782557337881915e-05
1786489579.5447917,29640,36,Loss/l_ce,0.11817455291748047
1786489579.5449808,29640,36,Loss/l_total,0.11817455291748047
1786489579.5450046,29640,36,LR,5.782557337881915e-05
1786489596.2610624,29660,36,Loss/l_ce,0.24318790435791016
1786489596.26125,29660,36,Loss/l_total,0.24318790435791016
1786489596.2612748,29660,36,LR,5.782557337881915e-05
1786489625.2776327,29680,36,Loss/l_ce,0.16296052932739258
1786489625.2778203,29680,36,Loss/l_total,0.16296052932739258
1786489625.277843,29680,36,LR,5.782557337881915e-05
1786489646.7339191,29700,36,Loss/l_ce,0.17403793334960938
1786489646.7341223,29700,36,Loss/l_total,0.17403793334960938
1786489646.7341518,29700,36,LR,5.782557337881915e-05
1786489668.6884508,29720,36,Loss/l_ce,0.13935160636901855
1786489668.6886575,29720,36,Loss/l_total,0.13935160636901855
1786489668.6886811,29720,36,LR,5.782557337881915e-05
1786489691.2218053,29740,36,Loss/l_ce,0.1285691261291504
1786489691.222089,29740,36,Loss/l_total,0.1285691261291504
1786489691.2221165,29740,36,LR,5.782557337881915e-05
1786489727.4726245,29760,36,Loss/l_ce,0.08761310577392578
1786489727.4731648,29760,36,Loss/l_total,0.08761310577392578
1786489727.473191,29760,36,LR,5.782557337881915e-05
1786489748.8398118,29780,36,Loss/l_ce,0.07217264175415039
1786489748.8399708,29780,36,Loss/l_total,0.07217264175415039
1786489748.83999,29780,36,LR,5.782557337881915e-05
1786489772.3357334,29800,36,Loss/l_ce,0.10119152069091797
1786489772.335966,29800,36,Loss/l_total,0.10119152069091797
1786489772.3359935,29800,36,LR,5.782557337881915e-05
1786489802.384642,29820,36,Loss/l_ce,0.08739137649536133
1786489802.3848424,29820,36,Loss/l_total,0.08739137649536133
1786489802.3848639,29820,36,LR,5.782557337881915e-05
1786489827.099062,29840,36,Loss/l_ce,0.25315237045288086
1786489827.099291,29840,36,Loss/l_total,0.25315237045288086
1786489827.0993137,29840,36,LR,5.782557337881915e-05
1786489845.3549142,29860,36,Loss/l_ce,0.48721861839294434
1786489845.355198,29860,36,Loss/l_total,0.48721861839294434
1786489845.355223,29860,36,LR,5.782557337881915e-05
1786489864.552911,29880,36,Loss/l_ce,0.1040799617767334
1786489864.5531938,29880,36,Loss/l_total,0.1040799617767334
1786489864.5532186,29880,36,LR,5.782557337881915e-05
1786489887.6350517,29900,36,Loss/l_ce,0.10711979866027832
1786489887.6352668,29900,36,Loss/l_total,0.10711979866027832
1786489887.6352904,29900,36,LR,5.782557337881915e-05
1786489910.5787644,29920,36,Loss/l_ce,0.13248991966247559
1786489910.5790837,29920,36,Loss/l_total,0.13248991966247559
1786489910.5791218,29920,36,LR,5.782557337881915e-05
1786489939.3416638,29940,36,Loss/l_ce,0.15003013610839844
1786489939.3421612,29940,36,Loss/l_total,0.15003013610839844
1786489939.3421907,29940,36,LR,5.782557337881915e-05
1786489969.953358,29960,36,Loss/l_ce,0.10803484916687012
1786489969.9536414,29960,36,Loss/l_total,0.10803484916687012
1786489969.9536676,29960,36,LR,5.782557337881915e-05
1786490006.071198,29980,36,Loss/l_ce,0.20760393142700195
1786490006.0714297,29980,36,Loss/l_total,0.20760393142700195
1786490006.0716894,29980,36,LR,5.782557337881915e-05
1786490033.6676157,30000,36,Loss/l_ce,0.1047825813293457
1786490033.6678307,30000,36,Loss/l_total,0.1047825813293457
1786490033.6678748,30000,36,LR,5.782557337881915e-05
1786490053.680816,30020,36,Loss/l_ce,0.1459355354309082
1786490053.680981,30020,36,Loss/l_total,0.1459355354309082
1786490053.6810024,30020,36,LR,5.782557337881915e-05
1786490080.6548839,30040,36,Loss/l_ce,0.14194512367248535
1786490080.6551876,30040,36,Loss/l_total,0.14194512367248535
1786490080.6552138,30040,36,LR,5.782557337881915e-05
1786490225.4983325,30044,36,Val/avg_error,0.12152781337499619
1786490225.4986293,30044,36,Val/acc,0.417724609375
1786490225.4986591,30044,36,Val/sparse_auc,0.5872373638731061
1786490225.498678,30044,36,Val/sparse_pck_max,0.1
1786490225.4986982,30044,36,Val/sparse_pck_n,100.0
1786490248.614384,30060,37,Loss/l_ce,0.09774160385131836
1786490248.6145964,30060,37,Loss/l_total,0.09774160385131836
1786490248.6148336,30060,37,LR,5.594240889475111e-05
1786490267.8601592,30080,37,Loss/l_ce,0.1551203727722168
1786490267.8604276,30080,37,Loss/l_total,0.1551203727722168
1786490267.8604536,30080,37,LR,5.594240889475111e-05
1786490296.9388807,30100,37,Loss/l_ce,0.1692957878112793
1786490296.9391017,30100,37,Loss/l_total,0.1692957878112793
1786490296.9391315,30100,37,LR,5.594240889475111e-05
1786490323.4574401,30120,37,Loss/l_ce,0.14951705932617188
1786490323.4576812,30120,37,Loss/l_total,0.14951705932617188
1786490323.4577026,30120,37,LR,5.594240889475111e-05
1786490346.166465,30140,37,Loss/l_ce,0.14071249961853027
1786490346.1666265,30140,37,Loss/l_total,0.14071249961853027
1786490346.166649,30140,37,LR,5.594240889475111e-05
1786490371.870144,30160,37,Loss/l_ce,0.12241554260253906
1786490371.8703399,30160,37,Loss/l_total,0.12241554260253906
1786490371.8703637,30160,37,LR,5.594240889475111e-05
1786490396.8035154,30180,37,Loss/l_ce,0.32400035858154297
1786490396.803704,30180,37,Loss/l_total,0.32400035858154297
1786490396.8037302,30180,37,LR,5.594240889475111e-05
1786490422.3076851,30200,37,Loss/l_ce,0.5894653797149658
1786490422.3079262,30200,37,Loss/l_total,0.5894653797149658
1786490422.3079512,30200,37,LR,5.594240889475111e-05
1786490444.4864166,30220,37,Loss/l_ce,0.3347015380859375
1786490444.4866967,30220,37,Loss/l_total,0.3347015380859375
1786490444.4867206,30220,37,LR,5.594240889475111e-05
1786490462.5132296,30240,37,Loss/l_ce,0.36986255645751953
1786490462.5134635,30240,37,Loss/l_total,0.36986255645751953
1786490462.5137246,30240,37,LR,5.594240889475111e-05
1786490487.2496748,30260,37,Loss/l_ce,0.1758737564086914
1786490487.249841,30260,37,Loss/l_total,0.1758737564086914
1786490487.2498634,30260,37,LR,5.594240889475111e-05
1786490510.9183369,30280,37,Loss/l_ce,0.34317541122436523
1786490510.9186218,30280,37,Loss/l_total,0.34317541122436523
1786490510.9186492,30280,37,LR,5.594240889475111e-05
1786490536.4175706,30300,37,Loss/l_ce,0.06522703170776367
1786490536.4177911,30300,37,Loss/l_total,0.06522703170776367
1786490536.4178114,30300,37,LR,5.594240889475111e-05
1786490556.7410526,30320,37,Loss/l_ce,0.12720298767089844
1786490556.7412417,30320,37,Loss/l_total,0.12720298767089844
1786490556.741265,30320,37,LR,5.594240889475111e-05
1786490575.583999,30340,37,Loss/l_ce,0.2553858757019043
1786490575.5842102,30340,37,Loss/l_total,0.2553858757019043
1786490575.5842364,30340,37,LR,5.594240889475111e-05
1786490602.75749,30360,37,Loss/l_ce,0.3682692050933838
1786490602.7577121,30360,37,Loss/l_total,0.3682692050933838
1786490602.7577357,30360,37,LR,5.594240889475111e-05
1786490627.387426,30380,37,Loss/l_ce,0.3322005271911621
1786490627.3875883,30380,37,Loss/l_total,0.3322005271911621
1786490627.387612,30380,37,LR,5.594240889475111e-05
1786490652.0614548,30400,37,Loss/l_ce,0.10360407829284668
1786490652.0616271,30400,37,Loss/l_total,0.10360407829284668
1786490652.0616567,30400,37,LR,5.594240889475111e-05
1786490678.9265072,30420,37,Loss/l_ce,0.13376736640930176
1786490678.9266853,30420,37,Loss/l_total,0.13376736640930176
1786490678.926709,30420,37,LR,5.594240889475111e-05
1786490708.4676507,30440,37,Loss/l_ce,0.08394479751586914
1786490708.4678416,30440,37,Loss/l_total,0.08394479751586914
1786490708.467889,30440,37,LR,5.594240889475111e-05
1786490734.227692,30460,37,Loss/l_ce,0.0966951847076416
1786490734.227852,30460,37,Loss/l_total,0.0966951847076416
1786490734.227871,30460,37,LR,5.594240889475111e-05
1786490747.47318,30480,37,Loss/l_ce,0.18242883682250977
1786490747.4733868,30480,37,Loss/l_total,0.18242883682250977
1786490747.473408,30480,37,LR,5.594240889475111e-05
1786490763.9870913,30500,37,Loss/l_ce,0.15478873252868652
1786490763.9873025,30500,37,Loss/l_total,0.15478873252868652
1786490763.98733,30500,37,LR,5.594240889475111e-05
1786490781.3190892,30520,37,Loss/l_ce,0.17708206176757812
1786490781.319261,30520,37,Loss/l_total,0.17708206176757812
1786490781.3192863,30520,37,LR,5.594240889475111e-05
1786490799.822576,30540,37,Loss/l_ce,0.08919644355773926
1786490799.822772,30540,37,Loss/l_total,0.08919644355773926
1786490799.8227968,30540,37,LR,5.594240889475111e-05
1786490819.3536694,30560,37,Loss/l_ce,0.1243596076965332
1786490819.353826,30560,37,Loss/l_total,0.1243596076965332
1786490819.353851,30560,37,LR,5.594240889475111e-05
1786490834.8031092,30580,37,Loss/l_ce,0.15011930465698242
1786490834.8032694,30580,37,Loss/l_total,0.15011930465698242
1786490834.8032932,30580,37,LR,5.594240889475111e-05
1786490846.9788136,30600,37,Loss/l_ce,0.16100001335144043
1786490846.9789622,30600,37,Loss/l_total,0.16100001335144043
1786490846.9789858,30600,37,LR,5.594240889475111e-05
1786490860.271381,30620,37,Loss/l_ce,0.1067819595336914
1786490860.2715578,30620,37,Loss/l_total,0.1067819595336914
1786490860.2715805,30620,37,LR,5.594240889475111e-05
1786490870.1995194,30640,37,Loss/l_ce,0.10204434394836426
1786490870.1996784,30640,37,Loss/l_total,0.10204434394836426
1786490870.1997035,30640,37,LR,5.594240889475111e-05
1786490882.0124784,30660,37,Loss/l_ce,0.16282987594604492
1786490882.0126412,30660,37,Loss/l_total,0.16282987594604492
1786490882.0126662,30660,37,LR,5.594240889475111e-05
1786490892.822757,30680,37,Loss/l_ce,0.11930274963378906
1786490892.823061,30680,37,Loss/l_total,0.11930274963378906
1786490892.8231,30680,37,LR,5.594240889475111e-05
1786490920.2552354,30700,37,Loss/l_ce,0.06501412391662598
1786490920.2554967,30700,37,Loss/l_total,0.06501412391662598
1786490920.2555203,30700,37,LR,5.594240889475111e-05
1786490946.5557718,30720,37,Loss/l_ce,0.10542821884155273
1786490946.5560222,30720,37,Loss/l_total,0.10542821884155273
1786490946.55609,30720,37,LR,5.594240889475111e-05
1786490976.5740967,30740,37,Loss/l_ce,0.3292274475097656
1786490976.5742593,30740,37,Loss/l_total,0.3292274475097656
1786490976.5742805,30740,37,LR,5.594240889475111e-05
1786491006.335612,30760,37,Loss/l_ce,0.12989020347595215
1786491006.3358603,30760,37,Loss/l_total,0.12989020347595215
1786491006.335897,30760,37,LR,5.594240889475111e-05
1786491028.281693,30780,37,Loss/l_ce,0.0853414535522461
1786491028.281838,30780,37,Loss/l_total,0.0853414535522461
1786491028.2818613,30780,37,LR,5.594240889475111e-05
1786491057.6083677,30800,37,Loss/l_ce,0.29619717597961426
1786491057.608604,30800,37,Loss/l_total,0.29619717597961426
1786491057.6086454,30800,37,LR,5.594240889475111e-05
1786491082.0265567,30820,37,Loss/l_ce,0.12026047706604004
1786491082.0267286,30820,37,Loss/l_total,0.12026047706604004
1786491082.0267503,30820,37,LR,5.594240889475111e-05
1786491103.2965817,30840,37,Loss/l_ce,0.08194279670715332
1786491103.296876,30840,37,Loss/l_total,0.08194279670715332
1786491103.2969105,30840,37,LR,5.594240889475111e-05
1786491272.67174,30856,37,Val/avg_error,0.08441668748855591
1786491272.6721272,30856,37,Val/acc,0.457861328125
1786491272.6721582,30856,37,Val/sparse_auc,0.6396960325915404
1786491272.6721785,30856,37,Val/sparse_pck_max,0.1
1786491272.672201,30856,37,Val/sparse_pck_n,100.0
1786491284.06321,30860,38,Loss/l_ce,0.20027875900268555
1786491284.0634236,30860,38,Loss/l_total,0.20027875900268555
1786491284.0634427,30860,38,LR,5.405759110524899e-05
1786491311.8551166,30880,38,Loss/l_ce,0.12154340744018555
1786491311.8553338,30880,38,Loss/l_total,0.12154340744018555
1786491311.8572135,30880,38,LR,5.405759110524899e-05
1786491339.2585967,30900,38,Loss/l_ce,0.10132575035095215
1786491339.2588959,30900,38,Loss/l_total,0.10132575035095215
1786491339.2589161,30900,38,LR,5.405759110524899e-05
1786491367.831413,30920,38,Loss/l_ce,0.16282916069030762
1786491367.8316147,30920,38,Loss/l_total,0.16282916069030762
1786491367.8316362,30920,38,LR,5.405759110524899e-05
1786491386.2154698,30940,38,Loss/l_ce,2.2264692783355713
1786491386.2157001,30940,38,Loss/l_total,2.2264692783355713
1786491386.215725,30940,38,LR,5.405759110524899e-05
1786491410.8848772,30960,38,Loss/l_ce,0.1270294189453125
1786491410.88513,30960,38,Loss/l_total,0.1270294189453125
1786491410.8851538,30960,38,LR,5.405759110524899e-05
1786491434.4292722,30980,38,Loss/l_ce,2.0393261909484863
1786491434.4294467,30980,38,Loss/l_total,2.0393261909484863
1786491434.429469,30980,38,LR,5.405759110524899e-05
1786491450.2555118,31000,38,Loss/l_ce,0.09708309173583984
1786491450.2556877,31000,38,Loss/l_total,0.09708309173583984
1786491450.255709,31000,38,LR,5.405759110524899e-05
1786491472.1799128,31020,38,Loss/l_ce,0.3925304412841797
1786491472.1801193,31020,38,Loss/l_total,0.3925304412841797
1786491472.1801455,31020,38,LR,5.405759110524899e-05
1786491501.8848693,31040,38,Loss/l_ce,0.47504186630249023
1786491501.8851056,31040,38,Loss/l_total,0.47504186630249023
1786491501.8851304,31040,38,LR,5.405759110524899e-05
1786491524.5979817,31060,38,Loss/l_ce,0.13071250915527344
1786491524.5982597,31060,38,Loss/l_total,0.13071250915527344
1786491524.5983057,31060,38,LR,5.405759110524899e-05
1786491546.753454,31080,38,Loss/l_ce,0.12160778045654297
1786491546.7537427,31080,38,Loss/l_total,0.12160778045654297
1786491546.753771,31080,38,LR,5.405759110524899e-05
1786491567.3420224,31100,38,Loss/l_ce,0.19747471809387207
1786491567.342305,31100,38,Loss/l_total,0.19747471809387207
1786491567.3423276,31100,38,LR,5.405759110524899e-05
1786491588.481601,31120,38,Loss/l_ce,0.09356975555419922
1786491588.4817896,31120,38,Loss/l_total,0.09356975555419922
1786491588.4818113,31120,38,LR,5.405759110524899e-05
1786491616.4100966,31140,38,Loss/l_ce,0.11194896697998047
1786491616.410252,31140,38,Loss/l_total,0.11194896697998047
1786491616.4102724,31140,38,LR,5.405759110524899e-05
1786491640.1773999,31160,38,Loss/l_ce,0.17338228225708008
1786491640.177584,31160,38,Loss/l_total,0.17338228225708008
1786491640.1776063,31160,38,LR,5.405759110524899e-05
1786491663.0749395,31180,38,Loss/l_ce,0.1782243251800537
1786491663.0751045,31180,38,Loss/l_total,0.1782243251800537
1786491663.0751271,31180,38,LR,5.405759110524899e-05
1786491691.6722593,31200,38,Loss/l_ce,0.1186063289642334
1786491691.6724443,31200,38,Loss/l_total,0.1186063289642334
1786491691.6724634,31200,38,LR,5.405759110524899e-05
1786491713.6302137,31220,38,Loss/l_ce,0.14990973472595215
1786491713.6304927,31220,38,Loss/l_total,0.14990973472595215
1786491713.63052,31220,38,LR,5.405759110524899e-05
1786491736.3743796,31240,38,Loss/l_ce,0.41918230056762695
1786491736.3745408,31240,38,Loss/l_total,0.41918230056762695
1786491736.3745646,31240,38,LR,5.405759110524899e-05
1786491749.36735,31260,38,Loss/l_ce,0.11814618110656738
1786491749.367527,31260,38,Loss/l_total,0.11814618110656738
1786491749.3675506,31260,38,LR,5.405759110524899e-05
1786491764.746318,31280,38,Loss/l_ce,0.07818365097045898
1786491764.7465081,31280,38,Loss/l_total,0.07818365097045898
1786491764.7465317,31280,38,LR,5.405759110524899e-05
1786491778.1811104,31300,38,Loss/l_ce,0.191298246383667
1786491778.181324,31300,38,Loss/l_total,0.191298246383667
1786491778.1813488,31300,38,LR,5.405759110524899e-05
1786491792.0639918,31320,38,Loss/l_ce,0.4927377700805664
1786491792.0642128,31320,38,Loss/l_total,0.4927377700805664
1786491792.0642388,31320,38,LR,5.405759110524899e-05
1786491805.016567,31340,38,Loss/l_ce,0.11123847961425781
1786491805.016756,31340,38,Loss/l_total,0.11123847961425781
1786491805.0167785,31340,38,LR,5.405759110524899e-05
1786491823.1656072,31360,38,Loss/l_ce,0.08483624458312988
1786491823.165783,31360,38,Loss/l_total,0.08483624458312988
1786491823.165802,31360,38,LR,5.405759110524899e-05
1786491836.0656517,31380,38,Loss/l_ce,0.12070298194885254
1786491836.0658143,31380,38,Loss/l_total,0.12070298194885254
1786491836.065837,31380,38,LR,5.405759110524899e-05
1786491844.6374288,31400,38,Loss/l_ce,0.12821269035339355
1786491844.6375988,31400,38,Loss/l_total,0.12821269035339355
1786491844.6376235,31400,38,LR,5.405759110524899e-05
1786491857.889236,31420,38,Loss/l_ce,0.08766961097717285
1786491857.8893998,31420,38,Loss/l_total,0.08766961097717285
1786491857.8894248,31420,38,LR,5.405759110524899e-05
1786491871.9666002,31440,38,Loss/l_ce,0.10497474670410156
1786491871.9667747,31440,38,Loss/l_total,0.10497474670410156
1786491871.9667995,31440,38,LR,5.405759110524899e-05
1786491886.5655773,31460,38,Loss/l_ce,0.16120529174804688
1786491886.5657232,31460,38,Loss/l_total,0.16120529174804688
1786491886.5657444,31460,38,LR,5.405759110524899e-05
1786491915.845777,31480,38,Loss/l_ce,0.12730836868286133
1786491915.8460774,31480,38,Loss/l_total,0.12730836868286133
1786491915.846106,31480,38,LR,5.405759110524899e-05
1786491938.408508,31500,38,Loss/l_ce,0.11111330986022949
1786491938.4087503,31500,38,Loss/l_total,0.11111330986022949
1786491938.4087741,31500,38,LR,5.405759110524899e-05
1786491966.2341914,31520,38,Loss/l_ce,0.11081123352050781
1786491966.234442,31520,38,Loss/l_total,0.11081123352050781
1786491966.2344668,31520,38,LR,5.405759110524899e-05
1786491986.664097,31540,38,Loss/l_ce,0.10915160179138184
1786491986.6643143,31540,38,Loss/l_total,0.10915160179138184
1786491986.664336,31540,38,LR,5.405759110524899e-05
1786492006.8386602,31560,38,Loss/l_ce,0.14832019805908203
1786492006.8388777,31560,38,Loss/l_total,0.14832019805908203
1786492006.8389084,31560,38,LR,5.405759110524899e-05
1786492032.9644196,31580,38,Loss/l_ce,0.14757061004638672
1786492032.964593,31580,38,Loss/l_total,0.14757061004638672
1786492032.9646168,31580,38,LR,5.405759110524899e-05
1786492058.551266,31600,38,Loss/l_ce,0.15028715133666992
1786492058.5514383,31600,38,Loss/l_total,0.15028715133666992
1786492058.5514596,31600,38,LR,5.405759110524899e-05
1786492083.4198284,31620,38,Loss/l_ce,0.14116764068603516
1786492083.4200077,31620,38,Loss/l_total,0.14116764068603516
1786492083.42013,31620,38,LR,5.405759110524899e-05
1786492111.5347154,31640,38,Loss/l_ce,0.08189272880554199
1786492111.5350955,31640,38,Loss/l_total,0.08189272880554199
1786492111.5351205,31640,38,LR,5.405759110524899e-05
1786492134.603026,31660,38,Loss/l_ce,0.10352468490600586
1786492134.6032658,31660,38,Loss/l_total,0.10352468490600586
1786492134.603286,31660,38,LR,5.405759110524899e-05
1786492282.6815755,31668,38,Val/avg_error,0.11590099334716797
1786492282.682182,31668,38,Val/acc,0.426416015625
1786492282.6822143,31668,38,Val/sparse_auc,0.5978532887468435
1786492282.682473,31668,38,Val/sparse_pck_max,0.1
1786492282.6824908,31668,38,Val/sparse_pck_n,100.0
1786492297.3533235,31680,39,Loss/l_ce,0.2085590362548828
1786492297.3536725,31680,39,Loss/l_total,0.2085590362548828
1786492297.3536952,31680,39,LR,5.217442662118095e-05
1786492322.2844439,31700,39,Loss/l_ce,0.1384725570678711
1786492322.284641,31700,39,Loss/l_total,0.1384725570678711
1786492322.284666,31700,39,LR,5.217442662118095e-05
1786492349.8394196,31720,39,Loss/l_ce,0.15301823616027832
1786492349.8396418,31720,39,Loss/l_total,0.15301823616027832
1786492349.839663,31720,39,LR,5.217442662118095e-05
1786492380.0279284,31740,39,Loss/l_ce,0.4209299087524414
1786492380.028124,31740,39,Loss/l_total,0.4209299087524414
1786492380.0281456,31740,39,LR,5.217442662118095e-05
1786492400.3323667,31760,39,Loss/l_ce,0.14780402183532715
1786492400.33258,31760,39,Loss/l_total,0.14780402183532715
1786492400.33261,31760,39,LR,5.217442662118095e-05
1786492428.9529378,31780,39,Loss/l_ce,0.13965988159179688
1786492428.9532452,31780,39,Loss/l_total,0.13965988159179688
1786492428.9532678,31780,39,LR,5.217442662118095e-05
1786492448.2043757,31800,39,Loss/l_ce,0.10406970977783203
1786492448.20463,31800,39,Loss/l_total,0.10406970977783203
1786492448.2046573,31800,39,LR,5.217442662118095e-05
1786492470.7374506,31820,39,Loss/l_ce,0.18185162544250488
1786492470.7376904,31820,39,Loss/l_total,0.18185162544250488
1786492470.7377179,31820,39,LR,5.217442662118095e-05
1786492502.139055,31840,39,Loss/l_ce,0.10913658142089844
1786492502.139485,31840,39,Loss/l_total,0.10913658142089844
1786492502.139535,31840,39,LR,5.217442662118095e-05
1786492532.6746957,31860,39,Loss/l_ce,0.1482083797454834
1786492532.6748986,31860,39,Loss/l_total,0.1482083797454834
1786492532.6749237,31860,39,LR,5.217442662118095e-05
1786492563.9030716,31880,39,Loss/l_ce,0.2139744758605957
1786492563.903258,31880,39,Loss/l_total,0.2139744758605957
1786492563.9032843,31880,39,LR,5.217442662118095e-05
1786492593.4128456,31900,39,Loss/l_ce,1.3381049633026123
1786492593.4130557,31900,39,Loss/l_total,1.3381049633026123
1786492593.413082,31900,39,LR,5.217442662118095e-05
1786492621.3035617,31920,39,Loss/l_ce,0.10367560386657715
1786492621.3037732,31920,39,Loss/l_total,0.10367560386657715
1786492621.3037994,31920,39,LR,5.217442662118095e-05
1786492643.1185353,31940,39,Loss/l_ce,0.1784348487854004
1786492643.1187453,31940,39,Loss/l_total,0.1784348487854004
1786492643.1187656,31940,39,LR,5.217442662118095e-05
1786492677.2352204,31960,39,Loss/l_ce,0.08374500274658203
1786492677.2354188,31960,39,Loss/l_total,0.08374500274658203
1786492677.2354522,31960,39,LR,5.217442662118095e-05
1786492697.760947,31980,39,Loss/l_ce,0.35439300537109375
1786492697.7611275,31980,39,Loss/l_total,0.35439300537109375
1786492697.7611487,31980,39,LR,5.217442662118095e-05
1786492722.1678755,32000,39,Loss/l_ce,0.6101436614990234
1786492722.1681604,32000,39,Loss/l_total,0.6101436614990234
1786492722.1681852,32000,39,LR,5.217442662118095e-05
1786492747.529432,32020,39,Loss/l_ce,0.12618255615234375
1786492747.5296206,32020,39,Loss/l_total,0.12618255615234375
1786492747.529646,32020,39,LR,5.217442662118095e-05
1786492769.9130068,32040,39,Loss/l_ce,0.1694176197052002
1786492769.9133134,32040,39,Loss/l_total,0.1694176197052002
1786492769.9155977,32040,39,LR,5.217442662118095e-05
1786492797.9467025,32060,39,Loss/l_ce,0.10318970680236816
1786492797.9470243,32060,39,Loss/l_total,0.10318970680236816
1786492797.947371,32060,39,LR,5.217442662118095e-05
1786492823.2520943,32080,39,Loss/l_ce,0.16557073593139648
1786492823.2523425,32080,39,Loss/l_total,0.16557073593139648
1786492823.2523687,32080,39,LR,5.217442662118095e-05
1786492843.083401,32100,39,Loss/l_ce,0.3902716636657715
1786492843.0836585,32100,39,Loss/l_total,0.3902716636657715
1786492843.083687,32100,39,LR,5.217442662118095e-05
1786492862.8378801,32120,39,Loss/l_ce,0.24491477012634277
1786492862.8381128,32120,39,Loss/l_total,0.24491477012634277
1786492862.8381412,32120,39,LR,5.217442662118095e-05
1786492889.1174676,32140,39,Loss/l_ce,0.12105464935302734
1786492889.1176553,32140,39,Loss/l_total,0.12105464935302734
1786492889.117679,32140,39,LR,5.217442662118095e-05
1786492916.1040132,32160,39,Loss/l_ce,0.1479959487915039
1786492916.104302,32160,39,Loss/l_total,0.1479959487915039
1786492916.1043303,32160,39,LR,5.217442662118095e-05
1786492946.10349,32180,39,Loss/l_ce,0.10691595077514648
1786492946.103698,32180,39,Loss/l_total,0.10691595077514648
1786492946.1037216,32180,39,LR,5.217442662118095e-05
1786492977.8569663,32200,39,Loss/l_ce,0.13590621948242188
1786492977.8572998,32200,39,Loss/l_total,0.13590621948242188
1786492977.8573282,32200,39,LR,5.217442662118095e-05
1786493002.455189,32220,39,Loss/l_ce,0.09923648834228516
1786493002.4554098,32220,39,Loss/l_total,0.09923648834228516
1786493002.4554348,32220,39,LR,5.217442662118095e-05
1786493021.3586545,32240,39,Loss/l_ce,0.10449051856994629
1786493021.3588943,32240,39,Loss/l_total,0.10449051856994629
1786493021.3589263,32240,39,LR,5.217442662118095e-05
1786493039.660295,32260,39,Loss/l_ce,0.2463855743408203
1786493039.6604826,32260,39,Loss/l_total,0.2463855743408203
1786493039.660506,32260,39,LR,5.217442662118095e-05
1786493058.7152143,32280,39,Loss/l_ce,0.08741140365600586
1786493058.7154186,32280,39,Loss/l_total,0.08741140365600586
1786493058.7154388,32280,39,LR,5.217442662118095e-05
1786493089.721755,32300,39,Loss/l_ce,0.04195547103881836
1786493089.7219725,32300,39,Loss/l_total,0.04195547103881836
1786493089.7219927,32300,39,LR,5.217442662118095e-05
1786493118.304993,32320,39,Loss/l_ce,0.16309690475463867
1786493118.3052614,32320,39,Loss/l_total,0.16309690475463867
1786493118.3052838,32320,39,LR,5.217442662118095e-05
1786493146.48829,32340,39,Loss/l_ce,0.15470576286315918
1786493146.4884503,32340,39,Loss/l_total,0.15470576286315918
1786493146.4884765,32340,39,LR,5.217442662118095e-05
1786493169.2186108,32360,39,Loss/l_ce,0.11818623542785645
1786493169.218797,32360,39,Loss/l_total,0.11818623542785645
1786493169.2188196,32360,39,LR,5.217442662118095e-05
1786493185.5427258,32380,39,Loss/l_ce,0.12001943588256836
1786493185.5429513,32380,39,Loss/l_total,0.12001943588256836
1786493185.542974,32380,39,LR,5.217442662118095e-05
1786493213.1191328,32400,39,Loss/l_ce,0.09941649436950684
1786493213.1192906,32400,39,Loss/l_total,0.09941649436950684
1786493213.1193118,32400,39,LR,5.217442662118095e-05
1786493242.694692,32420,39,Loss/l_ce,0.1609959602355957
1786493242.6948745,32420,39,Loss/l_total,0.1609959602355957
1786493242.6948948,32420,39,LR,5.217442662118095e-05
1786493266.8329504,32440,39,Loss/l_ce,0.10817909240722656
1786493266.8331807,32440,39,Loss/l_total,0.10817909240722656
1786493266.8332055,32440,39,LR,5.217442662118095e-05
1786493289.6373656,32460,39,Loss/l_ce,0.16263723373413086
1786493289.6376042,32460,39,Loss/l_total,0.16263723373413086
1786493289.6376243,32460,39,LR,5.217442662118095e-05
1786493311.0407662,32480,39,Loss/l_ce,0.12182760238647461
1786493311.0410974,32480,39,Loss/l_total,0.12182760238647461
1786493311.0411236,32480,39,LR,5.217442662118095e-05
1786493460.534526,32480,39,Val/avg_error,0.13218440115451813
1786493460.534885,32480,39,Val/acc,0.408544921875
1786493460.5349133,32480,39,Val/sparse_auc,0.5728002683080808
1786493460.5351746,32480,39,Val/sparse_pck_max,0.1
1786493460.5352185,32480,39,Val/sparse_pck_n,100.0
1786493496.1377053,32500,40,Loss/l_ce,0.10454797744750977
1786493496.1379924,32500,40,Loss/l_total,0.10454797744750977
1786493496.1380186,32500,40,LR,5.029621915295564e-05
1786493520.6967134,32520,40,Loss/l_ce,0.1108248233795166
1786493520.69716,32520,40,Loss/l_total,0.1108248233795166
1786493520.6971884,32520,40,LR,5.029621915295564e-05
1786493544.0367112,32540,40,Loss/l_ce,0.12067294120788574
1786493544.0369394,32540,40,Loss/l_total,0.12067294120788574
1786493544.0369627,32540,40,LR,5.029621915295564e-05
1786493566.9338818,32560,40,Loss/l_ce,0.11464715003967285
1786493566.9342806,32560,40,Loss/l_total,0.11464715003967285
1786493566.9343069,32560,40,LR,5.029621915295564e-05
1786493596.9617786,32580,40,Loss/l_ce,0.09879541397094727
1786493596.9621181,32580,40,Loss/l_total,0.09879541397094727
1786493596.9623806,32580,40,LR,5.029621915295564e-05
1786493609.7718937,32600,40,Loss/l_ce,0.14752769470214844
1786493609.77209,32600,40,Loss/l_total,0.14752769470214844
1786493609.772116,32600,40,LR,5.029621915295564e-05
1786493618.9763877,32620,40,Loss/l_ce,2.673706531524658
1786493618.9766088,32620,40,Loss/l_total,2.673706531524658
1786493618.976635,32620,40,LR,5.029621915295564e-05
1786493635.246144,32640,40,Loss/l_ce,0.10421037673950195
1786493635.246335,32640,40,Loss/l_total,0.10421037673950195
1786493635.246361,32640,40,LR,5.029621915295564e-05
1786493649.9352748,32660,40,Loss/l_ce,0.07705450057983398
1786493649.935454,32660,40,Loss/l_total,0.07705450057983398
1786493649.9354765,32660,40,LR,5.029621915295564e-05
1786493663.741692,32680,40,Loss/l_ce,0.2281348705291748
1786493663.7418668,32680,40,Loss/l_total,0.2281348705291748
1786493663.741888,32680,40,LR,5.029621915295564e-05
1786493671.4593418,32700,40,Loss/l_ce,0.15552330017089844
1786493671.4594972,32700,40,Loss/l_total,0.15552330017089844
1786493671.459521,32700,40,LR,5.029621915295564e-05
1786493688.0490992,32720,40,Loss/l_ce,0.08416509628295898
1786493688.049277,32720,40,Loss/l_total,0.08416509628295898
1786493688.0493,32720,40,LR,5.029621915295564e-05
1786493700.6836157,32740,40,Loss/l_ce,0.16128873825073242
1786493700.6837795,32740,40,Loss/l_total,0.16128873825073242
1786493700.683801,32740,40,LR,5.029621915295564e-05
1786493717.8053212,32760,40,Loss/l_ce,0.14154911041259766
1786493717.805485,32760,40,Loss/l_total,0.14154911041259766
1786493717.8055077,32760,40,LR,5.029621915295564e-05
1786493732.0625694,32780,40,Loss/l_ce,0.11026549339294434
1786493732.0627153,32780,40,Loss/l_total,0.11026549339294434
1786493732.0627356,32780,40,LR,5.029621915295564e-05
1786493750.0048332,32800,40,Loss/l_ce,0.11844825744628906
1786493750.0051754,32800,40,Loss/l_total,0.11844825744628906
1786493750.0052028,32800,40,LR,5.029621915295564e-05
1786493765.3773162,32820,40,Loss/l_ce,0.17632532119750977
1786493765.3778553,32820,40,Loss/l_total,0.17632532119750977
1786493765.3778956,32820,40,LR,5.029621915295564e-05
1786493789.6456175,32840,40,Loss/l_ce,0.31421899795532227
1786493789.6460733,32840,40,Loss/l_total,0.31421899795532227
1786493789.6461043,32840,40,LR,5.029621915295564e-05
1786493809.1929045,32860,40,Loss/l_ce,0.08890151977539062
1786493809.1931942,32860,40,Loss/l_total,0.08890151977539062
1786493809.1932192,32860,40,LR,5.029621915295564e-05
1786493829.473414,32880,40,Loss/l_ce,0.13618254661560059
1786493829.4735813,32880,40,Loss/l_total,0.13618254661560059
1786493829.4736037,32880,40,LR,5.029621915295564e-05
1786493846.35946,32900,40,Loss/l_ce,0.19300103187561035
1786493846.3597424,32900,40,Loss/l_total,0.19300103187561035
1786493846.3597686,32900,40,LR,5.029621915295564e-05
1786493866.413946,32920,40,Loss/l_ce,0.2795548439025879
1786493866.4141347,32920,40,Loss/l_total,0.2795548439025879
1786493866.4141595,32920,40,LR,5.029621915295564e-05
1786493887.741798,32940,40,Loss/l_ce,0.11778879165649414
1786493887.7419665,32940,40,Loss/l_total,0.11778879165649414
1786493887.7419891,32940,40,LR,5.029621915295564e-05
1786493907.9811816,32960,40,Loss/l_ce,0.20216727256774902
1786493907.9813504,32960,40,Loss/l_total,0.20216727256774902
1786493907.9813728,32960,40,LR,5.029621915295564e-05
1786493930.5193675,32980,40,Loss/l_ce,0.1961994171142578
1786493930.5195587,32980,40,Loss/l_total,0.1961994171142578
1786493930.5195823,32980,40,LR,5.029621915295564e-05
1786493952.569895,33000,40,Loss/l_ce,0.08593988418579102
1786493952.5701997,33000,40,Loss/l_total,0.08593988418579102
1786493952.5702262,33000,40,LR,5.029621915295564e-05
1786493978.724916,33020,40,Loss/l_ce,0.18118786811828613
1786493978.7252424,33020,40,Loss/l_total,0.18118786811828613
1786493978.7252684,33020,40,LR,5.029621915295564e-05
1786493998.4665942,33040,40,Loss/l_ce,0.08203649520874023
1786493998.466845,33040,40,Loss/l_total,0.08203649520874023
1786493998.4668663,33040,40,LR,5.029621915295564e-05
1786494028.3434637,33060,40,Loss/l_ce,0.12613964080810547
1786494028.3437045,33060,40,Loss/l_total,0.12613964080810547
1786494028.3437283,33060,40,LR,5.029621915295564e-05
1786494050.543428,33080,40,Loss/l_ce,0.04522991180419922
1786494050.5436344,33080,40,Loss/l_total,0.04522991180419922
1786494050.5436592,33080,40,LR,5.029621915295564e-05
1786494077.3928268,33100,40,Loss/l_ce,0.09515833854675293
1786494077.3930538,33100,40,Loss/l_total,0.09515833854675293
1786494077.3933005,33100,40,LR,5.029621915295564e-05
1786494099.4052024,33120,40,Loss/l_ce,0.19158673286437988
1786494099.4054244,33120,40,Loss/l_total,0.19158673286437988
1786494099.4054482,33120,40,LR,5.029621915295564e-05
1786494126.5877964,33140,40,Loss/l_ce,0.13579750061035156
1786494126.587971,33140,40,Loss/l_total,0.13579750061035156
1786494126.5880053,33140,40,LR,5.029621915295564e-05
1786494151.7393079,33160,40,Loss/l_ce,0.05525088310241699
1786494151.7395678,33160,40,Loss/l_total,0.05525088310241699
1786494151.7395976,33160,40,LR,5.029621915295564e-05
1786494182.0803504,33180,40,Loss/l_ce,0.11892819404602051
1786494182.0806165,33180,40,Loss/l_total,0.11892819404602051
1786494182.080639,33180,40,LR,5.029621915295564e-05
1786494208.024011,33200,40,Loss/l_ce,0.19566750526428223
1786494208.0242069,33200,40,Loss/l_total,0.19566750526428223
1786494208.0242307,33200,40,LR,5.029621915295564e-05
1786494234.470006,33220,40,Loss/l_ce,0.06484699249267578
1786494234.4702234,33220,40,Loss/l_total,0.06484699249267578
1786494234.470245,33220,40,LR,5.029621915295564e-05
1786494256.5878038,33240,40,Loss/l_ce,0.0833137035369873
1786494256.5880105,33240,40,Loss/l_total,0.0833137035369873
1786494256.588065,33240,40,LR,5.029621915295564e-05
1786494282.2923303,33260,40,Loss/l_ce,0.11070489883422852
1786494282.2925746,33260,40,Loss/l_total,0.11070489883422852
1786494282.2925985,33260,40,LR,5.029621915295564e-05
1786494305.6899009,33280,40,Loss/l_ce,0.11340975761413574
1786494305.6901133,33280,40,Loss/l_total,0.11340975761413574
1786494305.6901407,33280,40,LR,5.029621915295564e-05
1786494470.3577905,33292,40,Val/avg_error,0.12740054726600647
1786494470.3581858,33292,40,Val/acc,0.394775390625
1786494470.3582118,33292,40,Val/sparse_auc,0.5673325047348484
1786494470.358232,33292,40,Val/sparse_pck_max,0.1
1786494470.3582532,33292,40,Val/sparse_pck_n,100.0
1786494482.021609,33300,41,Loss/l_ce,0.08052420616149902
1786494482.0217896,33300,41,Loss/l_total,0.08052420616149902
1786494482.0218108,33300,41,LR,4.842626371469153e-05
1786494502.9504087,33320,41,Loss/l_ce,0.07076692581176758
1786494502.950582,33320,41,Loss/l_total,0.07076692581176758
1786494502.9506023,33320,41,LR,4.842626371469153e-05
1786494529.7213469,33340,41,Loss/l_ce,0.2308640480041504
1786494529.7215142,33340,41,Loss/l_total,0.2308640480041504
1786494529.7215357,33340,41,LR,4.842626371469153e-05
1786494552.0575845,33360,41,Loss/l_ce,0.1264505386352539
1786494552.0577948,33360,41,Loss/l_total,0.1264505386352539
1786494552.057815,33360,41,LR,4.842626371469153e-05
1786494576.3299289,33380,41,Loss/l_ce,0.1130974292755127
1786494576.3301022,33380,41,Loss/l_total,0.1130974292755127
1786494576.3301249,33380,41,LR,4.842626371469153e-05
1786494597.6500168,33400,41,Loss/l_ce,0.1451249122619629
1786494597.6502423,33400,41,Loss/l_total,0.1451249122619629
1786494597.650272,33400,41,LR,4.842626371469153e-05
1786494622.1632278,33420,41,Loss/l_ce,0.09711956977844238
1786494622.1633906,33420,41,Loss/l_total,0.09711956977844238
1786494622.1634142,33420,41,LR,4.842626371469153e-05
1786494647.8369658,33440,41,Loss/l_ce,0.15260028839111328
1786494647.8371892,33440,41,Loss/l_total,0.15260028839111328
1786494647.8372126,33440,41,LR,4.842626371469153e-05
1786494675.1886005,33460,41,Loss/l_ce,0.15241432189941406
1786494675.18885,33460,41,Loss/l_total,0.15241432189941406
1786494675.1888738,33460,41,LR,4.842626371469153e-05
1786494703.9720128,33480,41,Loss/l_ce,0.09644722938537598
1786494703.9722764,33480,41,Loss/l_total,0.09644722938537598
1786494703.9723048,33480,41,LR,4.842626371469153e-05
1786494727.7058365,33500,41,Loss/l_ce,0.12558698654174805
1786494727.7060823,33500,41,Loss/l_total,0.12558698654174805
1786494727.706105,33500,41,LR,4.842626371469153e-05
1786494750.983145,33520,41,Loss/l_ce,0.11759805679321289
1786494750.9833314,33520,41,Loss/l_total,0.11759805679321289
1786494750.9835713,33520,41,LR,4.842626371469153e-05
1786494774.0825548,33540,41,Loss/l_ce,0.1307814121246338
1786494774.082758,33540,41,Loss/l_total,0.1307814121246338
1786494774.0827804,33540,41,LR,4.842626371469153e-05
1786494796.145297,33560,41,Loss/l_ce,0.10909748077392578
1786494796.145456,33560,41,Loss/l_total,0.10909748077392578
1786494796.1454775,33560,41,LR,4.842626371469153e-05
1786494819.8703766,33580,41,Loss/l_ce,0.1291508674621582
1786494819.8705392,33580,41,Loss/l_total,0.1291508674621582
1786494819.8705595,33580,41,LR,4.842626371469153e-05
1786494843.515233,33600,41,Loss/l_ce,0.10001516342163086
1786494843.5153968,33600,41,Loss/l_total,0.10001516342163086
1786494843.5154183,33600,41,LR,4.842626371469153e-05
1786494868.6173368,33620,41,Loss/l_ce,0.116607666015625
1786494868.61751,33620,41,Loss/l_total,0.116607666015625
1786494868.6175303,33620,41,LR,4.842626371469153e-05
1786494893.662156,33640,41,Loss/l_ce,0.06067228317260742
1786494893.6624315,33640,41,Loss/l_total,0.06067228317260742
1786494893.6624587,33640,41,LR,4.842626371469153e-05
1786494918.40565,33660,41,Loss/l_ce,0.10593128204345703
1786494918.405916,33660,41,Loss/l_total,0.10593128204345703
1786494918.405942,33660,41,LR,4.842626371469153e-05
1786494950.290166,33680,41,Loss/l_ce,0.09112262725830078
1786494950.2903845,33680,41,Loss/l_total,0.09112262725830078
1786494950.2904072,33680,41,LR,4.842626371469153e-05
1786494983.108549,33700,41,Loss/l_ce,0.10085797309875488
1786494983.1088006,33700,41,Loss/l_total,0.10085797309875488
1786494983.1088462,33700,41,LR,4.842626371469153e-05
1786495003.8685222,33720,41,Loss/l_ce,0.09333157539367676
1786495003.8686838,33720,41,Loss/l_total,0.09333157539367676
1786495003.8687062,33720,41,LR,4.842626371469153e-05
1786495030.3352704,33740,41,Loss/l_ce,0.20992469787597656
1786495030.3354697,33740,41,Loss/l_total,0.20992469787597656
1786495030.335495,33740,41,LR,4.842626371469153e-05
1786495057.2381434,33760,41,Loss/l_ce,0.09950399398803711
1786495057.238318,33760,41,Loss/l_total,0.09950399398803711
1786495057.2383406,33760,41,LR,4.842626371469153e-05
1786495072.108593,33780,41,Loss/l_ce,0.07940244674682617
1786495072.1087923,33780,41,Loss/l_total,0.07940244674682617
1786495072.1088173,33780,41,LR,4.842626371469153e-05
1786495092.1938279,33800,41,Loss/l_ce,0.1019430160522461
1786495092.1940227,33800,41,Loss/l_total,0.1019430160522461
1786495092.194451,33800,41,LR,4.842626371469153e-05
1786495111.4278674,33820,41,Loss/l_ce,0.12499046325683594
1786495111.4281297,33820,41,Loss/l_total,0.12499046325683594
1786495111.428155,33820,41,LR,4.842626371469153e-05
1786495128.7157404,33840,41,Loss/l_ce,0.10512113571166992
1786495128.715946,33840,41,Loss/l_total,0.10512113571166992
1786495128.7159708,33840,41,LR,4.842626371469153e-05
1786495150.396721,33860,41,Loss/l_ce,0.0915079116821289
1786495150.3969264,33860,41,Loss/l_total,0.0915079116821289
1786495150.3969476,33860,41,LR,4.842626371469153e-05
1786495173.5330682,33880,41,Loss/l_ce,0.11871480941772461
1786495173.5332654,33880,41,Loss/l_total,0.11871480941772461
1786495173.5332866,33880,41,LR,4.842626371469153e-05
1786495193.4795272,33900,41,Loss/l_ce,0.8221547603607178
1786495193.4797316,33900,41,Loss/l_total,0.8221547603607178
1786495193.479753,33900,41,LR,4.842626371469153e-05
1786495220.910908,33920,41,Loss/l_ce,0.35983991622924805
1786495220.91113,33920,41,Loss/l_total,0.35983991622924805
1786495220.9111547,33920,41,LR,4.842626371469153e-05
1786495238.1563482,33940,41,Loss/l_ce,0.10071659088134766
1786495238.156538,33940,41,Loss/l_total,0.10071659088134766
1786495238.1565642,33940,41,LR,4.842626371469153e-05
1786495264.7104354,33960,41,Loss/l_ce,0.10384392738342285
1786495264.7107153,33960,41,Loss/l_total,0.10384392738342285
1786495264.710737,33960,41,LR,4.842626371469153e-05
1786495286.6931863,33980,41,Loss/l_ce,0.159224271774292
1786495286.6934118,33980,41,Loss/l_total,0.159224271774292
1786495286.6936567,33980,41,LR,4.842626371469153e-05
1786495311.3602116,34000,41,Loss/l_ce,0.13652372360229492
1786495311.3604102,34000,41,Loss/l_total,0.13652372360229492
1786495311.3604314,34000,41,LR,4.842626371469153e-05
1786495331.4162822,34020,41,Loss/l_ce,0.043654680252075195
1786495331.4164639,34020,41,Loss/l_total,0.043654680252075195
1786495331.4164865,34020,41,LR,4.842626371469153e-05
1786495355.9383042,34040,41,Loss/l_ce,0.09615254402160645
1786495355.938455,34040,41,Loss/l_total,0.09615254402160645
1786495355.9384754,34040,41,LR,4.842626371469153e-05
1786495372.9871225,34060,41,Loss/l_ce,0.11388039588928223
1786495372.9873326,34060,41,Loss/l_total,0.11388039588928223
1786495372.9873538,34060,41,LR,4.842626371469153e-05
1786495398.1935723,34080,41,Loss/l_ce,0.1021885871887207
1786495398.1937492,34080,41,Loss/l_total,0.1021885871887207
1786495398.1937695,34080,41,LR,4.842626371469153e-05
1786495418.4923797,34100,41,Loss/l_ce,0.07697677612304688
1786495418.4925315,34100,41,Loss/l_total,0.07697677612304688
1786495418.4925516,34100,41,LR,4.842626371469153e-05
1786495573.293868,34104,41,Val/avg_error,0.10825987905263901
1786495573.294344,34104,41,Val/acc,0.407275390625
1786495573.294369,34104,41,Val/sparse_auc,0.5888795178345959
1786495573.2943845,34104,41,Val/sparse_pck_max,0.1
1786495573.294401,34104,41,Val/sparse_pck_n,100.0
1786495593.1026425,34120,42,Loss/l_ce,0.0926961898803711
1786495593.1028156,34120,42,Loss/l_total,0.0926961898803711
1786495593.102837,34120,42,LR,4.656784084364243e-05
1786495618.6761794,34140,42,Loss/l_ce,0.08490300178527832
1786495618.676359,34140,42,Loss/l_total,0.08490300178527832
1786495618.6763813,34140,42,LR,4.656784084364243e-05
1786495647.5005083,34160,42,Loss/l_ce,0.14525985717773438
1786495647.5006795,34160,42,Loss/l_total,0.14525985717773438
1786495647.5007033,34160,42,LR,4.656784084364243e-05
1786495674.978613,34180,42,Loss/l_ce,0.13589835166931152
1786495674.9787898,34180,42,Loss/l_total,0.13589835166931152
1786495674.9788115,34180,42,LR,4.656784084364243e-05
1786495701.4774115,34200,42,Loss/l_ce,0.13723015785217285
1786495701.4775875,34200,42,Loss/l_total,0.13723015785217285
1786495701.4776099,34200,42,LR,4.656784084364243e-05
1786495730.2145088,34220,42,Loss/l_ce,0.16179394721984863
1786495730.214674,34220,42,Loss/l_total,0.16179394721984863
1786495730.2146964,34220,42,LR,4.656784084364243e-05
1786495751.080243,34240,42,Loss/l_ce,0.09447169303894043
1786495751.0804021,34240,42,Loss/l_total,0.09447169303894043
1786495751.0804248,34240,42,LR,4.656784084364243e-05
1786495780.6566105,34260,42,Loss/l_ce,0.15670347213745117
1786495780.6567888,34260,42,Loss/l_total,0.15670347213745117
1786495780.6568112,34260,42,LR,4.656784084364243e-05
1786495803.25046,34280,42,Loss/l_ce,0.10685896873474121
1786495803.2506058,34280,42,Loss/l_total,0.10685896873474121
1786495803.2506237,34280,42,LR,4.656784084364243e-05
1786495827.2148137,34300,42,Loss/l_ce,0.09474563598632812
1786495827.2149775,34300,42,Loss/l_total,0.09474563598632812
1786495827.2150002,34300,42,LR,4.656784084364243e-05
1786495853.779607,34320,42,Loss/l_ce,0.08526086807250977
1786495853.7797565,34320,42,Loss/l_total,0.08526086807250977
1786495853.7797794,34320,42,LR,4.656784084364243e-05
1786495868.4708664,34340,42,Loss/l_ce,0.09493541717529297
1786495868.4710636,34340,42,Loss/l_total,0.09493541717529297
1786495868.4710875,34340,42,LR,4.656784084364243e-05
1786495889.2298057,34360,42,Loss/l_ce,0.12499785423278809
1786495889.2299817,34360,42,Loss/l_total,0.12499785423278809
1786495889.2300029,34360,42,LR,4.656784084364243e-05
1786495919.8695219,34380,42,Loss/l_ce,0.1245875358581543
1786495919.869825,34380,42,Loss/l_total,0.1245875358581543
1786495919.8698473,34380,42,LR,4.656784084364243e-05
1786495952.6316767,34400,42,Loss/l_ce,0.22046327590942383
1786495952.6318858,34400,42,Loss/l_total,0.22046327590942383
1786495952.6319094,34400,42,LR,4.656784084364243e-05
1786495990.3180132,34420,42,Loss/l_ce,0.09883952140808105
1786495990.3182518,34420,42,Loss/l_total,0.09883952140808105
1786495990.318277,34420,42,LR,4.656784084364243e-05
1786496012.7783155,34440,42,Loss/l_ce,0.0906977653503418
1786496012.7785316,34440,42,Loss/l_total,0.0906977653503418
1786496012.7785542,34440,42,LR,4.656784084364243e-05
1786496027.6947775,34460,42,Loss/l_ce,0.08785820007324219
1786496027.6949925,34460,42,Loss/l_total,0.08785820007324219
1786496027.6950293,34460,42,LR,4.656784084364243e-05
1786496048.1304436,34480,42,Loss/l_ce,0.96592116355896
1786496048.130617,34480,42,Loss/l_total,0.96592116355896
1786496048.130642,34480,42,LR,4.656784084364243e-05
1786496073.0291333,34500,42,Loss/l_ce,0.11306905746459961
1786496073.0292985,34500,42,Loss/l_total,0.11306905746459961
1786496073.02932,34500,42,LR,4.656784084364243e-05
1786496094.6411777,34520,42,Loss/l_ce,2.3388707637786865
1786496094.6413925,34520,42,Loss/l_total,2.3388707637786865
1786496094.6414208,34520,42,LR,4.656784084364243e-05
1786496116.8801417,34540,42,Loss/l_ce,0.09932732582092285
1786496116.8803554,34540,42,Loss/l_total,0.09932732582092285
1786496116.8803768,34540,42,LR,4.656784084364243e-05
1786496140.2987475,34560,42,Loss/l_ce,0.14367461204528809
1786496140.2989507,34560,42,Loss/l_total,0.14367461204528809
1786496140.298972,34560,42,LR,4.656784084364243e-05
1786496156.4197893,34580,42,Loss/l_ce,0.12198233604431152
1786496156.4200006,34580,42,Loss/l_total,0.12198233604431152
1786496156.420022,34580,42,LR,4.656784084364243e-05
1786496184.0191333,34600,42,Loss/l_ce,0.08541655540466309
1786496184.0192974,34600,42,Loss/l_total,0.08541655540466309
1786496184.0193198,34600,42,LR,4.656784084364243e-05
1786496207.591748,34620,42,Loss/l_ce,0.15900421142578125
1786496207.5919807,34620,42,Loss/l_total,0.15900421142578125
1786496207.5920033,34620,42,LR,4.656784084364243e-05
1786496238.5612872,34640,42,Loss/l_ce,0.08175802230834961
1786496238.5615175,34640,42,Loss/l_total,0.08175802230834961
1786496238.5615377,34640,42,LR,4.656784084364243e-05
1786496259.7242749,34660,42,Loss/l_ce,0.098175048828125
1786496259.7244802,34660,42,Loss/l_total,0.098175048828125
1786496259.7245088,34660,42,LR,4.656784084364243e-05
1786496300.6097753,34680,42,Loss/l_ce,0.07921767234802246
1786496300.6099796,34680,42,Loss/l_total,0.07921767234802246
1786496300.6100035,34680,42,LR,4.656784084364243e-05
1786496323.0048368,34700,42,Loss/l_ce,0.11394500732421875
1786496323.0050187,34700,42,Loss/l_total,0.11394500732421875
1786496323.0050755,34700,42,LR,4.656784084364243e-05
1786496354.0219703,34720,42,Loss/l_ce,0.27735090255737305
1786496354.0222042,34720,42,Loss/l_total,0.27735090255737305
1786496354.0222325,34720,42,LR,4.656784084364243e-05
1786496374.380356,34740,42,Loss/l_ce,0.141249418258667
1786496374.3805199,34740,42,Loss/l_total,0.141249418258667
1786496374.3805425,34740,42,LR,4.656784084364243e-05
1786496397.9745533,34760,42,Loss/l_ce,0.2112879753112793
1786496397.9748158,34760,42,Loss/l_total,0.2112879753112793
1786496397.9748394,34760,42,LR,4.656784084364243e-05
1786496420.9687772,34780,42,Loss/l_ce,0.06793522834777832
1786496420.9690266,34780,42,Loss/l_total,0.06793522834777832
1786496420.9691868,34780,42,LR,4.656784084364243e-05
1786496444.649332,34800,42,Loss/l_ce,0.16814947128295898
1786496444.6495826,34800,42,Loss/l_total,0.16814947128295898
1786496444.6496038,34800,42,LR,4.656784084364243e-05
1786496460.2005372,34820,42,Loss/l_ce,0.16105437278747559
1786496460.2007103,34820,42,Loss/l_total,0.16105437278747559
1786496460.2007365,34820,42,LR,4.656784084364243e-05
1786496484.1682692,34840,42,Loss/l_ce,0.1968224048614502
1786496484.1684825,34840,42,Loss/l_total,0.1968224048614502
1786496484.1685076,34840,42,LR,4.656784084364243e-05
1786496501.8716965,34860,42,Loss/l_ce,0.34779882431030273
1786496501.8718994,34860,42,Loss/l_total,0.34779882431030273
1786496501.8719244,34860,42,LR,4.656784084364243e-05
1786496530.9616604,34880,42,Loss/l_ce,0.09830594062805176
1786496530.9618444,34880,42,Loss/l_total,0.09830594062805176
1786496530.9618647,34880,42,LR,4.656784084364243e-05
1786496554.0477846,34900,42,Loss/l_ce,0.2273259162902832
1786496554.047952,34900,42,Loss/l_total,0.2273259162902832
1786496554.0479743,34900,42,LR,4.656784084364243e-05
1786496691.877598,34916,42,Val/avg_error,0.15363702178001404
1786496691.877914,34916,42,Val/acc,0.342822265625
1786496691.8779387,34916,42,Val/sparse_auc,0.5161554509943181
1786496691.877959,34916,42,Val/sparse_pck_max,0.1
1786496691.877977,34916,42,Val/sparse_pck_n,100.0
1786496694.8626378,34920,43,Loss/l_ce,0.0845787525177002
1786496694.8628767,34920,43,Loss/l_total,0.0845787525177002
1786496694.8629029,34920,43,LR,4.4724210845020534e-05
1786496719.434189,34940,43,Loss/l_ce,0.08704066276550293
1786496719.4344716,34940,43,Loss/l_total,0.08704066276550293
1786496719.4344978,34940,43,LR,4.4724210845020534e-05
1786496748.9473524,34960,43,Loss/l_ce,0.2669074535369873
1786496748.947641,34960,43,Loss/l_total,0.2669074535369873
1786496748.9476633,34960,43,LR,4.4724210845020534e-05
1786496769.7557328,34980,43,Loss/l_ce,0.25182151794433594
1786496769.7559488,34980,43,Loss/l_total,0.25182151794433594
1786496769.75597,34980,43,LR,4.4724210845020534e-05
1786496784.9774508,35000,43,Loss/l_ce,0.3633847236633301
1786496784.9776633,35000,43,Loss/l_total,0.3633847236633301
1786496784.9776871,35000,43,LR,4.4724210845020534e-05
1786496810.0145462,35020,43,Loss/l_ce,0.2408454418182373
1786496810.0147505,35020,43,Loss/l_total,0.2408454418182373
1786496810.014772,35020,43,LR,4.4724210845020534e-05
1786496829.4214368,35040,43,Loss/l_ce,0.10112428665161133
1786496829.4216764,35040,43,Loss/l_total,0.10112428665161133
1786496829.4217014,35040,43,LR,4.4724210845020534e-05
1786496850.9368057,35060,43,Loss/l_ce,0.34970521926879883
1786496850.9369862,35060,43,Loss/l_total,0.34970521926879883
1786496850.937006,35060,43,LR,4.4724210845020534e-05
1786496877.87283,35080,43,Loss/l_ce,0.08913922309875488
1786496877.8730686,35080,43,Loss/l_total,0.08913922309875488
1786496877.8730946,35080,43,LR,4.4724210845020534e-05
1786496891.9773808,35100,43,Loss/l_ce,0.21692919731140137
1786496891.9775507,35100,43,Loss/l_total,0.21692919731140137
1786496891.9775758,35100,43,LR,4.4724210845020534e-05
1786496916.6694357,35120,43,Loss/l_ce,0.5562787055969238
1786496916.6696255,35120,43,Loss/l_total,0.5562787055969238
1786496916.6696508,35120,43,LR,4.4724210845020534e-05
1786496937.923396,35140,43,Loss/l_ce,0.06834578514099121
1786496937.9235537,35140,43,Loss/l_total,0.06834578514099121
1786496937.9235775,35140,43,LR,4.4724210845020534e-05
1786496952.9597158,35160,43,Loss/l_ce,0.15080785751342773
1786496952.959938,35160,43,Loss/l_total,0.15080785751342773
1786496952.959957,35160,43,LR,4.4724210845020534e-05
1786496975.674076,35180,43,Loss/l_ce,0.14105582237243652
1786496975.6742802,35180,43,Loss/l_total,0.14105582237243652
1786496975.6743028,35180,43,LR,4.4724210845020534e-05
1786497007.1390944,35200,43,Loss/l_ce,0.14167284965515137
1786497007.1392806,35200,43,Loss/l_total,0.14167284965515137
1786497007.1393068,35200,43,LR,4.4724210845020534e-05
1786497022.1632168,35220,43,Loss/l_ce,1.3936188220977783
1786497022.1634805,35220,43,Loss/l_total,1.3936188220977783
1786497022.163508,35220,43,LR,4.4724210845020534e-05
1786497045.9517372,35240,43,Loss/l_ce,0.0972437858581543
1786497045.9519367,35240,43,Loss/l_total,0.0972437858581543
1786497045.951964,35240,43,LR,4.4724210845020534e-05
1786497067.2983892,35260,43,Loss/l_ce,0.13366460800170898
1786497067.29854,35260,43,Loss/l_total,0.13366460800170898
1786497067.2985601,35260,43,LR,4.4724210845020534e-05
1786497091.5934374,35280,43,Loss/l_ce,0.09187602996826172
1786497091.593631,35280,43,Loss/l_total,0.09187602996826172
1786497091.5936534,35280,43,LR,4.4724210845020534e-05
1786497114.9436052,35300,43,Loss/l_ce,0.1194467544555664
1786497114.9437618,35300,43,Loss/l_total,0.1194467544555664
1786497114.9437835,35300,43,LR,4.4724210845020534e-05
1786497135.1965244,35320,43,Loss/l_ce,0.17315387725830078
1786497135.1966927,35320,43,Loss/l_total,0.17315387725830078
1786497135.1967165,35320,43,LR,4.4724210845020534e-05
1786497156.6435227,35340,43,Loss/l_ce,0.0921182632446289
1786497156.6437294,35340,43,Loss/l_total,0.0921182632446289
1786497156.6437569,35340,43,LR,4.4724210845020534e-05
1786497174.094601,35360,43,Loss/l_ce,0.1313786506652832
1786497174.094817,35360,43,Loss/l_total,0.1313786506652832
1786497174.094842,35360,43,LR,4.4724210845020534e-05
1786497198.7301917,35380,43,Loss/l_ce,0.14650845527648926
1786497198.7304053,35380,43,Loss/l_total,0.14650845527648926
1786497198.7304301,35380,43,LR,4.4724210845020534e-05
1786497211.884248,35400,43,Loss/l_ce,0.1052558422088623
1786497211.8844204,35400,43,Loss/l_total,0.1052558422088623
1786497211.884444,35400,43,LR,4.4724210845020534e-05
1786497235.449029,35420,43,Loss/l_ce,0.1683187484741211
1786497235.4492402,35420,43,Loss/l_total,0.1683187484741211
1786497235.4492688,35420,43,LR,4.4724210845020534e-05
1786497264.1894922,35440,43,Loss/l_ce,0.1460094451904297
1786497264.1896942,35440,43,Loss/l_total,0.1460094451904297
1786497264.1897204,35440,43,LR,4.4724210845020534e-05
1786497288.5002966,35460,43,Loss/l_ce,0.11298656463623047
1786497288.5005293,35460,43,Loss/l_total,0.11298656463623047
1786497288.500558,35460,43,LR,4.4724210845020534e-05
1786497310.9800103,35480,43,Loss/l_ce,0.1395564079284668
1786497310.9803119,35480,43,Loss/l_total,0.1395564079284668
1786497310.9803581,35480,43,LR,4.4724210845020534e-05
1786497328.4926887,35500,43,Loss/l_ce,0.1289196014404297
1786497328.4929202,35500,43,Loss/l_total,0.1289196014404297
1786497328.4929438,35500,43,LR,4.4724210845020534e-05
1786497356.9913826,35520,43,Loss/l_ce,0.3704357147216797
1786497356.9916427,35520,43,Loss/l_total,0.3704357147216797
1786497356.9916687,35520,43,LR,4.4724210845020534e-05
1786497381.1683118,35540,43,Loss/l_ce,0.1102750301361084
1786497381.168497,35540,43,Loss/l_total,0.1102750301361084
1786497381.168521,35540,43,LR,4.4724210845020534e-05
1786497409.3647556,35560,43,Loss/l_ce,0.17140817642211914
1786497409.3649836,35560,43,Loss/l_total,0.17140817642211914
1786497409.3650122,35560,43,LR,4.4724210845020534e-05
1786497435.767928,35580,43,Loss/l_ce,0.209550142288208
1786497435.7681012,35580,43,Loss/l_total,0.209550142288208
1786497435.7681236,35580,43,LR,4.4724210845020534e-05
1786497462.015455,35600,43,Loss/l_ce,0.10364413261413574
1786497462.015614,35600,43,Loss/l_total,0.10364413261413574
1786497462.0156364,35600,43,LR,4.4724210845020534e-05
1786497485.3520534,35620,43,Loss/l_ce,0.11963009834289551
1786497485.352292,35620,43,Loss/l_total,0.11963009834289551
1786497485.3523135,35620,43,LR,4.4724210845020534e-05
1786497501.5521097,35640,43,Loss/l_ce,0.10934615135192871
1786497501.5523984,35640,43,Loss/l_total,0.10934615135192871
1786497501.5524218,35640,43,LR,4.4724210845020534e-05
1786497519.5448437,35660,43,Loss/l_ce,0.07552003860473633
1786497519.5450742,35660,43,Loss/l_total,0.07552003860473633
1786497519.5451016,35660,43,LR,4.4724210845020534e-05
1786497544.1579475,35680,43,Loss/l_ce,0.1293952465057373
1786497544.1581569,35680,43,Loss/l_total,0.1293952465057373
1786497544.158184,35680,43,LR,4.4724210845020534e-05
1786497557.6543608,35700,43,Loss/l_ce,0.07915616035461426
1786497557.6545532,35700,43,Loss/l_total,0.07915616035461426
1786497557.6545792,35700,43,LR,4.4724210845020534e-05
1786497577.0897481,35720,43,Loss/l_ce,0.14738106727600098
1786497577.0899003,35720,43,Loss/l_total,0.14738106727600098
1786497577.0899239,35720,43,LR,4.4724210845020534e-05
1786497723.1078293,35728,43,Val/avg_error,0.15899625420570374
1786497723.1081605,35728,43,Val/acc,0.3650390625
1786497723.1081855,35728,43,Val/sparse_auc,0.5261987551294192
1786497723.1082032,35728,43,Val/sparse_pck_max,0.1
1786497723.1082199,35728,43,Val/sparse_pck_n,100.0
1786497739.478615,35740,44,Loss/l_ce,0.06209731101989746
1786497739.478791,35740,44,Loss/l_total,0.06209731101989746
1786497739.4788134,35740,44,LR,4.2898608072313085e-05
1786497765.5772324,35760,44,Loss/l_ce,0.9114711284637451
1786497765.5774484,35760,44,Loss/l_total,0.9114711284637451
1786497765.577471,35760,44,LR,4.2898608072313085e-05
1786497782.1555839,35780,44,Loss/l_ce,0.12231040000915527
1786497782.155845,35780,44,Loss/l_total,0.12231040000915527
1786497782.1558723,35780,44,LR,4.2898608072313085e-05
1786497805.610572,35800,44,Loss/l_ce,0.6149945259094238
1786497805.610788,35800,44,Loss/l_total,0.6149945259094238
1786497805.610818,35800,44,LR,4.2898608072313085e-05
1786497832.0558393,35820,44,Loss/l_ce,0.07009220123291016
1786497832.0560684,35820,44,Loss/l_total,0.07009220123291016
1786497832.0560944,35820,44,LR,4.2898608072313085e-05
1786497858.2731788,35840,44,Loss/l_ce,0.057736873626708984
1786497858.2733572,35840,44,Loss/l_total,0.057736873626708984
1786497858.2733784,35840,44,LR,4.2898608072313085e-05
1786497881.8219895,35860,44,Loss/l_ce,0.09796953201293945
1786497881.822245,35860,44,Loss/l_total,0.09796953201293945
1786497881.8222651,35860,44,LR,4.2898608072313085e-05
1786497908.7975407,35880,44,Loss/l_ce,0.07812809944152832
1786497908.797715,35880,44,Loss/l_total,0.07812809944152832
1786497908.7977352,35880,44,LR,4.2898608072313085e-05
1786497923.677255,35900,44,Loss/l_ce,0.04836130142211914
1786497923.6774614,35900,44,Loss/l_total,0.04836130142211914
1786497923.677483,35900,44,LR,4.2898608072313085e-05
1786497945.7649999,35920,44,Loss/l_ce,0.40486741065979004
1786497945.7651803,35920,44,Loss/l_total,0.40486741065979004
1786497945.7652006,35920,44,LR,4.2898608072313085e-05
1786497973.1691515,35940,44,Loss/l_ce,0.15361618995666504
1786497973.1693108,35940,44,Loss/l_total,0.15361618995666504
1786497973.1693332,35940,44,LR,4.2898608072313085e-05
1786497985.8083577,35960,44,Loss/l_ce,0.142897367477417
1786497985.808525,35960,44,Loss/l_total,0.142897367477417
1786497985.8085477,35960,44,LR,4.2898608072313085e-05
1786498010.1626482,35980,44,Loss/l_ce,0.10222530364990234
1786498010.1628075,35980,44,Loss/l_total,0.10222530364990234
1786498010.1628275,35980,44,LR,4.2898608072313085e-05
1786498030.0109427,36000,44,Loss/l_ce,0.0867772102355957
1786498030.0111303,36000,44,Loss/l_total,0.0867772102355957
1786498030.0111566,36000,44,LR,4.2898608072313085e-05
1786498051.0733254,36020,44,Loss/l_ce,0.10222220420837402
1786498051.0735662,36020,44,Loss/l_total,0.10222220420837402
1786498051.0735946,36020,44,LR,4.2898608072313085e-05
1786498069.7692876,36040,44,Loss/l_ce,0.3190135955810547
1786498069.7695146,36040,44,Loss/l_total,0.3190135955810547
1786498069.7695384,36040,44,LR,4.2898608072313085e-05
1786498089.179636,36060,44,Loss/l_ce,0.08388233184814453
1786498089.1798437,36060,44,Loss/l_total,0.08388233184814453
1786498089.1798675,36060,44,LR,4.2898608072313085e-05
1786498113.8124676,36080,44,Loss/l_ce,0.10981988906860352
1786498113.8127546,36080,44,Loss/l_total,0.10981988906860352
1786498113.8127773,36080,44,LR,4.2898608072313085e-05
1786498140.8494012,36100,44,Loss/l_ce,0.09205436706542969
1786498140.8496032,36100,44,Loss/l_total,0.09205436706542969
1786498140.8496232,36100,44,LR,4.2898608072313085e-05
1786498159.4194276,36120,44,Loss/l_ce,0.1418311595916748
1786498159.419607,36120,44,Loss/l_total,0.1418311595916748
1786498159.4196296,36120,44,LR,4.2898608072313085e-05
1786498179.0817351,36140,44,Loss/l_ce,0.1170506477355957
1786498179.081931,36140,44,Loss/l_total,0.1170506477355957
1786498179.0819535,36140,44,LR,4.2898608072313085e-05
1786498196.6225195,36160,44,Loss/l_ce,0.11824989318847656
1786498196.6226943,36160,44,Loss/l_total,0.11824989318847656
1786498196.6227143,36160,44,LR,4.2898608072313085e-05
1786498214.4061847,36180,44,Loss/l_ce,0.19944167137145996
1786498214.406345,36180,44,Loss/l_total,0.19944167137145996
1786498214.4063675,36180,44,LR,4.2898608072313085e-05
1786498240.1786437,36200,44,Loss/l_ce,0.27143239974975586
1786498240.1792004,36200,44,Loss/l_total,0.27143239974975586
1786498240.1792312,36200,44,LR,4.2898608072313085e-05
1786498258.7938654,36220,44,Loss/l_ce,0.07703781127929688
1786498258.7940733,36220,44,Loss/l_total,0.07703781127929688
1786498258.7941017,36220,44,LR,4.2898608072313085e-05
1786498281.564497,36240,44,Loss/l_ce,0.14885306358337402
1786498281.564668,36240,44,Loss/l_total,0.14885306358337402
1786498281.5646927,36240,44,LR,4.2898608072313085e-05
1786498302.1773865,36260,44,Loss/l_ce,0.2146759033203125
1786498302.177555,36260,44,Loss/l_total,0.2146759033203125
1786498302.17758,36260,44,LR,4.2898608072313085e-05
1786498312.4523308,36280,44,Loss/l_ce,0.11515545845031738
1786498312.4524946,36280,44,Loss/l_total,0.11515545845031738
1786498312.452517,36280,44,LR,4.2898608072313085e-05
1786498324.480611,36300,44,Loss/l_ce,0.10350370407104492
1786498324.4807737,36300,44,Loss/l_total,0.10350370407104492
1786498324.4807951,36300,44,LR,4.2898608072313085e-05
1786498336.8825455,36320,44,Loss/l_ce,0.31572628021240234
1786498336.8827093,36320,44,Loss/l_total,0.31572628021240234
1786498336.882733,36320,44,LR,4.2898608072313085e-05
1786498350.0312107,36340,44,Loss/l_ce,0.08285331726074219
1786498350.0314016,36340,44,Loss/l_total,0.08285331726074219
1786498350.0314412,36340,44,LR,4.2898608072313085e-05
1786498365.2173593,36360,44,Loss/l_ce,0.11614751815795898
1786498365.2175362,36360,44,Loss/l_total,0.11614751815795898
1786498365.21756,36360,44,LR,4.2898608072313085e-05
1786498379.0698957,36380,44,Loss/l_ce,0.10203790664672852
1786498379.0701249,36380,44,Loss/l_total,0.10203790664672852
1786498379.0701509,36380,44,LR,4.2898608072313085e-05
1786498393.604668,36400,44,Loss/l_ce,0.10833501815795898
1786498393.6048377,36400,44,Loss/l_total,0.10833501815795898
1786498393.60486,36400,44,LR,4.2898608072313085e-05
1786498410.4043036,36420,44,Loss/l_ce,0.37691426277160645
1786498410.4044867,36420,44,Loss/l_total,0.37691426277160645
1786498410.4045115,36420,44,LR,4.2898608072313085e-05
1786498419.5106218,36440,44,Loss/l_ce,0.16690707206726074
1786498419.5107927,36440,44,Loss/l_total,0.16690707206726074
1786498419.510814,36440,44,LR,4.2898608072313085e-05
1786498430.0638332,36460,44,Loss/l_ce,0.16150975227355957
1786498430.0640056,36460,44,Loss/l_total,0.16150975227355957
1786498430.0640268,36460,44,LR,4.2898608072313085e-05
1786498437.6275806,36480,44,Loss/l_ce,0.2240161895751953
1786498437.627779,36480,44,Loss/l_total,0.2240161895751953
1786498437.6278038,36480,44,LR,4.2898608072313085e-05
1786498466.0080779,36500,44,Loss/l_ce,0.1455526351928711
1786498466.0082726,36500,44,Loss/l_total,0.1455526351928711
1786498466.008295,36500,44,LR,4.2898608072313085e-05
1786498483.9986093,36520,44,Loss/l_ce,0.16382360458374023
1786498483.9987957,36520,44,Loss/l_total,0.16382360458374023
1786498483.9988208,36520,44,LR,4.2898608072313085e-05
1786498499.8294306,36540,44,Loss/l_ce,0.13147449493408203
1786498499.829612,36540,44,Loss/l_total,0.13147449493408203
1786498499.8296347,36540,44,LR,4.2898608072313085e-05
1786498633.948499,36540,44,Val/avg_error,0.12483038753271103
1786498633.9489238,36540,44,Val/acc,0.394775390625
1786498633.948949,36540,44,Val/sparse_auc,0.5691241023516413
1786498633.9492218,36540,44,Val/sparse_pck_max,0.1
1786498633.9492397,36540,44,Val/sparse_pck_n,100.0
1786498653.2041888,36560,45,Loss/l_ce,0.08883547782897949
1786498653.2046175,36560,45,Loss/l_total,0.08883547782897949
1786498653.2046413,36560,45,LR,4.10942352531274e-05
1786498671.4409544,36580,45,Loss/l_ce,0.08172869682312012
1786498671.4411917,36580,45,Loss/l_total,0.08172869682312012
1786498671.441219,36580,45,LR,4.10942352531274e-05
1786498683.7511714,36600,45,Loss/l_ce,0.19860029220581055
1786498683.7513208,36600,45,Loss/l_total,0.19860029220581055
1786498683.751342,36600,45,LR,4.10942352531274e-05
1786498700.066997,36620,45,Loss/l_ce,0.301511287689209
1786498700.0672085,36620,45,Loss/l_total,0.301511287689209
1786498700.0672345,36620,45,LR,4.10942352531274e-05
1786498723.0362475,36640,45,Loss/l_ce,0.11008715629577637
1786498723.0364316,36640,45,Loss/l_total,0.11008715629577637
1786498723.0364542,36640,45,LR,4.10942352531274e-05
1786498746.6130652,36660,45,Loss/l_ce,0.12344503402709961
1786498746.6132636,36660,45,Loss/l_total,0.12344503402709961
1786498746.6132884,36660,45,LR,4.10942352531274e-05
1786498766.177612,36680,45,Loss/l_ce,0.11135292053222656
1786498766.17777,36680,45,Loss/l_total,0.11135292053222656
1786498766.1777916,36680,45,LR,4.10942352531274e-05
1786498785.639173,36700,45,Loss/l_ce,0.09674310684204102
1786498785.6393428,36700,45,Loss/l_total,0.09674310684204102
1786498785.6393654,36700,45,LR,4.10942352531274e-05
1786498810.5031095,36720,45,Loss/l_ce,0.09766602516174316
1786498810.5032768,36720,45,Loss/l_total,0.09766602516174316
1786498810.5033007,36720,45,LR,4.10942352531274e-05
1786498833.226758,36740,45,Loss/l_ce,0.4728267192840576
1786498833.22693,36740,45,Loss/l_total,0.4728267192840576
1786498833.2269537,36740,45,LR,4.10942352531274e-05
1786498855.7501593,36760,45,Loss/l_ce,0.3428034782409668
1786498855.7503579,36760,45,Loss/l_total,0.3428034782409668
1786498855.7503827,36760,45,LR,4.10942352531274e-05
1786498880.4387991,36780,45,Loss/l_ce,0.07994866371154785
1786498880.4390936,36780,45,Loss/l_total,0.07994866371154785
1786498880.4391398,36780,45,LR,4.10942352531274e-05
1786498900.243576,36800,45,Loss/l_ce,0.07341575622558594
1786498900.2438183,36800,45,Loss/l_total,0.07341575622558594
1786498900.2438395,36800,45,LR,4.10942352531274e-05
1786498918.2145784,36820,45,Loss/l_ce,0.08944249153137207
1786498918.2147944,36820,45,Loss/l_total,0.08944249153137207
1786498918.2148197,36820,45,LR,4.10942352531274e-05
1786498938.5456448,36840,45,Loss/l_ce,0.16005229949951172
1786498938.5458431,36840,45,Loss/l_total,0.16005229949951172
1786498938.545867,36840,45,LR,4.10942352531274e-05
1786498965.837645,36860,45,Loss/l_ce,0.1669478416442871
1786498965.8378139,36860,45,Loss/l_total,0.1669478416442871
1786498965.8378336,36860,45,LR,4.10942352531274e-05
1786498990.3441792,36880,45,Loss/l_ce,0.10776925086975098
1786498990.3443534,36880,45,Loss/l_total,0.10776925086975098
1786498990.344376,36880,45,LR,4.10942352531274e-05
1786499019.4263136,36900,45,Loss/l_ce,0.18961620330810547
1786499019.4266,36900,45,Loss/l_total,0.18961620330810547
1786499019.4266248,36900,45,LR,4.10942352531274e-05
1786499044.483382,36920,45,Loss/l_ce,0.21231317520141602
1786499044.483571,36920,45,Loss/l_total,0.21231317520141602
1786499044.4835935,36920,45,LR,4.10942352531274e-05
1786499066.7677975,36940,45,Loss/l_ce,0.07648658752441406
1786499066.767997,36940,45,Loss/l_total,0.07648658752441406
1786499066.7680182,36940,45,LR,4.10942352531274e-05
1786499090.7359974,36960,45,Loss/l_ce,0.13286447525024414
1786499090.7361934,36960,45,Loss/l_total,0.13286447525024414
1786499090.736217,36960,45,LR,4.10942352531274e-05
1786499108.608632,36980,45,Loss/l_ce,0.11362624168395996
1786499108.608796,36980,45,Loss/l_total,0.11362624168395996
1786499108.6088197,36980,45,LR,4.10942352531274e-05
1786499140.6618829,37000,45,Loss/l_ce,0.16750741004943848
1786499140.6621952,37000,45,Loss/l_total,0.16750741004943848
1786499140.662225,37000,45,LR,4.10942352531274e-05
1786499164.380478,37020,45,Loss/l_ce,0.0758371353149414
1786499164.3806705,37020,45,Loss/l_total,0.0758371353149414
1786499164.380693,37020,45,LR,4.10942352531274e-05
1786499187.0083551,37040,45,Loss/l_ce,0.3964803218841553
1786499187.0085604,37040,45,Loss/l_total,0.3964803218841553
1786499187.008609,37040,45,LR,4.10942352531274e-05
1786499208.535792,37060,45,Loss/l_ce,0.2312450408935547
1786499208.5359702,37060,45,Loss/l_total,0.2312450408935547
1786499208.5359976,37060,45,LR,4.10942352531274e-05
1786499226.783323,37080,45,Loss/l_ce,0.1787097454071045
1786499226.7834952,37080,45,Loss/l_total,0.1787097454071045
1786499226.7835155,37080,45,LR,4.10942352531274e-05
1786499239.0829234,37100,45,Loss/l_ce,0.15382647514343262
1786499239.0831566,37100,45,Loss/l_total,0.15382647514343262
1786499239.0831814,37100,45,LR,4.10942352531274e-05
1786499252.6583385,37120,45,Loss/l_ce,0.11069011688232422
1786499252.6585498,37120,45,Loss/l_total,0.11069011688232422
1786499252.6585722,37120,45,LR,4.10942352531274e-05
1786499264.2919073,37140,45,Loss/l_ce,0.08994007110595703
1786499264.2921412,37140,45,Loss/l_total,0.08994007110595703
1786499264.2921662,37140,45,LR,4.10942352531274e-05
1786499274.2075272,37160,45,Loss/l_ce,0.18032264709472656
1786499274.2076888,37160,45,Loss/l_total,0.18032264709472656
1786499274.2077112,37160,45,LR,4.10942352531274e-05
1786499282.47709,37180,45,Loss/l_ce,0.08162522315979004
1786499282.477231,37180,45,Loss/l_total,0.08162522315979004
1786499282.4772549,37180,45,LR,4.10942352531274e-05
1786499292.446981,37200,45,Loss/l_ce,0.10027074813842773
1786499292.447204,37200,45,Loss/l_total,0.10027074813842773
1786499292.4472291,37200,45,LR,4.10942352531274e-05
1786499309.540543,37220,45,Loss/l_ce,0.3901662826538086
1786499309.540701,37220,45,Loss/l_total,0.3901662826538086
1786499309.5407245,37220,45,LR,4.10942352531274e-05
1786499320.17108,37240,45,Loss/l_ce,0.09598302841186523
1786499320.171256,37240,45,Loss/l_total,0.09598302841186523
1786499320.1712844,37240,45,LR,4.10942352531274e-05
1786499328.8717706,37260,45,Loss/l_ce,0.15209388732910156
1786499328.8720007,37260,45,Loss/l_total,0.15209388732910156
1786499328.8722253,37260,45,LR,4.10942352531274e-05
1786499337.902267,37280,45,Loss/l_ce,0.12438583374023438
1786499337.9024484,37280,45,Loss/l_total,0.12438583374023438
1786499337.9024758,37280,45,LR,4.10942352531274e-05
1786499349.1259336,37300,45,Loss/l_ce,0.0734395980834961
1786499349.1261318,37300,45,Loss/l_total,0.0734395980834961
1786499349.126158,37300,45,LR,4.10942352531274e-05
1786499363.6316144,37320,45,Loss/l_ce,0.10753417015075684
1786499363.631772,37320,45,Loss/l_total,0.10753417015075684
1786499363.631796,37320,45,LR,4.10942352531274e-05
1786499378.9537206,37340,45,Loss/l_ce,0.19260549545288086
1786499378.9538748,37340,45,Loss/l_total,0.19260549545288086
1786499378.9538987,37340,45,LR,4.10942352531274e-05
1786499526.8444092,37352,45,Val/avg_error,0.13002200424671173
1786499526.8447251,37352,45,Val/acc,0.404052734375
1786499526.8447502,37352,45,Val/sparse_auc,0.5703166923137627
1786499526.8447702,37352,45,Val/sparse_pck_max,0.1
1786499526.844787,37352,45,Val/sparse_pck_n,100.0
1786499534.097549,37360,46,Loss/l_ce,0.12989377975463867
1786499534.0977402,37360,46,Loss/l_total,0.12989377975463867
1786499534.0977664,37360,46,LR,3.931425787051835e-05
1786499559.9583023,37380,46,Loss/l_ce,0.15612006187438965
1786499559.9585016,37380,46,Loss/l_total,0.15612006187438965
1786499559.9585254,37380,46,LR,3.931425787051835e-05
1786499586.513688,37400,46,Loss/l_ce,0.16496849060058594
1786499586.5138438,37400,46,Loss/l_total,0.16496849060058594
1786499586.5138626,37400,46,LR,3.931425787051835e-05
1786499612.4549878,37420,46,Loss/l_ce,0.13982105255126953
1786499612.4551945,37420,46,Loss/l_total,0.13982105255126953
1786499612.4552214,37420,46,LR,3.931425787051835e-05
1786499639.4633925,37440,46,Loss/l_ce,0.8212623596191406
1786499639.463541,37440,46,Loss/l_total,0.8212623596191406
1786499639.4635623,37440,46,LR,3.931425787051835e-05
1786499665.6662323,37460,46,Loss/l_ce,0.1484508514404297
1786499665.6664245,37460,46,Loss/l_total,0.1484508514404297
1786499665.6664472,37460,46,LR,3.931425787051835e-05
1786499691.9937322,37480,46,Loss/l_ce,0.4342789649963379
1786499691.9939175,37480,46,Loss/l_total,0.4342789649963379
1786499691.9939458,37480,46,LR,3.931425787051835e-05
1786499716.6300719,37500,46,Loss/l_ce,0.17450952529907227
1786499716.630225,37500,46,Loss/l_total,0.17450952529907227
1786499716.6302476,37500,46,LR,3.931425787051835e-05
1786499739.4581933,37520,46,Loss/l_ce,0.2198314666748047
1786499739.4588015,37520,46,Loss/l_total,0.2198314666748047
1786499739.458837,37520,46,LR,3.931425787051835e-05
1786499765.4488335,37540,46,Loss/l_ce,0.19640445709228516
1786499765.4489832,37540,46,Loss/l_total,0.19640445709228516
1786499765.4490035,37540,46,LR,3.931425787051835e-05
1786499786.0903018,37560,46,Loss/l_ce,0.18733692169189453
1786499786.0904717,37560,46,Loss/l_total,0.18733692169189453
1786499786.090492,37560,46,LR,3.931425787051835e-05
1786499803.2609317,37580,46,Loss/l_ce,0.10338473320007324
1786499803.2611704,37580,46,Loss/l_total,0.10338473320007324
1786499803.2611988,37580,46,LR,3.931425787051835e-05
1786499834.1881304,37600,46,Loss/l_ce,0.08801960945129395
1786499834.1883023,37600,46,Loss/l_total,0.08801960945129395
1786499834.188325,37600,46,LR,3.931425787051835e-05
1786499861.307652,37620,46,Loss/l_ce,0.09776806831359863
1786499861.307803,37620,46,Loss/l_total,0.09776806831359863
1786499861.3078253,37620,46,LR,3.931425787051835e-05
1786499884.8867888,37640,46,Loss/l_ce,0.06713032722473145
1786499884.886973,37640,46,Loss/l_total,0.06713032722473145
1786499884.887,37640,46,LR,3.931425787051835e-05
1786499911.4522386,37660,46,Loss/l_ce,0.12099146842956543
1786499911.4524074,37660,46,Loss/l_total,0.12099146842956543
1786499911.4524345,37660,46,LR,3.931425787051835e-05
1786499930.999282,37680,46,Loss/l_ce,2.683457851409912
1786499930.9994469,37680,46,Loss/l_total,2.683457851409912
1786499930.9994707,37680,46,LR,3.931425787051835e-05
1786499953.2946506,37700,46,Loss/l_ce,0.1849055290222168
1786499953.294792,37700,46,Loss/l_total,0.1849055290222168
1786499953.294829,37700,46,LR,3.931425787051835e-05
1786499980.8274112,37720,46,Loss/l_ce,0.0952751636505127
1786499980.8275928,37720,46,Loss/l_total,0.0952751636505127
1786499980.8276498,37720,46,LR,3.931425787051835e-05
1786500002.600062,37740,46,Loss/l_ce,0.09017753601074219
1786500002.6002116,37740,46,Loss/l_total,0.09017753601074219
1786500002.6002378,37740,46,LR,3.931425787051835e-05
1786500031.801202,37760,46,Loss/l_ce,0.20226335525512695
1786500031.801416,37760,46,Loss/l_total,0.20226335525512695
1786500031.8014371,37760,46,LR,3.931425787051835e-05
1786500056.0689425,37780,46,Loss/l_ce,0.4523739814758301
1786500056.069169,37780,46,Loss/l_total,0.4523739814758301
1786500056.0691955,37780,46,LR,3.931425787051835e-05
1786500082.7817287,37800,46,Loss/l_ce,0.13927030563354492
1786500082.7819462,37800,46,Loss/l_total,0.13927030563354492
1786500082.7819736,37800,46,LR,3.931425787051835e-05
1786500113.171866,37820,46,Loss/l_ce,0.20679426193237305
1786500113.1720748,37820,46,Loss/l_total,0.20679426193237305
1786500113.1721947,37820,46,LR,3.931425787051835e-05
1786500134.5278232,37840,46,Loss/l_ce,0.10909724235534668
1786500134.527987,37840,46,Loss/l_total,0.10909724235534668
1786500134.5280094,37840,46,LR,3.931425787051835e-05
1786500159.3543372,37860,46,Loss/l_ce,0.09031796455383301
1786500159.3544939,37860,46,Loss/l_total,0.09031796455383301
1786500159.3545191,37860,46,LR,3.931425787051835e-05
1786500180.3036754,37880,46,Loss/l_ce,0.14073419570922852
1786500180.3038807,37880,46,Loss/l_total,0.14073419570922852
1786500180.3040624,37880,46,LR,3.931425787051835e-05
1786500196.1281154,37900,46,Loss/l_ce,0.1285097599029541
1786500196.1283233,37900,46,Loss/l_total,0.1285097599029541
1786500196.128354,37900,46,LR,3.931425787051835e-05
1786500214.6994076,37920,46,Loss/l_ce,0.1405036449432373
1786500214.6995926,37920,46,Loss/l_total,0.1405036449432373
1786500214.6996152,37920,46,LR,3.931425787051835e-05
1786500237.4855132,37940,46,Loss/l_ce,0.09030914306640625
1786500237.4856734,37940,46,Loss/l_total,0.09030914306640625
1786500237.4856982,37940,46,LR,3.931425787051835e-05
1786500264.1701639,37960,46,Loss/l_ce,0.0770721435546875
1786500264.1703527,37960,46,Loss/l_total,0.0770721435546875
1786500264.1703753,37960,46,LR,3.931425787051835e-05
1786500286.8108997,37980,46,Loss/l_ce,0.07002782821655273
1786500286.8110685,37980,46,Loss/l_total,0.07002782821655273
1786500286.811091,37980,46,LR,3.931425787051835e-05
1786500306.6024184,38000,46,Loss/l_ce,2.560669422149658
1786500306.6025927,38000,46,Loss/l_total,2.560669422149658
1786500306.6026177,38000,46,LR,3.931425787051835e-05
1786500331.347615,38020,46,Loss/l_ce,0.0758066177368164
1786500331.3477929,38020,46,Loss/l_total,0.0758066177368164
1786500331.3478143,38020,46,LR,3.931425787051835e-05
1786500353.136882,38040,46,Loss/l_ce,0.13987326622009277
1786500353.137127,38040,46,Loss/l_total,0.13987326622009277
1786500353.1371553,38040,46,LR,3.931425787051835e-05
1786500380.1402931,38060,46,Loss/l_ce,0.12014532089233398
1786500380.1404438,38060,46,Loss/l_total,0.12014532089233398
1786500380.1404688,38060,46,LR,3.931425787051835e-05
1786500401.4685314,38080,46,Loss/l_ce,0.08044648170471191
1786500401.468852,38080,46,Loss/l_total,0.08044648170471191
1786500401.469252,38080,46,LR,3.931425787051835e-05
1786500419.0726678,38100,46,Loss/l_ce,0.14572978019714355
1786500419.072961,38100,46,Loss/l_total,0.14572978019714355
1786500419.0729978,38100,46,LR,3.931425787051835e-05
1786500439.405444,38120,46,Loss/l_ce,0.12340688705444336
1786500439.4057183,38120,46,Loss/l_total,0.12340688705444336
1786500439.405749,38120,46,LR,3.931425787051835e-05
1786500467.2489054,38140,46,Loss/l_ce,0.17065906524658203
1786500467.2491167,38140,46,Loss/l_total,0.17065906524658203
1786500467.2491393,38140,46,LR,3.931425787051835e-05
1786500496.1116242,38160,46,Loss/l_ce,2.544743299484253
1786500496.1118793,38160,46,Loss/l_total,2.544743299484253
1786500496.1119065,38160,46,LR,3.931425787051835e-05
1786500645.755468,38164,46,Val/avg_error,0.13056030869483948
1786500645.7557418,38164,46,Val/acc,0.38037109375
1786500645.755767,38164,46,Val/sparse_auc,0.5581552833017678
1786500645.7557874,38164,46,Val/sparse_pck_max,0.1
1786500645.755805,38164,46,Val/sparse_pck_n,100.0
1786500660.7903316,38180,47,Loss/l_ce,0.09357428550720215
1786500660.790493,38180,47,Loss/l_total,0.09357428550720215
1786500660.7905169,38180,47,LR,3.75617986096554e-05
1786500684.6003785,38200,47,Loss/l_ce,1.026071548461914
1786500684.6005664,38200,47,Loss/l_total,1.026071548461914
1786500684.6005912,38200,47,LR,3.75617986096554e-05
1786500717.0051827,38220,47,Loss/l_ce,0.08878326416015625
1786500717.005344,38220,47,Loss/l_total,0.08878326416015625
1786500717.0053642,38220,47,LR,3.75617986096554e-05
1786500735.0455086,38240,47,Loss/l_ce,0.2914764881134033
1786500735.0457804,38240,47,Loss/l_total,0.2914764881134033
1786500735.045943,38240,47,LR,3.75617986096554e-05
1786500748.4869676,38260,47,Loss/l_ce,0.08468747138977051
1786500748.487142,38260,47,Loss/l_total,0.08468747138977051
1786500748.487167,38260,47,LR,3.75617986096554e-05
1786500770.0068529,38280,47,Loss/l_ce,0.045626163482666016
1786500770.0070689,38280,47,Loss/l_total,0.045626163482666016
1786500770.0070972,38280,47,LR,3.75617986096554e-05
1786500797.8296084,38300,47,Loss/l_ce,0.1916508674621582
1786500797.8297677,38300,47,Loss/l_total,0.1916508674621582
1786500797.829795,38300,47,LR,3.75617986096554e-05
1786500820.272523,38320,47,Loss/l_ce,0.0921943187713623
1786500820.2726703,38320,47,Loss/l_total,0.0921943187713623
1786500820.2726915,38320,47,LR,3.75617986096554e-05
1786500848.2362294,38340,47,Loss/l_ce,1.6103296279907227
1786500848.2363968,38340,47,Loss/l_total,1.6103296279907227
1786500848.2364216,38340,47,LR,3.75617986096554e-05
1786500869.5132456,38360,47,Loss/l_ce,0.11845636367797852
1786500869.513407,38360,47,Loss/l_total,0.11845636367797852
1786500869.5134294,38360,47,LR,3.75617986096554e-05
1786500892.6920855,38380,47,Loss/l_ce,0.1183004379272461
1786500892.692234,38380,47,Loss/l_total,0.1183004379272461
1786500892.6922576,38380,47,LR,3.75617986096554e-05
1786500911.0974357,38400,47,Loss/l_ce,0.1438732147216797
1786500911.0976741,38400,47,Loss/l_total,0.1438732147216797
1786500911.0977015,38400,47,LR,3.75617986096554e-05
1786500930.1296937,38420,47,Loss/l_ce,0.5115225315093994
1786500930.1298707,38420,47,Loss/l_total,0.5115225315093994
1786500930.129893,38420,47,LR,3.75617986096554e-05
1786500956.7989268,38440,47,Loss/l_ce,0.3978159427642822
1786500956.7991002,38440,47,Loss/l_total,0.3978159427642822
1786500956.7991216,38440,47,LR,3.75617986096554e-05
1786500966.5295012,38460,47,Loss/l_ce,0.0678853988647461
1786500966.5296934,38460,47,Loss/l_total,0.0678853988647461
1786500966.5297198,38460,47,LR,3.75617986096554e-05
1786500996.4326737,38480,47,Loss/l_ce,0.13292741775512695
1786500996.4328294,38480,47,Loss/l_total,0.13292741775512695
1786500996.4328485,38480,47,LR,3.75617986096554e-05
1786501024.3783028,38500,47,Loss/l_ce,0.1650390625
1786501024.3784904,38500,47,Loss/l_total,0.1650390625
1786501024.3785129,38500,47,LR,3.75617986096554e-05
1786501053.41314,38520,47,Loss/l_ce,0.09784960746765137
1786501053.413331,38520,47,Loss/l_total,0.09784960746765137
1786501053.4133534,38520,47,LR,3.75617986096554e-05
1786501076.281533,38540,47,Loss/l_ce,0.13704824447631836
1786501076.2817776,38540,47,Loss/l_total,0.13704824447631836
1786501076.2818003,38540,47,LR,3.75617986096554e-05
1786501096.8439622,38560,47,Loss/l_ce,0.12424707412719727
1786501096.8441331,38560,47,Loss/l_total,0.12424707412719727
1786501096.8441532,38560,47,LR,3.75617986096554e-05
1786501127.3002908,38580,47,Loss/l_ce,0.12520170211791992
1786501127.3004653,38580,47,Loss/l_total,0.12520170211791992
1786501127.3004868,38580,47,LR,3.75617986096554e-05
1786501153.9534924,38600,47,Loss/l_ce,0.14401531219482422
1786501153.9536777,38600,47,Loss/l_total,0.14401531219482422
1786501153.953705,38600,47,LR,3.75617986096554e-05
1786501172.5690775,38620,47,Loss/l_ce,0.13822364807128906
1786501172.5692809,38620,47,Loss/l_total,0.13822364807128906
1786501172.569302,38620,47,LR,3.75617986096554e-05
1786501196.7616565,38640,47,Loss/l_ce,0.07703757286071777
1786501196.7618024,38640,47,Loss/l_total,0.07703757286071777
1786501196.7618227,38640,47,LR,3.75617986096554e-05
1786501219.361155,38660,47,Loss/l_ce,0.07979965209960938
1786501219.361338,38660,47,Loss/l_total,0.07979965209960938
1786501219.3613698,38660,47,LR,3.75617986096554e-05
1786501238.8748221,38680,47,Loss/l_ce,0.5367684364318848
1786501238.8749883,38680,47,Loss/l_total,0.5367684364318848
1786501238.8750122,38680,47,LR,3.75617986096554e-05
1786501264.630535,38700,47,Loss/l_ce,0.135361909866333
1786501264.6307356,38700,47,Loss/l_total,0.135361909866333
1786501264.6307616,38700,47,LR,3.75617986096554e-05
1786501288.9862032,38720,47,Loss/l_ce,0.17755508422851562
1786501288.9863548,38720,47,Loss/l_total,0.17755508422851562
1786501288.986381,38720,47,LR,3.75617986096554e-05
1786501313.0697749,38740,47,Loss/l_ce,0.12689805030822754
1786501313.0699685,38740,47,Loss/l_total,0.12689805030822754
1786501313.0699897,38740,47,LR,3.75617986096554e-05
1786501337.8524706,38760,47,Loss/l_ce,0.12265896797180176
1786501337.8526819,38760,47,Loss/l_total,0.12265896797180176
1786501337.8527117,38760,47,LR,3.75617986096554e-05
1786501363.6881797,38780,47,Loss/l_ce,0.14803147315979004
1786501363.6883662,38780,47,Loss/l_total,0.14803147315979004
1786501363.6883888,38780,47,LR,3.75617986096554e-05
1786501389.254882,38800,47,Loss/l_ce,0.12432742118835449
1786501389.2550802,38800,47,Loss/l_total,0.12432742118835449
1786501389.2551026,38800,47,LR,3.75617986096554e-05
1786501414.353679,38820,47,Loss/l_ce,0.15043306350708008
1786501414.3538806,38820,47,Loss/l_total,0.15043306350708008
1786501414.353903,38820,47,LR,3.75617986096554e-05
1786501441.4435327,38840,47,Loss/l_ce,0.12697100639343262
1786501441.443699,38840,47,Loss/l_total,0.12697100639343262
1786501441.443724,38840,47,LR,3.75617986096554e-05
1786501468.1934364,38860,47,Loss/l_ce,0.13764286041259766
1786501468.1936061,38860,47,Loss/l_total,0.13764286041259766
1786501468.1936264,38860,47,LR,3.75617986096554e-05
1786501490.439062,38880,47,Loss/l_ce,0.110870361328125
1786501490.4392068,38880,47,Loss/l_total,0.110870361328125
1786501490.4392304,38880,47,LR,3.75617986096554e-05
1786501513.2893872,38900,47,Loss/l_ce,0.37713193893432617
1786501513.289563,38900,47,Loss/l_total,0.37713193893432617
1786501513.2895832,38900,47,LR,3.75617986096554e-05
1786501539.1927624,38920,47,Loss/l_ce,0.09698224067687988
1786501539.192987,38920,47,Loss/l_total,0.09698224067687988
1786501539.1930108,38920,47,LR,3.75617986096554e-05
1786501551.2848086,38940,47,Loss/l_ce,0.08420109748840332
1786501551.2849703,38940,47,Loss/l_total,0.08420109748840332
1786501551.2849941,38940,47,LR,3.75617986096554e-05
1786501568.5344124,38960,47,Loss/l_ce,0.1413099765777588
1786501568.5345929,38960,47,Loss/l_total,0.1413099765777588
1786501568.534613,38960,47,LR,3.75617986096554e-05
1786501744.08795,38976,47,Val/avg_error,0.12336790561676025
1786501744.0884264,38976,47,Val/acc,0.387548828125
1786501744.0884533,38976,47,Val/sparse_auc,0.5680671460700757
1786501744.0884736,38976,47,Val/sparse_pck_max,0.1
1786501744.0884938,38976,47,Val/sparse_pck_n,100.0
1786501752.5258772,38980,48,Loss/l_ce,0.06071305274963379
1786501752.5260196,38980,48,Loss/l_total,0.06071305274963379
1786501752.52606,38980,48,LR,3.583993187957176e-05
1786501775.6097493,39000,48,Loss/l_ce,0.09413003921508789
1786501775.6099913,39000,48,Loss/l_total,0.09413003921508789
1786501775.6100166,39000,48,LR,3.583993187957176e-05
1786501793.357324,39020,48,Loss/l_ce,0.12626338005065918
1786501793.3575115,39020,48,Loss/l_total,0.12626338005065918
1786501793.3575363,39020,48,LR,3.583993187957176e-05
1786501818.811834,39040,48,Loss/l_ce,0.1499464511871338
1786501818.812087,39040,48,Loss/l_total,0.1499464511871338
1786501818.8121154,39040,48,LR,3.583993187957176e-05
1786501842.9489844,39060,48,Loss/l_ce,0.9500789642333984
1786501842.9491994,39060,48,Loss/l_total,0.9500789642333984
1786501842.9494224,39060,48,LR,3.583993187957176e-05
1786501863.9339297,39080,48,Loss/l_ce,0.12889575958251953
1786501863.9341338,39080,48,Loss/l_total,0.12889575958251953
1786501863.9341562,39080,48,LR,3.583993187957176e-05
1786501892.4361627,39100,48,Loss/l_ce,0.07327914237976074
1786501892.4363623,39100,48,Loss/l_total,0.07327914237976074
1786501892.4363883,39100,48,LR,3.583993187957176e-05
1786501916.4249043,39120,48,Loss/l_ce,0.07143878936767578
1786501916.4250705,39120,48,Loss/l_total,0.07143878936767578
1786501916.4250908,39120,48,LR,3.583993187957176e-05
1786501943.4448307,39140,48,Loss/l_ce,1.7182719707489014
1786501943.4450076,39140,48,Loss/l_total,1.7182719707489014
1786501943.4450552,39140,48,LR,3.583993187957176e-05
1786501956.9389935,39160,48,Loss/l_ce,0.10274767875671387
1786501956.9391787,39160,48,Loss/l_total,0.10274767875671387
1786501956.9392014,39160,48,LR,3.583993187957176e-05
1786501983.7773335,39180,48,Loss/l_ce,0.08623862266540527
1786501983.7774868,39180,48,Loss/l_total,0.08623862266540527
1786501983.7775068,39180,48,LR,3.583993187957176e-05
1786502004.9903276,39200,48,Loss/l_ce,0.18676185607910156
1786502004.9904904,39200,48,Loss/l_total,0.18676185607910156
1786502004.9905128,39200,48,LR,3.583993187957176e-05
1786502031.7470171,39220,48,Loss/l_ce,0.0806889533996582
1786502031.7472215,39220,48,Loss/l_total,0.0806889533996582
1786502031.7472417,39220,48,LR,3.583993187957176e-05
1786502051.802522,39240,48,Loss/l_ce,0.17920708656311035
1786502051.8026736,39240,48,Loss/l_total,0.17920708656311035
1786502051.8026938,39240,48,LR,3.583993187957176e-05
1786502072.6453724,39260,48,Loss/l_ce,0.3446052074432373
1786502072.645666,39260,48,Loss/l_total,0.3446052074432373
1786502072.6456933,39260,48,LR,3.583993187957176e-05
1786502085.4681106,39280,48,Loss/l_ce,0.10479855537414551
1786502085.4683325,39280,48,Loss/l_total,0.10479855537414551
1786502085.4683554,39280,48,LR,3.583993187957176e-05
1786502096.4223158,39300,48,Loss/l_ce,0.05282926559448242
1786502096.4224868,39300,48,Loss/l_total,0.05282926559448242
1786502096.4225092,39300,48,LR,3.583993187957176e-05
1786502109.7157671,39320,48,Loss/l_ce,0.4450216293334961
1786502109.7159452,39320,48,Loss/l_total,0.4450216293334961
1786502109.715969,39320,48,LR,3.583993187957176e-05
1786502123.2520623,39340,48,Loss/l_ce,0.17116522789001465
1786502123.252335,39340,48,Loss/l_total,0.17116522789001465
1786502123.252359,39340,48,LR,3.583993187957176e-05
1786502138.4971821,39360,48,Loss/l_ce,0.11480975151062012
1786502138.4974518,39360,48,Loss/l_total,0.11480975151062012
1786502138.4974825,39360,48,LR,3.583993187957176e-05
1786502151.9742858,39380,48,Loss/l_ce,0.2202165126800537
1786502151.9744496,39380,48,Loss/l_total,0.2202165126800537
1786502151.9744732,39380,48,LR,3.583993187957176e-05
1786502163.7335243,39400,48,Loss/l_ce,2.2960357666015625
1786502163.7336962,39400,48,Loss/l_total,2.2960357666015625
1786502163.7337177,39400,48,LR,3.583993187957176e-05
1786502175.0611007,39420,48,Loss/l_ce,0.1006619930267334
1786502175.0612862,39420,48,Loss/l_total,0.1006619930267334
1786502175.0613158,39420,48,LR,3.583993187957176e-05
1786502182.895429,39440,48,Loss/l_ce,0.07974958419799805
1786502182.8956747,39440,48,Loss/l_total,0.07974958419799805
1786502182.8957007,39440,48,LR,3.583993187957176e-05
1786502198.722329,39460,48,Loss/l_ce,0.18085551261901855
1786502198.7224975,39460,48,Loss/l_total,0.18085551261901855
1786502198.7225177,39460,48,LR,3.583993187957176e-05
1786502214.2857656,39480,48,Loss/l_ce,0.1392078399658203
1786502214.2859755,39480,48,Loss/l_total,0.1392078399658203
1786502214.2860007,39480,48,LR,3.583993187957176e-05
1786502239.062746,39500,48,Loss/l_ce,0.09869074821472168
1786502239.0629337,39500,48,Loss/l_total,0.09869074821472168
1786502239.062955,39500,48,LR,3.583993187957176e-05
1786502263.513267,39520,48,Loss/l_ce,0.09830307960510254
1786502263.5134857,39520,48,Loss/l_total,0.09830307960510254
1786502263.513507,39520,48,LR,3.583993187957176e-05
1786502283.182171,39540,48,Loss/l_ce,0.11625146865844727
1786502283.1823788,39540,48,Loss/l_total,0.11625146865844727
1786502283.1824038,39540,48,LR,3.583993187957176e-05
1786502304.5956118,39560,48,Loss/l_ce,0.3862457275390625
1786502304.5957923,39560,48,Loss/l_total,0.3862457275390625
1786502304.595815,39560,48,LR,3.583993187957176e-05
1786502327.4212093,39580,48,Loss/l_ce,0.11504316329956055
1786502327.4214704,39580,48,Loss/l_total,0.11504316329956055
1786502327.421493,39580,48,LR,3.583993187957176e-05
1786502350.7888575,39600,48,Loss/l_ce,0.12183594703674316
1786502350.7890568,39600,48,Loss/l_total,0.12183594703674316
1786502350.7890878,39600,48,LR,3.583993187957176e-05
1786502378.6946058,39620,48,Loss/l_ce,0.3270072937011719
1786502378.6948564,39620,48,Loss/l_total,0.3270072937011719
1786502378.69488,39620,48,LR,3.583993187957176e-05
1786502406.2311153,39640,48,Loss/l_ce,0.10069608688354492
1786502406.2312944,39640,48,Loss/l_total,0.10069608688354492
1786502406.2313182,39640,48,LR,3.583993187957176e-05
1786502425.7504623,39660,48,Loss/l_ce,0.094757080078125
1786502425.7506297,39660,48,Loss/l_total,0.094757080078125
1786502425.750651,39660,48,LR,3.583993187957176e-05
1786502449.9959514,39680,48,Loss/l_ce,0.198075532913208
1786502449.996132,39680,48,Loss/l_total,0.198075532913208
1786502449.996153,39680,48,LR,3.583993187957176e-05
1786502465.9211552,39700,48,Loss/l_ce,0.18611502647399902
1786502465.9213538,39700,48,Loss/l_total,0.18611502647399902
1786502465.9213762,39700,48,LR,3.583993187957176e-05
1786502489.867925,39720,48,Loss/l_ce,0.07134509086608887
1786502489.8681006,39720,48,Loss/l_total,0.07134509086608887
1786502489.868121,39720,48,LR,3.583993187957176e-05
1786502513.7335567,39740,48,Loss/l_ce,0.12627506256103516
1786502513.7337751,39740,48,Loss/l_total,0.12627506256103516
1786502513.7337966,39740,48,LR,3.583993187957176e-05
1786502525.3369737,39760,48,Loss/l_ce,0.1323988437652588
1786502525.3372514,39760,48,Loss/l_total,0.1323988437652588
1786502525.3372765,39760,48,LR,3.583993187957176e-05
1786502544.7634885,39780,48,Loss/l_ce,0.13862037658691406
1786502544.7637448,39780,48,Loss/l_total,0.13862037658691406
1786502544.7637687,39780,48,LR,3.583993187957176e-05
1786502687.7391205,39788,48,Val/avg_error,0.13766923546791077
1786502687.7394373,39788,48,Val/acc,0.3896484375
1786502687.7394648,39788,48,Val/sparse_auc,0.5582859848484849
1786502687.7394824,39788,48,Val/sparse_pck_max,0.1
1786502687.7395074,39788,48,Val/sparse_pck_n,100.0
1786502699.9519773,39800,49,Loss/l_ce,0.21537113189697266
1786502699.9521694,39800,49,Loss/l_total,0.21537113189697266
1786502699.9521933,39800,49,LR,3.415167841960626e-05
1786502723.3613503,39820,49,Loss/l_ce,0.15351462364196777
1786502723.3616128,39820,49,Loss/l_total,0.15351462364196777
1786502723.3616533,39820,49,LR,3.415167841960626e-05
1786502740.7233412,39840,49,Loss/l_ce,0.15659427642822266
1786502740.723554,39840,49,Loss/l_total,0.15659427642822266
1786502740.7235825,39840,49,LR,3.415167841960626e-05
1786502757.4785497,39860,49,Loss/l_ce,0.09355306625366211
1786502757.478855,39860,49,Loss/l_total,0.09355306625366211
1786502757.4790876,39860,49,LR,3.415167841960626e-05
1786502785.2335596,39880,49,Loss/l_ce,0.15800118446350098
1786502785.233758,39880,49,Loss/l_total,0.15800118446350098
1786502785.2337818,39880,49,LR,3.415167841960626e-05
1786502805.1901534,39900,49,Loss/l_ce,0.11835598945617676
1786502805.190321,39900,49,Loss/l_total,0.11835598945617676
1786502805.1903434,39900,49,LR,3.415167841960626e-05
1786502830.8132885,39920,49,Loss/l_ce,0.06977200508117676
1786502830.8134549,39920,49,Loss/l_total,0.06977200508117676
1786502830.8134785,39920,49,LR,3.415167841960626e-05
1786502852.548329,39940,49,Loss/l_ce,0.5044927597045898
1786502852.548549,39940,49,Loss/l_total,0.5044927597045898
1786502852.5485713,39940,49,LR,3.415167841960626e-05
1786502886.222869,39960,49,Loss/l_ce,0.09905004501342773
1786502886.223217,39960,49,Loss/l_total,0.09905004501342773
1786502886.223251,39960,49,LR,3.415167841960626e-05
1786502914.0804403,39980,49,Loss/l_ce,0.18709945678710938
1786502914.0806208,39980,49,Loss/l_total,0.18709945678710938
1786502914.0806456,39980,49,LR,3.415167841960626e-05
1786502942.4895034,40000,49,Loss/l_ce,0.10084676742553711
1786502942.4897852,40000,49,Loss/l_total,0.10084676742553711
1786502942.4898064,40000,49,LR,3.415167841960626e-05
1786502976.2193816,40020,49,Loss/l_ce,0.16826152801513672
1786502976.2195854,40020,49,Loss/l_total,0.16826152801513672
1786502976.2196057,40020,49,LR,3.415167841960626e-05
1786503004.7717192,40040,49,Loss/l_ce,0.11642909049987793
1786503004.7720017,40040,49,Loss/l_total,0.11642909049987793
1786503004.7720575,40040,49,LR,3.415167841960626e-05
1786503023.6002817,40060,49,Loss/l_ce,0.5622010231018066
1786503023.6004848,40060,49,Loss/l_total,0.5622010231018066
1786503023.6005075,40060,49,LR,3.415167841960626e-05
1786503048.0975819,40080,49,Loss/l_ce,2.0105063915252686
1786503048.0979962,40080,49,Loss/l_total,2.0105063915252686
1786503048.0983012,40080,49,LR,3.415167841960626e-05
1786503073.3104787,40100,49,Loss/l_ce,0.10476279258728027
1786503073.3106709,40100,49,Loss/l_total,0.10476279258728027
1786503073.3107018,40100,49,LR,3.415167841960626e-05
1786503094.25836,40120,49,Loss/l_ce,0.7234377861022949
1786503094.2585368,40120,49,Loss/l_total,0.7234377861022949
1786503094.2585592,40120,49,LR,3.415167841960626e-05
1786503120.3812146,40140,49,Loss/l_ce,0.10245561599731445
1786503120.3813846,40140,49,Loss/l_total,0.10245561599731445
1786503120.3814096,40140,49,LR,3.415167841960626e-05
1786503142.2821982,40160,49,Loss/l_ce,0.072662353515625
1786503142.2823775,40160,49,Loss/l_total,0.072662353515625
1786503142.2824,40160,49,LR,3.415167841960626e-05
1786503167.510417,40180,49,Loss/l_ce,0.11321592330932617
1786503167.5105722,40180,49,Loss/l_total,0.11321592330932617
1786503167.510596,40180,49,LR,3.415167841960626e-05
1786503189.3688104,40200,49,Loss/l_ce,0.08960819244384766
1786503189.3689828,40200,49,Loss/l_total,0.08960819244384766
1786503189.3690052,40200,49,LR,3.415167841960626e-05
1786503211.3646338,40220,49,Loss/l_ce,0.0782926082611084
1786503211.3648121,40220,49,Loss/l_total,0.0782926082611084
1786503211.3648345,40220,49,LR,3.415167841960626e-05
1786503235.2657788,40240,49,Loss/l_ce,0.15669918060302734
1786503235.2660065,40240,49,Loss/l_total,0.15669918060302734
1786503235.2660494,40240,49,LR,3.415167841960626e-05
1786503280.1660976,40260,49,Loss/l_ce,0.09527420997619629
1786503280.1663551,40260,49,Loss/l_total,0.09527420997619629
1786503280.1663804,40260,49,LR,3.415167841960626e-05
1786503319.4006877,40280,49,Loss/l_ce,0.08443021774291992
1786503319.4008846,40280,49,Loss/l_total,0.08443021774291992
1786503319.400912,40280,49,LR,3.415167841960626e-05
1786503344.9438279,40300,49,Loss/l_ce,0.11927294731140137
1786503344.9439893,40300,49,Loss/l_total,0.11927294731140137
1786503344.944013,40300,49,LR,3.415167841960626e-05
1786503372.3507056,40320,49,Loss/l_ce,0.11051321029663086
1786503372.350918,40320,49,Loss/l_total,0.11051321029663086
1786503372.350947,40320,49,LR,3.415167841960626e-05
1786503394.4325116,40340,49,Loss/l_ce,0.059299468994140625
1786503394.4326885,40340,49,Loss/l_total,0.059299468994140625
1786503394.432712,40340,49,LR,3.415167841960626e-05
1786503413.017833,40360,49,Loss/l_ce,0.09311628341674805
1786503413.01801,40360,49,Loss/l_total,0.09311628341674805
1786503413.0180538,40360,49,LR,3.415167841960626e-05
1786503445.967603,40380,49,Loss/l_ce,0.0944671630859375
1786503445.9678226,40380,49,Loss/l_total,0.0944671630859375
1786503445.9678464,40380,49,LR,3.415167841960626e-05
1786503461.7093263,40400,49,Loss/l_ce,0.2216625213623047
1786503461.7094865,40400,49,Loss/l_total,0.2216625213623047
1786503461.709508,40400,49,LR,3.415167841960626e-05
1786503478.49162,40420,49,Loss/l_ce,0.1031498908996582
1786503478.4917746,40420,49,Loss/l_total,0.1031498908996582
1786503478.491803,40420,49,LR,3.415167841960626e-05
1786503501.259877,40440,49,Loss/l_ce,0.049547433853149414
1786503501.2601748,40440,49,Loss/l_total,0.049547433853149414
1786503501.2603197,40440,49,LR,3.415167841960626e-05
1786503527.3084774,40460,49,Loss/l_ce,1.4757606983184814
1786503527.3086662,40460,49,Loss/l_total,1.4757606983184814
1786503527.3086913,40460,49,LR,3.415167841960626e-05
1786503549.4271307,40480,49,Loss/l_ce,0.15040898323059082
1786503549.42738,40480,49,Loss/l_total,0.15040898323059082
1786503549.4274037,40480,49,LR,3.415167841960626e-05
1786503568.2759156,40500,49,Loss/l_ce,0.11861562728881836
1786503568.2760913,40500,49,Loss/l_total,0.11861562728881836
1786503568.276114,40500,49,LR,3.415167841960626e-05
1786503618.7606988,40520,49,Loss/l_ce,0.15463805198669434
1786503618.760858,40520,49,Loss/l_total,0.15463805198669434
1786503618.760878,40520,49,LR,3.415167841960626e-05
1786503651.477666,40540,49,Loss/l_ce,0.6224660873413086
1786503651.4779103,40540,49,Loss/l_total,0.6224660873413086
1786503651.4779327,40540,49,LR,3.415167841960626e-05
1786503674.9707716,40560,49,Loss/l_ce,0.2272510528564453
1786503674.970941,40560,49,Loss/l_total,0.2272510528564453
1786503674.970964,40560,49,LR,3.415167841960626e-05
1786503693.4923882,40580,49,Loss/l_ce,0.11951470375061035
1786503693.4926293,40580,49,Loss/l_total,0.11951470375061035
1786503693.4926543,40580,49,LR,3.415167841960626e-05
1786503712.0903103,40600,49,Loss/l_ce,0.0734093189239502
1786503712.0904717,40600,49,Loss/l_total,0.0734093189239502
1786503712.0904942,40600,49,LR,3.415167841960626e-05
1786503852.2609203,40600,49,Val/avg_error,0.12710484862327576
1786503852.2612875,40600,49,Val/acc,0.3951171875
1786503852.2613134,40600,49,Val/sparse_auc,0.5691968513257576
1786503852.2613335,40600,49,Val/sparse_pck_max,0.1
1786503852.2613502,40600,49,Val/sparse_pck_n,100.0
1786503878.8365238,40620,50,Loss/l_ce,0.18123888969421387
1786503878.8367195,40620,50,Loss/l_total,0.18123888969421387
1786503878.8367434,40620,50,LR,3.250000000000002e-05
1786503897.9563146,40640,50,Loss/l_ce,0.1388082504272461
1786503897.9565284,40640,50,Loss/l_total,0.1388082504272461
1786503897.9565523,40640,50,LR,3.250000000000002e-05
1786503923.2993937,40660,50,Loss/l_ce,0.11543679237365723
1786503923.299555,40660,50,Loss/l_total,0.11543679237365723
1786503923.2995763,40660,50,LR,3.250000000000002e-05
1786503949.0574327,40680,50,Loss/l_ce,0.09802532196044922
1786503949.0576048,40680,50,Loss/l_total,0.09802532196044922
1786503949.0576274,40680,50,LR,3.250000000000002e-05
1786503969.3779163,40700,50,Loss/l_ce,0.09758234024047852
1786503969.3780959,40700,50,Loss/l_total,0.09758234024047852
1786503969.3781207,40700,50,LR,3.250000000000002e-05
1786503992.7686915,40720,50,Loss/l_ce,0.08902645111083984
1786503992.7688766,40720,50,Loss/l_total,0.08902645111083984
1786503992.7689025,40720,50,LR,3.250000000000002e-05
1786504015.905837,40740,50,Loss/l_ce,0.10725140571594238
1786504015.9061282,40740,50,Loss/l_total,0.10725140571594238
1786504015.9061813,40740,50,LR,3.250000000000002e-05
1786504048.1677566,40760,50,Loss/l_ce,0.13759613037109375
1786504048.1679265,40760,50,Loss/l_total,0.13759613037109375
1786504048.1679478,40760,50,LR,3.250000000000002e-05
1786504078.7852037,40780,50,Loss/l_ce,0.3674015998840332
1786504078.7854197,40780,50,Loss/l_total,0.3674015998840332
1786504078.7854507,40780,50,LR,3.250000000000002e-05
1786504117.0121894,40800,50,Loss/l_ce,0.13331127166748047
1786504117.0123892,40800,50,Loss/l_total,0.13331127166748047
1786504117.0124104,40800,50,LR,3.250000000000002e-05
1786504148.586891,40820,50,Loss/l_ce,0.4374361038208008
1786504148.5871403,40820,50,Loss/l_total,0.4374361038208008
1786504148.587165,40820,50,LR,3.250000000000002e-05
1786504173.488128,40840,50,Loss/l_ce,0.13837599754333496
1786504173.4882932,40840,50,Loss/l_total,0.13837599754333496
1786504173.4883144,40840,50,LR,3.250000000000002e-05
1786504191.2840118,40860,50,Loss/l_ce,0.12381982803344727
1786504191.2842503,40860,50,Loss/l_total,0.12381982803344727
1786504191.284274,40860,50,LR,3.250000000000002e-05
1786504210.6196496,40880,50,Loss/l_ce,0.09426426887512207
1786504210.6199038,40880,50,Loss/l_total,0.09426426887512207
1786504210.6199617,40880,50,LR,3.250000000000002e-05
1786504237.0032277,40900,50,Loss/l_ce,0.19280052185058594
1786504237.0036812,40900,50,Loss/l_total,0.19280052185058594
1786504237.003719,40900,50,LR,3.250000000000002e-05
1786504257.387771,40920,50,Loss/l_ce,0.07571029663085938
1786504257.3879287,40920,50,Loss/l_total,0.07571029663085938
1786504257.3879478,40920,50,LR,3.250000000000002e-05
1786504278.8669944,40940,50,Loss/l_ce,0.15600061416625977
1786504278.86729,40940,50,Loss/l_total,0.15600061416625977
1786504278.8673162,40940,50,LR,3.250000000000002e-05
1786504307.1838033,40960,50,Loss/l_ce,0.23766279220581055
1786504307.1840613,40960,50,Loss/l_total,0.23766279220581055
1786504307.1840847,40960,50,LR,3.250000000000002e-05
1786504332.14366,40980,50,Loss/l_ce,0.11370205879211426
1786504332.1438427,40980,50,Loss/l_total,0.11370205879211426
1786504332.1438644,40980,50,LR,3.250000000000002e-05
1786504366.1316218,41000,50,Loss/l_ce,1.274352788925171
1786504366.1320019,41000,50,Loss/l_total,1.274352788925171
1786504366.1323686,41000,50,LR,3.250000000000002e-05
1786504393.0481093,41020,50,Loss/l_ce,0.07759881019592285
1786504393.0482745,41020,50,Loss/l_total,0.07759881019592285
1786504393.0482957,41020,50,LR,3.250000000000002e-05
1786504427.0672925,41040,50,Loss/l_ce,0.28500866889953613
1786504427.067505,41040,50,Loss/l_total,0.28500866889953613
1786504427.0675275,41040,50,LR,3.250000000000002e-05
1786504455.1617885,41060,50,Loss/l_ce,0.14171767234802246
1786504455.1619594,41060,50,Loss/l_total,0.14171767234802246
1786504455.161982,41060,50,LR,3.250000000000002e-05
1786504478.0721714,41080,50,Loss/l_ce,0.0840301513671875
1786504478.0723436,41080,50,Loss/l_total,0.0840301513671875
1786504478.0723639,41080,50,LR,3.250000000000002e-05
1786504502.257524,41100,50,Loss/l_ce,0.08730602264404297
1786504502.2576923,41100,50,Loss/l_total,0.08730602264404297
1786504502.257714,41100,50,LR,3.250000000000002e-05
1786504524.2183537,41120,50,Loss/l_ce,0.12322592735290527
1786504524.2185793,41120,50,Loss/l_total,0.12322592735290527
1786504524.2186043,41120,50,LR,3.250000000000002e-05
1786504548.1947956,41140,50,Loss/l_ce,0.07745122909545898
1786504548.1949773,41140,50,Loss/l_total,0.07745122909545898
1786504548.1950057,41140,50,LR,3.250000000000002e-05
1786504567.207982,41160,50,Loss/l_ce,0.10488319396972656
1786504567.2082136,41160,50,Loss/l_total,0.10488319396972656
1786504567.2082396,41160,50,LR,3.250000000000002e-05
1786504586.4800203,41180,50,Loss/l_ce,0.09553861618041992
1786504586.480266,41180,50,Loss/l_total,0.09553861618041992
1786504586.480291,41180,50,LR,3.250000000000002e-05
1786504616.360304,41200,50,Loss/l_ce,0.1139228343963623
1786504616.3604906,41200,50,Loss/l_total,0.1139228343963623
1786504616.3605108,41200,50,LR,3.250000000000002e-05
1786504659.7202206,41220,50,Loss/l_ce,0.09572267532348633
1786504659.7204201,41220,50,Loss/l_total,0.09572267532348633
1786504659.7204425,41220,50,LR,3.250000000000002e-05
1786504685.7287142,41240,50,Loss/l_ce,0.12763762474060059
1786504685.728892,41240,50,Loss/l_total,0.12763762474060059
1786504685.728915,41240,50,LR,3.250000000000002e-05
1786504702.5720167,41260,50,Loss/l_ce,0.14322423934936523
1786504702.5721982,41260,50,Loss/l_total,0.14322423934936523
1786504702.5722196,41260,50,LR,3.250000000000002e-05
1786504724.4543512,41280,50,Loss/l_ce,0.06631159782409668
1786504724.4545078,41280,50,Loss/l_total,0.06631159782409668
1786504724.454528,41280,50,LR,3.250000000000002e-05
1786504739.6519644,41300,50,Loss/l_ce,0.09214568138122559
1786504739.652203,41300,50,Loss/l_total,0.09214568138122559
1786504739.6522305,41300,50,LR,3.250000000000002e-05
1786504754.8364053,41320,50,Loss/l_ce,0.11027956008911133
1786504754.8368363,41320,50,Loss/l_total,0.11027956008911133
1786504754.8368647,41320,50,LR,3.250000000000002e-05
1786504768.739512,41340,50,Loss/l_ce,0.11042404174804688
1786504768.7396762,41340,50,Loss/l_total,0.11042404174804688
1786504768.7396996,41340,50,LR,3.250000000000002e-05
1786504777.1390944,41360,50,Loss/l_ce,0.1327345371246338
1786504777.1394207,41360,50,Loss/l_total,0.1327345371246338
1786504777.1394458,41360,50,LR,3.250000000000002e-05
1786504788.1627688,41380,50,Loss/l_ce,0.1450486183166504
1786504788.1629624,41380,50,Loss/l_total,0.1450486183166504
1786504788.162984,41380,50,LR,3.250000000000002e-05
1786504800.6359417,41400,50,Loss/l_ce,0.10408663749694824
1786504800.6361685,41400,50,Loss/l_total,0.10408663749694824
1786504800.6361933,41400,50,LR,3.250000000000002e-05
1786504935.9455194,41412,50,Val/avg_error,0.13101491332054138
1786504935.9458506,41412,50,Val/acc,0.379345703125
1786504935.9458861,41412,50,Val/sparse_auc,0.5554332386363635
1786504935.945911,41412,50,Val/sparse_pck_max,0.1
1786504935.9459312,41412,50,Val/sparse_pck_n,100.0
1786504942.6502116,41420,51,Loss/l_ce,0.09533929824829102
1786504942.6505299,41420,51,Loss/l_total,0.09533929824829102
1786504942.6505594,41420,51,LR,3.088779422594519e-05
1786504956.2129524,41440,51,Loss/l_ce,0.09679293632507324
1786504956.2131553,41440,51,Loss/l_total,0.09679293632507324
1786504956.2131827,41440,51,LR,3.088779422594519e-05
1786504968.1143765,41460,51,Loss/l_ce,0.11733627319335938
1786504968.114546,41460,51,Loss/l_total,0.11733627319335938
1786504968.11457,41460,51,LR,3.088779422594519e-05
1786504979.3126628,41480,51,Loss/l_ce,0.09062767028808594
1786504979.312904,41480,51,Loss/l_total,0.09062767028808594
1786504979.3129287,41480,51,LR,3.088779422594519e-05
1786504998.1863172,41500,51,Loss/l_ce,0.06375694274902344
1786504998.1864848,41500,51,Loss/l_total,0.06375694274902344
1786504998.1865087,41500,51,LR,3.088779422594519e-05
1786505022.4188702,41520,51,Loss/l_ce,0.08069086074829102
1786505022.4190578,41520,51,Loss/l_total,0.08069086074829102
1786505022.4190817,41520,51,LR,3.088779422594519e-05
1786505049.491127,41540,51,Loss/l_ce,0.06565618515014648
1786505049.4912944,41540,51,Loss/l_total,0.06565618515014648
1786505049.4913287,41540,51,LR,3.088779422594519e-05
1786505089.9725435,41560,51,Loss/l_ce,0.14056062698364258
1786505089.9727123,41560,51,Loss/l_total,0.14056062698364258
1786505089.972732,41560,51,LR,3.088779422594519e-05
1786505131.7416813,41580,51,Loss/l_ce,0.0827338695526123
1786505131.7418833,41580,51,Loss/l_total,0.0827338695526123
1786505131.7419047,41580,51,LR,3.088779422594519e-05
1786505176.0934036,41600,51,Loss/l_ce,0.26053714752197266
1786505176.0937066,41600,51,Loss/l_total,0.26053714752197266
1786505176.0937302,41600,51,LR,3.088779422594519e-05
1786505221.677544,41620,51,Loss/l_ce,0.15561294555664062
1786505221.6777925,41620,51,Loss/l_total,0.15561294555664062
1786505221.6778138,41620,51,LR,3.088779422594519e-05
1786505268.6705678,41640,51,Loss/l_ce,0.10427236557006836
1786505268.670804,41640,51,Loss/l_total,0.10427236557006836
1786505268.6708252,41640,51,LR,3.088779422594519e-05
1786505309.9638298,41660,51,Loss/l_ce,0.12311887741088867
1786505309.9641066,41660,51,Loss/l_total,0.12311887741088867
1786505309.9641304,41660,51,LR,3.088779422594519e-05
1786505360.1614165,41680,51,Loss/l_ce,0.5449631214141846
1786505360.161673,41680,51,Loss/l_total,0.5449631214141846
1786505360.1616979,41680,51,LR,3.088779422594519e-05
1786505402.9975116,41700,51,Loss/l_ce,0.06673765182495117
1786505402.9977767,41700,51,Loss/l_total,0.06673765182495117
1786505402.9978027,41700,51,LR,3.088779422594519e-05
1786505457.7245274,41720,51,Loss/l_ce,0.10642623901367188
1786505457.7248147,41720,51,Loss/l_total,0.10642623901367188
1786505457.7248385,41720,51,LR,3.088779422594519e-05
1786505511.8851848,41740,51,Loss/l_ce,0.10836267471313477
1786505511.8853877,41740,51,Loss/l_total,0.10836267471313477
1786505511.885414,41740,51,LR,3.088779422594519e-05
1786505557.5987284,41760,51,Loss/l_ce,0.11266160011291504
1786505557.5998704,41760,51,Loss/l_total,0.11266160011291504
1786505557.5999014,41760,51,LR,3.088779422594519e-05
1786505591.0879486,41780,51,Loss/l_ce,0.09898233413696289
1786505591.0881362,41780,51,Loss/l_total,0.09898233413696289
1786505591.088161,41780,51,LR,3.088779422594519e-05
1786505612.5705671,41800,51,Loss/l_ce,0.15173625946044922
1786505612.5707598,41800,51,Loss/l_total,0.15173625946044922
1786505612.570781,41800,51,LR,3.088779422594519e-05
1786505629.7668655,41820,51,Loss/l_ce,0.12009048461914062
1786505629.7670684,41820,51,Loss/l_total,0.12009048461914062
1786505629.7670932,41820,51,LR,3.088779422594519e-05
1786505653.0926583,41840,51,Loss/l_ce,0.13667082786560059
1786505653.0928552,41840,51,Loss/l_total,0.13667082786560059
1786505653.0928752,41840,51,LR,3.088779422594519e-05
1786505681.9824727,41860,51,Loss/l_ce,0.13140559196472168
1786505681.9827373,41860,51,Loss/l_total,0.13140559196472168
1786505681.9827662,41860,51,LR,3.088779422594519e-05
1786505705.6445043,41880,51,Loss/l_ce,0.14618587493896484
1786505705.6447322,41880,51,Loss/l_total,0.14618587493896484
1786505705.6447573,41880,51,LR,3.088779422594519e-05
1786505731.7748063,41900,51,Loss/l_ce,0.09237313270568848
1786505731.7750096,41900,51,Loss/l_total,0.09237313270568848
1786505731.7752588,41900,51,LR,3.088779422594519e-05
1786505752.774932,41920,51,Loss/l_ce,0.059600830078125
1786505752.7751207,41920,51,Loss/l_total,0.059600830078125
1786505752.7751443,41920,51,LR,3.088779422594519e-05
1786505780.0502417,41940,51,Loss/l_ce,0.9250030517578125
1786505780.0504508,41940,51,Loss/l_total,0.9250030517578125
1786505780.0504768,41940,51,LR,3.088779422594519e-05
1786505796.5875573,41960,51,Loss/l_ce,0.1136770248413086
1786505796.5877795,41960,51,Loss/l_total,0.1136770248413086
1786505796.5878022,41960,51,LR,3.088779422594519e-05
1786505826.5229752,41980,51,Loss/l_ce,0.42110443115234375
1786505826.5231605,41980,51,Loss/l_total,0.42110443115234375
1786505826.5231855,41980,51,LR,3.088779422594519e-05
1786505857.158067,42000,51,Loss/l_ce,0.16313433647155762
1786505857.158237,42000,51,Loss/l_total,0.16313433647155762
1786505857.1582594,42000,51,LR,3.088779422594519e-05
1786505878.6542425,42020,51,Loss/l_ce,0.3075239658355713
1786505878.654523,42020,51,Loss/l_total,0.3075239658355713
1786505878.6545525,42020,51,LR,3.088779422594519e-05
1786505902.9022093,42040,51,Loss/l_ce,0.12146902084350586
1786505902.90241,42040,51,Loss/l_total,0.12146902084350586
1786505902.9024324,42040,51,LR,3.088779422594519e-05
1786505930.4293525,42060,51,Loss/l_ce,0.1628861427307129
1786505930.429551,42060,51,Loss/l_total,0.1628861427307129
1786505930.4295769,42060,51,LR,3.088779422594519e-05
1786505952.4398258,42080,51,Loss/l_ce,0.12983417510986328
1786505952.4400122,42080,51,Loss/l_total,0.12983417510986328
1786505952.440062,42080,51,LR,3.088779422594519e-05
1786505976.449599,42100,51,Loss/l_ce,0.1737072467803955
1786505976.4498293,42100,51,Loss/l_total,0.1737072467803955
1786505976.4498532,42100,51,LR,3.088779422594519e-05
1786505997.211767,42120,51,Loss/l_ce,0.17668747901916504
1786505997.2119784,42120,51,Loss/l_total,0.17668747901916504
1786505997.2119987,42120,51,LR,3.088779422594519e-05
1786506017.0643396,42140,51,Loss/l_ce,0.08743119239807129
1786506017.064563,42140,51,Loss/l_total,0.08743119239807129
1786506017.064583,42140,51,LR,3.088779422594519e-05
1786506036.7535,42160,51,Loss/l_ce,1.507997751235962
1786506036.7538822,42160,51,Loss/l_total,1.507997751235962
1786506036.7539082,42160,51,LR,3.088779422594519e-05
1786506063.9841983,42180,51,Loss/l_ce,0.11191558837890625
1786506063.9843779,42180,51,Loss/l_total,0.11191558837890625
1786506063.9843967,42180,51,LR,3.088779422594519e-05
1786506082.7174988,42200,51,Loss/l_ce,0.17350196838378906
1786506082.717735,42200,51,Loss/l_total,0.17350196838378906
1786506082.7177603,42200,51,LR,3.088779422594519e-05
1786506099.281598,42220,51,Loss/l_ce,0.09920215606689453
1786506099.2817988,42220,51,Loss/l_total,0.09920215606689453
1786506099.2818227,42220,51,LR,3.088779422594519e-05
1786506241.814957,42224,51,Val/avg_error,0.13888975977897644
1786506241.8153164,42224,51,Val/acc,0.3654296875
1786506241.8153439,42224,51,Val/sparse_auc,0.5406545928030303
1786506241.8153617,42224,51,Val/sparse_pck_max,0.1
1786506241.8153782,42224,51,Val/sparse_pck_n,100.0
1786506263.8653665,42240,52,Loss/l_ce,0.31362342834472656
1786506263.865629,42240,52,Loss/l_total,0.31362342834472656
1786506263.8656504,42240,52,LR,2.9317889454200604e-05
1786506287.7735758,42260,52,Loss/l_ce,0.2367699146270752
1786506287.7738512,42260,52,Loss/l_total,0.2367699146270752
1786506287.7738771,42260,52,LR,2.9317889454200604e-05
1786506305.3107417,42280,52,Loss/l_ce,0.08776473999023438
1786506305.3109305,42280,52,Loss/l_total,0.08776473999023438
1786506305.3109493,42280,52,LR,2.9317889454200604e-05
1786506318.6763566,42300,52,Loss/l_ce,0.11597704887390137
1786506318.676524,42300,52,Loss/l_total,0.11597704887390137
1786506318.676551,42300,52,LR,2.9317889454200604e-05
1786506337.6348464,42320,52,Loss/l_ce,0.14193034172058105
1786506337.6350138,42320,52,Loss/l_total,0.14193034172058105
1786506337.6350589,42320,52,LR,2.9317889454200604e-05
1786506358.716278,42340,52,Loss/l_ce,0.11843585968017578
1786506358.7164633,42340,52,Loss/l_total,0.11843585968017578
1786506358.716486,42340,52,LR,2.9317889454200604e-05
1786506376.669174,42360,52,Loss/l_ce,0.06028294563293457
1786506376.6694896,42360,52,Loss/l_total,0.06028294563293457
1786506376.6695182,42360,52,LR,2.9317889454200604e-05
1786506401.881616,42380,52,Loss/l_ce,0.06441545486450195
1786506401.8818717,42380,52,Loss/l_total,0.06441545486450195
1786506401.881895,42380,52,LR,2.9317889454200604e-05
1786506434.6944983,42400,52,Loss/l_ce,0.080474853515625
1786506434.694788,42400,52,Loss/l_total,0.080474853515625
1786506434.6948142,42400,52,LR,2.9317889454200604e-05
1786506457.2848957,42420,52,Loss/l_ce,0.10247373580932617
1786506457.2851558,42420,52,Loss/l_total,0.10247373580932617
1786506457.2851806,42420,52,LR,2.9317889454200604e-05
1786506485.1826122,42440,52,Loss/l_ce,0.37912893295288086
1786506485.182852,42440,52,Loss/l_total,0.37912893295288086
1786506485.1828794,42440,52,LR,2.9317889454200604e-05
1786506506.1359718,42460,52,Loss/l_ce,0.09920048713684082
1786506506.1361618,42460,52,Loss/l_total,0.09920048713684082
1786506506.1361842,42460,52,LR,2.9317889454200604e-05
1786506521.6770854,42480,52,Loss/l_ce,0.0933082103729248
1786506521.677271,42480,52,Loss/l_total,0.0933082103729248
1786506521.6772969,42480,52,LR,2.9317889454200604e-05
1786506545.0036032,42500,52,Loss/l_ce,0.13655304908752441
1786506545.0038657,42500,52,Loss/l_total,0.13655304908752441
1786506545.0038905,42500,52,LR,2.9317889454200604e-05
1786506564.20662,42520,52,Loss/l_ce,0.18999195098876953
1786506564.206804,42520,52,Loss/l_total,0.18999195098876953
1786506564.2068243,42520,52,LR,2.9317889454200604e-05
1786506582.276093,42540,52,Loss/l_ce,0.08816337585449219
1786506582.2762735,42540,52,Loss/l_total,0.08816337585449219
1786506582.2762947,42540,52,LR,2.9317889454200604e-05
1786506607.9318619,42560,52,Loss/l_ce,0.11694836616516113
1786506607.9320588,42560,52,Loss/l_total,0.11694836616516113
1786506607.9320836,42560,52,LR,2.9317889454200604e-05
1786506626.1564195,42580,52,Loss/l_ce,0.1381988525390625
1786506626.1565871,42580,52,Loss/l_total,0.1381988525390625
1786506626.156612,42580,52,LR,2.9317889454200604e-05
1786506645.054595,42600,52,Loss/l_ce,0.22429537773132324
1786506645.0547876,42600,52,Loss/l_total,0.22429537773132324
1786506645.0548148,42600,52,LR,2.9317889454200604e-05
1786506666.0356607,42620,52,Loss/l_ce,0.0994114875793457
1786506666.035827,42620,52,Loss/l_total,0.0994114875793457
1786506666.0358496,42620,52,LR,2.9317889454200604e-05
1786506688.3913205,42640,52,Loss/l_ce,0.07735538482666016
1786506688.3915389,42640,52,Loss/l_total,0.07735538482666016
1786506688.3915606,42640,52,LR,2.9317889454200604e-05
1786506707.1587515,42660,52,Loss/l_ce,0.14807939529418945
1786506707.1589887,42660,52,Loss/l_total,0.14807939529418945
1786506707.1590116,42660,52,LR,2.9317889454200604e-05
1786506728.485745,42680,52,Loss/l_ce,0.08166217803955078
1786506728.4860141,42680,52,Loss/l_total,0.08166217803955078
1786506728.4860594,42680,52,LR,2.9317889454200604e-05
1786506748.7387147,42700,52,Loss/l_ce,0.3826022148132324
1786506748.738926,42700,52,Loss/l_total,0.3826022148132324
1786506748.7389662,42700,52,LR,2.9317889454200604e-05
1786506776.2863035,42720,52,Loss/l_ce,0.14176702499389648
1786506776.2865694,42720,52,Loss/l_total,0.14176702499389648
1786506776.286592,42720,52,LR,2.9317889454200604e-05
1786506805.326752,42740,52,Loss/l_ce,0.08733487129211426
1786506805.32705,42740,52,Loss/l_total,0.08733487129211426
1786506805.3270798,42740,52,LR,2.9317889454200604e-05
1786506825.585254,42760,52,Loss/l_ce,0.37812304496765137
1786506825.5854726,42760,52,Loss/l_total,0.37812304496765137
1786506825.585496,42760,52,LR,2.9317889454200604e-05
1786506845.677545,42780,52,Loss/l_ce,0.09211182594299316
1786506845.6777885,42780,52,Loss/l_total,0.09211182594299316
1786506845.6778123,42780,52,LR,2.9317889454200604e-05
1786506862.5401766,42800,52,Loss/l_ce,0.09573006629943848
1786506862.5403962,42800,52,Loss/l_total,0.09573006629943848
1786506862.5404165,42800,52,LR,2.9317889454200604e-05
1786506881.6111066,42820,52,Loss/l_ce,0.10054469108581543
1786506881.611255,42820,52,Loss/l_total,0.10054469108581543
1786506881.6112752,42820,52,LR,2.9317889454200604e-05
1786506905.8575358,42840,52,Loss/l_ce,0.1349797248840332
1786506905.857797,42840,52,Loss/l_total,0.1349797248840332
1786506905.8578243,42840,52,LR,2.9317889454200604e-05
1786506932.763144,42860,52,Loss/l_ce,0.0931081771850586
1786506932.7633185,42860,52,Loss/l_total,0.0931081771850586
1786506932.763341,42860,52,LR,2.9317889454200604e-05
1786506953.6649857,42880,52,Loss/l_ce,0.07470178604125977
1786506953.6652088,42880,52,Loss/l_total,0.07470178604125977
1786506953.6652315,42880,52,LR,2.9317889454200604e-05
1786506977.4545407,42900,52,Loss/l_ce,0.10890579223632812
1786506977.454712,42900,52,Loss/l_total,0.10890579223632812
1786506977.4547355,42900,52,LR,2.9317889454200604e-05
1786507002.1974194,42920,52,Loss/l_ce,0.09227800369262695
1786507002.1975963,42920,52,Loss/l_total,0.09227800369262695
1786507002.1976216,42920,52,LR,2.9317889454200604e-05
1786507022.2244139,42940,52,Loss/l_ce,0.07779383659362793
1786507022.2245815,42940,52,Loss/l_total,0.07779383659362793
1786507022.2246048,42940,52,LR,2.9317889454200604e-05
1786507040.9805424,42960,52,Loss/l_ce,0.07762980461120605
1786507040.9807181,42960,52,Loss/l_total,0.07762980461120605
1786507040.9807432,42960,52,LR,2.9317889454200604e-05
1786507058.5934489,42980,52,Loss/l_ce,0.11318802833557129
1786507058.5936093,42980,52,Loss/l_total,0.11318802833557129
1786507058.5936308,42980,52,LR,2.9317889454200604e-05
1786507075.7655575,43000,52,Loss/l_ce,0.1583995819091797
1786507075.7657511,43000,52,Loss/l_total,0.1583995819091797
1786507075.7657723,43000,52,LR,2.9317889454200604e-05
1786507097.7768505,43020,52,Loss/l_ce,0.5777313709259033
1786507097.7770638,43020,52,Loss/l_total,0.5777313709259033
1786507097.7770855,43020,52,LR,2.9317889454200604e-05
1786507255.2508812,43036,52,Val/avg_error,0.12123218923807144
1786507255.2511864,43036,52,Val/acc,0.392919921875
1786507255.251209,43036,52,Val/sparse_auc,0.572253294665404
1786507255.2512257,43036,52,Val/sparse_pck_max,0.1
1786507255.25124,43036,52,Val/sparse_pck_n,100.0
1786507260.8306563,43040,53,Loss/l_ce,0.13765716552734375
1786507260.8308368,43040,53,Loss/l_total,0.13765716552734375
1786507260.8308628,43040,53,LR,2.7793039831193156e-05
1786507282.3329499,43060,53,Loss/l_ce,0.07263851165771484
1786507282.3331802,43060,53,Loss/l_total,0.07263851165771484
1786507282.3332014,43060,53,LR,2.7793039831193156e-05
1786507307.4911094,43080,53,Loss/l_ce,0.10910630226135254
1786507307.4913242,43080,53,Loss/l_total,0.10910630226135254
1786507307.491348,43080,53,LR,2.7793039831193156e-05
1786507325.119448,43100,53,Loss/l_ce,0.5633640289306641
1786507325.1198695,43100,53,Loss/l_total,0.5633640289306641
1786507325.1198955,43100,53,LR,2.7793039831193156e-05
1786507353.1628244,43120,53,Loss/l_ce,0.14200878143310547
1786507353.1632116,43120,53,Loss/l_total,0.14200878143310547
1786507353.1632366,43120,53,LR,2.7793039831193156e-05
1786507375.4777575,43140,53,Loss/l_ce,0.08786249160766602
1786507375.4780257,43140,53,Loss/l_total,0.08786249160766602
1786507375.4780674,43140,53,LR,2.7793039831193156e-05
1786507398.6710088,43160,53,Loss/l_ce,0.09464526176452637
1786507398.6712024,43160,53,Loss/l_total,0.09464526176452637
1786507398.6712248,43160,53,LR,2.7793039831193156e-05
1786507425.942683,43180,53,Loss/l_ce,0.0899343490600586
1786507425.9429667,43180,53,Loss/l_total,0.0899343490600586
1786507425.943159,43180,53,LR,2.7793039831193156e-05
1786507444.6217866,43200,53,Loss/l_ce,0.04479837417602539
1786507444.6219897,43200,53,Loss/l_total,0.04479837417602539
1786507444.6220112,43200,53,LR,2.7793039831193156e-05
1786507464.7361174,43220,53,Loss/l_ce,0.10768580436706543
1786507464.7362978,43220,53,Loss/l_total,0.10768580436706543
1786507464.7363205,43220,53,LR,2.7793039831193156e-05
1786507490.6981332,43240,53,Loss/l_ce,0.35512804985046387
1786507490.6983492,43240,53,Loss/l_total,0.35512804985046387
1786507490.6984065,43240,53,LR,2.7793039831193156e-05
1786507509.3545098,43260,53,Loss/l_ce,0.15336894989013672
1786507509.3546808,43260,53,Loss/l_total,0.15336894989013672
1786507509.3547034,43260,53,LR,2.7793039831193156e-05
1786507527.6363785,43280,53,Loss/l_ce,0.17762374877929688
1786507527.636579,43280,53,Loss/l_total,0.17762374877929688
1786507527.6366029,43280,53,LR,2.7793039831193156e-05
1786507552.635194,43300,53,Loss/l_ce,0.13818931579589844
1786507552.6353638,43300,53,Loss/l_total,0.13818931579589844
1786507552.635385,43300,53,LR,2.7793039831193156e-05
1786507567.8154197,43320,53,Loss/l_ce,0.07924032211303711
1786507567.8155808,43320,53,Loss/l_total,0.07924032211303711
1786507567.815606,43320,53,LR,2.7793039831193156e-05
1786507580.4538374,43340,53,Loss/l_ce,0.08327627182006836
1786507580.4539962,43340,53,Loss/l_total,0.08327627182006836
1786507580.45402,43340,53,LR,2.7793039831193156e-05
1786507600.6943376,43360,53,Loss/l_ce,0.15268421173095703
1786507600.6945453,43360,53,Loss/l_total,0.15268421173095703
1786507600.6945653,43360,53,LR,2.7793039831193156e-05
1786507625.409014,43380,53,Loss/l_ce,0.09932160377502441
1786507625.4092145,43380,53,Loss/l_total,0.09932160377502441
1786507625.4092405,43380,53,LR,2.7793039831193156e-05
1786507656.1316524,43400,53,Loss/l_ce,0.08809518814086914
1786507656.1318638,43400,53,Loss/l_total,0.08809518814086914
1786507656.131884,43400,53,LR,2.7793039831193156e-05
1786507676.2325919,43420,53,Loss/l_ce,0.15589451789855957
1786507676.2327461,43420,53,Loss/l_total,0.15589451789855957
1786507676.2327678,43420,53,LR,2.7793039831193156e-05
1786507701.4633045,43440,53,Loss/l_ce,0.11748147010803223
1786507701.4634528,43440,53,Loss/l_total,0.11748147010803223
1786507701.4634745,43440,53,LR,2.7793039831193156e-05
1786507722.249831,43460,53,Loss/l_ce,0.33053088188171387
1786507722.2499971,43460,53,Loss/l_total,0.33053088188171387
1786507722.2500172,43460,53,LR,2.7793039831193156e-05
1786507740.6245925,43480,53,Loss/l_ce,0.32509875297546387
1786507740.6247542,43480,53,Loss/l_total,0.32509875297546387
1786507740.6247745,43480,53,LR,2.7793039831193156e-05
1786507762.7145243,43500,53,Loss/l_ce,0.27936744689941406
1786507762.7147415,43500,53,Loss/l_total,0.27936744689941406
1786507762.7147686,43500,53,LR,2.7793039831193156e-05
1786507793.864998,43520,53,Loss/l_ce,0.11919713020324707
1786507793.8652093,43520,53,Loss/l_total,0.11919713020324707
1786507793.8652287,43520,53,LR,2.7793039831193156e-05
1786507813.5918183,43540,53,Loss/l_ce,0.06879329681396484
1786507813.5919998,43540,53,Loss/l_total,0.06879329681396484
1786507813.5920236,43540,53,LR,2.7793039831193156e-05
1786507828.7973917,43560,53,Loss/l_ce,0.08132219314575195
1786507828.7975519,43560,53,Loss/l_total,0.08132219314575195
1786507828.7975767,43560,53,LR,2.7793039831193156e-05
1786507849.1925778,43580,53,Loss/l_ce,0.4940807819366455
1786507849.1927416,43580,53,Loss/l_total,0.4940807819366455
1786507849.192764,43580,53,LR,2.7793039831193156e-05
1786507879.5582879,43600,53,Loss/l_ce,0.17976665496826172
1786507879.558485,43600,53,Loss/l_total,0.17976665496826172
1786507879.5602183,43600,53,LR,2.7793039831193156e-05
1786507902.7445064,43620,53,Loss/l_ce,0.07320427894592285
1786507902.7446985,43620,53,Loss/l_total,0.07320427894592285
1786507902.7447202,43620,53,LR,2.7793039831193156e-05
1786507916.002812,43640,53,Loss/l_ce,0.12523126602172852
1786507916.002995,43640,53,Loss/l_total,0.12523126602172852
1786507916.0030234,43640,53,LR,2.7793039831193156e-05
1786507932.4588573,43660,53,Loss/l_ce,0.17003488540649414
1786507932.4590936,43660,53,Loss/l_total,0.17003488540649414
1786507932.4591172,43660,53,LR,2.7793039831193156e-05
1786507944.2426684,43680,53,Loss/l_ce,0.14397001266479492
1786507944.2428641,43680,53,Loss/l_total,0.14397001266479492
1786507944.242888,43680,53,LR,2.7793039831193156e-05
1786507964.2827353,43700,53,Loss/l_ce,0.14951276779174805
1786507964.2829027,43700,53,Loss/l_total,0.14951276779174805
1786507964.2829218,43700,53,LR,2.7793039831193156e-05
1786507976.2613297,43720,53,Loss/l_ce,0.2566063404083252
1786507976.2615435,43720,53,Loss/l_total,0.2566063404083252
1786507976.2615669,43720,53,LR,2.7793039831193156e-05
1786507986.452655,43740,53,Loss/l_ce,0.08163976669311523
1786507986.452871,43740,53,Loss/l_total,0.08163976669311523
1786507986.4528937,43740,53,LR,2.7793039831193156e-05
1786507999.6896904,43760,53,Loss/l_ce,0.14646196365356445
1786507999.6898732,43760,53,Loss/l_total,0.14646196365356445
1786507999.6898956,43760,53,LR,2.7793039831193156e-05
1786508011.5462341,43780,53,Loss/l_ce,0.30777597427368164
1786508011.546417,43780,53,Loss/l_total,0.30777597427368164
1786508011.5464406,43780,53,LR,2.7793039831193156e-05
1786508027.3744473,43800,53,Loss/l_ce,0.10215544700622559
1786508027.3746777,43800,53,Loss/l_total,0.10215544700622559
1786508027.3747015,43800,53,LR,2.7793039831193156e-05
1786508039.5446904,43820,53,Loss/l_ce,0.1939992904663086
1786508039.5448434,43820,53,Loss/l_total,0.1939992904663086
1786508039.544866,43820,53,LR,2.7793039831193156e-05
1786508055.1308959,43840,53,Loss/l_ce,0.09206914901733398
1786508055.131094,43840,53,Loss/l_total,0.09206914901733398
1786508055.1311169,43840,53,LR,2.7793039831193156e-05
1786508195.4323642,43848,53,Val/avg_error,0.12509624660015106
1786508195.4326816,43848,53,Val/acc,0.404052734375
1786508195.4327064,43848,53,Val/sparse_auc,0.5743849629103535
1786508195.4327252,43848,53,Val/sparse_pck_max,0.1
1786508195.4327846,43848,53,Val/sparse_pck_n,100.0
1786508209.1183295,43860,54,Loss/l_ce,0.08175492286682129
1786508209.1185029,43860,54,Loss/l_total,0.08175492286682129
1786508209.118528,43860,54,LR,2.6315920461308988e-05
1786508231.7470543,43880,54,Loss/l_ce,0.10723018646240234
1786508231.7473536,43880,54,Loss/l_total,0.10723018646240234
1786508231.7473807,43880,54,LR,2.6315920461308988e-05
1786508246.0986302,43900,54,Loss/l_ce,0.07294631004333496
1786508246.0987964,43900,54,Loss/l_total,0.07294631004333496
1786508246.098831,43900,54,LR,2.6315920461308988e-05
1786508268.225729,43920,54,Loss/l_ce,0.06433749198913574
1786508268.2259605,43920,54,Loss/l_total,0.06433749198913574
1786508268.2259831,43920,54,LR,2.6315920461308988e-05
1786508292.3916955,43940,54,Loss/l_ce,0.1431751251220703
1786508292.3919165,43940,54,Loss/l_total,0.1431751251220703
1786508292.391944,43940,54,LR,2.6315920461308988e-05
1786508319.941779,43960,54,Loss/l_ce,0.11000609397888184
1786508319.9419525,43960,54,Loss/l_total,0.11000609397888184
1786508319.941976,43960,54,LR,2.6315920461308988e-05
1786508337.5676775,43980,54,Loss/l_ce,0.1545884609222412
1786508337.5678926,43980,54,Loss/l_total,0.1545884609222412
1786508337.567915,43980,54,LR,2.6315920461308988e-05
1786508357.016027,44000,54,Loss/l_ce,0.0835719108581543
1786508357.0162704,44000,54,Loss/l_total,0.0835719108581543
1786508357.0162988,44000,54,LR,2.6315920461308988e-05
1786508376.6990004,44020,54,Loss/l_ce,0.11767578125
1786508376.6992152,44020,54,Loss/l_total,0.11767578125
1786508376.6992412,44020,54,LR,2.6315920461308988e-05
1786508395.1015394,44040,54,Loss/l_ce,0.08194565773010254
1786508395.1017601,44040,54,Loss/l_total,0.08194565773010254
1786508395.101797,44040,54,LR,2.6315920461308988e-05
1786508413.8651757,44060,54,Loss/l_ce,0.06919288635253906
1786508413.8653374,44060,54,Loss/l_total,0.06919288635253906
1786508413.8653598,44060,54,LR,2.6315920461308988e-05
1786508430.158546,44080,54,Loss/l_ce,0.2816739082336426
1786508430.158801,44080,54,Loss/l_total,0.2816739082336426
1786508430.1588237,44080,54,LR,2.6315920461308988e-05
1786508455.2247782,44100,54,Loss/l_ce,0.14346647262573242
1786508455.2249315,44100,54,Loss/l_total,0.14346647262573242
1786508455.224953,44100,54,LR,2.6315920461308988e-05
1786508478.3438141,44120,54,Loss/l_ce,0.6589593887329102
1786508478.3440194,44120,54,Loss/l_total,0.6589593887329102
1786508478.3442867,44120,54,LR,2.6315920461308988e-05
1786508507.2106564,44140,54,Loss/l_ce,0.1824173927307129
1786508507.2108479,44140,54,Loss/l_total,0.1824173927307129
1786508507.210869,44140,54,LR,2.6315920461308988e-05
1786508522.1433508,44160,54,Loss/l_ce,0.0692589282989502
1786508522.1435788,44160,54,Loss/l_total,0.0692589282989502
1786508522.1436038,44160,54,LR,2.6315920461308988e-05
1786508539.9521677,44180,54,Loss/l_ce,0.0881648063659668
1786508539.9523802,44180,54,Loss/l_total,0.0881648063659668
1786508539.9524014,44180,54,LR,2.6315920461308988e-05
1786508560.7371745,44200,54,Loss/l_ce,0.16498184204101562
1786508560.7373586,44200,54,Loss/l_total,0.16498184204101562
1786508560.7373812,44200,54,LR,2.6315920461308988e-05
1786508583.7934008,44220,54,Loss/l_ce,0.07566499710083008
1786508583.7936642,44220,54,Loss/l_total,0.07566499710083008
1786508583.7937,44220,54,LR,2.6315920461308988e-05
1786508604.6276958,44240,54,Loss/l_ce,0.469057559967041
1786508604.627956,44240,54,Loss/l_total,0.469057559967041
1786508604.6279795,44240,54,LR,2.6315920461308988e-05
1786508621.3105729,44260,54,Loss/l_ce,0.11333775520324707
1786508621.310734,44260,54,Loss/l_total,0.11333775520324707
1786508621.3107543,44260,54,LR,2.6315920461308988e-05
1786508644.3809242,44280,54,Loss/l_ce,0.1021728515625
1786508644.3811662,44280,54,Loss/l_total,0.1021728515625
1786508644.3811915,44280,54,LR,2.6315920461308988e-05
1786508672.854886,44300,54,Loss/l_ce,2.075299024581909
1786508672.855114,44300,54,Loss/l_total,2.075299024581909
1786508672.8553574,44300,54,LR,2.6315920461308988e-05
1786508696.4696548,44320,54,Loss/l_ce,0.12834882736206055
1786508696.4698377,44320,54,Loss/l_total,0.12834882736206055
1786508696.4698567,44320,54,LR,2.6315920461308988e-05
1786508707.859443,44340,54,Loss/l_ce,0.21012067794799805
1786508707.8596067,44340,54,Loss/l_total,0.21012067794799805
1786508707.8596318,44340,54,LR,2.6315920461308988e-05
1786508722.863577,44360,54,Loss/l_ce,0.16777896881103516
1786508722.8637595,44360,54,Loss/l_total,0.16777896881103516
1786508722.8637834,44360,54,LR,2.6315920461308988e-05
1786508751.681134,44380,54,Loss/l_ce,0.09333968162536621
1786508751.6814427,44380,54,Loss/l_total,0.09333968162536621
1786508751.6814702,44380,54,LR,2.6315920461308988e-05
1786508776.1229346,44400,54,Loss/l_ce,0.14937305450439453
1786508776.1231186,44400,54,Loss/l_total,0.14937305450439453
1786508776.123139,44400,54,LR,2.6315920461308988e-05
1786508797.6872637,44420,54,Loss/l_ce,0.09766197204589844
1786508797.6874433,44420,54,Loss/l_total,0.09766197204589844
1786508797.6874669,44420,54,LR,2.6315920461308988e-05
1786508821.7343566,44440,54,Loss/l_ce,0.1477205753326416
1786508821.7345111,44440,54,Loss/l_total,0.1477205753326416
1786508821.734535,44440,54,LR,2.6315920461308988e-05
1786508844.357902,44460,54,Loss/l_ce,0.11225748062133789
1786508844.3581243,44460,54,Loss/l_total,0.11225748062133789
1786508844.3581455,44460,54,LR,2.6315920461308988e-05
1786508868.8741093,44480,54,Loss/l_ce,0.8566372394561768
1786508868.874462,44480,54,Loss/l_total,0.8566372394561768
1786508868.874723,44480,54,LR,2.6315920461308988e-05
1786508887.534842,44500,54,Loss/l_ce,0.098297119140625
1786508887.5349965,44500,54,Loss/l_total,0.098297119140625
1786508887.5350168,44500,54,LR,2.6315920461308988e-05
1786508912.8315165,44520,54,Loss/l_ce,0.24805736541748047
1786508912.831742,44520,54,Loss/l_total,0.24805736541748047
1786508912.831762,44520,54,LR,2.6315920461308988e-05
1786508935.2166014,44540,54,Loss/l_ce,0.07156252861022949
1786508935.2167687,44540,54,Loss/l_total,0.07156252861022949
1786508935.216796,44540,54,LR,2.6315920461308988e-05
1786508960.4960194,44560,54,Loss/l_ce,0.06334066390991211
1786508960.4962356,44560,54,Loss/l_total,0.06334066390991211
1786508960.4962568,44560,54,LR,2.6315920461308988e-05
1786508985.7135046,44580,54,Loss/l_ce,0.12201833724975586
1786508985.7136955,44580,54,Loss/l_total,0.12201833724975586
1786508985.713718,44580,54,LR,2.6315920461308988e-05
1786509006.2026722,44600,54,Loss/l_ce,0.12404012680053711
1786509006.2028599,44600,54,Loss/l_total,0.12404012680053711
1786509006.202881,44600,54,LR,2.6315920461308988e-05
1786509023.6701727,44620,54,Loss/l_ce,0.16455745697021484
1786509023.6703303,44620,54,Loss/l_total,0.16455745697021484
1786509023.6703506,44620,54,LR,2.6315920461308988e-05
1786509051.031613,44640,54,Loss/l_ce,0.10433745384216309
1786509051.0317984,44640,54,Loss/l_total,0.10433745384216309
1786509051.0318208,44640,54,LR,2.6315920461308988e-05
1786509071.9169698,44660,54,Loss/l_ce,0.07630705833435059
1786509071.9173224,44660,54,Loss/l_total,0.07630705833435059
1786509071.9176476,44660,54,LR,2.6315920461308988e-05
1786509205.561423,44660,54,Val/avg_error,0.14230963587760925
1786509205.5618017,44660,54,Val/acc,0.374462890625
1786509205.5618482,44660,54,Val/sparse_auc,0.5410573015309343
1786509205.5618777,44660,54,Val/sparse_pck_max,0.1
1786509205.561904,44660,54,Val/sparse_pck_n,100.0
1786509225.3158154,44680,55,Loss/l_ce,0.08455610275268555
1786509225.3159816,44680,55,Loss/l_total,0.08455610275268555
1786509225.3160076,44680,55,LR,2.4889122713851408e-05
1786509241.874118,44700,55,Loss/l_ce,0.13973760604858398
1786509241.8742855,44700,55,Loss/l_total,0.13973760604858398
1786509241.8743072,44700,55,LR,2.4889122713851408e-05
1786509258.8942096,44720,55,Loss/l_ce,0.11010479927062988
1786509258.89444,44720,55,Loss/l_total,0.11010479927062988
1786509258.8944612,44720,55,LR,2.4889122713851408e-05
1786509279.1734416,44740,55,Loss/l_ce,0.0755758285522461
1786509279.173635,44740,55,Loss/l_total,0.0755758285522461
1786509279.1736565,44740,55,LR,2.4889122713851408e-05
1786509298.6112838,44760,55,Loss/l_ce,0.3930628299713135
1786509298.611443,44760,55,Loss/l_total,0.3930628299713135
1786509298.6114655,44760,55,LR,2.4889122713851408e-05
1786509325.148193,44780,55,Loss/l_ce,0.06509900093078613
1786509325.1484134,44780,55,Loss/l_total,0.06509900093078613
1786509325.1484349,44780,55,LR,2.4889122713851408e-05
1786509343.6235573,44800,55,Loss/l_ce,0.09674596786499023
1786509343.6237211,44800,55,Loss/l_total,0.09674596786499023
1786509343.6237438,44800,55,LR,2.4889122713851408e-05
1786509363.9976995,44820,55,Loss/l_ce,0.10724925994873047
1786509363.997855,44820,55,Loss/l_total,0.10724925994873047
1786509363.9978764,44820,55,LR,2.4889122713851408e-05
1786509386.3508472,44840,55,Loss/l_ce,0.28327083587646484
1786509386.3510764,44840,55,Loss/l_total,0.28327083587646484
1786509386.3511024,44840,55,LR,2.4889122713851408e-05
1786509412.2459736,44860,55,Loss/l_ce,0.07900834083557129
1786509412.24625,44860,55,Loss/l_total,0.07900834083557129
1786509412.2462738,44860,55,LR,2.4889122713851408e-05
1786509434.2779691,44880,55,Loss/l_ce,0.12257790565490723
1786509434.2781768,44880,55,Loss/l_total,0.12257790565490723
1786509434.2782028,44880,55,LR,2.4889122713851408e-05
1786509461.1988497,44900,55,Loss/l_ce,0.08943581581115723
1786509461.199321,44900,55,Loss/l_total,0.08943581581115723
1786509461.199346,44900,55,LR,2.4889122713851408e-05
1786509476.6219342,44920,55,Loss/l_ce,0.1315164566040039
1786509476.6221347,44920,55,Loss/l_total,0.1315164566040039
1786509476.6221597,44920,55,LR,2.4889122713851408e-05
1786509489.445972,44940,55,Loss/l_ce,0.14013433456420898
1786509489.446162,44940,55,Loss/l_total,0.14013433456420898
1786509489.4461858,44940,55,LR,2.4889122713851408e-05
1786509511.7570763,44960,55,Loss/l_ce,0.09994220733642578
1786509511.7572615,44960,55,Loss/l_total,0.09994220733642578
1786509511.757285,44960,55,LR,2.4889122713851408e-05
1786509530.9508173,44980,55,Loss/l_ce,0.15437006950378418
1786509530.9509811,44980,55,Loss/l_total,0.15437006950378418
1786509530.9510014,44980,55,LR,2.4889122713851408e-05
1786509552.2841184,45000,55,Loss/l_ce,0.11166191101074219
1786509552.2843843,45000,55,Loss/l_total,0.11166191101074219
1786509552.2844071,45000,55,LR,2.4889122713851408e-05
1786509584.3212135,45020,55,Loss/l_ce,0.06398820877075195
1786509584.3213785,45020,55,Loss/l_total,0.06398820877075195
1786509584.3214,45020,55,LR,2.4889122713851408e-05
1786509611.5210888,45040,55,Loss/l_ce,0.09710907936096191
1786509611.5213783,45040,55,Loss/l_total,0.09710907936096191
1786509611.5214021,45040,55,LR,2.4889122713851408e-05
1786509637.0417094,45060,55,Loss/l_ce,0.13399505615234375
1786509637.041892,45060,55,Loss/l_total,0.13399505615234375
1786509637.041916,45060,55,LR,2.4889122713851408e-05
1786509660.4832888,45080,55,Loss/l_ce,0.133223295211792
1786509660.483523,45080,55,Loss/l_total,0.133223295211792
1786509660.483544,45080,55,LR,2.4889122713851408e-05
1786509686.3126233,45100,55,Loss/l_ce,0.13349533081054688
1786509686.3130639,45100,55,Loss/l_total,0.13349533081054688
1786509686.3130946,45100,55,LR,2.4889122713851408e-05
1786509705.884694,45120,55,Loss/l_ce,0.1293628215789795
1786509705.8849862,45120,55,Loss/l_total,0.1293628215789795
1786509705.8850076,45120,55,LR,2.4889122713851408e-05
1786509723.250404,45140,55,Loss/l_ce,0.08208107948303223
1786509723.2506554,45140,55,Loss/l_total,0.08208107948303223
1786509723.2506807,45140,55,LR,2.4889122713851408e-05
1786509746.3887038,45160,55,Loss/l_ce,0.119415283203125
1786509746.3888843,45160,55,Loss/l_total,0.119415283203125
1786509746.388909,45160,55,LR,2.4889122713851408e-05
1786509765.6132371,45180,55,Loss/l_ce,0.13065338134765625
1786509765.6134758,45180,55,Loss/l_total,0.13065338134765625
1786509765.6134973,45180,55,LR,2.4889122713851408e-05
1786509788.9869046,45200,55,Loss/l_ce,0.10367727279663086
1786509788.987073,45200,55,Loss/l_total,0.10367727279663086
1786509788.9870982,45200,55,LR,2.4889122713851408e-05
1786509808.5445971,45220,55,Loss/l_ce,0.08551788330078125
1786509808.5451076,45220,55,Loss/l_total,0.08551788330078125
1786509808.545135,45220,55,LR,2.4889122713851408e-05
1786509832.906207,45240,55,Loss/l_ce,0.137070894241333
1786509832.906372,45240,55,Loss/l_total,0.137070894241333
1786509832.9063923,45240,55,LR,2.4889122713851408e-05
1786509856.6703906,45260,55,Loss/l_ce,0.20763468742370605
1786509856.6705544,45260,55,Loss/l_total,0.20763468742370605
1786509856.6705756,45260,55,LR,2.4889122713851408e-05
1786509877.7467546,45280,55,Loss/l_ce,0.10173821449279785
1786509877.74696,45280,55,Loss/l_total,0.10173821449279785
1786509877.7469885,45280,55,LR,2.4889122713851408e-05
1786509900.1922464,45300,55,Loss/l_ce,0.17043280601501465
1786509900.1926396,45300,55,Loss/l_total,0.17043280601501465
1786509900.192681,45300,55,LR,2.4889122713851408e-05
1786509927.268562,45320,55,Loss/l_ce,0.07715511322021484
1786509927.268777,45320,55,Loss/l_total,0.07715511322021484
1786509927.2688017,45320,55,LR,2.4889122713851408e-05
1786509945.2111022,45340,55,Loss/l_ce,0.1573772430419922
1786509945.2112958,45340,55,Loss/l_total,0.1573772430419922
1786509945.2113147,45340,55,LR,2.4889122713851408e-05
1786509966.0105045,45360,55,Loss/l_ce,0.17635607719421387
1786509966.010725,45360,55,Loss/l_total,0.17635607719421387
1786509966.0107489,45360,55,LR,2.4889122713851408e-05
1786509987.0749598,45380,55,Loss/l_ce,0.09231948852539062
1786509987.0752258,45380,55,Loss/l_total,0.09231948852539062
1786509987.0752578,45380,55,LR,2.4889122713851408e-05
1786510001.8449879,45400,55,Loss/l_ce,0.2023334503173828
1786510001.8452146,45400,55,Loss/l_total,0.2023334503173828
1786510001.8452373,45400,55,LR,2.4889122713851408e-05
1786510018.3384857,45420,55,Loss/l_ce,0.25571727752685547
1786510018.3386567,45420,55,Loss/l_total,0.25571727752685547
1786510018.3386996,45420,55,LR,2.4889122713851408e-05
1786510038.2197237,45440,55,Loss/l_ce,0.09369850158691406
1786510038.219934,45440,55,Loss/l_total,0.09369850158691406
1786510038.2199564,45440,55,LR,2.4889122713851408e-05
1786510059.2534995,45460,55,Loss/l_ce,0.1664409637451172
1786510059.253662,45460,55,Loss/l_total,0.1664409637451172
1786510059.253686,45460,55,LR,2.4889122713851408e-05
1786510207.919524,45472,55,Val/avg_error,0.13078582286834717
1786510207.9198682,45472,55,Val/acc,0.389306640625
1786510207.9198968,45472,55,Val/sparse_auc,0.5617663450915404
1786510207.9199145,45472,55,Val/sparse_pck_max,0.1
1786510207.9199312,45472,55,Val/sparse_pck_n,100.0
1786510218.591973,45480,56,Loss/l_ce,0.2700011730194092
1786510218.5922391,45480,56,Loss/l_total,0.2700011730194092
1786510218.592263,45480,56,LR,2.3515149676898575e-05
1786510240.9292762,45500,56,Loss/l_ce,0.18922734260559082
1786510240.9294508,45500,56,Loss/l_total,0.18922734260559082
1786510240.9294732,45500,56,LR,2.3515149676898575e-05
1786510266.43552,45520,56,Loss/l_ce,0.09959745407104492
1786510266.4356766,45520,56,Loss/l_total,0.09959745407104492
1786510266.4357002,45520,56,LR,2.3515149676898575e-05
1786510295.598796,45540,56,Loss/l_ce,0.17638754844665527
1786510295.5989656,45540,56,Loss/l_total,0.17638754844665527
1786510295.5989919,45540,56,LR,2.3515149676898575e-05
1786510318.833218,45560,56,Loss/l_ce,0.131483793258667
1786510318.8334138,45560,56,Loss/l_total,0.131483793258667
1786510318.8334377,45560,56,LR,2.3515149676898575e-05
1786510345.20926,45580,56,Loss/l_ce,0.11345291137695312
1786510345.2095103,45580,56,Loss/l_total,0.11345291137695312
1786510345.2095366,45580,56,LR,2.3515149676898575e-05
1786510369.1005423,45600,56,Loss/l_ce,0.07190608978271484
1786510369.1007452,45600,56,Loss/l_total,0.07190608978271484
1786510369.100769,45600,56,LR,2.3515149676898575e-05
1786510386.7295494,45620,56,Loss/l_ce,0.07690143585205078
1786510386.7297454,45620,56,Loss/l_total,0.07690143585205078
1786510386.730086,45620,56,LR,2.3515149676898575e-05
1786510411.8299701,45640,56,Loss/l_ce,0.07844328880310059
1786510411.8301423,45640,56,Loss/l_total,0.07844328880310059
1786510411.8301637,45640,56,LR,2.3515149676898575e-05
1786510428.286466,45660,56,Loss/l_ce,0.08837652206420898
1786510428.2869277,45660,56,Loss/l_total,0.08837652206420898
1786510428.2869525,45660,56,LR,2.3515149676898575e-05
1786510448.9232368,45680,56,Loss/l_ce,0.07694411277770996
1786510448.9235504,45680,56,Loss/l_total,0.07694411277770996
1786510448.923574,45680,56,LR,2.3515149676898575e-05
1786510477.1745014,45700,56,Loss/l_ce,0.073974609375
1786510477.1746733,45700,56,Loss/l_total,0.073974609375
1786510477.1746962,45700,56,LR,2.3515149676898575e-05
1786510498.9102483,45720,56,Loss/l_ce,0.12248635292053223
1786510498.9104714,45720,56,Loss/l_total,0.12248635292053223
1786510498.9104953,45720,56,LR,2.3515149676898575e-05
1786510518.5751743,45740,56,Loss/l_ce,0.09059596061706543
1786510518.5753336,45740,56,Loss/l_total,0.09059596061706543
1786510518.5753548,45740,56,LR,2.3515149676898575e-05
1786510533.30096,45760,56,Loss/l_ce,0.20359492301940918
1786510533.301168,45760,56,Loss/l_total,0.20359492301940918
1786510533.3011975,45760,56,LR,2.3515149676898575e-05
1786510548.3080816,45780,56,Loss/l_ce,0.2321009635925293
1786510548.3082585,45780,56,Loss/l_total,0.2321009635925293
1786510548.3082821,45780,56,LR,2.3515149676898575e-05
1786510555.8032606,45800,56,Loss/l_ce,0.11713671684265137
1786510555.8034174,45800,56,Loss/l_total,0.11713671684265137
1786510555.8034422,45800,56,LR,2.3515149676898575e-05
1786510570.9100735,45820,56,Loss/l_ce,0.13533854484558105
1786510570.9102316,45820,56,Loss/l_total,0.13533854484558105
1786510570.910254,45820,56,LR,2.3515149676898575e-05
1786510584.2688384,45840,56,Loss/l_ce,0.08626508712768555
1786510584.2690568,45840,56,Loss/l_total,0.08626508712768555
1786510584.2690852,45840,56,LR,2.3515149676898575e-05
1786510600.663613,45860,56,Loss/l_ce,0.08300137519836426
1786510600.6638258,45860,56,Loss/l_total,0.08300137519836426
1786510600.6640048,45860,56,LR,2.3515149676898575e-05
1786510617.16517,45880,56,Loss/l_ce,1.9637670516967773
1786510617.1653872,45880,56,Loss/l_total,1.9637670516967773
1786510617.1654086,45880,56,LR,2.3515149676898575e-05
1786510628.367355,45900,56,Loss/l_ce,0.11615276336669922
1786510628.3675225,45900,56,Loss/l_total,0.11615276336669922
1786510628.3675442,45900,56,LR,2.3515149676898575e-05
1786510636.8279588,45920,56,Loss/l_ce,0.07129383087158203
1786510636.828143,45920,56,Loss/l_total,0.07129383087158203
1786510636.8281653,45920,56,LR,2.3515149676898575e-05
1786510648.9904344,45940,56,Loss/l_ce,0.09669947624206543
1786510648.9906101,45940,56,Loss/l_total,0.09669947624206543
1786510648.990634,45940,56,LR,2.3515149676898575e-05
1786510661.039717,45960,56,Loss/l_ce,0.15759539604187012
1786510661.0398712,45960,56,Loss/l_total,0.15759539604187012
1786510661.0398927,45960,56,LR,2.3515149676898575e-05
1786510670.491712,45980,56,Loss/l_ce,2.2927823066711426
1786510670.4918983,45980,56,Loss/l_total,2.2927823066711426
1786510670.491921,45980,56,LR,2.3515149676898575e-05
1786510686.6075618,46000,56,Loss/l_ce,0.1463000774383545
1786510686.6077576,46000,56,Loss/l_total,0.1463000774383545
1786510686.60778,46000,56,LR,2.3515149676898575e-05
1786510711.1023836,46020,56,Loss/l_ce,0.0653693675994873
1786510711.102533,46020,56,Loss/l_total,0.0653693675994873
1786510711.1025546,46020,56,LR,2.3515149676898575e-05
1786510727.2802758,46040,56,Loss/l_ce,0.24722051620483398
1786510727.2804468,46040,56,Loss/l_total,0.24722051620483398
1786510727.280474,46040,56,LR,2.3515149676898575e-05
1786510755.0453975,46060,56,Loss/l_ce,0.13267087936401367
1786510755.045648,46060,56,Loss/l_total,0.13267087936401367
1786510755.0456693,46060,56,LR,2.3515149676898575e-05
1786510778.3258564,46080,56,Loss/l_ce,0.09511399269104004
1786510778.3260572,46080,56,Loss/l_total,0.09511399269104004
1786510778.3260834,46080,56,LR,2.3515149676898575e-05
1786510809.530785,46100,56,Loss/l_ce,0.09192657470703125
1786510809.5309548,46100,56,Loss/l_total,0.09192657470703125
1786510809.5309749,46100,56,LR,2.3515149676898575e-05
1786510836.850639,46120,56,Loss/l_ce,0.07749724388122559
1786510836.8510833,46120,56,Loss/l_total,0.07749724388122559
1786510836.8511107,46120,56,LR,2.3515149676898575e-05
1786510856.8453608,46140,56,Loss/l_ce,0.22887492179870605
1786510856.8455577,46140,56,Loss/l_total,0.22887492179870605
1786510856.845578,46140,56,LR,2.3515149676898575e-05
1786510870.3934445,46160,56,Loss/l_ce,0.08437323570251465
1786510870.393606,46160,56,Loss/l_total,0.08437323570251465
1786510870.393625,46160,56,LR,2.3515149676898575e-05
1786510896.2821481,46180,56,Loss/l_ce,0.08078336715698242
1786510896.2823262,46180,56,Loss/l_total,0.08078336715698242
1786510896.2823477,46180,56,LR,2.3515149676898575e-05
1786510916.2682834,46200,56,Loss/l_ce,1.014681339263916
1786510916.2684522,46200,56,Loss/l_total,1.014681339263916
1786510916.2684734,46200,56,LR,2.3515149676898575e-05
1786510934.2639918,46220,56,Loss/l_ce,0.3030836582183838
1786510934.26419,46220,56,Loss/l_total,0.3030836582183838
1786510934.2642198,46220,56,LR,2.3515149676898575e-05
1786510945.6707766,46240,56,Loss/l_ce,0.042865753173828125
1786510945.6709714,46240,56,Loss/l_total,0.042865753173828125
1786510945.6709962,46240,56,LR,2.3515149676898575e-05
1786510956.000897,46260,56,Loss/l_ce,0.10346508026123047
1786510956.001124,46260,56,Loss/l_total,0.10346508026123047
1786510956.0012462,46260,56,LR,2.3515149676898575e-05
1786510964.7390141,46280,56,Loss/l_ce,0.08499574661254883
1786510964.7392113,46280,56,Loss/l_total,0.08499574661254883
1786510964.7392337,46280,56,LR,2.3515149676898575e-05
1786511086.437836,46284,56,Val/avg_error,0.10154549777507782
1786511086.4382398,46284,56,Val/acc,0.426708984375
1786511086.4382646,46284,56,Val/sparse_auc,0.6062011718750001
1786511086.4382837,46284,56,Val/sparse_pck_max,0.1
1786511086.441423,46284,56,Val/sparse_pck_n,100.0
1786511101.6776688,46300,57,Loss/l_ce,0.10733890533447266
1786511101.6779382,46300,57,Loss/l_total,0.10733890533447266
1786511101.677962,46300,57,LR,2.2196411766036513e-05
1786511114.1794064,46320,57,Loss/l_ce,0.12427091598510742
1786511114.1795952,46320,57,Loss/l_total,0.12427091598510742
1786511114.1796188,46320,57,LR,2.2196411766036513e-05
1786511136.7884507,46340,57,Loss/l_ce,0.14207792282104492
1786511136.7886255,46340,57,Loss/l_total,0.14207792282104492
1786511136.788648,46340,57,LR,2.2196411766036513e-05
1786511161.0099773,46360,57,Loss/l_ce,0.16040253639221191
1786511161.0102727,46360,57,Loss/l_total,0.16040253639221191
1786511161.0102956,46360,57,LR,2.2196411766036513e-05
1786511181.2307649,46380,57,Loss/l_ce,0.1494746208190918
1786511181.230931,46380,57,Loss/l_total,0.1494746208190918
1786511181.2309535,46380,57,LR,2.2196411766036513e-05
1786511200.7566857,46400,57,Loss/l_ce,0.1682901382446289
1786511200.7568533,46400,57,Loss/l_total,0.1682901382446289
1786511200.7568767,46400,57,LR,2.2196411766036513e-05
1786511223.9803536,46420,57,Loss/l_ce,1.513094425201416
1786511223.9805317,46420,57,Loss/l_total,1.513094425201416
1786511223.9805565,46420,57,LR,2.2196411766036513e-05
1786511240.0937057,46440,57,Loss/l_ce,0.1408836841583252
1786511240.093865,46440,57,Loss/l_total,0.1408836841583252
1786511240.0938861,46440,57,LR,2.2196411766036513e-05
1786511263.8312523,46460,57,Loss/l_ce,0.13915801048278809
1786511263.8314128,46460,57,Loss/l_total,0.13915801048278809
1786511263.831434,46460,57,LR,2.2196411766036513e-05
1786511284.9716585,46480,57,Loss/l_ce,0.13199186325073242
1786511284.9718544,46480,57,Loss/l_total,0.13199186325073242
1786511284.971876,46480,57,LR,2.2196411766036513e-05
1786511314.5162394,46500,57,Loss/l_ce,0.1756901741027832
1786511314.5164783,46500,57,Loss/l_total,0.1756901741027832
1786511314.5165043,46500,57,LR,2.2196411766036513e-05
1786511342.8890796,46520,57,Loss/l_ce,0.12169718742370605
1786511342.8893838,46520,57,Loss/l_total,0.12169718742370605
1786511342.8894098,46520,57,LR,2.2196411766036513e-05
1786511362.526228,46540,57,Loss/l_ce,0.07432985305786133
1786511362.5264633,46540,57,Loss/l_total,0.07432985305786133
1786511362.5264835,46540,57,LR,2.2196411766036513e-05
1786511390.7215202,46560,57,Loss/l_ce,0.1520671844482422
1786511390.7217362,46560,57,Loss/l_total,0.1520671844482422
1786511390.7217574,46560,57,LR,2.2196411766036513e-05
1786511409.0509987,46580,57,Loss/l_ce,0.37158846855163574
1786511409.0512242,46580,57,Loss/l_total,0.37158846855163574
1786511409.0512445,46580,57,LR,2.2196411766036513e-05
1786511437.731234,46600,57,Loss/l_ce,0.08313226699829102
1786511437.7314641,46600,57,Loss/l_total,0.08313226699829102
1786511437.7314906,46600,57,LR,2.2196411766036513e-05
1786511459.747235,46620,57,Loss/l_ce,0.12066173553466797
1786511459.747494,46620,57,Loss/l_total,0.12066173553466797
1786511459.7475176,46620,57,LR,2.2196411766036513e-05
1786511484.4835658,46640,57,Loss/l_ce,0.14283156394958496
1786511484.483769,46640,57,Loss/l_total,0.14283156394958496
1786511484.483794,46640,57,LR,2.2196411766036513e-05
1786511504.6916,46660,57,Loss/l_ce,0.6333231925964355
1786511504.6918008,46660,57,Loss/l_total,0.6333231925964355
1786511504.6918292,46660,57,LR,2.2196411766036513e-05
1786511530.9504752,46680,57,Loss/l_ce,0.1726975440979004
1786511530.950715,46680,57,Loss/l_total,0.1726975440979004
1786511530.950739,46680,57,LR,2.2196411766036513e-05
1786511547.2563338,46700,57,Loss/l_ce,0.04298543930053711
1786511547.2565038,46700,57,Loss/l_total,0.04298543930053711
1786511547.2565286,46700,57,LR,2.2196411766036513e-05
1786511571.5662875,46720,57,Loss/l_ce,0.11538505554199219
1786511571.5664954,46720,57,Loss/l_total,0.11538505554199219
1786511571.5665154,46720,57,LR,2.2196411766036513e-05
1786511592.438098,46740,57,Loss/l_ce,0.17450857162475586
1786511592.4383044,46740,57,Loss/l_total,0.17450857162475586
1786511592.4383307,46740,57,LR,2.2196411766036513e-05
1786511614.7262692,46760,57,Loss/l_ce,0.14923572540283203
1786511614.72642,46760,57,Loss/l_total,0.14923572540283203
1786511614.7264428,46760,57,LR,2.2196411766036513e-05
1786511633.3994956,46780,57,Loss/l_ce,0.1310739517211914
1786511633.399668,46780,57,Loss/l_total,0.1310739517211914
1786511633.3996892,46780,57,LR,2.2196411766036513e-05
1786511650.6356287,46800,57,Loss/l_ce,0.07479095458984375
1786511650.6358008,46800,57,Loss/l_total,0.07479095458984375
1786511650.6358247,46800,57,LR,2.2196411766036513e-05
1786511668.2580607,46820,57,Loss/l_ce,0.10802745819091797
1786511668.258291,46820,57,Loss/l_total,0.10802745819091797
1786511668.2583113,46820,57,LR,2.2196411766036513e-05
1786511683.9925601,46840,57,Loss/l_ce,0.07374143600463867
1786511683.992724,46840,57,Loss/l_total,0.07374143600463867
1786511683.9927478,46840,57,LR,2.2196411766036513e-05
1786511708.179782,46860,57,Loss/l_ce,0.1396803855895996
1786511708.179948,46860,57,Loss/l_total,0.1396803855895996
1786511708.179972,46860,57,LR,2.2196411766036513e-05
1786511732.286131,46880,57,Loss/l_ce,0.1611804962158203
1786511732.2862806,46880,57,Loss/l_total,0.1611804962158203
1786511732.2863019,46880,57,LR,2.2196411766036513e-05
1786511751.2313995,46900,57,Loss/l_ce,0.1820363998413086
1786511751.2315526,46900,57,Loss/l_total,0.1820363998413086
1786511751.2315726,46900,57,LR,2.2196411766036513e-05
1786511771.8607638,46920,57,Loss/l_ce,1.9805688858032227
1786511771.8609526,46920,57,Loss/l_total,1.9805688858032227
1786511771.860975,46920,57,LR,2.2196411766036513e-05
1786511803.7851684,46940,57,Loss/l_ce,0.18874740600585938
1786511803.7853394,46940,57,Loss/l_total,0.18874740600585938
1786511803.7853606,46940,57,LR,2.2196411766036513e-05
1786511822.144951,46960,57,Loss/l_ce,0.07292699813842773
1786511822.1451194,46960,57,Loss/l_total,0.07292699813842773
1786511822.1451433,46960,57,LR,2.2196411766036513e-05
1786511846.54383,46980,57,Loss/l_ce,0.08935785293579102
1786511846.5440722,46980,57,Loss/l_total,0.08935785293579102
1786511846.5440984,46980,57,LR,2.2196411766036513e-05
1786511865.5882933,47000,57,Loss/l_ce,0.07496476173400879
1786511865.5884798,47000,57,Loss/l_total,0.07496476173400879
1786511865.5885012,47000,57,LR,2.2196411766036513e-05
1786511886.7299397,47020,57,Loss/l_ce,0.039383649826049805
1786511886.7301285,47020,57,Loss/l_total,0.039383649826049805
1786511886.7301536,47020,57,LR,2.2196411766036513e-05
1786511912.092595,47040,57,Loss/l_ce,0.1484839916229248
1786511912.0927365,47040,57,Loss/l_total,0.1484839916229248
1786511912.0927567,47040,57,LR,2.2196411766036513e-05
1786511930.571534,47060,57,Loss/l_ce,0.15290093421936035
1786511930.5717072,47060,57,Loss/l_total,0.15290093421936035
1786511930.5717332,47060,57,LR,2.2196411766036513e-05
1786511943.2082894,47080,57,Loss/l_ce,0.08449220657348633
1786511943.2084553,47080,57,Loss/l_total,0.08449220657348633
1786511943.2084768,47080,57,LR,2.2196411766036513e-05
1786512107.4503267,47096,57,Val/avg_error,0.12413374334573746
1786512107.4506724,47096,57,Val/acc,0.39609375
1786512107.4506962,47096,57,Val/sparse_auc,0.5702074455492424
1786512107.4507377,47096,57,Val/sparse_pck_max,0.1
1786512107.4507565,47096,57,Val/sparse_pck_n,100.0
1786512115.4540706,47100,58,Loss/l_ce,0.07945489883422852
1786512115.4543521,47100,58,Loss/l_total,0.07945489883422852
1786512115.4543734,47100,58,LR,2.0935222495670985e-05
1786512130.4958763,47120,58,Loss/l_ce,0.08310866355895996
1786512130.4961233,47120,58,Loss/l_total,0.08310866355895996
1786512130.496146,47120,58,LR,2.0935222495670985e-05
1786512165.6927881,47140,58,Loss/l_ce,0.0946493148803711
1786512165.6933143,47140,58,Loss/l_total,0.0946493148803711
1786512165.6933477,47140,58,LR,2.0935222495670985e-05
1786512192.2496696,47160,58,Loss/l_ce,0.08852505683898926
1786512192.2498324,47160,58,Loss/l_total,0.08852505683898926
1786512192.2498536,47160,58,LR,2.0935222495670985e-05
1786512211.5607395,47180,58,Loss/l_ce,0.19971704483032227
1786512211.56092,47180,58,Loss/l_total,0.19971704483032227
1786512211.5609426,47180,58,LR,2.0935222495670985e-05
1786512232.3706257,47200,58,Loss/l_ce,0.09665417671203613
1786512232.3707838,47200,58,Loss/l_total,0.09665417671203613
1786512232.3708313,47200,58,LR,2.0935222495670985e-05
1786512255.599558,47220,58,Loss/l_ce,0.13161897659301758
1786512255.5997422,47220,58,Loss/l_total,0.13161897659301758
1786512255.599766,47220,58,LR,2.0935222495670985e-05
1786512275.824963,47240,58,Loss/l_ce,0.15468072891235352
1786512275.8251386,47240,58,Loss/l_total,0.15468072891235352
1786512275.8251603,47240,58,LR,2.0935222495670985e-05
1786512289.3018203,47260,58,Loss/l_ce,1.6702845096588135
1786512289.3021088,47260,58,Loss/l_total,1.6702845096588135
1786512289.3021383,47260,58,LR,2.0935222495670985e-05
1786512318.6274092,47280,58,Loss/l_ce,0.28172779083251953
1786512318.6275754,47280,58,Loss/l_total,0.28172779083251953
1786512318.627599,47280,58,LR,2.0935222495670985e-05
1786512331.491406,47300,58,Loss/l_ce,0.17565631866455078
1786512331.4916186,47300,58,Loss/l_total,0.17565631866455078
1786512331.4916434,47300,58,LR,2.0935222495670985e-05
1786512357.9149697,47320,58,Loss/l_ce,0.09983515739440918
1786512357.9152367,47320,58,Loss/l_total,0.09983515739440918
1786512357.9152594,47320,58,LR,2.0935222495670985e-05
1786512377.3159442,47340,58,Loss/l_ce,0.3167910575866699
1786512377.3161945,47340,58,Loss/l_total,0.3167910575866699
1786512377.3162172,47340,58,LR,2.0935222495670985e-05
1786512403.3505232,47360,58,Loss/l_ce,0.0846705436706543
1786512403.3507864,47360,58,Loss/l_total,0.0846705436706543
1786512403.3508153,47360,58,LR,2.0935222495670985e-05
1786512423.2948961,47380,58,Loss/l_ce,0.11723995208740234
1786512423.295169,47380,58,Loss/l_total,0.11723995208740234
1786512423.295195,47380,58,LR,2.0935222495670985e-05
1786512436.6276557,47400,58,Loss/l_ce,0.42137694358825684
1786512436.6278727,47400,58,Loss/l_total,0.42137694358825684
1786512436.6279025,47400,58,LR,2.0935222495670985e-05
1786512467.1330793,47420,58,Loss/l_ce,2.074164867401123
1786512467.133312,47420,58,Loss/l_total,2.074164867401123
1786512467.1335506,47420,58,LR,2.0935222495670985e-05
1786512495.818713,47440,58,Loss/l_ce,0.14081549644470215
1786512495.818885,47440,58,Loss/l_total,0.14081549644470215
1786512495.8189063,47440,58,LR,2.0935222495670985e-05
1786512526.4438188,47460,58,Loss/l_ce,0.08795285224914551
1786512526.4442189,47460,58,Loss/l_total,0.08795285224914551
1786512526.4442463,47460,58,LR,2.0935222495670985e-05
1786512550.758985,47480,58,Loss/l_ce,0.09539222717285156
1786512550.759162,47480,58,Loss/l_total,0.09539222717285156
1786512550.7591834,47480,58,LR,2.0935222495670985e-05
1786512575.7300782,47500,58,Loss/l_ce,0.07626748085021973
1786512575.7302966,47500,58,Loss/l_total,0.07626748085021973
1786512575.7305698,47500,58,LR,2.0935222495670985e-05
1786512602.2856307,47520,58,Loss/l_ce,0.07169699668884277
1786512602.285796,47520,58,Loss/l_total,0.07169699668884277
1786512602.2858195,47520,58,LR,2.0935222495670985e-05
1786512629.7882512,47540,58,Loss/l_ce,0.159898042678833
1786512629.7884185,47540,58,Loss/l_total,0.159898042678833
1786512629.7884412,47540,58,LR,2.0935222495670985e-05
1786512660.1510103,47560,58,Loss/l_ce,0.1433563232421875
1786512660.151192,47560,58,Loss/l_total,0.1433563232421875
1786512660.1512134,47560,58,LR,2.0935222495670985e-05
1786512676.4793763,47580,58,Loss/l_ce,0.2439889907836914
1786512676.479544,47580,58,Loss/l_total,0.2439889907836914
1786512676.4795663,47580,58,LR,2.0935222495670985e-05
1786512696.961893,47600,58,Loss/l_ce,0.10329890251159668
1786512696.9620771,47600,58,Loss/l_total,0.10329890251159668
1786512696.9620984,47600,58,LR,2.0935222495670985e-05
1786512721.8574576,47620,58,Loss/l_ce,0.14432549476623535
1786512721.8578138,47620,58,Loss/l_total,0.14432549476623535
1786512721.8578386,47620,58,LR,2.0935222495670985e-05
1786512745.4450846,47640,58,Loss/l_ce,0.0732729434967041
1786512745.4453137,47640,58,Loss/l_total,0.0732729434967041
1786512745.4453375,47640,58,LR,2.0935222495670985e-05
1786512765.3266637,47660,58,Loss/l_ce,0.4559051990509033
1786512765.326855,47660,58,Loss/l_total,0.4559051990509033
1786512765.3268788,47660,58,LR,2.0935222495670985e-05
1786512789.139369,47680,58,Loss/l_ce,0.09256434440612793
1786512789.1396692,47680,58,Loss/l_total,0.09256434440612793
1786512789.139694,47680,58,LR,2.0935222495670985e-05
1786512810.075284,47700,58,Loss/l_ce,0.11242294311523438
1786512810.0754716,47700,58,Loss/l_total,0.11242294311523438
1786512810.0754955,47700,58,LR,2.0935222495670985e-05
1786512829.5390267,47720,58,Loss/l_ce,0.07214164733886719
1786512829.5395303,47720,58,Loss/l_total,0.07214164733886719
1786512829.5399277,47720,58,LR,2.0935222495670985e-05
1786512851.913756,47740,58,Loss/l_ce,0.17108941078186035
1786512851.9139338,47740,58,Loss/l_total,0.17108941078186035
1786512851.9139564,47740,58,LR,2.0935222495670985e-05
1786512863.0137126,47760,58,Loss/l_ce,0.1348891258239746
1786512863.0139844,47760,58,Loss/l_total,0.1348891258239746
1786512863.0140119,47760,58,LR,2.0935222495670985e-05
1786512884.1564155,47780,58,Loss/l_ce,0.0911111831665039
1786512884.1566222,47780,58,Loss/l_total,0.0911111831665039
1786512884.1566532,47780,58,LR,2.0935222495670985e-05
1786512903.4854164,47800,58,Loss/l_ce,0.12858152389526367
1786512903.4856465,47800,58,Loss/l_total,0.12858152389526367
1786512903.485674,47800,58,LR,2.0935222495670985e-05
1786512924.2560189,47820,58,Loss/l_ce,0.0984029769897461
1786512924.25624,47820,58,Loss/l_total,0.0984029769897461
1786512924.2562659,47820,58,LR,2.0935222495670985e-05
1786512948.562873,47840,58,Loss/l_ce,0.1074976921081543
1786512948.5630949,47840,58,Loss/l_total,0.1074976921081543
1786512948.5631187,47840,58,LR,2.0935222495670985e-05
1786512967.5654619,47860,58,Loss/l_ce,0.12661123275756836
1786512967.5656993,47860,58,Loss/l_total,0.12661123275756836
1786512967.5657265,47860,58,LR,2.0935222495670985e-05
1786512995.41376,47880,58,Loss/l_ce,0.12502288818359375
1786512995.4139192,47880,58,Loss/l_total,0.12502288818359375
1786512995.4139392,47880,58,LR,2.0935222495670985e-05
1786513022.1798537,47900,58,Loss/l_ce,0.16459035873413086
1786513022.180047,47900,58,Loss/l_total,0.16459035873413086
1786513022.1800709,47900,58,LR,2.0935222495670985e-05
1786513179.7536404,47908,58,Val/avg_error,0.12905634939670563
1786513179.7539918,47908,58,Val/acc,0.382666015625
1786513179.754018,47908,58,Val/sparse_auc,0.5594768485637626
1786513179.754062,47908,58,Val/sparse_pck_max,0.1
1786513179.7540855,47908,58,Val/sparse_pck_n,100.0
1786513186.6053865,47920,59,Loss/l_ce,0.10326027870178223
1786513186.6055384,47920,59,Loss/l_total,0.10326027870178223
1786513186.605561,47920,59,LR,1.9733794420337228e-05
1786513196.9267263,47940,59,Loss/l_ce,0.2951188087463379
1786513196.9268844,47940,59,Loss/l_total,0.2951188087463379
1786513196.9269068,47940,59,LR,1.9733794420337228e-05
1786513211.244546,47960,59,Loss/l_ce,0.13116836547851562
1786513211.2449818,47960,59,Loss/l_total,0.13116836547851562
1786513211.245489,47960,59,LR,1.9733794420337228e-05
1786513221.9459019,47980,59,Loss/l_ce,0.7926373481750488
1786513221.9461465,47980,59,Loss/l_total,0.7926373481750488
1786513221.9461727,47980,59,LR,1.9733794420337228e-05
1786513236.146706,48000,59,Loss/l_ce,0.07514548301696777
1786513236.1468523,48000,59,Loss/l_total,0.07514548301696777
1786513236.1468737,48000,59,LR,1.9733794420337228e-05
1786513250.3098137,48020,59,Loss/l_ce,0.10300374031066895
1786513250.30996,48020,59,Loss/l_total,0.10300374031066895
1786513250.3099847,48020,59,LR,1.9733794420337228e-05
1786513259.9835913,48040,59,Loss/l_ce,0.07751035690307617
1786513259.9837482,48040,59,Loss/l_total,0.07751035690307617
1786513259.985701,48040,59,LR,1.9733794420337228e-05
1786513268.6538975,48060,59,Loss/l_ce,2.315688133239746
1786513268.6541147,48060,59,Loss/l_total,2.315688133239746
1786513268.6541398,48060,59,LR,1.9733794420337228e-05
1786513281.555591,48080,59,Loss/l_ce,2.191044569015503
1786513281.5558167,48080,59,Loss/l_total,2.191044569015503
1786513281.555844,48080,59,LR,1.9733794420337228e-05
1786513296.563495,48100,59,Loss/l_ce,0.0957479476928711
1786513296.5636933,48100,59,Loss/l_total,0.0957479476928711
1786513296.5637171,48100,59,LR,1.9733794420337228e-05
1786513313.4041638,48120,59,Loss/l_ce,0.1003422737121582
1786513313.4046268,48120,59,Loss/l_total,0.1003422737121582
1786513313.404881,48120,59,LR,1.9733794420337228e-05
1786513336.563766,48140,59,Loss/l_ce,0.07857155799865723
1786513336.5639582,48140,59,Loss/l_total,0.07857155799865723
1786513336.563982,48140,59,LR,1.9733794420337228e-05
1786513360.3595479,48160,59,Loss/l_ce,0.15421152114868164
1786513360.3597558,48160,59,Loss/l_total,0.15421152114868164
1786513360.359782,48160,59,LR,1.9733794420337228e-05
1786513388.5363631,48180,59,Loss/l_ce,0.12371087074279785
1786513388.5365481,48180,59,Loss/l_total,0.12371087074279785
1786513388.5365765,48180,59,LR,1.9733794420337228e-05
1786513419.1172392,48200,59,Loss/l_ce,0.07194066047668457
1786513419.1174412,48200,59,Loss/l_total,0.07194066047668457
1786513419.1174638,48200,59,LR,1.9733794420337228e-05
1786513436.1472666,48220,59,Loss/l_ce,0.4878044128417969
1786513436.1474576,48220,59,Loss/l_total,0.4878044128417969
1786513436.1474814,48220,59,LR,1.9733794420337228e-05
1786513463.9684205,48240,59,Loss/l_ce,0.11444377899169922
1786513463.968607,48240,59,Loss/l_total,0.11444377899169922
1786513463.968632,48240,59,LR,1.9733794420337228e-05
1786513483.59608,48260,59,Loss/l_ce,0.07083868980407715
1786513483.5962274,48260,59,Loss/l_total,0.07083868980407715
1786513483.5962474,48260,59,LR,1.9733794420337228e-05
1786513506.1703327,48280,59,Loss/l_ce,0.26244688034057617
1786513506.1705475,48280,59,Loss/l_total,0.26244688034057617
1786513506.17057,48280,59,LR,1.9733794420337228e-05
1786513527.3819542,48300,59,Loss/l_ce,0.610065221786499
1786513527.3824387,48300,59,Loss/l_total,0.610065221786499
1786513527.3824685,48300,59,LR,1.9733794420337228e-05
1786513558.3597226,48320,59,Loss/l_ce,0.8772063255310059
1786513558.3600867,48320,59,Loss/l_total,0.8772063255310059
1786513558.360113,48320,59,LR,1.9733794420337228e-05
1786513583.0208678,48340,59,Loss/l_ce,0.11647725105285645
1786513583.021206,48340,59,Loss/l_total,0.11647725105285645
1786513583.0212333,48340,59,LR,1.9733794420337228e-05
1786513611.5662265,48360,59,Loss/l_ce,0.1382732391357422
1786513611.5664153,48360,59,Loss/l_total,0.1382732391357422
1786513611.5664415,48360,59,LR,1.9733794420337228e-05
1786513627.6534162,48380,59,Loss/l_ce,0.10675716400146484
1786513627.6535883,48380,59,Loss/l_total,0.10675716400146484
1786513627.6536143,48380,59,LR,1.9733794420337228e-05
1786513650.3697026,48400,59,Loss/l_ce,0.12506818771362305
1786513650.3699043,48400,59,Loss/l_total,0.12506818771362305
1786513650.3699555,48400,59,LR,1.9733794420337228e-05
1786513665.8050127,48420,59,Loss/l_ce,0.13707470893859863
1786513665.8051991,48420,59,Loss/l_total,0.13707470893859863
1786513665.8052242,48420,59,LR,1.9733794420337228e-05
1786513689.7546928,48440,59,Loss/l_ce,0.08067989349365234
1786513689.7548652,48440,59,Loss/l_total,0.08067989349365234
1786513689.7548864,48440,59,LR,1.9733794420337228e-05
1786513706.4870157,48460,59,Loss/l_ce,0.11170530319213867
1786513706.4872365,48460,59,Loss/l_total,0.11170530319213867
1786513706.4874752,48460,59,LR,1.9733794420337228e-05
1786513724.5841315,48480,59,Loss/l_ce,0.08229827880859375
1786513724.584357,48480,59,Loss/l_total,0.08229827880859375
1786513724.5843823,48480,59,LR,1.9733794420337228e-05
1786513744.598408,48500,59,Loss/l_ce,0.14294052124023438
1786513744.5985694,48500,59,Loss/l_total,0.14294052124023438
1786513744.5985906,48500,59,LR,1.9733794420337228e-05
1786513763.0280836,48520,59,Loss/l_ce,0.06992602348327637
1786513763.028304,48520,59,Loss/l_total,0.06992602348327637
1786513763.028334,48520,59,LR,1.9733794420337228e-05
1786513789.4490173,48540,59,Loss/l_ce,0.1569678783416748
1786513789.449294,48540,59,Loss/l_total,0.1569678783416748
1786513789.4493225,48540,59,LR,1.9733794420337228e-05
1786513820.4973288,48560,59,Loss/l_ce,0.16393375396728516
1786513820.4975624,48560,59,Loss/l_total,0.16393375396728516
1786513820.4975827,48560,59,LR,1.9733794420337228e-05
1786513844.4357648,48580,59,Loss/l_ce,2.160865306854248
1786513844.4359155,48580,59,Loss/l_total,2.160865306854248
1786513844.4359515,48580,59,LR,1.9733794420337228e-05
1786513866.4358153,48600,59,Loss/l_ce,0.13634085655212402
1786513866.4363496,48600,59,Loss/l_total,0.13634085655212402
1786513866.4367023,48600,59,LR,1.9733794420337228e-05
1786513894.225197,48620,59,Loss/l_ce,0.16392159461975098
1786513894.225382,48620,59,Loss/l_total,0.16392159461975098
1786513894.2254047,48620,59,LR,1.9733794420337228e-05
1786513914.1804585,48640,59,Loss/l_ce,0.10628747940063477
1786513914.1806452,48640,59,Loss/l_total,0.10628747940063477
1786513914.1806722,48640,59,LR,1.9733794420337228e-05
1786513948.7795448,48660,59,Loss/l_ce,0.17420434951782227
1786513948.779754,48660,59,Loss/l_total,0.17420434951782227
1786513948.7797801,48660,59,LR,1.9733794420337228e-05
1786513974.9242542,48680,59,Loss/l_ce,0.1495821475982666
1786513974.9244869,48680,59,Loss/l_total,0.1495821475982666
1786513974.9245107,48680,59,LR,1.9733794420337228e-05
1786514001.2576833,48700,59,Loss/l_ce,0.06715846061706543
1786514001.257872,48700,59,Loss/l_total,0.06715846061706543
1786514001.257897,48700,59,LR,1.9733794420337228e-05
1786514024.5141776,48720,59,Loss/l_ce,0.07484149932861328
1786514024.514395,48720,59,Loss/l_total,0.07484149932861328
1786514024.5144246,48720,59,LR,1.9733794420337228e-05
1786514166.3643405,48720,59,Val/avg_error,0.12891101837158203
1786514166.364698,48720,59,Val/acc,0.390087890625
1786514166.364724,48720,59,Val/sparse_auc,0.5624760791508838
1786514166.3647454,48720,59,Val/sparse_pck_max,0.1
1786514166.3647716,48720,59,Val/sparse_pck_n,100.0
1786514188.7507977,48740,60,Loss/l_ce,0.11159729957580566
1786514188.7509997,48740,60,Loss/l_total,0.11159729957580566
1786514188.751026,48740,60,LR,1.859423525312738e-05
1786514209.8022325,48760,60,Loss/l_ce,0.06351470947265625
1786514209.8025222,48760,60,Loss/l_total,0.06351470947265625
1786514209.8025482,48760,60,LR,1.859423525312738e-05
1786514224.205714,48780,60,Loss/l_ce,0.27054524421691895
1786514224.2058918,48780,60,Loss/l_total,0.27054524421691895
1786514224.2059157,48780,60,LR,1.859423525312738e-05
1786514250.695226,48800,60,Loss/l_ce,0.12328028678894043
1786514250.6954968,48800,60,Loss/l_total,0.12328028678894043
1786514250.69555,48800,60,LR,1.859423525312738e-05
1786514273.3335907,48820,60,Loss/l_ce,0.1957569122314453
1786514273.333827,48820,60,Loss/l_total,0.1957569122314453
1786514273.333852,48820,60,LR,1.859423525312738e-05
1786514292.7471304,48840,60,Loss/l_ce,0.19287800788879395
1786514292.747305,48840,60,Loss/l_total,0.19287800788879395
1786514292.747325,48840,60,LR,1.859423525312738e-05
1786514321.0409336,48860,60,Loss/l_ce,0.06704235076904297
1786514321.0412564,48860,60,Loss/l_total,0.06704235076904297
1786514321.0413113,48860,60,LR,1.859423525312738e-05
1786514346.2996035,48880,60,Loss/l_ce,2.610269069671631
1786514346.3000107,48880,60,Loss/l_total,2.610269069671631
1786514346.300063,48880,60,LR,1.859423525312738e-05
1786514363.056199,48900,60,Loss/l_ce,0.07683491706848145
1786514363.056445,48900,60,Loss/l_total,0.07683491706848145
1786514363.0564687,48900,60,LR,1.859423525312738e-05
1786514390.2872305,48920,60,Loss/l_ce,0.09298872947692871
1786514390.287488,48920,60,Loss/l_total,0.09298872947692871
1786514390.2875118,48920,60,LR,1.859423525312738e-05
1786514408.701466,48940,60,Loss/l_ce,0.271420955657959
1786514408.70165,48940,60,Loss/l_total,0.271420955657959
1786514408.7016761,48940,60,LR,1.859423525312738e-05
1786514426.838337,48960,60,Loss/l_ce,0.07329273223876953
1786514426.8385959,48960,60,Loss/l_total,0.07329273223876953
1786514426.838621,48960,60,LR,1.859423525312738e-05
1786514459.0685532,48980,60,Loss/l_ce,0.22941374778747559
1786514459.0687408,48980,60,Loss/l_total,0.22941374778747559
1786514459.0687656,48980,60,LR,1.859423525312738e-05
1786514477.671974,49000,60,Loss/l_ce,0.07937145233154297
1786514477.6722481,49000,60,Loss/l_total,0.07937145233154297
1786514477.6722767,49000,60,LR,1.859423525312738e-05
1786514513.932283,49020,60,Loss/l_ce,0.1609048843383789
1786514513.9325097,49020,60,Loss/l_total,0.1609048843383789
1786514513.9325514,49020,60,LR,1.859423525312738e-05
1786514535.2175841,49040,60,Loss/l_ce,0.07806015014648438
1786514535.2177467,49040,60,Loss/l_total,0.07806015014648438
1786514535.2177706,49040,60,LR,1.859423525312738e-05
1786514559.4251506,49060,60,Loss/l_ce,0.08931612968444824
1786514559.4253786,49060,60,Loss/l_total,0.08931612968444824
1786514559.4254084,49060,60,LR,1.859423525312738e-05
1786514578.7988565,49080,60,Loss/l_ce,0.06571173667907715
1786514578.799076,49080,60,Loss/l_total,0.06571173667907715
1786514578.7991023,49080,60,LR,1.859423525312738e-05
1786514599.2015872,49100,60,Loss/l_ce,0.12522196769714355
1786514599.201743,49100,60,Loss/l_total,0.12522196769714355
1786514599.201764,49100,60,LR,1.859423525312738e-05
1786514615.9180694,49120,60,Loss/l_ce,0.09239029884338379
1786514615.9182827,49120,60,Loss/l_total,0.09239029884338379
1786514615.9183092,49120,60,LR,1.859423525312738e-05
1786514637.4332285,49140,60,Loss/l_ce,0.10383486747741699
1786514637.4334126,49140,60,Loss/l_total,0.10383486747741699
1786514637.4334352,49140,60,LR,1.859423525312738e-05
1786514661.2574968,49160,60,Loss/l_ce,0.07026386260986328
1786514661.257783,49160,60,Loss/l_total,0.07026386260986328
1786514661.2578127,49160,60,LR,1.859423525312738e-05
1786514685.7682092,49180,60,Loss/l_ce,0.12326693534851074
1786514685.7683802,49180,60,Loss/l_total,0.12326693534851074
1786514685.7684026,49180,60,LR,1.859423525312738e-05
1786514710.1925344,49200,60,Loss/l_ce,0.11346197128295898
1786514710.1927376,49200,60,Loss/l_total,0.11346197128295898
1786514710.1927614,49200,60,LR,1.859423525312738e-05
1786514734.4081645,49220,60,Loss/l_ce,0.16759586334228516
1786514734.4084055,49220,60,Loss/l_total,0.16759586334228516
1786514734.4120922,49220,60,LR,1.859423525312738e-05
1786514746.706491,49240,60,Loss/l_ce,0.07015156745910645
1786514746.7066677,49240,60,Loss/l_total,0.07015156745910645
1786514746.7066894,49240,60,LR,1.859423525312738e-05
1786514771.618883,49260,60,Loss/l_ce,0.12731289863586426
1786514771.6190777,49260,60,Loss/l_total,0.12731289863586426
1786514771.6191015,49260,60,LR,1.859423525312738e-05
1786514789.6866484,49280,60,Loss/l_ce,0.12949872016906738
1786514789.6868346,49280,60,Loss/l_total,0.12949872016906738
1786514789.6868598,49280,60,LR,1.859423525312738e-05
1786514805.4821877,49300,60,Loss/l_ce,0.416229248046875
1786514805.4823918,49300,60,Loss/l_total,0.416229248046875
1786514805.4824193,49300,60,LR,1.859423525312738e-05
1786514819.3418903,49320,60,Loss/l_ce,0.10405802726745605
1786514819.3420753,49320,60,Loss/l_total,0.10405802726745605
1786514819.342098,49320,60,LR,1.859423525312738e-05
1786514847.5062907,49340,60,Loss/l_ce,0.10723996162414551
1786514847.506589,49340,60,Loss/l_total,0.10723996162414551
1786514847.506616,49340,60,LR,1.859423525312738e-05
1786514866.922008,49360,60,Loss/l_ce,0.12625718116760254
1786514866.9222867,49360,60,Loss/l_total,0.12625718116760254
1786514866.922312,49360,60,LR,1.859423525312738e-05
1786514891.5241592,49380,60,Loss/l_ce,0.1419827938079834
1786514891.524335,49380,60,Loss/l_total,0.1419827938079834
1786514891.5243587,49380,60,LR,1.859423525312738e-05
1786514911.7785974,49400,60,Loss/l_ce,0.29241418838500977
1786514911.77883,49400,60,Loss/l_total,0.29241418838500977
1786514911.7788599,49400,60,LR,1.859423525312738e-05
1786514928.9010959,49420,60,Loss/l_ce,0.13455629348754883
1786514928.9013488,49420,60,Loss/l_total,0.13455629348754883
1786514928.9013703,49420,60,LR,1.859423525312738e-05
1786514953.897306,49440,60,Loss/l_ce,0.06502199172973633
1786514953.8975077,49440,60,Loss/l_total,0.06502199172973633
1786514953.8975315,49440,60,LR,1.859423525312738e-05
1786514971.6542726,49460,60,Loss/l_ce,0.10925531387329102
1786514971.6544874,49460,60,Loss/l_total,0.10925531387329102
1786514971.6545124,49460,60,LR,1.859423525312738e-05
1786514989.5280502,49480,60,Loss/l_ce,0.12345695495605469
1786514989.5282865,49480,60,Loss/l_total,0.12345695495605469
1786514989.5283139,49480,60,LR,1.859423525312738e-05
1786515007.0041146,49500,60,Loss/l_ce,0.11240267753601074
1786515007.0043354,49500,60,Loss/l_total,0.11240267753601074
1786515007.0043592,49500,60,LR,1.859423525312738e-05
1786515026.8558884,49520,60,Loss/l_ce,0.13100099563598633
1786515026.8561387,49520,60,Loss/l_total,0.13100099563598633
1786515026.8561661,49520,60,LR,1.859423525312738e-05
1786515182.801071,49532,60,Val/avg_error,0.12190892547369003
1786515182.8014889,49532,60,Val/acc,0.39951171875
1786515182.8015196,49532,60,Val/sparse_auc,0.5758118292297981
1786515182.8015363,49532,60,Val/sparse_pck_max,0.1
1786515182.8015587,49532,60,Val/sparse_pck_n,100.0
1786515195.4170864,49540,61,Loss/l_ce,0.12029600143432617
1786515195.4173265,49540,61,Loss/l_total,0.12029600143432617
1786515195.4173524,49540,61,LR,1.7518544168045535e-05
1786515215.0221298,49560,61,Loss/l_ce,0.09121155738830566
1786515215.0223575,49560,61,Loss/l_total,0.09121155738830566
1786515215.0223813,49560,61,LR,1.7518544168045535e-05
1786515232.150935,49580,61,Loss/l_ce,0.08402419090270996
1786515232.1511335,49580,61,Loss/l_total,0.08402419090270996
1786515232.1511595,49580,61,LR,1.7518544168045535e-05
1786515255.3452246,49600,61,Loss/l_ce,0.0731649398803711
1786515255.3454564,49600,61,Loss/l_total,0.0731649398803711
1786515255.3454835,49600,61,LR,1.7518544168045535e-05
1786515274.468354,49620,61,Loss/l_ce,0.08352351188659668
1786515274.4685166,49620,61,Loss/l_total,0.08352351188659668
1786515274.4685416,49620,61,LR,1.7518544168045535e-05
1786515305.767498,49640,61,Loss/l_ce,0.11105751991271973
1786515305.7677388,49640,61,Loss/l_total,0.11105751991271973
1786515305.7677627,49640,61,LR,1.7518544168045535e-05
1786515330.473738,49660,61,Loss/l_ce,0.0658102035522461
1786515330.4740076,49660,61,Loss/l_total,0.0658102035522461
1786515330.4740527,49660,61,LR,1.7518544168045535e-05
1786515357.9439886,49680,61,Loss/l_ce,0.09333014488220215
1786515357.944278,49680,61,Loss/l_total,0.09333014488220215
1786515357.9443042,49680,61,LR,1.7518544168045535e-05
1786515385.652857,49700,61,Loss/l_ce,0.08884048461914062
1786515385.6531906,49700,61,Loss/l_total,0.08884048461914062
1786515385.6532214,49700,61,LR,1.7518544168045535e-05
1786515402.9279573,49720,61,Loss/l_ce,0.08202528953552246
1786515402.9281495,49720,61,Loss/l_total,0.08202528953552246
1786515402.9281745,49720,61,LR,1.7518544168045535e-05
1786515429.1302676,49740,61,Loss/l_ce,0.34196019172668457
1786515429.130485,49740,61,Loss/l_total,0.34196019172668457
1786515429.130509,49740,61,LR,1.7518544168045535e-05
1786515444.95992,49760,61,Loss/l_ce,0.04638528823852539
1786515444.9601514,49760,61,Loss/l_total,0.04638528823852539
1786515444.960175,49760,61,LR,1.7518544168045535e-05
1786515469.1060133,49780,61,Loss/l_ce,0.12388038635253906
1786515469.1062222,49780,61,Loss/l_total,0.12388038635253906
1786515469.1062472,49780,61,LR,1.7518544168045535e-05
1786515494.2708974,49800,61,Loss/l_ce,0.16571640968322754
1786515494.2710993,49800,61,Loss/l_total,0.16571640968322754
1786515494.2711232,49800,61,LR,1.7518544168045535e-05
1786515519.3584437,49820,61,Loss/l_ce,0.17464923858642578
1786515519.35868,49820,61,Loss/l_total,0.17464923858642578
1786515519.3587003,49820,61,LR,1.7518544168045535e-05
1786515540.3972523,49840,61,Loss/l_ce,0.1002814769744873
1786515540.3975053,49840,61,Loss/l_total,0.1002814769744873
1786515540.3975303,49840,61,LR,1.7518544168045535e-05
1786515562.1837435,49860,61,Loss/l_ce,0.09975004196166992
1786515562.183918,49860,61,Loss/l_total,0.09975004196166992
1786515562.1839454,49860,61,LR,1.7518544168045535e-05
1786515585.355747,49880,61,Loss/l_ce,0.0864248275756836
1786515585.3562138,49880,61,Loss/l_total,0.0864248275756836
1786515585.3562434,49880,61,LR,1.7518544168045535e-05
1786515611.119717,49900,61,Loss/l_ce,0.09228205680847168
1786515611.1199756,49900,61,Loss/l_total,0.09228205680847168
1786515611.120009,49900,61,LR,1.7518544168045535e-05
1786515627.3542638,49920,61,Loss/l_ce,0.5556395053863525
1786515627.354455,49920,61,Loss/l_total,0.5556395053863525
1786515627.3544798,49920,61,LR,1.7518544168045535e-05
1786515649.8340569,49940,61,Loss/l_ce,0.13823318481445312
1786515649.834221,49940,61,Loss/l_total,0.13823318481445312
1786515649.83424,49940,61,LR,1.7518544168045535e-05
1786515674.8763216,49960,61,Loss/l_ce,0.1918630599975586
1786515674.8765507,49960,61,Loss/l_total,0.1918630599975586
1786515674.876573,49960,61,LR,1.7518544168045535e-05
1786515697.7175376,49980,61,Loss/l_ce,0.07464122772216797
1786515697.7178485,49980,61,Loss/l_total,0.07464122772216797
1786515697.71787,49980,61,LR,1.7518544168045535e-05
1786515725.7088573,50000,61,Loss/l_ce,0.08452320098876953
1786515725.7091458,50000,61,Loss/l_total,0.08452320098876953
1786515725.7091756,50000,61,LR,1.7518544168045535e-05
1786515754.7463746,50020,61,Loss/l_ce,0.0306851863861084
1786515754.7465453,50020,61,Loss/l_total,0.0306851863861084
1786515754.7465656,50020,61,LR,1.7518544168045535e-05
1786515778.4239593,50040,61,Loss/l_ce,0.30697154998779297
1786515778.424211,50040,61,Loss/l_total,0.30697154998779297
1786515778.4242384,50040,61,LR,1.7518544168045535e-05
1786515807.2406373,50060,61,Loss/l_ce,1.3712468147277832
1786515807.2409446,50060,61,Loss/l_total,1.3712468147277832
1786515807.2409685,50060,61,LR,1.7518544168045535e-05
1786515825.9706047,50080,61,Loss/l_ce,0.09099960327148438
1786515825.9708252,50080,61,Loss/l_total,0.09099960327148438
1786515825.9708538,50080,61,LR,1.7518544168045535e-05
1786515850.609551,50100,61,Loss/l_ce,0.07259702682495117
1786515850.609762,50100,61,Loss/l_total,0.07259702682495117
1786515850.6097846,50100,61,LR,1.7518544168045535e-05
1786515867.02326,50120,61,Loss/l_ce,0.06725764274597168
1786515867.0235033,50120,61,Loss/l_total,0.06725764274597168
1786515867.0235271,50120,61,LR,1.7518544168045535e-05
1786515881.7774444,50140,61,Loss/l_ce,0.09089016914367676
1786515881.7775986,50140,61,Loss/l_total,0.09089016914367676
1786515881.7776213,50140,61,LR,1.7518544168045535e-05
1786515896.8157656,50160,61,Loss/l_ce,0.031134366989135742
1786515896.8160217,50160,61,Loss/l_total,0.031134366989135742
1786515896.81608,50160,61,LR,1.7518544168045535e-05
1786515917.7550535,50180,61,Loss/l_ce,0.13361787796020508
1786515917.7553053,50180,61,Loss/l_total,0.13361787796020508
1786515917.7553327,50180,61,LR,1.7518544168045535e-05
1786515936.5502775,50200,61,Loss/l_ce,0.14365673065185547
1786515936.5505042,50200,61,Loss/l_total,0.14365673065185547
1786515936.550537,50200,61,LR,1.7518544168045535e-05
1786515953.5708153,50220,61,Loss/l_ce,0.537175178527832
1786515953.5710018,50220,61,Loss/l_total,0.537175178527832
1786515953.5710254,50220,61,LR,1.7518544168045535e-05
1786515966.3454814,50240,61,Loss/l_ce,0.08761858940124512
1786515966.3456547,50240,61,Loss/l_total,0.08761858940124512
1786515966.3456776,50240,61,LR,1.7518544168045535e-05
1786515980.6706908,50260,61,Loss/l_ce,0.1491987705230713
1786515980.670838,50260,61,Loss/l_total,0.1491987705230713
1786515980.6708596,50260,61,LR,1.7518544168045535e-05
1786515992.1368752,50280,61,Loss/l_ce,0.15859532356262207
1786515992.1371605,50280,61,Loss/l_total,0.15859532356262207
1786515992.1371925,50280,61,LR,1.7518544168045535e-05
1786516007.2332366,50300,61,Loss/l_ce,0.10454845428466797
1786516007.2333837,50300,61,Loss/l_total,0.10454845428466797
1786516007.2334073,50300,61,LR,1.7518544168045535e-05
1786516017.525581,50320,61,Loss/l_ce,0.07043170928955078
1786516017.5257494,50320,61,Loss/l_total,0.07043170928955078
1786516017.5257757,50320,61,LR,1.7518544168045535e-05
1786516028.9342303,50340,61,Loss/l_ce,0.21365785598754883
1786516028.9345093,50340,61,Loss/l_total,0.21365785598754883
1786516028.9345355,50340,61,LR,1.7518544168045535e-05
1786516165.6913247,50344,61,Val/avg_error,0.12559375166893005
1786516165.691689,50344,61,Val/acc,0.392041015625
1786516165.691714,50344,61,Val/sparse_auc,0.5686572758838383
1786516165.6917615,50344,61,Val/sparse_pck_max,0.1
1786516165.6917815,50344,61,Val/sparse_pck_n,100.0
1786516180.5427513,50360,62,Loss/l_ce,0.10884547233581543
1786516180.5429256,50360,62,Loss/l_total,0.10884547233581543
1786516180.5429683,50360,62,LR,1.650860829277721e-05
1786516208.760961,50380,62,Loss/l_ce,0.1166539192199707
1786516208.7612033,50380,62,Loss/l_total,0.1166539192199707
1786516208.761227,50380,62,LR,1.650860829277721e-05
1786516233.8698826,50400,62,Loss/l_ce,0.48795509338378906
1786516233.8701487,50400,62,Loss/l_total,0.48795509338378906
1786516233.8701725,50400,62,LR,1.650860829277721e-05
1786516258.5650184,50420,62,Loss/l_ce,0.07906532287597656
1786516258.5652452,50420,62,Loss/l_total,0.07906532287597656
1786516258.565269,50420,62,LR,1.650860829277721e-05
1786516280.9648745,50440,62,Loss/l_ce,0.08368515968322754
1786516280.9651167,50440,62,Loss/l_total,0.08368515968322754
1786516280.9651406,50440,62,LR,1.650860829277721e-05
1786516311.7156858,50460,62,Loss/l_ce,0.13232755661010742
1786516311.7158663,50460,62,Loss/l_total,0.13232755661010742
1786516311.715889,50460,62,LR,1.650860829277721e-05
1786516328.699356,50480,62,Loss/l_ce,0.14675211906433105
1786516328.69957,50480,62,Loss/l_total,0.14675211906433105
1786516328.6995938,50480,62,LR,1.650860829277721e-05
1786516354.7645721,50500,62,Loss/l_ce,0.07480883598327637
1786516354.7647657,50500,62,Loss/l_total,0.07480883598327637
1786516354.7660918,50500,62,LR,1.650860829277721e-05
1786516375.4995708,50520,62,Loss/l_ce,0.18919801712036133
1786516375.4997892,50520,62,Loss/l_total,0.18919801712036133
1786516375.499813,50520,62,LR,1.650860829277721e-05
1786516400.7381396,50540,62,Loss/l_ce,0.8357582092285156
1786516400.7383747,50540,62,Loss/l_total,0.8357582092285156
1786516400.7383971,50540,62,LR,1.650860829277721e-05
1786516431.15408,50560,62,Loss/l_ce,0.5446035861968994
1786516431.1542652,50560,62,Loss/l_total,0.5446035861968994
1786516431.1542866,50560,62,LR,1.650860829277721e-05
1786516452.4161365,50580,62,Loss/l_ce,0.07472848892211914
1786516452.4163039,50580,62,Loss/l_total,0.07472848892211914
1786516452.4163263,50580,62,LR,1.650860829277721e-05
1786516475.1104624,50600,62,Loss/l_ce,0.0598909854888916
1786516475.1106381,50600,62,Loss/l_total,0.0598909854888916
1786516475.1106608,50600,62,LR,1.650860829277721e-05
1786516500.2008958,50620,62,Loss/l_ce,0.06975364685058594
1786516500.2011595,50620,62,Loss/l_total,0.06975364685058594
1786516500.2011843,50620,62,LR,1.650860829277721e-05
1786516517.8140569,50640,62,Loss/l_ce,0.1391284465789795
1786516517.8142266,50640,62,Loss/l_total,0.1391284465789795
1786516517.8142505,50640,62,LR,1.650860829277721e-05
1786516534.7768238,50660,62,Loss/l_ce,0.1512002944946289
1786516534.7769876,50660,62,Loss/l_total,0.1512002944946289
1786516534.7770128,50660,62,LR,1.650860829277721e-05
1786516556.8319225,50680,62,Loss/l_ce,0.08674788475036621
1786516556.8321776,50680,62,Loss/l_total,0.08674788475036621
1786516556.8322003,50680,62,LR,1.650860829277721e-05
1786516575.6367946,50700,62,Loss/l_ce,0.11558175086975098
1786516575.637063,50700,62,Loss/l_total,0.11558175086975098
1786516575.637088,50700,62,LR,1.650860829277721e-05
1786516594.1253564,50720,62,Loss/l_ce,0.4581022262573242
1786516594.1255393,50720,62,Loss/l_total,0.4581022262573242
1786516594.1255622,50720,62,LR,1.650860829277721e-05
1786516613.1318471,50740,62,Loss/l_ce,0.5432801246643066
1786516613.1321096,50740,62,Loss/l_total,0.5432801246643066
1786516613.1321356,50740,62,LR,1.650860829277721e-05
1786516640.913881,50760,62,Loss/l_ce,0.1632390022277832
1786516640.9140627,50760,62,Loss/l_total,0.1632390022277832
1786516640.9140863,50760,62,LR,1.650860829277721e-05
1786516666.048403,50780,62,Loss/l_ce,0.12161540985107422
1786516666.0486033,50780,62,Loss/l_total,0.12161540985107422
1786516666.0486262,50780,62,LR,1.650860829277721e-05
1786516684.581526,50800,62,Loss/l_ce,0.1104888916015625
1786516684.5817065,50800,62,Loss/l_total,0.1104888916015625
1786516684.5817254,50800,62,LR,1.650860829277721e-05
1786516710.3546984,50820,62,Loss/l_ce,0.07275152206420898
1786516710.354892,50820,62,Loss/l_total,0.07275152206420898
1786516710.3549168,50820,62,LR,1.650860829277721e-05
1786516730.330856,50840,62,Loss/l_ce,0.27959489822387695
1786516730.3310544,50840,62,Loss/l_total,0.27959489822387695
1786516730.3311744,50840,62,LR,1.650860829277721e-05
1786516753.040414,50860,62,Loss/l_ce,0.19127964973449707
1786516753.0406542,50860,62,Loss/l_total,0.19127964973449707
1786516753.0406778,50860,62,LR,1.650860829277721e-05
1786516780.1183288,50880,62,Loss/l_ce,0.1500391960144043
1786516780.118495,50880,62,Loss/l_total,0.1500391960144043
1786516780.1185174,50880,62,LR,1.650860829277721e-05
1786516799.6141458,50900,62,Loss/l_ce,0.14331674575805664
1786516799.61435,50900,62,Loss/l_total,0.14331674575805664
1786516799.6143725,50900,62,LR,1.650860829277721e-05
1786516825.8395972,50920,62,Loss/l_ce,0.05797839164733887
1786516825.839818,50920,62,Loss/l_total,0.05797839164733887
1786516825.8398418,50920,62,LR,1.650860829277721e-05
1786516838.621657,50940,62,Loss/l_ce,0.07874345779418945
1786516838.6218383,50940,62,Loss/l_total,0.07874345779418945
1786516838.6218622,50940,62,LR,1.650860829277721e-05
1786516861.6148214,50960,62,Loss/l_ce,0.0691685676574707
1786516861.6150599,50960,62,Loss/l_total,0.0691685676574707
1786516861.6150851,50960,62,LR,1.650860829277721e-05
1786516880.1674752,50980,62,Loss/l_ce,0.06244659423828125
1786516880.167671,50980,62,Loss/l_total,0.06244659423828125
1786516880.1676962,50980,62,LR,1.650860829277721e-05
1786516909.7275245,51000,62,Loss/l_ce,0.07130146026611328
1786516909.7276871,51000,62,Loss/l_total,0.07130146026611328
1786516909.727711,51000,62,LR,1.650860829277721e-05
1786516925.681857,51020,62,Loss/l_ce,0.7959294319152832
1786516925.6820803,51020,62,Loss/l_total,0.7959294319152832
1786516925.6821074,51020,62,LR,1.650860829277721e-05
1786516947.6509953,51040,62,Loss/l_ce,0.13920831680297852
1786516947.6512136,51040,62,Loss/l_total,0.13920831680297852
1786516947.651236,51040,62,LR,1.650860829277721e-05
1786516965.6542907,51060,62,Loss/l_ce,0.0750420093536377
1786516965.6544712,51060,62,Loss/l_total,0.0750420093536377
1786516965.654496,51060,62,LR,1.650860829277721e-05
1786516989.4651673,51080,62,Loss/l_ce,0.08752822875976562
1786516989.4653466,51080,62,Loss/l_total,0.08752822875976562
1786516989.4653704,51080,62,LR,1.650860829277721e-05
1786517012.0354805,51100,62,Loss/l_ce,0.06441783905029297
1786517012.0356634,51100,62,Loss/l_total,0.06441783905029297
1786517012.0356882,51100,62,LR,1.650860829277721e-05
1786517025.4668503,51120,62,Loss/l_ce,0.13494229316711426
1786517025.4669952,51120,62,Loss/l_total,0.13494229316711426
1786517025.4670177,51120,62,LR,1.650860829277721e-05
1786517044.20809,51140,62,Loss/l_ce,0.10224795341491699
1786517044.2082624,51140,62,Loss/l_total,0.10224795341491699
1786517044.2082827,51140,62,LR,1.650860829277721e-05
1786517188.5584686,51156,62,Val/avg_error,0.12168315798044205
1786517188.558863,51156,62,Val/acc,0.4193359375
1786517188.5588903,51156,62,Val/sparse_auc,0.586037868923611
1786517188.5589128,51156,62,Val/sparse_pck_max,0.1
1786517188.558934,51156,62,Val/sparse_pck_n,100.0
1786517193.1648629,51160,63,Loss/l_ce,0.1445629596710205
1786517193.1650255,51160,63,Loss/l_total,0.1445629596710205
1786517193.165072,51160,63,LR,1.5566199398026146e-05
1786517215.0997188,51180,63,Loss/l_ce,0.0736539363861084
1786517215.0998757,51180,63,Loss/l_total,0.0736539363861084
1786517215.0999005,51180,63,LR,1.5566199398026146e-05
1786517241.3447444,51200,63,Loss/l_ce,0.0953834056854248
1786517241.3449783,51200,63,Loss/l_total,0.0953834056854248
1786517241.3450022,51200,63,LR,1.5566199398026146e-05
1786517259.7504761,51220,63,Loss/l_ce,0.11318445205688477
1786517259.7506661,51220,63,Loss/l_total,0.11318445205688477
1786517259.7506876,51220,63,LR,1.5566199398026146e-05
1786517279.4777331,51240,63,Loss/l_ce,0.08750486373901367
1786517279.4779055,51240,63,Loss/l_total,0.08750486373901367
1786517279.4779303,51240,63,LR,1.5566199398026146e-05
1786517301.850309,51260,63,Loss/l_ce,1.7051310539245605
1786517301.8504868,51260,63,Loss/l_total,1.7051310539245605
1786517301.850513,51260,63,LR,1.5566199398026146e-05
1786517327.8236241,51280,63,Loss/l_ce,0.038238525390625
1786517327.823833,51280,63,Loss/l_total,0.038238525390625
1786517327.8238533,51280,63,LR,1.5566199398026146e-05
1786517346.6948404,51300,63,Loss/l_ce,0.07889914512634277
1786517346.6950042,51300,63,Loss/l_total,0.07889914512634277
1786517346.6950266,51300,63,LR,1.5566199398026146e-05
1786517363.0760627,51320,63,Loss/l_ce,0.11894607543945312
1786517363.0762193,51320,63,Loss/l_total,0.11894607543945312
1786517363.076244,51320,63,LR,1.5566199398026146e-05
1786517392.573535,51340,63,Loss/l_ce,0.08736157417297363
1786517392.573706,51340,63,Loss/l_total,0.08736157417297363
1786517392.5737357,51340,63,LR,1.5566199398026146e-05
1786517413.4528964,51360,63,Loss/l_ce,2.3692731857299805
1786517413.4531505,51360,63,Loss/l_total,2.3692731857299805
1786517413.453179,51360,63,LR,1.5566199398026146e-05
1786517434.9296567,51380,63,Loss/l_ce,0.7055201530456543
1786517434.9298918,51380,63,Loss/l_total,0.7055201530456543
1786517434.9299166,51380,63,LR,1.5566199398026146e-05
1786517458.6237047,51400,63,Loss/l_ce,0.08804178237915039
1786517458.6239824,51400,63,Loss/l_total,0.08804178237915039
1786517458.6240048,51400,63,LR,1.5566199398026146e-05
1786517482.1346822,51420,63,Loss/l_ce,0.11536550521850586
1786517482.1349149,51420,63,Loss/l_total,0.11536550521850586
1786517482.1349385,51420,63,LR,1.5566199398026146e-05
1786517501.5972173,51440,63,Loss/l_ce,0.21189165115356445
1786517501.5974061,51440,63,Loss/l_total,0.21189165115356445
1786517501.5974298,51440,63,LR,1.5566199398026146e-05
1786517520.1038458,51460,63,Loss/l_ce,0.08263349533081055
1786517520.1041343,51460,63,Loss/l_total,0.08263349533081055
1786517520.1041687,51460,63,LR,1.5566199398026146e-05
1786517541.2175546,51480,63,Loss/l_ce,0.07526111602783203
1786517541.2177532,51480,63,Loss/l_total,0.07526111602783203
1786517541.217777,51480,63,LR,1.5566199398026146e-05
1786517579.273345,51500,63,Loss/l_ce,0.11255168914794922
1786517579.2735767,51500,63,Loss/l_total,0.11255168914794922
1786517579.2736027,51500,63,LR,1.5566199398026146e-05
1786517605.9099324,51520,63,Loss/l_ce,0.08731532096862793
1786517605.910132,51520,63,Loss/l_total,0.08731532096862793
1786517605.910159,51520,63,LR,1.5566199398026146e-05
1786517633.233181,51540,63,Loss/l_ce,0.06600189208984375
1786517633.2333448,51540,63,Loss/l_total,0.06600189208984375
1786517633.2333663,51540,63,LR,1.5566199398026146e-05
1786517651.6349652,51560,63,Loss/l_ce,0.09684467315673828
1786517651.6351898,51560,63,Loss/l_total,0.09684467315673828
1786517651.6352172,51560,63,LR,1.5566199398026146e-05
1786517679.2110264,51580,63,Loss/l_ce,0.06901311874389648
1786517679.2112615,51580,63,Loss/l_total,0.06901311874389648
1786517679.2112854,51580,63,LR,1.5566199398026146e-05
1786517699.58701,51600,63,Loss/l_ce,0.07347965240478516
1786517699.5872996,51600,63,Loss/l_total,0.07347965240478516
1786517699.5873244,51600,63,LR,1.5566199398026146e-05
1786517727.2048256,51620,63,Loss/l_ce,0.0653386116027832
1786517727.2050726,51620,63,Loss/l_total,0.0653386116027832
1786517727.2050998,51620,63,LR,1.5566199398026146e-05
1786517753.2734566,51640,63,Loss/l_ce,0.13346171379089355
1786517753.2736654,51640,63,Loss/l_total,0.13346171379089355
1786517753.2736907,51640,63,LR,1.5566199398026146e-05
1786517774.3955932,51660,63,Loss/l_ce,0.08012962341308594
1786517774.3958154,51660,63,Loss/l_total,0.08012962341308594
1786517774.3958416,51660,63,LR,1.5566199398026146e-05
1786517794.31194,51680,63,Loss/l_ce,0.07738900184631348
1786517794.3121843,51680,63,Loss/l_total,0.07738900184631348
1786517794.312213,51680,63,LR,1.5566199398026146e-05
1786517814.3761642,51700,63,Loss/l_ce,0.18031787872314453
1786517814.3764458,51700,63,Loss/l_total,0.18031787872314453
1786517814.3764822,51700,63,LR,1.5566199398026146e-05
1786517834.3661683,51720,63,Loss/l_ce,0.1760234832763672
1786517834.3663204,51720,63,Loss/l_total,0.1760234832763672
1786517834.3663452,51720,63,LR,1.5566199398026146e-05
1786517855.6508994,51740,63,Loss/l_ce,0.1709139347076416
1786517855.651093,51740,63,Loss/l_total,0.1709139347076416
1786517855.6511178,51740,63,LR,1.5566199398026146e-05
1786517878.6212547,51760,63,Loss/l_ce,0.18708324432373047
1786517878.6214256,51760,63,Loss/l_total,0.18708324432373047
1786517878.6214483,51760,63,LR,1.5566199398026146e-05
1786517902.3493357,51780,63,Loss/l_ce,0.07984399795532227
1786517902.349515,51780,63,Loss/l_total,0.07984399795532227
1786517902.3495376,51780,63,LR,1.5566199398026146e-05
1786517931.856072,51800,63,Loss/l_ce,0.07769393920898438
1786517931.8563082,51800,63,Loss/l_total,0.07769393920898438
1786517931.8563392,51800,63,LR,1.5566199398026146e-05
1786517951.0007908,51820,63,Loss/l_ce,0.10591530799865723
1786517951.0010793,51820,63,Loss/l_total,0.10591530799865723
1786517951.0013454,51820,63,LR,1.5566199398026146e-05
1786517988.1671634,51840,63,Loss/l_ce,0.1352696418762207
1786517988.1674817,51840,63,Loss/l_total,0.1352696418762207
1786517988.1675055,51840,63,LR,1.5566199398026146e-05
1786518009.2951488,51860,63,Loss/l_ce,0.07048296928405762
1786518009.2956345,51860,63,Loss/l_total,0.07048296928405762
1786518009.2956605,51860,63,LR,1.5566199398026146e-05
1786518036.8097367,51880,63,Loss/l_ce,0.04221177101135254
1786518036.809973,51880,63,Loss/l_total,0.04221177101135254
1786518036.8100002,51880,63,LR,1.5566199398026146e-05
1786518053.1623669,51900,63,Loss/l_ce,1.6709725856781006
1786518053.162584,51900,63,Loss/l_total,1.6709725856781006
1786518053.162609,51900,63,LR,1.5566199398026146e-05
1786518069.760327,51920,63,Loss/l_ce,0.09962105751037598
1786518069.760518,51920,63,Loss/l_total,0.09962105751037598
1786518069.7605395,51920,63,LR,1.5566199398026146e-05
1786518093.651297,51940,63,Loss/l_ce,0.089569091796875
1786518093.651468,51940,63,Loss/l_total,0.089569091796875
1786518093.6514916,51940,63,LR,1.5566199398026146e-05
1786518114.4292626,51960,63,Loss/l_ce,0.17047452926635742
1786518114.4294503,51960,63,Loss/l_total,0.17047452926635742
1786518114.429475,51960,63,LR,1.5566199398026146e-05
1786518270.969496,51968,63,Val/avg_error,0.12684011459350586
1786518270.9698296,51968,63,Val/acc,0.395654296875
1786518270.9698558,51968,63,Val/sparse_auc,0.5676730685763889
1786518270.9698746,51968,63,Val/sparse_pck_max,0.1
1786518270.9698937,51968,63,Val/sparse_pck_n,100.0
1786518285.4864573,51980,64,Loss/l_ce,0.06524229049682617
1786518285.486676,51980,64,Loss/l_total,0.06524229049682617
1786518285.4867008,51980,64,LR,1.4692970789226436e-05
1786518306.9214091,52000,64,Loss/l_ce,0.1002206802368164
1786518306.9215715,52000,64,Loss/l_total,0.1002206802368164
1786518306.9215932,52000,64,LR,1.4692970789226436e-05
1786518319.8005257,52020,64,Loss/l_ce,0.08742928504943848
1786518319.8007011,52020,64,Loss/l_total,0.08742928504943848
1786518319.800726,52020,64,LR,1.4692970789226436e-05
1786518343.54336,52040,64,Loss/l_ce,0.07114624977111816
1786518343.5435252,52040,64,Loss/l_total,0.07114624977111816
1786518343.5435486,52040,64,LR,1.4692970789226436e-05
1786518365.0654116,52060,64,Loss/l_ce,0.13833260536193848
1786518365.0655732,52060,64,Loss/l_total,0.13833260536193848
1786518365.0655932,52060,64,LR,1.4692970789226436e-05
1786518388.3414214,52080,64,Loss/l_ce,0.09425497055053711
1786518388.3416054,52080,64,Loss/l_total,0.09425497055053711
1786518388.3416326,52080,64,LR,1.4692970789226436e-05
1786518406.971122,52100,64,Loss/l_ce,0.12441587448120117
1786518406.9712727,52100,64,Loss/l_total,0.12441587448120117
1786518406.9712975,52100,64,LR,1.4692970789226436e-05
1786518434.1946156,52120,64,Loss/l_ce,0.20215296745300293
1786518434.194771,52120,64,Loss/l_total,0.20215296745300293
1786518434.1947935,52120,64,LR,1.4692970789226436e-05
1786518463.4988883,52140,64,Loss/l_ce,0.08394527435302734
1786518463.499083,52140,64,Loss/l_total,0.08394527435302734
1786518463.499107,52140,64,LR,1.4692970789226436e-05
1786518488.1214767,52160,64,Loss/l_ce,0.07621383666992188
1786518488.1216643,52160,64,Loss/l_total,0.07621383666992188
1786518488.121688,52160,64,LR,1.4692970789226436e-05
1786518510.9858336,52180,64,Loss/l_ce,0.0944511890411377
1786518510.986,52180,64,Loss/l_total,0.0944511890411377
1786518510.9860618,52180,64,LR,1.4692970789226436e-05
1786518522.8262153,52200,64,Loss/l_ce,0.09389615058898926
1786518522.8264465,52200,64,Loss/l_total,0.09389615058898926
1786518522.8264763,52200,64,LR,1.4692970789226436e-05
1786518537.8278027,52220,64,Loss/l_ce,0.1304795742034912
1786518537.8279629,52220,64,Loss/l_total,0.1304795742034912
1786518537.8279843,52220,64,LR,1.4692970789226436e-05
1786518562.7011397,52240,64,Loss/l_ce,0.150648832321167
1786518562.701376,52240,64,Loss/l_total,0.150648832321167
1786518562.7013962,52240,64,LR,1.4692970789226436e-05
1786518586.0489974,52260,64,Loss/l_ce,0.13169002532958984
1786518586.0491946,52260,64,Loss/l_total,0.13169002532958984
1786518586.049216,52260,64,LR,1.4692970789226436e-05
1786518613.1008413,52280,64,Loss/l_ce,0.07376503944396973
1786518613.1010954,52280,64,Loss/l_total,0.07376503944396973
1786518613.1011214,52280,64,LR,1.4692970789226436e-05
1786518629.7048235,52300,64,Loss/l_ce,0.10936927795410156
1786518629.7049792,52300,64,Loss/l_total,0.10936927795410156
1786518629.7050018,52300,64,LR,1.4692970789226436e-05
1786518644.987983,52320,64,Loss/l_ce,0.11267423629760742
1786518644.9882667,52320,64,Loss/l_total,0.11267423629760742
1786518644.9882941,52320,64,LR,1.4692970789226436e-05
1786518658.3383105,52340,64,Loss/l_ce,0.07603955268859863
1786518658.3384826,52340,64,Loss/l_total,0.07603955268859863
1786518658.3385065,52340,64,LR,1.4692970789226436e-05
1786518669.5472329,52360,64,Loss/l_ce,0.11886429786682129
1786518669.5473952,52360,64,Loss/l_total,0.11886429786682129
1786518669.547419,52360,64,LR,1.4692970789226436e-05
1786518680.1216824,52380,64,Loss/l_ce,0.1280078887939453
1786518680.1218498,52380,64,Loss/l_total,0.1280078887939453
1786518680.121876,52380,64,LR,1.4692970789226436e-05
1786518688.3492093,52400,64,Loss/l_ce,2.3306052684783936
1786518688.3493886,52400,64,Loss/l_total,2.3306052684783936
1786518688.349416,52400,64,LR,1.4692970789226436e-05
1786518699.2519345,52420,64,Loss/l_ce,0.15294837951660156
1786518699.2521186,52420,64,Loss/l_total,0.15294837951660156
1786518699.2521436,52420,64,LR,1.4692970789226436e-05
1786518714.3489518,52440,64,Loss/l_ce,0.05098676681518555
1786518714.3491278,52440,64,Loss/l_total,0.05098676681518555
1786518714.3491511,52440,64,LR,1.4692970789226436e-05
1786518726.606955,52460,64,Loss/l_ce,0.0705728530883789
1786518726.6071463,52460,64,Loss/l_total,0.0705728530883789
1786518726.60717,52460,64,LR,1.4692970789226436e-05
1786518743.140295,52480,64,Loss/l_ce,0.1256868839263916
1786518743.140466,52480,64,Loss/l_total,0.1256868839263916
1786518743.1404884,52480,64,LR,1.4692970789226436e-05
1786518759.2964475,52500,64,Loss/l_ce,2.4619593620300293
1786518759.2966065,52500,64,Loss/l_total,2.4619593620300293
1786518759.2966304,52500,64,LR,1.4692970789226436e-05
1786518769.9872808,52520,64,Loss/l_ce,0.09617376327514648
1786518769.9874551,52520,64,Loss/l_total,0.09617376327514648
1786518769.987479,52520,64,LR,1.4692970789226436e-05
1786518786.069903,52540,64,Loss/l_ce,0.06660914421081543
1786518786.0701377,52540,64,Loss/l_total,0.06660914421081543
1786518786.070164,52540,64,LR,1.4692970789226436e-05
1786518812.2088208,52560,64,Loss/l_ce,0.17180943489074707
1786518812.2090604,52560,64,Loss/l_total,0.17180943489074707
1786518812.2090855,52560,64,LR,1.4692970789226436e-05
1786518836.7894034,52580,64,Loss/l_ce,0.06797218322753906
1786518836.7895756,52580,64,Loss/l_total,0.06797218322753906
1786518836.7895992,52580,64,LR,1.4692970789226436e-05
1786518860.1478834,52600,64,Loss/l_ce,0.34435057640075684
1786518860.1480985,52600,64,Loss/l_total,0.34435057640075684
1786518860.1481247,52600,64,LR,1.4692970789226436e-05
1786518885.0960765,52620,64,Loss/l_ce,0.11113238334655762
1786518885.0962358,52620,64,Loss/l_total,0.11113238334655762
1786518885.0962594,52620,64,LR,1.4692970789226436e-05
1786518904.843275,52640,64,Loss/l_ce,0.0753030776977539
1786518904.8434982,52640,64,Loss/l_total,0.0753030776977539
1786518904.843522,52640,64,LR,1.4692970789226436e-05
1786518931.696481,52660,64,Loss/l_ce,0.10310840606689453
1786518931.6967006,52660,64,Loss/l_total,0.10310840606689453
1786518931.6967242,52660,64,LR,1.4692970789226436e-05
1786518961.2501986,52680,64,Loss/l_ce,0.43088388442993164
1786518961.2503932,52680,64,Loss/l_total,0.43088388442993164
1786518961.2504191,52680,64,LR,1.4692970789226436e-05
1786518978.483113,52700,64,Loss/l_ce,0.06443595886230469
1786518978.4833195,52700,64,Loss/l_total,0.06443595886230469
1786518978.4833443,52700,64,LR,1.4692970789226436e-05
1786519005.8719225,52720,64,Loss/l_ce,0.38838672637939453
1786519005.872173,52720,64,Loss/l_total,0.38838672637939453
1786519005.8721979,52720,64,LR,1.4692970789226436e-05
1786519025.4601595,52740,64,Loss/l_ce,0.08907938003540039
1786519025.4603708,52740,64,Loss/l_total,0.08907938003540039
1786519025.4603958,52740,64,LR,1.4692970789226436e-05
1786519053.3167887,52760,64,Loss/l_ce,0.16144275665283203
1786519053.3170142,52760,64,Loss/l_total,0.16144275665283203
1786519053.3170679,52760,64,LR,1.4692970789226436e-05
1786519081.3373055,52780,64,Loss/l_ce,0.04515337944030762
1786519081.3374944,52780,64,Loss/l_total,0.04515337944030762
1786519081.337612,52780,64,LR,1.4692970789226436e-05
1786519219.8059251,52780,64,Val/avg_error,0.12103171646595001
1786519219.8062634,52780,64,Val/acc,0.406103515625
1786519219.8062909,52780,64,Val/sparse_auc,0.5782991043244949
1786519219.80631,52780,64,Val/sparse_pck_max,0.1
1786519219.8063242,52780,64,Val/sparse_pck_n,100.0
1786519241.4790545,52800,65,Loss/l_ce,0.058199405670166016
1786519241.479445,52800,65,Loss/l_total,0.058199405670166016
1786519241.4794784,52800,65,LR,1.3890454406082971e-05
1786519259.6156404,52820,65,Loss/l_ce,0.07786703109741211
1786519259.6158564,52820,65,Loss/l_total,0.07786703109741211
1786519259.6158814,52820,65,LR,1.3890454406082971e-05
1786519279.2547557,52840,65,Loss/l_ce,0.11280965805053711
1786519279.2549245,52840,65,Loss/l_total,0.11280965805053711
1786519279.2549472,52840,65,LR,1.3890454406082971e-05
1786519298.7698212,52860,65,Loss/l_ce,0.1145472526550293
1786519298.7701452,52860,65,Loss/l_total,0.1145472526550293
1786519298.7701726,52860,65,LR,1.3890454406082971e-05
1786519321.7992105,52880,65,Loss/l_ce,0.1184225082397461
1786519321.7993674,52880,65,Loss/l_total,0.1184225082397461
1786519321.7993898,52880,65,LR,1.3890454406082971e-05
1786519348.2511675,52900,65,Loss/l_ce,0.10147237777709961
1786519348.2513561,52900,65,Loss/l_total,0.10147237777709961
1786519348.251386,52900,65,LR,1.3890454406082971e-05
1786519369.9618626,52920,65,Loss/l_ce,0.11135029792785645
1786519369.962111,52920,65,Loss/l_total,0.11135029792785645
1786519369.962137,52920,65,LR,1.3890454406082971e-05
1786519389.6630676,52940,65,Loss/l_ce,0.084716796875
1786519389.663547,52940,65,Loss/l_total,0.084716796875
1786519389.6635733,52940,65,LR,1.3890454406082971e-05
1786519414.5304337,52960,65,Loss/l_ce,0.07632303237915039
1786519414.5306518,52960,65,Loss/l_total,0.07632303237915039
1786519414.5306804,52960,65,LR,1.3890454406082971e-05
1786519439.3059163,52980,65,Loss/l_ce,0.7660887241363525
1786519439.3061538,52980,65,Loss/l_total,0.7660887241363525
1786519439.3061798,52980,65,LR,1.3890454406082971e-05
1786519457.4544952,53000,65,Loss/l_ce,0.07733011245727539
1786519457.454673,53000,65,Loss/l_total,0.07733011245727539
1786519457.4547005,53000,65,LR,1.3890454406082971e-05
1786519481.412928,53020,65,Loss/l_ce,0.12050247192382812
1786519481.4132655,53020,65,Loss/l_total,0.12050247192382812
1786519481.4132903,53020,65,LR,1.3890454406082971e-05
1786519498.5629396,53040,65,Loss/l_ce,0.06557798385620117
1786519498.5632508,53040,65,Loss/l_total,0.06557798385620117
1786519498.5632813,53040,65,LR,1.3890454406082971e-05
1786519515.7346013,53060,65,Loss/l_ce,0.09237504005432129
1786519515.734829,53060,65,Loss/l_total,0.09237504005432129
1786519515.7348528,53060,65,LR,1.3890454406082971e-05
1786519541.9659195,53080,65,Loss/l_ce,0.09017825126647949
1786519541.9661152,53080,65,Loss/l_total,0.09017825126647949
1786519541.9661367,53080,65,LR,1.3890454406082971e-05
1786519566.813878,53100,65,Loss/l_ce,0.097015380859375
1786519566.8141072,53100,65,Loss/l_total,0.097015380859375
1786519566.8141356,53100,65,LR,1.3890454406082971e-05
1786519593.2467072,53120,65,Loss/l_ce,0.1714937686920166
1786519593.2468913,53120,65,Loss/l_total,0.1714937686920166
1786519593.2471523,53120,65,LR,1.3890454406082971e-05
1786519611.3737671,53140,65,Loss/l_ce,0.12878131866455078
1786519611.373938,53140,65,Loss/l_total,0.12878131866455078
1786519611.3739607,53140,65,LR,1.3890454406082971e-05
1786519639.1851678,53160,65,Loss/l_ce,0.12331128120422363
1786519639.185333,53160,65,Loss/l_total,0.12331128120422363
1786519639.1853542,53160,65,LR,1.3890454406082971e-05
1786519655.6066313,53180,65,Loss/l_ce,0.07295370101928711
1786519655.6068032,53180,65,Loss/l_total,0.07295370101928711
1786519655.6068258,53180,65,LR,1.3890454406082971e-05
1786519675.210134,53200,65,Loss/l_ce,0.07223629951477051
1786519675.2103179,53200,65,Loss/l_total,0.07223629951477051
1786519675.210343,53200,65,LR,1.3890454406082971e-05
1786519697.6746087,53220,65,Loss/l_ce,0.2914750576019287
1786519697.67489,53220,65,Loss/l_total,0.2914750576019287
1786519697.675291,53220,65,LR,1.3890454406082971e-05
1786519716.1029944,53240,65,Loss/l_ce,0.0908961296081543
1786519716.103234,53240,65,Loss/l_total,0.0908961296081543
1786519716.103265,53240,65,LR,1.3890454406082971e-05
1786519731.1577628,53260,65,Loss/l_ce,0.09911870956420898
1786519731.1579337,53260,65,Loss/l_total,0.09911870956420898
1786519731.1579576,53260,65,LR,1.3890454406082971e-05
1786519753.5628211,53280,65,Loss/l_ce,0.14587903022766113
1786519753.5629861,53280,65,Loss/l_total,0.14587903022766113
1786519753.5630097,53280,65,LR,1.3890454406082971e-05
1786519781.4962068,53300,65,Loss/l_ce,0.7947998046875
1786519781.4963872,53300,65,Loss/l_total,0.7947998046875
1786519781.49641,53300,65,LR,1.3890454406082971e-05
1786519802.819853,53320,65,Loss/l_ce,0.14248013496398926
1786519802.820106,53320,65,Loss/l_total,0.14248013496398926
1786519802.8201334,53320,65,LR,1.3890454406082971e-05
1786519826.775394,53340,65,Loss/l_ce,0.20057201385498047
1786519826.7756422,53340,65,Loss/l_total,0.20057201385498047
1786519826.7756696,53340,65,LR,1.3890454406082971e-05
1786519845.3325758,53360,65,Loss/l_ce,0.12240767478942871
1786519845.3329475,53360,65,Loss/l_total,0.12240767478942871
1786519845.3329759,53360,65,LR,1.3890454406082971e-05
1786519867.8611073,53380,65,Loss/l_ce,0.03254127502441406
1786519867.8615327,53380,65,Loss/l_total,0.03254127502441406
1786519867.8615634,53380,65,LR,1.3890454406082971e-05
1786519902.0859978,53400,65,Loss/l_ce,0.11813735961914062
1786519902.086208,53400,65,Loss/l_total,0.11813735961914062
1786519902.086233,53400,65,LR,1.3890454406082971e-05
1786519919.9095342,53420,65,Loss/l_ce,0.10898852348327637
1786519919.9097335,53420,65,Loss/l_total,0.10898852348327637
1786519919.9097588,53420,65,LR,1.3890454406082971e-05
1786519939.8365798,53440,65,Loss/l_ce,0.09424257278442383
1786519939.836732,53440,65,Loss/l_total,0.09424257278442383
1786519939.8367507,53440,65,LR,1.3890454406082971e-05
1786519957.5594974,53460,65,Loss/l_ce,0.17123818397521973
1786519957.559667,53460,65,Loss/l_total,0.17123818397521973
1786519957.5596933,53460,65,LR,1.3890454406082971e-05
1786519977.5868325,53480,65,Loss/l_ce,0.08387517929077148
1786519977.5870001,53480,65,Loss/l_total,0.08387517929077148
1786519977.5870225,53480,65,LR,1.3890454406082971e-05
1786519997.3154106,53500,65,Loss/l_ce,0.09351968765258789
1786519997.3155627,53500,65,Loss/l_total,0.09351968765258789
1786519997.315584,53500,65,LR,1.3890454406082971e-05
1786520013.544802,53520,65,Loss/l_ce,0.10265922546386719
1786520013.5449588,53520,65,Loss/l_total,0.10265922546386719
1786520013.5449789,53520,65,LR,1.3890454406082971e-05
1786520037.6611443,53540,65,Loss/l_ce,0.1539015769958496
1786520037.6613178,53540,65,Loss/l_total,0.1539015769958496
1786520037.6613426,53540,65,LR,1.3890454406082971e-05
1786520060.7299595,53560,65,Loss/l_ce,0.1202387809753418
1786520060.730152,53560,65,Loss/l_total,0.1202387809753418
1786520060.730198,53560,65,LR,1.3890454406082971e-05
1786520083.665853,53580,65,Loss/l_ce,0.07944607734680176
1786520083.6660037,53580,65,Loss/l_total,0.07944607734680176
1786520083.6660264,53580,65,LR,1.3890454406082971e-05
1786520228.5407002,53592,65,Val/avg_error,0.13213080167770386
1786520228.5410814,53592,65,Val/acc,0.38076171875
1786520228.5411098,53592,65,Val/sparse_auc,0.5539575441919191
1786520228.5411289,53592,65,Val/sparse_pck_max,0.1
1786520228.5411718,53592,65,Val/sparse_pck_n,100.0
1786520242.6843767,53600,66,Loss/l_ce,0.12521147727966309
1786520242.6845264,53600,66,Loss/l_total,0.12521147727966309
1786520242.684548,53600,66,LR,1.3160058135028695e-05
1786520261.169759,53620,66,Loss/l_ce,0.06933283805847168
1786520261.1699345,53620,66,Loss/l_total,0.06933283805847168
1786520261.1699634,53620,66,LR,1.3160058135028695e-05
1786520277.3359723,53640,66,Loss/l_ce,0.06836867332458496
1786520277.3362157,53640,66,Loss/l_total,0.06836867332458496
1786520277.336243,53640,66,LR,1.3160058135028695e-05
1786520302.781114,53660,66,Loss/l_ce,0.18362998962402344
1786520302.7814133,53660,66,Loss/l_total,0.18362998962402344
1786520302.7814407,53660,66,LR,1.3160058135028695e-05
1786520329.9035695,53680,66,Loss/l_ce,0.10995340347290039
1786520329.9037561,53680,66,Loss/l_total,0.10995340347290039
1786520329.903781,53680,66,LR,1.3160058135028695e-05
1786520345.6141076,53700,66,Loss/l_ce,0.12236785888671875
1786520345.6143582,53700,66,Loss/l_total,0.12236785888671875
1786520345.6143832,53700,66,LR,1.3160058135028695e-05
1786520368.519223,53720,66,Loss/l_ce,0.07791900634765625
1786520368.5194025,53720,66,Loss/l_total,0.07791900634765625
1786520368.519426,53720,66,LR,1.3160058135028695e-05
1786520393.7545967,53740,66,Loss/l_ce,0.16994857788085938
1786520393.7548804,53740,66,Loss/l_total,0.16994857788085938
1786520393.754904,53740,66,LR,1.3160058135028695e-05
1786520417.3577478,53760,66,Loss/l_ce,0.11397862434387207
1786520417.3579934,53760,66,Loss/l_total,0.11397862434387207
1786520417.3580184,53760,66,LR,1.3160058135028695e-05
1786520439.7286744,53780,66,Loss/l_ce,0.05594348907470703
1786520439.7289128,53780,66,Loss/l_total,0.05594348907470703
1786520439.7289357,53780,66,LR,1.3160058135028695e-05
1786520468.3062782,53800,66,Loss/l_ce,0.08929681777954102
1786520468.3065252,53800,66,Loss/l_total,0.08929681777954102
1786520468.3065503,53800,66,LR,1.3160058135028695e-05
1786520481.4389248,53820,66,Loss/l_ce,0.06402063369750977
1786520481.4391205,53820,66,Loss/l_total,0.06402063369750977
1786520481.4391444,53820,66,LR,1.3160058135028695e-05
1786520510.8056846,53840,66,Loss/l_ce,0.19348812103271484
1786520510.8058982,53840,66,Loss/l_total,0.19348812103271484
1786520510.8059208,53840,66,LR,1.3160058135028695e-05
1786520527.4119027,53860,66,Loss/l_ce,0.14788174629211426
1786520527.412158,53860,66,Loss/l_total,0.14788174629211426
1786520527.4121854,53860,66,LR,1.3160058135028695e-05
1786520556.7567604,53880,66,Loss/l_ce,0.13972806930541992
1786520556.756985,53880,66,Loss/l_total,0.13972806930541992
1786520556.7570074,53880,66,LR,1.3160058135028695e-05
1786520579.3248172,53900,66,Loss/l_ce,0.1466982364654541
1786520579.3249786,53900,66,Loss/l_total,0.1466982364654541
1786520579.3250012,53900,66,LR,1.3160058135028695e-05
1786520601.572014,53920,66,Loss/l_ce,0.10741901397705078
1786520601.57221,53920,66,Loss/l_total,0.10741901397705078
1786520601.5723133,53920,66,LR,1.3160058135028695e-05
1786520634.3052583,53940,66,Loss/l_ce,0.14202141761779785
1786520634.3054864,53940,66,Loss/l_total,0.14202141761779785
1786520634.3055136,53940,66,LR,1.3160058135028695e-05
1786520654.395267,53960,66,Loss/l_ce,0.10255241394042969
1786520654.3954453,53960,66,Loss/l_total,0.10255241394042969
1786520654.3954678,53960,66,LR,1.3160058135028695e-05
1786520678.0272832,53980,66,Loss/l_ce,0.07774877548217773
1786520678.0274565,53980,66,Loss/l_total,0.07774877548217773
1786520678.027478,53980,66,LR,1.3160058135028695e-05
1786520690.2094421,54000,66,Loss/l_ce,0.0773155689239502
1786520690.2096531,54000,66,Loss/l_total,0.0773155689239502
1786520690.2096794,54000,66,LR,1.3160058135028695e-05
1786520716.0862334,54020,66,Loss/l_ce,0.1272287368774414
1786520716.0864305,54020,66,Loss/l_total,0.1272287368774414
1786520716.086453,54020,66,LR,1.3160058135028695e-05
1786520735.1608381,54040,66,Loss/l_ce,0.18126988410949707
1786520735.1610556,54040,66,Loss/l_total,0.18126988410949707
1786520735.161083,54040,66,LR,1.3160058135028695e-05
1786520753.5503697,54060,66,Loss/l_ce,0.08231306076049805
1786520753.5511773,54060,66,Loss/l_total,0.08231306076049805
1786520753.551208,54060,66,LR,1.3160058135028695e-05
1786520776.3376694,54080,66,Loss/l_ce,0.24656963348388672
1786520776.337877,54080,66,Loss/l_total,0.24656963348388672
1786520776.3379009,54080,66,LR,1.3160058135028695e-05
1786520802.6616871,54100,66,Loss/l_ce,0.07481813430786133
1786520802.6620836,54100,66,Loss/l_total,0.07481813430786133
1786520802.6621075,54100,66,LR,1.3160058135028695e-05
1786520831.5068226,54120,66,Loss/l_ce,0.08197546005249023
1786520831.5070639,54120,66,Loss/l_total,0.08197546005249023
1786520831.5072951,54120,66,LR,1.3160058135028695e-05
1786520854.2974417,54140,66,Loss/l_ce,0.1162421703338623
1786520854.2976174,54140,66,Loss/l_total,0.1162421703338623
1786520854.2976377,54140,66,LR,1.3160058135028695e-05
1786520868.4380054,54160,66,Loss/l_ce,0.06589412689208984
1786520868.4382584,54160,66,Loss/l_total,0.06589412689208984
1786520868.4382834,54160,66,LR,1.3160058135028695e-05
1786520891.0011876,54180,66,Loss/l_ce,0.09865975379943848
1786520891.0014038,54180,66,Loss/l_total,0.09865975379943848
1786520891.0014274,54180,66,LR,1.3160058135028695e-05
1786520907.5137033,54200,66,Loss/l_ce,0.07250237464904785
1786520907.5138588,54200,66,Loss/l_total,0.07250237464904785
1786520907.5138803,54200,66,LR,1.3160058135028695e-05
1786520920.7912264,54220,66,Loss/l_ce,0.08508920669555664
1786520920.7913926,54220,66,Loss/l_total,0.08508920669555664
1786520920.791415,54220,66,LR,1.3160058135028695e-05
1786520934.798614,54240,66,Loss/l_ce,0.32657313346862793
1786520934.798797,54240,66,Loss/l_total,0.32657313346862793
1786520934.7988193,54240,66,LR,1.3160058135028695e-05
1786520969.127787,54260,66,Loss/l_ce,0.09148073196411133
1786520969.127951,54260,66,Loss/l_total,0.09148073196411133
1786520969.1279745,54260,66,LR,1.3160058135028695e-05
1786520989.6002533,54280,66,Loss/l_ce,0.088409423828125
1786520989.600428,54280,66,Loss/l_total,0.088409423828125
1786520989.6004493,54280,66,LR,1.3160058135028695e-05
1786521012.7211576,54300,66,Loss/l_ce,0.3059687614440918
1786521012.7213666,54300,66,Loss/l_total,0.3059687614440918
1786521012.7213902,54300,66,LR,1.3160058135028695e-05
1786521035.1141288,54320,66,Loss/l_ce,0.9151978492736816
1786521035.1142845,54320,66,Loss/l_total,0.9151978492736816
1786521035.1143072,54320,66,LR,1.3160058135028695e-05
1786521052.1452427,54340,66,Loss/l_ce,1.769951343536377
1786521052.145403,54340,66,Loss/l_total,1.769951343536377
1786521052.1454268,54340,66,LR,1.3160058135028695e-05
1786521074.7979236,54360,66,Loss/l_ce,0.06812000274658203
1786521074.7981207,54360,66,Loss/l_total,0.06812000274658203
1786521074.7981458,54360,66,LR,1.3160058135028695e-05
1786521092.7836158,54380,66,Loss/l_ce,0.08507251739501953
1786521092.78377,54380,66,Loss/l_total,0.08507251739501953
1786521092.7837949,54380,66,LR,1.3160058135028695e-05
1786521114.902135,54400,66,Loss/l_ce,0.13808465003967285
1786521114.9022844,54400,66,Loss/l_total,0.13808465003967285
1786521114.9023068,54400,66,LR,1.3160058135028695e-05
1786521258.016974,54404,66,Val/avg_error,0.12785577774047852
1786521258.0174124,54404,66,Val/acc,0.388671875
1786521258.0174384,54404,66,Val/sparse_auc,0.5616533992266414
1786521258.0174575,54404,66,Val/sparse_pck_max,0.1
1786521258.0174727,54404,66,Val/sparse_pck_n,100.0
1786521268.735347,54420,67,Loss/l_ce,0.048987627029418945
1786521268.7355037,54420,67,Loss/l_total,0.048987627029418945
1786521268.735526,54420,67,LR,1.250306333931336e-05
1786521280.2401993,54440,67,Loss/l_ce,0.13147878646850586
1786521280.2403798,54440,67,Loss/l_total,0.13147878646850586
1786521280.2404025,54440,67,LR,1.250306333931336e-05
1786521291.0008757,54460,67,Loss/l_ce,0.274585485458374
1786521291.001055,54460,67,Loss/l_total,0.274585485458374
1786521291.0010846,54460,67,LR,1.250306333931336e-05
1786521301.0247178,54480,67,Loss/l_ce,2.1182022094726562
1786521301.0249054,54480,67,Loss/l_total,2.1182022094726562
1786521301.0249352,54480,67,LR,1.250306333931336e-05
1786521314.3180597,54500,67,Loss/l_ce,0.06775999069213867
1786521314.3182201,54500,67,Loss/l_total,0.06775999069213867
1786521314.3182437,54500,67,LR,1.250306333931336e-05
1786521323.4559708,54520,67,Loss/l_ce,0.1311028003692627
1786521323.4561503,54520,67,Loss/l_total,0.1311028003692627
1786521323.456174,54520,67,LR,1.250306333931336e-05
1786521334.3179286,54540,67,Loss/l_ce,0.09549856185913086
1786521334.3181243,54540,67,Loss/l_total,0.09549856185913086
1786521334.3181481,54540,67,LR,1.250306333931336e-05
1786521341.749445,54560,67,Loss/l_ce,0.1015782356262207
1786521341.7495956,54560,67,Loss/l_total,0.1015782356262207
1786521341.7496183,54560,67,LR,1.250306333931336e-05
1786521352.3866303,54580,67,Loss/l_ce,0.1045985221862793
1786521352.3868167,54580,67,Loss/l_total,0.1045985221862793
1786521352.386843,54580,67,LR,1.250306333931336e-05
1786521364.872271,54600,67,Loss/l_ce,0.15248346328735352
1786521364.8724418,54600,67,Loss/l_total,0.15248346328735352
1786521364.8724647,54600,67,LR,1.250306333931336e-05
1786521376.555825,54620,67,Loss/l_ce,0.04164838790893555
1786521376.5559816,54620,67,Loss/l_total,0.04164838790893555
1786521376.5560055,54620,67,LR,1.250306333931336e-05
1786521412.318858,54640,67,Loss/l_ce,0.10940742492675781
1786521412.3190894,54640,67,Loss/l_total,0.10940742492675781
1786521412.3191228,54640,67,LR,1.250306333931336e-05
1786521437.033207,54660,67,Loss/l_ce,0.18278789520263672
1786521437.0333972,54660,67,Loss/l_total,0.18278789520263672
1786521437.0334208,54660,67,LR,1.250306333931336e-05
1786521461.1399336,54680,67,Loss/l_ce,0.09350275993347168
1786521461.140164,54680,67,Loss/l_total,0.09350275993347168
1786521461.1401901,54680,67,LR,1.250306333931336e-05
1786521479.654554,54700,67,Loss/l_ce,0.06399774551391602
1786521479.6547403,54700,67,Loss/l_total,0.06399774551391602
1786521479.6547723,54700,67,LR,1.250306333931336e-05
1786521498.825603,54720,67,Loss/l_ce,0.11242437362670898
1786521498.8257668,54720,67,Loss/l_total,0.11242437362670898
1786521498.8257897,54720,67,LR,1.250306333931336e-05
1786521518.3069704,54740,67,Loss/l_ce,0.09775662422180176
1786521518.3071792,54740,67,Loss/l_total,0.09775662422180176
1786521518.3072042,54740,67,LR,1.250306333931336e-05
1786521537.2737644,54760,67,Loss/l_ce,0.3108363151550293
1786521537.2739627,54760,67,Loss/l_total,0.3108363151550293
1786521537.2739866,54760,67,LR,1.250306333931336e-05
1786521554.5165668,54780,67,Loss/l_ce,0.06871175765991211
1786521554.5167508,54780,67,Loss/l_total,0.06871175765991211
1786521554.5167744,54780,67,LR,1.250306333931336e-05
1786521576.1398926,54800,67,Loss/l_ce,0.08710408210754395
1786521576.1401608,54800,67,Loss/l_total,0.08710408210754395
1786521576.1401892,54800,67,LR,1.250306333931336e-05
1786521597.8589797,54820,67,Loss/l_ce,0.05298566818237305
1786521597.859242,54820,67,Loss/l_total,0.05298566818237305
1786521597.859273,54820,67,LR,1.250306333931336e-05
1786521615.6791384,54840,67,Loss/l_ce,0.11681318283081055
1786521615.6793034,54840,67,Loss/l_total,0.11681318283081055
1786521615.6793296,54840,67,LR,1.250306333931336e-05
1786521637.80082,54860,67,Loss/l_ce,0.09698009490966797
1786521637.8009958,54860,67,Loss/l_total,0.09698009490966797
1786521637.8010197,54860,67,LR,1.250306333931336e-05
1786521659.867884,54880,67,Loss/l_ce,0.4819643497467041
1786521659.8680608,54880,67,Loss/l_total,0.4819643497467041
1786521659.868087,54880,67,LR,1.250306333931336e-05
1786521682.933441,54900,67,Loss/l_ce,0.061884403228759766
1786521682.933713,54900,67,Loss/l_total,0.061884403228759766
1786521682.9338484,54900,67,LR,1.250306333931336e-05
1786521708.259864,54920,67,Loss/l_ce,0.11079072952270508
1786521708.2601562,54920,67,Loss/l_total,0.11079072952270508
1786521708.260194,54920,67,LR,1.250306333931336e-05
1786521731.0677586,54940,67,Loss/l_ce,0.13496923446655273
1786521731.067984,54940,67,Loss/l_total,0.13496923446655273
1786521731.0680091,54940,67,LR,1.250306333931336e-05
1786521750.7871664,54960,67,Loss/l_ce,0.08713817596435547
1786521750.7873704,54960,67,Loss/l_total,0.08713817596435547
1786521750.7874784,54960,67,LR,1.250306333931336e-05
1786521768.7971158,54980,67,Loss/l_ce,0.13895082473754883
1786521768.797269,54980,67,Loss/l_total,0.13895082473754883
1786521768.7972927,54980,67,LR,1.250306333931336e-05
1786521789.7636569,55000,67,Loss/l_ce,0.1306910514831543
1786521789.7638254,55000,67,Loss/l_total,0.1306910514831543
1786521789.7638457,55000,67,LR,1.250306333931336e-05
1786521813.3030748,55020,67,Loss/l_ce,0.06888246536254883
1786521813.3033254,55020,67,Loss/l_total,0.06888246536254883
1786521813.3033493,55020,67,LR,1.250306333931336e-05
1786521836.4430625,55040,67,Loss/l_ce,0.18463873863220215
1786521836.443243,55040,67,Loss/l_total,0.18463873863220215
1786521836.4432654,55040,67,LR,1.250306333931336e-05
1786521851.4854372,55060,67,Loss/l_ce,0.07494187355041504
1786521851.4856153,55060,67,Loss/l_total,0.07494187355041504
1786521851.4856367,55060,67,LR,1.250306333931336e-05
1786521881.7270823,55080,67,Loss/l_ce,0.1401369571685791
1786521881.727278,55080,67,Loss/l_total,0.1401369571685791
1786521881.7273066,55080,67,LR,1.250306333931336e-05
1786521910.791311,55100,67,Loss/l_ce,0.07941699028015137
1786521910.7914786,55100,67,Loss/l_total,0.07941699028015137
1786521910.7914999,55100,67,LR,1.250306333931336e-05
1786521927.1270676,55120,67,Loss/l_ce,0.06596899032592773
1786521927.1272435,55120,67,Loss/l_total,0.06596899032592773
1786521927.1272697,55120,67,LR,1.250306333931336e-05
1786521944.2947006,55140,67,Loss/l_ce,0.21486210823059082
1786521944.294977,55140,67,Loss/l_total,0.21486210823059082
1786521944.2950032,55140,67,LR,1.250306333931336e-05
1786521976.1029103,55160,67,Loss/l_ce,0.07166099548339844
1786521976.1031418,55160,67,Loss/l_total,0.07166099548339844
1786521976.103169,55160,67,LR,1.250306333931336e-05
1786521989.4425838,55180,67,Loss/l_ce,0.08737945556640625
1786521989.4427714,55180,67,Loss/l_total,0.08737945556640625
1786521989.4427917,55180,67,LR,1.250306333931336e-05
1786522009.6703377,55200,67,Loss/l_ce,1.9214727878570557
1786522009.6705065,55200,67,Loss/l_total,1.9214727878570557
1786522009.6705291,55200,67,LR,1.250306333931336e-05
1786522172.3011181,55216,67,Val/avg_error,0.11845093965530396
1786522172.3015075,55216,67,Val/acc,0.408984375
1786522172.301535,55216,67,Val/sparse_auc,0.5801456952335858
1786522172.3015552,55216,67,Val/sparse_pck_max,0.1
1786522172.301573,55216,67,Val/sparse_pck_n,100.0
1786522179.6558456,55220,68,Loss/l_ce,0.12697458267211914
1786522179.656001,55220,68,Loss/l_total,0.12697458267211914
1786522179.6560235,55220,68,LR,1.1920622611056977e-05
1786522206.1794114,55240,68,Loss/l_ce,0.11090803146362305
1786522206.1795788,55240,68,Loss/l_total,0.11090803146362305
1786522206.1796002,55240,68,LR,1.1920622611056977e-05
1786522231.0781257,55260,68,Loss/l_ce,0.15209150314331055
1786522231.078584,55260,68,Loss/l_total,0.15209150314331055
1786522231.0786173,55260,68,LR,1.1920622611056977e-05
1786522242.5225174,55280,68,Loss/l_ce,0.08881282806396484
1786522242.5226812,55280,68,Loss/l_total,0.08881282806396484
1786522242.5227075,55280,68,LR,1.1920622611056977e-05
1786522263.4959416,55300,68,Loss/l_ce,0.08240389823913574
1786522263.496109,55300,68,Loss/l_total,0.08240389823913574
1786522263.4961352,55300,68,LR,1.1920622611056977e-05
1786522280.1388085,55320,68,Loss/l_ce,0.12068867683410645
1786522280.138989,55320,68,Loss/l_total,0.12068867683410645
1786522280.1390126,55320,68,LR,1.1920622611056977e-05
1786522300.7175264,55340,68,Loss/l_ce,0.13825321197509766
1786522300.717675,55340,68,Loss/l_total,0.13825321197509766
1786522300.7177188,55340,68,LR,1.1920622611056977e-05
1786522321.394331,55360,68,Loss/l_ce,0.07087159156799316
1786522321.3945136,55360,68,Loss/l_total,0.07087159156799316
1786522321.3945348,55360,68,LR,1.1920622611056977e-05
1786522333.5815394,55380,68,Loss/l_ce,0.12674665451049805
1786522333.5817187,55380,68,Loss/l_total,0.12674665451049805
1786522333.5817413,55380,68,LR,1.1920622611056977e-05
1786522342.4293664,55400,68,Loss/l_ce,0.1221156120300293
1786522342.429536,55400,68,Loss/l_total,0.1221156120300293
1786522342.429562,55400,68,LR,1.1920622611056977e-05
1786522354.4215505,55420,68,Loss/l_ce,0.07502913475036621
1786522354.4217563,55420,68,Loss/l_total,0.07502913475036621
1786522354.421781,55420,68,LR,1.1920622611056977e-05
1786522379.92797,55440,68,Loss/l_ce,0.3124234676361084
1786522379.9281504,55440,68,Loss/l_total,0.3124234676361084
1786522379.9281766,55440,68,LR,1.1920622611056977e-05
1786522413.209598,55460,68,Loss/l_ce,0.0887441635131836
1786522413.209757,55460,68,Loss/l_total,0.0887441635131836
1786522413.2097785,55460,68,LR,1.1920622611056977e-05
1786522431.85498,55480,68,Loss/l_ce,0.1245889663696289
1786522431.85524,55480,68,Loss/l_total,0.1245889663696289
1786522431.8552663,55480,68,LR,1.1920622611056977e-05
1786522448.0336697,55500,68,Loss/l_ce,0.11070752143859863
1786522448.0338798,55500,68,Loss/l_total,0.11070752143859863
1786522448.0339046,55500,68,LR,1.1920622611056977e-05
1786522464.8469577,55520,68,Loss/l_ce,0.18681907653808594
1786522464.84717,55520,68,Loss/l_total,0.18681907653808594
1786522464.847201,55520,68,LR,1.1920622611056977e-05
1786522479.6343083,55540,68,Loss/l_ce,0.08743810653686523
1786522479.6345508,55540,68,Loss/l_total,0.08743810653686523
1786522479.634572,55540,68,LR,1.1920622611056977e-05
1786522495.9700963,55560,68,Loss/l_ce,0.11771655082702637
1786522495.9702995,55560,68,Loss/l_total,0.11771655082702637
1786522495.9705286,55560,68,LR,1.1920622611056977e-05
1786522515.928694,55580,68,Loss/l_ce,0.14896297454833984
1786522515.928902,55580,68,Loss/l_total,0.14896297454833984
1786522515.9289267,55580,68,LR,1.1920622611056977e-05
1786522544.9342842,55600,68,Loss/l_ce,0.10364580154418945
1786522544.9346619,55600,68,Loss/l_total,0.10364580154418945
1786522544.934688,55600,68,LR,1.1920622611056977e-05
1786522564.93034,55620,68,Loss/l_ce,0.1276535987854004
1786522564.9305062,55620,68,Loss/l_total,0.1276535987854004
1786522564.9305325,55620,68,LR,1.1920622611056977e-05
1786522584.6936975,55640,68,Loss/l_ce,0.08752155303955078
1786522584.6938758,55640,68,Loss/l_total,0.08752155303955078
1786522584.6938982,55640,68,LR,1.1920622611056977e-05
1786522605.8509,55660,68,Loss/l_ce,0.10095834732055664
1786522605.8510983,55660,68,Loss/l_total,0.10095834732055664
1786522605.8511245,55660,68,LR,1.1920622611056977e-05
1786522625.2937598,55680,68,Loss/l_ce,0.09986090660095215
1786522625.2939117,55680,68,Loss/l_total,0.09986090660095215
1786522625.2939343,55680,68,LR,1.1920622611056977e-05
1786522648.689651,55700,68,Loss/l_ce,0.1718428134918213
1786522648.6898909,55700,68,Loss/l_total,0.1718428134918213
1786522648.6899147,55700,68,LR,1.1920622611056977e-05
1786522669.6314268,55720,68,Loss/l_ce,0.12377572059631348
1786522669.631637,55720,68,Loss/l_total,0.12377572059631348
1786522669.631662,55720,68,LR,1.1920622611056977e-05
1786522685.7585223,55740,68,Loss/l_ce,0.14695096015930176
1786522685.7587006,55740,68,Loss/l_total,0.14695096015930176
1786522685.7587245,55740,68,LR,1.1920622611056977e-05
1786522708.4950233,55760,68,Loss/l_ce,0.10344171524047852
1786522708.4952917,55760,68,Loss/l_total,0.10344171524047852
1786522708.4953177,55760,68,LR,1.1920622611056977e-05
1786522729.316945,55780,68,Loss/l_ce,0.07155919075012207
1786522729.3171184,55780,68,Loss/l_total,0.07155919075012207
1786522729.317141,55780,68,LR,1.1920622611056977e-05
1786522753.9830759,55800,68,Loss/l_ce,0.12585783004760742
1786522753.9832883,55800,68,Loss/l_total,0.12585783004760742
1786522753.9833157,55800,68,LR,1.1920622611056977e-05
1786522766.6718297,55820,68,Loss/l_ce,0.06509733200073242
1786522766.6720994,55820,68,Loss/l_total,0.06509733200073242
1786522766.6721277,55820,68,LR,1.1920622611056977e-05
1786522788.613627,55840,68,Loss/l_ce,0.0789794921875
1786522788.6137931,55840,68,Loss/l_total,0.0789794921875
1786522788.613812,55840,68,LR,1.1920622611056977e-05
1786522809.6888216,55860,68,Loss/l_ce,0.13283181190490723
1786522809.6890838,55860,68,Loss/l_total,0.13283181190490723
1786522809.6891088,55860,68,LR,1.1920622611056977e-05
1786522830.4529111,55880,68,Loss/l_ce,0.16914725303649902
1786522830.453137,55880,68,Loss/l_total,0.16914725303649902
1786522830.4531605,55880,68,LR,1.1920622611056977e-05
1786522848.9009562,55900,68,Loss/l_ce,0.19057846069335938
1786522848.901228,55900,68,Loss/l_total,0.19057846069335938
1786522848.9012554,55900,68,LR,1.1920622611056977e-05
1786522873.3687801,55920,68,Loss/l_ce,0.06997823715209961
1786522873.3689606,55920,68,Loss/l_total,0.06997823715209961
1786522873.3689878,55920,68,LR,1.1920622611056977e-05
1786522896.3937457,55940,68,Loss/l_ce,0.08504199981689453
1786522896.3939154,55940,68,Loss/l_total,0.08504199981689453
1786522896.3939366,55940,68,LR,1.1920622611056977e-05
1786522918.3127553,55960,68,Loss/l_ce,0.052037715911865234
1786522918.3130214,55960,68,Loss/l_total,0.052037715911865234
1786522918.3130796,55960,68,LR,1.1920622611056977e-05
1786522935.184795,55980,68,Loss/l_ce,0.0832071304321289
1786522935.1854975,55980,68,Loss/l_total,0.0832071304321289
1786522935.185532,55980,68,LR,1.1920622611056977e-05
1786522950.2386403,56000,68,Loss/l_ce,0.06681084632873535
1786522950.2390013,56000,68,Loss/l_total,0.06681084632873535
1786522950.2390642,56000,68,LR,1.1920622611056977e-05
1786522960.0281453,56020,68,Loss/l_ce,0.1196603775024414
1786522960.0283341,56020,68,Loss/l_total,0.1196603775024414
1786522960.0283568,56020,68,LR,1.1920622611056977e-05
1786523084.7920191,56028,68,Val/avg_error,0.1406143456697464
1786523084.7927768,56028,68,Val/acc,0.3703125
1786523084.7928064,56028,68,Val/sparse_auc,0.5428582702020203
1786523084.7928264,56028,68,Val/sparse_pck_max,0.1
1786523084.792849,56028,68,Val/sparse_pck_n,100.0
1786523101.1037817,56040,69,Loss/l_ce,0.09626913070678711
1786523101.103999,56040,69,Loss/l_total,0.09626913070678711
1786523101.1040227,56040,69,LR,1.1413757749211604e-05
1786523117.4905505,56060,69,Loss/l_ce,0.15032339096069336
1786523117.4911072,56060,69,Loss/l_total,0.15032339096069336
1786523117.4911335,56060,69,LR,1.1413757749211604e-05
1786523139.0790212,56080,69,Loss/l_ce,0.12568044662475586
1786523139.0792494,56080,69,Loss/l_total,0.12568044662475586
1786523139.0792756,56080,69,LR,1.1413757749211604e-05
1786523157.504027,56100,69,Loss/l_ce,0.0867466926574707
1786523157.5042775,56100,69,Loss/l_total,0.0867466926574707
1786523157.504301,56100,69,LR,1.1413757749211604e-05
1786523183.2567983,56120,69,Loss/l_ce,0.14674615859985352
1786523183.2569585,56120,69,Loss/l_total,0.14674615859985352
1786523183.2569811,56120,69,LR,1.1413757749211604e-05
1786523211.4059868,56140,69,Loss/l_ce,0.09269332885742188
1786523211.4061935,56140,69,Loss/l_total,0.09269332885742188
1786523211.4062204,56140,69,LR,1.1413757749211604e-05
1786523228.591265,56160,69,Loss/l_ce,0.22594952583312988
1786523228.5914514,56160,69,Loss/l_total,0.22594952583312988
1786523228.5914764,56160,69,LR,1.1413757749211604e-05
1786523248.2344165,56180,69,Loss/l_ce,2.242553234100342
1786523248.2346275,56180,69,Loss/l_total,2.242553234100342
1786523248.2346513,56180,69,LR,1.1413757749211604e-05
1786523262.7818732,56200,69,Loss/l_ce,0.1376197338104248
1786523262.782182,56200,69,Loss/l_total,0.1376197338104248
1786523262.7822104,56200,69,LR,1.1413757749211604e-05
1786523278.9198575,56220,69,Loss/l_ce,0.15476608276367188
1786523278.9200816,56220,69,Loss/l_total,0.15476608276367188
1786523278.9201055,56220,69,LR,1.1413757749211604e-05
1786523296.4283767,56240,69,Loss/l_ce,0.06566476821899414
1786523296.428645,56240,69,Loss/l_total,0.06566476821899414
1786523296.428671,56240,69,LR,1.1413757749211604e-05
1786523320.2867856,56260,69,Loss/l_ce,0.1576399803161621
1786523320.286985,56260,69,Loss/l_total,0.1576399803161621
1786523320.2870097,56260,69,LR,1.1413757749211604e-05
1786523338.1088684,56280,69,Loss/l_ce,0.1516551971435547
1786523338.109341,56280,69,Loss/l_total,0.1516551971435547
1786523338.1093814,56280,69,LR,1.1413757749211604e-05
1786523361.1913211,56300,69,Loss/l_ce,0.06763792037963867
1786523361.1917698,56300,69,Loss/l_total,0.06763792037963867
1786523361.191797,56300,69,LR,1.1413757749211604e-05
1786523383.8605464,56320,69,Loss/l_ce,0.19725704193115234
1786523383.8607233,56320,69,Loss/l_total,0.19725704193115234
1786523383.8607492,56320,69,LR,1.1413757749211604e-05
1786523401.9526687,56340,69,Loss/l_ce,0.1043555736541748
1786523401.952912,56340,69,Loss/l_total,0.1043555736541748
1786523401.952936,56340,69,LR,1.1413757749211604e-05
1786523424.089349,56360,69,Loss/l_ce,0.08325934410095215
1786523424.0895107,56360,69,Loss/l_total,0.08325934410095215
1786523424.0895295,56360,69,LR,1.1413757749211604e-05
1786523445.4432182,56380,69,Loss/l_ce,0.07060837745666504
1786523445.4434235,56380,69,Loss/l_total,0.07060837745666504
1786523445.4434698,56380,69,LR,1.1413757749211604e-05
1786523471.5586357,56400,69,Loss/l_ce,0.1093301773071289
1786523471.558841,56400,69,Loss/l_total,0.1093301773071289
1786523471.5588639,56400,69,LR,1.1413757749211604e-05
1786523492.0225444,56420,69,Loss/l_ce,0.13906145095825195
1786523492.0227687,56420,69,Loss/l_total,0.13906145095825195
1786523492.022823,56420,69,LR,1.1413757749211604e-05
1786523520.4472854,56440,69,Loss/l_ce,0.0945887565612793
1786523520.4475267,56440,69,Loss/l_total,0.0945887565612793
1786523520.447555,56440,69,LR,1.1413757749211604e-05
1786523543.109281,56460,69,Loss/l_ce,0.08739328384399414
1786523543.1094544,56460,69,Loss/l_total,0.08739328384399414
1786523543.1094794,56460,69,LR,1.1413757749211604e-05
1786523561.4572186,56480,69,Loss/l_ce,0.12058115005493164
1786523561.4574394,56480,69,Loss/l_total,0.12058115005493164
1786523561.4574642,56480,69,LR,1.1413757749211604e-05
1786523583.8755674,56500,69,Loss/l_ce,0.13243913650512695
1786523583.8758855,56500,69,Loss/l_total,0.13243913650512695
1786523583.8759093,56500,69,LR,1.1413757749211604e-05
1786523605.2107766,56520,69,Loss/l_ce,0.08853602409362793
1786523605.2109454,56520,69,Loss/l_total,0.08853602409362793
1786523605.2109654,56520,69,LR,1.1413757749211604e-05
1786523630.5695958,56540,69,Loss/l_ce,0.21728873252868652
1786523630.5697906,56540,69,Loss/l_total,0.21728873252868652
1786523630.5698133,56540,69,LR,1.1413757749211604e-05
1786523646.830946,56560,69,Loss/l_ce,0.6560635566711426
1786523646.831142,56560,69,Loss/l_total,0.6560635566711426
1786523646.831174,56560,69,LR,1.1413757749211604e-05
1786523661.12257,56580,69,Loss/l_ce,0.09012007713317871
1786523661.1228073,56580,69,Loss/l_total,0.09012007713317871
1786523661.1228335,56580,69,LR,1.1413757749211604e-05
1786523687.1062849,56600,69,Loss/l_ce,0.07073569297790527
1786523687.106496,56600,69,Loss/l_total,0.07073569297790527
1786523687.1065211,56600,69,LR,1.1413757749211604e-05
1786523709.5021915,56620,69,Loss/l_ce,0.11994290351867676
1786523709.5023804,56620,69,Loss/l_total,0.11994290351867676
1786523709.5024064,56620,69,LR,1.1413757749211604e-05
1786523728.07571,56640,69,Loss/l_ce,0.5514359474182129
1786523728.0759165,56640,69,Loss/l_total,0.5514359474182129
1786523728.0759428,56640,69,LR,1.1413757749211604e-05
1786523754.4779286,56660,69,Loss/l_ce,0.1416187286376953
1786523754.4780974,56660,69,Loss/l_total,0.1416187286376953
1786523754.4781177,56660,69,LR,1.1413757749211604e-05
1786523773.0403445,56680,69,Loss/l_ce,0.08458685874938965
1786523773.040499,56680,69,Loss/l_total,0.08458685874938965
1786523773.0405192,56680,69,LR,1.1413757749211604e-05
1786523787.8747635,56700,69,Loss/l_ce,0.12702226638793945
1786523787.874919,56700,69,Loss/l_total,0.12702226638793945
1786523787.8749404,56700,69,LR,1.1413757749211604e-05
1786523795.5042117,56720,69,Loss/l_ce,0.07418560981750488
1786523795.504404,56720,69,Loss/l_total,0.07418560981750488
1786523795.5044565,56720,69,LR,1.1413757749211604e-05
1786523809.0643222,56740,69,Loss/l_ce,0.09543800354003906
1786523809.0645134,56740,69,Loss/l_total,0.09543800354003906
1786523809.064537,56740,69,LR,1.1413757749211604e-05
1786523822.3319814,56760,69,Loss/l_ce,0.18962430953979492
1786523822.3321595,56760,69,Loss/l_total,0.18962430953979492
1786523822.332182,56760,69,LR,1.1413757749211604e-05
1786523838.8666844,56780,69,Loss/l_ce,0.17278528213500977
1786523838.8668694,56780,69,Loss/l_total,0.17278528213500977
1786523838.866891,56780,69,LR,1.1413757749211604e-05
1786523856.8422046,56800,69,Loss/l_ce,0.07372426986694336
1786523856.8424006,56800,69,Loss/l_total,0.07372426986694336
1786523856.8424265,56800,69,LR,1.1413757749211604e-05
1786523867.5507061,56820,69,Loss/l_ce,0.12406778335571289
1786523867.550901,56820,69,Loss/l_total,0.12406778335571289
1786523867.5509272,56820,69,LR,1.1413757749211604e-05
1786523875.004444,56840,69,Loss/l_ce,0.2050485610961914
1786523875.0046124,56840,69,Loss/l_total,0.2050485610961914
1786523875.0046384,56840,69,LR,1.1413757749211604e-05
1786524004.8342083,56840,69,Val/avg_error,0.13440975546836853
1786524004.8345904,56840,69,Val/acc,0.389208984375
1786524004.8346167,56840,69,Val/sparse_auc,0.5573518386994949
1786524004.8346345,56840,69,Val/sparse_pck_max,0.1
1786524004.8346522,56840,69,Val/sparse_pck_n,100.0
1786524028.9867685,56860,70,Loss/l_ce,0.047144412994384766
1786524028.9870877,56860,70,Loss/l_total,0.047144412994384766
1786524028.9871163,56860,70,LR,1.0983357966978752e-05
1786524058.8632584,56880,70,Loss/l_ce,0.06354904174804688
1786524058.8634732,56880,70,Loss/l_total,0.06354904174804688
1786524058.863497,56880,70,LR,1.0983357966978752e-05
1786524076.142872,56900,70,Loss/l_ce,0.31094789505004883
1786524076.1432462,56900,70,Loss/l_total,0.31094789505004883
1786524076.1432757,56900,70,LR,1.0983357966978752e-05
1786524097.8552065,56920,70,Loss/l_ce,0.14848852157592773
1786524097.8553653,56920,70,Loss/l_total,0.14848852157592773
1786524097.855389,56920,70,LR,1.0983357966978752e-05
1786524110.014581,56940,70,Loss/l_ce,0.7144246101379395
1786524110.0147367,56940,70,Loss/l_total,0.7144246101379395
1786524110.0147605,56940,70,LR,1.0983357966978752e-05
1786524130.2431915,56960,70,Loss/l_ce,0.08444452285766602
1786524130.2433875,56960,70,Loss/l_total,0.08444452285766602
1786524130.2434099,56960,70,LR,1.0983357966978752e-05
1786524154.224081,56980,70,Loss/l_ce,0.13266253471374512
1786524154.2242382,56980,70,Loss/l_total,0.13266253471374512
1786524154.224263,56980,70,LR,1.0983357966978752e-05
1786524178.550529,57000,70,Loss/l_ce,0.07369494438171387
1786524178.5507307,57000,70,Loss/l_total,0.07369494438171387
1786524178.550757,57000,70,LR,1.0983357966978752e-05
1786524206.2254548,57020,70,Loss/l_ce,0.12539410591125488
1786524206.2257326,57020,70,Loss/l_total,0.12539410591125488
1786524206.2257636,57020,70,LR,1.0983357966978752e-05
1786524229.7363327,57040,70,Loss/l_ce,0.08392858505249023
1786524229.7365203,57040,70,Loss/l_total,0.08392858505249023
1786524229.736545,57040,70,LR,1.0983357966978752e-05
1786524249.3187265,57060,70,Loss/l_ce,0.12323617935180664
1786524249.318926,57060,70,Loss/l_total,0.12323617935180664
1786524249.3189545,57060,70,LR,1.0983357966978752e-05
1786524270.1428113,57080,70,Loss/l_ce,0.3720417022705078
1786524270.1430511,57080,70,Loss/l_total,0.3720417022705078
1786524270.1430774,57080,70,LR,1.0983357966978752e-05
1786524294.9728475,57100,70,Loss/l_ce,0.1680750846862793
1786524294.9730814,57100,70,Loss/l_total,0.1680750846862793
1786524294.973333,57100,70,LR,1.0983357966978752e-05
1786524311.1321595,57120,70,Loss/l_ce,0.09318947792053223
1786524311.1323671,57120,70,Loss/l_total,0.09318947792053223
1786524311.132391,57120,70,LR,1.0983357966978752e-05
1786524339.4441352,57140,70,Loss/l_ce,0.13689589500427246
1786524339.4443297,57140,70,Loss/l_total,0.13689589500427246
1786524339.4443562,57140,70,LR,1.0983357966978752e-05
1786524362.2058175,57160,70,Loss/l_ce,0.22655820846557617
1786524362.2060823,57160,70,Loss/l_total,0.22655820846557617
1786524362.206106,57160,70,LR,1.0983357966978752e-05
1786524386.3444543,57180,70,Loss/l_ce,0.07585811614990234
1786524386.3445935,57180,70,Loss/l_total,0.07585811614990234
1786524386.3446171,57180,70,LR,1.0983357966978752e-05
1786524406.347116,57200,70,Loss/l_ce,0.0861504077911377
1786524406.3472738,57200,70,Loss/l_total,0.0861504077911377
1786524406.3472917,57200,70,LR,1.0983357966978752e-05
1786524419.177268,57220,70,Loss/l_ce,0.09131836891174316
1786524419.1774056,57220,70,Loss/l_total,0.09131836891174316
1786524419.1774273,57220,70,LR,1.0983357966978752e-05
1786524441.0755808,57240,70,Loss/l_ce,0.09160518646240234
1786524441.075752,57240,70,Loss/l_total,0.09160518646240234
1786524441.075778,57240,70,LR,1.0983357966978752e-05
1786524455.016388,57260,70,Loss/l_ce,0.45271968841552734
1786524455.0165467,57260,70,Loss/l_total,0.45271968841552734
1786524455.016572,57260,70,LR,1.0983357966978752e-05
1786524475.3381886,57280,70,Loss/l_ce,0.08335661888122559
1786524475.3383691,57280,70,Loss/l_total,0.08335661888122559
1786524475.3383918,57280,70,LR,1.0983357966978752e-05
1786524502.3100262,57300,70,Loss/l_ce,1.9584441184997559
1786524502.3102126,57300,70,Loss/l_total,1.9584441184997559
1786524502.310235,57300,70,LR,1.0983357966978752e-05
1786524527.9417737,57320,70,Loss/l_ce,0.09416055679321289
1786524527.9420824,57320,70,Loss/l_total,0.09416055679321289
1786524527.9421108,57320,70,LR,1.0983357966978752e-05
1786524548.0606627,57340,70,Loss/l_ce,0.08226728439331055
1786524548.0609026,57340,70,Loss/l_total,0.08226728439331055
1786524548.0609229,57340,70,LR,1.0983357966978752e-05
1786524562.7790742,57360,70,Loss/l_ce,0.10435104370117188
1786524562.779282,57360,70,Loss/l_total,0.10435104370117188
1786524562.7793128,57360,70,LR,1.0983357966978752e-05
1786524590.1829433,57380,70,Loss/l_ce,0.08717131614685059
1786524590.183176,57380,70,Loss/l_total,0.08717131614685059
1786524590.1831994,57380,70,LR,1.0983357966978752e-05
1786524612.5523815,57400,70,Loss/l_ce,0.06662940979003906
1786524612.552607,57400,70,Loss/l_total,0.06662940979003906
1786524612.5526283,57400,70,LR,1.0983357966978752e-05
1786524634.6370237,57420,70,Loss/l_ce,0.10643386840820312
1786524634.6371925,57420,70,Loss/l_total,0.10643386840820312
1786524634.637215,57420,70,LR,1.0983357966978752e-05
1786524660.2533205,57440,70,Loss/l_ce,0.07573151588439941
1786524660.2534807,57440,70,Loss/l_total,0.07573151588439941
1786524660.2535036,57440,70,LR,1.0983357966978752e-05
1786524681.3221853,57460,70,Loss/l_ce,0.0722806453704834
1786524681.3223443,57460,70,Loss/l_total,0.0722806453704834
1786524681.3223643,57460,70,LR,1.0983357966978752e-05
1786524701.5828307,57480,70,Loss/l_ce,0.09813451766967773
1786524701.5830085,57480,70,Loss/l_total,0.09813451766967773
1786524701.5830526,57480,70,LR,1.0983357966978752e-05
1786524729.2972782,57500,70,Loss/l_ce,0.09943366050720215
1786524729.29753,57500,70,Loss/l_total,0.09943366050720215
1786524729.2975585,57500,70,LR,1.0983357966978752e-05
1786524743.2467365,57520,70,Loss/l_ce,0.06094241142272949
1786524743.2469018,57520,70,Loss/l_total,0.06094241142272949
1786524743.2469244,57520,70,LR,1.0983357966978752e-05
1786524758.7429714,57540,70,Loss/l_ce,0.11409759521484375
1786524758.7432182,57540,70,Loss/l_total,0.11409759521484375
1786524758.7432432,57540,70,LR,1.0983357966978752e-05
1786524769.3901234,57560,70,Loss/l_ce,0.11081123352050781
1786524769.3902917,57560,70,Loss/l_total,0.11081123352050781
1786524769.3903167,57560,70,LR,1.0983357966978752e-05
1786524785.9281666,57580,70,Loss/l_ce,0.08255147933959961
1786524785.928352,57580,70,Loss/l_total,0.08255147933959961
1786524785.9283721,57580,70,LR,1.0983357966978752e-05
1786524805.881344,57600,70,Loss/l_ce,0.11431694030761719
1786524805.8815494,57600,70,Loss/l_total,0.11431694030761719
1786524805.8815732,57600,70,LR,1.0983357966978752e-05
1786524832.0832126,57620,70,Loss/l_ce,0.0724029541015625
1786524832.083386,57620,70,Loss/l_total,0.0724029541015625
1786524832.0834227,57620,70,LR,1.0983357966978752e-05
1786524853.0185568,57640,70,Loss/l_ce,0.1822338104248047
1786524853.0187814,57640,70,Loss/l_total,0.1822338104248047
1786524853.0188015,57640,70,LR,1.0983357966978752e-05
1786524990.2623665,57652,70,Val/avg_error,0.14167842268943787
1786524990.2626667,57652,70,Val/acc,0.373486328125
1786524990.262695,57652,70,Val/sparse_auc,0.5439541903409091
1786524990.2627392,57652,70,Val/sparse_pck_max,0.1
1786524990.2627618,57652,70,Val/sparse_pck_n,100.0
1786525002.002391,57660,71,Loss/l_ce,0.1563875675201416
1786525002.0025513,57660,71,Loss/l_total,0.1563875675201416
1786525002.0025737,57660,71,LR,1.0630178331827278e-05
1786525025.847492,57680,71,Loss/l_ce,0.18264317512512207
1786525025.8476453,57680,71,Loss/l_total,0.18264317512512207
1786525025.8476653,57680,71,LR,1.0630178331827278e-05
1786525049.793462,57700,71,Loss/l_ce,0.16567373275756836
1786525049.7936757,57700,71,Loss/l_total,0.16567373275756836
1786525049.793697,57700,71,LR,1.0630178331827278e-05
1786525072.5061238,57720,71,Loss/l_ce,0.1282367706298828
1786525072.5062745,57720,71,Loss/l_total,0.1282367706298828
1786525072.506296,57720,71,LR,1.0630178331827278e-05
1786525092.2133894,57740,71,Loss/l_ce,0.16038894653320312
1786525092.2135627,57740,71,Loss/l_total,0.16038894653320312
1786525092.2135875,57740,71,LR,1.0630178331827278e-05
1786525105.8724716,57760,71,Loss/l_ce,0.16540265083312988
1786525105.8726366,57760,71,Loss/l_total,0.16540265083312988
1786525105.8726583,57760,71,LR,1.0630178331827278e-05
1786525128.307471,57780,71,Loss/l_ce,1.2728095054626465
1786525128.3076468,57780,71,Loss/l_total,1.2728095054626465
1786525128.3076742,57780,71,LR,1.0630178331827278e-05
1786525145.4954815,57800,71,Loss/l_ce,0.08444023132324219
1786525145.4956703,57800,71,Loss/l_total,0.08444023132324219
1786525145.4956977,57800,71,LR,1.0630178331827278e-05
1786525168.0473306,57820,71,Loss/l_ce,0.08397245407104492
1786525168.0475242,57820,71,Loss/l_total,0.08397245407104492
1786525168.0475466,57820,71,LR,1.0630178331827278e-05
1786525179.5901673,57840,71,Loss/l_ce,0.13448286056518555
1786525179.5903203,57840,71,Loss/l_total,0.13448286056518555
1786525179.5903442,57840,71,LR,1.0630178331827278e-05
1786525195.0151057,57860,71,Loss/l_ce,0.06430530548095703
1786525195.0153372,57860,71,Loss/l_total,0.06430530548095703
1786525195.0153632,57860,71,LR,1.0630178331827278e-05
1786525209.819839,57880,71,Loss/l_ce,0.0735628604888916
1786525209.8200896,57880,71,Loss/l_total,0.0735628604888916
1786525209.8201158,57880,71,LR,1.0630178331827278e-05
1786525227.7374752,57900,71,Loss/l_ce,0.0937035083770752
1786525227.7376497,57900,71,Loss/l_total,0.0937035083770752
1786525227.73767,57900,71,LR,1.0630178331827278e-05
1786525255.9419715,57920,71,Loss/l_ce,0.13104796409606934
1786525255.9422338,57920,71,Loss/l_total,0.13104796409606934
1786525255.9425094,57920,71,LR,1.0630178331827278e-05
1786525280.4008172,57940,71,Loss/l_ce,0.11335325241088867
1786525280.400988,57940,71,Loss/l_total,0.11335325241088867
1786525280.4010108,57940,71,LR,1.0630178331827278e-05
1786525299.1933305,57960,71,Loss/l_ce,0.10730648040771484
1786525299.1935334,57960,71,Loss/l_total,0.10730648040771484
1786525299.1935632,57960,71,LR,1.0630178331827278e-05
1786525321.0899332,57980,71,Loss/l_ce,0.08341169357299805
1786525321.0901682,57980,71,Loss/l_total,0.08341169357299805
1786525321.090193,57980,71,LR,1.0630178331827278e-05
1786525341.91821,58000,71,Loss/l_ce,0.669266939163208
1786525341.9187052,58000,71,Loss/l_total,0.669266939163208
1786525341.9187326,58000,71,LR,1.0630178331827278e-05
1786525362.3009331,58020,71,Loss/l_ce,0.08847427368164062
1786525362.3012383,58020,71,Loss/l_total,0.08847427368164062
1786525362.3012633,58020,71,LR,1.0630178331827278e-05
1786525385.9220622,58040,71,Loss/l_ce,0.0866086483001709
1786525385.922404,58040,71,Loss/l_total,0.0866086483001709
1786525385.922428,58040,71,LR,1.0630178331827278e-05
1786525408.0185513,58060,71,Loss/l_ce,0.03245210647583008
1786525408.0187056,58060,71,Loss/l_total,0.03245210647583008
1786525408.0187461,58060,71,LR,1.0630178331827278e-05
1786525421.2206988,58080,71,Loss/l_ce,0.0991971492767334
1786525421.2208793,58080,71,Loss/l_total,0.0991971492767334
1786525421.2209055,58080,71,LR,1.0630178331827278e-05
1786525437.3174393,58100,71,Loss/l_ce,0.31851911544799805
1786525437.3176837,58100,71,Loss/l_total,0.31851911544799805
1786525437.3177066,58100,71,LR,1.0630178331827278e-05
1786525460.0376189,58120,71,Loss/l_ce,0.1204838752746582
1786525460.037879,58120,71,Loss/l_total,0.1204838752746582
1786525460.0379002,58120,71,LR,1.0630178331827278e-05
1786525485.765408,58140,71,Loss/l_ce,0.14949560165405273
1786525485.7656038,58140,71,Loss/l_total,0.14949560165405273
1786525485.765625,58140,71,LR,1.0630178331827278e-05
1786525508.752874,58160,71,Loss/l_ce,0.139085054397583
1786525508.7530675,58160,71,Loss/l_total,0.139085054397583
1786525508.7530887,58160,71,LR,1.0630178331827278e-05
1786525530.42497,58180,71,Loss/l_ce,0.1194162368774414
1786525530.4251552,58180,71,Loss/l_total,0.1194162368774414
1786525530.4251776,58180,71,LR,1.0630178331827278e-05
1786525541.4149477,58200,71,Loss/l_ce,0.10147762298583984
1786525541.415138,58200,71,Loss/l_total,0.10147762298583984
1786525541.4151652,58200,71,LR,1.0630178331827278e-05
1786525569.718167,58220,71,Loss/l_ce,0.10931515693664551
1786525569.718624,58220,71,Loss/l_total,0.10931515693664551
1786525569.7186477,58220,71,LR,1.0630178331827278e-05
1786525590.255737,58240,71,Loss/l_ce,0.10703063011169434
1786525590.2561371,58240,71,Loss/l_total,0.10703063011169434
1786525590.2561622,58240,71,LR,1.0630178331827278e-05
1786525619.9427247,58260,71,Loss/l_ce,0.13473248481750488
1786525619.9429884,58260,71,Loss/l_total,0.13473248481750488
1786525619.9430096,58260,71,LR,1.0630178331827278e-05
1786525641.2139146,58280,71,Loss/l_ce,0.10877537727355957
1786525641.2141237,58280,71,Loss/l_total,0.10877537727355957
1786525641.2141485,58280,71,LR,1.0630178331827278e-05
1786525666.8638453,58300,71,Loss/l_ce,0.04867100715637207
1786525666.8640745,58300,71,Loss/l_total,0.04867100715637207
1786525666.864097,58300,71,LR,1.0630178331827278e-05
1786525678.3907127,58320,71,Loss/l_ce,0.09619593620300293
1786525678.3908696,58320,71,Loss/l_total,0.09619593620300293
1786525678.3908932,58320,71,LR,1.0630178331827278e-05
1786525704.4338489,58340,71,Loss/l_ce,0.12604069709777832
1786525704.4340234,58340,71,Loss/l_total,0.12604069709777832
1786525704.4340658,58340,71,LR,1.0630178331827278e-05
1786525729.113218,58360,71,Loss/l_ce,0.11479377746582031
1786525729.1133738,58360,71,Loss/l_total,0.11479377746582031
1786525729.1133962,58360,71,LR,1.0630178331827278e-05
1786525740.4515321,58380,71,Loss/l_ce,0.08771181106567383
1786525740.4516828,58380,71,Loss/l_total,0.08771181106567383
1786525740.4517055,58380,71,LR,1.0630178331827278e-05
1786525760.6820068,58400,71,Loss/l_ce,0.09966182708740234
1786525760.6822903,58400,71,Loss/l_total,0.09966182708740234
1786525760.6823142,58400,71,LR,1.0630178331827278e-05
1786525785.1603186,58420,71,Loss/l_ce,0.10396432876586914
1786525785.1606345,58420,71,Loss/l_total,0.10396432876586914
1786525785.1606667,58420,71,LR,1.0630178331827278e-05
1786525805.2915769,58440,71,Loss/l_ce,0.09956622123718262
1786525805.2918072,58440,71,Loss/l_total,0.09956622123718262
1786525805.2918298,58440,71,LR,1.0630178331827278e-05
1786525822.3015065,58460,71,Loss/l_ce,0.1514284610748291
1786525822.301733,58460,71,Loss/l_total,0.1514284610748291
1786525822.3017557,58460,71,LR,1.0630178331827278e-05
1786525949.4312437,58464,71,Val/avg_error,0.12755297124385834
1786525949.4315596,58464,71,Val/acc,0.402587890625
1786525949.4315822,58464,71,Val/sparse_auc,0.5706520774147728
1786525949.431601,58464,71,Val/sparse_pck_max,0.1
1786525949.4316165,58464,71,Val/sparse_pck_n,100.0
1786525964.6980648,58480,72,Loss/l_ce,0.050521135330200195
1786525964.6983156,58480,72,Loss/l_total,0.050521135330200195
1786525964.6983428,58480,72,LR,1.0354838440848503e-05
1786525989.978785,58500,72,Loss/l_ce,0.06629085540771484
1786525989.9790237,58500,72,Loss/l_total,0.06629085540771484
1786525989.9791899,58500,72,LR,1.0354838440848503e-05
1786526016.1376264,58520,72,Loss/l_ce,0.09247756004333496
1786526016.1377974,58520,72,Loss/l_total,0.09247756004333496
1786526016.1378212,58520,72,LR,1.0354838440848503e-05
1786526033.151065,58540,72,Loss/l_ce,0.13396072387695312
1786526033.1512158,58540,72,Loss/l_total,0.13396072387695312
1786526033.151236,58540,72,LR,1.0354838440848503e-05
1786526051.5019524,58560,72,Loss/l_ce,0.1174001693725586
1786526051.5022411,58560,72,Loss/l_total,0.1174001693725586
1786526051.502266,58560,72,LR,1.0354838440848503e-05
1786526076.0853512,58580,72,Loss/l_ce,0.226487398147583
1786526076.0855708,58580,72,Loss/l_total,0.226487398147583
1786526076.0855947,58580,72,LR,1.0354838440848503e-05
1786526094.972758,58600,72,Loss/l_ce,0.0713949203491211
1786526094.9729147,58600,72,Loss/l_total,0.0713949203491211
1786526094.972936,58600,72,LR,1.0354838440848503e-05
1786526118.492736,58620,72,Loss/l_ce,0.17373085021972656
1786526118.4929378,58620,72,Loss/l_total,0.17373085021972656
1786526118.4929698,58620,72,LR,1.0354838440848503e-05
1786526139.571492,58640,72,Loss/l_ce,0.10455703735351562
1786526139.5716426,58640,72,Loss/l_total,0.10455703735351562
1786526139.571664,58640,72,LR,1.0354838440848503e-05
1786526159.942988,58660,72,Loss/l_ce,0.11598801612854004
1786526159.943228,58660,72,Loss/l_total,0.11598801612854004
1786526159.943254,58660,72,LR,1.0354838440848503e-05
1786526180.3512166,58680,72,Loss/l_ce,0.1307978630065918
1786526180.3513625,58680,72,Loss/l_total,0.1307978630065918
1786526180.3513827,58680,72,LR,1.0354838440848503e-05
1786526199.281056,58700,72,Loss/l_ce,0.1252586841583252
1786526199.2812316,58700,72,Loss/l_total,0.1252586841583252
1786526199.2812543,58700,72,LR,1.0354838440848503e-05
1786526219.7966707,58720,72,Loss/l_ce,0.07103753089904785
1786526219.7968526,58720,72,Loss/l_total,0.07103753089904785
1786526219.7971969,58720,72,LR,1.0354838440848503e-05
1786526243.996628,58740,72,Loss/l_ce,0.14057016372680664
1786526243.9967918,58740,72,Loss/l_total,0.14057016372680664
1786526243.9968157,58740,72,LR,1.0354838440848503e-05
1786526262.0594745,58760,72,Loss/l_ce,0.08227801322937012
1786526262.0596452,58760,72,Loss/l_total,0.08227801322937012
1786526262.0596702,58760,72,LR,1.0354838440848503e-05
1786526274.960691,58780,72,Loss/l_ce,0.4099454879760742
1786526274.9608512,58780,72,Loss/l_total,0.4099454879760742
1786526274.9608724,58780,72,LR,1.0354838440848503e-05
1786526290.1105096,58800,72,Loss/l_ce,0.10349512100219727
1786526290.1107078,58800,72,Loss/l_total,0.10349512100219727
1786526290.1107316,58800,72,LR,1.0354838440848503e-05
1786526302.2028632,58820,72,Loss/l_ce,0.15760350227355957
1786526302.203021,58820,72,Loss/l_total,0.15760350227355957
1786526302.2030687,58820,72,LR,1.0354838440848503e-05
1786526311.4450624,58840,72,Loss/l_ce,0.05956530570983887
1786526311.4452357,58840,72,Loss/l_total,0.05956530570983887
1786526311.4452581,58840,72,LR,1.0354838440848503e-05
1786526323.5133185,58860,72,Loss/l_ce,0.1773700714111328
1786526323.5134873,58860,72,Loss/l_total,0.1773700714111328
1786526323.51351,58860,72,LR,1.0354838440848503e-05
1786526331.5522432,58880,72,Loss/l_ce,0.13958263397216797
1786526331.5523953,58880,72,Loss/l_total,0.13958263397216797
1786526331.5524178,58880,72,LR,1.0354838440848503e-05
1786526341.0834045,58900,72,Loss/l_ce,0.07555389404296875
1786526341.0835505,58900,72,Loss/l_total,0.07555389404296875
1786526341.0835733,58900,72,LR,1.0354838440848503e-05
1786526352.4949226,58920,72,Loss/l_ce,0.1125192642211914
1786526352.4951186,58920,72,Loss/l_total,0.1125192642211914
1786526352.4951413,58920,72,LR,1.0354838440848503e-05
1786526363.0090878,58940,72,Loss/l_ce,0.09305167198181152
1786526363.009247,58940,72,Loss/l_total,0.09305167198181152
1786526363.0092695,58940,72,LR,1.0354838440848503e-05
1786526371.8273494,58960,72,Loss/l_ce,0.15816020965576172
1786526371.8275025,58960,72,Loss/l_total,0.15816020965576172
1786526371.8275251,58960,72,LR,1.0354838440848503e-05
1786526381.1838853,58980,72,Loss/l_ce,0.4376049041748047
1786526381.1840918,58980,72,Loss/l_total,0.4376049041748047
1786526381.1841156,58980,72,LR,1.0354838440848503e-05
1786526390.3618329,59000,72,Loss/l_ce,0.060518741607666016
1786526390.3619838,59000,72,Loss/l_total,0.060518741607666016
1786526390.362005,59000,72,LR,1.0354838440848503e-05
1786526400.7001686,59020,72,Loss/l_ce,0.0740969181060791
1786526400.7003787,59020,72,Loss/l_total,0.0740969181060791
1786526400.7004037,59020,72,LR,1.0354838440848503e-05
1786526410.8920214,59040,72,Loss/l_ce,0.0823519229888916
1786526410.892221,59040,72,Loss/l_total,0.0823519229888916
1786526410.892247,59040,72,LR,1.0354838440848503e-05
1786526434.343879,59060,72,Loss/l_ce,0.10788989067077637
1786526434.3441236,59060,72,Loss/l_total,0.10788989067077637
1786526434.3441474,59060,72,LR,1.0354838440848503e-05
1786526453.0654483,59080,72,Loss/l_ce,0.10211658477783203
1786526453.0656905,59080,72,Loss/l_total,0.10211658477783203
1786526453.065712,59080,72,LR,1.0354838440848503e-05
1786526478.779405,59100,72,Loss/l_ce,0.0825655460357666
1786526478.779614,59100,72,Loss/l_total,0.0825655460357666
1786526478.7796423,59100,72,LR,1.0354838440848503e-05
1786526502.5197804,59120,72,Loss/l_ce,0.13997697830200195
1786526502.5203965,59120,72,Loss/l_total,0.13997697830200195
1786526502.520424,59120,72,LR,1.0354838440848503e-05
1786526528.0210896,59140,72,Loss/l_ce,0.07629871368408203
1786526528.0212939,59140,72,Loss/l_total,0.07629871368408203
1786526528.021315,59140,72,LR,1.0354838440848503e-05
1786526553.7872252,59160,72,Loss/l_ce,0.11919474601745605
1786526553.7874403,59160,72,Loss/l_total,0.11919474601745605
1786526553.787463,59160,72,LR,1.0354838440848503e-05
1786526575.0485396,59180,72,Loss/l_ce,0.7785367965698242
1786526575.0487463,59180,72,Loss/l_total,0.7785367965698242
1786526575.048776,59180,72,LR,1.0354838440848503e-05
1786526601.4512687,59200,72,Loss/l_ce,0.1731405258178711
1786526601.4515562,59200,72,Loss/l_total,0.1731405258178711
1786526601.4515786,59200,72,LR,1.0354838440848503e-05
1786526620.7977467,59220,72,Loss/l_ce,0.06379890441894531
1786526620.798287,59220,72,Loss/l_total,0.06379890441894531
1786526620.7983263,59220,72,LR,1.0354838440848503e-05
1786526648.019004,59240,72,Loss/l_ce,0.10202360153198242
1786526648.0192206,59240,72,Loss/l_total,0.10202360153198242
1786526648.019243,59240,72,LR,1.0354838440848503e-05
1786526670.1211658,59260,72,Loss/l_ce,0.08179330825805664
1786526670.1213903,59260,72,Loss/l_total,0.08179330825805664
1786526670.1214106,59260,72,LR,1.0354838440848503e-05
1786526816.6219845,59276,72,Val/avg_error,0.12649378180503845
1786526816.6223145,59276,72,Val/acc,0.402685546875
1786526816.6223383,59276,72,Val/sparse_auc,0.5716079249526513
1786526816.6223562,59276,72,Val/sparse_pck_max,0.1
1786526816.6223729,59276,72,Val/sparse_pck_n,100.0
1786526823.0406413,59280,73,Loss/l_ce,0.18480157852172852
1786526823.0408194,59280,73,Loss/l_total,0.18480157852172852
1786526823.0408432,59280,73,LR,1.0157821333772305e-05
1786526846.6410797,59300,73,Loss/l_ce,0.1558222770690918
1786526846.6412578,59300,73,Loss/l_total,0.1558222770690918
1786526846.641279,59300,73,LR,1.0157821333772305e-05
1786526857.968642,59320,73,Loss/l_ce,0.11947870254516602
1786526857.9688094,59320,73,Loss/l_total,0.11947870254516602
1786526857.968832,59320,73,LR,1.0157821333772305e-05
1786526879.2023993,59340,73,Loss/l_ce,0.3724057674407959
1786526879.202601,59340,73,Loss/l_total,0.3724057674407959
1786526879.2026224,59340,73,LR,1.0157821333772305e-05
1786526897.7184224,59360,73,Loss/l_ce,0.09028124809265137
1786526897.7186267,59360,73,Loss/l_total,0.09028124809265137
1786526897.7186542,59360,73,LR,1.0157821333772305e-05
1786526919.3366356,59380,73,Loss/l_ce,0.05485677719116211
1786526919.3367853,59380,73,Loss/l_total,0.05485677719116211
1786526919.3368068,59380,73,LR,1.0157821333772305e-05
1786526945.8748085,59400,73,Loss/l_ce,0.0795753002166748
1786526945.874989,59400,73,Loss/l_total,0.0795753002166748
1786526945.8750625,59400,73,LR,1.0157821333772305e-05
1786526960.246693,59420,73,Loss/l_ce,0.11241650581359863
1786526960.2468472,59420,73,Loss/l_total,0.11241650581359863
1786526960.2468674,59420,73,LR,1.0157821333772305e-05
1786526979.5199983,59440,73,Loss/l_ce,0.11926078796386719
1786526979.5202215,59440,73,Loss/l_total,0.11926078796386719
1786526979.5202453,59440,73,LR,1.0157821333772305e-05
1786527001.5330656,59460,73,Loss/l_ce,0.2237396240234375
1786527001.533215,59460,73,Loss/l_total,0.2237396240234375
1786527001.53324,59460,73,LR,1.0157821333772305e-05
1786527018.9027603,59480,73,Loss/l_ce,0.13149070739746094
1786527018.9029074,59480,73,Loss/l_total,0.13149070739746094
1786527018.9029276,59480,73,LR,1.0157821333772305e-05
1786527045.1239097,59500,73,Loss/l_ce,0.13653802871704102
1786527045.1242611,59500,73,Loss/l_total,0.13653802871704102
1786527045.1245532,59500,73,LR,1.0157821333772305e-05
1786527061.1144547,59520,73,Loss/l_ce,0.40373969078063965
1786527061.1146388,59520,73,Loss/l_total,0.40373969078063965
1786527061.1146588,59520,73,LR,1.0157821333772305e-05
1786527081.3924582,59540,73,Loss/l_ce,0.11339807510375977
1786527081.392622,59540,73,Loss/l_total,0.11339807510375977
1786527081.3926437,59540,73,LR,1.0157821333772305e-05
1786527099.9513564,59560,73,Loss/l_ce,0.11640548706054688
1786527099.9515107,59560,73,Loss/l_total,0.11640548706054688
1786527099.9515333,59560,73,LR,1.0157821333772305e-05
1786527121.133765,59580,73,Loss/l_ce,0.12596511840820312
1786527121.1339335,59580,73,Loss/l_total,0.12596511840820312
1786527121.1339536,59580,73,LR,1.0157821333772305e-05
1786527136.775376,59600,73,Loss/l_ce,0.07155108451843262
1786527136.7755353,59600,73,Loss/l_total,0.07155108451843262
1786527136.7755592,59600,73,LR,1.0157821333772305e-05
1786527161.1511037,59620,73,Loss/l_ce,0.09265780448913574
1786527161.1512854,59620,73,Loss/l_total,0.09265780448913574
1786527161.1513057,59620,73,LR,1.0157821333772305e-05
1786527185.2451718,59640,73,Loss/l_ce,0.09952020645141602
1786527185.2453332,59640,73,Loss/l_total,0.09952020645141602
1786527185.2453558,59640,73,LR,1.0157821333772305e-05
1786527207.2099698,59660,73,Loss/l_ce,0.1178135871887207
1786527207.21017,59660,73,Loss/l_total,0.1178135871887207
1786527207.2101953,59660,73,LR,1.0157821333772305e-05
1786527231.0088146,59680,73,Loss/l_ce,0.12914252281188965
1786527231.0090756,59680,73,Loss/l_total,0.12914252281188965
1786527231.009103,59680,73,LR,1.0157821333772305e-05
1786527247.6457546,59700,73,Loss/l_ce,0.5303733348846436
1786527247.645973,59700,73,Loss/l_total,0.5303733348846436
1786527247.6461322,59700,73,LR,1.0157821333772305e-05
1786527267.4970205,59720,73,Loss/l_ce,0.07077932357788086
1786527267.4972353,59720,73,Loss/l_total,0.07077932357788086
1786527267.4972577,59720,73,LR,1.0157821333772305e-05
1786527285.4097764,59740,73,Loss/l_ce,0.15840768814086914
1786527285.4099355,59740,73,Loss/l_total,0.15840768814086914
1786527285.4099581,59740,73,LR,1.0157821333772305e-05
1786527309.3249123,59760,73,Loss/l_ce,0.09885835647583008
1786527309.3251047,59760,73,Loss/l_total,0.09885835647583008
1786527309.3251295,59760,73,LR,1.0157821333772305e-05
1786527332.775895,59780,73,Loss/l_ce,0.11233401298522949
1786527332.7762156,59780,73,Loss/l_total,0.11233401298522949
1786527332.7762406,59780,73,LR,1.0157821333772305e-05
1786527360.47057,59800,73,Loss/l_ce,0.10414767265319824
1786527360.470729,59800,73,Loss/l_total,0.10414767265319824
1786527360.4707506,59800,73,LR,1.0157821333772305e-05
1786527375.9847584,59820,73,Loss/l_ce,0.15872406959533691
1786527375.9849553,59820,73,Loss/l_total,0.15872406959533691
1786527375.984978,59820,73,LR,1.0157821333772305e-05
1786527394.429487,59840,73,Loss/l_ce,0.03408336639404297
1786527394.4297092,59840,73,Loss/l_total,0.03408336639404297
1786527394.4297318,59840,73,LR,1.0157821333772305e-05
1786527415.5911634,59860,73,Loss/l_ce,0.12313532829284668
1786527415.591313,59860,73,Loss/l_total,0.12313532829284668
1786527415.5913355,59860,73,LR,1.0157821333772305e-05
1786527433.484246,59880,73,Loss/l_ce,0.0914764404296875
1786527433.4844596,59880,73,Loss/l_total,0.0914764404296875
1786527433.484481,59880,73,LR,1.0157821333772305e-05
1786527457.0189035,59900,73,Loss/l_ce,0.09098172187805176
1786527457.0191185,59900,73,Loss/l_total,0.09098172187805176
1786527457.0191398,59900,73,LR,1.0157821333772305e-05
1786527478.644329,59920,73,Loss/l_ce,0.11078357696533203
1786527478.6444974,59920,73,Loss/l_total,0.11078357696533203
1786527478.6445203,59920,73,LR,1.0157821333772305e-05
1786527500.5886564,59940,73,Loss/l_ce,0.6380212306976318
1786527500.588876,59940,73,Loss/l_total,0.6380212306976318
1786527500.5888999,59940,73,LR,1.0157821333772305e-05
1786527523.6283164,59960,73,Loss/l_ce,0.12036728858947754
1786527523.6285303,59960,73,Loss/l_total,0.12036728858947754
1786527523.6285527,59960,73,LR,1.0157821333772305e-05
1786527540.081356,59980,73,Loss/l_ce,1.8894317150115967
1786527540.0815175,59980,73,Loss/l_total,1.8894317150115967
1786527540.0815377,59980,73,LR,1.0157821333772305e-05
1786527564.0244067,60000,73,Loss/l_ce,0.09757614135742188
1786527564.0245707,60000,73,Loss/l_total,0.09757614135742188
1786527564.024593,60000,73,LR,1.0157821333772305e-05
1786527582.9256837,60020,73,Loss/l_ce,0.09841680526733398
1786527582.9258926,60020,73,Loss/l_total,0.09841680526733398
1786527582.9259224,60020,73,LR,1.0157821333772305e-05
1786527606.294363,60040,73,Loss/l_ce,0.15532612800598145
1786527606.2946353,60040,73,Loss/l_total,0.15532612800598145
1786527606.2946672,60040,73,LR,1.0157821333772305e-05
1786527627.3591125,60060,73,Loss/l_ce,0.08141136169433594
1786527627.3592787,60060,73,Loss/l_total,0.08141136169433594
1786527627.3593013,60060,73,LR,1.0157821333772305e-05
1786527651.4044816,60080,73,Loss/l_ce,0.30020618438720703
1786527651.4046466,60080,73,Loss/l_total,0.30020618438720703
1786527651.4046657,60080,73,LR,1.0157821333772305e-05
1786527803.4907422,60088,73,Val/avg_error,0.1310877799987793
1786527803.4911413,60088,73,Val/acc,0.39208984375
1786527803.491166,60088,73,Val/sparse_auc,0.563213926373106
1786527803.4918761,60088,73,Val/sparse_pck_max,0.1
1786527803.4919367,60088,73,Val/sparse_pck_n,100.0
1786527814.621497,60100,74,Loss/l_ce,0.0725550651550293
1786527814.621645,60100,74,Loss/l_total,0.0725550651550293
1786527814.6216688,60100,74,LR,1.0039472645551374e-05
1786527832.9467149,60120,74,Loss/l_ce,0.15351080894470215
1786527832.9468846,60120,74,Loss/l_total,0.15351080894470215
1786527832.946907,60120,74,LR,1.0039472645551374e-05
1786527853.6346421,60140,74,Loss/l_ce,0.0662682056427002
1786527853.63485,60140,74,Loss/l_total,0.0662682056427002
1786527853.6348798,60140,74,LR,1.0039472645551374e-05
1786527875.633243,60160,74,Loss/l_ce,0.09944844245910645
1786527875.6333845,60160,74,Loss/l_total,0.09944844245910645
1786527875.633406,60160,74,LR,1.0039472645551374e-05
1786527891.7840507,60180,74,Loss/l_ce,0.17931675910949707
1786527891.7842135,60180,74,Loss/l_total,0.17931675910949707
1786527891.784236,60180,74,LR,1.0039472645551374e-05
1786527907.292299,60200,74,Loss/l_ce,0.09736275672912598
1786527907.29276,60200,74,Loss/l_total,0.09736275672912598
1786527907.2931824,60200,74,LR,1.0039472645551374e-05
1786527928.104393,60220,74,Loss/l_ce,0.16825127601623535
1786527928.1046293,60220,74,Loss/l_total,0.16825127601623535
1786527928.1046517,60220,74,LR,1.0039472645551374e-05
1786527949.8454685,60240,74,Loss/l_ce,0.10227203369140625
1786527949.8456643,60240,74,Loss/l_total,0.10227203369140625
1786527949.8456893,60240,74,LR,1.0039472645551374e-05
1786527975.2216055,60260,74,Loss/l_ce,0.14680814743041992
1786527975.2217968,60260,74,Loss/l_total,0.14680814743041992
1786527975.2218182,60260,74,LR,1.0039472645551374e-05
1786527991.0198147,60280,74,Loss/l_ce,0.07877779006958008
1786527991.0199678,60280,74,Loss/l_total,0.07877779006958008
1786527991.0199902,60280,74,LR,1.0039472645551374e-05
1786528002.2392616,60300,74,Loss/l_ce,0.8113160133361816
1786528002.2394233,60300,74,Loss/l_total,0.8113160133361816
1786528002.2394457,60300,74,LR,1.0039472645551374e-05
1786528024.6141236,60320,74,Loss/l_ce,0.2762336730957031
1786528024.6143646,60320,74,Loss/l_total,0.2762336730957031
1786528024.6143885,60320,74,LR,1.0039472645551374e-05
1786528042.8642993,60340,74,Loss/l_ce,0.12601757049560547
1786528042.8645415,60340,74,Loss/l_total,0.12601757049560547
1786528042.8645651,60340,74,LR,1.0039472645551374e-05
1786528061.8352654,60360,74,Loss/l_ce,0.16200780868530273
1786528061.835499,60360,74,Loss/l_total,0.16200780868530273
1786528061.8355193,60360,74,LR,1.0039472645551374e-05
1786528082.7168236,60380,74,Loss/l_ce,0.11131668090820312
1786528082.7170823,60380,74,Loss/l_total,0.11131668090820312
1786528082.7171097,60380,74,LR,1.0039472645551374e-05
1786528109.0047448,60400,74,Loss/l_ce,0.11443114280700684
1786528109.0049074,60400,74,Loss/l_total,0.11443114280700684
1786528109.0049288,60400,74,LR,1.0039472645551374e-05
1786528137.9267435,60420,74,Loss/l_ce,0.09401512145996094
1786528137.9268968,60420,74,Loss/l_total,0.09401512145996094
1786528137.9269145,60420,74,LR,1.0039472645551374e-05
1786528163.8762295,60440,74,Loss/l_ce,0.10097479820251465
1786528163.876448,60440,74,Loss/l_total,0.10097479820251465
1786528163.876473,60440,74,LR,1.0039472645551374e-05
1786528180.869926,60460,74,Loss/l_ce,0.07315516471862793
1786528180.8701005,60460,74,Loss/l_total,0.07315516471862793
1786528180.8701243,60460,74,LR,1.0039472645551374e-05
1786528206.740129,60480,74,Loss/l_ce,0.18856310844421387
1786528206.7403023,60480,74,Loss/l_total,0.18856310844421387
1786528206.7403262,60480,74,LR,1.0039472645551374e-05
1786528228.2261584,60500,74,Loss/l_ce,0.0958101749420166
1786528228.2263317,60500,74,Loss/l_total,0.0958101749420166
1786528228.2263532,60500,74,LR,1.0039472645551374e-05
1786528245.9165144,60520,74,Loss/l_ce,0.11958551406860352
1786528245.9166853,60520,74,Loss/l_total,0.11958551406860352
1786528245.9167104,60520,74,LR,1.0039472645551374e-05
1786528258.9049299,60540,74,Loss/l_ce,0.06968975067138672
1786528258.905114,60540,74,Loss/l_total,0.06968975067138672
1786528258.9051435,60540,74,LR,1.0039472645551374e-05
1786528278.3024895,60560,74,Loss/l_ce,0.13120746612548828
1786528278.3026521,60560,74,Loss/l_total,0.13120746612548828
1786528278.3026736,60560,74,LR,1.0039472645551374e-05
1786528297.243694,60580,74,Loss/l_ce,0.1442551612854004
1786528297.2438958,60580,74,Loss/l_total,0.1442551612854004
1786528297.2439172,60580,74,LR,1.0039472645551374e-05
1786528324.444862,60600,74,Loss/l_ce,0.08363676071166992
1786528324.4451032,60600,74,Loss/l_total,0.08363676071166992
1786528324.4451268,60600,74,LR,1.0039472645551374e-05
1786528346.2777247,60620,74,Loss/l_ce,0.14033079147338867
1786528346.277954,60620,74,Loss/l_total,0.14033079147338867
1786528346.2779765,60620,74,LR,1.0039472645551374e-05
1786528366.2467258,60640,74,Loss/l_ce,0.03433728218078613
1786528366.2469766,60640,74,Loss/l_total,0.03433728218078613
1786528366.2470002,60640,74,LR,1.0039472645551374e-05
1786528386.0796037,60660,74,Loss/l_ce,0.09565210342407227
1786528386.079815,60660,74,Loss/l_total,0.09565210342407227
1786528386.0798373,60660,74,LR,1.0039472645551374e-05
1786528400.0064256,60680,74,Loss/l_ce,0.1162109375
1786528400.0066607,60680,74,Loss/l_total,0.1162109375
1786528400.006683,60680,74,LR,1.0039472645551374e-05
1786528420.4553761,60700,74,Loss/l_ce,0.13783884048461914
1786528420.4555295,60700,74,Loss/l_total,0.13783884048461914
1786528420.4555557,60700,74,LR,1.0039472645551374e-05
1786528440.354282,60720,74,Loss/l_ce,0.11904096603393555
1786528440.3545017,60720,74,Loss/l_total,0.11904096603393555
1786528440.35453,60720,74,LR,1.0039472645551374e-05
1786528463.6817155,60740,74,Loss/l_ce,0.14194059371948242
1786528463.6819472,60740,74,Loss/l_total,0.14194059371948242
1786528463.6819742,60740,74,LR,1.0039472645551374e-05
1786528491.6290987,60760,74,Loss/l_ce,0.09770059585571289
1786528491.6292899,60760,74,Loss/l_total,0.09770059585571289
1786528491.6293113,60760,74,LR,1.0039472645551374e-05
1786528502.5975232,60780,74,Loss/l_ce,0.09521198272705078
1786528502.5977073,60780,74,Loss/l_total,0.09521198272705078
1786528502.5977535,60780,74,LR,1.0039472645551374e-05
1786528514.4727492,60800,74,Loss/l_ce,0.5283825397491455
1786528514.4729226,60800,74,Loss/l_total,0.5283825397491455
1786528514.4729428,60800,74,LR,1.0039472645551374e-05
1786528526.586647,60820,74,Loss/l_ce,0.2181563377380371
1786528526.586805,60820,74,Loss/l_total,0.2181563377380371
1786528526.58683,60820,74,LR,1.0039472645551374e-05
1786528539.475516,60840,74,Loss/l_ce,0.36728858947753906
1786528539.4756873,60840,74,Loss/l_total,0.36728858947753906
1786528539.4757109,60840,74,LR,1.0039472645551374e-05
1786528552.1441762,60860,74,Loss/l_ce,0.18995404243469238
1786528552.144341,60860,74,Loss/l_total,0.18995404243469238
1786528552.1443648,60860,74,LR,1.0039472645551374e-05
1786528562.6349225,60880,74,Loss/l_ce,0.08792257308959961
1786528562.6351492,60880,74,Loss/l_total,0.08792257308959961
1786528562.635174,60880,74,LR,1.0039472645551374e-05
1786528572.950007,60900,74,Loss/l_ce,0.16927695274353027
1786528572.950203,60900,74,Loss/l_total,0.16927695274353027
1786528572.9502254,60900,74,LR,1.0039472645551374e-05
1786528705.580554,60900,74,Val/avg_error,0.1370317041873932
1786528705.5810492,60900,74,Val/acc,0.377294921875
1786528705.5810788,60900,74,Val/sparse_auc,0.5511856849747474
1786528705.5810966,60900,74,Val/sparse_pck_max,0.1
1786528705.5811133,60900,74,Val/sparse_pck_n,100.0
