wall_time,iter,epoch,tag,value
1787393977.424086,20,0,Loss/l_ce,0.8714547157287598
1787393977.4244065,20,0,Loss/l_total,0.8714547157287598
1787393977.42444,20,0,LR,0.0001
1787393984.7183957,40,0,Loss/l_ce,0.6491029262542725
1787393984.7186356,40,0,Loss/l_total,0.6491029262542725
1787393984.7186615,40,0,LR,0.0001
1787393992.239764,60,0,Loss/l_ce,0.7827677726745605
1787393992.2399683,60,0,Loss/l_total,0.7827677726745605
1787393992.2399921,60,0,LR,0.0001
1787393997.9185438,80,0,Loss/l_ce,0.3280179500579834
1787393997.9187338,80,0,Loss/l_total,0.3280179500579834
1787393997.9187562,80,0,LR,0.0001
1787394005.9463089,100,0,Loss/l_ce,0.18056559562683105
1787394005.9465144,100,0,Loss/l_total,0.18056559562683105
1787394005.946538,100,0,LR,0.0001
1787394012.6470618,120,0,Loss/l_ce,0.22095489501953125
1787394012.6472743,120,0,Loss/l_total,0.22095489501953125
1787394012.6472967,120,0,LR,0.0001
1787394021.7898457,140,0,Loss/l_ce,0.2358095645904541
1787394021.790165,140,0,Loss/l_total,0.2358095645904541
1787394021.7901914,140,0,LR,0.0001
1787394029.3694103,160,0,Loss/l_ce,0.07860350608825684
1787394029.3695564,160,0,Loss/l_total,0.07860350608825684
1787394029.3695767,160,0,LR,0.0001
1787394036.3346307,180,0,Loss/l_ce,0.07140111923217773
1787394036.3347864,180,0,Loss/l_total,0.07140111923217773
1787394036.3348124,180,0,LR,0.0001
1787394048.230378,200,0,Loss/l_ce,0.04989337921142578
1787394048.2305288,200,0,Loss/l_total,0.04989337921142578
1787394048.2305503,200,0,LR,0.0001
1787394059.9742575,220,0,Loss/l_ce,0.08503317832946777
1787394059.9743962,220,0,Loss/l_total,0.08503317832946777
1787394059.974415,220,0,LR,0.0001
1787394066.7505252,240,0,Loss/l_ce,0.19720911979675293
1787394066.7506819,240,0,Loss/l_total,0.19720911979675293
1787394066.7507043,240,0,LR,0.0001
1787394074.0282457,260,0,Loss/l_ce,0.17743968963623047
1787394074.0284073,260,0,Loss/l_total,0.17743968963623047
1787394074.0284312,260,0,LR,0.0001
1787394084.3446963,280,0,Loss/l_ce,0.26882243156433105
1787394084.3448544,280,0,Loss/l_total,0.26882243156433105
1787394084.3448744,280,0,LR,0.0001
1787394091.039497,300,0,Loss/l_ce,0.10741209983825684
1787394091.0396893,300,0,Loss/l_total,0.10741209983825684
1787394091.039713,300,0,LR,0.0001
1787394100.8089013,320,0,Loss/l_ce,0.11039614677429199
1787394100.809069,320,0,Loss/l_total,0.11039614677429199
1787394100.8090925,320,0,LR,0.0001
1787394110.7022188,340,0,Loss/l_ce,0.06601715087890625
1787394110.7023673,340,0,Loss/l_total,0.06601715087890625
1787394110.7023888,340,0,LR,0.0001
1787394120.9690065,360,0,Loss/l_ce,0.17013311386108398
1787394120.969269,360,0,Loss/l_total,0.17013311386108398
1787394120.9692914,360,0,LR,0.0001
1787394129.429907,380,0,Loss/l_ce,0.08418416976928711
1787394129.4301472,380,0,Loss/l_total,0.08418416976928711
1787394129.4301732,380,0,LR,0.0001
1787394136.1313744,400,0,Loss/l_ce,0.2814054489135742
1787394136.1315987,400,0,Loss/l_total,0.2814054489135742
1787394136.1316237,400,0,LR,0.0001
1787394147.8158317,420,0,Loss/l_ce,0.08712267875671387
1787394147.8161142,420,0,Loss/l_total,0.08712267875671387
1787394147.8161366,420,0,LR,0.0001
1787394158.09895,440,0,Loss/l_ce,0.004410266876220703
1787394158.099216,440,0,Loss/l_total,0.004410266876220703
1787394158.0992467,440,0,LR,0.0001
1787394167.3868892,460,0,Loss/l_ce,0.07433724403381348
1787394167.38713,460,0,Loss/l_total,0.07433724403381348
1787394167.387155,460,0,LR,0.0001
1787394177.098171,480,0,Loss/l_ce,0.12844371795654297
1787394177.0984201,480,0,Loss/l_total,0.12844371795654297
1787394177.098444,480,0,LR,0.0001
1787394185.9982119,500,0,Loss/l_ce,0.0847930908203125
1787394185.9983532,500,0,Loss/l_total,0.0847930908203125
1787394185.998372,500,0,LR,0.0001
1787394195.4671998,520,0,Loss/l_ce,0.27085256576538086
1787394195.4674373,520,0,Loss/l_total,0.27085256576538086
1787394195.46746,520,0,LR,0.0001
1787394203.8417196,540,0,Loss/l_ce,0.14793872833251953
1787394203.8420272,540,0,Loss/l_total,0.14793872833251953
1787394203.8420794,540,0,LR,0.0001
1787394213.552549,560,0,Loss/l_ce,0.1191856861114502
1787394213.55314,560,0,Loss/l_total,0.1191856861114502
1787394213.5531628,560,0,LR,0.0001
1787394222.6276367,580,0,Loss/l_ce,0.06524109840393066
1787394222.627829,580,0,Loss/l_total,0.06524109840393066
1787394222.6278503,580,0,LR,0.0001
1787394230.0201857,600,0,Loss/l_ce,0.06318807601928711
1787394230.0203424,600,0,Loss/l_total,0.06318807601928711
1787394230.0203648,600,0,LR,0.0001
1787394238.1031623,620,0,Loss/l_ce,0.07710480690002441
1787394238.1033332,620,0,Loss/l_total,0.07710480690002441
1787394238.1033568,620,0,LR,0.0001
1787394251.1871347,640,0,Loss/l_ce,0.0844109058380127
1787394251.1874151,640,0,Loss/l_total,0.0844109058380127
1787394251.187439,640,0,LR,0.0001
1787394263.1281784,660,0,Loss/l_ce,0.06802535057067871
1787394263.128334,660,0,Loss/l_total,0.06802535057067871
1787394263.1283543,660,0,LR,0.0001
1787394270.7952652,680,0,Loss/l_ce,0.2413630485534668
1787394270.7955155,680,0,Loss/l_total,0.2413630485534668
1787394270.7955453,680,0,LR,0.0001
1787394280.1834867,700,0,Loss/l_ce,0.05586051940917969
1787394280.1836412,700,0,Loss/l_total,0.05586051940917969
1787394280.1836648,700,0,LR,0.0001
1787394289.5844276,720,0,Loss/l_ce,0.17583918571472168
1787394289.5846233,720,0,Loss/l_total,0.17583918571472168
1787394289.5846448,720,0,LR,0.0001
1787394304.0624428,740,0,Loss/l_ce,0.04913187026977539
1787394304.062597,740,0,Loss/l_total,0.04913187026977539
1787394304.0626233,740,0,LR,0.0001
1787394316.3945801,760,0,Loss/l_ce,0.03296613693237305
1787394316.394724,760,0,Loss/l_total,0.03296613693237305
1787394316.3947442,760,0,LR,0.0001
1787394329.6880527,780,0,Loss/l_ce,0.18657946586608887
1787394329.6882071,780,0,Loss/l_total,0.18657946586608887
1787394329.688231,780,0,LR,0.0001
1787394341.1886384,800,0,Loss/l_ce,0.05757403373718262
1787394341.1888163,800,0,Loss/l_total,0.05757403373718262
1787394341.1888366,800,0,LR,0.0001
1787394404.3809063,812,0,Val/avg_error,0.10760994255542755
1787394404.3812563,812,0,Val/acc,0.4431640625
1787394404.3812826,812,0,Val/sparse_auc,0.6153051511205808
1787394404.3813038,812,0,Val/sparse_pck_max,0.1
1787394404.381324,812,0,Val/sparse_pck_n,100.0
1787394411.4984968,820,1,Loss/l_ce,0.09444141387939453
1787394411.4987178,820,1,Loss/l_total,0.09444141387939453
1787394411.498739,820,1,LR,9.996052735444863e-05
1787394424.6660068,840,1,Loss/l_ce,0.17957258224487305
1787394424.6661968,840,1,Loss/l_total,0.17957258224487305
1787394424.666383,840,1,LR,9.996052735444863e-05
1787394436.5972254,860,1,Loss/l_ce,0.26013946533203125
1787394436.5973892,860,1,Loss/l_total,0.26013946533203125
1787394436.5974119,860,1,LR,9.996052735444863e-05
1787394444.7790241,880,1,Loss/l_ce,0.1284470558166504
1787394444.779226,880,1,Loss/l_total,0.1284470558166504
1787394444.7792487,880,1,LR,9.996052735444863e-05
1787394455.9307973,900,1,Loss/l_ce,0.10230636596679688
1787394455.930998,900,1,Loss/l_total,0.10230636596679688
1787394455.931024,900,1,LR,9.996052735444863e-05
1787394464.2981322,920,1,Loss/l_ce,0.05088376998901367
1787394464.2983506,920,1,Loss/l_total,0.05088376998901367
1787394464.2983756,920,1,LR,9.996052735444863e-05
1787394472.647484,940,1,Loss/l_ce,0.11896157264709473
1787394472.6477132,940,1,Loss/l_total,0.11896157264709473
1787394472.647737,940,1,LR,9.996052735444863e-05
1787394481.6926725,960,1,Loss/l_ce,0.04933500289916992
1787394481.6928816,960,1,Loss/l_total,0.04933500289916992
1787394481.6929042,960,1,LR,9.996052735444863e-05
1787394492.687483,980,1,Loss/l_ce,0.04457902908325195
1787394492.6876967,980,1,Loss/l_total,0.04457902908325195
1787394492.6877193,980,1,LR,9.996052735444863e-05
1787394498.373748,1000,1,Loss/l_ce,0.05163264274597168
1787394498.3739438,1000,1,Loss/l_total,0.05163264274597168
1787394498.3739676,1000,1,LR,9.996052735444863e-05
1787394510.3297791,1020,1,Loss/l_ce,0.2551157474517822
1787394510.3299656,1020,1,Loss/l_total,0.2551157474517822
1787394510.3299859,1020,1,LR,9.996052735444863e-05
1787394517.550113,1040,1,Loss/l_ce,0.03945779800415039
1787394517.5503232,1040,1,Loss/l_total,0.03945779800415039
1787394517.5507982,1040,1,LR,9.996052735444863e-05
1787394526.5554338,1060,1,Loss/l_ce,0.08907008171081543
1787394526.5556746,1060,1,Loss/l_total,0.08907008171081543
1787394526.5556984,1060,1,LR,9.996052735444863e-05
1787394536.6991162,1080,1,Loss/l_ce,0.1639556884765625
1787394536.6993477,1080,1,Loss/l_total,0.1639556884765625
1787394536.6993742,1080,1,LR,9.996052735444863e-05
1787394550.4303427,1100,1,Loss/l_ce,0.00650334358215332
1787394550.4305563,1100,1,Loss/l_total,0.00650334358215332
1787394550.430579,1100,1,LR,9.996052735444863e-05
1787394562.466734,1120,1,Loss/l_ce,0.10974264144897461
1787394562.46695,1120,1,Loss/l_total,0.10974264144897461
1787394562.4669712,1120,1,LR,9.996052735444863e-05
1787394575.1492095,1140,1,Loss/l_ce,0.15095806121826172
1787394575.1494532,1140,1,Loss/l_total,0.15095806121826172
1787394575.1494756,1140,1,LR,9.996052735444863e-05
1787394581.9715502,1160,1,Loss/l_ce,0.18651437759399414
1787394581.9717662,1160,1,Loss/l_total,0.18651437759399414
1787394581.971789,1160,1,LR,9.996052735444863e-05
1787394590.273654,1180,1,Loss/l_ce,0.15046358108520508
1787394590.2738714,1180,1,Loss/l_total,0.15046358108520508
1787394590.2738938,1180,1,LR,9.996052735444863e-05
1787394599.5868666,1200,1,Loss/l_ce,0.03668212890625
1787394599.5871065,1200,1,Loss/l_total,0.03668212890625
1787394599.5871327,1200,1,LR,9.996052735444863e-05
1787394614.3344839,1220,1,Loss/l_ce,0.04404163360595703
1787394614.3346393,1220,1,Loss/l_total,0.04404163360595703
1787394614.3346608,1220,1,LR,9.996052735444863e-05
1787394621.499523,1240,1,Loss/l_ce,0.10091233253479004
1787394621.4996986,1240,1,Loss/l_total,0.10091233253479004
1787394621.499727,1240,1,LR,9.996052735444863e-05
1787394633.1168299,1260,1,Loss/l_ce,0.052005767822265625
1787394633.1169975,1260,1,Loss/l_total,0.052005767822265625
1787394633.11702,1260,1,LR,9.996052735444863e-05
1787394646.5573814,1280,1,Loss/l_ce,0.09612226486206055
1787394646.55757,1280,1,Loss/l_total,0.09612226486206055
1787394646.5575998,1280,1,LR,9.996052735444863e-05
1787394655.988018,1300,1,Loss/l_ce,0.04736661911010742
1787394655.9882507,1300,1,Loss/l_total,0.04736661911010742
1787394655.9882812,1300,1,LR,9.996052735444863e-05
1787394669.1543958,1320,1,Loss/l_ce,0.06207680702209473
1787394669.1546404,1320,1,Loss/l_total,0.06207680702209473
1787394669.1546664,1320,1,LR,9.996052735444863e-05
1787394677.5653806,1340,1,Loss/l_ce,0.11280035972595215
1787394677.565606,1340,1,Loss/l_total,0.11280035972595215
1787394677.5656276,1340,1,LR,9.996052735444863e-05
1787394690.8542802,1360,1,Loss/l_ce,0.10338759422302246
1787394690.8544676,1360,1,Loss/l_total,0.10338759422302246
1787394690.8544843,1360,1,LR,9.996052735444863e-05
1787394701.6856265,1380,1,Loss/l_ce,0.14199328422546387
1787394701.6857998,1380,1,Loss/l_total,0.14199328422546387
1787394701.6858249,1380,1,LR,9.996052735444863e-05
1787394712.5408018,1400,1,Loss/l_ce,0.10405325889587402
1787394712.5410726,1400,1,Loss/l_total,0.10405325889587402
1787394712.5410998,1400,1,LR,9.996052735444863e-05
1787394723.14844,1420,1,Loss/l_ce,0.17634987831115723
1787394723.1486263,1420,1,Loss/l_total,0.17634987831115723
1787394723.148649,1420,1,LR,9.996052735444863e-05
1787394730.234957,1440,1,Loss/l_ce,0.16326332092285156
1787394730.2352052,1440,1,Loss/l_total,0.16326332092285156
1787394730.2352302,1440,1,LR,9.996052735444863e-05
1787394740.5325456,1460,1,Loss/l_ce,0.17549681663513184
1787394740.532695,1460,1,Loss/l_total,0.17549681663513184
1787394740.5327175,1460,1,LR,9.996052735444863e-05
1787394748.6314085,1480,1,Loss/l_ce,0.1055457592010498
1787394748.631603,1480,1,Loss/l_total,0.1055457592010498
1787394748.6316268,1480,1,LR,9.996052735444863e-05
1787394759.8025105,1500,1,Loss/l_ce,0.07471728324890137
1787394759.8026745,1500,1,Loss/l_total,0.07471728324890137
1787394759.802697,1500,1,LR,9.996052735444863e-05
1787394770.0552392,1520,1,Loss/l_ce,0.05046510696411133
1787394770.055384,1520,1,Loss/l_total,0.05046510696411133
1787394770.0554075,1520,1,LR,9.996052735444863e-05
1787394780.43765,1540,1,Loss/l_ce,0.06420588493347168
1787394780.43786,1540,1,Loss/l_total,0.06420588493347168
1787394780.4378836,1540,1,LR,9.996052735444863e-05
1787394787.9325833,1560,1,Loss/l_ce,0.04996013641357422
1787394787.9327364,1560,1,Loss/l_total,0.04996013641357422
1787394787.9327579,1560,1,LR,9.996052735444863e-05
1787394798.4001312,1580,1,Loss/l_ce,0.0978384017944336
1787394798.4002893,1580,1,Loss/l_total,0.0978384017944336
1787394798.4003081,1580,1,LR,9.996052735444863e-05
1787394807.2792227,1600,1,Loss/l_ce,0.08949542045593262
1787394807.2794545,1600,1,Loss/l_total,0.08949542045593262
1787394807.2794745,1600,1,LR,9.996052735444863e-05
1787394819.7560167,1620,1,Loss/l_ce,0.13643813133239746
1787394819.7562206,1620,1,Loss/l_total,0.13643813133239746
1787394819.7562423,1620,1,LR,9.996052735444863e-05
1787394880.4368787,1624,1,Val/avg_error,0.11350257694721222
1787394880.4373095,1624,1,Val/acc,0.456005859375
1787394880.4373379,1624,1,Val/sparse_auc,0.6205793284406567
1787394880.4373856,1624,1,Val/sparse_pck_max,0.1
1787394880.437408,1624,1,Val/sparse_pck_n,100.0
1787394890.1851935,1640,2,Loss/l_ce,0.07153129577636719
1787394890.1854537,1640,2,Loss/l_total,0.07153129577636719
1787394890.1854749,1640,2,LR,9.98421786662277e-05
1787394902.0785227,1660,2,Loss/l_ce,0.04297137260437012
1787394902.078754,1660,2,Loss/l_total,0.04297137260437012
1787394902.0787766,1660,2,LR,9.98421786662277e-05
1787394912.3483121,1680,2,Loss/l_ce,0.020236492156982422
1787394912.3485126,1680,2,Loss/l_total,0.020236492156982422
1787394912.348534,1680,2,LR,9.98421786662277e-05
1787394926.795149,1700,2,Loss/l_ce,0.04224348068237305
1787394926.7953606,1700,2,Loss/l_total,0.04224348068237305
1787394926.7953794,1700,2,LR,9.98421786662277e-05
1787394941.2233205,1720,2,Loss/l_ce,0.10460925102233887
1787394941.2235415,1720,2,Loss/l_total,0.10460925102233887
1787394941.2235615,1720,2,LR,9.98421786662277e-05
1787394949.8957667,1740,2,Loss/l_ce,0.1479480266571045
1787394949.8960621,1740,2,Loss/l_total,0.1479480266571045
1787394949.8960874,1740,2,LR,9.98421786662277e-05
1787394963.295794,1760,2,Loss/l_ce,0.05775785446166992
1787394963.2960577,1760,2,Loss/l_total,0.05775785446166992
1787394963.2960813,1760,2,LR,9.98421786662277e-05
1787394974.136145,1780,2,Loss/l_ce,0.0911719799041748
1787394974.1364005,1780,2,Loss/l_total,0.0911719799041748
1787394974.1364264,1780,2,LR,9.98421786662277e-05
1787394982.0058947,1800,2,Loss/l_ce,0.0385737419128418
1787394982.0060728,1800,2,Loss/l_total,0.0385737419128418
1787394982.0060954,1800,2,LR,9.98421786662277e-05
1787394996.0084648,1820,2,Loss/l_ce,0.13550376892089844
1787394996.0086026,1820,2,Loss/l_total,0.13550376892089844
1787394996.0086238,1820,2,LR,9.98421786662277e-05
1787395009.736747,1840,2,Loss/l_ce,0.04123497009277344
1787395009.736956,1840,2,Loss/l_total,0.04123497009277344
1787395009.7369773,1840,2,LR,9.98421786662277e-05
1787395018.452681,1860,2,Loss/l_ce,0.04042649269104004
1787395018.4528992,1860,2,Loss/l_total,0.04042649269104004
1787395018.452923,1860,2,LR,9.98421786662277e-05
1787395025.213201,1880,2,Loss/l_ce,0.09849357604980469
1787395025.2133925,1880,2,Loss/l_total,0.09849357604980469
1787395025.213415,1880,2,LR,9.98421786662277e-05
1787395034.8418698,1900,2,Loss/l_ce,0.09826946258544922
1787395034.8420837,1900,2,Loss/l_total,0.09826946258544922
1787395034.8421087,1900,2,LR,9.98421786662277e-05
1787395042.7772255,1920,2,Loss/l_ce,0.07114648818969727
1787395042.7774475,1920,2,Loss/l_total,0.07114648818969727
1787395042.7774723,1920,2,LR,9.98421786662277e-05
1787395054.2076108,1940,2,Loss/l_ce,0.20497369766235352
1787395054.2077558,1940,2,Loss/l_total,0.20497369766235352
1787395054.2077782,1940,2,LR,9.98421786662277e-05
1787395065.5184095,1960,2,Loss/l_ce,0.04976010322570801
1787395065.518598,1960,2,Loss/l_total,0.04976010322570801
1787395065.5186243,1960,2,LR,9.98421786662277e-05
1787395077.9995303,1980,2,Loss/l_ce,0.1349344253540039
1787395077.9997985,1980,2,Loss/l_total,0.1349344253540039
1787395077.9998236,1980,2,LR,9.98421786662277e-05
1787395085.7363958,2000,2,Loss/l_ce,0.20257258415222168
1787395085.7366002,2000,2,Loss/l_total,0.20257258415222168
1787395085.7366238,2000,2,LR,9.98421786662277e-05
1787395100.2275455,2020,2,Loss/l_ce,0.08954668045043945
1787395100.2277806,2020,2,Loss/l_total,0.08954668045043945
1787395100.2278054,2020,2,LR,9.98421786662277e-05
1787395109.3344612,2040,2,Loss/l_ce,0.03783917427062988
1787395109.3346608,2040,2,Loss/l_total,0.03783917427062988
1787395109.3346822,2040,2,LR,9.98421786662277e-05
1787395119.8348007,2060,2,Loss/l_ce,0.046853065490722656
1787395119.8350642,2060,2,Loss/l_total,0.046853065490722656
1787395119.8350937,2060,2,LR,9.98421786662277e-05
1787395127.9610608,2080,2,Loss/l_ce,0.17067813873291016
1787395127.961258,2080,2,Loss/l_total,0.17067813873291016
1787395127.9612818,2080,2,LR,9.98421786662277e-05
1787395137.0563242,2100,2,Loss/l_ce,0.1576826572418213
1787395137.0564692,2100,2,Loss/l_total,0.1576826572418213
1787395137.0564895,2100,2,LR,9.98421786662277e-05
1787395148.96984,2120,2,Loss/l_ce,0.07648372650146484
1787395148.9700053,2120,2,Loss/l_total,0.07648372650146484
1787395148.970062,2120,2,LR,9.98421786662277e-05
1787395158.9253018,2140,2,Loss/l_ce,0.11731600761413574
1787395158.9254596,2140,2,Loss/l_total,0.11731600761413574
1787395158.9254823,2140,2,LR,9.98421786662277e-05
1787395173.575862,2160,2,Loss/l_ce,0.1594703197479248
1787395173.5760863,2160,2,Loss/l_total,0.1594703197479248
1787395173.576111,2160,2,LR,9.98421786662277e-05
1787395184.6803539,2180,2,Loss/l_ce,0.05022621154785156
1787395184.6805046,2180,2,Loss/l_total,0.05022621154785156
1787395184.6805308,2180,2,LR,9.98421786662277e-05
1787395193.4173138,2200,2,Loss/l_ce,0.10816812515258789
1787395193.41748,2200,2,Loss/l_total,0.10816812515258789
1787395193.4175024,2200,2,LR,9.98421786662277e-05
1787395205.6879237,2220,2,Loss/l_ce,0.05515432357788086
1787395205.688134,2220,2,Loss/l_total,0.05515432357788086
1787395205.6881578,2220,2,LR,9.98421786662277e-05
1787395219.6080759,2240,2,Loss/l_ce,0.05737876892089844
1787395219.6082275,2240,2,Loss/l_total,0.05737876892089844
1787395219.6082501,2240,2,LR,9.98421786662277e-05
1787395229.6363952,2260,2,Loss/l_ce,0.06983423233032227
1787395229.6366043,2260,2,Loss/l_total,0.06983423233032227
1787395229.6366305,2260,2,LR,9.98421786662277e-05
1787395243.8355734,2280,2,Loss/l_ce,0.15288519859313965
1787395243.83573,2280,2,Loss/l_total,0.15288519859313965
1787395243.8357518,2280,2,LR,9.98421786662277e-05
1787395254.4860814,2300,2,Loss/l_ce,0.04749131202697754
1787395254.4862628,2300,2,Loss/l_total,0.04749131202697754
1787395254.4862878,2300,2,LR,9.98421786662277e-05
1787395264.5913637,2320,2,Loss/l_ce,0.05465435981750488
1787395264.5915549,2320,2,Loss/l_total,0.05465435981750488
1787395264.5915868,2320,2,LR,9.98421786662277e-05
1787395274.7278385,2340,2,Loss/l_ce,0.05044913291931152
1787395274.728005,2340,2,Loss/l_total,0.05044913291931152
1787395274.7280262,2340,2,LR,9.98421786662277e-05
1787395287.5235949,2360,2,Loss/l_ce,0.0546574592590332
1787395287.523767,2360,2,Loss/l_total,0.0546574592590332
1787395287.5237873,2360,2,LR,9.98421786662277e-05
1787395297.2157419,2380,2,Loss/l_ce,0.014127016067504883
1787395297.215962,2380,2,Loss/l_total,0.014127016067504883
1787395297.2159927,2380,2,LR,9.98421786662277e-05
1787395305.5303438,2400,2,Loss/l_ce,0.04839468002319336
1787395305.530549,2400,2,Loss/l_total,0.04839468002319336
1787395305.5305715,2400,2,LR,9.98421786662277e-05
1787395311.8916097,2420,2,Loss/l_ce,0.03208732604980469
1787395311.8918104,2420,2,Loss/l_total,0.03208732604980469
1787395311.891834,2420,2,LR,9.98421786662277e-05
1787395363.1481507,2436,2,Val/avg_error,0.12857507169246674
1787395363.1484609,2436,2,Val/acc,0.3490234375
1787395363.148488,2436,2,Val/sparse_auc,0.5491331774779039
1787395363.149154,2436,2,Val/sparse_pck_max,0.1
1787395363.1491756,2436,2,Val/sparse_pck_n,100.0
1787395365.5039606,2440,3,Loss/l_ce,0.10545539855957031
1787395365.5041552,2440,3,Loss/l_total,0.10545539855957031
1787395365.504179,2440,3,LR,9.964516155915151e-05
1787395375.8987322,2460,3,Loss/l_ce,0.03969001770019531
1787395375.8989365,2460,3,Loss/l_total,0.03969001770019531
1787395375.8989592,2460,3,LR,9.964516155915151e-05
1787395383.3281262,2480,3,Loss/l_ce,0.15210986137390137
1787395383.3282616,2480,3,Loss/l_total,0.15210986137390137
1787395383.3282843,2480,3,LR,9.964516155915151e-05
1787395393.3989325,2500,3,Loss/l_ce,0.09983658790588379
1787395393.399157,2500,3,Loss/l_total,0.09983658790588379
1787395393.399181,2500,3,LR,9.964516155915151e-05
1787395406.1323636,2520,3,Loss/l_ce,0.013196468353271484
1787395406.1325014,2520,3,Loss/l_total,0.013196468353271484
1787395406.132525,2520,3,LR,9.964516155915151e-05
1787395413.1913116,2540,3,Loss/l_ce,0.040755271911621094
1787395413.1914697,2540,3,Loss/l_total,0.040755271911621094
1787395413.1914957,2540,3,LR,9.964516155915151e-05
1787395425.8811402,2560,3,Loss/l_ce,0.13766980171203613
1787395425.881318,2560,3,Loss/l_total,0.13766980171203613
1787395425.881342,2560,3,LR,9.964516155915151e-05
1787395435.1179197,2580,3,Loss/l_ce,0.1826462745666504
1787395435.1181395,2580,3,Loss/l_total,0.1826462745666504
1787395435.118163,2580,3,LR,9.964516155915151e-05
1787395449.1938353,2600,3,Loss/l_ce,0.031281232833862305
1787395449.1939847,2600,3,Loss/l_total,0.031281232833862305
1787395449.1940076,2600,3,LR,9.964516155915151e-05
1787395458.1933534,2620,3,Loss/l_ce,0.04502725601196289
1787395458.1935246,2620,3,Loss/l_total,0.04502725601196289
1787395458.1935494,2620,3,LR,9.964516155915151e-05
1787395463.4577358,2640,3,Loss/l_ce,0.04029440879821777
1787395463.457882,2640,3,Loss/l_total,0.04029440879821777
1787395463.4579043,2640,3,LR,9.964516155915151e-05
1787395471.1794462,2660,3,Loss/l_ce,0.026897192001342773
1787395471.179616,2660,3,Loss/l_total,0.026897192001342773
1787395471.1796386,2660,3,LR,9.964516155915151e-05
1787395484.3481836,2680,3,Loss/l_ce,0.061673879623413086
1787395484.3483856,2680,3,Loss/l_total,0.061673879623413086
1787395484.3484068,2680,3,LR,9.964516155915151e-05
1787395498.1959422,2700,3,Loss/l_ce,0.10669946670532227
1787395498.1961405,2700,3,Loss/l_total,0.10669946670532227
1787395498.1961632,2700,3,LR,9.964516155915151e-05
1787395507.6654005,2720,3,Loss/l_ce,0.07825422286987305
1787395507.6655571,2720,3,Loss/l_total,0.07825422286987305
1787395507.6655798,2720,3,LR,9.964516155915151e-05
1787395515.9879203,2740,3,Loss/l_ce,0.21419310569763184
1787395515.9881365,2740,3,Loss/l_total,0.21419310569763184
1787395515.9881604,2740,3,LR,9.964516155915151e-05
1787395523.7874472,2760,3,Loss/l_ce,0.0643465518951416
1787395523.7876291,2760,3,Loss/l_total,0.0643465518951416
1787395523.787653,2760,3,LR,9.964516155915151e-05
1787395536.2911344,2780,3,Loss/l_ce,0.12461304664611816
1787395536.2913527,2780,3,Loss/l_total,0.12461304664611816
1787395536.291373,2780,3,LR,9.964516155915151e-05
1787395547.9356587,2800,3,Loss/l_ce,0.04396176338195801
1787395547.935799,2800,3,Loss/l_total,0.04396176338195801
1787395547.9358213,2800,3,LR,9.964516155915151e-05
1787395558.9808354,2820,3,Loss/l_ce,0.1980142593383789
1787395558.9809873,2820,3,Loss/l_total,0.1980142593383789
1787395558.98101,2820,3,LR,9.964516155915151e-05
1787395570.7266138,2840,3,Loss/l_ce,0.13479399681091309
1787395570.7267778,2840,3,Loss/l_total,0.13479399681091309
1787395570.7267978,2840,3,LR,9.964516155915151e-05
1787395579.4217162,2860,3,Loss/l_ce,0.03806591033935547
1787395579.4218967,2860,3,Loss/l_total,0.03806591033935547
1787395579.4219215,2860,3,LR,9.964516155915151e-05
1787395592.987926,2880,3,Loss/l_ce,0.06789016723632812
1787395592.9880817,2880,3,Loss/l_total,0.06789016723632812
1787395592.988104,2880,3,LR,9.964516155915151e-05
1787395600.2799141,2900,3,Loss/l_ce,0.044296979904174805
1787395600.2800996,2900,3,Loss/l_total,0.044296979904174805
1787395600.280128,2900,3,LR,9.964516155915151e-05
1787395612.6107051,2920,3,Loss/l_ce,0.036359310150146484
1787395612.6108441,2920,3,Loss/l_total,0.036359310150146484
1787395612.6108632,2920,3,LR,9.964516155915151e-05
1787395622.5891488,2940,3,Loss/l_ce,0.034755706787109375
1787395622.5893197,2940,3,Loss/l_total,0.034755706787109375
1787395622.5893412,2940,3,LR,9.964516155915151e-05
1787395637.4708714,2960,3,Loss/l_ce,0.04318070411682129
1787395637.4711862,2960,3,Loss/l_total,0.04318070411682129
1787395637.47121,2960,3,LR,9.964516155915151e-05
1787395644.8869324,2980,3,Loss/l_ce,0.07499527931213379
1787395644.887139,2980,3,Loss/l_total,0.07499527931213379
1787395644.887165,2980,3,LR,9.964516155915151e-05
1787395654.0389931,3000,3,Loss/l_ce,0.057929039001464844
1787395654.039215,3000,3,Loss/l_total,0.057929039001464844
1787395654.0392401,3000,3,LR,9.964516155915151e-05
1787395667.8798249,3020,3,Loss/l_ce,0.03430628776550293
1787395667.8800185,3020,3,Loss/l_total,0.03430628776550293
1787395667.8800588,3020,3,LR,9.964516155915151e-05
1787395680.80989,3040,3,Loss/l_ce,0.12217140197753906
1787395680.8101003,3040,3,Loss/l_total,0.12217140197753906
1787395680.8101227,3040,3,LR,9.964516155915151e-05
1787395692.8971248,3060,3,Loss/l_ce,0.11202645301818848
1787395692.8973184,3060,3,Loss/l_total,0.11202645301818848
1787395692.897341,3060,3,LR,9.964516155915151e-05
1787395701.8073554,3080,3,Loss/l_ce,0.0332646369934082
1787395701.8075764,3080,3,Loss/l_total,0.0332646369934082
1787395701.8075964,3080,3,LR,9.964516155915151e-05
1787395712.4817452,3100,3,Loss/l_ce,0.11267328262329102
1787395712.4819112,3100,3,Loss/l_total,0.11267328262329102
1787395712.481941,3100,3,LR,9.964516155915151e-05
1787395722.6464,3120,3,Loss/l_ce,0.041205406188964844
1787395722.6465664,3120,3,Loss/l_total,0.041205406188964844
1787395722.64659,3120,3,LR,9.964516155915151e-05
1787395732.846127,3140,3,Loss/l_ce,0.06319355964660645
1787395732.846309,3140,3,Loss/l_total,0.06319355964660645
1787395732.846335,3140,3,LR,9.964516155915151e-05
1787395749.4815114,3160,3,Loss/l_ce,0.025186538696289062
1787395749.4816918,3160,3,Loss/l_total,0.025186538696289062
1787395749.4817145,3160,3,LR,9.964516155915151e-05
1787395760.6865427,3180,3,Loss/l_ce,0.035776615142822266
1787395760.6867483,3180,3,Loss/l_total,0.035776615142822266
1787395760.686773,3180,3,LR,9.964516155915151e-05
1787395770.694631,3200,3,Loss/l_ce,0.09243345260620117
1787395770.6948414,3200,3,Loss/l_total,0.09243345260620117
1787395770.6948628,3200,3,LR,9.964516155915151e-05
1787395780.9549954,3220,3,Loss/l_ce,0.14926934242248535
1787395780.955203,3220,3,Loss/l_total,0.14926934242248535
1787395780.9552245,3220,3,LR,9.964516155915151e-05
1787395792.8689578,3240,3,Loss/l_ce,0.11441159248352051
1787395792.86913,3240,3,Loss/l_total,0.11441159248352051
1787395792.869151,3240,3,LR,9.964516155915151e-05
1787395852.3037794,3248,3,Val/avg_error,0.11231199651956558
1787395852.3041463,3248,3,Val/acc,0.451123046875
1787395852.3041759,3248,3,Val/sparse_auc,0.6192257043087122
1787395852.3041937,3248,3,Val/sparse_pck_max,0.1
1787395852.3044455,3248,3,Val/sparse_pck_n,100.0
1787395860.2898827,3260,4,Loss/l_ce,0.07865595817565918
1787395860.290125,3260,4,Loss/l_total,0.07865595817565918
1787395860.2901497,3260,4,LR,9.936982166817273e-05
1787395867.4662178,3280,4,Loss/l_ce,0.06370353698730469
1787395867.4664514,3280,4,Loss/l_total,0.06370353698730469
1787395867.4664764,3280,4,LR,9.936982166817273e-05
1787395881.069623,3300,4,Loss/l_ce,0.04084205627441406
1787395881.0698202,3300,4,Loss/l_total,0.04084205627441406
1787395881.0698404,3300,4,LR,9.936982166817273e-05
1787395887.7784548,3320,4,Loss/l_ce,0.08300399780273438
1787395887.778647,3320,4,Loss/l_total,0.08300399780273438
1787395887.7786696,3320,4,LR,9.936982166817273e-05
1787395895.4447114,3340,4,Loss/l_ce,0.058712005615234375
1787395895.4449072,3340,4,Loss/l_total,0.058712005615234375
1787395895.4449284,3340,4,LR,9.936982166817273e-05
1787395909.9124887,3360,4,Loss/l_ce,0.03790450096130371
1787395909.912687,3360,4,Loss/l_total,0.03790450096130371
1787395909.9127097,3360,4,LR,9.936982166817273e-05
1787395924.7373917,3380,4,Loss/l_ce,0.18976378440856934
1787395924.7375805,3380,4,Loss/l_total,0.18976378440856934
1787395924.7376044,3380,4,LR,9.936982166817273e-05
1787395938.2415519,3400,4,Loss/l_ce,0.0457606315612793
1787395938.2417097,3400,4,Loss/l_total,0.0457606315612793
1787395938.2417288,3400,4,LR,9.936982166817273e-05
1787395948.942742,3420,4,Loss/l_ce,0.15005874633789062
1787395948.942963,3420,4,Loss/l_total,0.15005874633789062
1787395948.9429867,3420,4,LR,9.936982166817273e-05
1787395959.3499186,3440,4,Loss/l_ce,0.10540056228637695
1787395959.3501644,3440,4,Loss/l_total,0.10540056228637695
1787395959.3501928,3440,4,LR,9.936982166817273e-05
1787395966.7192318,3460,4,Loss/l_ce,0.10674071311950684
1787395966.7193944,3460,4,Loss/l_total,0.10674071311950684
1787395966.719418,3460,4,LR,9.936982166817273e-05
1787395978.4140842,3480,4,Loss/l_ce,0.028986215591430664
1787395978.41428,3480,4,Loss/l_total,0.028986215591430664
1787395978.4143038,3480,4,LR,9.936982166817273e-05
1787395988.1931226,3500,4,Loss/l_ce,0.04031705856323242
1787395988.1933246,3500,4,Loss/l_total,0.04031705856323242
1787395988.1933506,3500,4,LR,9.936982166817273e-05
1787395997.9140985,3520,4,Loss/l_ce,0.03396248817443848
1787395997.9142563,3520,4,Loss/l_total,0.03396248817443848
1787395997.9142764,3520,4,LR,9.936982166817273e-05
1787396007.0512266,3540,4,Loss/l_ce,0.10168600082397461
1787396007.0514429,3540,4,Loss/l_total,0.10168600082397461
1787396007.0514655,3540,4,LR,9.936982166817273e-05
1787396019.1753,3560,4,Loss/l_ce,0.09342694282531738
1787396019.1755185,3560,4,Loss/l_total,0.09342694282531738
1787396019.1755424,3560,4,LR,9.936982166817273e-05
1787396032.3525302,3580,4,Loss/l_ce,0.05140566825866699
1787396032.3527284,3580,4,Loss/l_total,0.05140566825866699
1787396032.3527508,3580,4,LR,9.936982166817273e-05
1787396043.6632304,3600,4,Loss/l_ce,0.02373671531677246
1787396043.6633692,3600,4,Loss/l_total,0.02373671531677246
1787396043.6633894,3600,4,LR,9.936982166817273e-05
1787396053.281675,3620,4,Loss/l_ce,0.059181928634643555
1787396053.2818816,3620,4,Loss/l_total,0.059181928634643555
1787396053.2819042,3620,4,LR,9.936982166817273e-05
1787396066.6438088,3640,4,Loss/l_ce,0.05109548568725586
1787396066.6439798,3640,4,Loss/l_total,0.05109548568725586
1787396066.644001,3640,4,LR,9.936982166817273e-05
1787396077.1296296,3660,4,Loss/l_ce,0.15778827667236328
1787396077.129796,3660,4,Loss/l_total,0.15778827667236328
1787396077.1298172,3660,4,LR,9.936982166817273e-05
1787396087.005211,3680,4,Loss/l_ce,0.054425954818725586
1787396087.0053525,3680,4,Loss/l_total,0.054425954818725586
1787396087.0053763,3680,4,LR,9.936982166817273e-05
1787396099.942768,3700,4,Loss/l_ce,0.033440589904785156
1787396099.94292,3700,4,Loss/l_total,0.033440589904785156
1787396099.9429424,3700,4,LR,9.936982166817273e-05
1787396111.0722604,3720,4,Loss/l_ce,0.052008628845214844
1787396111.072416,3720,4,Loss/l_total,0.052008628845214844
1787396111.0724373,3720,4,LR,9.936982166817273e-05
1787396116.94468,3740,4,Loss/l_ce,0.10588240623474121
1787396116.9448898,3740,4,Loss/l_total,0.10588240623474121
1787396116.9449127,3740,4,LR,9.936982166817273e-05
1787396124.9106727,3760,4,Loss/l_ce,0.06064128875732422
1787396124.9108746,3760,4,Loss/l_total,0.06064128875732422
1787396124.9108982,3760,4,LR,9.936982166817273e-05
1787396135.253812,3780,4,Loss/l_ce,0.06884527206420898
1787396135.2540054,3780,4,Loss/l_total,0.06884527206420898
1787396135.2540493,3780,4,LR,9.936982166817273e-05
1787396149.259446,3800,4,Loss/l_ce,0.0615839958190918
1787396149.259649,3800,4,Loss/l_total,0.0615839958190918
1787396149.2596726,3800,4,LR,9.936982166817273e-05
1787396159.99972,3820,4,Loss/l_ce,0.07243204116821289
1787396159.9999292,3820,4,Loss/l_total,0.07243204116821289
1787396159.9999528,3820,4,LR,9.936982166817273e-05
1787396172.3694358,3840,4,Loss/l_ce,0.17827534675598145
1787396172.369602,3840,4,Loss/l_total,0.17827534675598145
1787396172.3696246,3840,4,LR,9.936982166817273e-05
1787396181.1611316,3860,4,Loss/l_ce,0.03769683837890625
1787396181.1613193,3860,4,Loss/l_total,0.03769683837890625
1787396181.1613426,3860,4,LR,9.936982166817273e-05
1787396189.746262,3880,4,Loss/l_ce,0.07314658164978027
1787396189.7464578,3880,4,Loss/l_total,0.07314658164978027
1787396189.7464757,3880,4,LR,9.936982166817273e-05
1787396200.2182484,3900,4,Loss/l_ce,0.03743100166320801
1787396200.2185311,3900,4,Loss/l_total,0.03743100166320801
1787396200.2185585,3900,4,LR,9.936982166817273e-05
1787396209.839462,3920,4,Loss/l_ce,0.17500567436218262
1787396209.8397233,3920,4,Loss/l_total,0.17500567436218262
1787396209.8397458,3920,4,LR,9.936982166817273e-05
1787396219.7247365,3940,4,Loss/l_ce,0.1340491771697998
1787396219.7249787,3940,4,Loss/l_total,0.1340491771697998
1787396219.7250037,3940,4,LR,9.936982166817273e-05
1787396231.3108542,3960,4,Loss/l_ce,0.08068633079528809
1787396231.3110855,3960,4,Loss/l_total,0.08068633079528809
1787396231.3111093,3960,4,LR,9.936982166817273e-05
1787396240.8807318,3980,4,Loss/l_ce,0.03449892997741699
1787396240.8809264,3980,4,Loss/l_total,0.03449892997741699
1787396240.880948,3980,4,LR,9.936982166817273e-05
1787396249.195574,4000,4,Loss/l_ce,0.14311003684997559
1787396249.1957817,4000,4,Loss/l_total,0.14311003684997559
1787396249.1958032,4000,4,LR,9.936982166817273e-05
1787396262.1216393,4020,4,Loss/l_ce,0.19541573524475098
1787396262.1218634,4020,4,Loss/l_total,0.19541573524475098
1787396262.1218863,4020,4,LR,9.936982166817273e-05
1787396273.6588244,4040,4,Loss/l_ce,0.04598736763000488
1787396273.6589801,4040,4,Loss/l_total,0.04598736763000488
1787396273.6590014,4040,4,LR,9.936982166817273e-05
1787396280.2193422,4060,4,Loss/l_ce,0.11404657363891602
1787396280.2195048,4060,4,Loss/l_total,0.11404657363891602
1787396280.2195287,4060,4,LR,9.936982166817273e-05
1787396338.0050569,4060,4,Val/avg_error,0.1049378514289856
1787396338.0053546,4060,4,Val/acc,0.46484375
1787396338.0053797,4060,4,Val/sparse_auc,0.6304968631628788
1787396338.0053976,4060,4,Val/sparse_pck_max,0.1
1787396338.0054128,4060,4,Val/sparse_pck_n,100.0
1787396348.6659126,4080,5,Loss/l_ce,0.07479405403137207
1787396348.666227,4080,5,Loss/l_total,0.07479405403137207
1787396348.6662524,4080,5,LR,9.901664203302126e-05
1787396359.0871017,4100,5,Loss/l_ce,0.16127347946166992
1787396359.0873759,4100,5,Loss/l_total,0.16127347946166992
1787396359.0873983,4100,5,LR,9.901664203302126e-05
1787396370.2232857,4120,5,Loss/l_ce,0.02537250518798828
1787396370.2235765,4120,5,Loss/l_total,0.02537250518798828
1787396370.2238677,4120,5,LR,9.901664203302126e-05
1787396382.5348325,4140,5,Loss/l_ce,0.04308271408081055
1787396382.5350971,4140,5,Loss/l_total,0.04308271408081055
1787396382.5351222,4140,5,LR,9.901664203302126e-05
1787396391.5393043,4160,5,Loss/l_ce,0.024263620376586914
1787396391.5395107,4160,5,Loss/l_total,0.024263620376586914
1787396391.5395346,4160,5,LR,9.901664203302126e-05
1787396399.5958734,4180,5,Loss/l_ce,0.05771923065185547
1787396399.5961275,4180,5,Loss/l_total,0.05771923065185547
1787396399.596156,4180,5,LR,9.901664203302126e-05
1787396409.7231793,4200,5,Loss/l_ce,0.040810585021972656
1787396409.723367,4200,5,Loss/l_total,0.040810585021972656
1787396409.7233942,4200,5,LR,9.901664203302126e-05
1787396420.2050061,4220,5,Loss/l_ce,0.06678986549377441
1787396420.205246,4220,5,Loss/l_total,0.06678986549377441
1787396420.2052708,4220,5,LR,9.901664203302126e-05
1787396428.7648985,4240,5,Loss/l_ce,0.08171319961547852
1787396428.765071,4240,5,Loss/l_total,0.08171319961547852
1787396428.765097,4240,5,LR,9.901664203302126e-05
1787396440.5713308,4260,5,Loss/l_ce,0.12340593338012695
1787396440.571534,4260,5,Loss/l_total,0.12340593338012695
1787396440.5715554,4260,5,LR,9.901664203302126e-05
1787396450.9124317,4280,5,Loss/l_ce,0.049910545349121094
1787396450.9126072,4280,5,Loss/l_total,0.049910545349121094
1787396450.912631,4280,5,LR,9.901664203302126e-05
1787396459.5482109,4300,5,Loss/l_ce,0.03642010688781738
1787396459.5484045,4300,5,Loss/l_total,0.03642010688781738
1787396459.548427,4300,5,LR,9.901664203302126e-05
1787396469.2603893,4320,5,Loss/l_ce,0.12592077255249023
1787396469.2606018,4320,5,Loss/l_total,0.12592077255249023
1787396469.2606304,4320,5,LR,9.901664203302126e-05
1787396479.4455938,4340,5,Loss/l_ce,0.13051652908325195
1787396479.4457955,4340,5,Loss/l_total,0.13051652908325195
1787396479.4458158,4340,5,LR,9.901664203302126e-05
1787396487.825698,4360,5,Loss/l_ce,0.05202221870422363
1787396487.825845,4360,5,Loss/l_total,0.05202221870422363
1787396487.8258688,4360,5,LR,9.901664203302126e-05
1787396501.7768948,4380,5,Loss/l_ce,0.04018545150756836
1787396501.7771156,4380,5,Loss/l_total,0.04018545150756836
1787396501.7771382,4380,5,LR,9.901664203302126e-05
1787396512.6775048,4400,5,Loss/l_ce,0.15376496315002441
1787396512.677716,4400,5,Loss/l_total,0.15376496315002441
1787396512.6777399,4400,5,LR,9.901664203302126e-05
1787396523.2972808,4420,5,Loss/l_ce,0.0330810546875
1787396523.2974553,4420,5,Loss/l_total,0.0330810546875
1787396523.297478,4420,5,LR,9.901664203302126e-05
1787396532.9899628,4440,5,Loss/l_ce,0.03542065620422363
1787396532.9901195,4440,5,Loss/l_total,0.03542065620422363
1787396532.9901397,4440,5,LR,9.901664203302126e-05
1787396543.041523,4460,5,Loss/l_ce,0.1602158546447754
1787396543.0417414,4460,5,Loss/l_total,0.1602158546447754
1787396543.0417628,4460,5,LR,9.901664203302126e-05
1787396553.2818491,4480,5,Loss/l_ce,0.12517881393432617
1787396553.282027,4480,5,Loss/l_total,0.12517881393432617
1787396553.282071,4480,5,LR,9.901664203302126e-05
1787396562.3657181,4500,5,Loss/l_ce,0.11990976333618164
1787396562.3659139,4500,5,Loss/l_total,0.11990976333618164
1787396562.365935,4500,5,LR,9.901664203302126e-05
1787396568.5046482,4520,5,Loss/l_ce,0.04224872589111328
1787396568.5048692,4520,5,Loss/l_total,0.04224872589111328
1787396568.5048916,4520,5,LR,9.901664203302126e-05
1787396576.0912344,4540,5,Loss/l_ce,0.08946084976196289
1787396576.0913818,4540,5,Loss/l_total,0.08946084976196289
1787396576.091403,4540,5,LR,9.901664203302126e-05
1787396585.9051754,4560,5,Loss/l_ce,0.026980161666870117
1787396585.9053168,4560,5,Loss/l_total,0.026980161666870117
1787396585.9053383,4560,5,LR,9.901664203302126e-05
1787396593.119373,4580,5,Loss/l_ce,0.1282811164855957
1787396593.1195688,4580,5,Loss/l_total,0.1282811164855957
1787396593.1195915,4580,5,LR,9.901664203302126e-05
1787396600.7771838,4600,5,Loss/l_ce,0.057739973068237305
1787396600.7773795,4600,5,Loss/l_total,0.057739973068237305
1787396600.7773998,4600,5,LR,9.901664203302126e-05
1787396610.9326258,4620,5,Loss/l_ce,0.07361769676208496
1787396610.932767,4620,5,Loss/l_total,0.07361769676208496
1787396610.932786,4620,5,LR,9.901664203302126e-05
1787396620.6318226,4640,5,Loss/l_ce,0.033036231994628906
1787396620.6319757,4640,5,Loss/l_total,0.033036231994628906
1787396620.6319983,4640,5,LR,9.901664203302126e-05
1787396631.903968,4660,5,Loss/l_ce,0.04552197456359863
1787396631.904164,4660,5,Loss/l_total,0.04552197456359863
1787396631.9041867,4660,5,LR,9.901664203302126e-05
1787396642.7713795,4680,5,Loss/l_ce,0.04378104209899902
1787396642.77156,4680,5,Loss/l_total,0.04378104209899902
1787396642.771586,4680,5,LR,9.901664203302126e-05
1787396654.5387285,4700,5,Loss/l_ce,0.07377481460571289
1787396654.5389614,4700,5,Loss/l_total,0.07377481460571289
1787396654.5389826,4700,5,LR,9.901664203302126e-05
1787396666.1736856,4720,5,Loss/l_ce,0.12037253379821777
1787396666.1738377,4720,5,Loss/l_total,0.12037253379821777
1787396666.17386,4720,5,LR,9.901664203302126e-05
1787396673.025225,4740,5,Loss/l_ce,0.09438371658325195
1787396673.0253935,4740,5,Loss/l_total,0.09438371658325195
1787396673.025416,4740,5,LR,9.901664203302126e-05
1787396683.9007354,4760,5,Loss/l_ce,0.11439156532287598
1787396683.9008875,4760,5,Loss/l_total,0.11439156532287598
1787396683.9009078,4760,5,LR,9.901664203302126e-05
1787396690.6212091,4780,5,Loss/l_ce,0.03774666786193848
1787396690.621354,4780,5,Loss/l_total,0.03774666786193848
1787396690.6213765,4780,5,LR,9.901664203302126e-05
1787396698.626535,4800,5,Loss/l_ce,0.13894081115722656
1787396698.6266952,4800,5,Loss/l_total,0.13894081115722656
1787396698.6267164,4800,5,LR,9.901664203302126e-05
1787396709.9450552,4820,5,Loss/l_ce,0.03511643409729004
1787396709.9452941,4820,5,Loss/l_total,0.03511643409729004
1787396709.9453154,4820,5,LR,9.901664203302126e-05
1787396721.031996,4840,5,Loss/l_ce,0.05846858024597168
1787396721.0322855,4840,5,Loss/l_total,0.05846858024597168
1787396721.0323153,4840,5,LR,9.901664203302126e-05
1787396734.2826755,4860,5,Loss/l_ce,0.04076671600341797
1787396734.2828324,4860,5,Loss/l_total,0.04076671600341797
1787396734.282856,4860,5,LR,9.901664203302126e-05
1787396786.2966952,4872,5,Val/avg_error,0.11467146873474121
1787396786.2969494,4872,5,Val/acc,0.428271484375
1787396786.296973,4872,5,Val/sparse_auc,0.6048455748895201
1787396786.2969909,4872,5,Val/sparse_pck_max,0.1
1787396786.2970076,4872,5,Val/sparse_pck_n,100.0
1787396789.8425395,4880,6,Loss/l_ce,0.04538321495056152
1787396789.8427875,4880,6,Loss/l_total,0.04538321495056152
1787396789.8428128,4880,6,LR,9.858624225078841e-05
1787396797.2702315,4900,6,Loss/l_ce,0.03923368453979492
1787396797.2703848,4900,6,Loss/l_total,0.03923368453979492
1787396797.2704074,4900,6,LR,9.858624225078841e-05
1787396805.7857738,4920,6,Loss/l_ce,0.10615801811218262
1787396805.7860017,4920,6,Loss/l_total,0.10615801811218262
1787396805.7860267,4920,6,LR,9.858624225078841e-05
1787396815.6398685,4940,6,Loss/l_ce,0.07123804092407227
1787396815.6401117,4940,6,Loss/l_total,0.07123804092407227
1787396815.6401355,4940,6,LR,9.858624225078841e-05
1787396824.105184,4960,6,Loss/l_ce,0.07522225379943848
1787396824.105342,4960,6,Loss/l_total,0.07522225379943848
1787396824.1053646,4960,6,LR,9.858624225078841e-05
1787396834.5343232,4980,6,Loss/l_ce,0.1262645721435547
1787396834.5344727,4980,6,Loss/l_total,0.1262645721435547
1787396834.534495,4980,6,LR,9.858624225078841e-05
1787396841.9156213,5000,6,Loss/l_ce,0.038822174072265625
1787396841.9157686,5000,6,Loss/l_total,0.038822174072265625
1787396841.915791,5000,6,LR,9.858624225078841e-05
1787396849.0564659,5020,6,Loss/l_ce,0.0377497673034668
1787396849.0566118,5020,6,Loss/l_total,0.0377497673034668
1787396849.0566332,5020,6,LR,9.858624225078841e-05
1787396856.5975041,5040,6,Loss/l_ce,0.05070781707763672
1787396856.5976524,5040,6,Loss/l_total,0.05070781707763672
1787396856.597675,5040,6,LR,9.858624225078841e-05
1787396861.46158,5060,6,Loss/l_ce,0.02982044219970703
1787396861.461751,5060,6,Loss/l_total,0.02982044219970703
1787396861.4617736,5060,6,LR,9.858624225078841e-05
1787396870.984346,5080,6,Loss/l_ce,0.03331279754638672
1787396870.9845097,5080,6,Loss/l_total,0.03331279754638672
1787396870.9845335,5080,6,LR,9.858624225078841e-05
1787396877.9869723,5100,6,Loss/l_ce,0.025315523147583008
1787396877.9871728,5100,6,Loss/l_total,0.025315523147583008
1787396877.987199,5100,6,LR,9.858624225078841e-05
1787396883.4605968,5120,6,Loss/l_ce,0.08640456199645996
1787396883.4607677,5120,6,Loss/l_total,0.08640456199645996
1787396883.460794,5120,6,LR,9.858624225078841e-05
1787396891.0539935,5140,6,Loss/l_ce,0.0536341667175293
1787396891.0541716,5140,6,Loss/l_total,0.0536341667175293
1787396891.0541952,5140,6,LR,9.858624225078841e-05
1787396900.202224,5160,6,Loss/l_ce,0.10224342346191406
1787396900.2024033,5160,6,Loss/l_total,0.10224342346191406
1787396900.2024236,5160,6,LR,9.858624225078841e-05
1787396913.3630035,5180,6,Loss/l_ce,0.022621631622314453
1787396913.3631792,5180,6,Loss/l_total,0.022621631622314453
1787396913.3632019,5180,6,LR,9.858624225078841e-05
1787396921.4028604,5200,6,Loss/l_ce,0.030724048614501953
1787396921.4030206,5200,6,Loss/l_total,0.030724048614501953
1787396921.4030669,5200,6,LR,9.858624225078841e-05
1787396929.7182934,5220,6,Loss/l_ce,0.04080033302307129
1787396929.7184465,5220,6,Loss/l_total,0.04080033302307129
1787396929.7184694,5220,6,LR,9.858624225078841e-05
1787396940.4365103,5240,6,Loss/l_ce,0.12284708023071289
1787396940.4366574,5240,6,Loss/l_total,0.12284708023071289
1787396940.4366798,5240,6,LR,9.858624225078841e-05
1787396949.0086415,5260,6,Loss/l_ce,0.0673525333404541
1787396949.0087996,5260,6,Loss/l_total,0.0673525333404541
1787396949.0088232,5260,6,LR,9.858624225078841e-05
1787396956.4725323,5280,6,Loss/l_ce,0.12662410736083984
1787396956.4726892,5280,6,Loss/l_total,0.12662410736083984
1787396956.4727104,5280,6,LR,9.858624225078841e-05
1787396965.6203685,5300,6,Loss/l_ce,0.05698060989379883
1787396965.6205502,5300,6,Loss/l_total,0.05698060989379883
1787396965.6205726,5300,6,LR,9.858624225078841e-05
1787396974.040616,5320,6,Loss/l_ce,0.1742844581604004
1787396974.0407975,5320,6,Loss/l_total,0.1742844581604004
1787396974.0408177,5320,6,LR,9.858624225078841e-05
1787396985.7709908,5340,6,Loss/l_ce,0.10434436798095703
1787396985.7712352,5340,6,Loss/l_total,0.10434436798095703
1787396985.7712603,5340,6,LR,9.858624225078841e-05
1787396994.8947341,5360,6,Loss/l_ce,0.07661294937133789
1787396994.8948848,5360,6,Loss/l_total,0.07661294937133789
1787396994.8949075,5360,6,LR,9.858624225078841e-05
1787397003.2701182,5380,6,Loss/l_ce,0.026486635208129883
1787397003.2703521,5380,6,Loss/l_total,0.026486635208129883
1787397003.270377,5380,6,LR,9.858624225078841e-05
1787397008.7879465,5400,6,Loss/l_ce,0.025018930435180664
1787397008.7881472,5400,6,Loss/l_total,0.025018930435180664
1787397008.7881732,5400,6,LR,9.858624225078841e-05
1787397015.4241774,5420,6,Loss/l_ce,0.12279820442199707
1787397015.4243305,5420,6,Loss/l_total,0.12279820442199707
1787397015.4243543,5420,6,LR,9.858624225078841e-05
1787397020.6819332,5440,6,Loss/l_ce,0.03064870834350586
1787397020.6821027,5440,6,Loss/l_total,0.03064870834350586
1787397020.6821263,5440,6,LR,9.858624225078841e-05
1787397026.8156974,5460,6,Loss/l_ce,0.1108999252319336
1787397026.8158576,5460,6,Loss/l_total,0.1108999252319336
1787397026.8158815,5460,6,LR,9.858624225078841e-05
1787397036.3961911,5480,6,Loss/l_ce,0.10327506065368652
1787397036.3963335,5480,6,Loss/l_total,0.10327506065368652
1787397036.3963552,5480,6,LR,9.858624225078841e-05
1787397042.438979,5500,6,Loss/l_ce,0.10932683944702148
1787397042.4391403,5500,6,Loss/l_total,0.10932683944702148
1787397042.4391642,5500,6,LR,9.858624225078841e-05
1787397049.8332417,5520,6,Loss/l_ce,0.14432930946350098
1787397049.8334172,5520,6,Loss/l_total,0.14432930946350098
1787397049.8334398,5520,6,LR,9.858624225078841e-05
1787397056.956412,5540,6,Loss/l_ce,0.05562758445739746
1787397056.9565597,5540,6,Loss/l_total,0.05562758445739746
1787397056.956582,5540,6,LR,9.858624225078841e-05
1787397063.5438166,5560,6,Loss/l_ce,0.030928611755371094
1787397063.5439556,5560,6,Loss/l_total,0.030928611755371094
1787397063.5439792,5560,6,LR,9.858624225078841e-05
1787397074.8729758,5580,6,Loss/l_ce,0.03186154365539551
1787397074.8731387,5580,6,Loss/l_total,0.03186154365539551
1787397074.8731635,5580,6,LR,9.858624225078841e-05
1787397082.5278833,5600,6,Loss/l_ce,0.027118921279907227
1787397082.5280638,5600,6,Loss/l_total,0.027118921279907227
1787397082.5280888,5600,6,LR,9.858624225078841e-05
1787397093.8670754,5620,6,Loss/l_ce,0.029323816299438477
1787397093.867257,5620,6,Loss/l_total,0.029323816299438477
1787397093.867281,5620,6,LR,9.858624225078841e-05
1787397104.3524585,5640,6,Loss/l_ce,0.0719294548034668
1787397104.3526154,5640,6,Loss/l_total,0.0719294548034668
1787397104.3526354,5640,6,LR,9.858624225078841e-05
1787397117.9427423,5660,6,Loss/l_ce,0.03478860855102539
1787397117.9429193,5660,6,Loss/l_total,0.03478860855102539
1787397117.9429407,5660,6,LR,9.858624225078841e-05
1787397127.1702383,5680,6,Loss/l_ce,0.048468589782714844
1787397127.1704588,5680,6,Loss/l_total,0.048468589782714844
1787397127.1704814,5680,6,LR,9.858624225078841e-05
1787397187.002399,5684,6,Val/avg_error,0.10674344003200531
1787397187.002705,5684,6,Val/acc,0.456494140625
1787397187.0027277,5684,6,Val/sparse_auc,0.6231928661616162
1787397187.0027444,5684,6,Val/sparse_pck_max,0.1
1787397187.00276,5684,6,Val/sparse_pck_n,100.0
1787397198.8039677,5700,7,Loss/l_ce,0.045838356018066406
1787397198.8042738,5700,7,Loss/l_total,0.045838356018066406
1787397198.8043025,5700,7,LR,9.807937738894303e-05
1787397204.614127,5720,7,Loss/l_ce,0.036801815032958984
1787397204.6142943,5720,7,Loss/l_total,0.036801815032958984
1787397204.61449,5720,7,LR,9.807937738894303e-05
1787397211.2042496,5740,7,Loss/l_ce,0.05201292037963867
1787397211.2044215,5740,7,Loss/l_total,0.05201292037963867
1787397211.2044432,5740,7,LR,9.807937738894303e-05
1787397218.3305652,5760,7,Loss/l_ce,0.07868242263793945
1787397218.3308191,5760,7,Loss/l_total,0.07868242263793945
1787397218.330851,5760,7,LR,9.807937738894303e-05
1787397231.009376,5780,7,Loss/l_ce,0.025314807891845703
1787397231.0095232,5780,7,Loss/l_total,0.025314807891845703
1787397231.0095434,5780,7,LR,9.807937738894303e-05
1787397241.2481701,5800,7,Loss/l_ce,0.10532045364379883
1787397241.2483318,5800,7,Loss/l_total,0.10532045364379883
1787397241.2483542,5800,7,LR,9.807937738894303e-05
1787397251.109258,5820,7,Loss/l_ce,0.047360897064208984
1787397251.10941,5820,7,Loss/l_total,0.047360897064208984
1787397251.1094325,5820,7,LR,9.807937738894303e-05
1787397266.093496,5840,7,Loss/l_ce,0.07034659385681152
1787397266.0937145,5840,7,Loss/l_total,0.07034659385681152
1787397266.0939984,5840,7,LR,9.807937738894303e-05
1787397294.8501172,5860,7,Loss/l_ce,0.042824506759643555
1787397294.8503687,5860,7,Loss/l_total,0.042824506759643555
1787397294.8503962,5860,7,LR,9.807937738894303e-05
1787397325.1004496,5880,7,Loss/l_ce,0.10427021980285645
1787397325.1006622,5880,7,Loss/l_total,0.10427021980285645
1787397325.1006858,5880,7,LR,9.807937738894303e-05
1787397346.766373,5900,7,Loss/l_ce,0.06839990615844727
1787397346.7666008,5900,7,Loss/l_total,0.06839990615844727
1787397346.7666366,5900,7,LR,9.807937738894303e-05
1787397371.5707717,5920,7,Loss/l_ce,0.037070274353027344
1787397371.5709107,5920,7,Loss/l_total,0.037070274353027344
1787397371.5709298,5920,7,LR,9.807937738894303e-05
1787397396.223953,5940,7,Loss/l_ce,0.10515785217285156
1787397396.2241747,5940,7,Loss/l_total,0.10515785217285156
1787397396.2242045,5940,7,LR,9.807937738894303e-05
1787397422.35348,5960,7,Loss/l_ce,0.09060907363891602
1787397422.3536239,5960,7,Loss/l_total,0.09060907363891602
1787397422.353645,5960,7,LR,9.807937738894303e-05
1787397444.0477793,5980,7,Loss/l_ce,0.03224754333496094
1787397444.047968,5980,7,Loss/l_total,0.03224754333496094
1787397444.0479965,5980,7,LR,9.807937738894303e-05
1787397470.5916514,6000,7,Loss/l_ce,0.08247256278991699
1787397470.591827,6000,7,Loss/l_total,0.08247256278991699
1787397470.5918517,6000,7,LR,9.807937738894303e-05
1787397498.6406064,6020,7,Loss/l_ce,0.05586719512939453
1787397498.6408582,6020,7,Loss/l_total,0.05586719512939453
1787397498.6408808,6020,7,LR,9.807937738894303e-05
1787397510.2203848,6040,7,Loss/l_ce,0.06575441360473633
1787397510.2205617,6040,7,Loss/l_total,0.06575441360473633
1787397510.2205818,6040,7,LR,9.807937738894303e-05
1787397520.9587507,6060,7,Loss/l_ce,0.042449951171875
1787397520.9589443,6060,7,Loss/l_total,0.042449951171875
1787397520.9589667,6060,7,LR,9.807937738894303e-05
1787397532.7760704,6080,7,Loss/l_ce,0.030580997467041016
1787397532.7762816,6080,7,Loss/l_total,0.030580997467041016
1787397532.776303,6080,7,LR,9.807937738894303e-05
1787397542.753844,6100,7,Loss/l_ce,0.01182699203491211
1787397542.7540648,6100,7,Loss/l_total,0.01182699203491211
1787397542.754091,6100,7,LR,9.807937738894303e-05
1787397548.8911095,6120,7,Loss/l_ce,0.19766020774841309
1787397548.8912864,6120,7,Loss/l_total,0.19766020774841309
1787397548.8913124,6120,7,LR,9.807937738894303e-05
1787397556.7105758,6140,7,Loss/l_ce,0.030076026916503906
1787397556.7107244,6140,7,Loss/l_total,0.030076026916503906
1787397556.7107468,6140,7,LR,9.807937738894303e-05
1787397567.4867167,6160,7,Loss/l_ce,0.13280653953552246
1787397567.486941,6160,7,Loss/l_total,0.13280653953552246
1787397567.486965,6160,7,LR,9.807937738894303e-05
1787397589.5723925,6180,7,Loss/l_ce,0.07490968704223633
1787397589.5726094,6180,7,Loss/l_total,0.07490968704223633
1787397589.5726392,6180,7,LR,9.807937738894303e-05
1787397615.7976425,6200,7,Loss/l_ce,0.10860037803649902
1787397615.7979796,6200,7,Loss/l_total,0.10860037803649902
1787397615.7980058,6200,7,LR,9.807937738894303e-05
1787397640.499769,6220,7,Loss/l_ce,0.03922700881958008
1787397640.4999259,6220,7,Loss/l_total,0.03922700881958008
1787397640.4999459,6220,7,LR,9.807937738894303e-05
1787397672.5762653,6240,7,Loss/l_ce,0.0864114761352539
1787397672.5764742,6240,7,Loss/l_total,0.0864114761352539
1787397672.5765002,6240,7,LR,9.807937738894303e-05
1787397697.2346058,6260,7,Loss/l_ce,0.06731915473937988
1787397697.2348385,6260,7,Loss/l_total,0.06731915473937988
1787397697.234866,6260,7,LR,9.807937738894303e-05
1787397720.4550729,6280,7,Loss/l_ce,0.02548694610595703
1787397720.4552696,6280,7,Loss/l_total,0.02548694610595703
1787397720.4552898,6280,7,LR,9.807937738894303e-05
1787397744.2980921,6300,7,Loss/l_ce,0.08522319793701172
1787397744.298288,6300,7,Loss/l_total,0.08522319793701172
1787397744.2983081,6300,7,LR,9.807937738894303e-05
1787397767.9958923,6320,7,Loss/l_ce,0.0744924545288086
1787397767.9961152,6320,7,Loss/l_total,0.0744924545288086
1787397767.996138,6320,7,LR,9.807937738894303e-05
1787397788.9641943,6340,7,Loss/l_ce,0.1373891830444336
1787397788.964388,6340,7,Loss/l_total,0.1373891830444336
1787397788.9644165,6340,7,LR,9.807937738894303e-05
1787397814.0908506,6360,7,Loss/l_ce,0.11760163307189941
1787397814.0909944,6360,7,Loss/l_total,0.11760163307189941
1787397814.0910156,6360,7,LR,9.807937738894303e-05
1787397834.4113781,6380,7,Loss/l_ce,0.03248882293701172
1787397834.411547,6380,7,Loss/l_total,0.03248882293701172
1787397834.4115658,6380,7,LR,9.807937738894303e-05
1787397844.3743598,6400,7,Loss/l_ce,0.13662123680114746
1787397844.3745606,6400,7,Loss/l_total,0.13662123680114746
1787397844.3745866,6400,7,LR,9.807937738894303e-05
1787397858.5786653,6420,7,Loss/l_ce,0.06520700454711914
1787397858.5788612,6420,7,Loss/l_total,0.06520700454711914
1787397858.578884,6420,7,LR,9.807937738894303e-05
1787397869.0281167,6440,7,Loss/l_ce,0.03768515586853027
1787397869.0282733,6440,7,Loss/l_total,0.03768515586853027
1787397869.0282948,6440,7,LR,9.807937738894303e-05
1787397878.1853857,6460,7,Loss/l_ce,0.02571558952331543
1787397878.1855485,6460,7,Loss/l_total,0.02571558952331543
1787397878.185571,6460,7,LR,9.807937738894303e-05
1787397889.944367,6480,7,Loss/l_ce,0.062415122985839844
1787397889.944596,6480,7,Loss/l_total,0.062415122985839844
1787397889.944616,6480,7,LR,9.807937738894303e-05
1787398013.1618912,6496,7,Val/avg_error,0.11183826625347137
1787398013.1623495,6496,7,Val/acc,0.44541015625
1787398013.1625679,6496,7,Val/sparse_auc,0.6179127702809344
1787398013.162594,6496,7,Val/sparse_pck_max,0.1
1787398013.1626155,6496,7,Val/sparse_pck_n,100.0
1787398019.7327168,6500,8,Loss/l_ce,0.0779714584350586
1787398019.7328842,6500,8,Loss/l_total,0.0779714584350586
1787398019.7329054,6500,8,LR,9.749693666068666e-05
1787398044.9548724,6520,8,Loss/l_ce,0.02667379379272461
1787398044.9550943,6520,8,Loss/l_total,0.02667379379272461
1787398044.9551167,6520,8,LR,9.749693666068666e-05
1787398071.0438051,6540,8,Loss/l_ce,0.02837061882019043
1787398071.043974,6540,8,Loss/l_total,0.02837061882019043
1787398071.0439951,6540,8,LR,9.749693666068666e-05
1787398095.4914048,6560,8,Loss/l_ce,0.04116678237915039
1787398095.4915497,6560,8,Loss/l_total,0.04116678237915039
1787398095.4915686,6560,8,LR,9.749693666068666e-05
1787398118.525899,6580,8,Loss/l_ce,0.17821669578552246
1787398118.5260758,6580,8,Loss/l_total,0.17821669578552246
1787398118.5260973,6580,8,LR,9.749693666068666e-05
1787398132.3451226,6600,8,Loss/l_ce,0.0324552059173584
1787398132.3452756,6600,8,Loss/l_total,0.0324552059173584
1787398132.3452995,6600,8,LR,9.749693666068666e-05
1787398141.4857914,6620,8,Loss/l_ce,0.025005578994750977
1787398141.48594,6620,8,Loss/l_total,0.025005578994750977
1787398141.4859648,6620,8,LR,9.749693666068666e-05
1787398153.093316,6640,8,Loss/l_ce,0.07394552230834961
1787398153.0934906,6640,8,Loss/l_total,0.07394552230834961
1787398153.0935133,6640,8,LR,9.749693666068666e-05
1787398166.851937,6660,8,Loss/l_ce,0.02277684211730957
1787398166.8521426,6660,8,Loss/l_total,0.02277684211730957
1787398166.8521688,6660,8,LR,9.749693666068666e-05
1787398178.761098,6680,8,Loss/l_ce,0.032614707946777344
1787398178.7612784,6680,8,Loss/l_total,0.032614707946777344
1787398178.761301,6680,8,LR,9.749693666068666e-05
1787398193.3709512,6700,8,Loss/l_ce,0.041756391525268555
1787398193.3711576,6700,8,Loss/l_total,0.041756391525268555
1787398193.3711793,6700,8,LR,9.749693666068666e-05
1787398208.0617697,6720,8,Loss/l_ce,0.026210546493530273
1787398208.06198,6720,8,Loss/l_total,0.026210546493530273
1787398208.062,6720,8,LR,9.749693666068666e-05
1787398216.430269,6740,8,Loss/l_ce,0.1869344711303711
1787398216.43046,6740,8,Loss/l_total,0.1869344711303711
1787398216.4304838,6740,8,LR,9.749693666068666e-05
1787398230.9755044,6760,8,Loss/l_ce,0.06597065925598145
1787398230.975693,6760,8,Loss/l_total,0.06597065925598145
1787398230.9757183,6760,8,LR,9.749693666068666e-05
1787398242.6016486,6780,8,Loss/l_ce,0.0076732635498046875
1787398242.6018622,6780,8,Loss/l_total,0.0076732635498046875
1787398242.6018882,6780,8,LR,9.749693666068666e-05
1787398253.96192,6800,8,Loss/l_ce,0.02568507194519043
1787398253.9622264,6800,8,Loss/l_total,0.02568507194519043
1787398253.9624114,6800,8,LR,9.749693666068666e-05
1787398267.1334522,6820,8,Loss/l_ce,0.028243541717529297
1787398267.1336067,6820,8,Loss/l_total,0.028243541717529297
1787398267.1336255,6820,8,LR,9.749693666068666e-05
1787398278.316415,6840,8,Loss/l_ce,0.06586217880249023
1787398278.3166063,6840,8,Loss/l_total,0.06586217880249023
1787398278.3166265,6840,8,LR,9.749693666068666e-05
1787398292.0224445,6860,8,Loss/l_ce,0.018151044845581055
1787398292.0228398,6860,8,Loss/l_total,0.018151044845581055
1787398292.0228648,6860,8,LR,9.749693666068666e-05
1787398319.2329547,6880,8,Loss/l_ce,0.026825428009033203
1787398319.2332978,6880,8,Loss/l_total,0.026825428009033203
1787398319.2333205,6880,8,LR,9.749693666068666e-05
1787398348.4578373,6900,8,Loss/l_ce,0.03462934494018555
1787398348.4581046,6900,8,Loss/l_total,0.03462934494018555
1787398348.458133,6900,8,LR,9.749693666068666e-05
1787398371.522404,6920,8,Loss/l_ce,0.0354466438293457
1787398371.5226333,6920,8,Loss/l_total,0.0354466438293457
1787398371.5226629,6920,8,LR,9.749693666068666e-05
1787398394.8919227,6940,8,Loss/l_ce,0.03695821762084961
1787398394.8921473,6940,8,Loss/l_total,0.03695821762084961
1787398394.8921733,6940,8,LR,9.749693666068666e-05
1787398420.8593004,6960,8,Loss/l_ce,0.049326181411743164
1787398420.8595414,6960,8,Loss/l_total,0.049326181411743164
1787398420.8595626,6960,8,LR,9.749693666068666e-05
1787398443.059864,6980,8,Loss/l_ce,0.06991767883300781
1787398443.0600767,6980,8,Loss/l_total,0.06991767883300781
1787398443.060103,6980,8,LR,9.749693666068666e-05
1787398467.0305521,7000,8,Loss/l_ce,0.10182428359985352
1787398467.0307693,7000,8,Loss/l_total,0.10182428359985352
1787398467.0308027,7000,8,LR,9.749693666068666e-05
1787398492.8776617,7020,8,Loss/l_ce,0.03527474403381348
1787398492.877835,7020,8,Loss/l_total,0.03527474403381348
1787398492.8778553,7020,8,LR,9.749693666068666e-05
1787398516.6497796,7040,8,Loss/l_ce,0.05835771560668945
1787398516.6500561,7040,8,Loss/l_total,0.05835771560668945
1787398516.650086,7040,8,LR,9.749693666068666e-05
1787398533.9811258,7060,8,Loss/l_ce,0.02321028709411621
1787398533.9813087,7060,8,Loss/l_total,0.02321028709411621
1787398533.981331,7060,8,LR,9.749693666068666e-05
1787398547.2582498,7080,8,Loss/l_ce,0.15836167335510254
1787398547.2584574,7080,8,Loss/l_total,0.15836167335510254
1787398547.2584813,7080,8,LR,9.749693666068666e-05
1787398555.8756115,7100,8,Loss/l_ce,0.13126134872436523
1787398555.875803,7100,8,Loss/l_total,0.13126134872436523
1787398555.8758254,7100,8,LR,9.749693666068666e-05
1787398565.7348256,7120,8,Loss/l_ce,0.05705094337463379
1787398565.734993,7120,8,Loss/l_total,0.05705094337463379
1787398565.7350144,7120,8,LR,9.749693666068666e-05
1787398577.3904421,7140,8,Loss/l_ce,0.07199692726135254
1787398577.390611,7140,8,Loss/l_total,0.07199692726135254
1787398577.3906336,7140,8,LR,9.749693666068666e-05
1787398585.951923,7160,8,Loss/l_ce,0.14767789840698242
1787398585.9521449,7160,8,Loss/l_total,0.14767789840698242
1787398585.9521687,7160,8,LR,9.749693666068666e-05
1787398594.7156343,7180,8,Loss/l_ce,0.02851581573486328
1787398594.7157829,7180,8,Loss/l_total,0.02851581573486328
1787398594.7158043,7180,8,LR,9.749693666068666e-05
1787398605.247756,7200,8,Loss/l_ce,0.11736488342285156
1787398605.247915,7200,8,Loss/l_total,0.11736488342285156
1787398605.2479377,7200,8,LR,9.749693666068666e-05
1787398631.9438834,7220,8,Loss/l_ce,0.03475046157836914
1787398631.9440188,7220,8,Loss/l_total,0.03475046157836914
1787398631.9440522,7220,8,LR,9.749693666068666e-05
1787398651.091081,7240,8,Loss/l_ce,0.030253887176513672
1787398651.0912437,7240,8,Loss/l_total,0.030253887176513672
1787398651.091264,7240,8,LR,9.749693666068666e-05
1787398676.8099666,7260,8,Loss/l_ce,0.07756519317626953
1787398676.8101614,7260,8,Loss/l_total,0.07756519317626953
1787398676.8101826,7260,8,LR,9.749693666068666e-05
1787398702.0347288,7280,8,Loss/l_ce,0.04626178741455078
1787398702.03499,7280,8,Loss/l_total,0.04626178741455078
1787398702.0350137,7280,8,LR,9.749693666068666e-05
1787398727.9146578,7300,8,Loss/l_ce,0.0489044189453125
1787398727.9149,7300,8,Loss/l_total,0.0489044189453125
1787398727.9149225,7300,8,LR,9.749693666068666e-05
1787398831.5528688,7308,8,Val/avg_error,0.10873226076364517
1787398831.5532866,7308,8,Val/acc,0.4587890625
1787398831.5533128,7308,8,Val/sparse_auc,0.6266628689236111
1787398831.5533295,7308,8,Val/sparse_pck_max,0.1
1787398831.553345,7308,8,Val/sparse_pck_n,100.0
1787398846.2185087,7320,9,Loss/l_ce,0.028708457946777344
1787398846.2187333,7320,9,Loss/l_total,0.028708457946777344
1787398846.2187545,7320,9,LR,9.683994186497132e-05
1787398854.1105719,7340,9,Loss/l_ce,0.02016305923461914
1787398854.1108189,7340,9,Loss/l_total,0.02016305923461914
1787398854.1108437,7340,9,LR,9.683994186497132e-05
1787398859.0403826,7360,9,Loss/l_ce,0.02668905258178711
1787398859.0405607,7360,9,Loss/l_total,0.02668905258178711
1787398859.0405867,7360,9,LR,9.683994186497132e-05
1787398865.8923082,7380,9,Loss/l_ce,0.028374195098876953
1787398865.8924744,7380,9,Loss/l_total,0.028374195098876953
1787398865.8924968,7380,9,LR,9.683994186497132e-05
1787398871.5075953,7400,9,Loss/l_ce,0.040654897689819336
1787398871.5078053,7400,9,Loss/l_total,0.040654897689819336
1787398871.507828,7400,9,LR,9.683994186497132e-05
1787398878.6309962,7420,9,Loss/l_ce,0.08451128005981445
1787398878.6312053,7420,9,Loss/l_total,0.08451128005981445
1787398878.631229,7420,9,LR,9.683994186497132e-05
1787398883.6229692,7440,9,Loss/l_ce,0.037161827087402344
1787398883.6231568,7440,9,Loss/l_total,0.037161827087402344
1787398883.6231816,7440,9,LR,9.683994186497132e-05
1787398893.4974403,7460,9,Loss/l_ce,0.03651738166809082
1787398893.497642,7460,9,Loss/l_total,0.03651738166809082
1787398893.4976668,7460,9,LR,9.683994186497132e-05
1787398901.1025927,7480,9,Loss/l_ce,0.05285787582397461
1787398901.1027493,7480,9,Loss/l_total,0.05285787582397461
1787398901.102772,7480,9,LR,9.683994186497132e-05
1787398919.7527318,7500,9,Loss/l_ce,0.02375626564025879
1787398919.7529314,7500,9,Loss/l_total,0.02375626564025879
1787398919.7531092,7500,9,LR,9.683994186497132e-05
1787398951.0729651,7520,9,Loss/l_ce,0.02999114990234375
1787398951.0732572,7520,9,Loss/l_total,0.02999114990234375
1787398951.0732799,7520,9,LR,9.683994186497132e-05
1787398982.3525462,7540,9,Loss/l_ce,0.038720130920410156
1787398982.352792,7540,9,Loss/l_total,0.038720130920410156
1787398982.3528168,7540,9,LR,9.683994186497132e-05
1787399010.1879063,7560,9,Loss/l_ce,0.02978515625
1787399010.1881106,7560,9,Loss/l_total,0.02978515625
1787399010.1881354,7560,9,LR,9.683994186497132e-05
1787399036.4566648,7580,9,Loss/l_ce,0.10549354553222656
1787399036.4568193,7580,9,Loss/l_total,0.10549354553222656
1787399036.4568381,7580,9,LR,9.683994186497132e-05
1787399066.8788073,7600,9,Loss/l_ce,0.05995798110961914
1787399066.8789604,7600,9,Loss/l_total,0.05995798110961914
1787399066.8790636,7600,9,LR,9.683994186497132e-05
1787399094.283145,7620,9,Loss/l_ce,0.054276227951049805
1787399094.2833326,7620,9,Loss/l_total,0.054276227951049805
1787399094.2833588,7620,9,LR,9.683994186497132e-05
1787399122.8215303,7640,9,Loss/l_ce,0.10984325408935547
1787399122.8217118,7640,9,Loss/l_total,0.10984325408935547
1787399122.821738,7640,9,LR,9.683994186497132e-05
1787399147.6415963,7660,9,Loss/l_ce,0.02568793296813965
1787399147.6417687,7660,9,Loss/l_total,0.02568793296813965
1787399147.6417887,7660,9,LR,9.683994186497132e-05
1787399159.537067,7680,9,Loss/l_ce,0.0384213924407959
1787399159.537212,7680,9,Loss/l_total,0.0384213924407959
1787399159.5372345,7680,9,LR,9.683994186497132e-05
1787399169.7555165,7700,9,Loss/l_ce,0.02394580841064453
1787399169.755678,7700,9,Loss/l_total,0.02394580841064453
1787399169.7557015,7700,9,LR,9.683994186497132e-05
1787399180.652905,7720,9,Loss/l_ce,0.11794519424438477
1787399180.6530733,7720,9,Loss/l_total,0.11794519424438477
1787399180.6530936,7720,9,LR,9.683994186497132e-05
1787399189.3130167,7740,9,Loss/l_ce,0.1767559051513672
1787399189.3131921,7740,9,Loss/l_total,0.1767559051513672
1787399189.3132136,7740,9,LR,9.683994186497132e-05
1787399200.1721277,7760,9,Loss/l_ce,0.04789471626281738
1787399200.1722772,7760,9,Loss/l_total,0.04789471626281738
1787399200.1722975,7760,9,LR,9.683994186497132e-05
1787399207.976018,7780,9,Loss/l_ce,0.05492854118347168
1787399207.9762402,7780,9,Loss/l_total,0.05492854118347168
1787399207.9762661,7780,9,LR,9.683994186497132e-05
1787399221.1454804,7800,9,Loss/l_ce,0.06445598602294922
1787399221.1457274,7800,9,Loss/l_total,0.06445598602294922
1787399221.1458879,7800,9,LR,9.683994186497132e-05
1787399234.0342932,7820,9,Loss/l_ce,0.18812775611877441
1787399234.0344405,7820,9,Loss/l_total,0.18812775611877441
1787399234.034463,7820,9,LR,9.683994186497132e-05
1787399244.0395622,7840,9,Loss/l_ce,0.06490945816040039
1787399244.0397072,7840,9,Loss/l_total,0.06490945816040039
1787399244.0397296,7840,9,LR,9.683994186497132e-05
1787399252.0188425,7860,9,Loss/l_ce,0.026664018630981445
1787399252.0189955,7860,9,Loss/l_total,0.026664018630981445
1787399252.0190167,7860,9,LR,9.683994186497132e-05
1787399261.1908853,7880,9,Loss/l_ce,0.08710265159606934
1787399261.1910565,7880,9,Loss/l_total,0.08710265159606934
1787399261.1910815,7880,9,LR,9.683994186497132e-05
1787399270.654619,7900,9,Loss/l_ce,0.018993377685546875
1787399270.6547651,7900,9,Loss/l_total,0.018993377685546875
1787399270.6547863,7900,9,LR,9.683994186497132e-05
1787399282.6312032,7920,9,Loss/l_ce,0.023285388946533203
1787399282.631336,7920,9,Loss/l_total,0.023285388946533203
1787399282.6313548,7920,9,LR,9.683994186497132e-05
1787399293.3544552,7940,9,Loss/l_ce,0.06728076934814453
1787399293.3546987,7940,9,Loss/l_total,0.06728076934814453
1787399293.3547213,7940,9,LR,9.683994186497132e-05
1787399305.0022805,7960,9,Loss/l_ce,0.09354877471923828
1787399305.0024219,7960,9,Loss/l_total,0.09354877471923828
1787399305.002443,7960,9,LR,9.683994186497132e-05
1787399317.8991096,7980,9,Loss/l_ce,0.07120537757873535
1787399317.8992653,7980,9,Loss/l_total,0.07120537757873535
1787399317.8992856,7980,9,LR,9.683994186497132e-05
1787399327.697092,8000,9,Loss/l_ce,0.050531864166259766
1787399327.6972501,8000,9,Loss/l_total,0.050531864166259766
1787399327.6972713,8000,9,LR,9.683994186497132e-05
1787399336.706542,8020,9,Loss/l_ce,0.08396100997924805
1787399336.706693,8020,9,Loss/l_total,0.08396100997924805
1787399336.7067177,8020,9,LR,9.683994186497132e-05
1787399346.612864,8040,9,Loss/l_ce,0.047270774841308594
1787399346.6131382,8040,9,Loss/l_total,0.047270774841308594
1787399346.613194,8040,9,LR,9.683994186497132e-05
1787399357.7798743,8060,9,Loss/l_ce,0.1450185775756836
1787399357.7800548,8060,9,Loss/l_total,0.1450185775756836
1787399357.7800772,8060,9,LR,9.683994186497132e-05
1787399366.1979685,8080,9,Loss/l_ce,0.09194660186767578
1787399366.1981597,8080,9,Loss/l_total,0.09194660186767578
1787399366.1981845,8080,9,LR,9.683994186497132e-05
1787399375.8647463,8100,9,Loss/l_ce,0.06358885765075684
1787399375.8649101,8100,9,Loss/l_total,0.06358885765075684
1787399375.8649313,8100,9,LR,9.683994186497132e-05
1787399385.1155047,8120,9,Loss/l_ce,0.09615063667297363
1787399385.1156888,8120,9,Loss/l_total,0.09615063667297363
1787399385.1157112,8120,9,LR,9.683994186497132e-05
1787399441.1274655,8120,9,Val/avg_error,0.10431502014398575
1787399441.1276982,8120,9,Val/acc,0.47001953125
1787399441.1277206,8120,9,Val/sparse_auc,0.6349984217171717
1787399441.1277373,8120,9,Val/sparse_pck_max,0.1
1787399441.127754,8120,9,Val/sparse_pck_n,100.0
1787399453.463867,8140,10,Loss/l_ce,0.05228877067565918
1787399453.4641268,8140,10,Loss/l_total,0.05228877067565918
1787399453.4641519,8140,10,LR,9.610954559391705e-05
1787399465.689733,8160,10,Loss/l_ce,0.12083268165588379
1787399465.6899006,8160,10,Loss/l_total,0.12083268165588379
1787399465.689923,8160,10,LR,9.610954559391705e-05
1787399475.7512016,8180,10,Loss/l_ce,0.0233767032623291
1787399475.7517796,8180,10,Loss/l_total,0.0233767032623291
1787399475.751901,8180,10,LR,9.610954559391705e-05
1787399484.575313,8200,10,Loss/l_ce,0.13418793678283691
1787399484.5754662,8200,10,Loss/l_total,0.13418793678283691
1787399484.5754879,8200,10,LR,9.610954559391705e-05
1787399498.3128374,8220,10,Loss/l_ce,0.02222585678100586
1787399498.3129928,8220,10,Loss/l_total,0.02222585678100586
1787399498.3130202,8220,10,LR,9.610954559391705e-05
1787399508.940188,8240,10,Loss/l_ce,0.04112076759338379
1787399508.9403481,8240,10,Loss/l_total,0.04112076759338379
1787399508.9403696,8240,10,LR,9.610954559391705e-05
1787399517.8270802,8260,10,Loss/l_ce,0.03413820266723633
1787399517.8272665,8260,10,Loss/l_total,0.03413820266723633
1787399517.8272903,8260,10,LR,9.610954559391705e-05
1787399527.7165768,8280,10,Loss/l_ce,0.0401608943939209
1787399527.716844,8280,10,Loss/l_total,0.0401608943939209
1787399527.7171538,8280,10,LR,9.610954559391705e-05
1787399539.8816547,8300,10,Loss/l_ce,0.06429433822631836
1787399539.8818424,8300,10,Loss/l_total,0.06429433822631836
1787399539.881866,8300,10,LR,9.610954559391705e-05
1787399547.0351105,8320,10,Loss/l_ce,0.08166646957397461
1787399547.0353053,8320,10,Loss/l_total,0.08166646957397461
1787399547.0353265,8320,10,LR,9.610954559391705e-05
1787399555.7618933,8340,10,Loss/l_ce,0.05603981018066406
1787399555.762216,8340,10,Loss/l_total,0.05603981018066406
1787399555.7622447,8340,10,LR,9.610954559391705e-05
1787399563.8060791,8360,10,Loss/l_ce,0.15423345565795898
1787399563.8063014,8360,10,Loss/l_total,0.15423345565795898
1787399563.8063264,8360,10,LR,9.610954559391705e-05
1787399572.1645122,8380,10,Loss/l_ce,0.03178119659423828
1787399572.1646762,8380,10,Loss/l_total,0.03178119659423828
1787399572.1646996,8380,10,LR,9.610954559391705e-05
1787399580.676568,8400,10,Loss/l_ce,0.02399134635925293
1787399580.6768115,8400,10,Loss/l_total,0.02399134635925293
1787399580.676954,8400,10,LR,9.610954559391705e-05
1787399592.293539,8420,10,Loss/l_ce,0.03655362129211426
1787399592.2936885,8420,10,Loss/l_total,0.03655362129211426
1787399592.2937148,8420,10,LR,9.610954559391705e-05
1787399605.0516765,8440,10,Loss/l_ce,0.05161166191101074
1787399605.051845,8440,10,Loss/l_total,0.05161166191101074
1787399605.0518663,8440,10,LR,9.610954559391705e-05
1787399614.8279288,8460,10,Loss/l_ce,0.0911562442779541
1787399614.828126,8460,10,Loss/l_total,0.0911562442779541
1787399614.8281522,8460,10,LR,9.610954559391705e-05
1787399625.2072263,8480,10,Loss/l_ce,0.15198230743408203
1787399625.2074056,8480,10,Loss/l_total,0.15198230743408203
1787399625.207428,8480,10,LR,9.610954559391705e-05
1787399636.0954244,8500,10,Loss/l_ce,0.015047073364257812
1787399636.095573,8500,10,Loss/l_total,0.015047073364257812
1787399636.0955956,8500,10,LR,9.610954559391705e-05
1787399647.629389,8520,10,Loss/l_ce,0.07817864418029785
1787399647.629542,8520,10,Loss/l_total,0.07817864418029785
1787399647.6295624,8520,10,LR,9.610954559391705e-05
1787399659.7927587,8540,10,Loss/l_ce,0.23832082748413086
1787399659.7929072,8540,10,Loss/l_total,0.23832082748413086
1787399659.7929513,8540,10,LR,9.610954559391705e-05
1787399668.5189283,8560,10,Loss/l_ce,0.03816103935241699
1787399668.5191467,8560,10,Loss/l_total,0.03816103935241699
1787399668.5191705,8560,10,LR,9.610954559391705e-05
1787399680.9105203,8580,10,Loss/l_ce,0.047957420349121094
1787399680.9106662,8580,10,Loss/l_total,0.047957420349121094
1787399680.9106865,8580,10,LR,9.610954559391705e-05
1787399691.5175593,8600,10,Loss/l_ce,0.022573232650756836
1787399691.5177467,8600,10,Loss/l_total,0.022573232650756836
1787399691.5177765,8600,10,LR,9.610954559391705e-05
1787399702.9585428,8620,10,Loss/l_ce,0.03442263603210449
1787399702.9586997,8620,10,Loss/l_total,0.03442263603210449
1787399702.9587197,8620,10,LR,9.610954559391705e-05
1787399710.3926718,8640,10,Loss/l_ce,0.037841081619262695
1787399710.3928213,8640,10,Loss/l_total,0.037841081619262695
1787399710.392844,8640,10,LR,9.610954559391705e-05
1787399717.4495804,8660,10,Loss/l_ce,0.02607274055480957
1787399717.4497385,8660,10,Loss/l_total,0.02607274055480957
1787399717.4497623,8660,10,LR,9.610954559391705e-05
1787399728.2412071,8680,10,Loss/l_ce,0.09370970726013184
1787399728.2413921,8680,10,Loss/l_total,0.09370970726013184
1787399728.2414136,8680,10,LR,9.610954559391705e-05
1787399736.083811,8700,10,Loss/l_ce,0.0352022647857666
1787399736.0839856,8700,10,Loss/l_total,0.0352022647857666
1787399736.0840082,8700,10,LR,9.610954559391705e-05
1787399746.0501845,8720,10,Loss/l_ce,0.07030844688415527
1787399746.050371,8720,10,Loss/l_total,0.07030844688415527
1787399746.0503945,8720,10,LR,9.610954559391705e-05
1787399753.6763284,8740,10,Loss/l_ce,0.03359031677246094
1787399753.676472,8740,10,Loss/l_total,0.03359031677246094
1787399753.6764946,8740,10,LR,9.610954559391705e-05
1787399760.0878468,8760,10,Loss/l_ce,0.028156042098999023
1787399760.0880163,8760,10,Loss/l_total,0.028156042098999023
1787399760.0880663,8760,10,LR,9.610954559391705e-05
1787399767.9748802,8780,10,Loss/l_ce,0.09859752655029297
1787399767.9751012,8780,10,Loss/l_total,0.09859752655029297
1787399767.975126,8780,10,LR,9.610954559391705e-05
1787399776.260271,8800,10,Loss/l_ce,0.03431582450866699
1787399776.2606583,8800,10,Loss/l_total,0.03431582450866699
1787399776.260683,8800,10,LR,9.610954559391705e-05
1787399784.283288,8820,10,Loss/l_ce,0.022853851318359375
1787399784.2835267,8820,10,Loss/l_total,0.022853851318359375
1787399784.2835517,8820,10,LR,9.610954559391705e-05
1787399792.8011599,8840,10,Loss/l_ce,0.031549930572509766
1787399792.8013988,8840,10,Loss/l_total,0.031549930572509766
1787399792.80142,8840,10,LR,9.610954559391705e-05
1787399804.438165,8860,10,Loss/l_ce,0.09450888633728027
1787399804.4383667,8860,10,Loss/l_total,0.09450888633728027
1787399804.4383879,8860,10,LR,9.610954559391705e-05
1787399814.34479,8880,10,Loss/l_ce,0.05347776412963867
1787399814.3449588,8880,10,Loss/l_total,0.05347776412963867
1787399814.3449826,8880,10,LR,9.610954559391705e-05
1787399822.2997735,8900,10,Loss/l_ce,0.10019707679748535
1787399822.2999337,8900,10,Loss/l_total,0.10019707679748535
1787399822.2999563,8900,10,LR,9.610954559391705e-05
1787399833.2533443,8920,10,Loss/l_ce,0.07034707069396973
1787399833.2534976,8920,10,Loss/l_total,0.07034707069396973
1787399833.2535188,8920,10,LR,9.610954559391705e-05
1787399898.3519642,8932,10,Val/avg_error,0.09911669045686722
1787399898.3522918,8932,10,Val/acc,0.487939453125
1787399898.3523169,8932,10,Val/sparse_auc,0.6464668659248738
1787399898.3523371,8932,10,Val/sparse_pck_max,0.1
1787399898.352362,8932,10,Val/sparse_pck_n,100.0
1787399902.1541328,8940,11,Loss/l_ce,0.0347747802734375
1787399902.1543322,8940,11,Loss/l_total,0.0347747802734375
1787399902.1543546,8940,11,LR,9.53070292107736e-05
1787399907.6088445,8960,11,Loss/l_ce,0.15209412574768066
1787399907.6090665,8960,11,Loss/l_total,0.15209412574768066
1787399907.6090915,8960,11,LR,9.53070292107736e-05
1787399920.8157449,8980,11,Loss/l_ce,0.023652076721191406
1787399920.8158956,8980,11,Loss/l_total,0.023652076721191406
1787399920.8161926,8980,11,LR,9.53070292107736e-05
1787399929.4953918,9000,11,Loss/l_ce,0.1590723991394043
1787399929.4955876,9000,11,Loss/l_total,0.1590723991394043
1787399929.4956138,9000,11,LR,9.53070292107736e-05
1787399936.1346989,9020,11,Loss/l_ce,0.02535724639892578
1787399936.1348898,9020,11,Loss/l_total,0.02535724639892578
1787399936.1349113,9020,11,LR,9.53070292107736e-05
1787399947.418496,9040,11,Loss/l_ce,0.026437997817993164
1787399947.4186492,9040,11,Loss/l_total,0.026437997817993164
1787399947.418667,9040,11,LR,9.53070292107736e-05
1787399959.1364298,9060,11,Loss/l_ce,0.0336151123046875
1787399959.1365852,9060,11,Loss/l_total,0.0336151123046875
1787399959.1366103,9060,11,LR,9.53070292107736e-05
1787399969.9950047,9080,11,Loss/l_ce,0.1509246826171875
1787399969.9951875,9080,11,Loss/l_total,0.1509246826171875
1787399969.99521,9080,11,LR,9.53070292107736e-05
1787399977.441397,9100,11,Loss/l_ce,0.04799461364746094
1787399977.4415727,9100,11,Loss/l_total,0.04799461364746094
1787399977.4415965,9100,11,LR,9.53070292107736e-05
1787399990.6934114,9120,11,Loss/l_ce,0.13752317428588867
1787399990.6936035,9120,11,Loss/l_total,0.13752317428588867
1787399990.6936283,9120,11,LR,9.53070292107736e-05
1787399998.1468785,9140,11,Loss/l_ce,0.07311749458312988
1787399998.147053,9140,11,Loss/l_total,0.07311749458312988
1787399998.1470814,9140,11,LR,9.53070292107736e-05
1787400011.7976143,9160,11,Loss/l_ce,0.08008670806884766
1787400011.7978292,9160,11,Loss/l_total,0.08008670806884766
1787400011.7978566,9160,11,LR,9.53070292107736e-05
1787400023.1899512,9180,11,Loss/l_ce,0.06567716598510742
1787400023.1901138,9180,11,Loss/l_total,0.06567716598510742
1787400023.19014,9180,11,LR,9.53070292107736e-05
1787400034.8270824,9200,11,Loss/l_ce,0.03242778778076172
1787400034.827276,9200,11,Loss/l_total,0.03242778778076172
1787400034.8273058,9200,11,LR,9.53070292107736e-05
1787400043.467714,9220,11,Loss/l_ce,0.0644526481628418
1787400043.4678636,9220,11,Loss/l_total,0.0644526481628418
1787400043.4678838,9220,11,LR,9.53070292107736e-05
1787400057.5551598,9240,11,Loss/l_ce,0.03635287284851074
1787400057.5553377,9240,11,Loss/l_total,0.03635287284851074
1787400057.5553675,9240,11,LR,9.53070292107736e-05
1787400069.7889504,9260,11,Loss/l_ce,0.1374340057373047
1787400069.7891154,9260,11,Loss/l_total,0.1374340057373047
1787400069.7891357,9260,11,LR,9.53070292107736e-05
1787400079.5357022,9280,11,Loss/l_ce,0.03317618370056152
1787400079.5358765,9280,11,Loss/l_total,0.03317618370056152
1787400079.5359004,9280,11,LR,9.53070292107736e-05
1787400090.1008222,9300,11,Loss/l_ce,0.04138684272766113
1787400090.101005,9300,11,Loss/l_total,0.04138684272766113
1787400090.101068,9300,11,LR,9.53070292107736e-05
1787400103.2077773,9320,11,Loss/l_ce,0.011524200439453125
1787400103.207941,9320,11,Loss/l_total,0.011524200439453125
1787400103.207965,9320,11,LR,9.53070292107736e-05
1787400113.3055747,9340,11,Loss/l_ce,0.060047149658203125
1787400113.305756,9340,11,Loss/l_total,0.060047149658203125
1787400113.3057814,9340,11,LR,9.53070292107736e-05
1787400121.6553319,9360,11,Loss/l_ce,0.012267351150512695
1787400121.6555042,9360,11,Loss/l_total,0.012267351150512695
1787400121.6555266,9360,11,LR,9.53070292107736e-05
1787400132.7559416,9380,11,Loss/l_ce,0.01894974708557129
1787400132.756134,9380,11,Loss/l_total,0.01894974708557129
1787400132.7561567,9380,11,LR,9.53070292107736e-05
1787400146.255805,9400,11,Loss/l_ce,0.02055954933166504
1787400146.2559938,9400,11,Loss/l_total,0.02055954933166504
1787400146.256015,9400,11,LR,9.53070292107736e-05
1787400157.1694357,9420,11,Loss/l_ce,0.022446632385253906
1787400157.1696136,9420,11,Loss/l_total,0.022446632385253906
1787400157.1696374,9420,11,LR,9.53070292107736e-05
1787400168.5633218,9440,11,Loss/l_ce,0.06252479553222656
1787400168.563551,9440,11,Loss/l_total,0.06252479553222656
1787400168.5635793,9440,11,LR,9.53070292107736e-05
1787400181.888493,9460,11,Loss/l_ce,0.06642675399780273
1787400181.8887055,9460,11,Loss/l_total,0.06642675399780273
1787400181.8887303,9460,11,LR,9.53070292107736e-05
1787400191.4744353,9480,11,Loss/l_ce,0.031131267547607422
1787400191.4746132,9480,11,Loss/l_total,0.031131267547607422
1787400191.474636,9480,11,LR,9.53070292107736e-05
1787400200.4056697,9500,11,Loss/l_ce,0.02221846580505371
1787400200.4058182,9500,11,Loss/l_total,0.02221846580505371
1787400200.4058397,9500,11,LR,9.53070292107736e-05
1787400207.5667083,9520,11,Loss/l_ce,0.0632619857788086
1787400207.5669086,9520,11,Loss/l_total,0.0632619857788086
1787400207.566928,9520,11,LR,9.53070292107736e-05
1787400218.2053115,9540,11,Loss/l_ce,0.10507941246032715
1787400218.2055123,9540,11,Loss/l_total,0.10507941246032715
1787400218.2055335,9540,11,LR,9.53070292107736e-05
1787400231.9561925,9560,11,Loss/l_ce,0.04337334632873535
1787400231.9564073,9560,11,Loss/l_total,0.04337334632873535
1787400231.9564288,9560,11,LR,9.53070292107736e-05
1787400241.4022222,9580,11,Loss/l_ce,0.03421354293823242
1787400241.4023814,9580,11,Loss/l_total,0.03421354293823242
1787400241.4024012,9580,11,LR,9.53070292107736e-05
1787400250.219192,9600,11,Loss/l_ce,0.06395506858825684
1787400250.2193487,9600,11,Loss/l_total,0.06395506858825684
1787400250.219375,9600,11,LR,9.53070292107736e-05
1787400259.5638156,9620,11,Loss/l_ce,0.08424854278564453
1787400259.5639641,9620,11,Loss/l_total,0.08424854278564453
1787400259.5639868,9620,11,LR,9.53070292107736e-05
1787400266.5917947,9640,11,Loss/l_ce,0.020421504974365234
1787400266.5919633,9640,11,Loss/l_total,0.020421504974365234
1787400266.591987,9640,11,LR,9.53070292107736e-05
1787400279.2164679,9660,11,Loss/l_ce,0.06221890449523926
1787400279.2166164,9660,11,Loss/l_total,0.06221890449523926
1787400279.2166414,9660,11,LR,9.53070292107736e-05
1787400286.8761792,9680,11,Loss/l_ce,0.04153895378112793
1787400286.8763385,9680,11,Loss/l_total,0.04153895378112793
1787400286.876362,9680,11,LR,9.53070292107736e-05
1787400299.2803323,9700,11,Loss/l_ce,0.025910377502441406
1787400299.280502,9700,11,Loss/l_total,0.025910377502441406
1787400299.2805269,9700,11,LR,9.53070292107736e-05
1787400307.096915,9720,11,Loss/l_ce,0.1736927032470703
1787400307.0971158,9720,11,Loss/l_total,0.1736927032470703
1787400307.0971417,9720,11,LR,9.53070292107736e-05
1787400314.4227366,9740,11,Loss/l_ce,0.025902748107910156
1787400314.422936,9740,11,Loss/l_total,0.025902748107910156
1787400314.4229589,9740,11,LR,9.53070292107736e-05
1787400374.7731616,9744,11,Val/avg_error,0.1071099191904068
1787400374.7734575,9744,11,Val/acc,0.457421875
1787400374.77348,9744,11,Val/sparse_auc,0.6238207267992425
1787400374.7734993,9744,11,Val/sparse_pck_max,0.1
1787400374.7735145,9744,11,Val/sparse_pck_n,100.0
1787400386.8666878,9760,12,Loss/l_ce,0.01995849609375
1787400386.86707,9760,12,Loss/l_total,0.01995849609375
1787400386.867096,9760,12,LR,9.443380060197387e-05
1787400395.1608546,9780,12,Loss/l_ce,0.027840137481689453
1787400395.1610765,9780,12,Loss/l_total,0.027840137481689453
1787400395.1611025,9780,12,LR,9.443380060197387e-05
1787400407.3361614,9800,12,Loss/l_ce,0.02812051773071289
1787400407.3363419,9800,12,Loss/l_total,0.02812051773071289
1787400407.3363655,9800,12,LR,9.443380060197387e-05
1787400417.5418456,9820,12,Loss/l_ce,0.027869224548339844
1787400417.5420604,9820,12,Loss/l_total,0.027869224548339844
1787400417.5420864,9820,12,LR,9.443380060197387e-05
1787400428.3761582,9840,12,Loss/l_ce,0.024107933044433594
1787400428.3763387,9840,12,Loss/l_total,0.024107933044433594
1787400428.376373,9840,12,LR,9.443380060197387e-05
1787400439.2617135,9860,12,Loss/l_ce,0.03531050682067871
1787400439.261983,9860,12,Loss/l_total,0.03531050682067871
1787400439.2623155,9860,12,LR,9.443380060197387e-05
1787400448.5638776,9880,12,Loss/l_ce,0.060626983642578125
1787400448.5640852,9880,12,Loss/l_total,0.060626983642578125
1787400448.5641103,9880,12,LR,9.443380060197387e-05
1787400455.6367228,9900,12,Loss/l_ce,0.03768420219421387
1787400455.6369019,9900,12,Loss/l_total,0.03768420219421387
1787400455.636928,9900,12,LR,9.443380060197387e-05
1787400462.0707402,9920,12,Loss/l_ce,0.027570486068725586
1787400462.070943,9920,12,Loss/l_total,0.027570486068725586
1787400462.0709693,9920,12,LR,9.443380060197387e-05
1787400470.3216522,9940,12,Loss/l_ce,0.22825050354003906
1787400470.321822,9940,12,Loss/l_total,0.22825050354003906
1787400470.3218458,9940,12,LR,9.443380060197387e-05
1787400475.8580232,9960,12,Loss/l_ce,0.07395792007446289
1787400475.858269,9960,12,Loss/l_total,0.07395792007446289
1787400475.858301,9960,12,LR,9.443380060197387e-05
1787400482.2737458,9980,12,Loss/l_ce,0.10463571548461914
1787400482.273914,9980,12,Loss/l_total,0.10463571548461914
1787400482.2739427,9980,12,LR,9.443380060197387e-05
1787400488.9661784,10000,12,Loss/l_ce,0.020776987075805664
1787400488.9664147,10000,12,Loss/l_total,0.020776987075805664
1787400488.966437,10000,12,LR,9.443380060197387e-05
1787400495.5146165,10020,12,Loss/l_ce,0.03531241416931152
1787400495.5148897,10020,12,Loss/l_total,0.03531241416931152
1787400495.5149136,10020,12,LR,9.443380060197387e-05
1787400500.274506,10040,12,Loss/l_ce,0.027132749557495117
1787400500.2746973,10040,12,Loss/l_total,0.027132749557495117
1787400500.2747197,10040,12,LR,9.443380060197387e-05
1787400506.3165019,10060,12,Loss/l_ce,0.04560351371765137
1787400506.316712,10060,12,Loss/l_total,0.04560351371765137
1787400506.3168247,10060,12,LR,9.443380060197387e-05
1787400512.7422426,10080,12,Loss/l_ce,0.046993255615234375
1787400512.7425013,10080,12,Loss/l_total,0.046993255615234375
1787400512.742524,10080,12,LR,9.443380060197387e-05
1787400522.8291857,10100,12,Loss/l_ce,0.02448105812072754
1787400522.8293211,10100,12,Loss/l_total,0.02448105812072754
1787400522.8293424,10100,12,LR,9.443380060197387e-05
1787400532.6031826,10120,12,Loss/l_ce,0.035863399505615234
1787400532.6034415,10120,12,Loss/l_total,0.035863399505615234
1787400532.6034663,10120,12,LR,9.443380060197387e-05
1787400542.9749713,10140,12,Loss/l_ce,0.06653618812561035
1787400542.9752562,10140,12,Loss/l_total,0.06653618812561035
1787400542.975285,10140,12,LR,9.443380060197387e-05
1787400555.754689,10160,12,Loss/l_ce,0.03266263008117676
1787400555.7548695,10160,12,Loss/l_total,0.03266263008117676
1787400555.7548897,10160,12,LR,9.443380060197387e-05
1787400562.877981,10180,12,Loss/l_ce,0.08070063591003418
1787400562.8782148,10180,12,Loss/l_total,0.08070063591003418
1787400562.8784404,10180,12,LR,9.443380060197387e-05
1787400571.4630682,10200,12,Loss/l_ce,0.028940916061401367
1787400571.4632235,10200,12,Loss/l_total,0.028940916061401367
1787400571.4632452,10200,12,LR,9.443380060197387e-05
1787400582.5478277,10220,12,Loss/l_ce,0.024934053421020508
1787400582.548065,10220,12,Loss/l_total,0.024934053421020508
1787400582.5480912,10220,12,LR,9.443380060197387e-05
1787400593.5592737,10240,12,Loss/l_ce,0.0446622371673584
1787400593.5594637,10240,12,Loss/l_total,0.0446622371673584
1787400593.559484,10240,12,LR,9.443380060197387e-05
1787400605.0980499,10260,12,Loss/l_ce,0.03812766075134277
1787400605.098211,10260,12,Loss/l_total,0.03812766075134277
1787400605.0982337,10260,12,LR,9.443380060197387e-05
1787400616.6274958,10280,12,Loss/l_ce,0.03238844871520996
1787400616.6276393,10280,12,Loss/l_total,0.03238844871520996
1787400616.6276596,10280,12,LR,9.443380060197387e-05
1787400628.1698263,10300,12,Loss/l_ce,0.028242826461791992
1787400628.1700077,10300,12,Loss/l_total,0.028242826461791992
1787400628.170065,10300,12,LR,9.443380060197387e-05
1787400640.9013143,10320,12,Loss/l_ce,0.04487180709838867
1787400640.9015138,10320,12,Loss/l_total,0.04487180709838867
1787400640.9015353,10320,12,LR,9.443380060197387e-05
1787400651.177528,10340,12,Loss/l_ce,0.021181583404541016
1787400651.1776822,10340,12,Loss/l_total,0.021181583404541016
1787400651.1777036,10340,12,LR,9.443380060197387e-05
1787400665.6883633,10360,12,Loss/l_ce,0.012909889221191406
1787400665.688641,10360,12,Loss/l_total,0.012909889221191406
1787400665.6886659,10360,12,LR,9.443380060197387e-05
1787400675.984394,10380,12,Loss/l_ce,0.06556200981140137
1787400675.9846659,10380,12,Loss/l_total,0.06556200981140137
1787400675.984711,10380,12,LR,9.443380060197387e-05
1787400688.454831,10400,12,Loss/l_ce,0.036957502365112305
1787400688.4549875,10400,12,Loss/l_total,0.036957502365112305
1787400688.4550087,10400,12,LR,9.443380060197387e-05
1787400699.9926708,10420,12,Loss/l_ce,0.08713960647583008
1787400699.9928098,10420,12,Loss/l_total,0.08713960647583008
1787400699.9928286,10420,12,LR,9.443380060197387e-05
1787400709.7394922,10440,12,Loss/l_ce,0.023175477981567383
1787400709.7397072,10440,12,Loss/l_total,0.023175477981567383
1787400709.7397296,10440,12,LR,9.443380060197387e-05
1787400721.0242157,10460,12,Loss/l_ce,0.03200888633728027
1787400721.0243833,10460,12,Loss/l_total,0.03200888633728027
1787400721.0244057,10460,12,LR,9.443380060197387e-05
1787400730.6137156,10480,12,Loss/l_ce,0.021224260330200195
1787400730.6138675,10480,12,Loss/l_total,0.021224260330200195
1787400730.61389,10480,12,LR,9.443380060197387e-05
1787400740.856839,10500,12,Loss/l_ce,0.0379948616027832
1787400740.857062,10500,12,Loss/l_total,0.0379948616027832
1787400740.857086,10500,12,LR,9.443380060197387e-05
1787400750.5051267,10520,12,Loss/l_ce,0.10298633575439453
1787400750.5053225,10520,12,Loss/l_total,0.10298633575439453
1787400750.5053437,10520,12,LR,9.443380060197387e-05
1787400759.5346339,10540,12,Loss/l_ce,0.050037384033203125
1787400759.5348265,10540,12,Loss/l_total,0.050037384033203125
1787400759.5348501,10540,12,LR,9.443380060197387e-05
1787400824.8435452,10556,12,Val/avg_error,0.1061873659491539
1787400824.8438287,10556,12,Val/acc,0.44990234375
1787400824.8438525,10556,12,Val/sparse_auc,0.6203381470959595
1787400824.8438692,10556,12,Val/sparse_pck_max,0.1
1787400824.8441517,10556,12,Val/sparse_pck_n,100.0
1787400831.112296,10560,13,Loss/l_ce,0.028027057647705078
1787400831.1124682,10560,13,Loss/l_total,0.028027057647705078
1787400831.1124907,10560,13,LR,9.349139170722283e-05
1787400843.0601616,10580,13,Loss/l_ce,0.11651062965393066
1787400843.0603101,10580,13,Loss/l_total,0.11651062965393066
1787400843.0603325,10580,13,LR,9.349139170722283e-05
1787400852.451899,10600,13,Loss/l_ce,0.12298846244812012
1787400852.452133,10600,13,Loss/l_total,0.12298846244812012
1787400852.452158,10600,13,LR,9.349139170722283e-05
1787400862.4296947,10620,13,Loss/l_ce,0.03955221176147461
1787400862.429842,10620,13,Loss/l_total,0.03955221176147461
1787400862.4298644,10620,13,LR,9.349139170722283e-05
1787400875.7605379,10640,13,Loss/l_ce,0.0759267807006836
1787400875.7606874,10640,13,Loss/l_total,0.0759267807006836
1787400875.76071,10640,13,LR,9.349139170722283e-05
1787400881.5779843,10660,13,Loss/l_ce,0.037662506103515625
1787400881.5781622,10660,13,Loss/l_total,0.037662506103515625
1787400881.578186,10660,13,LR,9.349139170722283e-05
1787400890.063656,10680,13,Loss/l_ce,0.029607295989990234
1787400890.063821,10680,13,Loss/l_total,0.029607295989990234
1787400890.0638425,10680,13,LR,9.349139170722283e-05
1787400900.8719835,10700,13,Loss/l_ce,0.12198019027709961
1787400900.8721912,10700,13,Loss/l_total,0.12198019027709961
1787400900.872215,10700,13,LR,9.349139170722283e-05
1787400916.8134303,10720,13,Loss/l_ce,0.022913694381713867
1787400916.8135846,10720,13,Loss/l_total,0.022913694381713867
1787400916.8136048,10720,13,LR,9.349139170722283e-05
1787400922.957958,10740,13,Loss/l_ce,0.027904987335205078
1787400922.958142,10740,13,Loss/l_total,0.027904987335205078
1787400922.9581635,10740,13,LR,9.349139170722283e-05
1787400931.8927972,10760,13,Loss/l_ce,0.025429248809814453
1787400931.8929505,10760,13,Loss/l_total,0.025429248809814453
1787400931.892973,10760,13,LR,9.349139170722283e-05
1787400947.3075557,10780,13,Loss/l_ce,0.021071434020996094
1787400947.307749,10780,13,Loss/l_total,0.021071434020996094
1787400947.3078547,10780,13,LR,9.349139170722283e-05
1787400961.6191008,10800,13,Loss/l_ce,0.05613279342651367
1787400961.6192458,10800,13,Loss/l_total,0.05613279342651367
1787400961.6192684,10800,13,LR,9.349139170722283e-05
1787400975.7088144,10820,13,Loss/l_ce,0.0503697395324707
1787400975.708963,10820,13,Loss/l_total,0.0503697395324707
1787400975.7089984,10820,13,LR,9.349139170722283e-05
1787400991.8741875,10840,13,Loss/l_ce,0.02817845344543457
1787400991.8743536,10840,13,Loss/l_total,0.02817845344543457
1787400991.874374,10840,13,LR,9.349139170722283e-05
1787401006.3219478,10860,13,Loss/l_ce,0.03428387641906738
1787401006.322113,10860,13,Loss/l_total,0.03428387641906738
1787401006.3221333,10860,13,LR,9.349139170722283e-05
1787401015.1250699,10880,13,Loss/l_ce,0.0252685546875
1787401015.1252635,10880,13,Loss/l_total,0.0252685546875
1787401015.1252882,10880,13,LR,9.349139170722283e-05
1787401024.9165187,10900,13,Loss/l_ce,0.03171873092651367
1787401024.9167657,10900,13,Loss/l_total,0.03171873092651367
1787401024.9167883,10900,13,LR,9.349139170722283e-05
1787401032.8009515,10920,13,Loss/l_ce,0.049599647521972656
1787401032.8011582,10920,13,Loss/l_total,0.049599647521972656
1787401032.8011832,10920,13,LR,9.349139170722283e-05
1787401043.992935,10940,13,Loss/l_ce,0.15941333770751953
1787401043.993158,10940,13,Loss/l_total,0.15941333770751953
1787401043.9931843,10940,13,LR,9.349139170722283e-05
1787401053.764898,10960,13,Loss/l_ce,0.031148910522460938
1787401053.7650855,10960,13,Loss/l_total,0.031148910522460938
1787401053.7651093,10960,13,LR,9.349139170722283e-05
1787401063.3520274,10980,13,Loss/l_ce,0.07101988792419434
1787401063.3521993,10980,13,Loss/l_total,0.07101988792419434
1787401063.3522232,10980,13,LR,9.349139170722283e-05
1787401072.0337052,11000,13,Loss/l_ce,0.06010079383850098
1787401072.033932,11000,13,Loss/l_total,0.06010079383850098
1787401072.0339592,11000,13,LR,9.349139170722283e-05
1787401081.163376,11020,13,Loss/l_ce,0.06984782218933105
1787401081.1635768,11020,13,Loss/l_total,0.06984782218933105
1787401081.1636102,11020,13,LR,9.349139170722283e-05
1787401090.6598911,11040,13,Loss/l_ce,0.017691850662231445
1787401090.660112,11040,13,Loss/l_total,0.017691850662231445
1787401090.660137,11040,13,LR,9.349139170722283e-05
1787401097.7705114,11060,13,Loss/l_ce,0.05252385139465332
1787401097.7706585,11060,13,Loss/l_total,0.05252385139465332
1787401097.7706814,11060,13,LR,9.349139170722283e-05
1787401108.0034518,11080,13,Loss/l_ce,0.02603769302368164
1787401108.0036693,11080,13,Loss/l_total,0.02603769302368164
1787401108.003693,11080,13,LR,9.349139170722283e-05
1787401116.8379586,11100,13,Loss/l_ce,0.02583169937133789
1787401116.8382018,11100,13,Loss/l_total,0.02583169937133789
1787401116.8382282,11100,13,LR,9.349139170722283e-05
1787401126.2901351,11120,13,Loss/l_ce,0.09519290924072266
1787401126.2903228,11120,13,Loss/l_total,0.09519290924072266
1787401126.290344,11120,13,LR,9.349139170722283e-05
1787401134.9728813,11140,13,Loss/l_ce,0.03148508071899414
1787401134.9730096,11140,13,Loss/l_total,0.03148508071899414
1787401134.9730525,11140,13,LR,9.349139170722283e-05
1787401148.6785192,11160,13,Loss/l_ce,0.13169264793395996
1787401148.6787448,11160,13,Loss/l_total,0.13169264793395996
1787401148.678765,11160,13,LR,9.349139170722283e-05
1787401158.7718337,11180,13,Loss/l_ce,0.022599458694458008
1787401158.7720225,11180,13,Loss/l_total,0.022599458694458008
1787401158.77207,11180,13,LR,9.349139170722283e-05
1787401169.7153785,11200,13,Loss/l_ce,0.02706742286682129
1787401169.7155778,11200,13,Loss/l_total,0.02706742286682129
1787401169.7155993,11200,13,LR,9.349139170722283e-05
1787401184.5744207,11220,13,Loss/l_ce,0.0497438907623291
1787401184.574663,11220,13,Loss/l_total,0.0497438907623291
1787401184.5746903,11220,13,LR,9.349139170722283e-05
1787401200.4757435,11240,13,Loss/l_ce,0.10380077362060547
1787401200.4759417,11240,13,Loss/l_total,0.10380077362060547
1787401200.475963,11240,13,LR,9.349139170722283e-05
1787401218.4687698,11260,13,Loss/l_ce,0.04416370391845703
1787401218.4689324,11260,13,Loss/l_total,0.04416370391845703
1787401218.4689512,11260,13,LR,9.349139170722283e-05
1787401231.322641,11280,13,Loss/l_ce,0.0978996753692627
1787401231.3227868,11280,13,Loss/l_total,0.0978996753692627
1787401231.3228083,11280,13,LR,9.349139170722283e-05
1787401243.3191102,11300,13,Loss/l_ce,0.04087972640991211
1787401243.319306,11300,13,Loss/l_total,0.04087972640991211
1787401243.319338,11300,13,LR,9.349139170722283e-05
1787401251.9578207,11320,13,Loss/l_ce,0.09047818183898926
1787401251.9579728,11320,13,Loss/l_total,0.09047818183898926
1787401251.957994,11320,13,LR,9.349139170722283e-05
1787401263.1107452,11340,13,Loss/l_ce,0.02919912338256836
1787401263.1108994,11340,13,Loss/l_total,0.02919912338256836
1787401263.1109233,11340,13,LR,9.349139170722283e-05
1787401269.0878923,11360,13,Loss/l_ce,0.02329730987548828
1787401269.0880716,11360,13,Loss/l_total,0.02329730987548828
1787401269.0880952,11360,13,LR,9.349139170722283e-05
1787401318.1204169,11368,13,Val/avg_error,0.10826981067657471
1787401318.1206946,11368,13,Val/acc,0.452734375
1787401318.1207206,11368,13,Val/sparse_auc,0.6196370442708333
1787401318.1207373,11368,13,Val/sparse_pck_max,0.1
1787401318.120754,11368,13,Val/sparse_pck_n,100.0
1787401326.8103805,11380,14,Loss/l_ce,0.06224250793457031
1787401326.810561,11380,14,Loss/l_total,0.06224250793457031
1787401326.810581,11380,14,LR,9.248145583195451e-05
1787401335.6282697,11400,14,Loss/l_ce,0.09293508529663086
1787401335.6284761,11400,14,Loss/l_total,0.09293508529663086
1787401335.6284974,11400,14,LR,9.248145583195451e-05
1787401345.7825823,11420,14,Loss/l_ce,0.019497394561767578
1787401345.7827353,11420,14,Loss/l_total,0.019497394561767578
1787401345.782758,11420,14,LR,9.248145583195451e-05
1787401358.928414,11440,14,Loss/l_ce,0.06170797348022461
1787401358.9286208,11440,14,Loss/l_total,0.06170797348022461
1787401358.9286423,11440,14,LR,9.248145583195451e-05
1787401371.408707,11460,14,Loss/l_ce,0.11087417602539062
1787401371.408884,11460,14,Loss/l_total,0.11087417602539062
1787401371.408993,11460,14,LR,9.248145583195451e-05
1787401380.4486039,11480,14,Loss/l_ce,0.044355154037475586
1787401380.4487593,11480,14,Loss/l_total,0.044355154037475586
1787401380.4487808,11480,14,LR,9.248145583195451e-05
1787401390.1744473,11500,14,Loss/l_ce,0.025753259658813477
1787401390.1746302,11500,14,Loss/l_total,0.025753259658813477
1787401390.174654,11500,14,LR,9.248145583195451e-05
1787401400.600708,11520,14,Loss/l_ce,0.06522440910339355
1787401400.6008694,11520,14,Loss/l_total,0.06522440910339355
1787401400.6008885,11520,14,LR,9.248145583195451e-05
1787401412.112702,11540,14,Loss/l_ce,0.06231689453125
1787401412.1128564,11540,14,Loss/l_total,0.06231689453125
1787401412.1128798,11540,14,LR,9.248145583195451e-05
1787401421.6692367,11560,14,Loss/l_ce,0.03448319435119629
1787401421.6694267,11560,14,Loss/l_total,0.03448319435119629
1787401421.669453,11560,14,LR,9.248145583195451e-05
1787401433.0947893,11580,14,Loss/l_ce,0.025084495544433594
1787401433.0949366,11580,14,Loss/l_total,0.025084495544433594
1787401433.094958,11580,14,LR,9.248145583195451e-05
1787401438.0292974,11600,14,Loss/l_ce,0.04805326461791992
1787401438.0294957,11600,14,Loss/l_total,0.04805326461791992
1787401438.0295208,11600,14,LR,9.248145583195451e-05
1787401454.1680708,11620,14,Loss/l_ce,0.025598526000976562
1787401454.168287,11620,14,Loss/l_total,0.025598526000976562
1787401454.168313,11620,14,LR,9.248145583195451e-05
1787401462.9180725,11640,14,Loss/l_ce,0.1263899803161621
1787401462.9182615,11640,14,Loss/l_total,0.1263899803161621
1787401462.918284,11640,14,LR,9.248145583195451e-05
1787401472.5410914,11660,14,Loss/l_ce,0.03728222846984863
1787401472.5412898,11660,14,Loss/l_total,0.03728222846984863
1787401472.5413146,11660,14,LR,9.248145583195451e-05
1787401485.192021,11680,14,Loss/l_ce,0.08729743957519531
1787401485.1922207,11680,14,Loss/l_total,0.08729743957519531
1787401485.192242,11680,14,LR,9.248145583195451e-05
1787401491.674782,11700,14,Loss/l_ce,0.022192955017089844
1787401491.6749861,11700,14,Loss/l_total,0.022192955017089844
1787401491.675016,11700,14,LR,9.248145583195451e-05
1787401500.7723935,11720,14,Loss/l_ce,0.05023360252380371
1787401500.7725465,11720,14,Loss/l_total,0.05023360252380371
1787401500.7725704,11720,14,LR,9.248145583195451e-05
1787401508.28642,11740,14,Loss/l_ce,0.050005435943603516
1787401508.2865734,11740,14,Loss/l_total,0.050005435943603516
1787401508.2865949,11740,14,LR,9.248145583195451e-05
1787401521.4733577,11760,14,Loss/l_ce,0.05358552932739258
1787401521.4736056,11760,14,Loss/l_total,0.05358552932739258
1787401521.4736304,11760,14,LR,9.248145583195451e-05
1787401533.9644485,11780,14,Loss/l_ce,0.03493666648864746
1787401533.9645815,11780,14,Loss/l_total,0.03493666648864746
1787401533.9646015,11780,14,LR,9.248145583195451e-05
1787401543.6659086,11800,14,Loss/l_ce,0.04960155487060547
1787401543.666082,11800,14,Loss/l_total,0.04960155487060547
1787401543.6661067,11800,14,LR,9.248145583195451e-05
1787401556.0946035,11820,14,Loss/l_ce,0.03346538543701172
1787401556.0947483,11820,14,Loss/l_total,0.03346538543701172
1787401556.0947697,11820,14,LR,9.248145583195451e-05
1787401564.9456558,11840,14,Loss/l_ce,0.0339205265045166
1787401564.9458137,11840,14,Loss/l_total,0.0339205265045166
1787401564.9458363,11840,14,LR,9.248145583195451e-05
1787401577.97085,11860,14,Loss/l_ce,0.22602248191833496
1787401577.9710197,11860,14,Loss/l_total,0.22602248191833496
1787401577.9710815,11860,14,LR,9.248145583195451e-05
1787401590.085389,11880,14,Loss/l_ce,0.025008678436279297
1787401590.0855584,11880,14,Loss/l_total,0.025008678436279297
1787401590.085581,11880,14,LR,9.248145583195451e-05
1787401604.4427137,11900,14,Loss/l_ce,0.05283164978027344
1787401604.44288,11900,14,Loss/l_total,0.05283164978027344
1787401604.4429038,11900,14,LR,9.248145583195451e-05
1787401611.681586,11920,14,Loss/l_ce,0.06343913078308105
1787401611.6817331,11920,14,Loss/l_total,0.06343913078308105
1787401611.6819432,11920,14,LR,9.248145583195451e-05
1787401619.8306513,11940,14,Loss/l_ce,0.020998477935791016
1787401619.8308508,11940,14,Loss/l_total,0.020998477935791016
1787401619.830883,11940,14,LR,9.248145583195451e-05
1787401629.06733,11960,14,Loss/l_ce,0.12229204177856445
1787401629.067485,11960,14,Loss/l_total,0.12229204177856445
1787401629.0675077,11960,14,LR,9.248145583195451e-05
1787401637.9483654,11980,14,Loss/l_ce,0.06598711013793945
1787401637.9485152,11980,14,Loss/l_total,0.06598711013793945
1787401637.9485366,11980,14,LR,9.248145583195451e-05
1787401649.081073,12000,14,Loss/l_ce,0.044463396072387695
1787401649.0812287,12000,14,Loss/l_total,0.044463396072387695
1787401649.0812535,12000,14,LR,9.248145583195451e-05
1787401660.894497,12020,14,Loss/l_ce,0.046586036682128906
1787401660.8946621,12020,14,Loss/l_total,0.046586036682128906
1787401660.894687,12020,14,LR,9.248145583195451e-05
1787401668.5234985,12040,14,Loss/l_ce,0.08483457565307617
1787401668.5236552,12040,14,Loss/l_total,0.08483457565307617
1787401668.5236764,12040,14,LR,9.248145583195451e-05
1787401677.4488115,12060,14,Loss/l_ce,0.03736162185668945
1787401677.4489586,12060,14,Loss/l_total,0.03736162185668945
1787401677.448984,12060,14,LR,9.248145583195451e-05
1787401683.638013,12080,14,Loss/l_ce,0.07579231262207031
1787401683.6381943,12080,14,Loss/l_total,0.07579231262207031
1787401683.6382146,12080,14,LR,9.248145583195451e-05
1787401695.8646097,12100,14,Loss/l_ce,0.037444114685058594
1787401695.8647738,12100,14,Loss/l_total,0.037444114685058594
1787401695.8647997,12100,14,LR,9.248145583195451e-05
1787401705.747613,12120,14,Loss/l_ce,0.03603410720825195
1787401705.7477481,12120,14,Loss/l_total,0.03603410720825195
1787401705.7477708,12120,14,LR,9.248145583195451e-05
1787401717.9642022,12140,14,Loss/l_ce,0.0683131217956543
1787401717.964352,12140,14,Loss/l_total,0.0683131217956543
1787401717.9643745,12140,14,LR,9.248145583195451e-05
1787401726.3865411,12160,14,Loss/l_ce,0.05730009078979492
1787401726.3866918,12160,14,Loss/l_total,0.05730009078979492
1787401726.386712,12160,14,LR,9.248145583195451e-05
1787401732.5561607,12180,14,Loss/l_ce,0.018265247344970703
1787401732.556309,12180,14,Loss/l_total,0.018265247344970703
1787401732.5563304,12180,14,LR,9.248145583195451e-05
1787401793.5361156,12180,14,Val/avg_error,0.10893459618091583
1787401793.5364077,12180,14,Val/acc,0.451953125
1787401793.5364518,12180,14,Val/sparse_auc,0.6175258443813132
1787401793.5367427,12180,14,Val/sparse_pck_max,0.1
1787401793.536758,12180,14,Val/sparse_pck_n,100.0
1787401802.0829191,12200,15,Loss/l_ce,0.04230308532714844
1787401802.0831912,12200,15,Loss/l_total,0.04230308532714844
1787401802.083216,12200,15,LR,9.140576474687268e-05
1787401808.8361611,12220,15,Loss/l_ce,0.045250892639160156
1787401808.836441,12220,15,Loss/l_total,0.045250892639160156
1787401808.836465,12220,15,LR,9.140576474687268e-05
1787401816.974905,12240,15,Loss/l_ce,0.022428274154663086
1787401816.9750798,12240,15,Loss/l_total,0.022428274154663086
1787401816.9751031,12240,15,LR,9.140576474687268e-05
1787401825.8573668,12260,15,Loss/l_ce,0.019711017608642578
1787401825.8575046,12260,15,Loss/l_total,0.019711017608642578
1787401825.8575244,12260,15,LR,9.140576474687268e-05
1787401833.9029586,12280,15,Loss/l_ce,0.0396420955657959
1787401833.903171,12280,15,Loss/l_total,0.0396420955657959
1787401833.9031959,12280,15,LR,9.140576474687268e-05
1787401840.0472085,12300,15,Loss/l_ce,0.03661394119262695
1787401840.0473654,12300,15,Loss/l_total,0.03661394119262695
1787401840.047414,12300,15,LR,9.140576474687268e-05
1787401846.910586,12320,15,Loss/l_ce,0.02209758758544922
1787401846.9107964,12320,15,Loss/l_total,0.02209758758544922
1787401846.91082,12320,15,LR,9.140576474687268e-05
1787401852.6236005,12340,15,Loss/l_ce,0.028866052627563477
1787401852.6237574,12340,15,Loss/l_total,0.028866052627563477
1787401852.623788,12340,15,LR,9.140576474687268e-05
1787401859.4901865,12360,15,Loss/l_ce,0.08766317367553711
1787401859.4903374,12360,15,Loss/l_total,0.08766317367553711
1787401859.4903586,12360,15,LR,9.140576474687268e-05
1787401866.5143702,12380,15,Loss/l_ce,0.019268274307250977
1787401866.5145223,12380,15,Loss/l_total,0.019268274307250977
1787401866.5145462,12380,15,LR,9.140576474687268e-05
1787401871.8127856,12400,15,Loss/l_ce,0.0313105583190918
1787401871.8129401,12400,15,Loss/l_total,0.0313105583190918
1787401871.8129613,12400,15,LR,9.140576474687268e-05
1787401876.4545634,12420,15,Loss/l_ce,0.032742977142333984
1787401876.454714,12420,15,Loss/l_total,0.032742977142333984
1787401876.4547343,12420,15,LR,9.140576474687268e-05
1787401882.1711426,12440,15,Loss/l_ce,0.02270340919494629
1787401882.1713088,12440,15,Loss/l_total,0.02270340919494629
1787401882.1713314,12440,15,LR,9.140576474687268e-05
1787401887.8500967,12460,15,Loss/l_ce,0.04958987236022949
1787401887.850233,12460,15,Loss/l_total,0.04958987236022949
1787401887.850258,12460,15,LR,9.140576474687268e-05
1787401892.3116088,12480,15,Loss/l_ce,0.022423267364501953
1787401892.3117642,12480,15,Loss/l_total,0.022423267364501953
1787401892.311787,12480,15,LR,9.140576474687268e-05
1787401897.795708,12500,15,Loss/l_ce,0.13782596588134766
1787401897.795886,12500,15,Loss/l_total,0.13782596588134766
1787401897.7959108,12500,15,LR,9.140576474687268e-05
1787401907.7163138,12520,15,Loss/l_ce,0.021960735321044922
1787401907.7164836,12520,15,Loss/l_total,0.021960735321044922
1787401907.716505,12520,15,LR,9.140576474687268e-05
1787401915.0448596,12540,15,Loss/l_ce,0.12877988815307617
1787401915.0449939,12540,15,Loss/l_total,0.12877988815307617
1787401915.0450175,12540,15,LR,9.140576474687268e-05
1787401923.1986773,12560,15,Loss/l_ce,0.01599740982055664
1787401923.1988184,12560,15,Loss/l_total,0.01599740982055664
1787401923.198841,12560,15,LR,9.140576474687268e-05
1787401932.4236696,12580,15,Loss/l_ce,0.09024930000305176
1787401932.4238133,12580,15,Loss/l_total,0.09024930000305176
1787401932.4238346,12580,15,LR,9.140576474687268e-05
1787401943.0418572,12600,15,Loss/l_ce,0.014398813247680664
1787401943.0421162,12600,15,Loss/l_total,0.014398813247680664
1787401943.04214,12600,15,LR,9.140576474687268e-05
1787401952.9505906,12620,15,Loss/l_ce,0.0794377326965332
1787401952.950789,12620,15,Loss/l_total,0.0794377326965332
1787401952.9508116,12620,15,LR,9.140576474687268e-05
1787401963.7559526,12640,15,Loss/l_ce,0.041236162185668945
1787401963.7561984,12640,15,Loss/l_total,0.041236162185668945
1787401963.7562208,12640,15,LR,9.140576474687268e-05
1787401973.9046125,12660,15,Loss/l_ce,0.02595973014831543
1787401973.904995,12660,15,Loss/l_total,0.02595973014831543
1787401973.9050164,12660,15,LR,9.140576474687268e-05
1787401983.2057977,12680,15,Loss/l_ce,0.075286865234375
1787401983.20611,12680,15,Loss/l_total,0.075286865234375
1787401983.2061408,12680,15,LR,9.140576474687268e-05
1787401991.470965,12700,15,Loss/l_ce,0.030685901641845703
1787401991.471162,12700,15,Loss/l_total,0.030685901641845703
1787401991.4711883,12700,15,LR,9.140576474687268e-05
1787401999.7147112,12720,15,Loss/l_ce,0.05918622016906738
1787401999.7149808,12720,15,Loss/l_total,0.05918622016906738
1787401999.715007,12720,15,LR,9.140576474687268e-05
1787402007.4643178,12740,15,Loss/l_ce,0.02151942253112793
1787402007.4645066,12740,15,Loss/l_total,0.02151942253112793
1787402007.4645314,12740,15,LR,9.140576474687268e-05
1787402017.0909483,12760,15,Loss/l_ce,0.034005165100097656
1787402017.0911205,12760,15,Loss/l_total,0.034005165100097656
1787402017.091144,12760,15,LR,9.140576474687268e-05
1787402024.5009804,12780,15,Loss/l_ce,0.06304168701171875
1787402024.501148,12780,15,Loss/l_total,0.06304168701171875
1787402024.5011718,12780,15,LR,9.140576474687268e-05
1787402031.6061392,12800,15,Loss/l_ce,0.08671784400939941
1787402031.6063411,12800,15,Loss/l_total,0.08671784400939941
1787402031.6063635,12800,15,LR,9.140576474687268e-05
1787402038.45991,12820,15,Loss/l_ce,0.0759592056274414
1787402038.4600809,12820,15,Loss/l_total,0.0759592056274414
1787402038.4601057,12820,15,LR,9.140576474687268e-05
1787402049.1701827,12840,15,Loss/l_ce,0.07255673408508301
1787402049.170337,12840,15,Loss/l_total,0.07255673408508301
1787402049.1703584,12840,15,LR,9.140576474687268e-05
1787402058.4181018,12860,15,Loss/l_ce,0.03388357162475586
1787402058.4182725,12860,15,Loss/l_total,0.03388357162475586
1787402058.4182975,12860,15,LR,9.140576474687268e-05
1787402067.4226894,12880,15,Loss/l_ce,0.04445934295654297
1787402067.422864,12880,15,Loss/l_total,0.04445934295654297
1787402067.422889,12880,15,LR,9.140576474687268e-05
1787402072.3502576,12900,15,Loss/l_ce,0.0581057071685791
1787402072.3503847,12900,15,Loss/l_total,0.0581057071685791
1787402072.350406,12900,15,LR,9.140576474687268e-05
1787402082.4510205,12920,15,Loss/l_ce,0.029745817184448242
1787402082.4512281,12920,15,Loss/l_total,0.029745817184448242
1787402082.4512484,12920,15,LR,9.140576474687268e-05
1787402090.5218987,12940,15,Loss/l_ce,0.18719172477722168
1787402090.5220757,12940,15,Loss/l_total,0.18719172477722168
1787402090.522098,12940,15,LR,9.140576474687268e-05
1787402096.457781,12960,15,Loss/l_ce,0.015305757522583008
1787402096.4579434,12960,15,Loss/l_total,0.015305757522583008
1787402096.4579637,12960,15,LR,9.140576474687268e-05
1787402102.7206562,12980,15,Loss/l_ce,0.02428722381591797
1787402102.7208023,12980,15,Loss/l_total,0.02428722381591797
1787402102.7208247,12980,15,LR,9.140576474687268e-05
1787402161.1844912,12992,15,Val/avg_error,0.10405649244785309
1787402161.1848166,12992,15,Val/acc,0.457763671875
1787402161.1848414,12992,15,Val/sparse_auc,0.6231758502998738
1787402161.184859,12992,15,Val/sparse_pck_max,0.1
1787402161.1848748,12992,15,Val/sparse_pck_n,100.0
1787402165.1596372,13000,16,Loss/l_ce,0.034932851791381836
1787402165.1598926,13000,16,Loss/l_total,0.034932851791381836
1787402165.1599164,13000,16,LR,9.026620557966284e-05
1787402173.0029671,13020,16,Loss/l_ce,0.04636812210083008
1787402173.0031593,13020,16,Loss/l_total,0.04636812210083008
1787402173.0031807,13020,16,LR,9.026620557966284e-05
1787402182.6510723,13040,16,Loss/l_ce,0.02135467529296875
1787402182.6513205,13040,16,Loss/l_total,0.02135467529296875
1787402182.6513455,13040,16,LR,9.026620557966284e-05
1787402189.85992,13060,16,Loss/l_ce,0.027183055877685547
1787402189.8601055,13060,16,Loss/l_total,0.027183055877685547
1787402189.8601303,13060,16,LR,9.026620557966284e-05
1787402195.9113207,13080,16,Loss/l_ce,0.1017451286315918
1787402195.9114845,13080,16,Loss/l_total,0.1017451286315918
1787402195.911507,13080,16,LR,9.026620557966284e-05
1787402204.5974343,13100,16,Loss/l_ce,0.012721776962280273
1787402204.597629,13100,16,Loss/l_total,0.012721776962280273
1787402204.5976508,13100,16,LR,9.026620557966284e-05
1787402215.5770695,13120,16,Loss/l_ce,0.07675290107727051
1787402215.5772226,13120,16,Loss/l_total,0.07675290107727051
1787402215.5772429,13120,16,LR,9.026620557966284e-05
1787402225.1355953,13140,16,Loss/l_ce,0.02326655387878418
1787402225.1357615,13140,16,Loss/l_total,0.02326655387878418
1787402225.1357815,13140,16,LR,9.026620557966284e-05
1787402235.3856246,13160,16,Loss/l_ce,0.1260082721710205
1787402235.3858063,13160,16,Loss/l_total,0.1260082721710205
1787402235.385829,13160,16,LR,9.026620557966284e-05
1787402241.372535,13180,16,Loss/l_ce,0.22863483428955078
1787402241.3726823,13180,16,Loss/l_total,0.22863483428955078
1787402241.3727083,13180,16,LR,9.026620557966284e-05
1787402250.0239866,13200,16,Loss/l_ce,0.01770329475402832
1787402250.0241625,13200,16,Loss/l_total,0.01770329475402832
1787402250.0241873,13200,16,LR,9.026620557966284e-05
1787402257.8527415,13220,16,Loss/l_ce,0.023988723754882812
1787402257.8529124,13220,16,Loss/l_total,0.023988723754882812
1787402257.8529363,13220,16,LR,9.026620557966284e-05
1787402265.6535034,13240,16,Loss/l_ce,0.017354726791381836
1787402265.653653,13240,16,Loss/l_total,0.017354726791381836
1787402265.653678,13240,16,LR,9.026620557966284e-05
1787402276.7354987,13260,16,Loss/l_ce,0.012717247009277344
1787402276.735672,13260,16,Loss/l_total,0.012717247009277344
1787402276.7356923,13260,16,LR,9.026620557966284e-05
1787402283.2192047,13280,16,Loss/l_ce,0.028422117233276367
1787402283.219358,13280,16,Loss/l_total,0.028422117233276367
1787402283.2193792,13280,16,LR,9.026620557966284e-05
1787402291.806981,13300,16,Loss/l_ce,0.022733688354492188
1787402291.8071666,13300,16,Loss/l_total,0.022733688354492188
1787402291.8071914,13300,16,LR,9.026620557966284e-05
1787402300.5907612,13320,16,Loss/l_ce,0.08749103546142578
1787402300.5909715,13320,16,Loss/l_total,0.08749103546142578
1787402300.5909927,13320,16,LR,9.026620557966284e-05
1787402307.1051593,13340,16,Loss/l_ce,0.03748750686645508
1787402307.1053693,13340,16,Loss/l_total,0.03748750686645508
1787402307.1053932,13340,16,LR,9.026620557966284e-05
1787402317.0213807,13360,16,Loss/l_ce,0.019502878189086914
1787402317.0217547,13360,16,Loss/l_total,0.019502878189086914
1787402317.0217807,13360,16,LR,9.026620557966284e-05
1787402324.0983927,13380,16,Loss/l_ce,0.044446468353271484
1787402324.0985615,13380,16,Loss/l_total,0.044446468353271484
1787402324.0985854,13380,16,LR,9.026620557966284e-05
1787402336.9140983,13400,16,Loss/l_ce,0.008421659469604492
1787402336.9143772,13400,16,Loss/l_total,0.008421659469604492
1787402336.914401,13400,16,LR,9.026620557966284e-05
1787402346.401918,13420,16,Loss/l_ce,0.02447366714477539
1787402346.4021826,13420,16,Loss/l_total,0.02447366714477539
1787402346.40221,13420,16,LR,9.026620557966284e-05
1787402353.1473544,13440,16,Loss/l_ce,0.14673900604248047
1787402353.1475396,13440,16,Loss/l_total,0.14673900604248047
1787402353.1475623,13440,16,LR,9.026620557966284e-05
1787402362.9132435,13460,16,Loss/l_ce,0.04093194007873535
1787402362.9133945,13460,16,Loss/l_total,0.04093194007873535
1787402362.9134192,13460,16,LR,9.026620557966284e-05
1787402371.3534048,13480,16,Loss/l_ce,0.050481557846069336
1787402371.3535626,13480,16,Loss/l_total,0.050481557846069336
1787402371.3535838,13480,16,LR,9.026620557966284e-05
1787402378.560081,13500,16,Loss/l_ce,0.0590510368347168
1787402378.5602484,13500,16,Loss/l_total,0.0590510368347168
1787402378.5602732,13500,16,LR,9.026620557966284e-05
1787402388.0979908,13520,16,Loss/l_ce,0.020345687866210938
1787402388.0981793,13520,16,Loss/l_total,0.020345687866210938
1787402388.0982032,13520,16,LR,9.026620557966284e-05
1787402399.122403,13540,16,Loss/l_ce,0.014701604843139648
1787402399.1225562,13540,16,Loss/l_total,0.014701604843139648
1787402399.122734,13540,16,LR,9.026620557966284e-05
1787402412.6147468,13560,16,Loss/l_ce,0.13944268226623535
1787402412.6149263,13560,16,Loss/l_total,0.13944268226623535
1787402412.61495,13560,16,LR,9.026620557966284e-05
1787402425.0264978,13580,16,Loss/l_ce,0.04232287406921387
1787402425.0266452,13580,16,Loss/l_total,0.04232287406921387
1787402425.0266643,13580,16,LR,9.026620557966284e-05
1787402435.0456238,13600,16,Loss/l_ce,0.028255939483642578
1787402435.0457842,13600,16,Loss/l_total,0.028255939483642578
1787402435.0458078,13600,16,LR,9.026620557966284e-05
1787402443.2491732,13620,16,Loss/l_ce,0.02353835105895996
1787402443.249331,13620,16,Loss/l_total,0.02353835105895996
1787402443.2493513,13620,16,LR,9.026620557966284e-05
1787402452.3165894,13640,16,Loss/l_ce,0.03896331787109375
1787402452.316772,13640,16,Loss/l_total,0.03896331787109375
1787402452.3167946,13640,16,LR,9.026620557966284e-05
1787402461.0608544,13660,16,Loss/l_ce,0.0380253791809082
1787402461.0610065,13660,16,Loss/l_total,0.0380253791809082
1787402461.0610266,13660,16,LR,9.026620557966284e-05
1787402469.9135864,13680,16,Loss/l_ce,0.02087712287902832
1787402469.913819,13680,16,Loss/l_total,0.02087712287902832
1787402469.913843,13680,16,LR,9.026620557966284e-05
1787402479.1964495,13700,16,Loss/l_ce,0.03656578063964844
1787402479.1966548,13700,16,Loss/l_total,0.03656578063964844
1787402479.1966774,13700,16,LR,9.026620557966284e-05
1787402489.220025,13720,16,Loss/l_ce,0.02390265464782715
1787402489.2202494,13720,16,Loss/l_total,0.02390265464782715
1787402489.2202733,13720,16,LR,9.026620557966284e-05
1787402496.7916791,13740,16,Loss/l_ce,0.024854660034179688
1787402496.7918906,13740,16,Loss/l_total,0.024854660034179688
1787402496.7919133,13740,16,LR,9.026620557966284e-05
1787402507.1420164,13760,16,Loss/l_ce,0.23525357246398926
1787402507.1424131,13760,16,Loss/l_total,0.23525357246398926
1787402507.1424406,13760,16,LR,9.026620557966284e-05
1787402518.6526563,13780,16,Loss/l_ce,0.022632122039794922
1787402518.6530137,13780,16,Loss/l_total,0.022632122039794922
1787402518.6530745,13780,16,LR,9.026620557966284e-05
1787402524.287896,13800,16,Loss/l_ce,0.020879745483398438
1787402524.2881713,13800,16,Loss/l_total,0.020879745483398438
1787402524.2881973,13800,16,LR,9.026620557966284e-05
1787402581.8904264,13804,16,Val/avg_error,0.11001880466938019
1787402581.890742,13804,16,Val/acc,0.45244140625
1787402581.8907645,13804,16,Val/sparse_auc,0.6163108132102272
1787402581.8907838,13804,16,Val/sparse_pck_max,0.1
1787402581.890799,13804,16,Val/sparse_pck_n,100.0
1787402592.2817225,13820,17,Loss/l_ce,0.23194479942321777
1787402592.2819278,13820,17,Loss/l_total,0.23194479942321777
1787402592.2819517,13820,17,LR,8.906477750432908e-05
1787402603.829704,13840,17,Loss/l_ce,0.019924402236938477
1787402603.8298476,13840,17,Loss/l_total,0.019924402236938477
1787402603.82987,13840,17,LR,8.906477750432908e-05
1787402609.4218245,13860,17,Loss/l_ce,0.024842262268066406
1787402609.4220834,13860,17,Loss/l_total,0.024842262268066406
1787402609.4221084,13860,17,LR,8.906477750432908e-05
1787402618.0075943,13880,17,Loss/l_ce,0.12833547592163086
1787402618.007821,13880,17,Loss/l_total,0.12833547592163086
1787402618.007846,13880,17,LR,8.906477750432908e-05
1787402626.5917256,13900,17,Loss/l_ce,0.02367687225341797
1787402626.5919168,13900,17,Loss/l_total,0.02367687225341797
1787402626.5919406,13900,17,LR,8.906477750432908e-05
1787402635.4672825,13920,17,Loss/l_ce,0.10065603256225586
1787402635.467558,13920,17,Loss/l_total,0.10065603256225586
1787402635.4675803,13920,17,LR,8.906477750432908e-05
1787402646.2134666,13940,17,Loss/l_ce,0.16482162475585938
1787402646.2136304,13940,17,Loss/l_total,0.16482162475585938
1787402646.2136517,13940,17,LR,8.906477750432908e-05
1787402654.5106974,13960,17,Loss/l_ce,0.14960074424743652
1787402654.510959,13960,17,Loss/l_total,0.14960074424743652
1787402654.510985,13960,17,LR,8.906477750432908e-05
1787402661.5072458,13980,17,Loss/l_ce,0.017753124237060547
1787402661.5074096,13980,17,Loss/l_total,0.017753124237060547
1787402661.5075428,13980,17,LR,8.906477750432908e-05
1787402668.4267876,14000,17,Loss/l_ce,0.025970458984375
1787402668.4269881,14000,17,Loss/l_total,0.025970458984375
1787402668.4271722,14000,17,LR,8.906477750432908e-05
1787402676.4304311,14020,17,Loss/l_ce,0.1163785457611084
1787402676.4305997,14020,17,Loss/l_total,0.1163785457611084
1787402676.4306226,14020,17,LR,8.906477750432908e-05
1787402683.9944465,14040,17,Loss/l_ce,0.030859947204589844
1787402683.9946628,14040,17,Loss/l_total,0.030859947204589844
1787402683.9946864,14040,17,LR,8.906477750432908e-05
1787402696.3437288,14060,17,Loss/l_ce,0.02834606170654297
1787402696.3439283,14060,17,Loss/l_total,0.02834606170654297
1787402696.3439507,14060,17,LR,8.906477750432908e-05
1787402703.5775135,14080,17,Loss/l_ce,0.13850760459899902
1787402703.577708,14080,17,Loss/l_total,0.13850760459899902
1787402703.5777295,14080,17,LR,8.906477750432908e-05
1787402711.0985594,14100,17,Loss/l_ce,0.08879661560058594
1787402711.0987484,14100,17,Loss/l_total,0.08879661560058594
1787402711.0987673,14100,17,LR,8.906477750432908e-05
1787402718.827633,14120,17,Loss/l_ce,0.03302407264709473
1787402718.827823,14120,17,Loss/l_total,0.03302407264709473
1787402718.8278468,14120,17,LR,8.906477750432908e-05
1787402726.8194528,14140,17,Loss/l_ce,0.018247604370117188
1787402726.8196318,14140,17,Loss/l_total,0.018247604370117188
1787402726.8196511,14140,17,LR,8.906477750432908e-05
1787402736.0841594,14160,17,Loss/l_ce,0.1257948875427246
1787402736.0843923,14160,17,Loss/l_total,0.1257948875427246
1787402736.0844183,14160,17,LR,8.906477750432908e-05
1787402746.5848637,14180,17,Loss/l_ce,0.09985494613647461
1787402746.585067,14180,17,Loss/l_total,0.09985494613647461
1787402746.5850918,14180,17,LR,8.906477750432908e-05
1787402754.520818,14200,17,Loss/l_ce,0.024574995040893555
1787402754.5210564,14200,17,Loss/l_total,0.024574995040893555
1787402754.5210826,14200,17,LR,8.906477750432908e-05
1787402763.6239588,14220,17,Loss/l_ce,0.03799629211425781
1787402763.6241605,14220,17,Loss/l_total,0.03799629211425781
1787402763.6241856,14220,17,LR,8.906477750432908e-05
1787402771.8689458,14240,17,Loss/l_ce,0.024074316024780273
1787402771.8691049,14240,17,Loss/l_total,0.024074316024780273
1787402771.8691251,14240,17,LR,8.906477750432908e-05
1787402782.8434896,14260,17,Loss/l_ce,0.06540513038635254
1787402782.8436618,14260,17,Loss/l_total,0.06540513038635254
1787402782.8436844,14260,17,LR,8.906477750432908e-05
1787402790.4780605,14280,17,Loss/l_ce,0.15847325325012207
1787402790.4782624,14280,17,Loss/l_total,0.15847325325012207
1787402790.4782898,14280,17,LR,8.906477750432908e-05
1787402801.1049228,14300,17,Loss/l_ce,0.023507118225097656
1787402801.1051152,14300,17,Loss/l_total,0.023507118225097656
1787402801.1051364,14300,17,LR,8.906477750432908e-05
1787402810.540483,14320,17,Loss/l_ce,0.03207063674926758
1787402810.5406802,14320,17,Loss/l_total,0.03207063674926758
1787402810.5407028,14320,17,LR,8.906477750432908e-05
1787402818.3639565,14340,17,Loss/l_ce,0.17957234382629395
1787402818.3642864,14340,17,Loss/l_total,0.17957234382629395
1787402818.364333,14340,17,LR,8.906477750432908e-05
1787402825.3355713,14360,17,Loss/l_ce,0.018851280212402344
1787402825.3357482,14360,17,Loss/l_total,0.018851280212402344
1787402825.3357754,14360,17,LR,8.906477750432908e-05
1787402833.5807877,14380,17,Loss/l_ce,0.2664146423339844
1787402833.5809753,14380,17,Loss/l_total,0.2664146423339844
1787402833.580998,14380,17,LR,8.906477750432908e-05
1787402843.6243446,14400,17,Loss/l_ce,0.0633695125579834
1787402843.6245809,14400,17,Loss/l_total,0.0633695125579834
1787402843.6246047,14400,17,LR,8.906477750432908e-05
1787402851.6483634,14420,17,Loss/l_ce,0.04023265838623047
1787402851.6485853,14420,17,Loss/l_total,0.04023265838623047
1787402851.648608,14420,17,LR,8.906477750432908e-05
1787402862.1795914,14440,17,Loss/l_ce,0.00801229476928711
1787402862.1798398,14440,17,Loss/l_total,0.00801229476928711
1787402862.1798632,14440,17,LR,8.906477750432908e-05
1787402869.9742923,14460,17,Loss/l_ce,0.0189974308013916
1787402869.9744942,14460,17,Loss/l_total,0.0189974308013916
1787402869.9745166,14460,17,LR,8.906477750432908e-05
1787402881.4546342,14480,17,Loss/l_ce,0.02431464195251465
1787402881.4548502,14480,17,Loss/l_total,0.02431464195251465
1787402881.454874,14480,17,LR,8.906477750432908e-05
1787402892.5874348,14500,17,Loss/l_ce,0.055583953857421875
1787402892.587639,14500,17,Loss/l_total,0.055583953857421875
1787402892.5876627,14500,17,LR,8.906477750432908e-05
1787402902.8056896,14520,17,Loss/l_ce,0.016460895538330078
1787402902.805833,14520,17,Loss/l_total,0.016460895538330078
1787402902.8058558,14520,17,LR,8.906477750432908e-05
1787402912.4471726,14540,17,Loss/l_ce,0.11805868148803711
1787402912.4473364,14540,17,Loss/l_total,0.11805868148803711
1787402912.4473662,14540,17,LR,8.906477750432908e-05
1787402919.9868672,14560,17,Loss/l_ce,0.12333011627197266
1787402919.9870524,14560,17,Loss/l_total,0.12333011627197266
1787402919.9870775,14560,17,LR,8.906477750432908e-05
1787402926.684941,14580,17,Loss/l_ce,0.03600716590881348
1787402926.68513,14580,17,Loss/l_total,0.03600716590881348
1787402926.685155,14580,17,LR,8.906477750432908e-05
1787402934.6774302,14600,17,Loss/l_ce,0.03596615791320801
1787402934.6776216,14600,17,Loss/l_total,0.03596615791320801
1787402934.677644,14600,17,LR,8.906477750432908e-05
1787402992.371942,14616,17,Val/avg_error,0.11124281585216522
1787402992.3722959,14616,17,Val/acc,0.452587890625
1787402992.372322,14616,17,Val/sparse_auc,0.614895537405303
1787402992.372346,14616,17,Val/sparse_pck_max,0.1
1787402992.3723671,14616,17,Val/sparse_pck_n,100.0
1787402996.3895197,14620,18,Loss/l_ce,0.11870479583740234
1787402996.3896573,14620,18,Loss/l_total,0.11870479583740234
1787402996.3896763,14620,18,LR,8.780358823396356e-05
1787403004.8618047,14640,18,Loss/l_ce,0.019388437271118164
1787403004.8620625,14640,18,Loss/l_total,0.019388437271118164
1787403004.8620887,14640,18,LR,8.780358823396356e-05
1787403010.733915,14660,18,Loss/l_ce,0.03944253921508789
1787403010.7341964,14660,18,Loss/l_total,0.03944253921508789
1787403010.7342227,14660,18,LR,8.780358823396356e-05
1787403017.7457063,14680,18,Loss/l_ce,0.09593749046325684
1787403017.7462356,14680,18,Loss/l_total,0.09593749046325684
1787403017.746263,14680,18,LR,8.780358823396356e-05
1787403024.3301609,14700,18,Loss/l_ce,0.02037215232849121
1787403024.3303413,14700,18,Loss/l_total,0.02037215232849121
1787403024.3303652,14700,18,LR,8.780358823396356e-05
1787403032.574528,14720,18,Loss/l_ce,0.02329254150390625
1787403032.574712,14720,18,Loss/l_total,0.02329254150390625
1787403032.5747347,14720,18,LR,8.780358823396356e-05
1787403044.3917794,14740,18,Loss/l_ce,0.044233083724975586
1787403044.3919823,14740,18,Loss/l_total,0.044233083724975586
1787403044.3920085,14740,18,LR,8.780358823396356e-05
1787403053.3826675,14760,18,Loss/l_ce,0.02382683753967285
1787403053.3828633,14760,18,Loss/l_total,0.02382683753967285
1787403053.3828871,14760,18,LR,8.780358823396356e-05
1787403063.654427,14780,18,Loss/l_ce,0.03929328918457031
1787403063.6546257,14780,18,Loss/l_total,0.03929328918457031
1787403063.6548688,14780,18,LR,8.780358823396356e-05
1787403077.6844757,14800,18,Loss/l_ce,0.09496736526489258
1787403077.6846526,14800,18,Loss/l_total,0.09496736526489258
1787403077.684675,14800,18,LR,8.780358823396356e-05
1787403085.2154799,14820,18,Loss/l_ce,0.15673255920410156
1787403085.21569,14820,18,Loss/l_total,0.15673255920410156
1787403085.2157187,14820,18,LR,8.780358823396356e-05
1787403095.238968,14840,18,Loss/l_ce,0.01862955093383789
1787403095.2391496,14840,18,Loss/l_total,0.01862955093383789
1787403095.2391734,14840,18,LR,8.780358823396356e-05
1787403100.584959,14860,18,Loss/l_ce,0.025684118270874023
1787403100.5851192,14860,18,Loss/l_total,0.025684118270874023
1787403100.585144,14860,18,LR,8.780358823396356e-05
1787403107.0194938,14880,18,Loss/l_ce,0.056391000747680664
1787403107.0196567,14880,18,Loss/l_total,0.056391000747680664
1787403107.0197778,14880,18,LR,8.780358823396356e-05
1787403113.0216372,14900,18,Loss/l_ce,0.08890485763549805
1787403113.0219967,14900,18,Loss/l_total,0.08890485763549805
1787403113.0220194,14900,18,LR,8.780358823396356e-05
1787403119.841615,14920,18,Loss/l_ce,0.009832143783569336
1787403119.8420708,14920,18,Loss/l_total,0.009832143783569336
1787403119.842098,14920,18,LR,8.780358823396356e-05
1787403125.4412706,14940,18,Loss/l_ce,0.03572845458984375
1787403125.441807,14940,18,Loss/l_total,0.03572845458984375
1787403125.4418323,14940,18,LR,8.780358823396356e-05
1787403131.443244,14960,18,Loss/l_ce,0.008335590362548828
1787403131.4435086,14960,18,Loss/l_total,0.008335590362548828
1787403131.4435325,14960,18,LR,8.780358823396356e-05
1787403138.6502447,14980,18,Loss/l_ce,0.0498504638671875
1787403138.6504738,14980,18,Loss/l_total,0.0498504638671875
1787403138.6504989,14980,18,LR,8.780358823396356e-05
1787403145.9148955,15000,18,Loss/l_ce,0.08449149131774902
1787403145.9151034,15000,18,Loss/l_total,0.08449149131774902
1787403145.9151282,15000,18,LR,8.780358823396356e-05
1787403153.1110873,15020,18,Loss/l_ce,0.034244537353515625
1787403153.1112773,15020,18,Loss/l_total,0.034244537353515625
1787403153.1112986,15020,18,LR,8.780358823396356e-05
1787403160.647837,15040,18,Loss/l_ce,0.05321788787841797
1787403160.6480708,15040,18,Loss/l_total,0.05321788787841797
1787403160.6481006,15040,18,LR,8.780358823396356e-05
1787403171.3335054,15060,18,Loss/l_ce,0.024317264556884766
1787403171.3337452,15060,18,Loss/l_total,0.024317264556884766
1787403171.3337712,15060,18,LR,8.780358823396356e-05
1787403179.4595942,15080,18,Loss/l_ce,0.008762836456298828
1787403179.45982,15080,18,Loss/l_total,0.008762836456298828
1787403179.4598436,15080,18,LR,8.780358823396356e-05
1787403186.0855882,15100,18,Loss/l_ce,0.07126021385192871
1787403186.0858588,15100,18,Loss/l_total,0.07126021385192871
1787403186.0858812,15100,18,LR,8.780358823396356e-05
1787403195.6720765,15120,18,Loss/l_ce,0.045308589935302734
1787403195.6723092,15120,18,Loss/l_total,0.045308589935302734
1787403195.672333,15120,18,LR,8.780358823396356e-05
1787403205.7496936,15140,18,Loss/l_ce,0.15700912475585938
1787403205.7498899,15140,18,Loss/l_total,0.15700912475585938
1787403205.7499123,15140,18,LR,8.780358823396356e-05
1787403218.9245393,15160,18,Loss/l_ce,0.0301668643951416
1787403218.9247282,15160,18,Loss/l_total,0.0301668643951416
1787403218.9247518,15160,18,LR,8.780358823396356e-05
1787403233.4878912,15180,18,Loss/l_ce,0.02236008644104004
1787403233.4880965,15180,18,Loss/l_total,0.02236008644104004
1787403233.491162,15180,18,LR,8.780358823396356e-05
1787403242.7933347,15200,18,Loss/l_ce,0.021689891815185547
1787403242.793513,15200,18,Loss/l_total,0.021689891815185547
1787403242.7935367,15200,18,LR,8.780358823396356e-05
1787403251.5879266,15220,18,Loss/l_ce,0.019072294235229492
1787403251.5881224,15220,18,Loss/l_total,0.019072294235229492
1787403251.5881448,15220,18,LR,8.780358823396356e-05
1787403260.9121249,15240,18,Loss/l_ce,0.02472233772277832
1787403260.9123173,15240,18,Loss/l_total,0.02472233772277832
1787403260.9123397,15240,18,LR,8.780358823396356e-05
1787403272.583526,15260,18,Loss/l_ce,0.0804295539855957
1787403272.5837004,15260,18,Loss/l_total,0.0804295539855957
1787403272.5837216,15260,18,LR,8.780358823396356e-05
1787403283.8964324,15280,18,Loss/l_ce,0.024435043334960938
1787403283.896634,15280,18,Loss/l_total,0.024435043334960938
1787403283.8966591,15280,18,LR,8.780358823396356e-05
1787403290.1288364,15300,18,Loss/l_ce,0.026753664016723633
1787403290.129024,15300,18,Loss/l_total,0.026753664016723633
1787403290.1290834,15300,18,LR,8.780358823396356e-05
1787403299.842888,15320,18,Loss/l_ce,0.0460209846496582
1787403299.8431163,15320,18,Loss/l_total,0.0460209846496582
1787403299.8431425,15320,18,LR,8.780358823396356e-05
1787403313.8017962,15340,18,Loss/l_ce,0.0205230712890625
1787403313.8019824,15340,18,Loss/l_total,0.0205230712890625
1787403313.8020062,15340,18,LR,8.780358823396356e-05
1787403323.0778034,15360,18,Loss/l_ce,0.0328981876373291
1787403323.078011,15360,18,Loss/l_total,0.0328981876373291
1787403323.078062,15360,18,LR,8.780358823396356e-05
1787403332.8330104,15380,18,Loss/l_ce,0.02083611488342285
1787403332.8332503,15380,18,Loss/l_total,0.02083611488342285
1787403332.8332717,15380,18,LR,8.780358823396356e-05
1787403341.639498,15400,18,Loss/l_ce,0.03161311149597168
1787403341.639727,15400,18,Loss/l_total,0.03161311149597168
1787403341.639751,15400,18,LR,8.780358823396356e-05
1787403351.3193665,15420,18,Loss/l_ce,0.07019877433776855
1787403351.3195717,15420,18,Loss/l_total,0.07019877433776855
1787403351.3195941,15420,18,LR,8.780358823396356e-05
1787403415.4626732,15428,18,Val/avg_error,0.11553219705820084
1787403415.463116,15428,18,Val/acc,0.446875
1787403415.4631422,15428,18,Val/sparse_auc,0.6084817905618687
1787403415.46316,15428,18,Val/sparse_pck_max,0.1
1787403415.4631755,15428,18,Val/sparse_pck_n,100.0
1787403421.4199882,15440,19,Loss/l_ce,0.035569190979003906
1787403421.4201806,15440,19,Loss/l_total,0.035569190979003906
1787403421.420203,15440,19,LR,8.648485032310149e-05
1787403428.4492867,15460,19,Loss/l_ce,0.07889938354492188
1787403428.4495242,15460,19,Loss/l_total,0.07889938354492188
1787403428.4495468,15460,19,LR,8.648485032310149e-05
1787403439.0406582,15480,19,Loss/l_ce,0.0436396598815918
1787403439.0409453,15480,19,Loss/l_total,0.0436396598815918
1787403439.040968,15480,19,LR,8.648485032310149e-05
1787403454.2916985,15500,19,Loss/l_ce,0.02289104461669922
1787403454.2918813,15500,19,Loss/l_total,0.02289104461669922
1787403454.2919028,15500,19,LR,8.648485032310149e-05
1787403464.3043344,15520,19,Loss/l_ce,0.06648540496826172
1787403464.304509,15520,19,Loss/l_total,0.06648540496826172
1787403464.304529,15520,19,LR,8.648485032310149e-05
1787403472.7942805,15540,19,Loss/l_ce,0.021689414978027344
1787403472.794526,15540,19,Loss/l_total,0.021689414978027344
1787403472.7945511,15540,19,LR,8.648485032310149e-05
1787403479.0404348,15560,19,Loss/l_ce,0.021687030792236328
1787403479.0406177,15560,19,Loss/l_total,0.021687030792236328
1787403479.0406404,15560,19,LR,8.648485032310149e-05
1787403487.4656637,15580,19,Loss/l_ce,0.10215353965759277
1787403487.4658513,15580,19,Loss/l_total,0.10215353965759277
1787403487.4658775,15580,19,LR,8.648485032310149e-05
1787403498.3346217,15600,19,Loss/l_ce,0.02185368537902832
1787403498.3347797,15600,19,Loss/l_total,0.02185368537902832
1787403498.334803,15600,19,LR,8.648485032310149e-05
1787403508.8148348,15620,19,Loss/l_ce,0.11187219619750977
1787403508.815076,15620,19,Loss/l_total,0.11187219619750977
1787403508.8150985,15620,19,LR,8.648485032310149e-05
1787403521.051885,15640,19,Loss/l_ce,0.16353893280029297
1787403521.052115,15640,19,Loss/l_total,0.16353893280029297
1787403521.0521352,15640,19,LR,8.648485032310149e-05
1787403529.2462463,15660,19,Loss/l_ce,0.01948237419128418
1787403529.246421,15660,19,Loss/l_total,0.01948237419128418
1787403529.2464445,15660,19,LR,8.648485032310149e-05
1787403539.7768486,15680,19,Loss/l_ce,0.03273773193359375
1787403539.7770576,15680,19,Loss/l_total,0.03273773193359375
1787403539.7770813,15680,19,LR,8.648485032310149e-05
1787403549.7553747,15700,19,Loss/l_ce,0.03104424476623535
1787403549.7555385,15700,19,Loss/l_total,0.03104424476623535
1787403549.75556,15700,19,LR,8.648485032310149e-05
1787403556.948391,15720,19,Loss/l_ce,0.011444330215454102
1787403556.9485714,15720,19,Loss/l_total,0.011444330215454102
1787403556.9485927,15720,19,LR,8.648485032310149e-05
1787403566.6291904,15740,19,Loss/l_ce,0.017788171768188477
1787403566.62937,15740,19,Loss/l_total,0.017788171768188477
1787403566.6293936,15740,19,LR,8.648485032310149e-05
1787403575.1814673,15760,19,Loss/l_ce,0.02392578125
1787403575.1816406,15760,19,Loss/l_total,0.02392578125
1787403575.1816669,15760,19,LR,8.648485032310149e-05
1787403585.311977,15780,19,Loss/l_ce,0.029360294342041016
1787403585.3121777,15780,19,Loss/l_total,0.029360294342041016
1787403585.3122025,15780,19,LR,8.648485032310149e-05
1787403597.3388898,15800,19,Loss/l_ce,0.06262588500976562
1787403597.33912,15800,19,Loss/l_total,0.06262588500976562
1787403597.3391438,15800,19,LR,8.648485032310149e-05
1787403606.4541516,15820,19,Loss/l_ce,0.0364377498626709
1787403606.454331,15820,19,Loss/l_total,0.0364377498626709
1787403606.454356,15820,19,LR,8.648485032310149e-05
1787403615.5307708,15840,19,Loss/l_ce,0.02901625633239746
1787403615.5309405,15840,19,Loss/l_total,0.02901625633239746
1787403615.5309606,15840,19,LR,8.648485032310149e-05
1787403624.1507533,15860,19,Loss/l_ce,0.21023821830749512
1787403624.1509585,15860,19,Loss/l_total,0.21023821830749512
1787403624.15098,15860,19,LR,8.648485032310149e-05
1787403635.9898322,15880,19,Loss/l_ce,0.02891087532043457
1787403635.9900267,15880,19,Loss/l_total,0.02891087532043457
1787403635.9900732,15880,19,LR,8.648485032310149e-05
1787403646.9008052,15900,19,Loss/l_ce,0.03810620307922363
1787403646.90097,15900,19,Loss/l_total,0.03810620307922363
1787403646.9009914,15900,19,LR,8.648485032310149e-05
1787403657.6544135,15920,19,Loss/l_ce,0.04301571846008301
1787403657.6546142,15920,19,Loss/l_total,0.04301571846008301
1787403657.654638,15920,19,LR,8.648485032310149e-05
1787403673.0028577,15940,19,Loss/l_ce,0.022313356399536133
1787403673.0030665,15940,19,Loss/l_total,0.022313356399536133
1787403673.0030928,15940,19,LR,8.648485032310149e-05
1787403684.6811738,15960,19,Loss/l_ce,0.08773303031921387
1787403684.6813579,15960,19,Loss/l_total,0.08773303031921387
1787403684.6813815,15960,19,LR,8.648485032310149e-05
1787403700.3186393,15980,19,Loss/l_ce,0.3087310791015625
1787403700.318827,15980,19,Loss/l_total,0.3087310791015625
1787403700.318852,15980,19,LR,8.648485032310149e-05
1787403712.7205982,16000,19,Loss/l_ce,0.1268932819366455
1787403712.7207751,16000,19,Loss/l_total,0.1268932819366455
1787403712.7207978,16000,19,LR,8.648485032310149e-05
1787403723.6510224,16020,19,Loss/l_ce,0.08101701736450195
1787403723.6512659,16020,19,Loss/l_total,0.08101701736450195
1787403723.6512907,16020,19,LR,8.648485032310149e-05
1787403733.8462465,16040,19,Loss/l_ce,0.010964393615722656
1787403733.8464174,16040,19,Loss/l_total,0.010964393615722656
1787403733.8485045,16040,19,LR,8.648485032310149e-05
1787403741.251316,16060,19,Loss/l_ce,0.02306675910949707
1787403741.2515025,16060,19,Loss/l_total,0.02306675910949707
1787403741.251526,16060,19,LR,8.648485032310149e-05
1787403753.0135622,16080,19,Loss/l_ce,0.009790182113647461
1787403753.0137463,16080,19,Loss/l_total,0.009790182113647461
1787403753.0137677,16080,19,LR,8.648485032310149e-05
1787403760.5564845,16100,19,Loss/l_ce,0.022074460983276367
1787403760.5566564,16100,19,Loss/l_total,0.022074460983276367
1787403760.5566802,16100,19,LR,8.648485032310149e-05
1787403770.8579338,16120,19,Loss/l_ce,0.02403879165649414
1787403770.8581488,16120,19,Loss/l_total,0.02403879165649414
1787403770.8581736,16120,19,LR,8.648485032310149e-05
1787403780.3607316,16140,19,Loss/l_ce,0.020473957061767578
1787403780.3609095,16140,19,Loss/l_total,0.020473957061767578
1787403780.3609324,16140,19,LR,8.648485032310149e-05
1787403790.1764576,16160,19,Loss/l_ce,0.12179136276245117
1787403790.1766644,16160,19,Loss/l_total,0.12179136276245117
1787403790.1766894,16160,19,LR,8.648485032310149e-05
1787403800.1437209,16180,19,Loss/l_ce,0.025087356567382812
1787403800.1439655,16180,19,Loss/l_total,0.025087356567382812
1787403800.143988,16180,19,LR,8.648485032310149e-05
1787403807.6755614,16200,19,Loss/l_ce,0.018466711044311523
1787403807.675755,16200,19,Loss/l_total,0.018466711044311523
1787403807.6757786,16200,19,LR,8.648485032310149e-05
1787403819.1817484,16220,19,Loss/l_ce,0.04029226303100586
1787403819.182132,16220,19,Loss/l_total,0.04029226303100586
1787403819.1821592,16220,19,LR,8.648485032310149e-05
1787403832.8646636,16240,19,Loss/l_ce,0.041376590728759766
1787403832.8649592,16240,19,Loss/l_total,0.041376590728759766
1787403832.8649805,16240,19,LR,8.648485032310149e-05
1787403898.050908,16240,19,Val/avg_error,0.10795074701309204
1787403898.0512705,16240,19,Val/acc,0.467236328125
1787403898.051314,16240,19,Val/sparse_auc,0.6274808633207071
1787403898.051332,16240,19,Val/sparse_pck_max,0.1
1787403898.0513794,16240,19,Val/sparse_pck_n,100.0
1787403909.8709557,16260,20,Loss/l_ce,0.031095266342163086
1787403909.8712776,16260,20,Loss/l_total,0.031095266342163086
1787403909.8713024,16260,20,LR,8.511087728614866e-05
1787403920.5134335,16280,20,Loss/l_ce,0.021868228912353516
1787403920.5136824,16280,20,Loss/l_total,0.021868228912353516
1787403920.5137053,16280,20,LR,8.511087728614866e-05
1787403927.4764132,16300,20,Loss/l_ce,0.020173072814941406
1787403927.4766045,16300,20,Loss/l_total,0.020173072814941406
1787403927.4766245,16300,20,LR,8.511087728614866e-05
1787403937.8999202,16320,20,Loss/l_ce,0.027988672256469727
1787403937.9001303,16320,20,Loss/l_total,0.027988672256469727
1787403937.900154,16320,20,LR,8.511087728614866e-05
1787403947.4443254,16340,20,Loss/l_ce,0.022951602935791016
1787403947.444494,16340,20,Loss/l_total,0.022951602935791016
1787403947.4445167,16340,20,LR,8.511087728614866e-05
1787403958.548027,16360,20,Loss/l_ce,0.03238940238952637
1787403958.5482955,16360,20,Loss/l_total,0.03238940238952637
1787403958.5483193,16360,20,LR,8.511087728614866e-05
1787403966.261503,16380,20,Loss/l_ce,0.012818574905395508
1787403966.26168,16380,20,Loss/l_total,0.012818574905395508
1787403966.2617023,16380,20,LR,8.511087728614866e-05
1787403973.394936,16400,20,Loss/l_ce,0.07142305374145508
1787403973.3951557,16400,20,Loss/l_total,0.07142305374145508
1787403973.3951795,16400,20,LR,8.511087728614866e-05
1787403982.749765,16420,20,Loss/l_ce,0.019174814224243164
1787403982.7499547,16420,20,Loss/l_total,0.019174814224243164
1787403982.7499785,16420,20,LR,8.511087728614866e-05
1787403992.7331338,16440,20,Loss/l_ce,0.023354291915893555
1787403992.7333143,16440,20,Loss/l_total,0.023354291915893555
1787403992.733337,16440,20,LR,8.511087728614866e-05
1787404004.400575,16460,20,Loss/l_ce,0.02350616455078125
1787404004.4007292,16460,20,Loss/l_total,0.02350616455078125
1787404004.400747,16460,20,LR,8.511087728614866e-05
1787404018.8906782,16480,20,Loss/l_ce,0.019222736358642578
1787404018.8908672,16480,20,Loss/l_total,0.019222736358642578
1787404018.890891,16480,20,LR,8.511087728614866e-05
1787404030.8931246,16500,20,Loss/l_ce,0.0880575180053711
1787404030.893399,16500,20,Loss/l_total,0.0880575180053711
1787404030.893519,16500,20,LR,8.511087728614866e-05
1787404048.5010278,16520,20,Loss/l_ce,0.031644344329833984
1787404048.5013092,16520,20,Loss/l_total,0.031644344329833984
1787404048.501333,16520,20,LR,8.511087728614866e-05
1787404060.0825188,16540,20,Loss/l_ce,0.01949763298034668
1787404060.0826871,16540,20,Loss/l_total,0.01949763298034668
1787404060.0827088,16540,20,LR,8.511087728614866e-05
1787404073.9769557,16560,20,Loss/l_ce,0.017855167388916016
1787404073.9771385,16560,20,Loss/l_total,0.017855167388916016
1787404073.9771621,16560,20,LR,8.511087728614866e-05
1787404088.500784,16580,20,Loss/l_ce,0.030393600463867188
1787404088.500949,16580,20,Loss/l_total,0.030393600463867188
1787404088.5009706,16580,20,LR,8.511087728614866e-05
1787404101.466394,16600,20,Loss/l_ce,0.017345428466796875
1787404101.4665992,16600,20,Loss/l_total,0.017345428466796875
1787404101.466623,16600,20,LR,8.511087728614866e-05
1787404113.0079684,16620,20,Loss/l_ce,0.021359920501708984
1787404113.0082035,16620,20,Loss/l_total,0.021359920501708984
1787404113.008231,16620,20,LR,8.511087728614866e-05
1787404121.4926367,16640,20,Loss/l_ce,0.13639068603515625
1787404121.4928205,16640,20,Loss/l_total,0.13639068603515625
1787404121.4928443,16640,20,LR,8.511087728614866e-05
1787404132.9951007,16660,20,Loss/l_ce,0.02081131935119629
1787404132.9952598,16660,20,Loss/l_total,0.02081131935119629
1787404132.9952812,16660,20,LR,8.511087728614866e-05
1787404146.6963356,16680,20,Loss/l_ce,0.0540776252746582
1787404146.696585,16680,20,Loss/l_total,0.0540776252746582
1787404146.6966112,16680,20,LR,8.511087728614866e-05
1787404156.260104,16700,20,Loss/l_ce,0.1437673568725586
1787404156.2602868,16700,20,Loss/l_total,0.1437673568725586
1787404156.260352,16700,20,LR,8.511087728614866e-05
1787404162.7124436,16720,20,Loss/l_ce,0.00872039794921875
1787404162.7126195,16720,20,Loss/l_total,0.00872039794921875
1787404162.7126408,16720,20,LR,8.511087728614866e-05
1787404174.4155338,16740,20,Loss/l_ce,0.039424896240234375
1787404174.4159484,16740,20,Loss/l_total,0.039424896240234375
1787404174.415978,16740,20,LR,8.511087728614866e-05
1787404184.7746553,16760,20,Loss/l_ce,0.01969170570373535
1787404184.7749367,16760,20,Loss/l_total,0.01969170570373535
1787404184.7749615,16760,20,LR,8.511087728614866e-05
1787404197.724374,16780,20,Loss/l_ce,0.02067732810974121
1787404197.7246685,16780,20,Loss/l_total,0.02067732810974121
1787404197.7246935,16780,20,LR,8.511087728614866e-05
1787404207.69674,16800,20,Loss/l_ce,0.05391120910644531
1787404207.69707,16800,20,Loss/l_total,0.05391120910644531
1787404207.6971054,16800,20,LR,8.511087728614866e-05
1787404217.0905578,16820,20,Loss/l_ce,0.028500080108642578
1787404217.0907276,16820,20,Loss/l_total,0.028500080108642578
1787404217.0907512,16820,20,LR,8.511087728614866e-05
1787404222.6305394,16840,20,Loss/l_ce,0.01709580421447754
1787404222.6307673,16840,20,Loss/l_total,0.01709580421447754
1787404222.6307888,16840,20,LR,8.511087728614866e-05
1787404232.4682827,16860,20,Loss/l_ce,0.11650681495666504
1787404232.4684525,16860,20,Loss/l_total,0.11650681495666504
1787404232.4684749,16860,20,LR,8.511087728614866e-05
1787404240.5463643,16880,20,Loss/l_ce,0.057305097579956055
1787404240.546539,16880,20,Loss/l_total,0.057305097579956055
1787404240.546563,16880,20,LR,8.511087728614866e-05
1787404251.6243737,16900,20,Loss/l_ce,0.04354071617126465
1787404251.6245494,16900,20,Loss/l_total,0.04354071617126465
1787404251.6245718,16900,20,LR,8.511087728614866e-05
1787404260.49191,16920,20,Loss/l_ce,0.01929330825805664
1787404260.4921012,16920,20,Loss/l_total,0.01929330825805664
1787404260.492126,16920,20,LR,8.511087728614866e-05
1787404272.4136438,16940,20,Loss/l_ce,0.01936960220336914
1787404272.4138157,16940,20,Loss/l_total,0.01936960220336914
1787404272.4138372,16940,20,LR,8.511087728614866e-05
1787404283.3636484,16960,20,Loss/l_ce,0.028104782104492188
1787404283.363816,16960,20,Loss/l_total,0.028104782104492188
1787404283.3638372,16960,20,LR,8.511087728614866e-05
1787404292.9443805,16980,20,Loss/l_ce,0.0359036922454834
1787404292.9446084,16980,20,Loss/l_total,0.0359036922454834
1787404292.9446297,16980,20,LR,8.511087728614866e-05
1787404305.8668792,17000,20,Loss/l_ce,0.01887345314025879
1787404305.8671165,17000,20,Loss/l_total,0.01887345314025879
1787404305.8671474,17000,20,LR,8.511087728614866e-05
1787404318.0889623,17020,20,Loss/l_ce,0.10225081443786621
1787404318.08929,17020,20,Loss/l_total,0.10225081443786621
1787404318.0893173,17020,20,LR,8.511087728614866e-05
1787404327.7053943,17040,20,Loss/l_ce,0.07061314582824707
1787404327.7055626,17040,20,Loss/l_total,0.07061314582824707
1787404327.7055855,17040,20,LR,8.511087728614866e-05
1787404382.9503193,17052,20,Val/avg_error,0.11126812547445297
1787404382.9516833,17052,20,Val/acc,0.448583984375
1787404382.951712,17052,20,Val/sparse_auc,0.6155204387626263
1787404382.951731,17052,20,Val/sparse_pck_max,0.1
1787404382.9517477,17052,20,Val/sparse_pck_n,100.0
1787404386.6714852,17060,21,Loss/l_ce,0.22713398933410645
1787404386.6716738,17060,21,Loss/l_total,0.22713398933410645
1787404386.6717,17060,21,LR,8.368407953869108e-05
1787404391.96649,17080,21,Loss/l_ce,0.020037174224853516
1787404391.9666967,17080,21,Loss/l_total,0.020037174224853516
1787404391.9667206,17080,21,LR,8.368407953869108e-05
1787404398.377734,17100,21,Loss/l_ce,0.06263923645019531
1787404398.3779216,17100,21,Loss/l_total,0.06263923645019531
1787404398.377944,17100,21,LR,8.368407953869108e-05
1787404404.0016637,17120,21,Loss/l_ce,0.01881885528564453
1787404404.0019703,17120,21,Loss/l_total,0.01881885528564453
1787404404.001995,17120,21,LR,8.368407953869108e-05
1787404410.5691428,17140,21,Loss/l_ce,0.020441293716430664
1787404410.569372,17140,21,Loss/l_total,0.020441293716430664
1787404410.569398,17140,21,LR,8.368407953869108e-05
1787404420.4001575,17160,21,Loss/l_ce,0.029892683029174805
1787404420.4004185,17160,21,Loss/l_total,0.029892683029174805
1787404420.4004424,17160,21,LR,8.368407953869108e-05
1787404432.8779492,17180,21,Loss/l_ce,0.020876169204711914
1787404432.8781617,17180,21,Loss/l_total,0.020876169204711914
1787404432.878189,17180,21,LR,8.368407953869108e-05
1787404442.2827961,17200,21,Loss/l_ce,0.027145862579345703
1787404442.2832828,17200,21,Loss/l_total,0.027145862579345703
1787404442.2833123,17200,21,LR,8.368407953869108e-05
1787404453.2444289,17220,21,Loss/l_ce,0.0906519889831543
1787404453.2446258,17220,21,Loss/l_total,0.0906519889831543
1787404453.2446494,17220,21,LR,8.368407953869108e-05
1787404459.5586553,17240,21,Loss/l_ce,0.017757177352905273
1787404459.5588322,17240,21,Loss/l_total,0.017757177352905273
1787404459.5588546,17240,21,LR,8.368407953869108e-05
1787404471.7124577,17260,21,Loss/l_ce,0.02031087875366211
1787404471.7126467,17260,21,Loss/l_total,0.02031087875366211
1787404471.7126706,17260,21,LR,8.368407953869108e-05
1787404478.628654,17280,21,Loss/l_ce,0.018676042556762695
1787404478.6288428,17280,21,Loss/l_total,0.018676042556762695
1787404478.6288667,17280,21,LR,8.368407953869108e-05
1787404484.6386487,17300,21,Loss/l_ce,0.02419137954711914
1787404484.638808,17300,21,Loss/l_total,0.02419137954711914
1787404484.6388307,17300,21,LR,8.368407953869108e-05
1787404494.0520704,17320,21,Loss/l_ce,0.021631717681884766
1787404494.0522604,17320,21,Loss/l_total,0.021631717681884766
1787404494.0522854,17320,21,LR,8.368407953869108e-05
1787404501.4860253,17340,21,Loss/l_ce,0.023757457733154297
1787404501.4862125,17340,21,Loss/l_total,0.023757457733154297
1787404501.4862354,17340,21,LR,8.368407953869108e-05
1787404514.37584,17360,21,Loss/l_ce,0.12206220626831055
1787404514.3760655,17360,21,Loss/l_total,0.12206220626831055
1787404514.3760917,17360,21,LR,8.368407953869108e-05
1787404524.8670654,17380,21,Loss/l_ce,0.014065742492675781
1787404524.8672707,17380,21,Loss/l_total,0.014065742492675781
1787404524.8672931,17380,21,LR,8.368407953869108e-05
1787404536.0902562,17400,21,Loss/l_ce,0.026909589767456055
1787404536.0904353,17400,21,Loss/l_total,0.026909589767456055
1787404536.0904555,17400,21,LR,8.368407953869108e-05
1787404547.23775,17420,21,Loss/l_ce,0.030607223510742188
1787404547.2379327,17420,21,Loss/l_total,0.030607223510742188
1787404547.2379553,17420,21,LR,8.368407953869108e-05
1787404557.313151,17440,21,Loss/l_ce,0.02499079704284668
1787404557.3133743,17440,21,Loss/l_total,0.02499079704284668
1787404557.3133981,17440,21,LR,8.368407953869108e-05
1787404565.9127953,17460,21,Loss/l_ce,0.14722275733947754
1787404565.912994,17460,21,Loss/l_total,0.14722275733947754
1787404565.9130173,17460,21,LR,8.368407953869108e-05
1787404573.3553226,17480,21,Loss/l_ce,0.01855182647705078
1787404573.3555112,17480,21,Loss/l_total,0.01855182647705078
1787404573.3555362,17480,21,LR,8.368407953869108e-05
1787404581.0435083,17500,21,Loss/l_ce,0.018713951110839844
1787404581.0436888,17500,21,Loss/l_total,0.018713951110839844
1787404581.0437126,17500,21,LR,8.368407953869108e-05
1787404591.5499988,17520,21,Loss/l_ce,0.061296701431274414
1787404591.550246,17520,21,Loss/l_total,0.061296701431274414
1787404591.5502827,17520,21,LR,8.368407953869108e-05
1787404601.1012053,17540,21,Loss/l_ce,0.04118990898132324
1787404601.101444,17540,21,Loss/l_total,0.04118990898132324
1787404601.101464,17540,21,LR,8.368407953869108e-05
1787404610.9044263,17560,21,Loss/l_ce,0.039649248123168945
1787404610.9047549,17560,21,Loss/l_total,0.039649248123168945
1787404610.9047801,17560,21,LR,8.368407953869108e-05
1787404617.312835,17580,21,Loss/l_ce,0.022243261337280273
1787404617.313019,17580,21,Loss/l_total,0.022243261337280273
1787404617.3130736,17580,21,LR,8.368407953869108e-05
1787404625.7173643,17600,21,Loss/l_ce,0.01022195816040039
1787404625.7176006,17600,21,Loss/l_total,0.01022195816040039
1787404625.7176478,17600,21,LR,8.368407953869108e-05
1787404635.9446707,17620,21,Loss/l_ce,0.06034040451049805
1787404635.9449472,17620,21,Loss/l_total,0.06034040451049805
1787404635.9449782,17620,21,LR,8.368407953869108e-05
1787404650.0695007,17640,21,Loss/l_ce,0.02208852767944336
1787404650.0697217,17640,21,Loss/l_total,0.02208852767944336
1787404650.069743,17640,21,LR,8.368407953869108e-05
1787404659.4534373,17660,21,Loss/l_ce,0.12027931213378906
1787404659.453631,17660,21,Loss/l_total,0.12027931213378906
1787404659.4536536,17660,21,LR,8.368407953869108e-05
1787404668.581708,17680,21,Loss/l_ce,0.04759669303894043
1787404668.581886,17680,21,Loss/l_total,0.04759669303894043
1787404668.5819085,17680,21,LR,8.368407953869108e-05
1787404677.795067,17700,21,Loss/l_ce,0.09246206283569336
1787404677.7952607,17700,21,Loss/l_total,0.09246206283569336
1787404677.7952845,17700,21,LR,8.368407953869108e-05
1787404687.1290653,17720,21,Loss/l_ce,0.07809734344482422
1787404687.1293776,17720,21,Loss/l_total,0.07809734344482422
1787404687.1294014,17720,21,LR,8.368407953869108e-05
1787404696.8857799,17740,21,Loss/l_ce,0.0317540168762207
1787404696.8859615,17740,21,Loss/l_total,0.0317540168762207
1787404696.8859854,17740,21,LR,8.368407953869108e-05
1787404705.052071,17760,21,Loss/l_ce,0.026634931564331055
1787404705.0523143,17760,21,Loss/l_total,0.026634931564331055
1787404705.0523431,17760,21,LR,8.368407953869108e-05
1787404715.623006,17780,21,Loss/l_ce,0.028359413146972656
1787404715.6232007,17780,21,Loss/l_total,0.028359413146972656
1787404715.623227,17780,21,LR,8.368407953869108e-05
1787404722.1549118,17800,21,Loss/l_ce,0.028088808059692383
1787404722.1551101,17800,21,Loss/l_total,0.028088808059692383
1787404722.1551363,17800,21,LR,8.368407953869108e-05
1787404731.2735903,17820,21,Loss/l_ce,0.032112836837768555
1787404731.2737887,17820,21,Loss/l_total,0.032112836837768555
1787404731.2738135,17820,21,LR,8.368407953869108e-05
1787404738.5249157,17840,21,Loss/l_ce,0.08017086982727051
1787404738.5251188,17840,21,Loss/l_total,0.08017086982727051
1787404738.5251448,17840,21,LR,8.368407953869108e-05
1787404747.5884109,17860,21,Loss/l_ce,0.01983642578125
1787404747.588595,17860,21,Loss/l_total,0.01983642578125
1787404747.5886233,17860,21,LR,8.368407953869108e-05
1787404807.887709,17864,21,Val/avg_error,0.107460618019104
1787404807.8883748,17864,21,Val/acc,0.459228515625
1787404807.8884058,17864,21,Val/sparse_auc,0.6236192491319444
1787404807.8884246,17864,21,Val/sparse_pck_max,0.1
1787404807.8884404,17864,21,Val/sparse_pck_n,100.0
1787404820.906736,17880,22,Loss/l_ce,0.021088361740112305
1787404820.9068985,17880,22,Loss/l_total,0.021088361740112305
1787404820.90692,17880,22,LR,8.220696016880692e-05
1787404829.1752737,17900,22,Loss/l_ce,0.0253446102142334
1787404829.175523,17900,22,Loss/l_total,0.0253446102142334
1787404829.175547,17900,22,LR,8.220696016880692e-05
1787404840.9828491,17920,22,Loss/l_ce,0.1839001178741455
1787404840.9831424,17920,22,Loss/l_total,0.1839001178741455
1787404840.9831672,17920,22,LR,8.220696016880692e-05
1787404850.6458604,17940,22,Loss/l_ce,0.07903242111206055
1787404850.6461382,17940,22,Loss/l_total,0.07903242111206055
1787404850.6461606,17940,22,LR,8.220696016880692e-05
1787404859.2859116,17960,22,Loss/l_ce,0.02405071258544922
1787404859.2861762,17960,22,Loss/l_total,0.02405071258544922
1787404859.286201,17960,22,LR,8.220696016880692e-05
1787404870.4989283,17980,22,Loss/l_ce,0.028118133544921875
1787404870.49918,17980,22,Loss/l_total,0.028118133544921875
1787404870.4992049,17980,22,LR,8.220696016880692e-05
1787404879.2674568,18000,22,Loss/l_ce,0.018930912017822266
1787404879.2676778,18000,22,Loss/l_total,0.018930912017822266
1787404879.2677047,18000,22,LR,8.220696016880692e-05
1787404885.7124822,18020,22,Loss/l_ce,0.04169440269470215
1787404885.7126713,18020,22,Loss/l_total,0.04169440269470215
1787404885.7126937,18020,22,LR,8.220696016880692e-05
1787404896.769161,18040,22,Loss/l_ce,0.0546717643737793
1787404896.7693439,18040,22,Loss/l_total,0.0546717643737793
1787404896.7693925,18040,22,LR,8.220696016880692e-05
1787404904.6002834,18060,22,Loss/l_ce,0.14244484901428223
1787404904.6005137,18060,22,Loss/l_total,0.14244484901428223
1787404904.6005363,18060,22,LR,8.220696016880692e-05
1787404910.6392136,18080,22,Loss/l_ce,0.1851508617401123
1787404910.6394176,18080,22,Loss/l_total,0.1851508617401123
1787404910.6394436,18080,22,LR,8.220696016880692e-05
1787404917.977733,18100,22,Loss/l_ce,0.03547954559326172
1787404917.977923,18100,22,Loss/l_total,0.03547954559326172
1787404917.9779465,18100,22,LR,8.220696016880692e-05
1787404927.903373,18120,22,Loss/l_ce,0.04169607162475586
1787404927.9035487,18120,22,Loss/l_total,0.04169607162475586
1787404927.90357,18120,22,LR,8.220696016880692e-05
1787404938.699864,18140,22,Loss/l_ce,0.018530845642089844
1787404938.700074,18140,22,Loss/l_total,0.018530845642089844
1787404938.700099,18140,22,LR,8.220696016880692e-05
1787404952.130198,18160,22,Loss/l_ce,0.03790688514709473
1787404952.130363,18160,22,Loss/l_total,0.03790688514709473
1787404952.1303844,18160,22,LR,8.220696016880692e-05
1787404959.901875,18180,22,Loss/l_ce,0.12694644927978516
1787404959.902185,18180,22,Loss/l_total,0.12694644927978516
1787404959.9022098,18180,22,LR,8.220696016880692e-05
1787404968.242266,18200,22,Loss/l_ce,0.11340498924255371
1787404968.24247,18200,22,Loss/l_total,0.11340498924255371
1787404968.2424927,18200,22,LR,8.220696016880692e-05
1787404975.4581223,18220,22,Loss/l_ce,0.023882389068603516
1787404975.4583693,18220,22,Loss/l_total,0.023882389068603516
1787404975.4583929,18220,22,LR,8.220696016880692e-05
1787404987.525709,18240,22,Loss/l_ce,0.027714252471923828
1787404987.5259178,18240,22,Loss/l_total,0.027714252471923828
1787404987.5259402,18240,22,LR,8.220696016880692e-05
1787404995.8019881,18260,22,Loss/l_ce,0.1046445369720459
1787404995.8021781,18260,22,Loss/l_total,0.1046445369720459
1787404995.8022041,18260,22,LR,8.220696016880692e-05
1787405003.6345508,18280,22,Loss/l_ce,0.02185678482055664
1787405003.6347883,18280,22,Loss/l_total,0.02185678482055664
1787405003.634812,18280,22,LR,8.220696016880692e-05
1787405010.8484838,18300,22,Loss/l_ce,0.09218454360961914
1787405010.8486536,18300,22,Loss/l_total,0.09218454360961914
1787405010.8486764,18300,22,LR,8.220696016880692e-05
1787405020.4653382,18320,22,Loss/l_ce,0.11917853355407715
1787405020.4654994,18320,22,Loss/l_total,0.11917853355407715
1787405020.4655209,18320,22,LR,8.220696016880692e-05
1787405028.483181,18340,22,Loss/l_ce,0.02260756492614746
1787405028.4833841,18340,22,Loss/l_total,0.02260756492614746
1787405028.4834101,18340,22,LR,8.220696016880692e-05
1787405038.1159425,18360,22,Loss/l_ce,0.05604410171508789
1787405038.1162345,18360,22,Loss/l_total,0.05604410171508789
1787405038.1162605,18360,22,LR,8.220696016880692e-05
1787405049.8745792,18380,22,Loss/l_ce,0.05799365043640137
1787405049.874774,18380,22,Loss/l_total,0.05799365043640137
1787405049.8747988,18380,22,LR,8.220696016880692e-05
1787405057.3406465,18400,22,Loss/l_ce,0.02272963523864746
1787405057.340852,18400,22,Loss/l_total,0.02272963523864746
1787405057.3408768,18400,22,LR,8.220696016880692e-05
1787405068.14081,18420,22,Loss/l_ce,0.07227063179016113
1787405068.1410675,18420,22,Loss/l_total,0.07227063179016113
1787405068.1410973,18420,22,LR,8.220696016880692e-05
1787405077.8305285,18440,22,Loss/l_ce,0.020339488983154297
1787405077.8307126,18440,22,Loss/l_total,0.020339488983154297
1787405077.8307362,18440,22,LR,8.220696016880692e-05
1787405084.564288,18460,22,Loss/l_ce,0.02119755744934082
1787405084.5644648,18460,22,Loss/l_total,0.02119755744934082
1787405084.5644875,18460,22,LR,8.220696016880692e-05
1787405094.5379806,18480,22,Loss/l_ce,0.022309303283691406
1787405094.5381896,18480,22,Loss/l_total,0.022309303283691406
1787405094.538211,18480,22,LR,8.220696016880692e-05
1787405106.2627819,18500,22,Loss/l_ce,0.04985809326171875
1787405106.262948,18500,22,Loss/l_total,0.04985809326171875
1787405106.2629707,18500,22,LR,8.220696016880692e-05
1787405113.4574177,18520,22,Loss/l_ce,0.03288984298706055
1787405113.4576387,18520,22,Loss/l_total,0.03288984298706055
1787405113.4576647,18520,22,LR,8.220696016880692e-05
1787405119.6368465,18540,22,Loss/l_ce,0.03776192665100098
1787405119.6369963,18540,22,Loss/l_total,0.03776192665100098
1787405119.6370165,18540,22,LR,8.220696016880692e-05
1787405130.6946476,18560,22,Loss/l_ce,0.02408623695373535
1787405130.694873,18560,22,Loss/l_total,0.02408623695373535
1787405130.694898,18560,22,LR,8.220696016880692e-05
1787405140.2074924,18580,22,Loss/l_ce,0.019464969635009766
1787405140.207718,18580,22,Loss/l_total,0.019464969635009766
1787405140.2077403,18580,22,LR,8.220696016880692e-05
1787405148.2033002,18600,22,Loss/l_ce,0.01808762550354004
1787405148.2034535,18600,22,Loss/l_total,0.01808762550354004
1787405148.2034771,18600,22,LR,8.220696016880692e-05
1787405156.1659114,18620,22,Loss/l_ce,0.01712179183959961
1787405156.166092,18620,22,Loss/l_total,0.01712179183959961
1787405156.1661155,18620,22,LR,8.220696016880692e-05
1787405163.0387082,18640,22,Loss/l_ce,0.046445369720458984
1787405163.0388734,18640,22,Loss/l_total,0.046445369720458984
1787405163.0388947,18640,22,LR,8.220696016880692e-05
1787405173.3444924,18660,22,Loss/l_ce,0.1784496307373047
1787405173.3449104,18660,22,Loss/l_total,0.1784496307373047
1787405173.3449378,18660,22,LR,8.220696016880692e-05
1787405235.4884892,18676,22,Val/avg_error,0.11414851248264313
1787405235.4888678,18676,22,Val/acc,0.44072265625
1787405235.4888895,18676,22,Val/sparse_auc,0.6076275449810606
1787405235.488907,18676,22,Val/sparse_pck_max,0.1
1787405235.4889498,18676,22,Val/sparse_pck_n,100.0
1787405239.7965803,18680,23,Loss/l_ce,0.0546717643737793
1787405239.7967632,18680,23,Loss/l_total,0.0546717643737793
1787405239.7967846,18680,23,LR,8.068211054579948e-05
1787405247.748911,18700,23,Loss/l_ce,0.00834202766418457
1787405247.7491045,18700,23,Loss/l_total,0.00834202766418457
1787405247.7491293,18700,23,LR,8.068211054579948e-05
1787405256.1975927,18720,23,Loss/l_ce,0.11957788467407227
1787405256.1977649,18720,23,Loss/l_total,0.11957788467407227
1787405256.1977887,18720,23,LR,8.068211054579948e-05
1787405263.613435,18740,23,Loss/l_ce,0.029573678970336914
1787405263.6136062,18740,23,Loss/l_total,0.029573678970336914
1787405263.6136336,18740,23,LR,8.068211054579948e-05
1787405272.2905803,18760,23,Loss/l_ce,0.03189492225646973
1787405272.2908416,18760,23,Loss/l_total,0.03189492225646973
1787405272.2908628,18760,23,LR,8.068211054579948e-05
1787405283.0907571,18780,23,Loss/l_ce,0.07137370109558105
1787405283.0910573,18780,23,Loss/l_total,0.07137370109558105
1787405283.0910835,18780,23,LR,8.068211054579948e-05
1787405291.270596,18800,23,Loss/l_ce,0.04751706123352051
1787405291.2707646,18800,23,Loss/l_total,0.04751706123352051
1787405291.2707872,18800,23,LR,8.068211054579948e-05
1787405298.4399962,18820,23,Loss/l_ce,0.028698444366455078
1787405298.440262,18820,23,Loss/l_total,0.028698444366455078
1787405298.4402869,18820,23,LR,8.068211054579948e-05
1787405308.9592943,18840,23,Loss/l_ce,0.02039504051208496
1787405308.9594948,18840,23,Loss/l_total,0.02039504051208496
1787405308.959515,18840,23,LR,8.068211054579948e-05
1787405315.345948,18860,23,Loss/l_ce,0.03264212608337402
1787405315.3461413,18860,23,Loss/l_total,0.03264212608337402
1787405315.3461676,18860,23,LR,8.068211054579948e-05
1787405323.719479,18880,23,Loss/l_ce,0.03850245475769043
1787405323.7196653,18880,23,Loss/l_total,0.03850245475769043
1787405323.7196867,18880,23,LR,8.068211054579948e-05
1787405330.8212235,18900,23,Loss/l_ce,0.028551816940307617
1787405330.821431,18900,23,Loss/l_total,0.028551816940307617
1787405330.8214548,18900,23,LR,8.068211054579948e-05
1787405339.041587,18920,23,Loss/l_ce,0.08355545997619629
1787405339.0417583,18920,23,Loss/l_total,0.08355545997619629
1787405339.0417795,18920,23,LR,8.068211054579948e-05
1787405346.632392,18940,23,Loss/l_ce,0.03841733932495117
1787405346.6325548,18940,23,Loss/l_total,0.03841733932495117
1787405346.6325772,18940,23,LR,8.068211054579948e-05
1787405357.1335187,18960,23,Loss/l_ce,0.025619983673095703
1787405357.13375,18960,23,Loss/l_total,0.025619983673095703
1787405357.1337726,18960,23,LR,8.068211054579948e-05
1787405365.96941,18980,23,Loss/l_ce,0.021115779876708984
1787405365.9695847,18980,23,Loss/l_total,0.021115779876708984
1787405365.969613,18980,23,LR,8.068211054579948e-05
1787405375.4803495,19000,23,Loss/l_ce,0.09387874603271484
1787405375.4805453,19000,23,Loss/l_total,0.09387874603271484
1787405375.4805677,19000,23,LR,8.068211054579948e-05
1787405387.8999875,19020,23,Loss/l_ce,0.030690431594848633
1787405387.900181,19020,23,Loss/l_total,0.030690431594848633
1787405387.900207,19020,23,LR,8.068211054579948e-05
1787405396.1795726,19040,23,Loss/l_ce,0.03603792190551758
1787405396.1797173,19040,23,Loss/l_total,0.03603792190551758
1787405396.1797376,19040,23,LR,8.068211054579948e-05
1787405404.388581,19060,23,Loss/l_ce,0.047708988189697266
1787405404.3887544,19060,23,Loss/l_total,0.047708988189697266
1787405404.3887782,19060,23,LR,8.068211054579948e-05
1787405415.286007,19080,23,Loss/l_ce,0.01929783821105957
1787405415.2862146,19080,23,Loss/l_total,0.01929783821105957
1787405415.2862375,19080,23,LR,8.068211054579948e-05
1787405425.547929,19100,23,Loss/l_ce,0.020656108856201172
1787405425.5482118,19100,23,Loss/l_total,0.020656108856201172
1787405425.5482378,19100,23,LR,8.068211054579948e-05
1787405435.5772147,19120,23,Loss/l_ce,0.03764510154724121
1787405435.5774307,19120,23,Loss/l_total,0.03764510154724121
1787405435.5774546,19120,23,LR,8.068211054579948e-05
1787405443.5403082,19140,23,Loss/l_ce,0.015737533569335938
1787405443.5405505,19140,23,Loss/l_total,0.015737533569335938
1787405443.54058,19140,23,LR,8.068211054579948e-05
1787405452.6368349,19160,23,Loss/l_ce,0.0386505126953125
1787405452.6369927,19160,23,Loss/l_total,0.0386505126953125
1787405452.637013,19160,23,LR,8.068211054579948e-05
1787405461.81226,19180,23,Loss/l_ce,0.11710023880004883
1787405461.812527,19180,23,Loss/l_total,0.11710023880004883
1787405461.8125496,19180,23,LR,8.068211054579948e-05
1787405468.233476,19200,23,Loss/l_ce,0.027842044830322266
1787405468.233623,19200,23,Loss/l_total,0.027842044830322266
1787405468.2336457,19200,23,LR,8.068211054579948e-05
1787405478.357903,19220,23,Loss/l_ce,0.12143063545227051
1787405478.3580835,19220,23,Loss/l_total,0.12143063545227051
1787405478.358105,19220,23,LR,8.068211054579948e-05
1787405485.2735069,19240,23,Loss/l_ce,0.02572941780090332
1787405485.2736754,19240,23,Loss/l_total,0.02572941780090332
1787405485.273698,19240,23,LR,8.068211054579948e-05
1787405496.6570108,19260,23,Loss/l_ce,0.03728652000427246
1787405496.657248,19260,23,Loss/l_total,0.03728652000427246
1787405496.6572754,19260,23,LR,8.068211054579948e-05
1787405504.499831,19280,23,Loss/l_ce,0.020992040634155273
1787405504.5000544,19280,23,Loss/l_total,0.020992040634155273
1787405504.5000827,19280,23,LR,8.068211054579948e-05
1787405522.165864,19300,23,Loss/l_ce,0.038945913314819336
1787405522.1660182,19300,23,Loss/l_total,0.038945913314819336
1787405522.1660576,19300,23,LR,8.068211054579948e-05
1787405535.3911562,19320,23,Loss/l_ce,0.04006767272949219
1787405535.391319,19320,23,Loss/l_total,0.04006767272949219
1787405535.3913403,19320,23,LR,8.068211054579948e-05
1787405543.4216132,19340,23,Loss/l_ce,0.08696746826171875
1787405543.421782,19340,23,Loss/l_total,0.08696746826171875
1787405543.4218044,19340,23,LR,8.068211054579948e-05
1787405549.5653489,19360,23,Loss/l_ce,0.017479658126831055
1787405549.5655115,19360,23,Loss/l_total,0.017479658126831055
1787405549.5655353,19360,23,LR,8.068211054579948e-05
1787405556.8247864,19380,23,Loss/l_ce,0.027104854583740234
1787405556.8249881,19380,23,Loss/l_total,0.027104854583740234
1787405556.825012,19380,23,LR,8.068211054579948e-05
1787405565.2781038,19400,23,Loss/l_ce,0.04668855667114258
1787405565.2782605,19400,23,Loss/l_total,0.04668855667114258
1787405565.2782843,19400,23,LR,8.068211054579948e-05
1787405571.4757082,19420,23,Loss/l_ce,0.020782947540283203
1787405571.4759085,19420,23,Loss/l_total,0.020782947540283203
1787405571.4759324,19420,23,LR,8.068211054579948e-05
1787405577.2054107,19440,23,Loss/l_ce,0.02961874008178711
1787405577.2055545,19440,23,Loss/l_total,0.02961874008178711
1787405577.2055757,19440,23,LR,8.068211054579948e-05
1787405583.820859,19460,23,Loss/l_ce,0.03031444549560547
1787405583.8211367,19460,23,Loss/l_total,0.03031444549560547
1787405583.8211641,19460,23,LR,8.068211054579948e-05
1787405591.4265656,19480,23,Loss/l_ce,0.04150843620300293
1787405591.4267282,19480,23,Loss/l_total,0.04150843620300293
1787405591.4267497,19480,23,LR,8.068211054579948e-05
1787405645.9708095,19488,23,Val/avg_error,0.11432047188282013
1787405645.971156,19488,23,Val/acc,0.43837890625
1787405645.9711812,19488,23,Val/sparse_auc,0.608578706991793
1787405645.9712,19488,23,Val/sparse_pck_max,0.1
1787405645.9712167,19488,23,Val/sparse_pck_n,100.0
1787405653.174145,19500,24,Loss/l_ce,0.00935053825378418
1787405653.174457,19500,24,Loss/l_total,0.00935053825378418
1787405653.174482,19500,24,LR,7.911220577405488e-05
1787405667.5047412,19520,24,Loss/l_ce,0.013872385025024414
1787405667.5049503,19520,24,Loss/l_total,0.013872385025024414
1787405667.5049727,19520,24,LR,7.911220577405488e-05
1787405682.4929154,19540,24,Loss/l_ce,0.016957521438598633
1787405682.493121,19540,24,Loss/l_total,0.016957521438598633
1787405682.4931448,19540,24,LR,7.911220577405488e-05
1787405691.319513,19560,24,Loss/l_ce,0.0548405647277832
1787405691.3196697,19560,24,Loss/l_total,0.0548405647277832
1787405691.3196936,19560,24,LR,7.911220577405488e-05
1787405701.82863,19580,24,Loss/l_ce,0.05183005332946777
1787405701.8288095,19580,24,Loss/l_total,0.05183005332946777
1787405701.828833,19580,24,LR,7.911220577405488e-05
1787405711.3634043,19600,24,Loss/l_ce,0.1396787166595459
1787405711.3635845,19600,24,Loss/l_total,0.1396787166595459
1787405711.3636074,19600,24,LR,7.911220577405488e-05
1787405720.4345489,19620,24,Loss/l_ce,0.040503740310668945
1787405720.4347863,19620,24,Loss/l_total,0.040503740310668945
1787405720.4348137,19620,24,LR,7.911220577405488e-05
1787405731.8346312,19640,24,Loss/l_ce,0.017479419708251953
1787405731.834833,19640,24,Loss/l_total,0.017479419708251953
1787405731.8348553,19640,24,LR,7.911220577405488e-05
1787405742.0429156,19660,24,Loss/l_ce,0.3135688304901123
1787405742.043318,19660,24,Loss/l_total,0.3135688304901123
1787405742.0433452,19660,24,LR,7.911220577405488e-05
1787405751.458312,19680,24,Loss/l_ce,0.023806095123291016
1787405751.458522,19680,24,Loss/l_total,0.023806095123291016
1787405751.4587858,19680,24,LR,7.911220577405488e-05
1787405761.3894317,19700,24,Loss/l_ce,0.01767110824584961
1787405761.3896372,19700,24,Loss/l_total,0.01767110824584961
1787405761.3898757,19700,24,LR,7.911220577405488e-05
1787405770.7258565,19720,24,Loss/l_ce,0.01822376251220703
1787405770.7261071,19720,24,Loss/l_total,0.01822376251220703
1787405770.726137,19720,24,LR,7.911220577405488e-05
1787405781.3774085,19740,24,Loss/l_ce,0.06736493110656738
1787405781.37776,19740,24,Loss/l_total,0.06736493110656738
1787405781.3777814,19740,24,LR,7.911220577405488e-05
1787405796.6507125,19760,24,Loss/l_ce,0.04913687705993652
1787405796.650936,19760,24,Loss/l_total,0.04913687705993652
1787405796.6509607,19760,24,LR,7.911220577405488e-05
1787405808.301742,19780,24,Loss/l_ce,0.02322673797607422
1787405808.3018978,19780,24,Loss/l_total,0.02322673797607422
1787405808.301919,19780,24,LR,7.911220577405488e-05
1787405820.7242327,19800,24,Loss/l_ce,0.047966718673706055
1787405820.7244549,19800,24,Loss/l_total,0.047966718673706055
1787405820.724482,19800,24,LR,7.911220577405488e-05
1787405829.5904615,19820,24,Loss/l_ce,0.031922101974487305
1787405829.5906644,19820,24,Loss/l_total,0.031922101974487305
1787405829.5906882,19820,24,LR,7.911220577405488e-05
1787405839.4449015,19840,24,Loss/l_ce,0.023540973663330078
1787405839.4451115,19840,24,Loss/l_total,0.023540973663330078
1787405839.4451377,19840,24,LR,7.911220577405488e-05
1787405849.7487366,19860,24,Loss/l_ce,0.02497076988220215
1787405849.7490997,19860,24,Loss/l_total,0.02497076988220215
1787405849.7491248,19860,24,LR,7.911220577405488e-05
1787405858.171483,19880,24,Loss/l_ce,0.017746686935424805
1787405858.1716375,19880,24,Loss/l_total,0.017746686935424805
1787405858.17166,19880,24,LR,7.911220577405488e-05
1787405866.6606755,19900,24,Loss/l_ce,0.01361703872680664
1787405866.6609557,19900,24,Loss/l_total,0.01361703872680664
1787405866.6609807,19900,24,LR,7.911220577405488e-05
1787405876.1276145,19920,24,Loss/l_ce,0.011047124862670898
1787405876.127803,19920,24,Loss/l_total,0.011047124862670898
1787405876.1278257,19920,24,LR,7.911220577405488e-05
1787405887.5595624,19940,24,Loss/l_ce,0.035094261169433594
1787405887.559788,19940,24,Loss/l_total,0.035094261169433594
1787405887.5598106,19940,24,LR,7.911220577405488e-05
1787405898.990963,19960,24,Loss/l_ce,0.01671624183654785
1787405898.9911578,19960,24,Loss/l_total,0.01671624183654785
1787405898.9911826,19960,24,LR,7.911220577405488e-05
1787405907.1852493,19980,24,Loss/l_ce,0.08482623100280762
1787405907.1854298,19980,24,Loss/l_total,0.08482623100280762
1787405907.1854546,19980,24,LR,7.911220577405488e-05
1787405915.1881385,20000,24,Loss/l_ce,0.018445968627929688
1787405915.1883202,20000,24,Loss/l_total,0.018445968627929688
1787405915.1883438,20000,24,LR,7.911220577405488e-05
1787405924.2382927,20020,24,Loss/l_ce,0.1343402862548828
1787405924.2384875,20020,24,Loss/l_total,0.1343402862548828
1787405924.2385087,20020,24,LR,7.911220577405488e-05
1787405935.7855597,20040,24,Loss/l_ce,0.01780843734741211
1787405935.7857614,20040,24,Loss/l_total,0.01780843734741211
1787405935.7857888,20040,24,LR,7.911220577405488e-05
1787405951.038835,20060,24,Loss/l_ce,0.010913372039794922
1787405951.0390081,20060,24,Loss/l_total,0.010913372039794922
1787405951.03905,20060,24,LR,7.911220577405488e-05
1787405959.288207,20080,24,Loss/l_ce,0.04577350616455078
1787405959.2883663,20080,24,Loss/l_total,0.04577350616455078
1787405959.2883875,20080,24,LR,7.911220577405488e-05
1787405966.8615532,20100,24,Loss/l_ce,0.020339250564575195
1787405966.8617053,20100,24,Loss/l_total,0.020339250564575195
1787405966.8617277,20100,24,LR,7.911220577405488e-05
1787405974.340134,20120,24,Loss/l_ce,0.10758662223815918
1787405974.3402953,20120,24,Loss/l_total,0.10758662223815918
1787405974.3403192,20120,24,LR,7.911220577405488e-05
1787405986.2684612,20140,24,Loss/l_ce,0.019101619720458984
1787405986.2686226,20140,24,Loss/l_total,0.019101619720458984
1787405986.2686453,20140,24,LR,7.911220577405488e-05
1787405993.8742988,20160,24,Loss/l_ce,0.03880810737609863
1787405993.8744712,20160,24,Loss/l_total,0.03880810737609863
1787405993.8744948,20160,24,LR,7.911220577405488e-05
1787406004.9212656,20180,24,Loss/l_ce,0.02778005599975586
1787406004.921408,20180,24,Loss/l_total,0.02778005599975586
1787406004.9214306,20180,24,LR,7.911220577405488e-05
1787406015.9344883,20200,24,Loss/l_ce,0.017056703567504883
1787406015.9346437,20200,24,Loss/l_total,0.017056703567504883
1787406015.9346676,20200,24,LR,7.911220577405488e-05
1787406026.8600657,20220,24,Loss/l_ce,0.032099008560180664
1787406026.8603816,20220,24,Loss/l_total,0.032099008560180664
1787406026.8604066,20220,24,LR,7.911220577405488e-05
1787406037.1305838,20240,24,Loss/l_ce,0.058699607849121094
1787406037.130838,20240,24,Loss/l_total,0.058699607849121094
1787406037.1308606,20240,24,LR,7.911220577405488e-05
1787406049.56147,20260,24,Loss/l_ce,0.06289148330688477
1787406049.5616233,20260,24,Loss/l_total,0.06289148330688477
1787406049.5616446,20260,24,LR,7.911220577405488e-05
1787406059.0312307,20280,24,Loss/l_ce,0.017505884170532227
1787406059.031625,20280,24,Loss/l_total,0.017505884170532227
1787406059.0316546,20280,24,LR,7.911220577405488e-05
1787406070.1400807,20300,24,Loss/l_ce,0.01467275619506836
1787406070.140248,20300,24,Loss/l_total,0.01467275619506836
1787406070.140273,20300,24,LR,7.911220577405488e-05
1787406121.573255,20300,24,Val/avg_error,0.11523939669132233
1787406121.573584,20300,24,Val/acc,0.44111328125
1787406121.573622,20300,24,Val/sparse_auc,0.6051427359532828
1787406121.5736399,20300,24,Val/sparse_pck_max,0.1
1787406121.5736554,20300,24,Val/sparse_pck_n,100.0
1787406133.1679766,20320,25,Loss/l_ce,0.028142929077148438
1787406133.1682165,20320,25,Loss/l_total,0.028142929077148438
1787406133.168239,20320,25,LR,7.750000000000004e-05
1787406140.1859214,20340,25,Loss/l_ce,0.03499627113342285
1787406140.186134,20340,25,Loss/l_total,0.03499627113342285
1787406140.186158,20340,25,LR,7.750000000000004e-05
1787406149.2360494,20360,25,Loss/l_ce,0.01618051528930664
1787406149.2361882,20360,25,Loss/l_total,0.01618051528930664
1787406149.2362049,20360,25,LR,7.750000000000004e-05
1787406158.664331,20380,25,Loss/l_ce,0.07790827751159668
1787406158.6645088,20380,25,Loss/l_total,0.07790827751159668
1787406158.664534,20380,25,LR,7.750000000000004e-05
1787406168.8656278,20400,25,Loss/l_ce,0.020760297775268555
1787406168.8657796,20400,25,Loss/l_total,0.020760297775268555
1787406168.8658023,20400,25,LR,7.750000000000004e-05
1787406177.4203491,20420,25,Loss/l_ce,0.016658544540405273
1787406177.4205463,20420,25,Loss/l_total,0.016658544540405273
1787406177.4205666,20420,25,LR,7.750000000000004e-05
1787406185.6430814,20440,25,Loss/l_ce,0.03564167022705078
1787406185.6432703,20440,25,Loss/l_total,0.03564167022705078
1787406185.6432939,20440,25,LR,7.750000000000004e-05
1787406195.377992,20460,25,Loss/l_ce,0.04883384704589844
1787406195.3781652,20460,25,Loss/l_total,0.04883384704589844
1787406195.378189,20460,25,LR,7.750000000000004e-05
1787406203.635811,20480,25,Loss/l_ce,0.0311279296875
1787406203.6360118,20480,25,Loss/l_total,0.0311279296875
1787406203.6360486,20480,25,LR,7.750000000000004e-05
1787406213.3345563,20500,25,Loss/l_ce,0.016948461532592773
1787406213.3347347,20500,25,Loss/l_total,0.016948461532592773
1787406213.3347583,20500,25,LR,7.750000000000004e-05
1787406223.5085006,20520,25,Loss/l_ce,0.024797916412353516
1787406223.50865,20520,25,Loss/l_total,0.024797916412353516
1787406223.50867,20520,25,LR,7.750000000000004e-05
1787406236.9415185,20540,25,Loss/l_ce,0.07913875579833984
1787406236.9416919,20540,25,Loss/l_total,0.07913875579833984
1787406236.9417145,20540,25,LR,7.750000000000004e-05
1787406244.13414,20560,25,Loss/l_ce,0.04023551940917969
1787406244.1342847,20560,25,Loss/l_total,0.04023551940917969
1787406244.134306,20560,25,LR,7.750000000000004e-05
1787406252.6954665,20580,25,Loss/l_ce,0.056618452072143555
1787406252.6956172,20580,25,Loss/l_total,0.056618452072143555
1787406252.6956398,20580,25,LR,7.750000000000004e-05
1787406263.3903332,20600,25,Loss/l_ce,0.025303363800048828
1787406263.390497,20600,25,Loss/l_total,0.025303363800048828
1787406263.3905184,20600,25,LR,7.750000000000004e-05
1787406274.3959296,20620,25,Loss/l_ce,0.06795167922973633
1787406274.3961039,20620,25,Loss/l_total,0.06795167922973633
1787406274.3961265,20620,25,LR,7.750000000000004e-05
1787406282.2730923,20640,25,Loss/l_ce,0.09528541564941406
1787406282.2732859,20640,25,Loss/l_total,0.09528541564941406
1787406282.2734022,20640,25,LR,7.750000000000004e-05
1787406291.2066174,20660,25,Loss/l_ce,0.034949302673339844
1787406291.206888,20660,25,Loss/l_total,0.034949302673339844
1787406291.2069154,20660,25,LR,7.750000000000004e-05
1787406303.7439158,20680,25,Loss/l_ce,0.04078817367553711
1787406303.7441745,20680,25,Loss/l_total,0.04078817367553711
1787406303.744202,20680,25,LR,7.750000000000004e-05
1787406311.7350068,20700,25,Loss/l_ce,0.014260530471801758
1787406311.7352538,20700,25,Loss/l_total,0.014260530471801758
1787406311.7352798,20700,25,LR,7.750000000000004e-05
1787406322.8808537,20720,25,Loss/l_ce,0.015750885009765625
1787406322.881026,20720,25,Loss/l_total,0.015750885009765625
1787406322.8810782,20720,25,LR,7.750000000000004e-05
1787406328.309894,20740,25,Loss/l_ce,0.015079259872436523
1787406328.3101008,20740,25,Loss/l_total,0.015079259872436523
1787406328.3106601,20740,25,LR,7.750000000000004e-05
1787406335.6596863,20760,25,Loss/l_ce,0.0817098617553711
1787406335.6598668,20760,25,Loss/l_total,0.0817098617553711
1787406335.659907,20760,25,LR,7.750000000000004e-05
1787406346.3503811,20780,25,Loss/l_ce,0.06940698623657227
1787406346.350768,20780,25,Loss/l_total,0.06940698623657227
1787406346.3507943,20780,25,LR,7.750000000000004e-05
1787406355.487758,20800,25,Loss/l_ce,0.017829179763793945
1787406355.4879253,20800,25,Loss/l_total,0.017829179763793945
1787406355.4879477,20800,25,LR,7.750000000000004e-05
1787406368.420395,20820,25,Loss/l_ce,0.02322244644165039
1787406368.4205613,20820,25,Loss/l_total,0.02322244644165039
1787406368.420584,20820,25,LR,7.750000000000004e-05
1787406381.8415632,20840,25,Loss/l_ce,0.0696721076965332
1787406381.8417795,20840,25,Loss/l_total,0.0696721076965332
1787406381.841803,20840,25,LR,7.750000000000004e-05
1787406391.2797203,20860,25,Loss/l_ce,0.07822251319885254
1787406391.2799008,20860,25,Loss/l_total,0.07822251319885254
1787406391.2799232,20860,25,LR,7.750000000000004e-05
1787406401.4351845,20880,25,Loss/l_ce,0.01959061622619629
1787406401.435444,20880,25,Loss/l_total,0.01959061622619629
1787406401.4354644,20880,25,LR,7.750000000000004e-05
1787406409.7125778,20900,25,Loss/l_ce,0.02098989486694336
1787406409.7127426,20900,25,Loss/l_total,0.02098989486694336
1787406409.7129483,20900,25,LR,7.750000000000004e-05
1787406419.550496,20920,25,Loss/l_ce,0.051924943923950195
1787406419.550681,20920,25,Loss/l_total,0.051924943923950195
1787406419.5507038,20920,25,LR,7.750000000000004e-05
1787406427.3312566,20940,25,Loss/l_ce,0.021909236907958984
1787406427.331564,20940,25,Loss/l_total,0.021909236907958984
1787406427.3315887,20940,25,LR,7.750000000000004e-05
1787406436.363864,20960,25,Loss/l_ce,0.054238080978393555
1787406436.3640635,20960,25,Loss/l_total,0.054238080978393555
1787406436.3640883,20960,25,LR,7.750000000000004e-05
1787406443.3999193,20980,25,Loss/l_ce,0.01666879653930664
1787406443.4000854,20980,25,Loss/l_total,0.01666879653930664
1787406443.4001067,20980,25,LR,7.750000000000004e-05
1787406450.0229177,21000,25,Loss/l_ce,0.02907419204711914
1787406450.023111,21000,25,Loss/l_total,0.02907419204711914
1787406450.0231385,21000,25,LR,7.750000000000004e-05
1787406458.1016943,21020,25,Loss/l_ce,0.0183868408203125
1787406458.1019127,21020,25,Loss/l_total,0.0183868408203125
1787406458.1019366,21020,25,LR,7.750000000000004e-05
1787406465.274164,21040,25,Loss/l_ce,0.0165557861328125
1787406465.27431,21040,25,Loss/l_total,0.0165557861328125
1787406465.2743363,21040,25,LR,7.750000000000004e-05
1787406472.912796,21060,25,Loss/l_ce,0.022055387496948242
1787406472.9129527,21060,25,Loss/l_total,0.022055387496948242
1787406472.912975,21060,25,LR,7.750000000000004e-05
1787406482.2702665,21080,25,Loss/l_ce,0.012967586517333984
1787406482.2704175,21080,25,Loss/l_total,0.012967586517333984
1787406482.2704387,21080,25,LR,7.750000000000004e-05
1787406492.434067,21100,25,Loss/l_ce,0.021905183792114258
1787406492.4342556,21100,25,Loss/l_total,0.021905183792114258
1787406492.4342782,21100,25,LR,7.750000000000004e-05
1787406557.2035005,21112,25,Val/avg_error,0.11733609437942505
1787406557.2037783,21112,25,Val/acc,0.4359375
1787406557.203802,21112,25,Val/sparse_auc,0.6009960444286617
1787406557.2038236,21112,25,Val/sparse_pck_max,0.1
1787406557.2038403,21112,25,Val/sparse_pck_n,100.0
1787406563.2482421,21120,26,Loss/l_ce,0.026639699935913086
1787406563.2485046,21120,26,Loss/l_total,0.026639699935913086
1787406563.2485354,21120,26,LR,7.584832158039382e-05
1787406573.4107852,21140,26,Loss/l_ce,0.022019147872924805
1787406573.4109573,21140,26,Loss/l_total,0.022019147872924805
1787406573.4109833,21140,26,LR,7.584832158039382e-05
1787406586.6041188,21160,26,Loss/l_ce,0.016348600387573242
1787406586.6043396,21160,26,Loss/l_total,0.016348600387573242
1787406586.6043658,21160,26,LR,7.584832158039382e-05
1787406595.5222654,21180,26,Loss/l_ce,0.01836705207824707
1787406595.5225074,21180,26,Loss/l_total,0.01836705207824707
1787406595.5225346,21180,26,LR,7.584832158039382e-05
1787406604.4390938,21200,26,Loss/l_ce,0.07655501365661621
1787406604.4393845,21200,26,Loss/l_total,0.07655501365661621
1787406604.439407,21200,26,LR,7.584832158039382e-05
1787406619.0051684,21220,26,Loss/l_ce,0.05197429656982422
1787406619.0053155,21220,26,Loss/l_total,0.05197429656982422
1787406619.0053358,21220,26,LR,7.584832158039382e-05
1787406632.9874914,21240,26,Loss/l_ce,0.01940131187438965
1787406632.9876647,21240,26,Loss/l_total,0.01940131187438965
1787406632.9876883,21240,26,LR,7.584832158039382e-05
1787406644.369397,21260,26,Loss/l_ce,0.028784751892089844
1787406644.369677,21260,26,Loss/l_total,0.028784751892089844
1787406644.369701,21260,26,LR,7.584832158039382e-05
1787406657.4945679,21280,26,Loss/l_ce,0.02918267250061035
1787406657.494726,21280,26,Loss/l_total,0.02918267250061035
1787406657.4947474,21280,26,LR,7.584832158039382e-05
1787406666.7441554,21300,26,Loss/l_ce,0.051718950271606445
1787406666.7443025,21300,26,Loss/l_total,0.051718950271606445
1787406666.7443252,21300,26,LR,7.584832158039382e-05
1787406680.7007875,21320,26,Loss/l_ce,0.04055619239807129
1787406680.7009418,21320,26,Loss/l_total,0.04055619239807129
1787406680.7009645,21320,26,LR,7.584832158039382e-05
1787406689.7474778,21340,26,Loss/l_ce,0.08842682838439941
1787406689.7476573,21340,26,Loss/l_total,0.08842682838439941
1787406689.7476807,21340,26,LR,7.584832158039382e-05
1787406703.43848,21360,26,Loss/l_ce,0.059902191162109375
1787406703.4386508,21360,26,Loss/l_total,0.059902191162109375
1787406703.4386744,21360,26,LR,7.584832158039382e-05
1787406712.3915746,21380,26,Loss/l_ce,0.026655197143554688
1787406712.3917348,21380,26,Loss/l_total,0.026655197143554688
1787406712.3917692,21380,26,LR,7.584832158039382e-05
1787406721.2248697,21400,26,Loss/l_ce,0.015212059020996094
1787406721.225056,21400,26,Loss/l_total,0.015212059020996094
1787406721.2250812,21400,26,LR,7.584832158039382e-05
1787406731.2370527,21420,26,Loss/l_ce,0.024291038513183594
1787406731.2372248,21420,26,Loss/l_total,0.024291038513183594
1787406731.2372484,21420,26,LR,7.584832158039382e-05
1787406738.792948,21440,26,Loss/l_ce,0.03860807418823242
1787406738.7932281,21440,26,Loss/l_total,0.03860807418823242
1787406738.7932553,21440,26,LR,7.584832158039382e-05
1787406746.2909412,21460,26,Loss/l_ce,0.10408234596252441
1787406746.2911203,21460,26,Loss/l_total,0.10408234596252441
1787406746.2911453,21460,26,LR,7.584832158039382e-05
1787406754.547359,21480,26,Loss/l_ce,0.06413412094116211
1787406754.5475347,21480,26,Loss/l_total,0.06413412094116211
1787406754.547557,21480,26,LR,7.584832158039382e-05
1787406767.7574444,21500,26,Loss/l_ce,0.017030000686645508
1787406767.7576973,21500,26,Loss/l_total,0.017030000686645508
1787406767.757728,21500,26,LR,7.584832158039382e-05
1787406773.3601782,21520,26,Loss/l_ce,0.07122325897216797
1787406773.360334,21520,26,Loss/l_total,0.07122325897216797
1787406773.3603563,21520,26,LR,7.584832158039382e-05
1787406789.3491137,21540,26,Loss/l_ce,0.053382158279418945
1787406789.349358,21540,26,Loss/l_total,0.053382158279418945
1787406789.3493805,21540,26,LR,7.584832158039382e-05
1787406798.5083845,21560,26,Loss/l_ce,0.017974853515625
1787406798.508559,21560,26,Loss/l_total,0.017974853515625
1787406798.5085816,21560,26,LR,7.584832158039382e-05
1787406807.4512174,21580,26,Loss/l_ce,0.0182340145111084
1787406807.451399,21580,26,Loss/l_total,0.0182340145111084
1787406807.4514217,21580,26,LR,7.584832158039382e-05
1787406814.1045814,21600,26,Loss/l_ce,0.03840136528015137
1787406814.1047926,21600,26,Loss/l_total,0.03840136528015137
1787406814.1048164,21600,26,LR,7.584832158039382e-05
1787406820.6190684,21620,26,Loss/l_ce,0.042751312255859375
1787406820.6192832,21620,26,Loss/l_total,0.042751312255859375
1787406820.619307,21620,26,LR,7.584832158039382e-05
1787406826.6628246,21640,26,Loss/l_ce,0.08371376991271973
1787406826.6631083,21640,26,Loss/l_total,0.08371376991271973
1787406826.6631382,21640,26,LR,7.584832158039382e-05
1787406832.0868824,21660,26,Loss/l_ce,0.02365851402282715
1787406832.0870616,21660,26,Loss/l_total,0.02365851402282715
1787406832.0870867,21660,26,LR,7.584832158039382e-05
1787406837.9710946,21680,26,Loss/l_ce,0.04552745819091797
1787406837.971257,21680,26,Loss/l_total,0.04552745819091797
1787406837.9712787,21680,26,LR,7.584832158039382e-05
1787406843.222929,21700,26,Loss/l_ce,0.026958942413330078
1787406843.2230976,21700,26,Loss/l_total,0.026958942413330078
1787406843.2231238,21700,26,LR,7.584832158039382e-05
1787406849.6188538,21720,26,Loss/l_ce,0.04449605941772461
1787406849.6190143,21720,26,Loss/l_total,0.04449605941772461
1787406849.6190546,21720,26,LR,7.584832158039382e-05
1787406856.861822,21740,26,Loss/l_ce,0.02007436752319336
1787406856.8619714,21740,26,Loss/l_total,0.02007436752319336
1787406856.8619916,21740,26,LR,7.584832158039382e-05
1787406862.2166877,21760,26,Loss/l_ce,0.04871368408203125
1787406862.2168348,21760,26,Loss/l_total,0.04871368408203125
1787406862.216861,21760,26,LR,7.584832158039382e-05
1787406872.7695546,21780,26,Loss/l_ce,0.02069091796875
1787406872.769716,21780,26,Loss/l_total,0.02069091796875
1787406872.7697375,21780,26,LR,7.584832158039382e-05
1787406881.9456415,21800,26,Loss/l_ce,0.016040802001953125
1787406881.9458017,21800,26,Loss/l_total,0.016040802001953125
1787406881.9458256,21800,26,LR,7.584832158039382e-05
1787406891.160149,21820,26,Loss/l_ce,0.0411376953125
1787406891.1602902,21820,26,Loss/l_total,0.0411376953125
1787406891.1603105,21820,26,LR,7.584832158039382e-05
1787406900.8819444,21840,26,Loss/l_ce,0.01763629913330078
1787406900.8821368,21840,26,Loss/l_total,0.01763629913330078
1787406900.882157,21840,26,LR,7.584832158039382e-05
1787406916.066748,21860,26,Loss/l_ce,0.02970409393310547
1787406916.0669131,21860,26,Loss/l_total,0.02970409393310547
1787406916.0669355,21860,26,LR,7.584832158039382e-05
1787406925.7410872,21880,26,Loss/l_ce,0.01828622817993164
1787406925.7412975,21880,26,Loss/l_total,0.01828622817993164
1787406925.7413173,21880,26,LR,7.584832158039382e-05
1787406933.8908823,21900,26,Loss/l_ce,0.060194969177246094
1787406933.89107,21900,26,Loss/l_total,0.060194969177246094
1787406933.8910947,21900,26,LR,7.584832158039382e-05
1787406940.979053,21920,26,Loss/l_ce,0.02829265594482422
1787406940.9792097,21920,26,Loss/l_total,0.02829265594482422
1787406940.9792335,21920,26,LR,7.584832158039382e-05
1787406996.1557662,21924,26,Val/avg_error,0.1199466735124588
1787406996.156107,21924,26,Val/acc,0.43896484375
1787406996.1561332,21924,26,Val/sparse_auc,0.6027028093434342
1787406996.156151,21924,26,Val/sparse_pck_max,0.1
1787406996.1561663,21924,26,Val/sparse_pck_n,100.0
1787407010.309693,21940,27,Loss/l_ce,0.015932321548461914
1787407010.3099399,21940,27,Loss/l_total,0.015932321548461914
1787407010.3099637,21940,27,LR,7.41600681204283e-05
1787407022.4592953,21960,27,Loss/l_ce,0.0173952579498291
1787407022.459477,21960,27,Loss/l_total,0.0173952579498291
1787407022.4594996,21960,27,LR,7.41600681204283e-05
1787407033.0879664,21980,27,Loss/l_ce,0.02533745765686035
1787407033.0881374,21980,27,Loss/l_total,0.02533745765686035
1787407033.088159,21980,27,LR,7.41600681204283e-05
1787407040.9757397,22000,27,Loss/l_ce,0.04275369644165039
1787407040.9759133,22000,27,Loss/l_total,0.04275369644165039
1787407040.9759357,22000,27,LR,7.41600681204283e-05
1787407053.4639852,22020,27,Loss/l_ce,0.06694459915161133
1787407053.4642165,22020,27,Loss/l_total,0.06694459915161133
1787407053.4642403,22020,27,LR,7.41600681204283e-05
1787407067.7592144,22040,27,Loss/l_ce,0.025556325912475586
1787407067.7594054,22040,27,Loss/l_total,0.025556325912475586
1787407067.7594328,22040,27,LR,7.41600681204283e-05
1787407076.9300106,22060,27,Loss/l_ce,0.09128141403198242
1787407076.9301827,22060,27,Loss/l_total,0.09128141403198242
1787407076.9302042,22060,27,LR,7.41600681204283e-05
1787407087.7096274,22080,27,Loss/l_ce,0.04783296585083008
1787407087.7099302,22080,27,Loss/l_total,0.04783296585083008
1787407087.7099586,22080,27,LR,7.41600681204283e-05
1787407097.3256457,22100,27,Loss/l_ce,0.0186917781829834
1787407097.3258486,22100,27,Loss/l_total,0.0186917781829834
1787407097.3258734,22100,27,LR,7.41600681204283e-05
1787407109.5757003,22120,27,Loss/l_ce,0.0966196060180664
1787407109.5759091,22120,27,Loss/l_total,0.0966196060180664
1787407109.575933,22120,27,LR,7.41600681204283e-05
1787407120.2096002,22140,27,Loss/l_ce,0.019458770751953125
1787407120.2097478,22140,27,Loss/l_total,0.019458770751953125
1787407120.2097702,22140,27,LR,7.41600681204283e-05
1787407126.636616,22160,27,Loss/l_ce,0.03889942169189453
1787407126.6367786,22160,27,Loss/l_total,0.03889942169189453
1787407126.636801,22160,27,LR,7.41600681204283e-05
1787407133.2927618,22180,27,Loss/l_ce,0.030733108520507812
1787407133.2929387,22180,27,Loss/l_total,0.030733108520507812
1787407133.2929614,22180,27,LR,7.41600681204283e-05
1787407144.9531138,22200,27,Loss/l_ce,0.05291032791137695
1787407144.9532492,22200,27,Loss/l_total,0.05291032791137695
1787407144.9532683,22200,27,LR,7.41600681204283e-05
1787407151.1596138,22220,27,Loss/l_ce,0.11975693702697754
1787407151.1597872,22220,27,Loss/l_total,0.11975693702697754
1787407151.15981,22220,27,LR,7.41600681204283e-05
1787407163.0328448,22240,27,Loss/l_ce,0.06780505180358887
1787407163.033019,22240,27,Loss/l_total,0.06780505180358887
1787407163.0330656,22240,27,LR,7.41600681204283e-05
1787407176.1971173,22260,27,Loss/l_ce,0.0442347526550293
1787407176.1973038,22260,27,Loss/l_total,0.0442347526550293
1787407176.1973288,22260,27,LR,7.41600681204283e-05
1787407188.111546,22280,27,Loss/l_ce,0.029377222061157227
1787407188.1117089,22280,27,Loss/l_total,0.029377222061157227
1787407188.1117325,22280,27,LR,7.41600681204283e-05
1787407196.7353137,22300,27,Loss/l_ce,0.04967641830444336
1787407196.7354906,22300,27,Loss/l_total,0.04967641830444336
1787407196.7355168,22300,27,LR,7.41600681204283e-05
1787407202.9024704,22320,27,Loss/l_ce,0.06740951538085938
1787407202.9026508,22320,27,Loss/l_total,0.06740951538085938
1787407202.9026756,22320,27,LR,7.41600681204283e-05
1787407211.4832885,22340,27,Loss/l_ce,0.052831411361694336
1787407211.4834952,22340,27,Loss/l_total,0.052831411361694336
1787407211.483519,22340,27,LR,7.41600681204283e-05
1787407220.1114812,22360,27,Loss/l_ce,0.1257152557373047
1787407220.1116378,22360,27,Loss/l_total,0.1257152557373047
1787407220.1116602,22360,27,LR,7.41600681204283e-05
1787407226.4017844,22380,27,Loss/l_ce,0.0185546875
1787407226.4019423,22380,27,Loss/l_total,0.0185546875
1787407226.4019706,22380,27,LR,7.41600681204283e-05
1787407231.8380926,22400,27,Loss/l_ce,0.022767066955566406
1787407231.8382897,22400,27,Loss/l_total,0.022767066955566406
1787407231.8383157,22400,27,LR,7.41600681204283e-05
1787407237.9395053,22420,27,Loss/l_ce,0.025996685028076172
1787407237.939687,22420,27,Loss/l_total,0.025996685028076172
1787407237.9397106,22420,27,LR,7.41600681204283e-05
1787407243.5601497,22440,27,Loss/l_ce,0.054837942123413086
1787407243.5603182,22440,27,Loss/l_total,0.054837942123413086
1787407243.5603468,22440,27,LR,7.41600681204283e-05
1787407252.405856,22460,27,Loss/l_ce,0.02088165283203125
1787407252.4060116,22460,27,Loss/l_total,0.02088165283203125
1787407252.4060566,22460,27,LR,7.41600681204283e-05
1787407257.6249485,22480,27,Loss/l_ce,0.11485862731933594
1787407257.6251457,22480,27,Loss/l_total,0.11485862731933594
1787407257.6251767,22480,27,LR,7.41600681204283e-05
1787407266.673406,22500,27,Loss/l_ce,0.05561017990112305
1787407266.6736634,22500,27,Loss/l_total,0.05561017990112305
1787407266.6736872,22500,27,LR,7.41600681204283e-05
1787407274.4632642,22520,27,Loss/l_ce,0.1611936092376709
1787407274.4634767,22520,27,Loss/l_total,0.1611936092376709
1787407274.463503,22520,27,LR,7.41600681204283e-05
1787407283.3865674,22540,27,Loss/l_ce,0.025757789611816406
1787407283.3868167,22540,27,Loss/l_total,0.025757789611816406
1787407283.3868415,22540,27,LR,7.41600681204283e-05
1787407290.5279815,22560,27,Loss/l_ce,0.017412662506103516
1787407290.528182,22560,27,Loss/l_total,0.017412662506103516
1787407290.5282059,22560,27,LR,7.41600681204283e-05
1787407300.8408499,22580,27,Loss/l_ce,0.06959342956542969
1787407300.841092,22580,27,Loss/l_total,0.06959342956542969
1787407300.8411407,22580,27,LR,7.41600681204283e-05
1787407306.1946566,22600,27,Loss/l_ce,0.018208026885986328
1787407306.1948276,22600,27,Loss/l_total,0.018208026885986328
1787407306.194849,22600,27,LR,7.41600681204283e-05
1787407314.754474,22620,27,Loss/l_ce,0.018458843231201172
1787407314.754735,22620,27,Loss/l_total,0.018458843231201172
1787407314.7547624,22620,27,LR,7.41600681204283e-05
1787407327.1245642,22640,27,Loss/l_ce,0.01698613166809082
1787407327.1246974,22640,27,Loss/l_total,0.01698613166809082
1787407327.124721,22640,27,LR,7.41600681204283e-05
1787407336.6059597,22660,27,Loss/l_ce,0.016761064529418945
1787407336.606164,22660,27,Loss/l_total,0.016761064529418945
1787407336.60619,22660,27,LR,7.41600681204283e-05
1787407346.4561424,22680,27,Loss/l_ce,0.06339073181152344
1787407346.4563205,22680,27,Loss/l_total,0.06339073181152344
1787407346.4563465,22680,27,LR,7.41600681204283e-05
1787407359.575349,22700,27,Loss/l_ce,0.03278613090515137
1787407359.575489,22700,27,Loss/l_total,0.03278613090515137
1787407359.5755093,22700,27,LR,7.41600681204283e-05
1787407369.7803838,22720,27,Loss/l_ce,0.021248817443847656
1787407369.7805512,22720,27,Loss/l_total,0.021248817443847656
1787407369.7805772,22720,27,LR,7.41600681204283e-05
1787407433.9244452,22736,27,Val/avg_error,0.11797945201396942
1787407433.9247859,22736,27,Val/acc,0.438427734375
1787407433.9248097,22736,27,Val/sparse_auc,0.6040182094381313
1787407433.9248288,22736,27,Val/sparse_pck_max,0.1
1787407433.9248464,22736,27,Val/sparse_pck_n,100.0
1787407438.1851676,22740,28,Loss/l_ce,0.014266014099121094
1787407438.185322,22740,28,Loss/l_total,0.014266014099121094
1787407438.1853445,22740,28,LR,7.243820139034467e-05
1787407448.4364889,22760,28,Loss/l_ce,0.042711496353149414
1787407448.4366424,22760,28,Loss/l_total,0.042711496353149414
1787407448.4366624,22760,28,LR,7.243820139034467e-05
1787407462.2154465,22780,28,Loss/l_ce,0.01633453369140625
1787407462.2156436,22780,28,Loss/l_total,0.01633453369140625
1787407462.2156663,22780,28,LR,7.243820139034467e-05
1787407472.2268283,22800,28,Loss/l_ce,0.05663156509399414
1787407472.2269957,22800,28,Loss/l_total,0.05663156509399414
1787407472.2270172,22800,28,LR,7.243820139034467e-05
1787407482.741808,22820,28,Loss/l_ce,0.01644754409790039
1787407482.7419777,22820,28,Loss/l_total,0.01644754409790039
1787407482.7420013,22820,28,LR,7.243820139034467e-05
1787407497.0258067,22840,28,Loss/l_ce,0.0258176326751709
1787407497.0260227,22840,28,Loss/l_total,0.0258176326751709
1787407497.0260704,22840,28,LR,7.243820139034467e-05
1787407503.7714927,22860,28,Loss/l_ce,0.018100976943969727
1787407503.771653,22860,28,Loss/l_total,0.018100976943969727
1787407503.7716753,22860,28,LR,7.243820139034467e-05
1787407514.465951,22880,28,Loss/l_ce,0.051569461822509766
1787407514.4661765,22880,28,Loss/l_total,0.051569461822509766
1787407514.466205,22880,28,LR,7.243820139034467e-05
1787407519.7063992,22900,28,Loss/l_ce,0.01519775390625
1787407519.706549,22900,28,Loss/l_total,0.01519775390625
1787407519.7065716,22900,28,LR,7.243820139034467e-05
1787407528.0157993,22920,28,Loss/l_ce,0.037657976150512695
1787407528.0159667,22920,28,Loss/l_total,0.037657976150512695
1787407528.015987,22920,28,LR,7.243820139034467e-05
1787407544.4174514,22940,28,Loss/l_ce,0.06987643241882324
1787407544.4177217,22940,28,Loss/l_total,0.06987643241882324
1787407544.4177673,22940,28,LR,7.243820139034467e-05
1787407556.9400108,22960,28,Loss/l_ce,0.01759624481201172
1787407556.940285,22960,28,Loss/l_total,0.01759624481201172
1787407556.9403088,22960,28,LR,7.243820139034467e-05
1787407565.7638,22980,28,Loss/l_ce,0.019025564193725586
1787407565.7639434,22980,28,Loss/l_total,0.019025564193725586
1787407565.7639637,22980,28,LR,7.243820139034467e-05
1787407577.0431855,23000,28,Loss/l_ce,0.015336990356445312
1787407577.0434096,23000,28,Loss/l_total,0.015336990356445312
1787407577.0434322,23000,28,LR,7.243820139034467e-05
1787407590.9309182,23020,28,Loss/l_ce,0.016498327255249023
1787407590.9311688,23020,28,Loss/l_total,0.016498327255249023
1787407590.9311912,23020,28,LR,7.243820139034467e-05
1787407599.494537,23040,28,Loss/l_ce,0.05280160903930664
1787407599.494682,23040,28,Loss/l_total,0.05280160903930664
1787407599.4947023,23040,28,LR,7.243820139034467e-05
1787407607.7697146,23060,28,Loss/l_ce,0.07647442817687988
1787407607.7698605,23060,28,Loss/l_total,0.07647442817687988
1787407607.7698834,23060,28,LR,7.243820139034467e-05
1787407614.6076262,23080,28,Loss/l_ce,0.01562952995300293
1787407614.6078293,23080,28,Loss/l_total,0.01562952995300293
1787407614.6078517,23080,28,LR,7.243820139034467e-05
1787407632.0636742,23100,28,Loss/l_ce,0.05768775939941406
1787407632.0641718,23100,28,Loss/l_total,0.05768775939941406
1787407632.0641942,23100,28,LR,7.243820139034467e-05
1787407642.0162187,23120,28,Loss/l_ce,0.016777992248535156
1787407642.0164807,23120,28,Loss/l_total,0.016777992248535156
1787407642.0165071,23120,28,LR,7.243820139034467e-05
1787407653.839412,23140,28,Loss/l_ce,0.05315732955932617
1787407653.8396258,23140,28,Loss/l_total,0.05315732955932617
1787407653.8396492,23140,28,LR,7.243820139034467e-05
1787407662.136902,23160,28,Loss/l_ce,0.013723611831665039
1787407662.1372013,23160,28,Loss/l_total,0.013723611831665039
1787407662.1372275,23160,28,LR,7.243820139034467e-05
1787407670.7175627,23180,28,Loss/l_ce,0.021680355072021484
1787407670.7178142,23180,28,Loss/l_total,0.021680355072021484
1787407670.7178392,23180,28,LR,7.243820139034467e-05
1787407681.5358014,23200,28,Loss/l_ce,0.021435022354125977
1787407681.536015,23200,28,Loss/l_total,0.021435022354125977
1787407681.5360768,23200,28,LR,7.243820139034467e-05
1787407695.1986115,23220,28,Loss/l_ce,0.048981428146362305
1787407695.1987896,23220,28,Loss/l_total,0.048981428146362305
1787407695.1988122,23220,28,LR,7.243820139034467e-05
1787407708.171275,23240,28,Loss/l_ce,0.048439979553222656
1787407708.171427,23240,28,Loss/l_total,0.048439979553222656
1787407708.1714518,23240,28,LR,7.243820139034467e-05
1787407719.6684096,23260,28,Loss/l_ce,0.01765584945678711
1787407719.6686637,23260,28,Loss/l_total,0.01765584945678711
1787407719.6686935,23260,28,LR,7.243820139034467e-05
1787407727.0775151,23280,28,Loss/l_ce,0.01892399787902832
1787407727.0776849,23280,28,Loss/l_total,0.01892399787902832
1787407727.0777063,23280,28,LR,7.243820139034467e-05
1787407736.5711553,23300,28,Loss/l_ce,0.02387714385986328
1787407736.5713642,23300,28,Loss/l_total,0.02387714385986328
1787407736.5713892,23300,28,LR,7.243820139034467e-05
1787407745.91512,23320,28,Loss/l_ce,0.035994529724121094
1787407745.9152923,23320,28,Loss/l_total,0.035994529724121094
1787407745.9153156,23320,28,LR,7.243820139034467e-05
1787407757.9146988,23340,28,Loss/l_ce,0.03613424301147461
1787407757.9148793,23340,28,Loss/l_total,0.03613424301147461
1787407757.9148982,23340,28,LR,7.243820139034467e-05
1787407768.1664438,23360,28,Loss/l_ce,0.01803731918334961
1787407768.1666327,23360,28,Loss/l_total,0.01803731918334961
1787407768.1666646,23360,28,LR,7.243820139034467e-05
1787407779.9188058,23380,28,Loss/l_ce,0.021133899688720703
1787407779.9189637,23380,28,Loss/l_total,0.021133899688720703
1787407779.9189863,23380,28,LR,7.243820139034467e-05
1787407792.5881217,23400,28,Loss/l_ce,0.048308610916137695
1787407792.5884376,23400,28,Loss/l_total,0.048308610916137695
1787407792.5884671,23400,28,LR,7.243820139034467e-05
1787407799.8737924,23420,28,Loss/l_ce,0.01581716537475586
1787407799.8739576,23420,28,Loss/l_total,0.01581716537475586
1787407799.8739815,23420,28,LR,7.243820139034467e-05
1787407810.3868585,23440,28,Loss/l_ce,0.00914144515991211
1787407810.387007,23440,28,Loss/l_total,0.00914144515991211
1787407810.3870273,23440,28,LR,7.243820139034467e-05
1787407820.508086,23460,28,Loss/l_ce,0.0480344295501709
1787407820.5083055,23460,28,Loss/l_total,0.0480344295501709
1787407820.5083294,23460,28,LR,7.243820139034467e-05
1787407830.1243944,23480,28,Loss/l_ce,0.021709203720092773
1787407830.124576,23480,28,Loss/l_total,0.021709203720092773
1787407830.1246178,23480,28,LR,7.243820139034467e-05
1787407841.4516175,23500,28,Loss/l_ce,0.018890857696533203
1787407841.451805,23500,28,Loss/l_total,0.018890857696533203
1787407841.4518278,23500,28,LR,7.243820139034467e-05
1787407852.5888326,23520,28,Loss/l_ce,0.024376630783081055
1787407852.5891366,23520,28,Loss/l_total,0.024376630783081055
1787407852.5891614,23520,28,LR,7.243820139034467e-05
1787407867.3450186,23540,28,Loss/l_ce,0.10797858238220215
1787407867.3452487,23540,28,Loss/l_total,0.10797858238220215
1787407867.3452716,23540,28,LR,7.243820139034467e-05
1787407934.5549734,23548,28,Val/avg_error,0.11118657886981964
1787407934.5554295,23548,28,Val/acc,0.44794921875
1787407934.5554543,23548,28,Val/sparse_auc,0.6175887290877524
1787407934.555503,23548,28,Val/sparse_pck_max,0.1
1787407934.555522,23548,28,Val/sparse_pck_n,100.0
1787407943.074915,23560,29,Loss/l_ce,0.0397038459777832
1787407943.07515,23560,29,Loss/l_total,0.0397038459777832
1787407943.0751748,23560,29,LR,7.068574212948172e-05
1787407953.794465,23580,29,Loss/l_ce,0.31281375885009766
1787407953.7947857,23580,29,Loss/l_total,0.31281375885009766
1787407953.7948105,23580,29,LR,7.068574212948172e-05
1787407962.088884,23600,29,Loss/l_ce,0.10617256164550781
1787407962.0890791,23600,29,Loss/l_total,0.10617256164550781
1787407962.089104,23600,29,LR,7.068574212948172e-05
1787407973.7286274,23620,29,Loss/l_ce,0.020745515823364258
1787407973.7287936,23620,29,Loss/l_total,0.020745515823364258
1787407973.728815,23620,29,LR,7.068574212948172e-05
1787407983.5464885,23640,29,Loss/l_ce,0.030353069305419922
1787407983.5466406,23640,29,Loss/l_total,0.030353069305419922
1787407983.5466633,23640,29,LR,7.068574212948172e-05
1787407994.3887599,23660,29,Loss/l_ce,0.023759126663208008
1787407994.3889139,23660,29,Loss/l_total,0.023759126663208008
1787407994.3889332,23660,29,LR,7.068574212948172e-05
1787408000.4822354,23680,29,Loss/l_ce,0.00648045539855957
1787408000.482461,23680,29,Loss/l_total,0.00648045539855957
1787408000.4824893,23680,29,LR,7.068574212948172e-05
1787408009.498064,23700,29,Loss/l_ce,0.13799667358398438
1787408009.4982207,23700,29,Loss/l_total,0.13799667358398438
1787408009.498241,23700,29,LR,7.068574212948172e-05
1787408018.8025723,23720,29,Loss/l_ce,0.01616978645324707
1787408018.8027387,23720,29,Loss/l_total,0.01616978645324707
1787408018.80276,23720,29,LR,7.068574212948172e-05
1787408027.159359,23740,29,Loss/l_ce,0.0164337158203125
1787408027.1595218,23740,29,Loss/l_total,0.0164337158203125
1787408027.159543,23740,29,LR,7.068574212948172e-05
1787408035.1991413,23760,29,Loss/l_ce,0.03708457946777344
1787408035.1993883,23760,29,Loss/l_total,0.03708457946777344
1787408035.1994119,23760,29,LR,7.068574212948172e-05
1787408044.8624291,23780,29,Loss/l_ce,0.06216740608215332
1787408044.862626,23780,29,Loss/l_total,0.06216740608215332
1787408044.8626487,23780,29,LR,7.068574212948172e-05
1787408056.466738,23800,29,Loss/l_ce,0.04977130889892578
1787408056.466922,23800,29,Loss/l_total,0.04977130889892578
1787408056.4669433,23800,29,LR,7.068574212948172e-05
1787408064.9816573,23820,29,Loss/l_ce,0.03857064247131348
1787408064.981814,23820,29,Loss/l_total,0.03857064247131348
1787408064.9818377,23820,29,LR,7.068574212948172e-05
1787408080.6360202,23840,29,Loss/l_ce,0.018918514251708984
1787408080.6362305,23840,29,Loss/l_total,0.018918514251708984
1787408080.6362503,23840,29,LR,7.068574212948172e-05
1787408087.4081144,23860,29,Loss/l_ce,0.02414989471435547
1787408087.4082878,23860,29,Loss/l_total,0.02414989471435547
1787408087.4083116,23860,29,LR,7.068574212948172e-05
1787408095.534367,23880,29,Loss/l_ce,0.05213594436645508
1787408095.534526,23880,29,Loss/l_total,0.05213594436645508
1787408095.53455,23880,29,LR,7.068574212948172e-05
1787408102.9402175,23900,29,Loss/l_ce,0.05673980712890625
1787408102.94041,23900,29,Loss/l_total,0.05673980712890625
1787408102.9404323,23900,29,LR,7.068574212948172e-05
1787408108.5089161,23920,29,Loss/l_ce,0.017792940139770508
1787408108.509093,23920,29,Loss/l_total,0.017792940139770508
1787408108.5091383,23920,29,LR,7.068574212948172e-05
1787408115.5208325,23940,29,Loss/l_ce,0.021883726119995117
1787408115.5210629,23940,29,Loss/l_total,0.021883726119995117
1787408115.5211058,23940,29,LR,7.068574212948172e-05
1787408121.2243724,23960,29,Loss/l_ce,0.015474319458007812
1787408121.2245686,23960,29,Loss/l_total,0.015474319458007812
1787408121.2245922,23960,29,LR,7.068574212948172e-05
1787408129.278155,23980,29,Loss/l_ce,0.023519039154052734
1787408129.2785456,23980,29,Loss/l_total,0.023519039154052734
1787408129.2785764,23980,29,LR,7.068574212948172e-05
1787408136.1206574,24000,29,Loss/l_ce,0.02482008934020996
1787408136.120864,24000,29,Loss/l_total,0.02482008934020996
1787408136.1208866,24000,29,LR,7.068574212948172e-05
1787408141.4532435,24020,29,Loss/l_ce,0.01464700698852539
1787408141.45345,24020,29,Loss/l_total,0.01464700698852539
1787408141.4534726,24020,29,LR,7.068574212948172e-05
1787408146.5829365,24040,29,Loss/l_ce,0.02614426612854004
1787408146.583199,24040,29,Loss/l_total,0.02614426612854004
1787408146.5832238,24040,29,LR,7.068574212948172e-05
1787408153.0828865,24060,29,Loss/l_ce,0.044382333755493164
1787408153.0831902,24060,29,Loss/l_total,0.044382333755493164
1787408153.0832245,24060,29,LR,7.068574212948172e-05
1787408162.2867022,24080,29,Loss/l_ce,0.014751434326171875
1787408162.2869525,24080,29,Loss/l_total,0.014751434326171875
1787408162.286987,24080,29,LR,7.068574212948172e-05
1787408172.1263976,24100,29,Loss/l_ce,0.13152742385864258
1787408172.1268191,24100,29,Loss/l_total,0.13152742385864258
1787408172.126843,24100,29,LR,7.068574212948172e-05
1787408181.954075,24120,29,Loss/l_ce,0.015130996704101562
1787408181.9545217,24120,29,Loss/l_total,0.015130996704101562
1787408181.9545538,24120,29,LR,7.068574212948172e-05
1787408191.2725153,24140,29,Loss/l_ce,0.019711971282958984
1787408191.2726862,24140,29,Loss/l_total,0.019711971282958984
1787408191.27271,24140,29,LR,7.068574212948172e-05
1787408197.7408323,24160,29,Loss/l_ce,0.015044212341308594
1787408197.7410057,24160,29,Loss/l_total,0.015044212341308594
1787408197.741028,24160,29,LR,7.068574212948172e-05
1787408207.1669269,24180,29,Loss/l_ce,0.01743602752685547
1787408207.1671464,24180,29,Loss/l_total,0.01743602752685547
1787408207.1671855,24180,29,LR,7.068574212948172e-05
1787408218.1686966,24200,29,Loss/l_ce,0.0225985050201416
1787408218.1689186,24200,29,Loss/l_total,0.0225985050201416
1787408218.1689425,24200,29,LR,7.068574212948172e-05
1787408229.3821375,24220,29,Loss/l_ce,0.020678997039794922
1787408229.3824153,24220,29,Loss/l_total,0.020678997039794922
1787408229.3824391,24220,29,LR,7.068574212948172e-05
1787408241.3719325,24240,29,Loss/l_ce,0.016459941864013672
1787408241.3723717,24240,29,Loss/l_total,0.016459941864013672
1787408241.3724062,24240,29,LR,7.068574212948172e-05
1787408250.3404505,24260,29,Loss/l_ce,0.01674485206604004
1787408250.3406618,24260,29,Loss/l_total,0.01674485206604004
1787408250.3406856,24260,29,LR,7.068574212948172e-05
1787408258.597734,24280,29,Loss/l_ce,0.01602959632873535
1787408258.5980759,24280,29,Loss/l_total,0.01602959632873535
1787408258.5981033,24280,29,LR,7.068574212948172e-05
1787408271.7738168,24300,29,Loss/l_ce,0.017163991928100586
1787408271.7741697,24300,29,Loss/l_total,0.017163991928100586
1787408271.774197,24300,29,LR,7.068574212948172e-05
1787408285.5760567,24320,29,Loss/l_ce,0.018045425415039062
1787408285.576381,24320,29,Loss/l_total,0.018045425415039062
1787408285.576406,24320,29,LR,7.068574212948172e-05
1787408303.8059888,24340,29,Loss/l_ce,0.051065683364868164
1787408303.8063035,24340,29,Loss/l_total,0.051065683364868164
1787408303.8063295,24340,29,LR,7.068574212948172e-05
1787408314.9994404,24360,29,Loss/l_ce,0.021410226821899414
1787408314.999729,24360,29,Loss/l_total,0.021410226821899414
1787408314.9997528,24360,29,LR,7.068574212948172e-05
1787408379.3058567,24360,29,Val/avg_error,0.11560119688510895
1787408379.30646,24360,29,Val/acc,0.431201171875
1787408379.306491,24360,29,Val/sparse_auc,0.6007250236742423
1787408379.30653,24360,29,Val/sparse_pck_max,0.1
1787408379.3065548,24360,29,Val/sparse_pck_n,100.0
1787408392.0678778,24380,30,Loss/l_ce,0.009792566299438477
1787408392.0683753,24380,30,Loss/l_total,0.009792566299438477
1787408392.0684063,24380,30,LR,6.890576474687267e-05
1787408403.9336631,24400,30,Loss/l_ce,0.018223285675048828
1787408403.9338293,24400,30,Loss/l_total,0.018223285675048828
1787408403.933859,24400,30,LR,6.890576474687267e-05
1787408412.7079704,24420,30,Loss/l_ce,0.03948092460632324
1787408412.708215,24420,30,Loss/l_total,0.03948092460632324
1787408412.7082386,24420,30,LR,6.890576474687267e-05
1787408421.4882057,24440,30,Loss/l_ce,0.04130887985229492
1787408421.4883847,24440,30,Loss/l_total,0.04130887985229492
1787408421.4884086,24440,30,LR,6.890576474687267e-05
1787408432.4782238,24460,30,Loss/l_ce,0.03660249710083008
1787408432.4784648,24460,30,Loss/l_total,0.03660249710083008
1787408432.4784887,24460,30,LR,6.890576474687267e-05
1787408443.9679768,24480,30,Loss/l_ce,0.01897716522216797
1787408443.9681761,24480,30,Loss/l_total,0.01897716522216797
1787408443.968199,24480,30,LR,6.890576474687267e-05
1787408452.0891435,24500,30,Loss/l_ce,0.0715324878692627
1787408452.089329,24500,30,Loss/l_total,0.0715324878692627
1787408452.0893514,24500,30,LR,6.890576474687267e-05
1787408461.9146037,24520,30,Loss/l_ce,0.08016014099121094
1787408461.9147913,24520,30,Loss/l_total,0.08016014099121094
1787408461.914814,24520,30,LR,6.890576474687267e-05
1787408470.7598083,24540,30,Loss/l_ce,0.020285606384277344
1787408470.7600958,24540,30,Loss/l_total,0.020285606384277344
1787408470.7603533,24540,30,LR,6.890576474687267e-05
1787408480.6578894,24560,30,Loss/l_ce,0.020304441452026367
1787408480.6581268,24560,30,Loss/l_total,0.020304441452026367
1787408480.6581495,24560,30,LR,6.890576474687267e-05
1787408487.5787072,24580,30,Loss/l_ce,0.017569780349731445
1787408487.5788815,24580,30,Loss/l_total,0.017569780349731445
1787408487.5789044,24580,30,LR,6.890576474687267e-05
1787408496.1377273,24600,30,Loss/l_ce,0.025842666625976562
1787408496.137941,24600,30,Loss/l_total,0.025842666625976562
1787408496.1379635,24600,30,LR,6.890576474687267e-05
1787408503.0543432,24620,30,Loss/l_ce,0.0441279411315918
1787408503.054564,24620,30,Loss/l_total,0.0441279411315918
1787408503.0545866,24620,30,LR,6.890576474687267e-05
1787408513.431649,24640,30,Loss/l_ce,0.04425048828125
1787408513.4318733,24640,30,Loss/l_total,0.04425048828125
1787408513.431896,24640,30,LR,6.890576474687267e-05
1787408524.493668,24660,30,Loss/l_ce,0.05526089668273926
1787408524.4938354,24660,30,Loss/l_total,0.05526089668273926
1787408524.4938567,24660,30,LR,6.890576474687267e-05
1787408535.033612,24680,30,Loss/l_ce,0.017891645431518555
1787408535.0338638,24680,30,Loss/l_total,0.017891645431518555
1787408535.0338874,24680,30,LR,6.890576474687267e-05
1787408546.73727,24700,30,Loss/l_ce,0.0207366943359375
1787408546.7374754,24700,30,Loss/l_total,0.0207366943359375
1787408546.7375002,24700,30,LR,6.890576474687267e-05
1787408558.083582,24720,30,Loss/l_ce,0.046098947525024414
1787408558.083766,24720,30,Loss/l_total,0.046098947525024414
1787408558.0837874,24720,30,LR,6.890576474687267e-05
1787408566.0114813,24740,30,Loss/l_ce,0.01905965805053711
1787408566.0116868,24740,30,Loss/l_total,0.01905965805053711
1787408566.0117095,24740,30,LR,6.890576474687267e-05
1787408576.6492558,24760,30,Loss/l_ce,0.014885425567626953
1787408576.6494622,24760,30,Loss/l_total,0.014885425567626953
1787408576.6494896,24760,30,LR,6.890576474687267e-05
1787408588.4975471,24780,30,Loss/l_ce,0.22944259643554688
1787408588.497762,24780,30,Loss/l_total,0.22944259643554688
1787408588.4977822,24780,30,LR,6.890576474687267e-05
1787408600.0309138,24800,30,Loss/l_ce,0.014505386352539062
1787408600.031099,24800,30,Loss/l_total,0.014505386352539062
1787408600.0311227,24800,30,LR,6.890576474687267e-05
1787408609.6389883,24820,30,Loss/l_ce,0.11638355255126953
1787408609.6391768,24820,30,Loss/l_total,0.11638355255126953
1787408609.6392057,24820,30,LR,6.890576474687267e-05
1787408619.195915,24840,30,Loss/l_ce,0.015826702117919922
1787408619.1961122,24840,30,Loss/l_total,0.015826702117919922
1787408619.196136,24840,30,LR,6.890576474687267e-05
1787408630.2397668,24860,30,Loss/l_ce,0.06278443336486816
1787408630.240085,24860,30,Loss/l_total,0.06278443336486816
1787408630.2401147,24860,30,LR,6.890576474687267e-05
1787408641.2736688,24880,30,Loss/l_ce,0.05264782905578613
1787408641.2738206,24880,30,Loss/l_total,0.05264782905578613
1787408641.273842,24880,30,LR,6.890576474687267e-05
1787408651.538196,24900,30,Loss/l_ce,0.01928853988647461
1787408651.5383644,24900,30,Loss/l_total,0.01928853988647461
1787408651.5383859,24900,30,LR,6.890576474687267e-05
1787408662.8877394,24920,30,Loss/l_ce,0.028898954391479492
1787408662.887964,24920,30,Loss/l_total,0.028898954391479492
1787408662.88799,24920,30,LR,6.890576474687267e-05
1787408673.3164542,24940,30,Loss/l_ce,0.016684293746948242
1787408673.3166833,24940,30,Loss/l_total,0.016684293746948242
1787408673.3167093,24940,30,LR,6.890576474687267e-05
1787408681.0062041,24960,30,Loss/l_ce,0.021276473999023438
1787408681.006634,24960,30,Loss/l_total,0.021276473999023438
1787408681.0066614,24960,30,LR,6.890576474687267e-05
1787408689.187011,24980,30,Loss/l_ce,0.09813714027404785
1787408689.1872234,24980,30,Loss/l_total,0.09813714027404785
1787408689.1872485,24980,30,LR,6.890576474687267e-05
1787408699.8542879,25000,30,Loss/l_ce,0.015317916870117188
1787408699.8544815,25000,30,Loss/l_total,0.015317916870117188
1787408699.8545027,25000,30,LR,6.890576474687267e-05
1787408711.0644467,25020,30,Loss/l_ce,0.030417203903198242
1787408711.0646582,25020,30,Loss/l_total,0.030417203903198242
1787408711.0658667,25020,30,LR,6.890576474687267e-05
1787408723.9424057,25040,30,Loss/l_ce,0.023165225982666016
1787408723.9425814,25040,30,Loss/l_total,0.023165225982666016
1787408723.9426005,25040,30,LR,6.890576474687267e-05
1787408734.947892,25060,30,Loss/l_ce,0.035082340240478516
1787408734.9481177,25060,30,Loss/l_total,0.035082340240478516
1787408734.9481413,25060,30,LR,6.890576474687267e-05
1787408744.8085232,25080,30,Loss/l_ce,0.020854949951171875
1787408744.8086956,25080,30,Loss/l_total,0.020854949951171875
1787408744.8087168,25080,30,LR,6.890576474687267e-05
1787408753.0427306,25100,30,Loss/l_ce,0.11037635803222656
1787408753.0429099,25100,30,Loss/l_total,0.11037635803222656
1787408753.0429385,25100,30,LR,6.890576474687267e-05
1787408762.1404152,25120,30,Loss/l_ce,0.04375505447387695
1787408762.140586,25120,30,Loss/l_total,0.04375505447387695
1787408762.1406097,25120,30,LR,6.890576474687267e-05
1787408774.8390036,25140,30,Loss/l_ce,0.027600765228271484
1787408774.839227,25140,30,Loss/l_total,0.027600765228271484
1787408774.8392508,25140,30,LR,6.890576474687267e-05
1787408786.8041484,25160,30,Loss/l_ce,0.03597688674926758
1787408786.804323,25160,30,Loss/l_total,0.03597688674926758
1787408786.804342,25160,30,LR,6.890576474687267e-05
1787408864.821467,25172,30,Val/avg_error,0.12037718296051025
1787408864.8217673,25172,30,Val/acc,0.438134765625
1787408864.82179,25172,30,Val/sparse_auc,0.6026441169507576
1787408864.8218067,25172,30,Val/sparse_pck_max,0.1
1787408864.821829,25172,30,Val/sparse_pck_n,100.0
1787408870.6892784,25180,31,Loss/l_ce,0.09033083915710449
1787408870.6894588,25180,31,Loss/l_total,0.09033083915710449
1787408870.689484,25180,31,LR,6.7101391927687e-05
1787408882.4053288,25200,31,Loss/l_ce,0.009690523147583008
1787408882.405515,25200,31,Loss/l_total,0.009690523147583008
1787408882.4055376,25200,31,LR,6.7101391927687e-05
1787408892.7553055,25220,31,Loss/l_ce,0.07434988021850586
1787408892.7555108,25220,31,Loss/l_total,0.07434988021850586
1787408892.7555332,25220,31,LR,6.7101391927687e-05
1787408905.0006785,25240,31,Loss/l_ce,0.04502415657043457
1787408905.001073,25240,31,Loss/l_total,0.04502415657043457
1787408905.0011013,25240,31,LR,6.7101391927687e-05
1787408917.01943,25260,31,Loss/l_ce,0.022070646286010742
1787408917.0196652,25260,31,Loss/l_total,0.022070646286010742
1787408917.019716,25260,31,LR,6.7101391927687e-05
1787408929.5868645,25280,31,Loss/l_ce,0.08697676658630371
1787408929.5870175,25280,31,Loss/l_total,0.08697676658630371
1787408929.5870543,25280,31,LR,6.7101391927687e-05
1787408941.8445234,25300,31,Loss/l_ce,0.02974677085876465
1787408941.844684,25300,31,Loss/l_total,0.02974677085876465
1787408941.844705,25300,31,LR,6.7101391927687e-05
1787408955.430484,25320,31,Loss/l_ce,0.014677286148071289
1787408955.430668,25320,31,Loss/l_total,0.014677286148071289
1787408955.4306896,25320,31,LR,6.7101391927687e-05
1787408969.6796331,25340,31,Loss/l_ce,0.07877683639526367
1787408969.6798089,25340,31,Loss/l_total,0.07877683639526367
1787408969.6798303,25340,31,LR,6.7101391927687e-05
1787408980.244825,25360,31,Loss/l_ce,0.020112037658691406
1787408980.2449956,25360,31,Loss/l_total,0.020112037658691406
1787408980.2450194,25360,31,LR,6.7101391927687e-05
1787408992.3492067,25380,31,Loss/l_ce,0.013736248016357422
1787408992.349462,25380,31,Loss/l_total,0.013736248016357422
1787408992.3494844,25380,31,LR,6.7101391927687e-05
1787409004.860997,25400,31,Loss/l_ce,0.05620408058166504
1787409004.861219,25400,31,Loss/l_total,0.05620408058166504
1787409004.8612413,25400,31,LR,6.7101391927687e-05
1787409015.2838335,25420,31,Loss/l_ce,0.03631711006164551
1787409015.2840176,25420,31,Loss/l_total,0.03631711006164551
1787409015.2840676,25420,31,LR,6.7101391927687e-05
1787409028.870645,25440,31,Loss/l_ce,0.06447315216064453
1787409028.8708255,25440,31,Loss/l_total,0.06447315216064453
1787409028.8708467,25440,31,LR,6.7101391927687e-05
1787409041.8209996,25460,31,Loss/l_ce,0.017979145050048828
1787409041.8212335,25460,31,Loss/l_total,0.017979145050048828
1787409041.8212585,25460,31,LR,6.7101391927687e-05
1787409049.9408433,25480,31,Loss/l_ce,0.044672250747680664
1787409049.94107,25480,31,Loss/l_total,0.044672250747680664
1787409049.9410949,25480,31,LR,6.7101391927687e-05
1787409060.399927,25500,31,Loss/l_ce,0.018138647079467773
1787409060.4001548,25500,31,Loss/l_total,0.018138647079467773
1787409060.400181,25500,31,LR,6.7101391927687e-05
1787409071.3555973,25520,31,Loss/l_ce,0.02274465560913086
1787409071.3558133,25520,31,Loss/l_total,0.02274465560913086
1787409071.3558335,25520,31,LR,6.7101391927687e-05
1787409085.210887,25540,31,Loss/l_ce,0.051653146743774414
1787409085.2110817,25540,31,Loss/l_total,0.051653146743774414
1787409085.211103,25540,31,LR,6.7101391927687e-05
1787409096.820614,25560,31,Loss/l_ce,0.0163421630859375
1787409096.8208196,25560,31,Loss/l_total,0.0163421630859375
1787409096.8208432,25560,31,LR,6.7101391927687e-05
1787409112.8749201,25580,31,Loss/l_ce,0.01477193832397461
1787409112.8752134,25580,31,Loss/l_total,0.01477193832397461
1787409112.875243,25580,31,LR,6.7101391927687e-05
1787409120.7628987,25600,31,Loss/l_ce,0.05692291259765625
1787409120.7631197,25600,31,Loss/l_total,0.05692291259765625
1787409120.763143,25600,31,LR,6.7101391927687e-05
1787409133.274627,25620,31,Loss/l_ce,0.015070676803588867
1787409133.274822,25620,31,Loss/l_total,0.015070676803588867
1787409133.2748456,25620,31,LR,6.7101391927687e-05
1787409144.1449544,25640,31,Loss/l_ce,0.03749203681945801
1787409144.1451597,25640,31,Loss/l_total,0.03749203681945801
1787409144.1451812,25640,31,LR,6.7101391927687e-05
1787409152.186747,25660,31,Loss/l_ce,0.04116964340209961
1787409152.1873324,25660,31,Loss/l_total,0.04116964340209961
1787409152.1873634,25660,31,LR,6.7101391927687e-05
1787409159.6028461,25680,31,Loss/l_ce,0.013366460800170898
1787409159.6032557,25680,31,Loss/l_total,0.013366460800170898
1787409159.6032867,25680,31,LR,6.7101391927687e-05
1787409173.2002258,25700,31,Loss/l_ce,0.01490330696105957
1787409173.2006366,25700,31,Loss/l_total,0.01490330696105957
1787409173.2006602,25700,31,LR,6.7101391927687e-05
1787409182.9398494,25720,31,Loss/l_ce,0.013121604919433594
1787409182.940164,25720,31,Loss/l_total,0.013121604919433594
1787409182.940188,25720,31,LR,6.7101391927687e-05
1787409193.6082945,25740,31,Loss/l_ce,0.1800994873046875
1787409193.6085236,25740,31,Loss/l_total,0.1800994873046875
1787409193.6085415,25740,31,LR,6.7101391927687e-05
1787409204.2167237,25760,31,Loss/l_ce,0.06535172462463379
1787409204.2169423,25760,31,Loss/l_total,0.06535172462463379
1787409204.216967,25760,31,LR,6.7101391927687e-05
1787409217.2503672,25780,31,Loss/l_ce,0.031667232513427734
1787409217.250544,25780,31,Loss/l_total,0.031667232513427734
1787409217.250567,25780,31,LR,6.7101391927687e-05
1787409227.338585,25800,31,Loss/l_ce,0.01990342140197754
1787409227.338751,25800,31,Loss/l_total,0.01990342140197754
1787409227.3387702,25800,31,LR,6.7101391927687e-05
1787409236.0937338,25820,31,Loss/l_ce,0.0064296722412109375
1787409236.093937,25820,31,Loss/l_total,0.0064296722412109375
1787409236.0939605,25820,31,LR,6.7101391927687e-05
1787409253.683401,25840,31,Loss/l_ce,0.01589202880859375
1787409253.6836255,25840,31,Loss/l_total,0.01589202880859375
1787409253.6836483,25840,31,LR,6.7101391927687e-05
1787409261.5463486,25860,31,Loss/l_ce,0.026463747024536133
1787409261.5466406,25860,31,Loss/l_total,0.026463747024536133
1787409261.5466645,25860,31,LR,6.7101391927687e-05
1787409271.3402493,25880,31,Loss/l_ce,0.016936540603637695
1787409271.3404145,25880,31,Loss/l_total,0.016936540603637695
1787409271.3404381,25880,31,LR,6.7101391927687e-05
1787409280.728663,25900,31,Loss/l_ce,0.01362156867980957
1787409280.7289064,25900,31,Loss/l_total,0.01362156867980957
1787409280.7289279,25900,31,LR,6.7101391927687e-05
1787409289.366641,25920,31,Loss/l_ce,0.028457164764404297
1787409289.366799,25920,31,Loss/l_total,0.028457164764404297
1787409289.366825,25920,31,LR,6.7101391927687e-05
1787409298.598549,25940,31,Loss/l_ce,0.029244422912597656
1787409298.5987628,25940,31,Loss/l_total,0.029244422912597656
1787409298.5987864,25940,31,LR,6.7101391927687e-05
1787409306.4149327,25960,31,Loss/l_ce,0.028570175170898438
1787409306.4151335,25960,31,Loss/l_total,0.028570175170898438
1787409306.415155,25960,31,LR,6.7101391927687e-05
1787409314.0119863,25980,31,Loss/l_ce,0.018558502197265625
1787409314.0121832,25980,31,Loss/l_total,0.018558502197265625
1787409314.012207,25980,31,LR,6.7101391927687e-05
1787409373.435603,25984,31,Val/avg_error,0.11941702663898468
1787409373.435877,25984,31,Val/acc,0.4333984375
1787409373.4358997,25984,31,Val/sparse_auc,0.599965968276515
1787409373.4359186,25984,31,Val/sparse_pck_max,0.1
1787409373.436154,25984,31,Val/sparse_pck_n,100.0
1787409380.2038255,26000,32,Loss/l_ce,0.0195009708404541
1787409380.2040036,26000,32,Loss/l_total,0.0195009708404541
1787409380.2040248,26000,32,LR,6.527578915497955e-05
1787409386.8641253,26020,32,Loss/l_ce,0.03883671760559082
1787409386.864283,26020,32,Loss/l_total,0.03883671760559082
1787409386.86432,26020,32,LR,6.527578915497955e-05
1787409392.6082082,26040,32,Loss/l_ce,0.023850679397583008
1787409392.6083968,26040,32,Loss/l_total,0.023850679397583008
1787409392.6084206,26040,32,LR,6.527578915497955e-05
1787409401.6866455,26060,32,Loss/l_ce,0.027832508087158203
1787409401.6868284,26060,32,Loss/l_total,0.027832508087158203
1787409401.6868546,26060,32,LR,6.527578915497955e-05
1787409406.781067,26080,32,Loss/l_ce,0.013236761093139648
1787409406.7813318,26080,32,Loss/l_total,0.013236761093139648
1787409406.7813556,26080,32,LR,6.527578915497955e-05
1787409415.0384743,26100,32,Loss/l_ce,0.016971588134765625
1787409415.0386915,26100,32,Loss/l_total,0.016971588134765625
1787409415.0387166,26100,32,LR,6.527578915497955e-05
1787409423.8649318,26120,32,Loss/l_ce,0.06036376953125
1787409423.8651726,26120,32,Loss/l_total,0.06036376953125
1787409423.865198,26120,32,LR,6.527578915497955e-05
1787409452.0186846,26140,32,Loss/l_ce,0.05937051773071289
1787409452.0188665,26140,32,Loss/l_total,0.05937051773071289
1787409452.018895,26140,32,LR,6.527578915497955e-05
1787409474.8799763,26160,32,Loss/l_ce,0.050750017166137695
1787409474.8805888,26160,32,Loss/l_total,0.050750017166137695
1787409474.8806207,26160,32,LR,6.527578915497955e-05
1787409500.4267015,26180,32,Loss/l_ce,0.03750157356262207
1787409500.427199,26180,32,Loss/l_total,0.03750157356262207
1787409500.4272296,26180,32,LR,6.527578915497955e-05
1787409529.812291,26200,32,Loss/l_ce,0.04548788070678711
1787409529.8125343,26200,32,Loss/l_total,0.04548788070678711
1787409529.8125546,26200,32,LR,6.527578915497955e-05
1787409557.6973922,26220,32,Loss/l_ce,0.017354249954223633
1787409557.6977386,26220,32,Loss/l_total,0.017354249954223633
1787409557.6977625,26220,32,LR,6.527578915497955e-05
1787409582.7399743,26240,32,Loss/l_ce,0.07119393348693848
1787409582.7402117,26240,32,Loss/l_total,0.07119393348693848
1787409582.740233,26240,32,LR,6.527578915497955e-05
1787409602.2083733,26260,32,Loss/l_ce,0.05942678451538086
1787409602.2085466,26260,32,Loss/l_total,0.05942678451538086
1787409602.208568,26260,32,LR,6.527578915497955e-05
1787409615.1541197,26280,32,Loss/l_ce,0.025587081909179688
1787409615.1543784,26280,32,Loss/l_total,0.025587081909179688
1787409615.1543987,26280,32,LR,6.527578915497955e-05
1787409628.181209,26300,32,Loss/l_ce,0.019313573837280273
1787409628.181379,26300,32,Loss/l_total,0.019313573837280273
1787409628.181399,26300,32,LR,6.527578915497955e-05
1787409638.3061533,26320,32,Loss/l_ce,0.0329442024230957
1787409638.3064086,26320,32,Loss/l_total,0.0329442024230957
1787409638.3064313,26320,32,LR,6.527578915497955e-05
1787409651.490119,26340,32,Loss/l_ce,0.017484426498413086
1787409651.4903138,26340,32,Loss/l_total,0.017484426498413086
1787409651.4903376,26340,32,LR,6.527578915497955e-05
1787409678.7181115,26360,32,Loss/l_ce,0.019957780838012695
1787409678.7184284,26360,32,Loss/l_total,0.019957780838012695
1787409678.7187762,26360,32,LR,6.527578915497955e-05
1787409705.3362606,26380,32,Loss/l_ce,0.01394033432006836
1787409705.33644,26380,32,Loss/l_total,0.01394033432006836
1787409705.336466,26380,32,LR,6.527578915497955e-05
1787409737.705027,26400,32,Loss/l_ce,0.035082101821899414
1787409737.7052598,26400,32,Loss/l_total,0.035082101821899414
1787409737.7052846,26400,32,LR,6.527578915497955e-05
1787409764.6987963,26420,32,Loss/l_ce,0.22600507736206055
1787409764.698959,26420,32,Loss/l_total,0.22600507736206055
1787409764.698978,26420,32,LR,6.527578915497955e-05
1787409791.7336187,26440,32,Loss/l_ce,0.0059587955474853516
1787409791.7338932,26440,32,Loss/l_total,0.0059587955474853516
1787409791.7339168,26440,32,LR,6.527578915497955e-05
1787409823.4838934,26460,32,Loss/l_ce,0.10877275466918945
1787409823.484156,26460,32,Loss/l_total,0.10877275466918945
1787409823.484181,26460,32,LR,6.527578915497955e-05
1787409835.7923887,26480,32,Loss/l_ce,0.017836570739746094
1787409835.7925642,26480,32,Loss/l_total,0.017836570739746094
1787409835.7925987,26480,32,LR,6.527578915497955e-05
1787409845.6701634,26500,32,Loss/l_ce,0.03801131248474121
1787409845.6703308,26500,32,Loss/l_total,0.03801131248474121
1787409845.6703525,26500,32,LR,6.527578915497955e-05
1787409857.3112214,26520,32,Loss/l_ce,0.015179157257080078
1787409857.3114114,26520,32,Loss/l_total,0.015179157257080078
1787409857.3114326,26520,32,LR,6.527578915497955e-05
1787409866.3737538,26540,32,Loss/l_ce,0.03493547439575195
1787409866.3739722,26540,32,Loss/l_total,0.03493547439575195
1787409866.3739924,26540,32,LR,6.527578915497955e-05
1787409876.481472,26560,32,Loss/l_ce,0.01741170883178711
1787409876.4816964,26560,32,Loss/l_total,0.01741170883178711
1787409876.48172,26560,32,LR,6.527578915497955e-05
1787409904.109847,26580,32,Loss/l_ce,0.08855962753295898
1787409904.1108239,26580,32,Loss/l_total,0.08855962753295898
1787409904.1108716,26580,32,LR,6.527578915497955e-05
1787409923.5504668,26600,32,Loss/l_ce,0.012682914733886719
1787409923.5506983,26600,32,Loss/l_total,0.012682914733886719
1787409923.5507197,26600,32,LR,6.527578915497955e-05
1787409946.7316725,26620,32,Loss/l_ce,0.013958930969238281
1787409946.731884,26620,32,Loss/l_total,0.013958930969238281
1787409946.7319052,26620,32,LR,6.527578915497955e-05
1787409971.665382,26640,32,Loss/l_ce,0.11043214797973633
1787409971.6656263,26640,32,Loss/l_total,0.11043214797973633
1787409971.668205,26640,32,LR,6.527578915497955e-05
1787410000.9285474,26660,32,Loss/l_ce,0.1032571792602539
1787410000.928761,26660,32,Loss/l_total,0.1032571792602539
1787410000.92878,26660,32,LR,6.527578915497955e-05
1787410029.8601465,26680,32,Loss/l_ce,0.016661643981933594
1787410029.8603032,26680,32,Loss/l_total,0.016661643981933594
1787410029.8603246,26680,32,LR,6.527578915497955e-05
1787410041.6371546,26700,32,Loss/l_ce,0.026155471801757812
1787410041.6373482,26700,32,Loss/l_total,0.026155471801757812
1787410041.637373,26700,32,LR,6.527578915497955e-05
1787410050.3958333,26720,32,Loss/l_ce,0.015402793884277344
1787410050.3961596,26720,32,Loss/l_total,0.015402793884277344
1787410050.396193,26720,32,LR,6.527578915497955e-05
1787410061.559339,26740,32,Loss/l_ce,0.02535557746887207
1787410061.5595932,26740,32,Loss/l_total,0.02535557746887207
1787410061.5596206,26740,32,LR,6.527578915497955e-05
1787410072.6589158,26760,32,Loss/l_ce,0.1667947769165039
1787410072.6591473,26760,32,Loss/l_total,0.1667947769165039
1787410072.6591747,26760,32,LR,6.527578915497955e-05
1787410082.2478669,26780,32,Loss/l_ce,0.10407495498657227
1787410082.2481234,26780,32,Loss/l_total,0.10407495498657227
1787410082.2481494,26780,32,LR,6.527578915497955e-05
1787410192.8042266,26796,32,Val/avg_error,0.12334626913070679
1787410192.8045814,26796,32,Val/acc,0.426318359375
1787410192.8046076,26796,32,Val/sparse_auc,0.5922530973800505
1787410192.804624,26796,32,Val/sparse_pck_max,0.1
1787410192.8046777,26796,32,Val/sparse_pck_n,100.0
1787410201.7162724,26800,33,Loss/l_ce,0.02875804901123047
1787410201.71651,26800,33,Loss/l_total,0.02875804901123047
1787410201.716542,26800,33,LR,6.343215915635766e-05
1787410224.9536223,26820,33,Loss/l_ce,0.026661396026611328
1787410224.9538193,26820,33,Loss/l_total,0.026661396026611328
1787410224.954503,26820,33,LR,6.343215915635766e-05
1787410243.9483411,26840,33,Loss/l_ce,0.020006895065307617
1787410243.9485347,26840,33,Loss/l_total,0.020006895065307617
1787410243.948555,26840,33,LR,6.343215915635766e-05
1787410257.3791797,26860,33,Loss/l_ce,0.022614002227783203
1787410257.379365,26860,33,Loss/l_total,0.022614002227783203
1787410257.37939,26860,33,LR,6.343215915635766e-05
1787410268.0312345,26880,33,Loss/l_ce,0.018645763397216797
1787410268.0314484,26880,33,Loss/l_total,0.018645763397216797
1787410268.0314755,26880,33,LR,6.343215915635766e-05
1787410274.875641,26900,33,Loss/l_ce,0.028644800186157227
1787410274.8758428,26900,33,Loss/l_total,0.028644800186157227
1787410274.8758667,26900,33,LR,6.343215915635766e-05
1787410283.136553,26920,33,Loss/l_ce,0.034522294998168945
1787410283.136724,26920,33,Loss/l_total,0.034522294998168945
1787410283.1367488,26920,33,LR,6.343215915635766e-05
1787410293.6782029,26940,33,Loss/l_ce,0.014304399490356445
1787410293.6784,26940,33,Loss/l_total,0.014304399490356445
1787410293.678424,26940,33,LR,6.343215915635766e-05
1787410302.7926085,26960,33,Loss/l_ce,0.018416404724121094
1787410302.7928019,26960,33,Loss/l_total,0.018416404724121094
1787410302.7928257,26960,33,LR,6.343215915635766e-05
1787410311.7713802,26980,33,Loss/l_ce,0.03166055679321289
1787410311.7715583,26980,33,Loss/l_total,0.03166055679321289
1787410311.77158,26980,33,LR,6.343215915635766e-05
1787410319.3567183,27000,33,Loss/l_ce,0.02959609031677246
1787410319.3569083,27000,33,Loss/l_total,0.02959609031677246
1787410319.3569298,27000,33,LR,6.343215915635766e-05
1787410328.7689974,27020,33,Loss/l_ce,0.05384707450866699
1787410328.769293,27020,33,Loss/l_total,0.05384707450866699
1787410328.769317,27020,33,LR,6.343215915635766e-05
1787410335.1487534,27040,33,Loss/l_ce,0.03840780258178711
1787410335.1489232,27040,33,Loss/l_total,0.03840780258178711
1787410335.1489456,27040,33,LR,6.343215915635766e-05
1787410343.6308582,27060,33,Loss/l_ce,0.015908241271972656
1787410343.6311538,27060,33,Loss/l_total,0.015908241271972656
1787410343.6311765,27060,33,LR,6.343215915635766e-05
1787410353.7509255,27080,33,Loss/l_ce,0.04182004928588867
1787410353.751175,27080,33,Loss/l_total,0.04182004928588867
1787410353.7514136,27080,33,LR,6.343215915635766e-05
1787410360.4374626,27100,33,Loss/l_ce,0.06842660903930664
1787410360.4376562,27100,33,Loss/l_total,0.06842660903930664
1787410360.4376795,27100,33,LR,6.343215915635766e-05
1787410368.3058615,27120,33,Loss/l_ce,0.019075870513916016
1787410368.3060977,27120,33,Loss/l_total,0.019075870513916016
1787410368.3061247,27120,33,LR,6.343215915635766e-05
1787410378.726344,27140,33,Loss/l_ce,0.03190183639526367
1787410378.726552,27140,33,Loss/l_total,0.03190183639526367
1787410378.7265735,27140,33,LR,6.343215915635766e-05
1787410386.620017,27160,33,Loss/l_ce,0.08332014083862305
1787410386.6202688,27160,33,Loss/l_total,0.08332014083862305
1787410386.6202948,27160,33,LR,6.343215915635766e-05
1787410395.964933,27180,33,Loss/l_ce,0.014027595520019531
1787410395.9651134,27180,33,Loss/l_total,0.014027595520019531
1787410395.9651384,27180,33,LR,6.343215915635766e-05
1787410405.0621574,27200,33,Loss/l_ce,0.028456926345825195
1787410405.0623639,27200,33,Loss/l_total,0.028456926345825195
1787410405.0623875,27200,33,LR,6.343215915635766e-05
1787410412.2850814,27220,33,Loss/l_ce,0.021496295928955078
1787410412.2853,27220,33,Loss/l_total,0.021496295928955078
1787410412.2853239,27220,33,LR,6.343215915635766e-05
1787410424.7011938,27240,33,Loss/l_ce,0.029889583587646484
1787410424.7013624,27240,33,Loss/l_total,0.029889583587646484
1787410424.7013872,27240,33,LR,6.343215915635766e-05
1787410436.6618657,27260,33,Loss/l_ce,0.026729822158813477
1787410436.6621034,27260,33,Loss/l_total,0.026729822158813477
1787410436.6621304,27260,33,LR,6.343215915635766e-05
1787410443.2859063,27280,33,Loss/l_ce,0.026386260986328125
1787410443.2861733,27280,33,Loss/l_total,0.026386260986328125
1787410443.2861996,27280,33,LR,6.343215915635766e-05
1787410452.3855963,27300,33,Loss/l_ce,0.0827031135559082
1787410452.3857803,27300,33,Loss/l_total,0.0827031135559082
1787410452.385804,27300,33,LR,6.343215915635766e-05
1787410463.171323,27320,33,Loss/l_ce,0.04889559745788574
1787410463.1715083,27320,33,Loss/l_total,0.04889559745788574
1787410463.1715333,27320,33,LR,6.343215915635766e-05
1787410470.7101274,27340,33,Loss/l_ce,0.035536766052246094
1787410470.7103922,27340,33,Loss/l_total,0.035536766052246094
1787410470.7104194,27340,33,LR,6.343215915635766e-05
1787410479.0184727,27360,33,Loss/l_ce,0.01784038543701172
1787410479.018748,27360,33,Loss/l_total,0.01784038543701172
1787410479.018779,27360,33,LR,6.343215915635766e-05
1787410492.969982,27380,33,Loss/l_ce,0.01785731315612793
1787410492.970179,27380,33,Loss/l_total,0.01785731315612793
1787410492.970199,27380,33,LR,6.343215915635766e-05
1787410500.7395897,27400,33,Loss/l_ce,0.006835222244262695
1787410500.739758,27400,33,Loss/l_total,0.006835222244262695
1787410500.7397807,27400,33,LR,6.343215915635766e-05
1787410509.4891331,27420,33,Loss/l_ce,0.018533945083618164
1787410509.4893053,27420,33,Loss/l_total,0.018533945083618164
1787410509.4893265,27420,33,LR,6.343215915635766e-05
1787410519.8025277,27440,33,Loss/l_ce,0.01512289047241211
1787410519.8027258,27440,33,Loss/l_total,0.01512289047241211
1787410519.8027487,27440,33,LR,6.343215915635766e-05
1787410527.2131643,27460,33,Loss/l_ce,0.031974077224731445
1787410527.2133245,27460,33,Loss/l_total,0.031974077224731445
1787410527.2133458,27460,33,LR,6.343215915635766e-05
1787410536.7188652,27480,33,Loss/l_ce,0.028053760528564453
1787410536.7190218,27480,33,Loss/l_total,0.028053760528564453
1787410536.7190576,27480,33,LR,6.343215915635766e-05
1787410542.1294634,27500,33,Loss/l_ce,0.02097344398498535
1787410542.1296403,27500,33,Loss/l_total,0.02097344398498535
1787410542.129663,27500,33,LR,6.343215915635766e-05
1787410551.7647724,27520,33,Loss/l_ce,0.026004552841186523
1787410551.764935,27520,33,Loss/l_total,0.026004552841186523
1787410551.7649586,27520,33,LR,6.343215915635766e-05
1787410561.9661117,27540,33,Loss/l_ce,0.040309906005859375
1787410561.9663076,27540,33,Loss/l_total,0.040309906005859375
1787410561.966329,27540,33,LR,6.343215915635766e-05
1787410573.3303127,27560,33,Loss/l_ce,0.019660472869873047
1787410573.3305314,27560,33,Loss/l_total,0.019660472869873047
1787410573.3305552,27560,33,LR,6.343215915635766e-05
1787410581.4409735,27580,33,Loss/l_ce,0.11284399032592773
1787410581.4411707,27580,33,Loss/l_total,0.11284399032592773
1787410581.4411945,27580,33,LR,6.343215915635766e-05
1787410587.3738923,27600,33,Loss/l_ce,0.01593303680419922
1787410587.3741155,27600,33,Loss/l_total,0.01593303680419922
1787410587.3741407,27600,33,LR,6.343215915635766e-05
1787410647.3794432,27608,33,Val/avg_error,0.12068186700344086
1787410647.3797636,27608,33,Val/acc,0.432080078125
1787410647.3797863,27608,33,Val/sparse_auc,0.5974530460858586
1787410647.379803,27608,33,Val/sparse_pck_max,0.1
1787410647.3798184,27608,33,Val/sparse_pck_n,100.0
1787410653.4878454,27620,34,Loss/l_ce,0.035770416259765625
1787410653.4881198,27620,34,Loss/l_total,0.035770416259765625
1787410653.4881473,27620,34,LR,6.157373628530858e-05
1787410662.7826722,27640,34,Loss/l_ce,0.019592761993408203
1787410662.7828526,27640,34,Loss/l_total,0.019592761993408203
1787410662.7828753,27640,34,LR,6.157373628530858e-05
1787410673.4868114,27660,34,Loss/l_ce,0.01847696304321289
1787410673.4869812,27660,34,Loss/l_total,0.01847696304321289
1787410673.4870036,27660,34,LR,6.157373628530858e-05
1787410686.1645327,27680,34,Loss/l_ce,0.03162384033203125
1787410686.164719,27680,34,Loss/l_total,0.03162384033203125
1787410686.1647406,27680,34,LR,6.157373628530858e-05
1787410694.6707199,27700,34,Loss/l_ce,0.04888033866882324
1787410694.6709204,27700,34,Loss/l_total,0.04888033866882324
1787410694.670944,27700,34,LR,6.157373628530858e-05
1787410702.7350776,27720,34,Loss/l_ce,0.023461103439331055
1787410702.7352343,27720,34,Loss/l_total,0.023461103439331055
1787410702.7352557,27720,34,LR,6.157373628530858e-05
1787410713.4229174,27740,34,Loss/l_ce,0.05026507377624512
1787410713.4232771,27740,34,Loss/l_total,0.05026507377624512
1787410713.423301,27740,34,LR,6.157373628530858e-05
1787410723.8997302,27760,34,Loss/l_ce,0.035825252532958984
1787410723.8999925,27760,34,Loss/l_total,0.035825252532958984
1787410723.9000163,27760,34,LR,6.157373628530858e-05
1787410738.129168,27780,34,Loss/l_ce,0.015758514404296875
1787410738.1294007,27780,34,Loss/l_total,0.015758514404296875
1787410738.1294208,27780,34,LR,6.157373628530858e-05
1787410748.6366487,27800,34,Loss/l_ce,0.00666499137878418
1787410748.6368291,27800,34,Loss/l_total,0.00666499137878418
1787410748.6368494,27800,34,LR,6.157373628530858e-05
1787410760.4553163,27820,34,Loss/l_ce,0.10378885269165039
1787410760.4554968,27820,34,Loss/l_total,0.10378885269165039
1787410760.4555206,27820,34,LR,6.157373628530858e-05
1787410770.6767366,27840,34,Loss/l_ce,0.0410466194152832
1787410770.676981,27840,34,Loss/l_total,0.0410466194152832
1787410770.6770036,27840,34,LR,6.157373628530858e-05
1787410783.740071,27860,34,Loss/l_ce,0.026310205459594727
1787410783.7402909,27860,34,Loss/l_total,0.026310205459594727
1787410783.7403147,27860,34,LR,6.157373628530858e-05
1787410791.5329294,27880,34,Loss/l_ce,0.011653900146484375
1787410791.533128,27880,34,Loss/l_total,0.011653900146484375
1787410791.5331516,27880,34,LR,6.157373628530858e-05
1787410801.0505805,27900,34,Loss/l_ce,0.02828383445739746
1787410801.0507529,27900,34,Loss/l_total,0.02828383445739746
1787410801.0507753,27900,34,LR,6.157373628530858e-05
1787410811.3436944,27920,34,Loss/l_ce,0.020609617233276367
1787410811.3439817,27920,34,Loss/l_total,0.020609617233276367
1787410811.3440065,27920,34,LR,6.157373628530858e-05
1787410824.3906064,27940,34,Loss/l_ce,0.0179901123046875
1787410824.3908212,27940,34,Loss/l_total,0.0179901123046875
1787410824.3908463,27940,34,LR,6.157373628530858e-05
1787410836.4052773,27960,34,Loss/l_ce,0.05790996551513672
1787410836.4055207,27960,34,Loss/l_total,0.05790996551513672
1787410836.405542,27960,34,LR,6.157373628530858e-05
1787410846.5061069,27980,34,Loss/l_ce,0.021188020706176758
1787410846.5062766,27980,34,Loss/l_total,0.021188020706176758
1787410846.5063396,27980,34,LR,6.157373628530858e-05
1787410858.8559637,28000,34,Loss/l_ce,0.01899266242980957
1787410858.8561702,28000,34,Loss/l_total,0.01899266242980957
1787410858.8562045,28000,34,LR,6.157373628530858e-05
1787410866.571373,28020,34,Loss/l_ce,0.03735494613647461
1787410866.571569,28020,34,Loss/l_total,0.03735494613647461
1787410866.5715904,28020,34,LR,6.157373628530858e-05
1787410873.3287337,28040,34,Loss/l_ce,0.08661890029907227
1787410873.328908,28040,34,Loss/l_total,0.08661890029907227
1787410873.3289282,28040,34,LR,6.157373628530858e-05
1787410886.5420792,28060,34,Loss/l_ce,0.020072460174560547
1787410886.5422728,28060,34,Loss/l_total,0.020072460174560547
1787410886.5423002,28060,34,LR,6.157373628530858e-05
1787410895.5626357,28080,34,Loss/l_ce,0.006375551223754883
1787410895.5628045,28080,34,Loss/l_total,0.006375551223754883
1787410895.562827,28080,34,LR,6.157373628530858e-05
1787410907.3740234,28100,34,Loss/l_ce,0.046360015869140625
1787410907.3742514,28100,34,Loss/l_total,0.046360015869140625
1787410907.374275,28100,34,LR,6.157373628530858e-05
1787410915.049067,28120,34,Loss/l_ce,0.13231134414672852
1787410915.0492368,28120,34,Loss/l_total,0.13231134414672852
1787410915.049257,28120,34,LR,6.157373628530858e-05
1787410929.0729873,28140,34,Loss/l_ce,0.03283333778381348
1787410929.0731785,28140,34,Loss/l_total,0.03283333778381348
1787410929.0732012,28140,34,LR,6.157373628530858e-05
1787410938.6074975,28160,34,Loss/l_ce,0.09917235374450684
1787410938.607684,28160,34,Loss/l_total,0.09917235374450684
1787410938.6077077,28160,34,LR,6.157373628530858e-05
1787410947.4673152,28180,34,Loss/l_ce,0.01891160011291504
1787410947.4675193,28180,34,Loss/l_total,0.01891160011291504
1787410947.467542,28180,34,LR,6.157373628530858e-05
1787410953.5435147,28200,34,Loss/l_ce,0.07097482681274414
1787410953.5437012,28200,34,Loss/l_total,0.07097482681274414
1787410953.5437238,28200,34,LR,6.157373628530858e-05
1787410963.615633,28220,34,Loss/l_ce,0.020305156707763672
1787410963.6158202,28220,34,Loss/l_total,0.020305156707763672
1787410963.615843,28220,34,LR,6.157373628530858e-05
1787410972.9634368,28240,34,Loss/l_ce,0.0625162124633789
1787410972.9636705,28240,34,Loss/l_total,0.0625162124633789
1787410972.9636955,28240,34,LR,6.157373628530858e-05
1787410983.0537455,28260,34,Loss/l_ce,0.01764059066772461
1787410983.053966,28260,34,Loss/l_total,0.01764059066772461
1787410983.0539923,28260,34,LR,6.157373628530858e-05
1787410991.448982,28280,34,Loss/l_ce,0.018269062042236328
1787410991.4492016,28280,34,Loss/l_total,0.018269062042236328
1787410991.4492264,28280,34,LR,6.157373628530858e-05
1787411003.072484,28300,34,Loss/l_ce,0.013260126113891602
1787411003.0727632,28300,34,Loss/l_total,0.013260126113891602
1787411003.0727866,28300,34,LR,6.157373628530858e-05
1787411016.40714,28320,34,Loss/l_ce,0.21248269081115723
1787411016.4073405,28320,34,Loss/l_total,0.21248269081115723
1787411016.4073634,28320,34,LR,6.157373628530858e-05
1787411023.4170978,28340,34,Loss/l_ce,0.014407634735107422
1787411023.4173198,28340,34,Loss/l_total,0.014407634735107422
1787411023.4173398,28340,34,LR,6.157373628530858e-05
1787411032.5291185,28360,34,Loss/l_ce,0.013271808624267578
1787411032.5292928,28360,34,Loss/l_total,0.013271808624267578
1787411032.5293179,28360,34,LR,6.157373628530858e-05
1787411041.7742517,28380,34,Loss/l_ce,0.01796698570251465
1787411041.7744632,28380,34,Loss/l_total,0.01796698570251465
1787411041.774488,28380,34,LR,6.157373628530858e-05
1787411050.8138485,28400,34,Loss/l_ce,0.021349430084228516
1787411050.8140705,28400,34,Loss/l_total,0.021349430084228516
1787411050.8140943,28400,34,LR,6.157373628530858e-05
1787411057.5725622,28420,34,Loss/l_ce,0.015488386154174805
1787411057.5727367,28420,34,Loss/l_total,0.015488386154174805
1787411057.5727603,28420,34,LR,6.157373628530858e-05
1787411114.6693842,28420,34,Val/avg_error,0.1205652579665184
1787411114.6697178,28420,34,Val/acc,0.429931640625
1787411114.6697438,28420,34,Val/sparse_auc,0.5961551550662879
1787411114.6697628,28420,34,Val/sparse_pck_max,0.1
1787411114.670168,28420,34,Val/sparse_pck_n,100.0
1787411126.8446846,28440,35,Loss/l_ce,0.027284860610961914
1787411126.8449194,28440,35,Loss/l_total,0.027284860610961914
1787411126.8449433,28440,35,LR,5.970378084704447e-05
1787411137.5336742,28460,35,Loss/l_ce,0.04416155815124512
1787411137.5338986,28460,35,Loss/l_total,0.04416155815124512
1787411137.5339246,28460,35,LR,5.970378084704447e-05
1787411148.7994444,28480,35,Loss/l_ce,0.01921534538269043
1787411148.7996097,28480,35,Loss/l_total,0.01921534538269043
1787411148.799632,28480,35,LR,5.970378084704447e-05
1787411156.738729,28500,35,Loss/l_ce,0.03922462463378906
1787411156.7389414,28500,35,Loss/l_total,0.03922462463378906
1787411156.7389653,28500,35,LR,5.970378084704447e-05
1787411164.739253,28520,35,Loss/l_ce,0.012012481689453125
1787411164.7394736,28520,35,Loss/l_total,0.012012481689453125
1787411164.7394974,28520,35,LR,5.970378084704447e-05
1787411171.0895705,28540,35,Loss/l_ce,0.02429056167602539
1787411171.089756,28540,35,Loss/l_total,0.02429056167602539
1787411171.089776,28540,35,LR,5.970378084704447e-05
1787411178.7501156,28560,35,Loss/l_ce,0.018799781799316406
1787411178.7503057,28560,35,Loss/l_total,0.018799781799316406
1787411178.750328,28560,35,LR,5.970378084704447e-05
1787411186.9593248,28580,35,Loss/l_ce,0.016208648681640625
1787411186.9595292,28580,35,Loss/l_total,0.016208648681640625
1787411186.959561,28580,35,LR,5.970378084704447e-05
1787411195.7603898,28600,35,Loss/l_ce,0.015151500701904297
1787411195.7606013,28600,35,Loss/l_total,0.015151500701904297
1787411195.7606225,28600,35,LR,5.970378084704447e-05
1787411203.0783143,28620,35,Loss/l_ce,0.010243654251098633
1787411203.078496,28620,35,Loss/l_total,0.010243654251098633
1787411203.078516,28620,35,LR,5.970378084704447e-05
1787411215.27145,28640,35,Loss/l_ce,0.01996302604675293
1787411215.2716186,28640,35,Loss/l_total,0.01996302604675293
1787411215.2716389,28640,35,LR,5.970378084704447e-05
1787411228.1242788,28660,35,Loss/l_ce,0.04719829559326172
1787411228.1244688,28660,35,Loss/l_total,0.04719829559326172
1787411228.1244912,28660,35,LR,5.970378084704447e-05
1787411241.8539336,28680,35,Loss/l_ce,0.018419742584228516
1787411241.85414,28680,35,Loss/l_total,0.018419742584228516
1787411241.8541675,28680,35,LR,5.970378084704447e-05
1787411253.8333547,28700,35,Loss/l_ce,0.05610394477844238
1787411253.833529,28700,35,Loss/l_total,0.05610394477844238
1787411253.8335483,28700,35,LR,5.970378084704447e-05
1787411266.5028386,28720,35,Loss/l_ce,0.0292818546295166
1787411266.5030832,28720,35,Loss/l_total,0.0292818546295166
1787411266.5031106,28720,35,LR,5.970378084704447e-05
1787411274.612652,28740,35,Loss/l_ce,0.02397894859313965
1787411274.6128457,28740,35,Loss/l_total,0.02397894859313965
1787411274.612868,28740,35,LR,5.970378084704447e-05
1787411281.979354,28760,35,Loss/l_ce,0.013773202896118164
1787411281.9795275,28760,35,Loss/l_total,0.013773202896118164
1787411281.97955,28760,35,LR,5.970378084704447e-05
1787411292.187082,28780,35,Loss/l_ce,0.009089946746826172
1787411292.1872423,28780,35,Loss/l_total,0.009089946746826172
1787411292.1872647,28780,35,LR,5.970378084704447e-05
1787411305.763231,28800,35,Loss/l_ce,0.013415336608886719
1787411305.7634056,28800,35,Loss/l_total,0.013415336608886719
1787411305.7634268,28800,35,LR,5.970378084704447e-05
1787411315.008125,28820,35,Loss/l_ce,0.019439220428466797
1787411315.0082948,28820,35,Loss/l_total,0.019439220428466797
1787411315.008315,28820,35,LR,5.970378084704447e-05
1787411326.0349422,28840,35,Loss/l_ce,0.01617598533630371
1787411326.0352056,28840,35,Loss/l_total,0.01617598533630371
1787411326.0352283,28840,35,LR,5.970378084704447e-05
1787411335.4846582,28860,35,Loss/l_ce,0.013723134994506836
1787411335.4848824,28860,35,Loss/l_total,0.013723134994506836
1787411335.4849062,28860,35,LR,5.970378084704447e-05
1787411346.9350061,28880,35,Loss/l_ce,0.08764314651489258
1787411346.9351962,28880,35,Loss/l_total,0.08764314651489258
1787411346.9352176,28880,35,LR,5.970378084704447e-05
1787411357.8605158,28900,35,Loss/l_ce,0.018017292022705078
1787411357.8607638,28900,35,Loss/l_total,0.018017292022705078
1787411357.8607864,28900,35,LR,5.970378084704447e-05
1787411370.210632,28920,35,Loss/l_ce,0.015131950378417969
1787411370.2108293,28920,35,Loss/l_total,0.015131950378417969
1787411370.210852,28920,35,LR,5.970378084704447e-05
1787411380.938344,28940,35,Loss/l_ce,0.05565619468688965
1787411380.938529,28940,35,Loss/l_total,0.05565619468688965
1787411380.9385493,28940,35,LR,5.970378084704447e-05
1787411391.9119709,28960,35,Loss/l_ce,0.025038719177246094
1787411391.9122427,28960,35,Loss/l_total,0.025038719177246094
1787411391.9122689,28960,35,LR,5.970378084704447e-05
1787411401.3807878,28980,35,Loss/l_ce,0.015380382537841797
1787411401.3809993,28980,35,Loss/l_total,0.015380382537841797
1787411401.381023,28980,35,LR,5.970378084704447e-05
1787411411.1050913,29000,35,Loss/l_ce,0.019807815551757812
1787411411.105254,29000,35,Loss/l_total,0.019807815551757812
1787411411.1052778,29000,35,LR,5.970378084704447e-05
1787411423.466874,29020,35,Loss/l_ce,0.07040667533874512
1787411423.467072,29020,35,Loss/l_total,0.07040667533874512
1787411423.467097,29020,35,LR,5.970378084704447e-05
1787411430.6358788,29040,35,Loss/l_ce,0.025910615921020508
1787411430.636095,29040,35,Loss/l_total,0.025910615921020508
1787411430.6361198,29040,35,LR,5.970378084704447e-05
1787411440.5439043,29060,35,Loss/l_ce,0.025027990341186523
1787411440.5440776,29060,35,Loss/l_total,0.025027990341186523
1787411440.5441003,29060,35,LR,5.970378084704447e-05
1787411451.6819172,29080,35,Loss/l_ce,0.018355607986450195
1787411451.6821108,29080,35,Loss/l_total,0.018355607986450195
1787411451.6821334,29080,35,LR,5.970378084704447e-05
1787411463.2757988,29100,35,Loss/l_ce,0.01604461669921875
1787411463.2759783,29100,35,Loss/l_total,0.01604461669921875
1787411463.2759995,29100,35,LR,5.970378084704447e-05
1787411471.4950855,29120,35,Loss/l_ce,0.03527569770812988
1787411471.4952543,29120,35,Loss/l_total,0.03527569770812988
1787411471.4952803,29120,35,LR,5.970378084704447e-05
1787411480.755057,29140,35,Loss/l_ce,0.17792487144470215
1787411480.755221,29140,35,Loss/l_total,0.17792487144470215
1787411480.755241,29140,35,LR,5.970378084704447e-05
1787411487.5699341,29160,35,Loss/l_ce,0.29944372177124023
1787411487.5701263,29160,35,Loss/l_total,0.29944372177124023
1787411487.570151,29160,35,LR,5.970378084704447e-05
1787411498.4314458,29180,35,Loss/l_ce,0.017804622650146484
1787411498.431606,29180,35,Loss/l_total,0.017804622650146484
1787411498.431625,29180,35,LR,5.970378084704447e-05
1787411511.365573,29200,35,Loss/l_ce,0.01485300064086914
1787411511.3657591,29200,35,Loss/l_total,0.01485300064086914
1787411511.3657844,29200,35,LR,5.970378084704447e-05
1787411525.3386955,29220,35,Loss/l_ce,0.03135275840759277
1787411525.3388748,29220,35,Loss/l_total,0.03135275840759277
1787411525.3388975,29220,35,LR,5.970378084704447e-05
1787411596.1197803,29232,35,Val/avg_error,0.1219201534986496
1787411596.1201484,29232,35,Val/acc,0.4330078125
1787411596.1201746,29232,35,Val/sparse_auc,0.5959805575284091
1787411596.1201913,29232,35,Val/sparse_pck_max,0.1
1787411596.1202078,29232,35,Val/sparse_pck_n,100.0
1787411602.3006587,29240,36,Loss/l_ce,0.020854711532592773
1787411602.3008199,29240,36,Loss/l_total,0.020854711532592773
1787411602.3008425,29240,36,LR,5.782557337881915e-05
1787411612.2137098,29260,36,Loss/l_ce,0.05254340171813965
1787411612.2138724,29260,36,Loss/l_total,0.05254340171813965
1787411612.2138927,29260,36,LR,5.782557337881915e-05
1787411623.3595839,29280,36,Loss/l_ce,0.027704477310180664
1787411623.359853,29280,36,Loss/l_total,0.027704477310180664
1787411623.3598804,29280,36,LR,5.782557337881915e-05
1787411632.7493882,29300,36,Loss/l_ce,0.014201641082763672
1787411632.7496161,29300,36,Loss/l_total,0.014201641082763672
1787411632.7496388,29300,36,LR,5.782557337881915e-05
1787411641.9480796,29320,36,Loss/l_ce,0.03113389015197754
1787411641.9482458,29320,36,Loss/l_total,0.03113389015197754
1787411641.948291,29320,36,LR,5.782557337881915e-05
1787411649.3819206,29340,36,Loss/l_ce,0.03286552429199219
1787411649.3821652,29340,36,Loss/l_total,0.03286552429199219
1787411649.3821914,29340,36,LR,5.782557337881915e-05
1787411661.066662,29360,36,Loss/l_ce,0.05760765075683594
1787411661.0668273,29360,36,Loss/l_total,0.05760765075683594
1787411661.0668485,29360,36,LR,5.782557337881915e-05
1787411670.3555145,29380,36,Loss/l_ce,0.06553816795349121
1787411670.3557603,29380,36,Loss/l_total,0.06553816795349121
1787411670.3557875,29380,36,LR,5.782557337881915e-05
1787411679.827075,29400,36,Loss/l_ce,0.008915424346923828
1787411679.8272438,29400,36,Loss/l_total,0.008915424346923828
1787411679.8272676,29400,36,LR,5.782557337881915e-05
1787411690.821495,29420,36,Loss/l_ce,0.043972015380859375
1787411690.8216648,29420,36,Loss/l_total,0.043972015380859375
1787411690.8216863,29420,36,LR,5.782557337881915e-05
1787411698.9903853,29440,36,Loss/l_ce,0.023719310760498047
1787411698.9905493,29440,36,Loss/l_total,0.023719310760498047
1787411698.9905708,29440,36,LR,5.782557337881915e-05
1787411708.1187272,29460,36,Loss/l_ce,0.012760400772094727
1787411708.1189017,29460,36,Loss/l_total,0.012760400772094727
1787411708.118923,29460,36,LR,5.782557337881915e-05
1787411716.7901232,29480,36,Loss/l_ce,0.02758502960205078
1787411716.7903264,29480,36,Loss/l_total,0.02758502960205078
1787411716.7903488,29480,36,LR,5.782557337881915e-05
1787411727.0154285,29500,36,Loss/l_ce,0.02644634246826172
1787411727.0156126,29500,36,Loss/l_total,0.02644634246826172
1787411727.0156364,29500,36,LR,5.782557337881915e-05
1787411736.843289,29520,36,Loss/l_ce,0.02642345428466797
1787411736.843475,29520,36,Loss/l_total,0.02642345428466797
1787411736.843499,29520,36,LR,5.782557337881915e-05
1787411746.0699458,29540,36,Loss/l_ce,0.02888321876525879
1787411746.0701392,29540,36,Loss/l_total,0.02888321876525879
1787411746.0701642,29540,36,LR,5.782557337881915e-05
1787411754.9563544,29560,36,Loss/l_ce,0.03464674949645996
1787411754.9565215,29560,36,Loss/l_total,0.03464674949645996
1787411754.9565442,29560,36,LR,5.782557337881915e-05
1787411764.9843524,29580,36,Loss/l_ce,0.027140140533447266
1787411764.9844995,29580,36,Loss/l_total,0.027140140533447266
1787411764.9845233,29580,36,LR,5.782557337881915e-05
1787411774.1789365,29600,36,Loss/l_ce,0.012998342514038086
1787411774.17913,29600,36,Loss/l_total,0.012998342514038086
1787411774.179155,29600,36,LR,5.782557337881915e-05
1787411782.7289767,29620,36,Loss/l_ce,0.03723621368408203
1787411782.7291691,29620,36,Loss/l_total,0.03723621368408203
1787411782.7291975,29620,36,LR,5.782557337881915e-05
1787411793.8439202,29640,36,Loss/l_ce,0.01637411117553711
1787411793.8441744,29640,36,Loss/l_total,0.01637411117553711
1787411793.844198,29640,36,LR,5.782557337881915e-05
1787411802.8457754,29660,36,Loss/l_ce,0.049097537994384766
1787411802.845963,29660,36,Loss/l_total,0.049097537994384766
1787411802.8459878,29660,36,LR,5.782557337881915e-05
1787411812.4034815,29680,36,Loss/l_ce,0.028167247772216797
1787411812.4036906,29680,36,Loss/l_total,0.028167247772216797
1787411812.403713,29680,36,LR,5.782557337881915e-05
1787411822.6384907,29700,36,Loss/l_ce,0.016106843948364258
1787411822.6386914,29700,36,Loss/l_total,0.016106843948364258
1787411822.6387115,29700,36,LR,5.782557337881915e-05
1787411831.4355195,29720,36,Loss/l_ce,0.01836371421813965
1787411831.4357235,29720,36,Loss/l_total,0.01836371421813965
1787411831.435746,29720,36,LR,5.782557337881915e-05
1787411840.8392763,29740,36,Loss/l_ce,0.019194602966308594
1787411840.8394365,29740,36,Loss/l_total,0.019194602966308594
1787411840.8394556,29740,36,LR,5.782557337881915e-05
1787411850.5885746,29760,36,Loss/l_ce,0.01891326904296875
1787411850.588792,29760,36,Loss/l_total,0.01891326904296875
1787411850.588816,29760,36,LR,5.782557337881915e-05
1787411858.0752754,29780,36,Loss/l_ce,0.049864768981933594
1787411858.0754359,29780,36,Loss/l_total,0.049864768981933594
1787411858.075456,29780,36,LR,5.782557337881915e-05
1787411870.8869903,29800,36,Loss/l_ce,0.018314361572265625
1787411870.8872406,29800,36,Loss/l_total,0.018314361572265625
1787411870.8872657,29800,36,LR,5.782557337881915e-05
1787411882.5362754,29820,36,Loss/l_ce,0.0456998348236084
1787411882.5364559,29820,36,Loss/l_total,0.0456998348236084
1787411882.5364773,29820,36,LR,5.782557337881915e-05
1787411891.7979705,29840,36,Loss/l_ce,0.053325653076171875
1787411891.7982423,29840,36,Loss/l_total,0.053325653076171875
1787411891.7982671,29840,36,LR,5.782557337881915e-05
1787411902.2910573,29860,36,Loss/l_ce,0.015344858169555664
1787411902.2912393,29860,36,Loss/l_total,0.015344858169555664
1787411902.2912605,29860,36,LR,5.782557337881915e-05
1787411912.3263383,29880,36,Loss/l_ce,0.02537059783935547
1787411912.3265734,29880,36,Loss/l_total,0.02537059783935547
1787411912.3265972,29880,36,LR,5.782557337881915e-05
1787411922.4854174,29900,36,Loss/l_ce,0.030100107192993164
1787411922.4856207,29900,36,Loss/l_total,0.030100107192993164
1787411922.4856443,29900,36,LR,5.782557337881915e-05
1787411934.1165109,29920,36,Loss/l_ce,0.01584911346435547
1787411934.1167793,29920,36,Loss/l_total,0.01584911346435547
1787411934.1168113,29920,36,LR,5.782557337881915e-05
1787411941.815081,29940,36,Loss/l_ce,0.031249046325683594
1787411941.8155081,29940,36,Loss/l_total,0.031249046325683594
1787411941.815538,29940,36,LR,5.782557337881915e-05
1787411951.8721607,29960,36,Loss/l_ce,0.011087656021118164
1787411951.8725193,29960,36,Loss/l_total,0.011087656021118164
1787411951.8725443,29960,36,LR,5.782557337881915e-05
1787411962.323862,29980,36,Loss/l_ce,0.0308377742767334
1787411962.3240983,29980,36,Loss/l_total,0.0308377742767334
1787411962.3241255,29980,36,LR,5.782557337881915e-05
1787411976.214654,30000,36,Loss/l_ce,0.014746665954589844
1787411976.2148511,30000,36,Loss/l_total,0.014746665954589844
1787411976.214875,30000,36,LR,5.782557337881915e-05
1787411990.299504,30020,36,Loss/l_ce,0.11390805244445801
1787411990.2997475,30020,36,Loss/l_total,0.11390805244445801
1787411990.2997713,30020,36,LR,5.782557337881915e-05
1787412003.6956575,30040,36,Loss/l_ce,0.021047115325927734
1787412003.6958368,30040,36,Loss/l_total,0.021047115325927734
1787412003.6958559,30040,36,LR,5.782557337881915e-05
1787412066.3663735,30044,36,Val/avg_error,0.12171591818332672
1787412066.3668582,30044,36,Val/acc,0.431298828125
1787412066.366883,30044,36,Val/sparse_auc,0.5939990727588382
1787412066.366901,30044,36,Val/sparse_pck_max,0.1
1787412066.3669176,30044,36,Val/sparse_pck_n,100.0
1787412075.3822577,30060,37,Loss/l_ce,0.02057933807373047
1787412075.3825746,30060,37,Loss/l_total,0.02057933807373047
1787412075.3826032,30060,37,LR,5.594240889475111e-05
1787412084.0957344,30080,37,Loss/l_ce,0.018872737884521484
1787412084.0960796,30080,37,Loss/l_total,0.018872737884521484
1787412084.096107,30080,37,LR,5.594240889475111e-05
1787412094.9370716,30100,37,Loss/l_ce,0.024799108505249023
1787412094.93736,30100,37,Loss/l_total,0.024799108505249023
1787412094.9373875,30100,37,LR,5.594240889475111e-05
1787412105.0948076,30120,37,Loss/l_ce,0.02488088607788086
1787412105.0950642,30120,37,Loss/l_total,0.02488088607788086
1787412105.0950902,30120,37,LR,5.594240889475111e-05
1787412114.2658052,30140,37,Loss/l_ce,0.0393671989440918
1787412114.2659836,30140,37,Loss/l_total,0.0393671989440918
1787412114.2661226,30140,37,LR,5.594240889475111e-05
1787412127.642171,30160,37,Loss/l_ce,0.022800683975219727
1787412127.6424427,30160,37,Loss/l_total,0.022800683975219727
1787412127.6424665,30160,37,LR,5.594240889475111e-05
1787412135.9638162,30180,37,Loss/l_ce,0.02594280242919922
1787412135.9641025,30180,37,Loss/l_total,0.02594280242919922
1787412135.9641294,30180,37,LR,5.594240889475111e-05
1787412144.2250853,30200,37,Loss/l_ce,0.022991180419921875
1787412144.2252574,30200,37,Loss/l_total,0.022991180419921875
1787412144.2252812,30200,37,LR,5.594240889475111e-05
1787412150.40445,30220,37,Loss/l_ce,0.09906625747680664
1787412150.4047196,30220,37,Loss/l_total,0.09906625747680664
1787412150.4047434,30220,37,LR,5.594240889475111e-05
1787412162.81984,30240,37,Loss/l_ce,0.027767658233642578
1787412162.8202996,30240,37,Loss/l_total,0.027767658233642578
1787412162.8203256,30240,37,LR,5.594240889475111e-05
1787412173.251439,30260,37,Loss/l_ce,0.03783869743347168
1787412173.2517326,30260,37,Loss/l_total,0.03783869743347168
1787412173.251755,30260,37,LR,5.594240889475111e-05
1787412179.9124866,30280,37,Loss/l_ce,0.0167694091796875
1787412179.912673,30280,37,Loss/l_total,0.0167694091796875
1787412179.9126942,30280,37,LR,5.594240889475111e-05
1787412191.4290009,30300,37,Loss/l_ce,0.04363417625427246
1787412191.4292088,30300,37,Loss/l_total,0.04363417625427246
1787412191.4292324,30300,37,LR,5.594240889475111e-05
1787412199.9701083,30320,37,Loss/l_ce,0.019946813583374023
1787412199.970285,30320,37,Loss/l_total,0.019946813583374023
1787412199.9703052,30320,37,LR,5.594240889475111e-05
1787412208.1329398,30340,37,Loss/l_ce,0.0171201229095459
1787412208.1331522,30340,37,Loss/l_total,0.0171201229095459
1787412208.133176,30340,37,LR,5.594240889475111e-05
1787412215.0315156,30360,37,Loss/l_ce,0.018576383590698242
1787412215.0316997,30360,37,Loss/l_total,0.018576383590698242
1787412215.0317233,30360,37,LR,5.594240889475111e-05
1787412223.7518575,30380,37,Loss/l_ce,0.04335522651672363
1787412223.7520783,30380,37,Loss/l_total,0.04335522651672363
1787412223.7521045,30380,37,LR,5.594240889475111e-05
1787412232.7047954,30400,37,Loss/l_ce,0.015822649002075195
1787412232.7049732,30400,37,Loss/l_total,0.015822649002075195
1787412232.7049959,30400,37,LR,5.594240889475111e-05
1787412242.411958,30420,37,Loss/l_ce,0.02077960968017578
1787412242.4123309,30420,37,Loss/l_total,0.02077960968017578
1787412242.4123616,30420,37,LR,5.594240889475111e-05
1787412253.2165763,30440,37,Loss/l_ce,0.09840750694274902
1787412253.2168136,30440,37,Loss/l_total,0.09840750694274902
1787412253.2168374,30440,37,LR,5.594240889475111e-05
1787412260.6304624,30460,37,Loss/l_ce,0.045497894287109375
1787412260.630681,30460,37,Loss/l_total,0.045497894287109375
1787412260.6307049,30460,37,LR,5.594240889475111e-05
1787412268.3264005,30480,37,Loss/l_ce,0.015844345092773438
1787412268.3268032,30480,37,Loss/l_total,0.015844345092773438
1787412268.3271723,30480,37,LR,5.594240889475111e-05
1787412277.5432773,30500,37,Loss/l_ce,0.04540896415710449
1787412277.5434496,30500,37,Loss/l_total,0.04540896415710449
1787412277.54347,30500,37,LR,5.594240889475111e-05
1787412286.0649073,30520,37,Loss/l_ce,0.014641046524047852
1787412286.0651484,30520,37,Loss/l_total,0.014641046524047852
1787412286.065172,30520,37,LR,5.594240889475111e-05
1787412291.9623044,30540,37,Loss/l_ce,0.06074881553649902
1787412291.9625082,30540,37,Loss/l_total,0.06074881553649902
1787412291.9625335,30540,37,LR,5.594240889475111e-05
1787412298.1925395,30560,37,Loss/l_ce,0.014320611953735352
1787412298.1927435,30560,37,Loss/l_total,0.014320611953735352
1787412298.1927671,30560,37,LR,5.594240889475111e-05
1787412303.6752057,30580,37,Loss/l_ce,0.037865638732910156
1787412303.6758776,30580,37,Loss/l_total,0.037865638732910156
1787412303.675905,30580,37,LR,5.594240889475111e-05
1787412309.767578,30600,37,Loss/l_ce,0.004902362823486328
1787412309.7677906,30600,37,Loss/l_total,0.004902362823486328
1787412309.7678142,30600,37,LR,5.594240889475111e-05
1787412315.0907526,30620,37,Loss/l_ce,0.016343116760253906
1787412315.0909355,30620,37,Loss/l_total,0.016343116760253906
1787412315.090959,30620,37,LR,5.594240889475111e-05
1787412320.8590574,30640,37,Loss/l_ce,0.02802419662475586
1787412320.859244,30640,37,Loss/l_total,0.02802419662475586
1787412320.8592665,30640,37,LR,5.594240889475111e-05
1787412326.2823722,30660,37,Loss/l_ce,0.15683221817016602
1787412326.2825491,30660,37,Loss/l_total,0.15683221817016602
1787412326.2825718,30660,37,LR,5.594240889475111e-05
1787412331.628324,30680,37,Loss/l_ce,0.0223996639251709
1787412331.6285,30680,37,Loss/l_total,0.0223996639251709
1787412331.6285224,30680,37,LR,5.594240889475111e-05
1787412338.8354723,30700,37,Loss/l_ce,0.09267425537109375
1787412338.835748,30700,37,Loss/l_total,0.09267425537109375
1787412338.835773,30700,37,LR,5.594240889475111e-05
1787412344.513567,30720,37,Loss/l_ce,0.014673233032226562
1787412344.5137544,30720,37,Loss/l_total,0.014673233032226562
1787412344.5137758,30720,37,LR,5.594240889475111e-05
1787412350.1815658,30740,37,Loss/l_ce,0.019744873046875
1787412350.1817615,30740,37,Loss/l_total,0.019744873046875
1787412350.1817853,30740,37,LR,5.594240889475111e-05
1787412359.219397,30760,37,Loss/l_ce,0.019114971160888672
1787412359.2195754,30760,37,Loss/l_total,0.019114971160888672
1787412359.2196002,30760,37,LR,5.594240889475111e-05
1787412367.5881817,30780,37,Loss/l_ce,0.09001541137695312
1787412367.588361,30780,37,Loss/l_total,0.09001541137695312
1787412367.5883834,30780,37,LR,5.594240889475111e-05
1787412375.9096987,30800,37,Loss/l_ce,0.08047318458557129
1787412375.909903,30800,37,Loss/l_total,0.08047318458557129
1787412375.9099243,30800,37,LR,5.594240889475111e-05
1787412382.8699138,30820,37,Loss/l_ce,0.015442609786987305
1787412382.870124,30820,37,Loss/l_total,0.015442609786987305
1787412382.870148,30820,37,LR,5.594240889475111e-05
1787412390.4890983,30840,37,Loss/l_ce,0.018940448760986328
1787412390.4892693,30840,37,Loss/l_total,0.018940448760986328
1787412390.489294,30840,37,LR,5.594240889475111e-05
1787412453.237358,30856,37,Val/avg_error,0.12500280141830444
1787412453.2377095,30856,37,Val/acc,0.42978515625
1787412453.237737,30856,37,Val/sparse_auc,0.5913058810763888
1787412453.2391107,30856,37,Val/sparse_pck_max,0.1
1787412453.2391355,30856,37,Val/sparse_pck_n,100.0
1787412455.9371061,30860,38,Loss/l_ce,0.038765907287597656
1787412455.9372535,30860,38,Loss/l_total,0.038765907287597656
1787412455.937275,30860,38,LR,5.405759110524899e-05
1787412464.6062374,30880,38,Loss/l_ce,0.01662135124206543
1787412464.6064892,30880,38,Loss/l_total,0.01662135124206543
1787412464.6065128,30880,38,LR,5.405759110524899e-05
1787412474.4558055,30900,38,Loss/l_ce,0.021507978439331055
1787412474.456013,30900,38,Loss/l_total,0.021507978439331055
1787412474.4560702,30900,38,LR,5.405759110524899e-05
1787412480.298403,30920,38,Loss/l_ce,0.05746865272521973
1787412480.2986975,30920,38,Loss/l_total,0.05746865272521973
1787412480.2987258,30920,38,LR,5.405759110524899e-05
1787412488.1141725,30940,38,Loss/l_ce,0.2138686180114746
1787412488.1144185,30940,38,Loss/l_total,0.2138686180114746
1787412488.1144445,30940,38,LR,5.405759110524899e-05
1787412495.3171277,30960,38,Loss/l_ce,0.02122020721435547
1787412495.317339,30960,38,Loss/l_total,0.02122020721435547
1787412495.3173685,30960,38,LR,5.405759110524899e-05
1787412509.6774387,30980,38,Loss/l_ce,0.054602622985839844
1787412509.677683,30980,38,Loss/l_total,0.054602622985839844
1787412509.677706,30980,38,LR,5.405759110524899e-05
1787412516.4005888,31000,38,Loss/l_ce,0.05321073532104492
1787412516.4008238,31000,38,Loss/l_total,0.05321073532104492
1787412516.4008477,31000,38,LR,5.405759110524899e-05
1787412528.9126472,31020,38,Loss/l_ce,0.027408123016357422
1787412528.912817,31020,38,Loss/l_total,0.027408123016357422
1787412528.9128406,31020,38,LR,5.405759110524899e-05
1787412540.241664,31040,38,Loss/l_ce,0.013875007629394531
1787412540.2418656,31040,38,Loss/l_total,0.013875007629394531
1787412540.2418883,31040,38,LR,5.405759110524899e-05
1787412547.1062686,31060,38,Loss/l_ce,0.01717209815979004
1787412547.1064823,31060,38,Loss/l_total,0.01717209815979004
1787412547.1065073,31060,38,LR,5.405759110524899e-05
1787412556.0936244,31080,38,Loss/l_ce,0.02945995330810547
1787412556.093876,31080,38,Loss/l_total,0.02945995330810547
1787412556.0938962,31080,38,LR,5.405759110524899e-05
1787412566.9976606,31100,38,Loss/l_ce,0.026647329330444336
1787412566.99784,31100,38,Loss/l_total,0.026647329330444336
1787412566.9978638,31100,38,LR,5.405759110524899e-05
1787412576.689144,31120,38,Loss/l_ce,0.14902067184448242
1787412576.689336,31120,38,Loss/l_total,0.14902067184448242
1787412576.6893644,31120,38,LR,5.405759110524899e-05
1787412586.7700777,31140,38,Loss/l_ce,0.043337106704711914
1787412586.7703176,31140,38,Loss/l_total,0.043337106704711914
1787412586.7703402,31140,38,LR,5.405759110524899e-05
1787412600.5949826,31160,38,Loss/l_ce,0.03457307815551758
1787412600.5951736,31160,38,Loss/l_total,0.03457307815551758
1787412600.5951974,31160,38,LR,5.405759110524899e-05
1787412610.8613818,31180,38,Loss/l_ce,0.030333757400512695
1787412610.8616087,31180,38,Loss/l_total,0.030333757400512695
1787412610.8616302,31180,38,LR,5.405759110524899e-05
1787412621.0044274,31200,38,Loss/l_ce,0.013978958129882812
1787412621.0046341,31200,38,Loss/l_total,0.013978958129882812
1787412621.0046577,31200,38,LR,5.405759110524899e-05
1787412631.1841,31220,38,Loss/l_ce,0.05156135559082031
1787412631.1843598,31220,38,Loss/l_total,0.05156135559082031
1787412631.1843812,31220,38,LR,5.405759110524899e-05
1787412643.7144809,31240,38,Loss/l_ce,0.02309417724609375
1787412643.7146683,31240,38,Loss/l_total,0.02309417724609375
1787412643.7146897,31240,38,LR,5.405759110524899e-05
1787412655.2722871,31260,38,Loss/l_ce,0.044053077697753906
1787412655.272478,31260,38,Loss/l_total,0.044053077697753906
1787412655.2725055,31260,38,LR,5.405759110524899e-05
1787412665.7244966,31280,38,Loss/l_ce,0.11307573318481445
1787412665.724651,31280,38,Loss/l_total,0.11307573318481445
1787412665.7246735,31280,38,LR,5.405759110524899e-05
1787412679.125356,31300,38,Loss/l_ce,0.03554797172546387
1787412679.1255555,31300,38,Loss/l_total,0.03554797172546387
1787412679.1255767,31300,38,LR,5.405759110524899e-05
1787412688.6131618,31320,38,Loss/l_ce,0.016450166702270508
1787412688.61334,31320,38,Loss/l_total,0.016450166702270508
1787412688.6133611,31320,38,LR,5.405759110524899e-05
1787412700.6736732,31340,38,Loss/l_ce,0.026833295822143555
1787412700.673842,31340,38,Loss/l_total,0.026833295822143555
1787412700.6738656,31340,38,LR,5.405759110524899e-05
1787412714.274413,31360,38,Loss/l_ce,0.1307673454284668
1787412714.2745674,31360,38,Loss/l_total,0.1307673454284668
1787412714.2745876,31360,38,LR,5.405759110524899e-05
1787412725.697152,31380,38,Loss/l_ce,0.005952119827270508
1787412725.6974075,31380,38,Loss/l_total,0.005952119827270508
1787412725.6974275,31380,38,LR,5.405759110524899e-05
1787412734.9634752,31400,38,Loss/l_ce,0.023461103439331055
1787412734.9636664,31400,38,Loss/l_total,0.023461103439331055
1787412734.9636912,31400,38,LR,5.405759110524899e-05
1787412748.0090525,31420,38,Loss/l_ce,0.09430861473083496
1787412748.0092208,31420,38,Loss/l_total,0.09430861473083496
1787412748.009241,31420,38,LR,5.405759110524899e-05
1787412756.9872851,31440,38,Loss/l_ce,0.01605057716369629
1787412756.98746,31440,38,Loss/l_total,0.01605057716369629
1787412756.987481,31440,38,LR,5.405759110524899e-05
1787412769.3417542,31460,38,Loss/l_ce,0.018335580825805664
1787412769.3419228,31460,38,Loss/l_total,0.018335580825805664
1787412769.3419418,31460,38,LR,5.405759110524899e-05
1787412779.7100937,31480,38,Loss/l_ce,0.026182889938354492
1787412779.710267,31480,38,Loss/l_total,0.026182889938354492
1787412779.7102883,31480,38,LR,5.405759110524899e-05
1787412791.2851303,31500,38,Loss/l_ce,0.005647420883178711
1787412791.2853167,31500,38,Loss/l_total,0.005647420883178711
1787412791.285338,31500,38,LR,5.405759110524899e-05
1787412803.630723,31520,38,Loss/l_ce,0.019104957580566406
1787412803.6309783,31520,38,Loss/l_total,0.019104957580566406
1787412803.6312928,31520,38,LR,5.405759110524899e-05
1787412816.480764,31540,38,Loss/l_ce,0.0159912109375
1787412816.480961,31540,38,Loss/l_total,0.0159912109375
1787412816.4809823,31540,38,LR,5.405759110524899e-05
1787412829.3506243,31560,38,Loss/l_ce,0.018131494522094727
1787412829.350844,31560,38,Loss/l_total,0.018131494522094727
1787412829.3508737,31560,38,LR,5.405759110524899e-05
1787412840.7883716,31580,38,Loss/l_ce,0.04499197006225586
1787412840.7885506,31580,38,Loss/l_total,0.04499197006225586
1787412840.7885735,31580,38,LR,5.405759110524899e-05
1787412850.0464125,31600,38,Loss/l_ce,0.044985294342041016
1787412850.0466192,31600,38,Loss/l_total,0.044985294342041016
1787412850.046871,31600,38,LR,5.405759110524899e-05
1787412861.8519785,31620,38,Loss/l_ce,0.19340968132019043
1787412861.8522077,31620,38,Loss/l_total,0.19340968132019043
1787412861.852229,31620,38,LR,5.405759110524899e-05
1787412873.9793124,31640,38,Loss/l_ce,0.04233193397521973
1787412873.9795132,31640,38,Loss/l_total,0.04233193397521973
1787412873.979532,31640,38,LR,5.405759110524899e-05
1787412883.6907182,31660,38,Loss/l_ce,0.015389680862426758
1787412883.6908996,31660,38,Loss/l_total,0.015389680862426758
1787412883.6909199,31660,38,LR,5.405759110524899e-05
1787412953.5144997,31668,38,Val/avg_error,0.12012676894664764
1787412953.5148213,31668,38,Val/acc,0.433837890625
1787412953.514844,31668,38,Val/sparse_auc,0.6008806324968434
1787412953.5148616,31668,38,Val/sparse_pck_max,0.1
1787412953.5148768,31668,38,Val/sparse_pck_n,100.0
1787412964.167719,31680,39,Loss/l_ce,0.03629326820373535
1787412964.167879,31680,39,Loss/l_total,0.03629326820373535
1787412964.1679018,31680,39,LR,5.217442662118095e-05
1787412975.5549345,31700,39,Loss/l_ce,0.021607160568237305
1787412975.5551565,31700,39,Loss/l_total,0.021607160568237305
1787412975.555179,31700,39,LR,5.217442662118095e-05
1787412988.5254571,31720,39,Loss/l_ce,0.020873308181762695
1787412988.525652,31720,39,Loss/l_total,0.020873308181762695
1787412988.5256767,31720,39,LR,5.217442662118095e-05
1787412997.7157438,31740,39,Loss/l_ce,0.023650169372558594
1787412997.715973,31740,39,Loss/l_total,0.023650169372558594
1787412997.7159967,31740,39,LR,5.217442662118095e-05
1787413009.4653673,31760,39,Loss/l_ce,0.02107095718383789
1787413009.4655478,31760,39,Loss/l_total,0.02107095718383789
1787413009.4655716,31760,39,LR,5.217442662118095e-05
1787413019.3078454,31780,39,Loss/l_ce,0.056261539459228516
1787413019.308084,31780,39,Loss/l_total,0.056261539459228516
1787413019.3081114,31780,39,LR,5.217442662118095e-05
1787413029.0187566,31800,39,Loss/l_ce,0.024150848388671875
1787413029.0189323,31800,39,Loss/l_total,0.024150848388671875
1787413029.018956,31800,39,LR,5.217442662118095e-05
1787413042.8889344,31820,39,Loss/l_ce,0.06212306022644043
1787413042.8891256,31820,39,Loss/l_total,0.06212306022644043
1787413042.8891459,31820,39,LR,5.217442662118095e-05
1787413056.3875873,31840,39,Loss/l_ce,0.013742446899414062
1787413056.3878129,31840,39,Loss/l_total,0.013742446899414062
1787413056.387834,31840,39,LR,5.217442662118095e-05
1787413066.5500226,31860,39,Loss/l_ce,0.09060478210449219
1787413066.550227,31860,39,Loss/l_total,0.09060478210449219
1787413066.5502481,31860,39,LR,5.217442662118095e-05
1787413072.7934325,31880,39,Loss/l_ce,0.016476869583129883
1787413072.793624,31880,39,Loss/l_total,0.016476869583129883
1787413072.793651,31880,39,LR,5.217442662118095e-05
1787413085.041992,31900,39,Loss/l_ce,0.02743053436279297
1787413085.0422187,31900,39,Loss/l_total,0.02743053436279297
1787413085.0422435,31900,39,LR,5.217442662118095e-05
1787413100.2911282,31920,39,Loss/l_ce,0.02038121223449707
1787413100.2913525,31920,39,Loss/l_total,0.02038121223449707
1787413100.2913752,31920,39,LR,5.217442662118095e-05
1787413110.105052,31940,39,Loss/l_ce,0.022945880889892578
1787413110.1052504,31940,39,Loss/l_total,0.022945880889892578
1787413110.1052716,31940,39,LR,5.217442662118095e-05
1787413123.4620132,31960,39,Loss/l_ce,0.02464580535888672
1787413123.4622114,31960,39,Loss/l_total,0.02464580535888672
1787413123.4622338,31960,39,LR,5.217442662118095e-05
1787413136.0126135,31980,39,Loss/l_ce,0.03268623352050781
1787413136.0128903,31980,39,Loss/l_total,0.03268623352050781
1787413136.0129223,31980,39,LR,5.217442662118095e-05
1787413147.0597136,32000,39,Loss/l_ce,0.015597105026245117
1787413147.0599034,32000,39,Loss/l_total,0.015597105026245117
1787413147.0599234,32000,39,LR,5.217442662118095e-05
1787413159.3697321,32020,39,Loss/l_ce,0.01990485191345215
1787413159.3699021,32020,39,Loss/l_total,0.01990485191345215
1787413159.3699234,32020,39,LR,5.217442662118095e-05
1787413172.0951087,32040,39,Loss/l_ce,0.025153160095214844
1787413172.0953214,32040,39,Loss/l_total,0.025153160095214844
1787413172.098159,32040,39,LR,5.217442662118095e-05
1787413182.399151,32060,39,Loss/l_ce,0.025980234146118164
1787413182.3993742,32060,39,Loss/l_total,0.025980234146118164
1787413182.399638,32060,39,LR,5.217442662118095e-05
1787413191.3682222,32080,39,Loss/l_ce,0.010430097579956055
1787413191.368411,32080,39,Loss/l_total,0.010430097579956055
1787413191.3684323,32080,39,LR,5.217442662118095e-05
1787413200.9758418,32100,39,Loss/l_ce,0.034926414489746094
1787413200.976078,32100,39,Loss/l_total,0.034926414489746094
1787413200.9761007,32100,39,LR,5.217442662118095e-05
1787413208.1807446,32120,39,Loss/l_ce,0.026313304901123047
1787413208.1809633,32120,39,Loss/l_total,0.026313304901123047
1787413208.1809905,32120,39,LR,5.217442662118095e-05
1787413220.2432396,32140,39,Loss/l_ce,0.023294448852539062
1787413220.2436624,32140,39,Loss/l_total,0.023294448852539062
1787413220.2439413,32140,39,LR,5.217442662118095e-05
1787413233.073501,32160,39,Loss/l_ce,0.014471054077148438
1787413233.0737696,32160,39,Loss/l_total,0.014471054077148438
1787413233.0737946,32160,39,LR,5.217442662118095e-05
1787413247.0615847,32180,39,Loss/l_ce,0.015005111694335938
1787413247.0617697,32180,39,Loss/l_total,0.015005111694335938
1787413247.0617912,32180,39,LR,5.217442662118095e-05
1787413263.0083055,32200,39,Loss/l_ce,0.013437747955322266
1787413263.0085158,32200,39,Loss/l_total,0.013437747955322266
1787413263.0085456,32200,39,LR,5.217442662118095e-05
1787413280.0008404,32220,39,Loss/l_ce,0.01845073699951172
1787413280.0011659,32220,39,Loss/l_total,0.01845073699951172
1787413280.0011969,32220,39,LR,5.217442662118095e-05
1787413286.3747287,32240,39,Loss/l_ce,0.02364945411682129
1787413286.3749828,32240,39,Loss/l_total,0.02364945411682129
1787413286.3750076,32240,39,LR,5.217442662118095e-05
1787413299.8206096,32260,39,Loss/l_ce,0.01742839813232422
1787413299.8208768,32260,39,Loss/l_total,0.01742839813232422
1787413299.8209016,32260,39,LR,5.217442662118095e-05
1787413306.756792,32280,39,Loss/l_ce,0.023717164993286133
1787413306.7570639,32280,39,Loss/l_total,0.023717164993286133
1787413306.75709,32280,39,LR,5.217442662118095e-05
1787413313.70811,32300,39,Loss/l_ce,0.02074456214904785
1787413313.7083666,32300,39,Loss/l_total,0.02074456214904785
1787413313.7083905,32300,39,LR,5.217442662118095e-05
1787413321.6993814,32320,39,Loss/l_ce,0.017272472381591797
1787413321.6995604,32320,39,Loss/l_total,0.017272472381591797
1787413321.6995819,32320,39,LR,5.217442662118095e-05
1787413338.3273094,32340,39,Loss/l_ce,0.043359994888305664
1787413338.3275397,32340,39,Loss/l_total,0.043359994888305664
1787413338.3275623,32340,39,LR,5.217442662118095e-05
1787413350.6818821,32360,39,Loss/l_ce,0.026128292083740234
1787413350.6821027,32360,39,Loss/l_total,0.026128292083740234
1787413350.6821265,32360,39,LR,5.217442662118095e-05
1787413356.4947348,32380,39,Loss/l_ce,0.15404438972473145
1787413356.4949024,32380,39,Loss/l_total,0.15404438972473145
1787413356.494926,32380,39,LR,5.217442662118095e-05
1787413367.9506857,32400,39,Loss/l_ce,0.04558229446411133
1787413367.950859,32400,39,Loss/l_total,0.04558229446411133
1787413367.9508815,32400,39,LR,5.217442662118095e-05
1787413383.0014732,32420,39,Loss/l_ce,0.018848419189453125
1787413383.0016966,32420,39,Loss/l_total,0.018848419189453125
1787413383.001718,32420,39,LR,5.217442662118095e-05
1787413395.5534282,32440,39,Loss/l_ce,0.041829824447631836
1787413395.5536385,32440,39,Loss/l_total,0.041829824447631836
1787413395.5536633,32440,39,LR,5.217442662118095e-05
1787413410.7775671,32460,39,Loss/l_ce,0.015514850616455078
1787413410.7777786,32460,39,Loss/l_total,0.015514850616455078
1787413410.7778013,32460,39,LR,5.217442662118095e-05
1787413423.772417,32480,39,Loss/l_ce,0.014929533004760742
1787413423.7726474,32480,39,Loss/l_total,0.014929533004760742
1787413423.7726686,32480,39,LR,5.217442662118095e-05
1787413487.8565884,32480,39,Val/avg_error,0.12067373842000961
1787413487.8568935,32480,39,Val/acc,0.427734375
1787413487.8569398,32480,39,Val/sparse_auc,0.5932545671559344
1787413487.8569586,32480,39,Val/sparse_pck_max,0.1
1787413487.8570015,32480,39,Val/sparse_pck_n,100.0
1787413499.1985316,32500,40,Loss/l_ce,0.034581899642944336
1787413499.198687,32500,40,Loss/l_total,0.034581899642944336
1787413499.198706,32500,40,LR,5.029621915295564e-05
1787413508.3813949,32520,40,Loss/l_ce,0.0504765510559082
1787413508.3815684,32520,40,Loss/l_total,0.0504765510559082
1787413508.381592,32520,40,LR,5.029621915295564e-05
1787413522.8871083,32540,40,Loss/l_ce,0.016034603118896484
1787413522.88727,32540,40,Loss/l_total,0.016034603118896484
1787413522.8872876,32540,40,LR,5.029621915295564e-05
1787413529.9066808,32560,40,Loss/l_ce,0.01523447036743164
1787413529.906859,32560,40,Loss/l_total,0.01523447036743164
1787413529.9068816,32560,40,LR,5.029621915295564e-05
1787413544.8278637,32580,40,Loss/l_ce,0.015996456146240234
1787413544.8280241,32580,40,Loss/l_total,0.015996456146240234
1787413544.8280656,32580,40,LR,5.029621915295564e-05
1787413557.436999,32600,40,Loss/l_ce,0.04701685905456543
1787413557.437289,32600,40,Loss/l_total,0.04701685905456543
1787413557.4373162,32600,40,LR,5.029621915295564e-05
1787413566.1763031,32620,40,Loss/l_ce,0.04210090637207031
1787413566.1764932,32620,40,Loss/l_total,0.04210090637207031
1787413566.1765192,32620,40,LR,5.029621915295564e-05
1787413579.3492,32640,40,Loss/l_ce,0.014225482940673828
1787413579.3493676,32640,40,Loss/l_total,0.014225482940673828
1787413579.349389,32640,40,LR,5.029621915295564e-05
1787413592.0845003,32660,40,Loss/l_ce,0.025993824005126953
1787413592.0846865,32660,40,Loss/l_total,0.025993824005126953
1787413592.084714,32660,40,LR,5.029621915295564e-05
1787413600.4658365,32680,40,Loss/l_ce,0.02001953125
1787413600.4660218,32680,40,Loss/l_total,0.02001953125
1787413600.4660742,32680,40,LR,5.029621915295564e-05
1787413610.0089152,32700,40,Loss/l_ce,0.029001235961914062
1787413610.0091326,32700,40,Loss/l_total,0.029001235961914062
1787413610.0091612,32700,40,LR,5.029621915295564e-05
1787413622.916674,32720,40,Loss/l_ce,0.013080835342407227
1787413622.9169528,32720,40,Loss/l_total,0.013080835342407227
1787413622.9169753,32720,40,LR,5.029621915295564e-05
1787413629.4381683,32740,40,Loss/l_ce,0.0659027099609375
1787413629.4383392,32740,40,Loss/l_total,0.0659027099609375
1787413629.438363,32740,40,LR,5.029621915295564e-05
1787413638.0647597,32760,40,Loss/l_ce,0.02531599998474121
1787413638.065123,32760,40,Loss/l_total,0.02531599998474121
1787413638.065148,32760,40,LR,5.029621915295564e-05
1787413645.5304902,32780,40,Loss/l_ce,0.05041003227233887
1787413645.5306563,32780,40,Loss/l_total,0.05041003227233887
1787413645.5306802,32780,40,LR,5.029621915295564e-05
1787413651.486107,32800,40,Loss/l_ce,0.004530191421508789
1787413651.486271,32800,40,Loss/l_total,0.004530191421508789
1787413651.4862947,32800,40,LR,5.029621915295564e-05
1787413657.5234995,32820,40,Loss/l_ce,0.025513648986816406
1787413657.5236585,32820,40,Loss/l_total,0.025513648986816406
1787413657.5236824,32820,40,LR,5.029621915295564e-05
1787413664.3005538,32840,40,Loss/l_ce,0.013714790344238281
1787413664.3010213,32840,40,Loss/l_total,0.013714790344238281
1787413664.3010726,32840,40,LR,5.029621915295564e-05
1787413669.5588098,32860,40,Loss/l_ce,0.02914714813232422
1787413669.5589902,32860,40,Loss/l_total,0.02914714813232422
1787413669.559014,32860,40,LR,5.029621915295564e-05
1787413674.2693815,32880,40,Loss/l_ce,0.04691004753112793
1787413674.269554,32880,40,Loss/l_total,0.04691004753112793
1787413674.2695765,32880,40,LR,5.029621915295564e-05
1787413679.0078785,32900,40,Loss/l_ce,0.04660773277282715
1787413679.0080924,32900,40,Loss/l_total,0.04660773277282715
1787413679.008116,32900,40,LR,5.029621915295564e-05
1787413684.4470778,32920,40,Loss/l_ce,0.0219724178314209
1787413684.447499,32920,40,Loss/l_total,0.0219724178314209
1787413684.447525,32920,40,LR,5.029621915295564e-05
1787413692.74269,32940,40,Loss/l_ce,0.006273984909057617
1787413692.74293,32940,40,Loss/l_total,0.006273984909057617
1787413692.7432208,32940,40,LR,5.029621915295564e-05
1787413699.6634204,32960,40,Loss/l_ce,0.013689041137695312
1787413699.6636033,32960,40,Loss/l_total,0.013689041137695312
1787413699.6636257,32960,40,LR,5.029621915295564e-05
1787413707.5133052,32980,40,Loss/l_ce,0.03123641014099121
1787413707.5134974,32980,40,Loss/l_total,0.03123641014099121
1787413707.5135188,32980,40,LR,5.029621915295564e-05
1787413714.5336912,33000,40,Loss/l_ce,0.017396211624145508
1787413714.5338857,33000,40,Loss/l_total,0.017396211624145508
1787413714.533906,33000,40,LR,5.029621915295564e-05
1787413720.179603,33020,40,Loss/l_ce,0.025966644287109375
1787413720.179825,33020,40,Loss/l_total,0.025966644287109375
1787413720.1798468,33020,40,LR,5.029621915295564e-05
1787413732.056919,33040,40,Loss/l_ce,0.022475481033325195
1787413732.0571706,33040,40,Loss/l_total,0.022475481033325195
1787413732.0571933,33040,40,LR,5.029621915295564e-05
1787413743.5945303,33060,40,Loss/l_ce,0.01833820343017578
1787413743.5947368,33060,40,Loss/l_total,0.01833820343017578
1787413743.5947604,33060,40,LR,5.029621915295564e-05
1787413752.7319598,33080,40,Loss/l_ce,0.028798341751098633
1787413752.7321985,33080,40,Loss/l_total,0.028798341751098633
1787413752.7322245,33080,40,LR,5.029621915295564e-05
1787413767.784578,33100,40,Loss/l_ce,0.006585359573364258
1787413767.7848036,33100,40,Loss/l_total,0.006585359573364258
1787413767.7848275,33100,40,LR,5.029621915295564e-05
1787413775.7064843,33120,40,Loss/l_ce,0.03864240646362305
1787413775.7066917,33120,40,Loss/l_total,0.03864240646362305
1787413775.7067156,33120,40,LR,5.029621915295564e-05
1787413790.7023568,33140,40,Loss/l_ce,0.022944211959838867
1787413790.7027187,33140,40,Loss/l_total,0.022944211959838867
1787413790.7027426,33140,40,LR,5.029621915295564e-05
1787413799.2664015,33160,40,Loss/l_ce,0.07809829711914062
1787413799.266582,33160,40,Loss/l_total,0.07809829711914062
1787413799.2666035,33160,40,LR,5.029621915295564e-05
1787413813.402992,33180,40,Loss/l_ce,0.03377175331115723
1787413813.4031892,33180,40,Loss/l_total,0.03377175331115723
1787413813.4032092,33180,40,LR,5.029621915295564e-05
1787413830.8453593,33200,40,Loss/l_ce,0.03291010856628418
1787413830.84556,33200,40,Loss/l_total,0.03291010856628418
1787413830.8455825,33200,40,LR,5.029621915295564e-05
1787413842.807353,33220,40,Loss/l_ce,0.027194499969482422
1787413842.8075194,33220,40,Loss/l_total,0.027194499969482422
1787413842.807543,33220,40,LR,5.029621915295564e-05
1787413851.854027,33240,40,Loss/l_ce,0.030223846435546875
1787413851.8542335,33240,40,Loss/l_total,0.030223846435546875
1787413851.8542552,33240,40,LR,5.029621915295564e-05
1787413862.112863,33260,40,Loss/l_ce,0.015448331832885742
1787413862.113103,33260,40,Loss/l_total,0.015448331832885742
1787413862.113128,33260,40,LR,5.029621915295564e-05
1787413874.010116,33280,40,Loss/l_ce,0.03250885009765625
1787413874.0103393,33280,40,Loss/l_total,0.03250885009765625
1787413874.010362,33280,40,LR,5.029621915295564e-05
1787413948.3858144,33292,40,Val/avg_error,0.12090621888637543
1787413948.3862917,33292,40,Val/acc,0.440673828125
1787413948.3863177,33292,40,Val/sparse_auc,0.5988599372632576
1787413948.3863358,33292,40,Val/sparse_pck_max,0.1
1787413948.3863523,33292,40,Val/sparse_pck_n,100.0
1787413952.8077424,33300,41,Loss/l_ce,0.015691280364990234
1787413952.8079739,33300,41,Loss/l_total,0.015691280364990234
1787413952.8080049,33300,41,LR,4.842626371469153e-05
1787413962.0039527,33320,41,Loss/l_ce,0.02435898780822754
1787413962.0041568,33320,41,Loss/l_total,0.02435898780822754
1787413962.004183,33320,41,LR,4.842626371469153e-05
1787413969.571911,33340,41,Loss/l_ce,0.03076624870300293
1787413969.5721416,33340,41,Loss/l_total,0.03076624870300293
1787413969.5721667,33340,41,LR,4.842626371469153e-05
1787413978.42593,33360,41,Loss/l_ce,0.014967679977416992
1787413978.4261496,33360,41,Loss/l_total,0.014967679977416992
1787413978.4261744,33360,41,LR,4.842626371469153e-05
1787413989.272648,33380,41,Loss/l_ce,0.018027782440185547
1787413989.2728903,33380,41,Loss/l_total,0.018027782440185547
1787413989.2729106,33380,41,LR,4.842626371469153e-05
1787414000.4993753,33400,41,Loss/l_ce,0.043550968170166016
1787414000.4995878,33400,41,Loss/l_total,0.043550968170166016
1787414000.499608,33400,41,LR,4.842626371469153e-05
1787414014.115053,33420,41,Loss/l_ce,0.04276156425476074
1787414014.1152358,33420,41,Loss/l_total,0.04276156425476074
1787414014.1152534,33420,41,LR,4.842626371469153e-05
1787414025.3695347,33440,41,Loss/l_ce,0.0391387939453125
1787414025.369732,33440,41,Loss/l_total,0.0391387939453125
1787414025.3697543,33440,41,LR,4.842626371469153e-05
1787414033.8669105,33460,41,Loss/l_ce,0.017705678939819336
1787414033.8671148,33460,41,Loss/l_total,0.017705678939819336
1787414033.8671362,33460,41,LR,4.842626371469153e-05
1787414045.9305131,33480,41,Loss/l_ce,0.04782843589782715
1787414045.9307482,33480,41,Loss/l_total,0.04782843589782715
1787414045.930772,33480,41,LR,4.842626371469153e-05
1787414059.4625883,33500,41,Loss/l_ce,0.0215301513671875
1787414059.462801,33500,41,Loss/l_total,0.0215301513671875
1787414059.4628222,33500,41,LR,4.842626371469153e-05
1787414073.234926,33520,41,Loss/l_ce,0.028750896453857422
1787414073.2351682,33520,41,Loss/l_total,0.028750896453857422
1787414073.235193,33520,41,LR,4.842626371469153e-05
1787414084.6523583,33540,41,Loss/l_ce,0.013968944549560547
1787414084.6525626,33540,41,Loss/l_total,0.013968944549560547
1787414084.6525838,33540,41,LR,4.842626371469153e-05
1787414095.8931148,33560,41,Loss/l_ce,0.019835710525512695
1787414095.8933275,33560,41,Loss/l_total,0.019835710525512695
1787414095.8933544,33560,41,LR,4.842626371469153e-05
1787414106.2207224,33580,41,Loss/l_ce,0.013212442398071289
1787414106.2209384,33580,41,Loss/l_total,0.013212442398071289
1787414106.2209597,33580,41,LR,4.842626371469153e-05
1787414120.0582852,33600,41,Loss/l_ce,0.055072784423828125
1787414120.0584729,33600,41,Loss/l_total,0.055072784423828125
1787414120.0584955,33600,41,LR,4.842626371469153e-05
1787414131.6139042,33620,41,Loss/l_ce,0.020241975784301758
1787414131.6141284,33620,41,Loss/l_total,0.020241975784301758
1787414131.6141582,33620,41,LR,4.842626371469153e-05
1787414140.8124583,33640,41,Loss/l_ce,0.016688108444213867
1787414140.812685,33640,41,Loss/l_total,0.016688108444213867
1787414140.8127077,33640,41,LR,4.842626371469153e-05
1787414154.292106,33660,41,Loss/l_ce,0.028356552124023438
1787414154.2922888,33660,41,Loss/l_total,0.028356552124023438
1787414154.2923102,33660,41,LR,4.842626371469153e-05
1787414165.9621797,33680,41,Loss/l_ce,0.022948026657104492
1787414165.9623933,33680,41,Loss/l_total,0.022948026657104492
1787414165.962418,33680,41,LR,4.842626371469153e-05
1787414174.4962597,33700,41,Loss/l_ce,0.04687786102294922
1787414174.4965112,33700,41,Loss/l_total,0.04687786102294922
1787414174.4965396,33700,41,LR,4.842626371469153e-05
1787414185.4342341,33720,41,Loss/l_ce,0.033594369888305664
1787414185.434423,33720,41,Loss/l_total,0.033594369888305664
1787414185.4344456,33720,41,LR,4.842626371469153e-05
1787414195.3017538,33740,41,Loss/l_ce,0.011060714721679688
1787414195.3019488,33740,41,Loss/l_total,0.011060714721679688
1787414195.3019702,33740,41,LR,4.842626371469153e-05
1787414205.0206132,33760,41,Loss/l_ce,0.016130447387695312
1787414205.0208282,33760,41,Loss/l_total,0.016130447387695312
1787414205.0208552,33760,41,LR,4.842626371469153e-05
1787414213.8701246,33780,41,Loss/l_ce,0.06589841842651367
1787414213.8702931,33780,41,Loss/l_total,0.06589841842651367
1787414213.8703122,33780,41,LR,4.842626371469153e-05
1787414224.870998,33800,41,Loss/l_ce,0.018881797790527344
1787414224.8712866,33800,41,Loss/l_total,0.018881797790527344
1787414224.8713114,33800,41,LR,4.842626371469153e-05
1787414236.5964446,33820,41,Loss/l_ce,0.02353191375732422
1787414236.5967498,33820,41,Loss/l_total,0.02353191375732422
1787414236.5967712,33820,41,LR,4.842626371469153e-05
1787414244.327596,33840,41,Loss/l_ce,0.0157010555267334
1787414244.3277833,33840,41,Loss/l_total,0.0157010555267334
1787414244.327832,33840,41,LR,4.842626371469153e-05
1787414252.961287,33860,41,Loss/l_ce,0.11379313468933105
1787414252.961503,33860,41,Loss/l_total,0.11379313468933105
1787414252.9615233,33860,41,LR,4.842626371469153e-05
1787414265.0338373,33880,41,Loss/l_ce,0.03087592124938965
1787414265.0340035,33880,41,Loss/l_total,0.03087592124938965
1787414265.034025,33880,41,LR,4.842626371469153e-05
1787414276.2959557,33900,41,Loss/l_ce,0.01486349105834961
1787414276.2961469,33900,41,Loss/l_total,0.01486349105834961
1787414276.2961707,33900,41,LR,4.842626371469153e-05
1787414288.0287974,33920,41,Loss/l_ce,0.02133655548095703
1787414288.0290563,33920,41,Loss/l_total,0.02133655548095703
1787414288.0290823,33920,41,LR,4.842626371469153e-05
1787414294.8406246,33940,41,Loss/l_ce,0.03516721725463867
1787414294.8407934,33940,41,Loss/l_total,0.03516721725463867
1787414294.8408134,33940,41,LR,4.842626371469153e-05
1787414303.4288783,33960,41,Loss/l_ce,0.033211469650268555
1787414303.4291384,33960,41,Loss/l_total,0.033211469650268555
1787414303.4291718,33960,41,LR,4.842626371469153e-05
1787414313.5660555,33980,41,Loss/l_ce,0.027591466903686523
1787414313.5662763,33980,41,Loss/l_total,0.027591466903686523
1787414313.5663002,33980,41,LR,4.842626371469153e-05
1787414322.2628946,34000,41,Loss/l_ce,0.01854705810546875
1787414322.2631664,34000,41,Loss/l_total,0.01854705810546875
1787414322.2632043,34000,41,LR,4.842626371469153e-05
1787414331.7547848,34020,41,Loss/l_ce,0.014746665954589844
1787414331.7549841,34020,41,Loss/l_total,0.014746665954589844
1787414331.7550056,34020,41,LR,4.842626371469153e-05
1787414344.7936814,34040,41,Loss/l_ce,0.023537635803222656
1787414344.7938654,34040,41,Loss/l_total,0.023537635803222656
1787414344.7938867,34040,41,LR,4.842626371469153e-05
1787414353.1449096,34060,41,Loss/l_ce,0.3334782123565674
1787414353.1451032,34060,41,Loss/l_total,0.3334782123565674
1787414353.1451268,34060,41,LR,4.842626371469153e-05
1787414360.8796477,34080,41,Loss/l_ce,0.016016006469726562
1787414360.8799043,34080,41,Loss/l_total,0.016016006469726562
1787414360.879929,34080,41,LR,4.842626371469153e-05
1787414367.0040956,34100,41,Loss/l_ce,0.02755880355834961
1787414367.0044127,34100,41,Loss/l_total,0.02755880355834961
1787414367.0044365,34100,41,LR,4.842626371469153e-05
1787414442.2284567,34104,41,Val/avg_error,0.12043610960245132
1787414442.2288744,34104,41,Val/acc,0.445458984375
1787414442.2288983,34104,41,Val/sparse_auc,0.6033577967171716
1787414442.2289186,34104,41,Val/sparse_pck_max,0.1
1787414442.2289362,34104,41,Val/sparse_pck_n,100.0
1787414452.1962714,34120,42,Loss/l_ce,0.023172855377197266
1787414452.1965625,34120,42,Loss/l_total,0.023172855377197266
1787414452.1965885,34120,42,LR,4.656784084364243e-05
1787414461.5741704,34140,42,Loss/l_ce,0.016721010208129883
1787414461.5745206,34140,42,Loss/l_total,0.016721010208129883
1787414461.574554,34140,42,LR,4.656784084364243e-05
1787414475.2473254,34160,42,Loss/l_ce,0.028910160064697266
1787414475.2477458,34160,42,Loss/l_total,0.028910160064697266
1787414475.2482233,34160,42,LR,4.656784084364243e-05
1787414486.4634597,34180,42,Loss/l_ce,0.01493072509765625
1787414486.463778,34180,42,Loss/l_total,0.01493072509765625
1787414486.4641354,34180,42,LR,4.656784084364243e-05
1787414497.8207839,34200,42,Loss/l_ce,0.0359652042388916
1787414497.8209941,34200,42,Loss/l_total,0.0359652042388916
1787414497.8210201,34200,42,LR,4.656784084364243e-05
1787414511.9186623,34220,42,Loss/l_ce,0.015874624252319336
1787414511.9188547,34220,42,Loss/l_total,0.015874624252319336
1787414511.9188771,34220,42,LR,4.656784084364243e-05
1787414523.5238667,34240,42,Loss/l_ce,0.03534293174743652
1787414523.5241597,34240,42,Loss/l_total,0.03534293174743652
1787414523.524301,34240,42,LR,4.656784084364243e-05
1787414533.9869308,34260,42,Loss/l_ce,0.03792595863342285
1787414533.987122,34260,42,Loss/l_total,0.03792595863342285
1787414533.9871447,34260,42,LR,4.656784084364243e-05
1787414550.224632,34280,42,Loss/l_ce,0.013135433197021484
1787414550.224803,34280,42,Loss/l_total,0.013135433197021484
1787414550.224853,34280,42,LR,4.656784084364243e-05
1787414558.0595908,34300,42,Loss/l_ce,0.015152931213378906
1787414558.05978,34300,42,Loss/l_total,0.015152931213378906
1787414558.059801,34300,42,LR,4.656784084364243e-05
1787414566.4869661,34320,42,Loss/l_ce,0.020345687866210938
1787414566.4871955,34320,42,Loss/l_total,0.020345687866210938
1787414566.4872203,34320,42,LR,4.656784084364243e-05
1787414579.9238565,34340,42,Loss/l_ce,0.022013187408447266
1787414579.9241364,34340,42,Loss/l_total,0.022013187408447266
1787414579.9241734,34340,42,LR,4.656784084364243e-05
1787414591.3211143,34360,42,Loss/l_ce,0.06230974197387695
1787414591.3213124,34360,42,Loss/l_total,0.06230974197387695
1787414591.3213377,34360,42,LR,4.656784084364243e-05
1787414598.7692134,34380,42,Loss/l_ce,0.04859757423400879
1787414598.7694128,34380,42,Loss/l_total,0.04859757423400879
1787414598.7694354,34380,42,LR,4.656784084364243e-05
1787414609.2687225,34400,42,Loss/l_ce,0.020978212356567383
1787414609.2689447,34400,42,Loss/l_total,0.020978212356567383
1787414609.2689695,34400,42,LR,4.656784084364243e-05
1787414618.7576277,34420,42,Loss/l_ce,0.016901016235351562
1787414618.7578106,34420,42,Loss/l_total,0.016901016235351562
1787414618.757832,34420,42,LR,4.656784084364243e-05
1787414628.28207,34440,42,Loss/l_ce,0.015819311141967773
1787414628.2822812,34440,42,Loss/l_total,0.015819311141967773
1787414628.282304,34440,42,LR,4.656784084364243e-05
1787414638.8249593,34460,42,Loss/l_ce,0.025348663330078125
1787414638.8251657,34460,42,Loss/l_total,0.025348663330078125
1787414638.825192,34460,42,LR,4.656784084364243e-05
1787414647.8596163,34480,42,Loss/l_ce,0.015688180923461914
1787414647.859786,34480,42,Loss/l_total,0.015688180923461914
1787414647.8598084,34480,42,LR,4.656784084364243e-05
1787414660.1160066,34500,42,Loss/l_ce,0.028402090072631836
1787414660.1162915,34500,42,Loss/l_total,0.028402090072631836
1787414660.1163309,34500,42,LR,4.656784084364243e-05
1787414668.815404,34520,42,Loss/l_ce,0.014155149459838867
1787414668.8156097,34520,42,Loss/l_total,0.014155149459838867
1787414668.8156345,34520,42,LR,4.656784084364243e-05
1787414683.1282256,34540,42,Loss/l_ce,0.01563119888305664
1787414683.1284177,34540,42,Loss/l_total,0.01563119888305664
1787414683.1284404,34540,42,LR,4.656784084364243e-05
1787414692.151946,34560,42,Loss/l_ce,0.013545989990234375
1787414692.1521692,34560,42,Loss/l_total,0.013545989990234375
1787414692.152193,34560,42,LR,4.656784084364243e-05
1787414706.3816788,34580,42,Loss/l_ce,0.051508426666259766
1787414706.381946,34580,42,Loss/l_total,0.051508426666259766
1787414706.381971,34580,42,LR,4.656784084364243e-05
1787414717.15698,34600,42,Loss/l_ce,0.015703201293945312
1787414717.1572092,34600,42,Loss/l_total,0.015703201293945312
1787414717.157234,34600,42,LR,4.656784084364243e-05
1787414725.290321,34620,42,Loss/l_ce,0.04324746131896973
1787414725.29051,34620,42,Loss/l_total,0.04324746131896973
1787414725.290535,34620,42,LR,4.656784084364243e-05
1787414739.7411284,34640,42,Loss/l_ce,0.019762754440307617
1787414739.7413387,34640,42,Loss/l_total,0.019762754440307617
1787414739.7413611,34640,42,LR,4.656784084364243e-05
1787414749.018579,34660,42,Loss/l_ce,0.020292282104492188
1787414749.0187464,34660,42,Loss/l_total,0.020292282104492188
1787414749.0187702,34660,42,LR,4.656784084364243e-05
1787414758.6982157,34680,42,Loss/l_ce,0.012712955474853516
1787414758.6983807,34680,42,Loss/l_total,0.012712955474853516
1787414758.6984034,34680,42,LR,4.656784084364243e-05
1787414771.5395772,34700,42,Loss/l_ce,0.010097742080688477
1787414771.5399654,34700,42,Loss/l_total,0.010097742080688477
1787414771.5399904,34700,42,LR,4.656784084364243e-05
1787414780.6402829,34720,42,Loss/l_ce,0.023139476776123047
1787414780.640466,34720,42,Loss/l_total,0.023139476776123047
1787414780.6404862,34720,42,LR,4.656784084364243e-05
1787414790.0445676,34740,42,Loss/l_ce,0.028281450271606445
1787414790.0447505,34740,42,Loss/l_total,0.028281450271606445
1787414790.044774,34740,42,LR,4.656784084364243e-05
1787414801.553169,34760,42,Loss/l_ce,0.012182474136352539
1787414801.5533338,34760,42,Loss/l_total,0.012182474136352539
1787414801.553354,34760,42,LR,4.656784084364243e-05
1787414808.6281269,34780,42,Loss/l_ce,0.013971805572509766
1787414808.6283097,34780,42,Loss/l_total,0.013971805572509766
1787414808.62833,34780,42,LR,4.656784084364243e-05
1787414815.5557947,34800,42,Loss/l_ce,0.25611352920532227
1787414815.555968,34800,42,Loss/l_total,0.25611352920532227
1787414815.5559905,34800,42,LR,4.656784084364243e-05
1787414825.041917,34820,42,Loss/l_ce,0.017164230346679688
1787414825.0420964,34820,42,Loss/l_total,0.017164230346679688
1787414825.0421202,34820,42,LR,4.656784084364243e-05
1787414834.482744,34840,42,Loss/l_ce,0.018382549285888672
1787414834.4829102,34840,42,Loss/l_total,0.018382549285888672
1787414834.4829304,34840,42,LR,4.656784084364243e-05
1787414847.1905081,34860,42,Loss/l_ce,0.017384052276611328
1787414847.1906862,34860,42,Loss/l_total,0.017384052276611328
1787414847.1907077,34860,42,LR,4.656784084364243e-05
1787414853.1167822,34880,42,Loss/l_ce,0.026293039321899414
1787414853.116977,34880,42,Loss/l_total,0.026293039321899414
1787414853.117003,34880,42,LR,4.656784084364243e-05
1787414863.6039407,34900,42,Loss/l_ce,0.019602537155151367
1787414863.604159,34900,42,Loss/l_total,0.019602537155151367
1787414863.6041818,34900,42,LR,4.656784084364243e-05
1787414940.1844926,34916,42,Val/avg_error,0.11700695753097534
1787414940.1848228,34916,42,Val/acc,0.445654296875
1787414940.1848452,34916,42,Val/sparse_auc,0.6066650390625001
1787414940.184862,34916,42,Val/sparse_pck_max,0.1
1787414940.1848786,34916,42,Val/sparse_pck_n,100.0
1787414943.9539604,34920,43,Loss/l_ce,0.10544681549072266
1787414943.9541955,34920,43,Loss/l_total,0.10544681549072266
1787414943.9542205,34920,43,LR,4.4724210845020534e-05
1787414955.2255292,34940,43,Loss/l_ce,0.01328277587890625
1787414955.225693,34940,43,Loss/l_total,0.01328277587890625
1787414955.2257118,34940,43,LR,4.4724210845020534e-05
1787414963.7604704,34960,43,Loss/l_ce,0.014922380447387695
1787414963.7607682,34960,43,Loss/l_total,0.014922380447387695
1787414963.760798,34960,43,LR,4.4724210845020534e-05
1787414974.9359558,34980,43,Loss/l_ce,0.012748956680297852
1787414974.936154,34980,43,Loss/l_total,0.012748956680297852
1787414974.9361777,34980,43,LR,4.4724210845020534e-05
1787414983.1995876,35000,43,Loss/l_ce,0.01613473892211914
1787414983.1997833,35000,43,Loss/l_total,0.01613473892211914
1787414983.1998096,35000,43,LR,4.4724210845020534e-05
1787414990.7979245,35020,43,Loss/l_ce,0.021207809448242188
1787414990.798136,35020,43,Loss/l_total,0.021207809448242188
1787414990.7981608,35020,43,LR,4.4724210845020534e-05
1787414995.9619381,35040,43,Loss/l_ce,0.013321399688720703
1787414995.96216,35040,43,Loss/l_total,0.013321399688720703
1787414995.9621923,35040,43,LR,4.4724210845020534e-05
1787415001.0347683,35060,43,Loss/l_ce,0.01900315284729004
1787415001.0349383,35060,43,Loss/l_total,0.01900315284729004
1787415001.034962,35060,43,LR,4.4724210845020534e-05
1787415007.332323,35080,43,Loss/l_ce,0.11339664459228516
1787415007.3325734,35080,43,Loss/l_total,0.11339664459228516
1787415007.3326044,35080,43,LR,4.4724210845020534e-05
1787415017.2061756,35100,43,Loss/l_ce,0.016064882278442383
1787415017.206482,35100,43,Loss/l_total,0.016064882278442383
1787415017.206508,35100,43,LR,4.4724210845020534e-05
1787415024.3318791,35120,43,Loss/l_ce,0.024200916290283203
1787415024.3321404,35120,43,Loss/l_total,0.024200916290283203
1787415024.3321726,35120,43,LR,4.4724210845020534e-05
1787415032.3232367,35140,43,Loss/l_ce,0.035504817962646484
1787415032.3234527,35140,43,Loss/l_total,0.035504817962646484
1787415032.3234742,35140,43,LR,4.4724210845020534e-05
1787415038.3902404,35160,43,Loss/l_ce,0.02349400520324707
1787415038.3904116,35160,43,Loss/l_total,0.02349400520324707
1787415038.3904352,35160,43,LR,4.4724210845020534e-05
1787415045.6670196,35180,43,Loss/l_ce,0.01393747329711914
1787415045.6672401,35180,43,Loss/l_total,0.01393747329711914
1787415045.6674314,35180,43,LR,4.4724210845020534e-05
1787415058.3572142,35200,43,Loss/l_ce,0.02886056900024414
1787415058.3574955,35200,43,Loss/l_total,0.02886056900024414
1787415058.3575182,35200,43,LR,4.4724210845020534e-05
1787415068.1432872,35220,43,Loss/l_ce,0.01664447784423828
1787415068.143464,35220,43,Loss/l_total,0.01664447784423828
1787415068.143488,35220,43,LR,4.4724210845020534e-05
1787415080.9288268,35240,43,Loss/l_ce,0.012314796447753906
1787415080.9290607,35240,43,Loss/l_total,0.012314796447753906
1787415080.929083,35240,43,LR,4.4724210845020534e-05
1787415090.0267758,35260,43,Loss/l_ce,0.013183116912841797
1787415090.0269787,35260,43,Loss/l_total,0.013183116912841797
1787415090.0270014,35260,43,LR,4.4724210845020534e-05
1787415101.2816648,35280,43,Loss/l_ce,0.01636528968811035
1787415101.281889,35280,43,Loss/l_total,0.01636528968811035
1787415101.2819116,35280,43,LR,4.4724210845020534e-05
1787415112.8477654,35300,43,Loss/l_ce,0.030135631561279297
1787415112.8479378,35300,43,Loss/l_total,0.030135631561279297
1787415112.8479567,35300,43,LR,4.4724210845020534e-05
1787415124.4159205,35320,43,Loss/l_ce,0.14856410026550293
1787415124.4161472,35320,43,Loss/l_total,0.14856410026550293
1787415124.4161675,35320,43,LR,4.4724210845020534e-05
1787415131.7032187,35340,43,Loss/l_ce,0.044890403747558594
1787415131.703449,35340,43,Loss/l_total,0.044890403747558594
1787415131.7034833,35340,43,LR,4.4724210845020534e-05
1787415148.5874603,35360,43,Loss/l_ce,0.013483047485351562
1787415148.5876338,35360,43,Loss/l_total,0.013483047485351562
1787415148.587655,35360,43,LR,4.4724210845020534e-05
1787415158.4153488,35380,43,Loss/l_ce,0.023572444915771484
1787415158.415578,35380,43,Loss/l_total,0.023572444915771484
1787415158.4156039,35380,43,LR,4.4724210845020534e-05
1787415170.0474834,35400,43,Loss/l_ce,0.03831291198730469
1787415170.047709,35400,43,Loss/l_total,0.03831291198730469
1787415170.0477328,35400,43,LR,4.4724210845020534e-05
1787415181.4985244,35420,43,Loss/l_ce,0.02309584617614746
1787415181.4988332,35420,43,Loss/l_total,0.02309584617614746
1787415181.4988732,35420,43,LR,4.4724210845020534e-05
1787415192.3100476,35440,43,Loss/l_ce,0.008469343185424805
1787415192.310228,35440,43,Loss/l_total,0.008469343185424805
1787415192.3102474,35440,43,LR,4.4724210845020534e-05
1787415200.442363,35460,43,Loss/l_ce,0.011693477630615234
1787415200.4425697,35460,43,Loss/l_total,0.011693477630615234
1787415200.4425945,35460,43,LR,4.4724210845020534e-05
1787415209.1363647,35480,43,Loss/l_ce,0.03699207305908203
1787415209.1366084,35480,43,Loss/l_total,0.03699207305908203
1787415209.1366284,35480,43,LR,4.4724210845020534e-05
1787415218.0679457,35500,43,Loss/l_ce,0.028231143951416016
1787415218.0681465,35500,43,Loss/l_total,0.028231143951416016
1787415218.0681715,35500,43,LR,4.4724210845020534e-05
1787415230.064584,35520,43,Loss/l_ce,0.046414852142333984
1787415230.064741,35520,43,Loss/l_total,0.046414852142333984
1787415230.064762,35520,43,LR,4.4724210845020534e-05
1787415239.0722744,35540,43,Loss/l_ce,0.011739492416381836
1787415239.0725439,35540,43,Loss/l_total,0.011739492416381836
1787415239.072672,35540,43,LR,4.4724210845020534e-05
1787415249.4370904,35560,43,Loss/l_ce,0.2266552448272705
1787415249.4372816,35560,43,Loss/l_total,0.2266552448272705
1787415249.437304,35560,43,LR,4.4724210845020534e-05
1787415259.7605631,35580,43,Loss/l_ce,0.018721580505371094
1787415259.7607725,35580,43,Loss/l_total,0.018721580505371094
1787415259.7607958,35580,43,LR,4.4724210845020534e-05
1787415270.1314058,35600,43,Loss/l_ce,0.013689517974853516
1787415270.1315982,35600,43,Loss/l_total,0.013689517974853516
1787415270.131621,35600,43,LR,4.4724210845020534e-05
1787415280.5396662,35620,43,Loss/l_ce,0.05342698097229004
1787415280.5398407,35620,43,Loss/l_total,0.05342698097229004
1787415280.5398643,35620,43,LR,4.4724210845020534e-05
1787415288.9449039,35640,43,Loss/l_ce,0.044325828552246094
1787415288.945126,35640,43,Loss/l_total,0.044325828552246094
1787415288.945171,35640,43,LR,4.4724210845020534e-05
1787415298.8022394,35660,43,Loss/l_ce,0.016393423080444336
1787415298.802447,35660,43,Loss/l_total,0.016393423080444336
1787415298.8024697,35660,43,LR,4.4724210845020534e-05
1787415309.7181392,35680,43,Loss/l_ce,0.0482182502746582
1787415309.7182934,35680,43,Loss/l_total,0.0482182502746582
1787415309.7183146,35680,43,LR,4.4724210845020534e-05
1787415321.614142,35700,43,Loss/l_ce,0.02106618881225586
1787415321.6143522,35700,43,Loss/l_total,0.02106618881225586
1787415321.6143746,35700,43,LR,4.4724210845020534e-05
1787415330.0783184,35720,43,Loss/l_ce,0.014329671859741211
1787415330.0785213,35720,43,Loss/l_total,0.014329671859741211
1787415330.0785534,35720,43,LR,4.4724210845020534e-05
1787415397.660146,35728,43,Val/avg_error,0.12347707897424698
1787415397.6605153,35728,43,Val/acc,0.431494140625
1787415397.66054,35728,43,Val/sparse_auc,0.5955287740688132
1787415397.662112,35728,43,Val/sparse_pck_max,0.1
1787415397.6621892,35728,43,Val/sparse_pck_n,100.0
1787415406.1161287,35740,44,Loss/l_ce,0.03684091567993164
1787415406.116308,35740,44,Loss/l_total,0.03684091567993164
1787415406.1163366,35740,44,LR,4.2898608072313085e-05
1787415414.1259124,35760,44,Loss/l_ce,0.02060413360595703
1787415414.1261508,35760,44,Loss/l_total,0.02060413360595703
1787415414.126172,35760,44,LR,4.2898608072313085e-05
1787415420.6364508,35780,44,Loss/l_ce,0.011024236679077148
1787415420.636631,35780,44,Loss/l_total,0.011024236679077148
1787415420.636654,35780,44,LR,4.2898608072313085e-05
1787415427.5703578,35800,44,Loss/l_ce,0.013227701187133789
1787415427.5705323,35800,44,Loss/l_total,0.013227701187133789
1787415427.5705562,35800,44,LR,4.2898608072313085e-05
1787415442.9222553,35820,44,Loss/l_ce,0.0218198299407959
1787415442.9224916,35820,44,Loss/l_total,0.0218198299407959
1787415442.9225142,35820,44,LR,4.2898608072313085e-05
1787415449.6093888,35840,44,Loss/l_ce,0.014332771301269531
1787415449.609573,35840,44,Loss/l_total,0.014332771301269531
1787415449.6095967,35840,44,LR,4.2898608072313085e-05
1787415460.4122777,35860,44,Loss/l_ce,0.01650714874267578
1787415460.412476,35860,44,Loss/l_total,0.01650714874267578
1787415460.4124975,35860,44,LR,4.2898608072313085e-05
1787415476.2745209,35880,44,Loss/l_ce,0.013038158416748047
1787415476.2746906,35880,44,Loss/l_total,0.013038158416748047
1787415476.2747145,35880,44,LR,4.2898608072313085e-05
1787415489.0687265,35900,44,Loss/l_ce,0.011761903762817383
1787415489.0689435,35900,44,Loss/l_total,0.011761903762817383
1787415489.0689688,35900,44,LR,4.2898608072313085e-05
1787415504.233088,35920,44,Loss/l_ce,0.019612789154052734
1787415504.2333076,35920,44,Loss/l_total,0.019612789154052734
1787415504.2333302,35920,44,LR,4.2898608072313085e-05
1787415515.9211602,35940,44,Loss/l_ce,0.01627659797668457
1787415515.9213407,35940,44,Loss/l_total,0.01627659797668457
1787415515.9213645,35940,44,LR,4.2898608072313085e-05
1787415526.0748947,35960,44,Loss/l_ce,0.022569656372070312
1787415526.0751534,35960,44,Loss/l_total,0.022569656372070312
1787415526.0751781,35960,44,LR,4.2898608072313085e-05
1787415542.122573,35980,44,Loss/l_ce,0.022014141082763672
1787415542.1227355,35980,44,Loss/l_total,0.022014141082763672
1787415542.1227605,35980,44,LR,4.2898608072313085e-05
1787415558.1562874,36000,44,Loss/l_ce,0.055054426193237305
1787415558.156475,36000,44,Loss/l_total,0.055054426193237305
1787415558.1564999,36000,44,LR,4.2898608072313085e-05
1787415572.1719985,36020,44,Loss/l_ce,0.03998756408691406
1787415572.1722062,36020,44,Loss/l_total,0.03998756408691406
1787415572.1722276,36020,44,LR,4.2898608072313085e-05
1787415583.576836,36040,44,Loss/l_ce,0.016191720962524414
1787415583.577083,36040,44,Loss/l_total,0.016191720962524414
1787415583.5773335,36040,44,LR,4.2898608072313085e-05
1787415597.1296055,36060,44,Loss/l_ce,0.049111127853393555
1787415597.1297743,36060,44,Loss/l_total,0.049111127853393555
1787415597.1297991,36060,44,LR,4.2898608072313085e-05
1787415611.242972,36080,44,Loss/l_ce,0.13515496253967285
1787415611.2431915,36080,44,Loss/l_total,0.13515496253967285
1787415611.2432222,36080,44,LR,4.2898608072313085e-05
1787415627.3930793,36100,44,Loss/l_ce,0.02278757095336914
1787415627.393249,36100,44,Loss/l_total,0.02278757095336914
1787415627.3932693,36100,44,LR,4.2898608072313085e-05
1787415642.6165526,36120,44,Loss/l_ce,0.022522449493408203
1787415642.616726,36120,44,Loss/l_total,0.022522449493408203
1787415642.6167486,36120,44,LR,4.2898608072313085e-05
1787415652.35162,36140,44,Loss/l_ce,0.029740571975708008
1787415652.3518097,36140,44,Loss/l_total,0.029740571975708008
1787415652.3518345,36140,44,LR,4.2898608072313085e-05
1787415659.004459,36160,44,Loss/l_ce,0.02700352668762207
1787415659.0046504,36160,44,Loss/l_total,0.02700352668762207
1787415659.0046728,36160,44,LR,4.2898608072313085e-05
1787415671.5269265,36180,44,Loss/l_ce,0.029756784439086914
1787415671.5271938,36180,44,Loss/l_total,0.029756784439086914
1787415671.5272186,36180,44,LR,4.2898608072313085e-05
1787415685.4928377,36200,44,Loss/l_ce,0.021144866943359375
1787415685.4930952,36200,44,Loss/l_total,0.021144866943359375
1787415685.4931262,36200,44,LR,4.2898608072313085e-05
1787415695.123693,36220,44,Loss/l_ce,0.2282712459564209
1787415695.1238663,36220,44,Loss/l_total,0.2282712459564209
1787415695.123895,36220,44,LR,4.2898608072313085e-05
1787415703.9815292,36240,44,Loss/l_ce,0.012601137161254883
1787415703.9817657,36240,44,Loss/l_total,0.012601137161254883
1787415703.9817894,36240,44,LR,4.2898608072313085e-05
1787415714.8354256,36260,44,Loss/l_ce,0.04184150695800781
1787415714.8356748,36260,44,Loss/l_total,0.04184150695800781
1787415714.8356986,36260,44,LR,4.2898608072313085e-05
1787415730.5313313,36280,44,Loss/l_ce,0.012427568435668945
1787415730.5315094,36280,44,Loss/l_total,0.012427568435668945
1787415730.531532,36280,44,LR,4.2898608072313085e-05
1787415745.7624056,36300,44,Loss/l_ce,0.03860831260681152
1787415745.7626204,36300,44,Loss/l_total,0.03860831260681152
1787415745.7626443,36300,44,LR,4.2898608072313085e-05
1787415759.7371213,36320,44,Loss/l_ce,0.013173818588256836
1787415759.7373672,36320,44,Loss/l_total,0.013173818588256836
1787415759.7373943,36320,44,LR,4.2898608072313085e-05
1787415774.1537657,36340,44,Loss/l_ce,0.004460573196411133
1787415774.1539483,36340,44,Loss/l_total,0.004460573196411133
1787415774.1539733,36340,44,LR,4.2898608072313085e-05
1787415788.0699973,36360,44,Loss/l_ce,0.013719558715820312
1787415788.0701826,36360,44,Loss/l_total,0.013719558715820312
1787415788.0702112,36360,44,LR,4.2898608072313085e-05
1787415803.999696,36380,44,Loss/l_ce,0.01383352279663086
1787415803.9999168,36380,44,Loss/l_total,0.01383352279663086
1787415803.9999478,36380,44,LR,4.2898608072313085e-05
1787415819.661735,36400,44,Loss/l_ce,0.013952255249023438
1787415819.6619465,36400,44,Loss/l_total,0.013952255249023438
1787415819.6619704,36400,44,LR,4.2898608072313085e-05
1787415837.1619406,36420,44,Loss/l_ce,0.050652265548706055
1787415837.1621435,36420,44,Loss/l_total,0.050652265548706055
1787415837.162166,36420,44,LR,4.2898608072313085e-05
1787415860.8193908,36440,44,Loss/l_ce,0.03812217712402344
1787415860.819622,36440,44,Loss/l_total,0.03812217712402344
1787415860.819665,36440,44,LR,4.2898608072313085e-05
1787415879.4624724,36460,44,Loss/l_ce,0.01763772964477539
1787415879.4626422,36460,44,Loss/l_total,0.01763772964477539
1787415879.462666,36460,44,LR,4.2898608072313085e-05
1787415892.6794918,36480,44,Loss/l_ce,0.018719911575317383
1787415892.6796916,36480,44,Loss/l_total,0.018719911575317383
1787415892.679721,36480,44,LR,4.2898608072313085e-05
1787415912.04119,36500,44,Loss/l_ce,0.019320011138916016
1787415912.041387,36500,44,Loss/l_total,0.019320011138916016
1787415912.0414145,36500,44,LR,4.2898608072313085e-05
1787415928.9921277,36520,44,Loss/l_ce,0.01897907257080078
1787415928.992293,36520,44,Loss/l_total,0.01897907257080078
1787415928.9923177,36520,44,LR,4.2898608072313085e-05
1787415946.6178262,36540,44,Loss/l_ce,0.01617288589477539
1787415946.6180222,36540,44,Loss/l_total,0.01617288589477539
1787415946.6180947,36540,44,LR,4.2898608072313085e-05
1787416042.7259572,36540,44,Val/avg_error,0.11956842988729477
1787416042.726324,36540,44,Val/acc,0.442724609375
1787416042.7263489,36540,44,Val/sparse_auc,0.6026285807291667
1787416042.7263668,36540,44,Val/sparse_pck_max,0.1
1787416042.7263834,36540,44,Val/sparse_pck_n,100.0
1787416061.7159326,36560,45,Loss/l_ce,0.07383847236633301
1787416061.7161462,36560,45,Loss/l_total,0.07383847236633301
1787416061.7161722,36560,45,LR,4.10942352531274e-05
1787416079.922326,36580,45,Loss/l_ce,0.02278280258178711
1787416079.9225433,36580,45,Loss/l_total,0.02278280258178711
1787416079.922567,36580,45,LR,4.10942352531274e-05
1787416096.66578,36600,45,Loss/l_ce,0.02152109146118164
1787416096.6659653,36600,45,Loss/l_total,0.02152109146118164
1787416096.6659987,36600,45,LR,4.10942352531274e-05
1787416111.2498868,36620,45,Loss/l_ce,0.019208908081054688
1787416111.2500825,36620,45,Loss/l_total,0.019208908081054688
1787416111.2501078,36620,45,LR,4.10942352531274e-05
1787416129.3309627,36640,45,Loss/l_ce,0.015091419219970703
1787416129.3311372,36640,45,Loss/l_total,0.015091419219970703
1787416129.3311625,36640,45,LR,4.10942352531274e-05
1787416142.380593,36660,45,Loss/l_ce,0.01315164566040039
1787416142.3807912,36660,45,Loss/l_total,0.01315164566040039
1787416142.3808162,36660,45,LR,4.10942352531274e-05
1787416160.2027571,36680,45,Loss/l_ce,0.037020206451416016
1787416160.202971,36680,45,Loss/l_total,0.037020206451416016
1787416160.202997,36680,45,LR,4.10942352531274e-05
1787416179.2515368,36700,45,Loss/l_ce,0.050879478454589844
1787416179.2517068,36700,45,Loss/l_total,0.050879478454589844
1787416179.2517304,36700,45,LR,4.10942352531274e-05
1787416192.4504566,36720,45,Loss/l_ce,0.04071855545043945
1787416192.4506204,36720,45,Loss/l_total,0.04071855545043945
1787416192.4506452,36720,45,LR,4.10942352531274e-05
1787416209.0515773,36740,45,Loss/l_ce,0.017101049423217773
1787416209.0517318,36740,45,Loss/l_total,0.017101049423217773
1787416209.0517569,36740,45,LR,4.10942352531274e-05
1787416222.8381376,36760,45,Loss/l_ce,0.013989448547363281
1787416222.838387,36760,45,Loss/l_total,0.013989448547363281
1787416222.8384109,36760,45,LR,4.10942352531274e-05
1787416242.8744001,36780,45,Loss/l_ce,0.014565706253051758
1787416242.8746307,36780,45,Loss/l_total,0.014565706253051758
1787416242.874659,36780,45,LR,4.10942352531274e-05
1787416258.9729855,36800,45,Loss/l_ce,0.04559922218322754
1787416258.9732432,36800,45,Loss/l_total,0.04559922218322754
1787416258.9732668,36800,45,LR,4.10942352531274e-05
1787416273.3224182,36820,45,Loss/l_ce,0.05094099044799805
1787416273.322582,36820,45,Loss/l_total,0.05094099044799805
1787416273.3226056,36820,45,LR,4.10942352531274e-05
1787416290.153861,36840,45,Loss/l_ce,0.013993263244628906
1787416290.154102,36840,45,Loss/l_total,0.013993263244628906
1787416290.154134,36840,45,LR,4.10942352531274e-05
1787416307.7228136,36860,45,Loss/l_ce,0.04772639274597168
1787416307.7230227,36860,45,Loss/l_total,0.04772639274597168
1787416307.7230737,36860,45,LR,4.10942352531274e-05
1787416323.3353322,36880,45,Loss/l_ce,0.03158903121948242
1787416323.3355517,36880,45,Loss/l_total,0.03158903121948242
1787416323.3355765,36880,45,LR,4.10942352531274e-05
1787416341.7250178,36900,45,Loss/l_ce,0.010198354721069336
1787416341.725252,36900,45,Loss/l_total,0.010198354721069336
1787416341.7252758,36900,45,LR,4.10942352531274e-05
1787416360.0779688,36920,45,Loss/l_ce,0.013362884521484375
1787416360.0782785,36920,45,Loss/l_total,0.013362884521484375
1787416360.0783155,36920,45,LR,4.10942352531274e-05
1787416376.8942053,36940,45,Loss/l_ce,0.02753162384033203
1787416376.8943694,36940,45,Loss/l_total,0.02753162384033203
1787416376.8943932,36940,45,LR,4.10942352531274e-05
1787416391.3038073,36960,45,Loss/l_ce,0.012201786041259766
1787416391.3039818,36960,45,Loss/l_total,0.012201786041259766
1787416391.3040044,36960,45,LR,4.10942352531274e-05
1787416405.0097122,36980,45,Loss/l_ce,0.01947784423828125
1787416405.0098653,36980,45,Loss/l_total,0.01947784423828125
1787416405.0099196,36980,45,LR,4.10942352531274e-05
1787416420.4752579,37000,45,Loss/l_ce,0.02655768394470215
1787416420.4754276,37000,45,Loss/l_total,0.02655768394470215
1787416420.4754515,37000,45,LR,4.10942352531274e-05
1787416437.4368975,37020,45,Loss/l_ce,0.012273788452148438
1787416437.4371278,37020,45,Loss/l_total,0.012273788452148438
1787416437.4371552,37020,45,LR,4.10942352531274e-05
1787416455.4048786,37040,45,Loss/l_ce,0.04476118087768555
1787416455.40509,37040,45,Loss/l_total,0.04476118087768555
1787416455.4051208,37040,45,LR,4.10942352531274e-05
1787416473.4104931,37060,45,Loss/l_ce,0.015078067779541016
1787416473.4106798,37060,45,Loss/l_total,0.015078067779541016
1787416473.4107082,37060,45,LR,4.10942352531274e-05
1787416491.321852,37080,45,Loss/l_ce,0.016306638717651367
1787416491.322005,37080,45,Loss/l_total,0.016306638717651367
1787416491.3220274,37080,45,LR,4.10942352531274e-05
1787416513.1546855,37100,45,Loss/l_ce,0.01791238784790039
1787416513.1548803,37100,45,Loss/l_total,0.01791238784790039
1787416513.154905,37100,45,LR,4.10942352531274e-05
1787416531.5527537,37120,45,Loss/l_ce,0.03455996513366699
1787416531.5529332,37120,45,Loss/l_total,0.03455996513366699
1787416531.5529568,37120,45,LR,4.10942352531274e-05
1787416552.7443554,37140,45,Loss/l_ce,0.01981639862060547
1787416552.744532,37140,45,Loss/l_total,0.01981639862060547
1787416552.7445607,37140,45,LR,4.10942352531274e-05
1787416572.207734,37160,45,Loss/l_ce,0.05002593994140625
1787416572.2079263,37160,45,Loss/l_total,0.05002593994140625
1787416572.2079527,37160,45,LR,4.10942352531274e-05
1787416589.3660073,37180,45,Loss/l_ce,0.013209819793701172
1787416589.366202,37180,45,Loss/l_total,0.013209819793701172
1787416589.3662295,37180,45,LR,4.10942352531274e-05
1787416606.5370667,37200,45,Loss/l_ce,0.014833927154541016
1787416606.5372555,37200,45,Loss/l_total,0.014833927154541016
1787416606.5372815,37200,45,LR,4.10942352531274e-05
1787416625.5067172,37220,45,Loss/l_ce,0.03408074378967285
1787416625.5069225,37220,45,Loss/l_total,0.03408074378967285
1787416625.5069606,37220,45,LR,4.10942352531274e-05
1787416642.371735,37240,45,Loss/l_ce,0.030791759490966797
1787416642.3718944,37240,45,Loss/l_total,0.030791759490966797
1787416642.3719168,37240,45,LR,4.10942352531274e-05
1787416661.505357,37260,45,Loss/l_ce,0.02627110481262207
1787416661.5055223,37260,45,Loss/l_total,0.02627110481262207
1787416661.5055506,37260,45,LR,4.10942352531274e-05
1787416684.4483445,37280,45,Loss/l_ce,0.013782978057861328
1787416684.448525,37280,45,Loss/l_total,0.013782978057861328
1787416684.4485476,37280,45,LR,4.10942352531274e-05
1787416703.0342722,37300,45,Loss/l_ce,0.019559144973754883
1787416703.0344586,37300,45,Loss/l_total,0.019559144973754883
1787416703.0344815,37300,45,LR,4.10942352531274e-05
1787416723.3459127,37320,45,Loss/l_ce,0.03525543212890625
1787416723.3460953,37320,45,Loss/l_total,0.03525543212890625
1787416723.34612,37320,45,LR,4.10942352531274e-05
1787416740.4473956,37340,45,Loss/l_ce,0.005652427673339844
1787416740.4475691,37340,45,Loss/l_total,0.005652427673339844
1787416740.4475954,37340,45,LR,4.10942352531274e-05
1787416824.2423558,37352,45,Val/avg_error,0.123703733086586
1787416824.24275,37352,45,Val/acc,0.42392578125
1787416824.2427762,37352,45,Val/sparse_auc,0.5916878748421717
1787416824.242801,37352,45,Val/sparse_pck_max,0.1
1787416824.2428212,37352,45,Val/sparse_pck_n,100.0
1787416831.6907072,37360,46,Loss/l_ce,0.08253788948059082
1787416831.6908937,37360,46,Loss/l_total,0.08253788948059082
1787416831.690921,37360,46,LR,3.931425787051835e-05
1787416841.946443,37380,46,Loss/l_ce,0.018753767013549805
1787416841.9466438,37380,46,Loss/l_total,0.018753767013549805
1787416841.9466686,37380,46,LR,3.931425787051835e-05
1787416856.110681,37400,46,Loss/l_ce,0.0633702278137207
1787416856.1109066,37400,46,Loss/l_total,0.0633702278137207
1787416856.1109314,37400,46,LR,3.931425787051835e-05
1787416874.860353,37420,46,Loss/l_ce,0.0193784236907959
1787416874.861082,37420,46,Loss/l_total,0.0193784236907959
1787416874.8611083,37420,46,LR,3.931425787051835e-05
1787416885.6054556,37440,46,Loss/l_ce,0.013007164001464844
1787416885.6056516,37440,46,Loss/l_total,0.013007164001464844
1787416885.6056752,37440,46,LR,3.931425787051835e-05
1787416890.4236805,37460,46,Loss/l_ce,0.0475156307220459
1787416890.42386,37460,46,Loss/l_total,0.0475156307220459
1787416890.4238834,37460,46,LR,3.931425787051835e-05
1787416897.2164137,37480,46,Loss/l_ce,0.04249072074890137
1787416897.2165942,37480,46,Loss/l_total,0.04249072074890137
1787416897.216618,37480,46,LR,3.931425787051835e-05
1787416903.157887,37500,46,Loss/l_ce,0.016237258911132812
1787416903.1580899,37500,46,Loss/l_total,0.016237258911132812
1787416903.1581137,37500,46,LR,3.931425787051835e-05
1787416908.6448734,37520,46,Loss/l_ce,0.010737180709838867
1787416908.6451015,37520,46,Loss/l_total,0.010737180709838867
1787416908.6451335,37520,46,LR,3.931425787051835e-05
1787416913.5167835,37540,46,Loss/l_ce,0.038291215896606445
1787416913.5169697,37540,46,Loss/l_total,0.038291215896606445
1787416913.5169933,37540,46,LR,3.931425787051835e-05
1787416919.241824,37560,46,Loss/l_ce,0.015831947326660156
1787416919.2420235,37560,46,Loss/l_total,0.015831947326660156
1787416919.2420783,37560,46,LR,3.931425787051835e-05
1787416924.6255252,37580,46,Loss/l_ce,0.014494895935058594
1787416924.6257105,37580,46,Loss/l_total,0.014494895935058594
1787416924.6257355,37580,46,LR,3.931425787051835e-05
1787416930.601728,37600,46,Loss/l_ce,0.016022443771362305
1787416930.6019347,37600,46,Loss/l_total,0.016022443771362305
1787416930.6019633,37600,46,LR,3.931425787051835e-05
1787416936.8865616,37620,46,Loss/l_ce,0.013442754745483398
1787416936.8867397,37620,46,Loss/l_total,0.013442754745483398
1787416936.8867621,37620,46,LR,3.931425787051835e-05
1787416942.909138,37640,46,Loss/l_ce,0.01594066619873047
1787416942.909328,37640,46,Loss/l_total,0.01594066619873047
1787416942.9093504,37640,46,LR,3.931425787051835e-05
1787416952.5294297,37660,46,Loss/l_ce,0.13698244094848633
1787416952.529646,37660,46,Loss/l_total,0.13698244094848633
1787416952.5296743,37660,46,LR,3.931425787051835e-05
1787416966.0991452,37680,46,Loss/l_ce,0.018828868865966797
1787416966.0993695,37680,46,Loss/l_total,0.018828868865966797
1787416966.0993934,37680,46,LR,3.931425787051835e-05
1787416982.2741492,37700,46,Loss/l_ce,0.015302896499633789
1787416982.2743914,37700,46,Loss/l_total,0.015302896499633789
1787416982.2744174,37700,46,LR,3.931425787051835e-05
1787417005.4695654,37720,46,Loss/l_ce,0.013961315155029297
1787417005.4698765,37720,46,Loss/l_total,0.013961315155029297
1787417005.4699132,37720,46,LR,3.931425787051835e-05
1787417025.4425273,37740,46,Loss/l_ce,0.01680922508239746
1787417025.442729,37740,46,Loss/l_total,0.01680922508239746
1787417025.4427564,37740,46,LR,3.931425787051835e-05
1787417036.9438522,37760,46,Loss/l_ce,0.026082992553710938
1787417036.9440186,37760,46,Loss/l_total,0.026082992553710938
1787417036.9440756,37760,46,LR,3.931425787051835e-05
1787417043.450383,37780,46,Loss/l_ce,0.017315387725830078
1787417043.450544,37780,46,Loss/l_total,0.017315387725830078
1787417043.4505668,37780,46,LR,3.931425787051835e-05
1787417051.9139493,37800,46,Loss/l_ce,0.025425434112548828
1787417051.9141617,37800,46,Loss/l_total,0.025425434112548828
1787417051.9141865,37800,46,LR,3.931425787051835e-05
1787417067.4821916,37820,46,Loss/l_ce,0.014172077178955078
1787417067.482466,37820,46,Loss/l_total,0.014172077178955078
1787417067.4824908,37820,46,LR,3.931425787051835e-05
1787417077.526174,37840,46,Loss/l_ce,0.021728992462158203
1787417077.5264173,37840,46,Loss/l_total,0.021728992462158203
1787417077.5264444,37840,46,LR,3.931425787051835e-05
1787417087.8345623,37860,46,Loss/l_ce,0.014174222946166992
1787417087.8348544,37860,46,Loss/l_total,0.014174222946166992
1787417087.8348756,37860,46,LR,3.931425787051835e-05
1787417097.824793,37880,46,Loss/l_ce,0.016329050064086914
1787417097.8249655,37880,46,Loss/l_total,0.016329050064086914
1787417097.8252122,37880,46,LR,3.931425787051835e-05
1787417105.2293274,37900,46,Loss/l_ce,0.05231332778930664
1787417105.2294862,37900,46,Loss/l_total,0.05231332778930664
1787417105.2295065,37900,46,LR,3.931425787051835e-05
1787417115.3361757,37920,46,Loss/l_ce,0.0152740478515625
1787417115.3363526,37920,46,Loss/l_total,0.0152740478515625
1787417115.3363738,37920,46,LR,3.931425787051835e-05
1787417125.275469,37940,46,Loss/l_ce,0.029397249221801758
1787417125.2757018,37940,46,Loss/l_total,0.029397249221801758
1787417125.2757254,37940,46,LR,3.931425787051835e-05
1787417136.2188272,37960,46,Loss/l_ce,0.017222166061401367
1787417136.2190077,37960,46,Loss/l_total,0.017222166061401367
1787417136.219053,37960,46,LR,3.931425787051835e-05
1787417148.339804,37980,46,Loss/l_ce,0.023876428604125977
1787417148.3401055,37980,46,Loss/l_total,0.023876428604125977
1787417148.340133,37980,46,LR,3.931425787051835e-05
1787417158.4407442,38000,46,Loss/l_ce,0.012970924377441406
1787417158.440895,38000,46,Loss/l_total,0.012970924377441406
1787417158.4409177,38000,46,LR,3.931425787051835e-05
1787417167.3757741,38020,46,Loss/l_ce,0.011616230010986328
1787417167.375937,38020,46,Loss/l_total,0.011616230010986328
1787417167.3759582,38020,46,LR,3.931425787051835e-05
1787417179.0070052,38040,46,Loss/l_ce,0.028351306915283203
1787417179.0072618,38040,46,Loss/l_total,0.028351306915283203
1787417179.0072865,38040,46,LR,3.931425787051835e-05
1787417193.2603517,38060,46,Loss/l_ce,0.012282848358154297
1787417193.2605999,38060,46,Loss/l_total,0.012282848358154297
1787417193.260625,38060,46,LR,3.931425787051835e-05
1787417205.8386135,38080,46,Loss/l_ce,0.030842304229736328
1787417205.8388247,38080,46,Loss/l_total,0.030842304229736328
1787417205.8388486,38080,46,LR,3.931425787051835e-05
1787417215.1950257,38100,46,Loss/l_ce,0.018956422805786133
1787417215.1952524,38100,46,Loss/l_total,0.018956422805786133
1787417215.1952786,38100,46,LR,3.931425787051835e-05
1787417228.524951,38120,46,Loss/l_ce,0.07242488861083984
1787417228.5252323,38120,46,Loss/l_total,0.07242488861083984
1787417228.5252607,38120,46,LR,3.931425787051835e-05
1787417240.0549836,38140,46,Loss/l_ce,0.013965368270874023
1787417240.0551605,38140,46,Loss/l_total,0.013965368270874023
1787417240.0551832,38140,46,LR,3.931425787051835e-05
1787417249.490743,38160,46,Loss/l_ce,0.0129241943359375
1787417249.4909034,38160,46,Loss/l_total,0.0129241943359375
1787417249.4909248,38160,46,LR,3.931425787051835e-05
1787417317.8808854,38164,46,Val/avg_error,0.12318845838308334
1787417317.8812213,38164,46,Val/acc,0.431884765625
1787417317.8812475,38164,46,Val/sparse_auc,0.591692560369318
1787417317.8812664,38164,46,Val/sparse_pck_max,0.1
1787417317.8815396,38164,46,Val/sparse_pck_n,100.0
1787417333.6726968,38180,47,Loss/l_ce,0.012352466583251953
1787417333.6728868,38180,47,Loss/l_total,0.012352466583251953
1787417333.6729093,38180,47,LR,3.75617986096554e-05
1787417346.406708,38200,47,Loss/l_ce,0.012245416641235352
1787417346.4068637,38200,47,Loss/l_total,0.012245416641235352
1787417346.4068897,38200,47,LR,3.75617986096554e-05
1787417357.0158553,38220,47,Loss/l_ce,0.011873245239257812
1787417357.0161614,38220,47,Loss/l_total,0.011873245239257812
1787417357.0161877,38220,47,LR,3.75617986096554e-05
1787417367.99467,38240,47,Loss/l_ce,0.04254722595214844
1787417367.994862,38240,47,Loss/l_total,0.04254722595214844
1787417367.994886,38240,47,LR,3.75617986096554e-05
1787417380.553855,38260,47,Loss/l_ce,0.016705989837646484
1787417380.554153,38260,47,Loss/l_total,0.016705989837646484
1787417380.5541778,38260,47,LR,3.75617986096554e-05
1787417394.0280046,38280,47,Loss/l_ce,0.012720346450805664
1787417394.0282657,38280,47,Loss/l_total,0.012720346450805664
1787417394.0282896,38280,47,LR,3.75617986096554e-05
1787417407.0027187,38300,47,Loss/l_ce,0.22986292839050293
1787417407.0029361,38300,47,Loss/l_total,0.22986292839050293
1787417407.002962,38300,47,LR,3.75617986096554e-05
1787417415.016595,38320,47,Loss/l_ce,0.013496637344360352
1787417415.0167599,38320,47,Loss/l_total,0.013496637344360352
1787417415.0168846,38320,47,LR,3.75617986096554e-05
1787417428.2735665,38340,47,Loss/l_ce,0.01172494888305664
1787417428.2737741,38340,47,Loss/l_total,0.01172494888305664
1787417428.273798,38340,47,LR,3.75617986096554e-05
1787417444.3405898,38360,47,Loss/l_ce,0.02227950096130371
1787417444.3407478,38360,47,Loss/l_total,0.02227950096130371
1787417444.3407738,38360,47,LR,3.75617986096554e-05
1787417455.6601608,38380,47,Loss/l_ce,0.020262956619262695
1787417455.6603496,38380,47,Loss/l_total,0.020262956619262695
1787417455.6603746,38380,47,LR,3.75617986096554e-05
1787417470.5368953,38400,47,Loss/l_ce,0.017965316772460938
1787417470.5371041,38400,47,Loss/l_total,0.017965316772460938
1787417470.537128,38400,47,LR,3.75617986096554e-05
1787417483.198784,38420,47,Loss/l_ce,0.016475439071655273
1787417483.1990001,38420,47,Loss/l_total,0.016475439071655273
1787417483.199025,38420,47,LR,3.75617986096554e-05
1787417493.1529539,38440,47,Loss/l_ce,0.024776458740234375
1787417493.1531568,38440,47,Loss/l_total,0.024776458740234375
1787417493.1531806,38440,47,LR,3.75617986096554e-05
1787417505.4512815,38460,47,Loss/l_ce,0.13449835777282715
1787417505.4514763,38460,47,Loss/l_total,0.13449835777282715
1787417505.451505,38460,47,LR,3.75617986096554e-05
1787417518.344763,38480,47,Loss/l_ce,0.01792430877685547
1787417518.3449237,38480,47,Loss/l_total,0.01792430877685547
1787417518.3449497,38480,47,LR,3.75617986096554e-05
1787417533.8525186,38500,47,Loss/l_ce,0.01331472396850586
1787417533.8527856,38500,47,Loss/l_total,0.01331472396850586
1787417533.852813,38500,47,LR,3.75617986096554e-05
1787417545.616736,38520,47,Loss/l_ce,0.03865242004394531
1787417545.6169102,38520,47,Loss/l_total,0.03865242004394531
1787417545.616933,38520,47,LR,3.75617986096554e-05
1787417559.6554346,38540,47,Loss/l_ce,0.043178558349609375
1787417559.6557004,38540,47,Loss/l_total,0.043178558349609375
1787417559.6557276,38540,47,LR,3.75617986096554e-05
1787417573.224253,38560,47,Loss/l_ce,0.019538164138793945
1787417573.2244358,38560,47,Loss/l_total,0.019538164138793945
1787417573.2244608,38560,47,LR,3.75617986096554e-05
1787417584.5562906,38580,47,Loss/l_ce,0.04246783256530762
1787417584.5564961,38580,47,Loss/l_total,0.04246783256530762
1787417584.5565186,38580,47,LR,3.75617986096554e-05
1787417595.4304068,38600,47,Loss/l_ce,0.014596700668334961
1787417595.4305942,38600,47,Loss/l_total,0.014596700668334961
1787417595.430618,38600,47,LR,3.75617986096554e-05
1787417606.884311,38620,47,Loss/l_ce,0.048065185546875
1787417606.8847644,38620,47,Loss/l_total,0.048065185546875
1787417606.8848917,38620,47,LR,3.75617986096554e-05
1787417617.0106983,38640,47,Loss/l_ce,0.011960983276367188
1787417617.0108907,38640,47,Loss/l_total,0.011960983276367188
1787417617.0109134,38640,47,LR,3.75617986096554e-05
1787417625.7873096,38660,47,Loss/l_ce,0.01371002197265625
1787417625.7874734,38660,47,Loss/l_total,0.01371002197265625
1787417625.7874994,38660,47,LR,3.75617986096554e-05
1787417635.3021724,38680,47,Loss/l_ce,0.023518085479736328
1787417635.3023813,38680,47,Loss/l_total,0.023518085479736328
1787417635.302405,38680,47,LR,3.75617986096554e-05
1787417645.6895869,38700,47,Loss/l_ce,0.012416601181030273
1787417645.6898232,38700,47,Loss/l_total,0.012416601181030273
1787417645.6898484,38700,47,LR,3.75617986096554e-05
1787417657.5640116,38720,47,Loss/l_ce,0.02573394775390625
1787417657.5641897,38720,47,Loss/l_total,0.02573394775390625
1787417657.5642135,38720,47,LR,3.75617986096554e-05
1787417667.353937,38740,47,Loss/l_ce,0.01326441764831543
1787417667.354153,38740,47,Loss/l_total,0.01326441764831543
1787417667.3541813,38740,47,LR,3.75617986096554e-05
1787417676.9207332,38760,47,Loss/l_ce,0.041335344314575195
1787417676.92096,38760,47,Loss/l_total,0.041335344314575195
1787417676.9209838,38760,47,LR,3.75617986096554e-05
1787417685.215582,38780,47,Loss/l_ce,0.016199588775634766
1787417685.215771,38780,47,Loss/l_total,0.016199588775634766
1787417685.2157948,38780,47,LR,3.75617986096554e-05
1787417691.2785678,38800,47,Loss/l_ce,0.0995931625366211
1787417691.2787483,38800,47,Loss/l_total,0.0995931625366211
1787417691.2787695,38800,47,LR,3.75617986096554e-05
1787417698.9311705,38820,47,Loss/l_ce,0.008922815322875977
1787417698.93137,38820,47,Loss/l_total,0.008922815322875977
1787417698.9313927,38820,47,LR,3.75617986096554e-05
1787417709.109088,38840,47,Loss/l_ce,0.03928232192993164
1787417709.1092768,38840,47,Loss/l_total,0.03928232192993164
1787417709.1093078,38840,47,LR,3.75617986096554e-05
1787417716.9101102,38860,47,Loss/l_ce,0.050360679626464844
1787417716.910344,38860,47,Loss/l_total,0.050360679626464844
1787417716.9103713,38860,47,LR,3.75617986096554e-05
1787417723.3899438,38880,47,Loss/l_ce,0.06385421752929688
1787417723.3901944,38880,47,Loss/l_total,0.06385421752929688
1787417723.3902206,38880,47,LR,3.75617986096554e-05
1787417732.3807006,38900,47,Loss/l_ce,0.01762676239013672
1787417732.3809109,38900,47,Loss/l_total,0.01762676239013672
1787417732.3809345,38900,47,LR,3.75617986096554e-05
1787417737.5388982,38920,47,Loss/l_ce,0.013340234756469727
1787417737.5391295,38920,47,Loss/l_total,0.013340234756469727
1787417737.5391548,38920,47,LR,3.75617986096554e-05
1787417744.4898942,38940,47,Loss/l_ce,0.05648231506347656
1787417744.490097,38940,47,Loss/l_total,0.05648231506347656
1787417744.4901245,38940,47,LR,3.75617986096554e-05
1787417750.450372,38960,47,Loss/l_ce,0.017401933670043945
1787417750.4505963,38960,47,Loss/l_total,0.017401933670043945
1787417750.4506202,38960,47,LR,3.75617986096554e-05
1787417814.153271,38976,47,Val/avg_error,0.12372227013111115
1787417814.153575,38976,47,Val/acc,0.428271484375
1787417814.1536024,38976,47,Val/sparse_auc,0.5924718375157828
1787417814.15362,38976,47,Val/sparse_pck_max,0.1
1787417814.153638,38976,47,Val/sparse_pck_n,100.0
1787417816.9258897,38980,48,Loss/l_ce,0.02639293670654297
1787417816.9261699,38980,48,Loss/l_total,0.02639293670654297
1787417816.9261994,38980,48,LR,3.583993187957176e-05
1787417825.1414602,39000,48,Loss/l_ce,0.01360177993774414
1787417825.1416762,39000,48,Loss/l_total,0.01360177993774414
1787417825.141705,39000,48,LR,3.583993187957176e-05
1787417835.7007859,39020,48,Loss/l_ce,0.0169985294342041
1787417835.7009783,39020,48,Loss/l_total,0.0169985294342041
1787417835.7009974,39020,48,LR,3.583993187957176e-05
1787417847.9234862,39040,48,Loss/l_ce,0.006103038787841797
1787417847.923833,39040,48,Loss/l_total,0.006103038787841797
1787417847.9238567,39040,48,LR,3.583993187957176e-05
1787417861.1021578,39060,48,Loss/l_ce,0.015396833419799805
1787417861.1023726,39060,48,Loss/l_total,0.015396833419799805
1787417861.102395,39060,48,LR,3.583993187957176e-05
1787417868.1442716,39080,48,Loss/l_ce,0.029266834259033203
1787417868.144496,39080,48,Loss/l_total,0.029266834259033203
1787417868.1445184,39080,48,LR,3.583993187957176e-05
1787417877.059382,39100,48,Loss/l_ce,0.040276527404785156
1787417877.0595436,39100,48,Loss/l_total,0.040276527404785156
1787417877.0595636,39100,48,LR,3.583993187957176e-05
1787417884.538287,39120,48,Loss/l_ce,0.014069080352783203
1787417884.5385005,39120,48,Loss/l_total,0.014069080352783203
1787417884.5385244,39120,48,LR,3.583993187957176e-05
1787417891.443451,39140,48,Loss/l_ce,0.011861324310302734
1787417891.4436147,39140,48,Loss/l_total,0.011861324310302734
1787417891.4436371,39140,48,LR,3.583993187957176e-05
1787417899.52233,39160,48,Loss/l_ce,0.013707876205444336
1787417899.522577,39160,48,Loss/l_total,0.013707876205444336
1787417899.522601,39160,48,LR,3.583993187957176e-05
1787417906.6240048,39180,48,Loss/l_ce,0.0293118953704834
1787417906.6241806,39180,48,Loss/l_total,0.0293118953704834
1787417906.6242044,39180,48,LR,3.583993187957176e-05
1787417914.717399,39200,48,Loss/l_ce,0.05172371864318848
1787417914.7176197,39200,48,Loss/l_total,0.05172371864318848
1787417914.7176445,39200,48,LR,3.583993187957176e-05
1787417925.5896106,39220,48,Loss/l_ce,0.014564752578735352
1787417925.5898018,39220,48,Loss/l_total,0.014564752578735352
1787417925.589923,39220,48,LR,3.583993187957176e-05
1787417937.9347093,39240,48,Loss/l_ce,0.011106014251708984
1787417937.9349136,39240,48,Loss/l_total,0.011106014251708984
1787417937.9349313,39240,48,LR,3.583993187957176e-05
1787417951.521768,39260,48,Loss/l_ce,0.01501011848449707
1787417951.5219984,39260,48,Loss/l_total,0.01501011848449707
1787417951.5220208,39260,48,LR,3.583993187957176e-05
1787417961.462125,39280,48,Loss/l_ce,0.014269828796386719
1787417961.4623208,39280,48,Loss/l_total,0.014269828796386719
1787417961.4623435,39280,48,LR,3.583993187957176e-05
1787417970.2889826,39300,48,Loss/l_ce,0.024889469146728516
1787417970.2892258,39300,48,Loss/l_total,0.024889469146728516
1787417970.2892544,39300,48,LR,3.583993187957176e-05
1787417977.7493727,39320,48,Loss/l_ce,0.03415060043334961
1787417977.749564,39320,48,Loss/l_total,0.03415060043334961
1787417977.7495875,39320,48,LR,3.583993187957176e-05
1787417987.2376869,39340,48,Loss/l_ce,0.010887384414672852
1787417987.237848,39340,48,Loss/l_total,0.010887384414672852
1787417987.2378683,39340,48,LR,3.583993187957176e-05
1787417998.0913591,39360,48,Loss/l_ce,0.016498088836669922
1787417998.0915623,39360,48,Loss/l_total,0.016498088836669922
1787417998.0915825,39360,48,LR,3.583993187957176e-05
1787418007.8078218,39380,48,Loss/l_ce,0.01830601692199707
1787418007.8079977,39380,48,Loss/l_total,0.01830601692199707
1787418007.808019,39380,48,LR,3.583993187957176e-05
1787418015.8469243,39400,48,Loss/l_ce,0.01174616813659668
1787418015.8471308,39400,48,Loss/l_total,0.01174616813659668
1787418015.8471534,39400,48,LR,3.583993187957176e-05
1787418025.44623,39420,48,Loss/l_ce,0.03271055221557617
1787418025.4464378,39420,48,Loss/l_total,0.03271055221557617
1787418025.4464593,39420,48,LR,3.583993187957176e-05
1787418033.3530924,39440,48,Loss/l_ce,0.0260009765625
1787418033.3532512,39440,48,Loss/l_total,0.0260009765625
1787418033.353273,39440,48,LR,3.583993187957176e-05
1787418043.9501143,39460,48,Loss/l_ce,0.015065193176269531
1787418043.9502804,39460,48,Loss/l_total,0.015065193176269531
1787418043.950302,39460,48,LR,3.583993187957176e-05
1787418055.657695,39480,48,Loss/l_ce,0.013051509857177734
1787418055.657897,39480,48,Loss/l_total,0.013051509857177734
1787418055.6579158,39480,48,LR,3.583993187957176e-05
1787418064.250686,39500,48,Loss/l_ce,0.013615608215332031
1787418064.2508998,39500,48,Loss/l_total,0.013615608215332031
1787418064.2509236,39500,48,LR,3.583993187957176e-05
1787418073.1275427,39520,48,Loss/l_ce,0.013927936553955078
1787418073.12774,39520,48,Loss/l_total,0.013927936553955078
1787418073.1277637,39520,48,LR,3.583993187957176e-05
1787418082.204947,39540,48,Loss/l_ce,0.014706611633300781
1787418082.2051406,39540,48,Loss/l_total,0.014706611633300781
1787418082.2051654,39540,48,LR,3.583993187957176e-05
1787418091.0937152,39560,48,Loss/l_ce,0.03946638107299805
1787418091.0939183,39560,48,Loss/l_total,0.03946638107299805
1787418091.0939443,39560,48,LR,3.583993187957176e-05
1787418100.2223542,39580,48,Loss/l_ce,0.046434879302978516
1787418100.22253,39580,48,Loss/l_total,0.046434879302978516
1787418100.2225513,39580,48,LR,3.583993187957176e-05
1787418110.4156094,39600,48,Loss/l_ce,0.031826019287109375
1787418110.4158053,39600,48,Loss/l_total,0.031826019287109375
1787418110.415829,39600,48,LR,3.583993187957176e-05
1787418121.1581373,39620,48,Loss/l_ce,0.005455732345581055
1787418121.1583512,39620,48,Loss/l_total,0.005455732345581055
1787418121.1584592,39620,48,LR,3.583993187957176e-05
1787418132.124905,39640,48,Loss/l_ce,0.020618438720703125
1787418132.1250916,39640,48,Loss/l_total,0.020618438720703125
1787418132.1251178,39640,48,LR,3.583993187957176e-05
1787418143.1067414,39660,48,Loss/l_ce,0.013459205627441406
1787418143.1069148,39660,48,Loss/l_total,0.013459205627441406
1787418143.106941,39660,48,LR,3.583993187957176e-05
1787418151.026489,39680,48,Loss/l_ce,0.012816905975341797
1787418151.0266612,39680,48,Loss/l_total,0.012816905975341797
1787418151.0266838,39680,48,LR,3.583993187957176e-05
1787418159.619477,39700,48,Loss/l_ce,0.018582582473754883
1787418159.619763,39700,48,Loss/l_total,0.018582582473754883
1787418159.6197844,39700,48,LR,3.583993187957176e-05
1787418170.857087,39720,48,Loss/l_ce,0.07117247581481934
1787418170.8572485,39720,48,Loss/l_total,0.07117247581481934
1787418170.85727,39720,48,LR,3.583993187957176e-05
1787418180.2531972,39740,48,Loss/l_ce,0.04896807670593262
1787418180.2533598,39740,48,Loss/l_total,0.04896807670593262
1787418180.2533836,39740,48,LR,3.583993187957176e-05
1787418190.2371292,39760,48,Loss/l_ce,0.024437665939331055
1787418190.2372823,39760,48,Loss/l_total,0.024437665939331055
1787418190.2373002,39760,48,LR,3.583993187957176e-05
1787418199.5447,39780,48,Loss/l_ce,0.016450166702270508
1787418199.5448744,39780,48,Loss/l_total,0.016450166702270508
1787418199.544897,39780,48,LR,3.583993187957176e-05
1787418255.2459507,39788,48,Val/avg_error,0.12065635621547699
1787418255.2462928,39788,48,Val/acc,0.437255859375
1787418255.2463176,39788,48,Val/sparse_auc,0.5997778073705807
1787418255.2463355,39788,48,Val/sparse_pck_max,0.1
1787418255.2463555,39788,48,Val/sparse_pck_n,100.0
1787418262.0247872,39800,49,Loss/l_ce,0.011690139770507812
1787418262.0249987,39800,49,Loss/l_total,0.011690139770507812
1787418262.0250225,39800,49,LR,3.415167841960626e-05
1787418270.1830926,39820,49,Loss/l_ce,0.025904178619384766
1787418270.1833098,39820,49,Loss/l_total,0.025904178619384766
1787418270.183337,39820,49,LR,3.415167841960626e-05
1787418279.8489196,39840,49,Loss/l_ce,0.025153160095214844
1787418279.8491178,39840,49,Loss/l_total,0.025153160095214844
1787418279.8491428,39840,49,LR,3.415167841960626e-05
1787418293.482444,39860,49,Loss/l_ce,0.015891075134277344
1787418293.482627,39860,49,Loss/l_total,0.015891075134277344
1787418293.4827244,39860,49,LR,3.415167841960626e-05
1787418307.2388551,39880,49,Loss/l_ce,0.015834569931030273
1787418307.2390585,39880,49,Loss/l_total,0.015834569931030273
1787418307.2390833,39880,49,LR,3.415167841960626e-05
1787418316.3572416,39900,49,Loss/l_ce,0.02921605110168457
1787418316.3574207,39900,49,Loss/l_total,0.02921605110168457
1787418316.357441,39900,49,LR,3.415167841960626e-05
1787418327.0311427,39920,49,Loss/l_ce,0.03799557685852051
1787418327.0313375,39920,49,Loss/l_total,0.03799557685852051
1787418327.0313613,39920,49,LR,3.415167841960626e-05
1787418334.0876153,39940,49,Loss/l_ce,0.05144834518432617
1787418334.0877934,39940,49,Loss/l_total,0.05144834518432617
1787418334.0878196,39940,49,LR,3.415167841960626e-05
1787418342.349492,39960,49,Loss/l_ce,0.04062938690185547
1787418342.3496509,39960,49,Loss/l_total,0.04062938690185547
1787418342.3496735,39960,49,LR,3.415167841960626e-05
1787418356.9677792,39980,49,Loss/l_ce,0.011341571807861328
1787418356.967983,39980,49,Loss/l_total,0.011341571807861328
1787418356.9680057,39980,49,LR,3.415167841960626e-05
1787418366.1006167,40000,49,Loss/l_ce,0.014841318130493164
1787418366.100816,40000,49,Loss/l_total,0.014841318130493164
1787418366.100839,40000,49,LR,3.415167841960626e-05
1787418377.163407,40020,49,Loss/l_ce,0.021567344665527344
1787418377.163572,40020,49,Loss/l_total,0.021567344665527344
1787418377.1635945,40020,49,LR,3.415167841960626e-05
1787418385.6579208,40040,49,Loss/l_ce,0.013695240020751953
1787418385.6581428,40040,49,Loss/l_total,0.013695240020751953
1787418385.6581666,40040,49,LR,3.415167841960626e-05
1787418393.029525,40060,49,Loss/l_ce,0.022670745849609375
1787418393.0297542,40060,49,Loss/l_total,0.022670745849609375
1787418393.029779,40060,49,LR,3.415167841960626e-05
1787418402.3164816,40080,49,Loss/l_ce,0.024454116821289062
1787418402.3166773,40080,49,Loss/l_total,0.024454116821289062
1787418402.3167012,40080,49,LR,3.415167841960626e-05
1787418414.2492242,40100,49,Loss/l_ce,0.026263952255249023
1787418414.249452,40100,49,Loss/l_total,0.026263952255249023
1787418414.249477,40100,49,LR,3.415167841960626e-05
1787418426.5578744,40120,49,Loss/l_ce,0.008746147155761719
1787418426.558126,40120,49,Loss/l_total,0.008746147155761719
1787418426.5581496,40120,49,LR,3.415167841960626e-05
1787418438.3462603,40140,49,Loss/l_ce,0.04324507713317871
1787418438.3464444,40140,49,Loss/l_total,0.04324507713317871
1787418438.3464656,40140,49,LR,3.415167841960626e-05
1787418445.0970817,40160,49,Loss/l_ce,0.01416778564453125
1787418445.097294,40160,49,Loss/l_total,0.01416778564453125
1787418445.0973155,40160,49,LR,3.415167841960626e-05
1787418455.8134668,40180,49,Loss/l_ce,0.01662921905517578
1787418455.8136473,40180,49,Loss/l_total,0.01662921905517578
1787418455.813669,40180,49,LR,3.415167841960626e-05
1787418463.4259944,40200,49,Loss/l_ce,0.017702102661132812
1787418463.4262059,40200,49,Loss/l_total,0.017702102661132812
1787418463.4262307,40200,49,LR,3.415167841960626e-05
1787418475.221644,40220,49,Loss/l_ce,0.024863243103027344
1787418475.2218375,40220,49,Loss/l_total,0.024863243103027344
1787418475.2218602,40220,49,LR,3.415167841960626e-05
1787418488.2169595,40240,49,Loss/l_ce,0.013747930526733398
1787418488.2171638,40240,49,Loss/l_total,0.013747930526733398
1787418488.2171886,40240,49,LR,3.415167841960626e-05
1787418497.5775397,40260,49,Loss/l_ce,0.014901399612426758
1787418497.5777307,40260,49,Loss/l_total,0.014901399612426758
1787418497.577753,40260,49,LR,3.415167841960626e-05
1787418507.740494,40280,49,Loss/l_ce,0.013358592987060547
1787418507.7407718,40280,49,Loss/l_total,0.013358592987060547
1787418507.7407956,40280,49,LR,3.415167841960626e-05
1787418520.3368113,40300,49,Loss/l_ce,0.02153944969177246
1787418520.3370097,40300,49,Loss/l_total,0.02153944969177246
1787418520.33707,40300,49,LR,3.415167841960626e-05
1787418531.9631567,40320,49,Loss/l_ce,0.0167236328125
1787418531.963379,40320,49,Loss/l_total,0.0167236328125
1787418531.9634016,40320,49,LR,3.415167841960626e-05
1787418544.0345476,40340,49,Loss/l_ce,0.02791595458984375
1787418544.0348334,40340,49,Loss/l_total,0.02791595458984375
1787418544.0348594,40340,49,LR,3.415167841960626e-05
1787418554.336219,40360,49,Loss/l_ce,0.013712406158447266
1787418554.336486,40360,49,Loss/l_total,0.013712406158447266
1787418554.3365111,40360,49,LR,3.415167841960626e-05
1787418560.0857525,40380,49,Loss/l_ce,0.013208627700805664
1787418560.0859342,40380,49,Loss/l_total,0.013208627700805664
1787418560.0859566,40380,49,LR,3.415167841960626e-05
1787418570.819187,40400,49,Loss/l_ce,0.045404672622680664
1787418570.8193626,40400,49,Loss/l_total,0.045404672622680664
1787418570.8193853,40400,49,LR,3.415167841960626e-05
1787418583.4003425,40420,49,Loss/l_ce,0.08000540733337402
1787418583.4005501,40420,49,Loss/l_total,0.08000540733337402
1787418583.400574,40420,49,LR,3.415167841960626e-05
1787418593.0120225,40440,49,Loss/l_ce,0.04693341255187988
1787418593.012209,40440,49,Loss/l_total,0.04693341255187988
1787418593.0122302,40440,49,LR,3.415167841960626e-05
1787418604.5074341,40460,49,Loss/l_ce,0.028145313262939453
1787418604.5076134,40460,49,Loss/l_total,0.028145313262939453
1787418604.507636,40460,49,LR,3.415167841960626e-05
1787418617.5367222,40480,49,Loss/l_ce,0.011640071868896484
1787418617.5369523,40480,49,Loss/l_total,0.011640071868896484
1787418617.536981,40480,49,LR,3.415167841960626e-05
1787418629.2267046,40500,49,Loss/l_ce,0.04142332077026367
1787418629.2269373,40500,49,Loss/l_total,0.04142332077026367
1787418629.2269647,40500,49,LR,3.415167841960626e-05
1787418638.0206175,40520,49,Loss/l_ce,0.012239217758178711
1787418638.020804,40520,49,Loss/l_total,0.012239217758178711
1787418638.0208251,40520,49,LR,3.415167841960626e-05
1787418645.6620991,40540,49,Loss/l_ce,0.013106346130371094
1787418645.662319,40540,49,Loss/l_total,0.013106346130371094
1787418645.6623414,40540,49,LR,3.415167841960626e-05
1787418655.16583,40560,49,Loss/l_ce,0.0395660400390625
1787418655.1661623,40560,49,Loss/l_total,0.0395660400390625
1787418655.1661909,40560,49,LR,3.415167841960626e-05
1787418665.8120563,40580,49,Loss/l_ce,0.018616676330566406
1787418665.8123567,40580,49,Loss/l_total,0.018616676330566406
1787418665.8123817,40580,49,LR,3.415167841960626e-05
1787418677.8529854,40600,49,Loss/l_ce,0.03683304786682129
1787418677.853217,40600,49,Loss/l_total,0.03683304786682129
1787418677.8532727,40600,49,LR,3.415167841960626e-05
1787418741.1731353,40600,49,Val/avg_error,0.12266111373901367
1787418741.173462,40600,49,Val/acc,0.430859375
1787418741.1734881,40600,49,Val/sparse_auc,0.595165522411616
1787418741.1735058,40600,49,Val/sparse_pck_max,0.1
1787418741.173521,40600,49,Val/sparse_pck_n,100.0
1787418752.2869818,40620,50,Loss/l_ce,0.05364036560058594
1787418752.2873096,40620,50,Loss/l_total,0.05364036560058594
1787418752.2873356,40620,50,LR,3.250000000000002e-05
1787418762.6810765,40640,50,Loss/l_ce,0.014795780181884766
1787418762.6813862,40640,50,Loss/l_total,0.014795780181884766
1787418762.681411,40640,50,LR,3.250000000000002e-05
1787418773.5536892,40660,50,Loss/l_ce,0.03965353965759277
1787418773.5539067,40660,50,Loss/l_total,0.03965353965759277
1787418773.553933,40660,50,LR,3.250000000000002e-05
1787418784.051651,40680,50,Loss/l_ce,0.016584157943725586
1787418784.051974,40680,50,Loss/l_total,0.016584157943725586
1787418784.0520027,40680,50,LR,3.250000000000002e-05
1787418793.5285406,40700,50,Loss/l_ce,0.02531719207763672
1787418793.52875,40700,50,Loss/l_total,0.02531719207763672
1787418793.5287712,40700,50,LR,3.250000000000002e-05
1787418804.171974,40720,50,Loss/l_ce,0.033354759216308594
1787418804.1722066,40720,50,Loss/l_total,0.033354759216308594
1787418804.1723194,40720,50,LR,3.250000000000002e-05
1787418816.4458923,40740,50,Loss/l_ce,0.04113626480102539
1787418816.4460907,40740,50,Loss/l_total,0.04113626480102539
1787418816.446119,40740,50,LR,3.250000000000002e-05
1787418825.2812696,40760,50,Loss/l_ce,0.037401437759399414
1787418825.2814417,40760,50,Loss/l_total,0.037401437759399414
1787418825.2814617,40760,50,LR,3.250000000000002e-05
1787418834.546283,40780,50,Loss/l_ce,0.0490109920501709
1787418834.5465157,40780,50,Loss/l_total,0.0490109920501709
1787418834.546543,40780,50,LR,3.250000000000002e-05
1787418842.8314254,40800,50,Loss/l_ce,0.06323385238647461
1787418842.8316095,40800,50,Loss/l_total,0.06323385238647461
1787418842.8316312,40800,50,LR,3.250000000000002e-05
1787418851.375741,40820,50,Loss/l_ce,0.01157999038696289
1787418851.375944,40820,50,Loss/l_total,0.01157999038696289
1787418851.3759665,40820,50,LR,3.250000000000002e-05
1787418859.5561688,40840,50,Loss/l_ce,0.015817642211914062
1787418859.556386,40840,50,Loss/l_total,0.015817642211914062
1787418859.5564075,40840,50,LR,3.250000000000002e-05
1787418865.2699473,40860,50,Loss/l_ce,0.0551753044128418
1787418865.2701635,40860,50,Loss/l_total,0.0551753044128418
1787418865.2701886,40860,50,LR,3.250000000000002e-05
1787418875.3409595,40880,50,Loss/l_ce,0.014712810516357422
1787418875.3412147,40880,50,Loss/l_total,0.014712810516357422
1787418875.3412397,40880,50,LR,3.250000000000002e-05
1787418884.9922197,40900,50,Loss/l_ce,0.3328726291656494
1787418884.9924157,40900,50,Loss/l_total,0.3328726291656494
1787418884.9924393,40900,50,LR,3.250000000000002e-05
1787418898.9887054,40920,50,Loss/l_ce,0.016210556030273438
1787418898.9889357,40920,50,Loss/l_total,0.016210556030273438
1787418898.9889581,40920,50,LR,3.250000000000002e-05
1787418908.8850532,40940,50,Loss/l_ce,0.013164997100830078
1787418908.8852313,40940,50,Loss/l_total,0.013164997100830078
1787418908.885254,40940,50,LR,3.250000000000002e-05
1787418918.5509448,40960,50,Loss/l_ce,0.016257762908935547
1787418918.5511928,40960,50,Loss/l_total,0.016257762908935547
1787418918.551219,40960,50,LR,3.250000000000002e-05
1787418927.3070574,40980,50,Loss/l_ce,0.01880955696105957
1787418927.3072283,40980,50,Loss/l_total,0.01880955696105957
1787418927.3072522,40980,50,LR,3.250000000000002e-05
1787418940.134757,41000,50,Loss/l_ce,0.09026527404785156
1787418940.1349173,41000,50,Loss/l_total,0.09026527404785156
1787418940.1349387,41000,50,LR,3.250000000000002e-05
1787418949.8636005,41020,50,Loss/l_ce,0.030165672302246094
1787418949.863807,41020,50,Loss/l_total,0.030165672302246094
1787418949.8638296,41020,50,LR,3.250000000000002e-05
1787418961.3280656,41040,50,Loss/l_ce,0.021328210830688477
1787418961.3282888,41040,50,Loss/l_total,0.021328210830688477
1787418961.3283076,41040,50,LR,3.250000000000002e-05
1787418971.6953552,41060,50,Loss/l_ce,0.02664923667907715
1787418971.6955664,41060,50,Loss/l_total,0.02664923667907715
1787418971.6955879,41060,50,LR,3.250000000000002e-05
1787418979.5367906,41080,50,Loss/l_ce,0.03258657455444336
1787418979.5369616,41080,50,Loss/l_total,0.03258657455444336
1787418979.5369804,41080,50,LR,3.250000000000002e-05
1787418991.2811074,41100,50,Loss/l_ce,0.00911092758178711
1787418991.281301,41100,50,Loss/l_total,0.00911092758178711
1787418991.2813249,41100,50,LR,3.250000000000002e-05
1787418999.3914726,41120,50,Loss/l_ce,0.014551877975463867
1787418999.3916354,41120,50,Loss/l_total,0.014551877975463867
1787418999.391658,41120,50,LR,3.250000000000002e-05
1787419011.766103,41140,50,Loss/l_ce,0.018384933471679688
1787419011.7662728,41140,50,Loss/l_total,0.018384933471679688
1787419011.7662952,41140,50,LR,3.250000000000002e-05
1787419019.8958416,41160,50,Loss/l_ce,0.05458807945251465
1787419019.896098,41160,50,Loss/l_total,0.05458807945251465
1787419019.896125,41160,50,LR,3.250000000000002e-05
1787419027.6364567,41180,50,Loss/l_ce,0.02353668212890625
1787419027.6366954,41180,50,Loss/l_total,0.02353668212890625
1787419027.6367228,41180,50,LR,3.250000000000002e-05
1787419038.6333673,41200,50,Loss/l_ce,0.017037630081176758
1787419038.6336417,41200,50,Loss/l_total,0.017037630081176758
1787419038.633669,41200,50,LR,3.250000000000002e-05
1787419047.3955514,41220,50,Loss/l_ce,0.015139102935791016
1787419047.3957546,41220,50,Loss/l_total,0.015139102935791016
1787419047.3957794,41220,50,LR,3.250000000000002e-05
1787419052.8803167,41240,50,Loss/l_ce,0.010035514831542969
1787419052.880572,41240,50,Loss/l_total,0.010035514831542969
1787419052.8806043,41240,50,LR,3.250000000000002e-05
1787419060.8710659,41260,50,Loss/l_ce,0.03766465187072754
1787419060.871238,41260,50,Loss/l_total,0.03766465187072754
1787419060.8712616,41260,50,LR,3.250000000000002e-05
1787419070.7571661,41280,50,Loss/l_ce,0.016240596771240234
1787419070.7573547,41280,50,Loss/l_total,0.016240596771240234
1787419070.7573786,41280,50,LR,3.250000000000002e-05
1787419080.6147106,41300,50,Loss/l_ce,0.016374588012695312
1787419080.6148508,41300,50,Loss/l_total,0.016374588012695312
1787419080.614872,41300,50,LR,3.250000000000002e-05
1787419089.8832483,41320,50,Loss/l_ce,0.11968564987182617
1787419089.8834205,41320,50,Loss/l_total,0.11968564987182617
1787419089.8834429,41320,50,LR,3.250000000000002e-05
1787419099.1263552,41340,50,Loss/l_ce,0.016766786575317383
1787419099.1265275,41340,50,Loss/l_total,0.016766786575317383
1787419099.12655,41340,50,LR,3.250000000000002e-05
1787419106.1960058,41360,50,Loss/l_ce,0.016370296478271484
1787419106.196286,41360,50,Loss/l_total,0.016370296478271484
1787419106.196323,41360,50,LR,3.250000000000002e-05
1787419117.4086738,41380,50,Loss/l_ce,0.014454126358032227
1787419117.408871,41380,50,Loss/l_total,0.014454126358032227
1787419117.4088912,41380,50,LR,3.250000000000002e-05
1787419127.7387211,41400,50,Loss/l_ce,0.011417865753173828
1787419127.7388992,41400,50,Loss/l_total,0.011417865753173828
1787419127.7389205,41400,50,LR,3.250000000000002e-05
1787419192.189196,41412,50,Val/avg_error,0.12284574657678604
1787419192.1894608,41412,50,Val/acc,0.4306640625
1787419192.1894855,41412,50,Val/sparse_auc,0.5948742799084595
1787419192.1895034,41412,50,Val/sparse_pck_max,0.1
1787419192.1895201,41412,50,Val/sparse_pck_n,100.0
1787419197.4020672,41420,51,Loss/l_ce,0.02700185775756836
1787419197.4022405,41420,51,Loss/l_total,0.02700185775756836
1787419197.4022644,41420,51,LR,3.088779422594519e-05
1787419208.224914,41440,51,Loss/l_ce,0.02110123634338379
1787419208.2251384,41440,51,Loss/l_total,0.02110123634338379
1787419208.2251587,41440,51,LR,3.088779422594519e-05
1787419214.4997187,41460,51,Loss/l_ce,0.025336027145385742
1787419214.4998982,41460,51,Loss/l_total,0.025336027145385742
1787419214.4999216,41460,51,LR,3.088779422594519e-05
1787419221.2796445,41480,51,Loss/l_ce,0.022703886032104492
1787419221.2798142,41480,51,Loss/l_total,0.022703886032104492
1787419221.2798357,41480,51,LR,3.088779422594519e-05
1787419231.164241,41500,51,Loss/l_ce,0.013326883316040039
1787419231.1644156,41500,51,Loss/l_total,0.013326883316040039
1787419231.1644406,41500,51,LR,3.088779422594519e-05
1787419242.1055815,41520,51,Loss/l_ce,0.025659799575805664
1787419242.1057262,41520,51,Loss/l_total,0.025659799575805664
1787419242.10575,41520,51,LR,3.088779422594519e-05
1787419252.6568513,41540,51,Loss/l_ce,0.01513218879699707
1787419252.6571145,41540,51,Loss/l_total,0.01513218879699707
1787419252.657142,41540,51,LR,3.088779422594519e-05
1787419260.8736987,41560,51,Loss/l_ce,0.0736093521118164
1787419260.873915,41560,51,Loss/l_total,0.0736093521118164
1787419260.8739388,41560,51,LR,3.088779422594519e-05
1787419267.689418,41580,51,Loss/l_ce,0.04803156852722168
1787419267.6896007,41580,51,Loss/l_total,0.04803156852722168
1787419267.6896222,41580,51,LR,3.088779422594519e-05
1787419278.985321,41600,51,Loss/l_ce,0.02744579315185547
1787419278.985474,41600,51,Loss/l_total,0.02744579315185547
1787419278.9854965,41600,51,LR,3.088779422594519e-05
1787419285.7538843,41620,51,Loss/l_ce,0.016113758087158203
1787419285.7540874,41620,51,Loss/l_total,0.016113758087158203
1787419285.7541206,41620,51,LR,3.088779422594519e-05
1787419299.6070077,41640,51,Loss/l_ce,0.027393102645874023
1787419299.6072593,41640,51,Loss/l_total,0.027393102645874023
1787419299.607282,41640,51,LR,3.088779422594519e-05
1787419306.859291,41660,51,Loss/l_ce,0.04461526870727539
1787419306.8594623,41660,51,Loss/l_total,0.04461526870727539
1787419306.8594837,41660,51,LR,3.088779422594519e-05
1787419320.7438757,41680,51,Loss/l_ce,0.20431780815124512
1787419320.7440622,41680,51,Loss/l_total,0.20431780815124512
1787419320.7440834,41680,51,LR,3.088779422594519e-05
1787419333.3958542,41700,51,Loss/l_ce,0.042855024337768555
1787419333.3960264,41700,51,Loss/l_total,0.042855024337768555
1787419333.396067,41700,51,LR,3.088779422594519e-05
1787419343.0204856,41720,51,Loss/l_ce,0.09635710716247559
1787419343.020654,41720,51,Loss/l_total,0.09635710716247559
1787419343.0206769,41720,51,LR,3.088779422594519e-05
1787419351.000748,41740,51,Loss/l_ce,0.036936283111572266
1787419351.0009239,41740,51,Loss/l_total,0.036936283111572266
1787419351.000945,41740,51,LR,3.088779422594519e-05
1787419359.805435,41760,51,Loss/l_ce,0.013592720031738281
1787419359.8056166,41760,51,Loss/l_total,0.013592720031738281
1787419359.8056378,41760,51,LR,3.088779422594519e-05
1787419370.585414,41780,51,Loss/l_ce,0.031879425048828125
1787419370.5856075,41780,51,Loss/l_total,0.031879425048828125
1787419370.58563,41780,51,LR,3.088779422594519e-05
1787419378.742909,41800,51,Loss/l_ce,0.02653980255126953
1787419378.743087,41800,51,Loss/l_total,0.02653980255126953
1787419378.743111,41800,51,LR,3.088779422594519e-05
1787419388.8875062,41820,51,Loss/l_ce,0.027330875396728516
1787419388.8877163,41820,51,Loss/l_total,0.027330875396728516
1787419388.8877425,41820,51,LR,3.088779422594519e-05
1787419400.6535993,41840,51,Loss/l_ce,0.014185905456542969
1787419400.6537702,41840,51,Loss/l_total,0.014185905456542969
1787419400.6537914,41840,51,LR,3.088779422594519e-05
1787419412.4626093,41860,51,Loss/l_ce,0.0175783634185791
1787419412.462855,41860,51,Loss/l_total,0.0175783634185791
1787419412.4628813,41860,51,LR,3.088779422594519e-05
1787419423.754216,41880,51,Loss/l_ce,0.012639045715332031
1787419423.754387,41880,51,Loss/l_total,0.012639045715332031
1787419423.7544096,41880,51,LR,3.088779422594519e-05
1787419430.7385468,41900,51,Loss/l_ce,0.03665041923522949
1787419430.7387428,41900,51,Loss/l_total,0.03665041923522949
1787419430.7387655,41900,51,LR,3.088779422594519e-05
1787419437.212787,41920,51,Loss/l_ce,0.013834238052368164
1787419437.2129877,41920,51,Loss/l_total,0.013834238052368164
1787419437.2130125,41920,51,LR,3.088779422594519e-05
1787419443.4270246,41940,51,Loss/l_ce,0.025101184844970703
1787419443.4272218,41940,51,Loss/l_total,0.025101184844970703
1787419443.4274316,41940,51,LR,3.088779422594519e-05
1787419450.7121382,41960,51,Loss/l_ce,0.0399012565612793
1787419450.7123852,41960,51,Loss/l_total,0.0399012565612793
1787419450.7124138,41960,51,LR,3.088779422594519e-05
1787419456.0326574,41980,51,Loss/l_ce,0.012114286422729492
1787419456.0329306,41980,51,Loss/l_total,0.012114286422729492
1787419456.0329518,41980,51,LR,3.088779422594519e-05
1787419463.4273527,42000,51,Loss/l_ce,0.013357162475585938
1787419463.4275496,42000,51,Loss/l_total,0.013357162475585938
1787419463.4275758,42000,51,LR,3.088779422594519e-05
1787419469.7553499,42020,51,Loss/l_ce,0.01748967170715332
1787419469.7555468,42020,51,Loss/l_total,0.01748967170715332
1787419469.755567,42020,51,LR,3.088779422594519e-05
1787419477.0267348,42040,51,Loss/l_ce,0.1768200397491455
1787419477.0269473,42040,51,Loss/l_total,0.1768200397491455
1787419477.0269687,42040,51,LR,3.088779422594519e-05
1787419483.4359243,42060,51,Loss/l_ce,0.022711515426635742
1787419483.436138,42060,51,Loss/l_total,0.022711515426635742
1787419483.4361606,42060,51,LR,3.088779422594519e-05
1787419492.2660823,42080,51,Loss/l_ce,0.014440536499023438
1787419492.2663033,42080,51,Loss/l_total,0.014440536499023438
1787419492.2663271,42080,51,LR,3.088779422594519e-05
1787419502.507124,42100,51,Loss/l_ce,0.0275571346282959
1787419502.5073378,42100,51,Loss/l_total,0.0275571346282959
1787419502.5073972,42100,51,LR,3.088779422594519e-05
1787419510.0649943,42120,51,Loss/l_ce,0.010517120361328125
1787419510.0652163,42120,51,Loss/l_total,0.010517120361328125
1787419510.0652423,42120,51,LR,3.088779422594519e-05
1787419520.353269,42140,51,Loss/l_ce,0.028315067291259766
1787419520.3534412,42140,51,Loss/l_total,0.028315067291259766
1787419520.353464,42140,51,LR,3.088779422594519e-05
1787419528.3006556,42160,51,Loss/l_ce,0.06052136421203613
1787419528.3008778,42160,51,Loss/l_total,0.06052136421203613
1787419528.3009005,42160,51,LR,3.088779422594519e-05
1787419539.5453014,42180,51,Loss/l_ce,0.012543439865112305
1787419539.5455248,42180,51,Loss/l_total,0.012543439865112305
1787419539.5455472,42180,51,LR,3.088779422594519e-05
1787419550.2983768,42200,51,Loss/l_ce,0.025622844696044922
1787419550.298568,42200,51,Loss/l_total,0.025622844696044922
1787419550.2985904,42200,51,LR,3.088779422594519e-05
1787419560.8262196,42220,51,Loss/l_ce,0.012825965881347656
1787419560.826445,42220,51,Loss/l_total,0.012825965881347656
1787419560.826471,42220,51,LR,3.088779422594519e-05
1787419621.4837887,42224,51,Val/avg_error,0.12252442538738251
1787419621.4841545,42224,51,Val/acc,0.422607421875
1787419621.484178,42224,51,Val/sparse_auc,0.589657808554293
1787419621.4841948,42224,51,Val/sparse_pck_max,0.1
1787419621.4842424,42224,51,Val/sparse_pck_n,100.0
1787419632.962096,42240,52,Loss/l_ce,0.013428211212158203
1787419632.962306,42240,52,Loss/l_total,0.013428211212158203
1787419632.9623287,42240,52,LR,2.9317889454200604e-05
1787419642.9985335,42260,52,Loss/l_ce,0.011882781982421875
1787419642.9986973,42260,52,Loss/l_total,0.011882781982421875
1787419642.9987197,42260,52,LR,2.9317889454200604e-05
1787419648.5643802,42280,52,Loss/l_ce,0.06429147720336914
1787419648.5645618,42280,52,Loss/l_total,0.06429147720336914
1787419648.5645854,42280,52,LR,2.9317889454200604e-05
1787419658.247356,42300,52,Loss/l_ce,0.023235082626342773
1787419658.247532,42300,52,Loss/l_total,0.023235082626342773
1787419658.2475543,42300,52,LR,2.9317889454200604e-05
1787419667.7946463,42320,52,Loss/l_ce,0.04313230514526367
1787419667.7948327,42320,52,Loss/l_total,0.04313230514526367
1787419667.7948554,42320,52,LR,2.9317889454200604e-05
1787419674.9123302,42340,52,Loss/l_ce,0.01981353759765625
1787419674.9125094,42340,52,Loss/l_total,0.01981353759765625
1787419674.9125319,42340,52,LR,2.9317889454200604e-05
1787419684.7749784,42360,52,Loss/l_ce,0.04035592079162598
1787419684.775166,42360,52,Loss/l_total,0.04035592079162598
1787419684.7751899,42360,52,LR,2.9317889454200604e-05
1787419694.9484277,42380,52,Loss/l_ce,0.011877059936523438
1787419694.9486272,42380,52,Loss/l_total,0.011877059936523438
1787419694.9486496,42380,52,LR,2.9317889454200604e-05
1787419705.8412018,42400,52,Loss/l_ce,0.026764869689941406
1787419705.8413656,42400,52,Loss/l_total,0.026764869689941406
1787419705.841387,42400,52,LR,2.9317889454200604e-05
1787419714.4130569,42420,52,Loss/l_ce,0.028533458709716797
1787419714.4132302,42420,52,Loss/l_total,0.028533458709716797
1787419714.4132526,42420,52,LR,2.9317889454200604e-05
1787419724.3329055,42440,52,Loss/l_ce,0.013998746871948242
1787419724.3331013,42440,52,Loss/l_total,0.013998746871948242
1787419724.333124,42440,52,LR,2.9317889454200604e-05
1787419733.5046446,42460,52,Loss/l_ce,0.014188528060913086
1787419733.504799,42460,52,Loss/l_total,0.014188528060913086
1787419733.5048215,42460,52,LR,2.9317889454200604e-05
1787419747.1653466,42480,52,Loss/l_ce,0.02702641487121582
1787419747.1655164,42480,52,Loss/l_total,0.02702641487121582
1787419747.1655378,42480,52,LR,2.9317889454200604e-05
1787419758.5955994,42500,52,Loss/l_ce,0.039691925048828125
1787419758.5958438,42500,52,Loss/l_total,0.039691925048828125
1787419758.5958889,42500,52,LR,2.9317889454200604e-05
1787419768.3733048,42520,52,Loss/l_ce,0.030303001403808594
1787419768.3734877,42520,52,Loss/l_total,0.030303001403808594
1787419768.3735092,42520,52,LR,2.9317889454200604e-05
1787419778.917416,42540,52,Loss/l_ce,0.028532743453979492
1787419778.9175909,42540,52,Loss/l_total,0.028532743453979492
1787419778.9176123,42540,52,LR,2.9317889454200604e-05
1787419791.5419388,42560,52,Loss/l_ce,0.0345301628112793
1787419791.5423267,42560,52,Loss/l_total,0.0345301628112793
1787419791.542353,42560,52,LR,2.9317889454200604e-05
1787419798.6082885,42580,52,Loss/l_ce,0.020602941513061523
1787419798.6084914,42580,52,Loss/l_total,0.020602941513061523
1787419798.6085143,42580,52,LR,2.9317889454200604e-05
1787419808.9319453,42600,52,Loss/l_ce,0.015316247940063477
1787419808.9321923,42600,52,Loss/l_total,0.015316247940063477
1787419808.9322162,42600,52,LR,2.9317889454200604e-05
1787419818.8028905,42620,52,Loss/l_ce,0.04485893249511719
1787419818.8030863,42620,52,Loss/l_total,0.04485893249511719
1787419818.8031101,42620,52,LR,2.9317889454200604e-05
1787419827.643666,42640,52,Loss/l_ce,0.018480300903320312
1787419827.6438868,42640,52,Loss/l_total,0.018480300903320312
1787419827.6439083,42640,52,LR,2.9317889454200604e-05
1787419837.5331984,42660,52,Loss/l_ce,0.017853736877441406
1787419837.5333824,42660,52,Loss/l_total,0.017853736877441406
1787419837.5334048,42660,52,LR,2.9317889454200604e-05
1787419847.545756,42680,52,Loss/l_ce,0.03813934326171875
1787419847.5459604,42680,52,Loss/l_total,0.03813934326171875
1787419847.5459816,42680,52,LR,2.9317889454200604e-05
1787419856.644195,42700,52,Loss/l_ce,0.02779674530029297
1787419856.644372,42700,52,Loss/l_total,0.02779674530029297
1787419856.6443946,42700,52,LR,2.9317889454200604e-05
1787419863.2893162,42720,52,Loss/l_ce,0.012642621994018555
1787419863.2894776,42720,52,Loss/l_total,0.012642621994018555
1787419863.2895002,42720,52,LR,2.9317889454200604e-05
1787419869.9542494,42740,52,Loss/l_ce,0.03707385063171387
1787419869.954429,42740,52,Loss/l_total,0.03707385063171387
1787419869.9544537,42740,52,LR,2.9317889454200604e-05
1787419877.3792593,42760,52,Loss/l_ce,0.05180096626281738
1787419877.3794267,42760,52,Loss/l_total,0.05180096626281738
1787419877.3794448,42760,52,LR,2.9317889454200604e-05
1787419889.2803075,42780,52,Loss/l_ce,0.009880304336547852
1787419889.2804902,42780,52,Loss/l_total,0.009880304336547852
1787419889.2805104,42780,52,LR,2.9317889454200604e-05
1787419899.347362,42800,52,Loss/l_ce,0.02364969253540039
1787419899.3475533,42800,52,Loss/l_total,0.02364969253540039
1787419899.3475723,42800,52,LR,2.9317889454200604e-05
1787419906.4889095,42820,52,Loss/l_ce,0.01743769645690918
1787419906.4891436,42820,52,Loss/l_total,0.01743769645690918
1787419906.4891675,42820,52,LR,2.9317889454200604e-05
1787419917.5342042,42840,52,Loss/l_ce,0.030373573303222656
1787419917.5344582,42840,52,Loss/l_total,0.030373573303222656
1787419917.5344784,42840,52,LR,2.9317889454200604e-05
1787419929.7691174,42860,52,Loss/l_ce,0.012160301208496094
1787419929.7693455,42860,52,Loss/l_total,0.012160301208496094
1787419929.7693694,42860,52,LR,2.9317889454200604e-05
1787419939.280939,42880,52,Loss/l_ce,0.10521650314331055
1787419939.2811267,42880,52,Loss/l_total,0.10521650314331055
1787419939.2811491,42880,52,LR,2.9317889454200604e-05
1787419946.9869606,42900,52,Loss/l_ce,0.023869037628173828
1787419946.9871542,42900,52,Loss/l_total,0.023869037628173828
1787419946.987179,42900,52,LR,2.9317889454200604e-05
1787419958.0715427,42920,52,Loss/l_ce,0.01266622543334961
1787419958.0718017,42920,52,Loss/l_total,0.01266622543334961
1787419958.0718277,42920,52,LR,2.9317889454200604e-05
1787419967.7920802,42940,52,Loss/l_ce,0.04815340042114258
1787419967.7923284,42940,52,Loss/l_total,0.04815340042114258
1787419967.792351,42940,52,LR,2.9317889454200604e-05
1787419977.1310668,42960,52,Loss/l_ce,0.043547868728637695
1787419977.1312852,42960,52,Loss/l_total,0.043547868728637695
1787419977.131309,42960,52,LR,2.9317889454200604e-05
1787419989.181521,42980,52,Loss/l_ce,0.040171146392822266
1787419989.181687,42980,52,Loss/l_total,0.040171146392822266
1787419989.1817095,42980,52,LR,2.9317889454200604e-05
1787419999.4553862,43000,52,Loss/l_ce,0.012351751327514648
1787419999.4555545,43000,52,Loss/l_total,0.012351751327514648
1787419999.4555771,43000,52,LR,2.9317889454200604e-05
1787420008.8489957,43020,52,Loss/l_ce,0.026404142379760742
1787420008.849195,43020,52,Loss/l_total,0.026404142379760742
1787420008.8492186,43020,52,LR,2.9317889454200604e-05
1787420079.0838058,43036,52,Val/avg_error,0.12354451417922974
1787420079.0840752,43036,52,Val/acc,0.424853515625
1787420079.084099,43036,52,Val/sparse_auc,0.5910716047190657
1787420079.0841157,43036,52,Val/sparse_pck_max,0.1
1787420079.084131,43036,52,Val/sparse_pck_n,100.0
1787420083.3622825,43040,53,Loss/l_ce,0.015744924545288086
1787420083.3624618,43040,53,Loss/l_total,0.015744924545288086
1787420083.3624854,43040,53,LR,2.7793039831193156e-05
1787420092.480855,43060,53,Loss/l_ce,0.013836383819580078
1787420092.4810581,43060,53,Loss/l_total,0.013836383819580078
1787420092.4810855,43060,53,LR,2.7793039831193156e-05
1787420099.520887,43080,53,Loss/l_ce,0.01177978515625
1787420099.5210578,43080,53,Loss/l_total,0.01177978515625
1787420099.5210838,43080,53,LR,2.7793039831193156e-05
1787420111.4317632,43100,53,Loss/l_ce,0.01599574089050293
1787420111.4319496,43100,53,Loss/l_total,0.01599574089050293
1787420111.43197,43100,53,LR,2.7793039831193156e-05
1787420122.0568578,43120,53,Loss/l_ce,0.011398792266845703
1787420122.0570765,43120,53,Loss/l_total,0.011398792266845703
1787420122.0571,43120,53,LR,2.7793039831193156e-05
1787420130.0534627,43140,53,Loss/l_ce,0.04127192497253418
1787420130.0536897,43140,53,Loss/l_total,0.04127192497253418
1787420130.0537133,43140,53,LR,2.7793039831193156e-05
1787420139.183672,43160,53,Loss/l_ce,0.014353752136230469
1787420139.1838787,43160,53,Loss/l_total,0.014353752136230469
1787420139.183901,43160,53,LR,2.7793039831193156e-05
1787420150.4065063,43180,53,Loss/l_ce,0.03695964813232422
1787420150.4066808,43180,53,Loss/l_total,0.03695964813232422
1787420150.4067047,43180,53,LR,2.7793039831193156e-05
1787420160.9322376,43200,53,Loss/l_ce,0.016620397567749023
1787420160.9324226,43200,53,Loss/l_total,0.016620397567749023
1787420160.9324474,43200,53,LR,2.7793039831193156e-05
1787420169.0840878,43220,53,Loss/l_ce,0.04334878921508789
1787420169.0842516,43220,53,Loss/l_total,0.04334878921508789
1787420169.0842743,43220,53,LR,2.7793039831193156e-05
1787420177.1942632,43240,53,Loss/l_ce,0.027582406997680664
1787420177.1944473,43240,53,Loss/l_total,0.027582406997680664
1787420177.194471,43240,53,LR,2.7793039831193156e-05
1787420187.1524503,43260,53,Loss/l_ce,0.013056039810180664
1787420187.1526296,43260,53,Loss/l_total,0.013056039810180664
1787420187.152652,43260,53,LR,2.7793039831193156e-05
1787420196.8727868,43280,53,Loss/l_ce,0.01691603660583496
1787420196.8729517,43280,53,Loss/l_total,0.01691603660583496
1787420196.872973,43280,53,LR,2.7793039831193156e-05
1787420205.268982,43300,53,Loss/l_ce,0.014465808868408203
1787420205.2692373,43300,53,Loss/l_total,0.014465808868408203
1787420205.2692597,43300,53,LR,2.7793039831193156e-05
1787420212.2962904,43320,53,Loss/l_ce,0.023730039596557617
1787420212.296472,43320,53,Loss/l_total,0.023730039596557617
1787420212.296492,43320,53,LR,2.7793039831193156e-05
1787420223.1664584,43340,53,Loss/l_ce,0.03089165687561035
1787420223.1666923,43340,53,Loss/l_total,0.03089165687561035
1787420223.166714,43340,53,LR,2.7793039831193156e-05
1787420232.6107674,43360,53,Loss/l_ce,0.0050506591796875
1787420232.610929,43360,53,Loss/l_total,0.0050506591796875
1787420232.610949,43360,53,LR,2.7793039831193156e-05
1787420243.0349383,43380,53,Loss/l_ce,0.01837444305419922
1787420243.0351639,43380,53,Loss/l_total,0.01837444305419922
1787420243.035185,43380,53,LR,2.7793039831193156e-05
1787420253.2327015,43400,53,Loss/l_ce,0.017566204071044922
1787420253.2328808,43400,53,Loss/l_total,0.017566204071044922
1787420253.2329047,43400,53,LR,2.7793039831193156e-05
1787420262.2986963,43420,53,Loss/l_ce,0.010731935501098633
1787420262.2989004,43420,53,Loss/l_total,0.010731935501098633
1787420262.298924,43420,53,LR,2.7793039831193156e-05
1787420271.8333411,43440,53,Loss/l_ce,0.007957935333251953
1787420271.8335764,43440,53,Loss/l_total,0.007957935333251953
1787420271.8336,43440,53,LR,2.7793039831193156e-05
1787420282.5411909,43460,53,Loss/l_ce,0.012911319732666016
1787420282.5413582,43460,53,Loss/l_total,0.012911319732666016
1787420282.54138,43460,53,LR,2.7793039831193156e-05
1787420290.4378462,43480,53,Loss/l_ce,0.02876567840576172
1787420290.4380493,43480,53,Loss/l_total,0.02876567840576172
1787420290.4380744,43480,53,LR,2.7793039831193156e-05
1787420301.0301216,43500,53,Loss/l_ce,0.027672767639160156
1787420301.0303164,43500,53,Loss/l_total,0.027672767639160156
1787420301.0303402,43500,53,LR,2.7793039831193156e-05
1787420313.232742,43520,53,Loss/l_ce,0.012758255004882812
1787420313.2329478,43520,53,Loss/l_total,0.012758255004882812
1787420313.2329726,43520,53,LR,2.7793039831193156e-05
1787420322.871589,43540,53,Loss/l_ce,0.02647566795349121
1787420322.8717635,43540,53,Loss/l_total,0.02647566795349121
1787420322.8717873,43540,53,LR,2.7793039831193156e-05
1787420328.74564,43560,53,Loss/l_ce,0.012390375137329102
1787420328.7458322,43560,53,Loss/l_total,0.012390375137329102
1787420328.745856,43560,53,LR,2.7793039831193156e-05
1787420337.6935368,43580,53,Loss/l_ce,0.029422283172607422
1787420337.6937647,43580,53,Loss/l_total,0.029422283172607422
1787420337.6937897,43580,53,LR,2.7793039831193156e-05
1787420346.5221639,43600,53,Loss/l_ce,0.022919416427612305
1787420346.522348,43600,53,Loss/l_total,0.022919416427612305
1787420346.5223742,43600,53,LR,2.7793039831193156e-05
1787420359.9684608,43620,53,Loss/l_ce,0.015438079833984375
1787420359.9686556,43620,53,Loss/l_total,0.015438079833984375
1787420359.9686782,43620,53,LR,2.7793039831193156e-05
1787420371.0175588,43640,53,Loss/l_ce,0.0308685302734375
1787420371.017801,43640,53,Loss/l_total,0.0308685302734375
1787420371.017821,43640,53,LR,2.7793039831193156e-05
1787420380.253627,43660,53,Loss/l_ce,0.017802715301513672
1787420380.2538526,43660,53,Loss/l_total,0.017802715301513672
1787420380.2538764,43660,53,LR,2.7793039831193156e-05
1787420391.675813,43680,53,Loss/l_ce,0.027368545532226562
1787420391.6759992,43680,53,Loss/l_total,0.027368545532226562
1787420391.6760206,43680,53,LR,2.7793039831193156e-05
1787420402.4256904,43700,53,Loss/l_ce,0.05369734764099121
1787420402.4259455,43700,53,Loss/l_total,0.05369734764099121
1787420402.4259744,43700,53,LR,2.7793039831193156e-05
1787420415.7535524,43720,53,Loss/l_ce,0.009822845458984375
1787420415.7537496,43720,53,Loss/l_total,0.009822845458984375
1787420415.753773,43720,53,LR,2.7793039831193156e-05
1787420426.5087457,43740,53,Loss/l_ce,0.04986214637756348
1787420426.5089405,43740,53,Loss/l_total,0.04986214637756348
1787420426.5089617,43740,53,LR,2.7793039831193156e-05
1787420435.2932887,43760,53,Loss/l_ce,0.025289535522460938
1787420435.2935014,43760,53,Loss/l_total,0.025289535522460938
1787420435.2935262,43760,53,LR,2.7793039831193156e-05
1787420446.2662754,43780,53,Loss/l_ce,0.020386695861816406
1787420446.266425,43780,53,Loss/l_total,0.020386695861816406
1787420446.2664452,43780,53,LR,2.7793039831193156e-05
1787420455.2603977,43800,53,Loss/l_ce,0.030028104782104492
1787420455.2606103,43800,53,Loss/l_total,0.030028104782104492
1787420455.2606432,43800,53,LR,2.7793039831193156e-05
1787420467.2094805,43820,53,Loss/l_ce,0.04848313331604004
1787420467.2097213,43820,53,Loss/l_total,0.04848313331604004
1787420467.2097461,43820,53,LR,2.7793039831193156e-05
1787420478.6429517,43840,53,Loss/l_ce,0.036112308502197266
1787420478.643189,43840,53,Loss/l_total,0.036112308502197266
1787420478.6432152,43840,53,LR,2.7793039831193156e-05
1787420542.2202768,43848,53,Val/avg_error,0.12237188965082169
1787420542.2207563,43848,53,Val/acc,0.429443359375
1787420542.2208073,43848,53,Val/sparse_auc,0.5947914200599748
1787420542.2208407,43848,53,Val/sparse_pck_max,0.1
1787420542.220867,43848,53,Val/sparse_pck_n,100.0
1787420548.993967,43860,54,Loss/l_ce,0.01171731948852539
1787420548.9941669,43860,54,Loss/l_total,0.01171731948852539
1787420548.9941928,43860,54,LR,2.6315920461308988e-05
1787420555.2212653,43880,54,Loss/l_ce,0.08747148513793945
1787420555.2214851,43880,54,Loss/l_total,0.08747148513793945
1787420555.221509,43880,54,LR,2.6315920461308988e-05
1787420563.6711092,43900,54,Loss/l_ce,0.012572526931762695
1787420563.671287,43900,54,Loss/l_total,0.012572526931762695
1787420563.6713095,43900,54,LR,2.6315920461308988e-05
1787420572.3769062,43920,54,Loss/l_ce,0.02573084831237793
1787420572.377165,43920,54,Loss/l_total,0.02573084831237793
1787420572.37719,43920,54,LR,2.6315920461308988e-05
1787420584.7228348,43940,54,Loss/l_ce,0.013356208801269531
1787420584.7230222,43940,54,Loss/l_total,0.013356208801269531
1787420584.7230616,43940,54,LR,2.6315920461308988e-05
1787420590.64845,43960,54,Loss/l_ce,0.012831926345825195
1787420590.6486325,43960,54,Loss/l_total,0.012831926345825195
1787420590.6486576,43960,54,LR,2.6315920461308988e-05
1787420598.9339483,43980,54,Loss/l_ce,0.015024423599243164
1787420598.9341583,43980,54,Loss/l_total,0.015024423599243164
1787420598.9341846,43980,54,LR,2.6315920461308988e-05
1787420609.7456584,44000,54,Loss/l_ce,0.011128425598144531
1787420609.7458434,44000,54,Loss/l_total,0.011128425598144531
1787420609.7458673,44000,54,LR,2.6315920461308988e-05
1787420618.23571,44020,54,Loss/l_ce,0.026939868927001953
1787420618.235907,44020,54,Loss/l_total,0.026939868927001953
1787420618.2359295,44020,54,LR,2.6315920461308988e-05
1787420625.9698224,44040,54,Loss/l_ce,0.012686967849731445
1787420625.9700136,44040,54,Loss/l_total,0.012686967849731445
1787420625.970055,44040,54,LR,2.6315920461308988e-05
1787420632.3884587,44060,54,Loss/l_ce,0.01195216178894043
1787420632.3886132,44060,54,Loss/l_total,0.01195216178894043
1787420632.3886356,44060,54,LR,2.6315920461308988e-05
1787420638.532646,44080,54,Loss/l_ce,0.027760982513427734
1787420638.5328264,44080,54,Loss/l_total,0.027760982513427734
1787420638.53285,44080,54,LR,2.6315920461308988e-05
1787420645.2171082,44100,54,Loss/l_ce,0.025808095932006836
1787420645.217309,44100,54,Loss/l_total,0.025808095932006836
1787420645.2173314,44100,54,LR,2.6315920461308988e-05
1787420651.9074667,44120,54,Loss/l_ce,0.03424406051635742
1787420651.9077625,44120,54,Loss/l_total,0.03424406051635742
1787420651.9077861,44120,54,LR,2.6315920461308988e-05
1787420657.7518985,44140,54,Loss/l_ce,0.031642913818359375
1787420657.7520885,44140,54,Loss/l_total,0.031642913818359375
1787420657.7521122,44140,54,LR,2.6315920461308988e-05
1787420664.389743,44160,54,Loss/l_ce,0.027233600616455078
1787420664.3899105,44160,54,Loss/l_total,0.027233600616455078
1787420664.3899343,44160,54,LR,2.6315920461308988e-05
1787420670.1934032,44180,54,Loss/l_ce,0.016168594360351562
1787420670.1935847,44180,54,Loss/l_total,0.016168594360351562
1787420670.193605,44180,54,LR,2.6315920461308988e-05
1787420675.7700107,44200,54,Loss/l_ce,0.004752635955810547
1787420675.770285,44200,54,Loss/l_total,0.004752635955810547
1787420675.7703123,44200,54,LR,2.6315920461308988e-05
1787420683.5232258,44220,54,Loss/l_ce,0.027431488037109375
1787420683.5234005,44220,54,Loss/l_total,0.027431488037109375
1787420683.523422,44220,54,LR,2.6315920461308988e-05
1787420699.1969385,44240,54,Loss/l_ce,0.008975505828857422
1787420699.197189,44240,54,Loss/l_total,0.008975505828857422
1787420699.1972103,44240,54,LR,2.6315920461308988e-05
1787420710.1841688,44260,54,Loss/l_ce,0.02028679847717285
1787420710.1843374,44260,54,Loss/l_total,0.02028679847717285
1787420710.1843586,44260,54,LR,2.6315920461308988e-05
1787420719.864978,44280,54,Loss/l_ce,0.027492761611938477
1787420719.8652027,44280,54,Loss/l_total,0.027492761611938477
1787420719.865224,44280,54,LR,2.6315920461308988e-05
1787420729.1217165,44300,54,Loss/l_ce,0.022417545318603516
1787420729.1219575,44300,54,Loss/l_total,0.022417545318603516
1787420729.1219847,44300,54,LR,2.6315920461308988e-05
1787420737.6102283,44320,54,Loss/l_ce,0.017024755477905273
1787420737.6104002,44320,54,Loss/l_total,0.017024755477905273
1787420737.6104264,44320,54,LR,2.6315920461308988e-05
1787420747.45287,44340,54,Loss/l_ce,0.015592098236083984
1787420747.4531252,44340,54,Loss/l_total,0.015592098236083984
1787420747.4531512,44340,54,LR,2.6315920461308988e-05
1787420759.0758986,44360,54,Loss/l_ce,0.01265573501586914
1787420759.076098,44360,54,Loss/l_total,0.01265573501586914
1787420759.0761218,44360,54,LR,2.6315920461308988e-05
1787420768.6931312,44380,54,Loss/l_ce,0.0325627326965332
1787420768.693307,44380,54,Loss/l_total,0.0325627326965332
1787420768.6933293,44380,54,LR,2.6315920461308988e-05
1787420776.0215292,44400,54,Loss/l_ce,0.0108642578125
1787420776.0217037,44400,54,Loss/l_total,0.0108642578125
1787420776.0217285,44400,54,LR,2.6315920461308988e-05
1787420784.1742463,44420,54,Loss/l_ce,0.018321990966796875
1787420784.1744056,44420,54,Loss/l_total,0.018321990966796875
1787420784.1744268,44420,54,LR,2.6315920461308988e-05
1787420793.9935462,44440,54,Loss/l_ce,0.01677417755126953
1787420793.993742,44440,54,Loss/l_total,0.01677417755126953
1787420793.9937646,44440,54,LR,2.6315920461308988e-05
1787420803.1752195,44460,54,Loss/l_ce,0.03378748893737793
1787420803.1754487,44460,54,Loss/l_total,0.03378748893737793
1787420803.1754725,44460,54,LR,2.6315920461308988e-05
1787420810.6159039,44480,54,Loss/l_ce,0.09260177612304688
1787420810.6161103,44480,54,Loss/l_total,0.09260177612304688
1787420810.6161401,44480,54,LR,2.6315920461308988e-05
1787420816.7179272,44500,54,Loss/l_ce,0.028821468353271484
1787420816.7181563,44500,54,Loss/l_total,0.028821468353271484
1787420816.718186,44500,54,LR,2.6315920461308988e-05
1787420822.5323935,44520,54,Loss/l_ce,0.02419114112854004
1787420822.532574,44520,54,Loss/l_total,0.02419114112854004
1787420822.532599,44520,54,LR,2.6315920461308988e-05
1787420828.9391792,44540,54,Loss/l_ce,0.11142516136169434
1787420828.9394393,44540,54,Loss/l_total,0.11142516136169434
1787420828.9394631,44540,54,LR,2.6315920461308988e-05
1787420835.3463023,44560,54,Loss/l_ce,0.012052536010742188
1787420835.3464687,44560,54,Loss/l_total,0.012052536010742188
1787420835.34649,44560,54,LR,2.6315920461308988e-05
1787420840.3465638,44580,54,Loss/l_ce,0.13523316383361816
1787420840.346742,44580,54,Loss/l_total,0.13523316383361816
1787420840.346767,44580,54,LR,2.6315920461308988e-05
1787420846.6987877,44600,54,Loss/l_ce,0.013499259948730469
1787420846.6989727,44600,54,Loss/l_total,0.013499259948730469
1787420846.6989977,44600,54,LR,2.6315920461308988e-05
1787420854.5311253,44620,54,Loss/l_ce,0.010921001434326172
1787420854.5313246,44620,54,Loss/l_total,0.010921001434326172
1787420854.5313509,44620,54,LR,2.6315920461308988e-05
1787420865.127569,44640,54,Loss/l_ce,0.01396322250366211
1787420865.1277957,44640,54,Loss/l_total,0.01396322250366211
1787420865.1278195,44640,54,LR,2.6315920461308988e-05
1787420874.3207262,44660,54,Loss/l_ce,0.013951778411865234
1787420874.3208902,44660,54,Loss/l_total,0.013951778411865234
1787420874.3209114,44660,54,LR,2.6315920461308988e-05
1787420939.9037113,44660,54,Val/avg_error,0.122917041182518
1787420939.9040663,44660,54,Val/acc,0.429541015625
1787420939.90409,44660,54,Val/sparse_auc,0.5943850122316918
1787420939.9041064,44660,54,Val/sparse_pck_max,0.1
1787420939.9041219,44660,54,Val/sparse_pck_n,100.0
1787420948.9676924,44680,55,Loss/l_ce,0.01939105987548828
1787420948.9679308,44680,55,Loss/l_total,0.01939105987548828
1787420948.9679546,44680,55,LR,2.4889122713851408e-05
1787420959.013382,44700,55,Loss/l_ce,0.03263211250305176
1787420959.0135732,44700,55,Loss/l_total,0.03263211250305176
1787420959.0135944,44700,55,LR,2.4889122713851408e-05
1787420968.2274919,44720,55,Loss/l_ce,0.056690216064453125
1787420968.2276533,44720,55,Loss/l_total,0.056690216064453125
1787420968.2276747,44720,55,LR,2.4889122713851408e-05
1787420975.1438715,44740,55,Loss/l_ce,0.037724971771240234
1787420975.1441114,44740,55,Loss/l_total,0.037724971771240234
1787420975.1441374,44740,55,LR,2.4889122713851408e-05
1787420984.3725972,44760,55,Loss/l_ce,0.011754512786865234
1787420984.3728216,44760,55,Loss/l_total,0.011754512786865234
1787420984.372843,44760,55,LR,2.4889122713851408e-05
1787420994.7616186,44780,55,Loss/l_ce,0.015907764434814453
1787420994.761773,44780,55,Loss/l_total,0.015907764434814453
1787420994.7617955,44780,55,LR,2.4889122713851408e-05
1787421005.1636033,44800,55,Loss/l_ce,0.051232099533081055
1787421005.163825,44800,55,Loss/l_total,0.051232099533081055
1787421005.1638503,44800,55,LR,2.4889122713851408e-05
1787421017.7392275,44820,55,Loss/l_ce,0.03278303146362305
1787421017.7393928,44820,55,Loss/l_total,0.03278303146362305
1787421017.739414,44820,55,LR,2.4889122713851408e-05
1787421027.5801318,44840,55,Loss/l_ce,0.03737688064575195
1787421027.5803242,44840,55,Loss/l_total,0.03737688064575195
1787421027.5803454,44840,55,LR,2.4889122713851408e-05
1787421037.9540524,44860,55,Loss/l_ce,0.013208150863647461
1787421037.954235,44860,55,Loss/l_total,0.013208150863647461
1787421037.9542599,44860,55,LR,2.4889122713851408e-05
1787421047.7041328,44880,55,Loss/l_ce,0.03359484672546387
1787421047.7043848,44880,55,Loss/l_total,0.03359484672546387
1787421047.704412,44880,55,LR,2.4889122713851408e-05
1787421055.1965914,44900,55,Loss/l_ce,0.023247480392456055
1787421055.196785,44900,55,Loss/l_total,0.023247480392456055
1787421055.19681,44900,55,LR,2.4889122713851408e-05
1787421064.0211275,44920,55,Loss/l_ce,0.030575275421142578
1787421064.0212972,44920,55,Loss/l_total,0.030575275421142578
1787421064.0213268,44920,55,LR,2.4889122713851408e-05
1787421077.0274796,44940,55,Loss/l_ce,0.023312807083129883
1787421077.0276647,44940,55,Loss/l_total,0.023312807083129883
1787421077.0276873,44940,55,LR,2.4889122713851408e-05
1787421087.5556252,44960,55,Loss/l_ce,0.01792764663696289
1787421087.5559187,44960,55,Loss/l_total,0.01792764663696289
1787421087.555941,44960,55,LR,2.4889122713851408e-05
1787421099.0465376,44980,55,Loss/l_ce,0.017400503158569336
1787421099.0467548,44980,55,Loss/l_total,0.017400503158569336
1787421099.0467787,44980,55,LR,2.4889122713851408e-05
1787421110.0312998,45000,55,Loss/l_ce,0.07061243057250977
1787421110.0314813,45000,55,Loss/l_total,0.07061243057250977
1787421110.0315042,45000,55,LR,2.4889122713851408e-05
1787421119.364565,45020,55,Loss/l_ce,0.011587142944335938
1787421119.3647382,45020,55,Loss/l_total,0.011587142944335938
1787421119.364762,45020,55,LR,2.4889122713851408e-05
1787421126.1043148,45040,55,Loss/l_ce,0.012462377548217773
1787421126.1045547,45040,55,Loss/l_total,0.012462377548217773
1787421126.1045783,45040,55,LR,2.4889122713851408e-05
1787421136.9950159,45060,55,Loss/l_ce,0.026746511459350586
1787421136.9952474,45060,55,Loss/l_total,0.026746511459350586
1787421136.9952698,45060,55,LR,2.4889122713851408e-05
1787421144.69864,45080,55,Loss/l_ce,0.0335695743560791
1787421144.6988063,45080,55,Loss/l_total,0.0335695743560791
1787421144.6988287,45080,55,LR,2.4889122713851408e-05
1787421154.5278485,45100,55,Loss/l_ce,0.029290199279785156
1787421154.5280766,45100,55,Loss/l_total,0.029290199279785156
1787421154.5281026,45100,55,LR,2.4889122713851408e-05
1787421164.144994,45120,55,Loss/l_ce,0.02170586585998535
1787421164.1452115,45120,55,Loss/l_total,0.02170586585998535
1787421164.1452363,45120,55,LR,2.4889122713851408e-05
1787421173.4387558,45140,55,Loss/l_ce,0.05548381805419922
1787421173.4389634,45140,55,Loss/l_total,0.05548381805419922
1787421173.4389884,45140,55,LR,2.4889122713851408e-05
1787421184.783681,45160,55,Loss/l_ce,0.012224197387695312
1787421184.783865,45160,55,Loss/l_total,0.012224197387695312
1787421184.7838912,45160,55,LR,2.4889122713851408e-05
1787421194.2079813,45180,55,Loss/l_ce,0.030887365341186523
1787421194.2081807,45180,55,Loss/l_total,0.030887365341186523
1787421194.2082045,45180,55,LR,2.4889122713851408e-05
1787421205.6377473,45200,55,Loss/l_ce,0.031199932098388672
1787421205.6379216,45200,55,Loss/l_total,0.031199932098388672
1787421205.6379454,45200,55,LR,2.4889122713851408e-05
1787421219.046401,45220,55,Loss/l_ce,0.02956104278564453
1787421219.046584,45220,55,Loss/l_total,0.02956104278564453
1787421219.0466053,45220,55,LR,2.4889122713851408e-05
1787421229.5281026,45240,55,Loss/l_ce,0.01975870132446289
1787421229.5282655,45240,55,Loss/l_total,0.01975870132446289
1787421229.528288,45240,55,LR,2.4889122713851408e-05
1787421240.8652027,45260,55,Loss/l_ce,0.015775203704833984
1787421240.8654459,45260,55,Loss/l_total,0.015775203704833984
1787421240.8654697,45260,55,LR,2.4889122713851408e-05
1787421250.7974782,45280,55,Loss/l_ce,0.013954401016235352
1787421250.7976599,45280,55,Loss/l_total,0.013954401016235352
1787421250.7976825,45280,55,LR,2.4889122713851408e-05
1787421261.8778503,45300,55,Loss/l_ce,0.015606403350830078
1787421261.878083,45300,55,Loss/l_total,0.015606403350830078
1787421261.8781078,45300,55,LR,2.4889122713851408e-05
1787421270.0182908,45320,55,Loss/l_ce,0.018138647079467773
1787421270.0184662,45320,55,Loss/l_total,0.018138647079467773
1787421270.018491,45320,55,LR,2.4889122713851408e-05
1787421278.0283966,45340,55,Loss/l_ce,0.012671232223510742
1787421278.028563,45340,55,Loss/l_total,0.012671232223510742
1787421278.0285842,45340,55,LR,2.4889122713851408e-05
1787421286.3145099,45360,55,Loss/l_ce,0.035442352294921875
1787421286.314764,45360,55,Loss/l_total,0.035442352294921875
1787421286.3147938,45360,55,LR,2.4889122713851408e-05
1787421298.050588,45380,55,Loss/l_ce,0.008331537246704102
1787421298.0508027,45380,55,Loss/l_total,0.008331537246704102
1787421298.0508275,45380,55,LR,2.4889122713851408e-05
1787421308.2126303,45400,55,Loss/l_ce,0.047472238540649414
1787421308.2128701,45400,55,Loss/l_total,0.047472238540649414
1787421308.2128952,45400,55,LR,2.4889122713851408e-05
1787421318.234737,45420,55,Loss/l_ce,0.008214950561523438
1787421318.2351632,45420,55,Loss/l_total,0.008214950561523438
1787421318.2354898,45420,55,LR,2.4889122713851408e-05
1787421327.7165787,45440,55,Loss/l_ce,0.015549659729003906
1787421327.7167926,45440,55,Loss/l_total,0.015549659729003906
1787421327.7168353,45440,55,LR,2.4889122713851408e-05
1787421341.1945498,45460,55,Loss/l_ce,0.03295445442199707
1787421341.1947198,45460,55,Loss/l_total,0.03295445442199707
1787421341.194741,45460,55,LR,2.4889122713851408e-05
1787421409.924523,45472,55,Val/avg_error,0.12165606021881104
1787421409.924853,45472,55,Val/acc,0.43388671875
1787421409.9248781,45472,55,Val/sparse_auc,0.5979879360006313
1787421409.9248993,45472,55,Val/sparse_pck_max,0.1
1787421409.9253113,45472,55,Val/sparse_pck_n,100.0
1787421416.1576266,45480,56,Loss/l_ce,0.010675191879272461
1787421416.157863,45480,56,Loss/l_total,0.010675191879272461
1787421416.1582892,45480,56,LR,2.3515149676898575e-05
1787421424.400291,45500,56,Loss/l_ce,0.011375665664672852
1787421424.400626,45500,56,Loss/l_total,0.011375665664672852
1787421424.4006698,45500,56,LR,2.3515149676898575e-05
1787421434.7963939,45520,56,Loss/l_ce,0.015369176864624023
1787421434.7965922,45520,56,Loss/l_total,0.015369176864624023
1787421434.7966137,45520,56,LR,2.3515149676898575e-05
1787421445.1668549,45540,56,Loss/l_ce,0.024222373962402344
1787421445.1671007,45540,56,Loss/l_total,0.024222373962402344
1787421445.1671278,45540,56,LR,2.3515149676898575e-05
1787421455.956943,45560,56,Loss/l_ce,0.014700174331665039
1787421455.9571898,45560,56,Loss/l_total,0.014700174331665039
1787421455.9572172,45560,56,LR,2.3515149676898575e-05
1787421465.357099,45580,56,Loss/l_ce,0.014841318130493164
1787421465.3572736,45580,56,Loss/l_total,0.014841318130493164
1787421465.3572948,45580,56,LR,2.3515149676898575e-05
1787421476.0653813,45600,56,Loss/l_ce,0.0367732048034668
1787421476.0655951,45600,56,Loss/l_total,0.0367732048034668
1787421476.06562,45600,56,LR,2.3515149676898575e-05
1787421486.5849228,45620,56,Loss/l_ce,0.021839618682861328
1787421486.5851674,45620,56,Loss/l_total,0.021839618682861328
1787421486.585197,45620,56,LR,2.3515149676898575e-05
1787421495.011469,45640,56,Loss/l_ce,0.01785898208618164
1787421495.0116634,45640,56,Loss/l_total,0.01785898208618164
1787421495.0116885,45640,56,LR,2.3515149676898575e-05
1787421506.274412,45660,56,Loss/l_ce,0.013482809066772461
1787421506.274621,45660,56,Loss/l_total,0.013482809066772461
1787421506.2746449,45660,56,LR,2.3515149676898575e-05
1787421514.498632,45680,56,Loss/l_ce,0.015523910522460938
1787421514.4988456,45680,56,Loss/l_total,0.015523910522460938
1787421514.4988692,45680,56,LR,2.3515149676898575e-05
1787421526.4259994,45700,56,Loss/l_ce,0.04611682891845703
1787421526.426201,45700,56,Loss/l_total,0.04611682891845703
1787421526.426225,45700,56,LR,2.3515149676898575e-05
1787421537.3814688,45720,56,Loss/l_ce,0.041112422943115234
1787421537.3816693,45720,56,Loss/l_total,0.041112422943115234
1787421537.3816943,45720,56,LR,2.3515149676898575e-05
1787421547.0987504,45740,56,Loss/l_ce,0.1637706756591797
1787421547.0989854,45740,56,Loss/l_total,0.1637706756591797
1787421547.0990105,45740,56,LR,2.3515149676898575e-05
1787421556.856747,45760,56,Loss/l_ce,0.013461112976074219
1787421556.8569527,45760,56,Loss/l_total,0.013461112976074219
1787421556.8569763,45760,56,LR,2.3515149676898575e-05
1787421567.9299428,45780,56,Loss/l_ce,0.006561994552612305
1787421567.9301362,45780,56,Loss/l_total,0.006561994552612305
1787421567.93016,45780,56,LR,2.3515149676898575e-05
1787421575.6197264,45800,56,Loss/l_ce,0.024494409561157227
1787421575.6198938,45800,56,Loss/l_total,0.024494409561157227
1787421575.6199162,45800,56,LR,2.3515149676898575e-05
1787421584.8446198,45820,56,Loss/l_ce,0.02822732925415039
1787421584.844812,45820,56,Loss/l_total,0.02822732925415039
1787421584.8448348,45820,56,LR,2.3515149676898575e-05
1787421593.8642204,45840,56,Loss/l_ce,0.019304752349853516
1787421593.8644054,45840,56,Loss/l_total,0.019304752349853516
1787421593.864428,45840,56,LR,2.3515149676898575e-05
1787421605.3405495,45860,56,Loss/l_ce,0.018888235092163086
1787421605.3407109,45860,56,Loss/l_total,0.018888235092163086
1787421605.34073,45860,56,LR,2.3515149676898575e-05
1787421615.7980762,45880,56,Loss/l_ce,0.037017822265625
1787421615.7982354,45880,56,Loss/l_total,0.037017822265625
1787421615.7982557,45880,56,LR,2.3515149676898575e-05
1787421624.661583,45900,56,Loss/l_ce,0.024217844009399414
1787421624.6617777,45900,56,Loss/l_total,0.024217844009399414
1787421624.6617966,45900,56,LR,2.3515149676898575e-05
1787421633.0539181,45920,56,Loss/l_ce,0.020996570587158203
1787421633.0540798,45920,56,Loss/l_total,0.020996570587158203
1787421633.054101,45920,56,LR,2.3515149676898575e-05
1787421643.6755817,45940,56,Loss/l_ce,0.01723480224609375
1787421643.6757371,45940,56,Loss/l_total,0.01723480224609375
1787421643.6757562,45940,56,LR,2.3515149676898575e-05
1787421650.2365065,45960,56,Loss/l_ce,0.02315235137939453
1787421650.236712,45960,56,Loss/l_total,0.02315235137939453
1787421650.236897,45960,56,LR,2.3515149676898575e-05
1787421659.6651876,45980,56,Loss/l_ce,0.012673139572143555
1787421659.665392,45980,56,Loss/l_total,0.012673139572143555
1787421659.6654131,45980,56,LR,2.3515149676898575e-05
1787421674.5858471,46000,56,Loss/l_ce,0.04798460006713867
1787421674.5860214,46000,56,Loss/l_total,0.04798460006713867
1787421674.5860631,46000,56,LR,2.3515149676898575e-05
1787421685.06965,46020,56,Loss/l_ce,0.025578022003173828
1787421685.069816,46020,56,Loss/l_total,0.025578022003173828
1787421685.0698364,46020,56,LR,2.3515149676898575e-05
1787421692.4285944,46040,56,Loss/l_ce,0.014829158782958984
1787421692.4287643,46040,56,Loss/l_total,0.014829158782958984
1787421692.428787,46040,56,LR,2.3515149676898575e-05
1787421701.979242,46060,56,Loss/l_ce,0.011400222778320312
1787421701.9794152,46060,56,Loss/l_total,0.011400222778320312
1787421701.9794378,46060,56,LR,2.3515149676898575e-05
1787421708.6402724,46080,56,Loss/l_ce,0.11160421371459961
1787421708.6404316,46080,56,Loss/l_total,0.11160421371459961
1787421708.6404529,46080,56,LR,2.3515149676898575e-05
1787421717.9590743,46100,56,Loss/l_ce,0.025942087173461914
1787421717.9592557,46100,56,Loss/l_total,0.025942087173461914
1787421717.959276,46100,56,LR,2.3515149676898575e-05
1787421728.2455378,46120,56,Loss/l_ce,0.010972023010253906
1787421728.2457254,46120,56,Loss/l_total,0.010972023010253906
1787421728.2457492,46120,56,LR,2.3515149676898575e-05
1787421739.5751946,46140,56,Loss/l_ce,0.011334896087646484
1787421739.575425,46140,56,Loss/l_total,0.011334896087646484
1787421739.5754464,46140,56,LR,2.3515149676898575e-05
1787421749.6454825,46160,56,Loss/l_ce,0.012267112731933594
1787421749.6457746,46160,56,Loss/l_total,0.012267112731933594
1787421749.645797,46160,56,LR,2.3515149676898575e-05
1787421760.2572334,46180,56,Loss/l_ce,0.024631500244140625
1787421760.257402,46180,56,Loss/l_total,0.024631500244140625
1787421760.2574255,46180,56,LR,2.3515149676898575e-05
1787421769.375318,46200,56,Loss/l_ce,0.011761903762817383
1787421769.37554,46200,56,Loss/l_total,0.011761903762817383
1787421769.3755648,46200,56,LR,2.3515149676898575e-05
1787421780.169625,46220,56,Loss/l_ce,0.2434988021850586
1787421780.1697614,46220,56,Loss/l_total,0.2434988021850586
1787421780.1697817,46220,56,LR,2.3515149676898575e-05
1787421793.0174124,46240,56,Loss/l_ce,0.019458770751953125
1787421793.017593,46240,56,Loss/l_total,0.019458770751953125
1787421793.0176153,46240,56,LR,2.3515149676898575e-05
1787421803.0819564,46260,56,Loss/l_ce,0.014597415924072266
1787421803.082157,46260,56,Loss/l_total,0.014597415924072266
1787421803.082182,46260,56,LR,2.3515149676898575e-05
1787421810.1364594,46280,56,Loss/l_ce,0.04935455322265625
1787421810.136647,46280,56,Loss/l_total,0.04935455322265625
1787421810.136673,46280,56,LR,2.3515149676898575e-05
1787421874.1367757,46284,56,Val/avg_error,0.12167167663574219
1787421874.1369777,46284,56,Val/acc,0.437939453125
1787421874.1370013,46284,56,Val/sparse_auc,0.5983149364741162
1787421874.1370203,46284,56,Val/sparse_pck_max,0.1
1787421874.137196,46284,56,Val/sparse_pck_n,100.0
1787421880.886368,46300,57,Loss/l_ce,0.014795541763305664
1787421880.8866448,46300,57,Loss/l_total,0.014795541763305664
1787421880.8866732,46300,57,LR,2.2196411766036513e-05
1787421887.6967807,46320,57,Loss/l_ce,0.004380226135253906
1787421887.6969671,46320,57,Loss/l_total,0.004380226135253906
1787421887.696992,46320,57,LR,2.2196411766036513e-05
1787421894.8303766,46340,57,Loss/l_ce,0.023678302764892578
1787421894.8306036,46340,57,Loss/l_total,0.023678302764892578
1787421894.830627,46340,57,LR,2.2196411766036513e-05
1787421902.03245,46360,57,Loss/l_ce,0.04704093933105469
1787421902.0326374,46360,57,Loss/l_total,0.04704093933105469
1787421902.0326612,46360,57,LR,2.2196411766036513e-05
1787421910.0761669,46380,57,Loss/l_ce,0.013918876647949219
1787421910.076347,46380,57,Loss/l_total,0.013918876647949219
1787421910.0763686,46380,57,LR,2.2196411766036513e-05
1787421919.4078615,46400,57,Loss/l_ce,0.03971433639526367
1787421919.408092,46400,57,Loss/l_total,0.03971433639526367
1787421919.4081168,46400,57,LR,2.2196411766036513e-05
1787421931.212709,46420,57,Loss/l_ce,0.03391122817993164
1787421931.2129261,46420,57,Loss/l_total,0.03391122817993164
1787421931.2129452,46420,57,LR,2.2196411766036513e-05
1787421943.3328962,46440,57,Loss/l_ce,0.04783964157104492
1787421943.333137,46440,57,Loss/l_total,0.04783964157104492
1787421943.3331645,46440,57,LR,2.2196411766036513e-05
1787421957.2135782,46460,57,Loss/l_ce,0.008001565933227539
1787421957.213756,46460,57,Loss/l_total,0.008001565933227539
1787421957.2137787,46460,57,LR,2.2196411766036513e-05
1787421965.548001,46480,57,Loss/l_ce,0.03209543228149414
1787421965.54821,46480,57,Loss/l_total,0.03209543228149414
1787421965.5482469,46480,57,LR,2.2196411766036513e-05
1787421974.7350748,46500,57,Loss/l_ce,0.019515037536621094
1787421974.7352908,46500,57,Loss/l_total,0.019515037536621094
1787421974.7353146,46500,57,LR,2.2196411766036513e-05
1787421983.340498,46520,57,Loss/l_ce,0.025609254837036133
1787421983.3406677,46520,57,Loss/l_total,0.025609254837036133
1787421983.340694,46520,57,LR,2.2196411766036513e-05
1787421994.372064,46540,57,Loss/l_ce,0.026029586791992188
1787421994.3722517,46540,57,Loss/l_total,0.026029586791992188
1787421994.3722754,46540,57,LR,2.2196411766036513e-05
1787422000.9293666,46560,57,Loss/l_ce,0.029720544815063477
1787422000.929598,46560,57,Loss/l_total,0.029720544815063477
1787422000.9296243,46560,57,LR,2.2196411766036513e-05
1787422014.3765416,46580,57,Loss/l_ce,0.008571624755859375
1787422014.376867,46580,57,Loss/l_total,0.008571624755859375
1787422014.3768883,46580,57,LR,2.2196411766036513e-05
1787422023.1782,46600,57,Loss/l_ce,0.023007869720458984
1787422023.1783724,46600,57,Loss/l_total,0.023007869720458984
1787422023.1783948,46600,57,LR,2.2196411766036513e-05
1787422029.168849,46620,57,Loss/l_ce,0.0068836212158203125
1787422029.1691232,46620,57,Loss/l_total,0.0068836212158203125
1787422029.1691518,46620,57,LR,2.2196411766036513e-05
1787422034.9962254,46640,57,Loss/l_ce,0.01691579818725586
1787422034.9964497,46640,57,Loss/l_total,0.01691579818725586
1787422034.9964747,46640,57,LR,2.2196411766036513e-05
1787422047.5929732,46660,57,Loss/l_ce,0.01736927032470703
1787422047.5931776,46660,57,Loss/l_total,0.01736927032470703
1787422047.5932002,46660,57,LR,2.2196411766036513e-05
1787422060.0498946,46680,57,Loss/l_ce,0.01689600944519043
1787422060.0500953,46680,57,Loss/l_total,0.01689600944519043
1787422060.0501237,46680,57,LR,2.2196411766036513e-05
1787422067.2592473,46700,57,Loss/l_ce,0.02535867691040039
1787422067.2594004,46700,57,Loss/l_total,0.02535867691040039
1787422067.259422,46700,57,LR,2.2196411766036513e-05
1787422076.0164523,46720,57,Loss/l_ce,0.0372614860534668
1787422076.0167491,46720,57,Loss/l_total,0.0372614860534668
1787422076.016774,46720,57,LR,2.2196411766036513e-05
1787422086.4231915,46740,57,Loss/l_ce,0.027995586395263672
1787422086.4233944,46740,57,Loss/l_total,0.027995586395263672
1787422086.423417,46740,57,LR,2.2196411766036513e-05
1787422093.9084866,46760,57,Loss/l_ce,0.013446331024169922
1787422093.90866,46760,57,Loss/l_total,0.013446331024169922
1787422093.9086802,46760,57,LR,2.2196411766036513e-05
1787422103.551264,46780,57,Loss/l_ce,0.010470390319824219
1787422103.5514824,46780,57,Loss/l_total,0.010470390319824219
1787422103.5515049,46780,57,LR,2.2196411766036513e-05
1787422113.4020162,46800,57,Loss/l_ce,0.0497279167175293
1787422113.4022574,46800,57,Loss/l_total,0.0497279167175293
1787422113.4022884,46800,57,LR,2.2196411766036513e-05
1787422123.087018,46820,57,Loss/l_ce,0.04205656051635742
1787422123.0872412,46820,57,Loss/l_total,0.04205656051635742
1787422123.0872662,46820,57,LR,2.2196411766036513e-05
1787422132.9136453,46840,57,Loss/l_ce,0.07252073287963867
1787422132.9138672,46840,57,Loss/l_total,0.07252073287963867
1787422132.913891,46840,57,LR,2.2196411766036513e-05
1787422143.0604124,46860,57,Loss/l_ce,0.04251885414123535
1787422143.0605834,46860,57,Loss/l_total,0.04251885414123535
1787422143.0606344,46860,57,LR,2.2196411766036513e-05
1787422152.144993,46880,57,Loss/l_ce,0.037130117416381836
1787422152.1451924,46880,57,Loss/l_total,0.037130117416381836
1787422152.1452162,46880,57,LR,2.2196411766036513e-05
1787422164.3813596,46900,57,Loss/l_ce,0.013561010360717773
1787422164.3815365,46900,57,Loss/l_total,0.013561010360717773
1787422164.3815591,46900,57,LR,2.2196411766036513e-05
1787422172.8727114,46920,57,Loss/l_ce,0.048738956451416016
1787422172.8728979,46920,57,Loss/l_total,0.048738956451416016
1787422172.8729205,46920,57,LR,2.2196411766036513e-05
1787422181.7558258,46940,57,Loss/l_ce,0.062043190002441406
1787422181.7559953,46940,57,Loss/l_total,0.062043190002441406
1787422181.756018,46940,57,LR,2.2196411766036513e-05
1787422191.4096591,46960,57,Loss/l_ce,0.0404505729675293
1787422191.4098563,46960,57,Loss/l_total,0.0404505729675293
1787422191.4098787,46960,57,LR,2.2196411766036513e-05
1787422199.253329,46980,57,Loss/l_ce,0.022544145584106445
1787422199.2535405,46980,57,Loss/l_total,0.022544145584106445
1787422199.253562,46980,57,LR,2.2196411766036513e-05
1787422206.2403464,47000,57,Loss/l_ce,0.012587547302246094
1787422206.240535,47000,57,Loss/l_total,0.012587547302246094
1787422206.2405577,47000,57,LR,2.2196411766036513e-05
1787422214.52939,47020,57,Loss/l_ce,0.011935234069824219
1787422214.529575,47020,57,Loss/l_total,0.011935234069824219
1787422214.5296133,47020,57,LR,2.2196411766036513e-05
1787422221.9562466,47040,57,Loss/l_ce,0.008409261703491211
1787422221.956427,47040,57,Loss/l_total,0.008409261703491211
1787422221.9564495,47040,57,LR,2.2196411766036513e-05
1787422232.2010012,47060,57,Loss/l_ce,0.012054681777954102
1787422232.2012079,47060,57,Loss/l_total,0.012054681777954102
1787422232.2012317,47060,57,LR,2.2196411766036513e-05
1787422242.9222765,47080,57,Loss/l_ce,0.034020185470581055
1787422242.922437,47080,57,Loss/l_total,0.034020185470581055
1787422242.9224594,47080,57,LR,2.2196411766036513e-05
1787422316.2963393,47096,57,Val/avg_error,0.12246344983577728
1787422316.2966907,47096,57,Val/acc,0.43232421875
1787422316.296718,47096,57,Val/sparse_auc,0.5959605823863635
1787422316.2967405,47096,57,Val/sparse_pck_max,0.1
1787422316.2967632,47096,57,Val/sparse_pck_n,100.0
1787422319.5512118,47100,58,Loss/l_ce,0.01510310173034668
1787422319.5513768,47100,58,Loss/l_total,0.01510310173034668
1787422319.5514007,47100,58,LR,2.0935222495670985e-05
1787422331.7350135,47120,58,Loss/l_ce,0.012474536895751953
1787422331.73522,47120,58,Loss/l_total,0.012474536895751953
1787422331.7352438,47120,58,LR,2.0935222495670985e-05
1787422339.451274,47140,58,Loss/l_ce,0.011464357376098633
1787422339.4514365,47140,58,Loss/l_total,0.011464357376098633
1787422339.451458,47140,58,LR,2.0935222495670985e-05
1787422350.1772618,47160,58,Loss/l_ce,0.04179096221923828
1787422350.1774316,47160,58,Loss/l_total,0.04179096221923828
1787422350.1774554,47160,58,LR,2.0935222495670985e-05
1787422358.0729883,47180,58,Loss/l_ce,0.017349720001220703
1787422358.07321,47180,58,Loss/l_total,0.017349720001220703
1787422358.073235,47180,58,LR,2.0935222495670985e-05
1787422366.944145,47200,58,Loss/l_ce,0.01637125015258789
1787422366.9443147,47200,58,Loss/l_total,0.01637125015258789
1787422366.9443398,47200,58,LR,2.0935222495670985e-05
1787422378.6337836,47220,58,Loss/l_ce,0.06207728385925293
1787422378.633951,47220,58,Loss/l_total,0.06207728385925293
1787422378.6339736,47220,58,LR,2.0935222495670985e-05
1787422389.7204046,47240,58,Loss/l_ce,0.061188459396362305
1787422389.7205794,47240,58,Loss/l_total,0.061188459396362305
1787422389.7205997,47240,58,LR,2.0935222495670985e-05
1787422399.5866733,47260,58,Loss/l_ce,0.019109725952148438
1787422399.5868287,47260,58,Loss/l_total,0.019109725952148438
1787422399.5868502,47260,58,LR,2.0935222495670985e-05
1787422411.491593,47280,58,Loss/l_ce,0.015149116516113281
1787422411.4917662,47280,58,Loss/l_total,0.015149116516113281
1787422411.4917874,47280,58,LR,2.0935222495670985e-05
1787422422.328802,47300,58,Loss/l_ce,0.01134037971496582
1787422422.3291771,47300,58,Loss/l_total,0.01134037971496582
1787422422.3292058,47300,58,LR,2.0935222495670985e-05
1787422431.3571184,47320,58,Loss/l_ce,0.013045549392700195
1787422431.3573012,47320,58,Loss/l_total,0.013045549392700195
1787422431.357325,47320,58,LR,2.0935222495670985e-05
1787422438.4434965,47340,58,Loss/l_ce,0.02239704132080078
1787422438.4436994,47340,58,Loss/l_total,0.02239704132080078
1787422438.443721,47340,58,LR,2.0935222495670985e-05
1787422451.110094,47360,58,Loss/l_ce,0.010876893997192383
1787422451.1102674,47360,58,Loss/l_total,0.010876893997192383
1787422451.1102886,47360,58,LR,2.0935222495670985e-05
1787422460.4474816,47380,58,Loss/l_ce,0.013319015502929688
1787422460.4476562,47380,58,Loss/l_total,0.013319015502929688
1787422460.4476824,47380,58,LR,2.0935222495670985e-05
1787422469.0453353,47400,58,Loss/l_ce,0.016915321350097656
1787422469.0455372,47400,58,Loss/l_total,0.016915321350097656
1787422469.0455608,47400,58,LR,2.0935222495670985e-05
1787422477.2482793,47420,58,Loss/l_ce,0.020984172821044922
1787422477.2484539,47420,58,Loss/l_total,0.020984172821044922
1787422477.2484765,47420,58,LR,2.0935222495670985e-05
1787422487.1190052,47440,58,Loss/l_ce,0.01291203498840332
1787422487.119207,47440,58,Loss/l_total,0.01291203498840332
1787422487.1192307,47440,58,LR,2.0935222495670985e-05
1787422495.4334683,47460,58,Loss/l_ce,0.023541927337646484
1787422495.433699,47460,58,Loss/l_total,0.023541927337646484
1787422495.4337227,47460,58,LR,2.0935222495670985e-05
1787422508.5294285,47480,58,Loss/l_ce,0.015193939208984375
1787422508.5296245,47480,58,Loss/l_total,0.015193939208984375
1787422508.529648,47480,58,LR,2.0935222495670985e-05
1787422519.5693023,47500,58,Loss/l_ce,0.01465606689453125
1787422519.5695183,47500,58,Loss/l_total,0.01465606689453125
1787422519.5695431,47500,58,LR,2.0935222495670985e-05
1787422526.0163546,47520,58,Loss/l_ce,0.007340908050537109
1787422526.0165482,47520,58,Loss/l_total,0.007340908050537109
1787422526.016572,47520,58,LR,2.0935222495670985e-05
1787422536.28286,47540,58,Loss/l_ce,0.04739570617675781
1787422536.283069,47540,58,Loss/l_total,0.04739570617675781
1787422536.2830927,47540,58,LR,2.0935222495670985e-05
1787422547.1312816,47560,58,Loss/l_ce,0.016355514526367188
1787422547.1314812,47560,58,Loss/l_total,0.016355514526367188
1787422547.131508,47560,58,LR,2.0935222495670985e-05
1787422556.249554,47580,58,Loss/l_ce,0.01390695571899414
1787422556.2497559,47580,58,Loss/l_total,0.01390695571899414
1787422556.2497902,47580,58,LR,2.0935222495670985e-05
1787422567.5305014,47600,58,Loss/l_ce,0.01594710350036621
1787422567.5307534,47600,58,Loss/l_total,0.01594710350036621
1787422567.5307782,47600,58,LR,2.0935222495670985e-05
1787422577.3062828,47620,58,Loss/l_ce,0.19331717491149902
1787422577.3064609,47620,58,Loss/l_total,0.19331717491149902
1787422577.3064811,47620,58,LR,2.0935222495670985e-05
1787422587.4288375,47640,58,Loss/l_ce,0.014711856842041016
1787422587.4290073,47640,58,Loss/l_total,0.014711856842041016
1787422587.42903,47640,58,LR,2.0935222495670985e-05
1787422598.0605536,47660,58,Loss/l_ce,0.011782646179199219
1787422598.0607457,47660,58,Loss/l_total,0.011782646179199219
1787422598.0607684,47660,58,LR,2.0935222495670985e-05
1787422605.6589935,47680,58,Loss/l_ce,0.013888120651245117
1787422605.6591988,47680,58,Loss/l_total,0.013888120651245117
1787422605.6592236,47680,58,LR,2.0935222495670985e-05
1787422616.5123158,47700,58,Loss/l_ce,0.006490945816040039
1787422616.5125284,47700,58,Loss/l_total,0.006490945816040039
1787422616.512552,47700,58,LR,2.0935222495670985e-05
1787422625.3932865,47720,58,Loss/l_ce,0.04438447952270508
1787422625.393461,47720,58,Loss/l_total,0.04438447952270508
1787422625.3934836,47720,58,LR,2.0935222495670985e-05
1787422639.787967,47740,58,Loss/l_ce,0.013162374496459961
1787422639.7882211,47740,58,Loss/l_total,0.013162374496459961
1787422639.7882423,47740,58,LR,2.0935222495670985e-05
1787422649.4152067,47760,58,Loss/l_ce,0.012538433074951172
1787422649.4153943,47760,58,Loss/l_total,0.012538433074951172
1787422649.4154525,47760,58,LR,2.0935222495670985e-05
1787422659.6129453,47780,58,Loss/l_ce,0.03549075126647949
1787422659.6131947,47780,58,Loss/l_total,0.03549075126647949
1787422659.6132174,47780,58,LR,2.0935222495670985e-05
1787422668.8841236,47800,58,Loss/l_ce,0.020542144775390625
1787422668.8843267,47800,58,Loss/l_total,0.020542144775390625
1787422668.884348,47800,58,LR,2.0935222495670985e-05
1787422676.5593073,47820,58,Loss/l_ce,0.05747103691101074
1787422676.5594687,47820,58,Loss/l_total,0.05747103691101074
1787422676.5594914,47820,58,LR,2.0935222495670985e-05
1787422684.0666132,47840,58,Loss/l_ce,0.026230573654174805
1787422684.066795,47840,58,Loss/l_total,0.026230573654174805
1787422684.0668185,47840,58,LR,2.0935222495670985e-05
1787422696.004189,47860,58,Loss/l_ce,0.018105030059814453
1787422696.004386,47860,58,Loss/l_total,0.018105030059814453
1787422696.0044086,47860,58,LR,2.0935222495670985e-05
1787422705.933243,47880,58,Loss/l_ce,0.009174585342407227
1787422705.9334037,47880,58,Loss/l_total,0.009174585342407227
1787422705.9334261,47880,58,LR,2.0935222495670985e-05
1787422711.8727317,47900,58,Loss/l_ce,0.011367559432983398
1787422711.8728814,47900,58,Loss/l_total,0.011367559432983398
1787422711.8729026,47900,58,LR,2.0935222495670985e-05
1787422776.1403008,47908,58,Val/avg_error,0.12475541979074478
1787422776.1406617,47908,58,Val/acc,0.424365234375
1787422776.1406844,47908,58,Val/sparse_auc,0.5889485677083334
1787422776.1407032,47908,58,Val/sparse_pck_max,0.1
1787422776.1407235,47908,58,Val/sparse_pck_n,100.0
1787422783.8852568,47920,59,Loss/l_ce,0.02883458137512207
1787422783.8854277,47920,59,Loss/l_total,0.02883458137512207
1787422783.8854525,47920,59,LR,1.9733794420337228e-05
1787422790.3599012,47940,59,Loss/l_ce,0.012233495712280273
1787422790.3600876,47940,59,Loss/l_total,0.012233495712280273
1787422790.36011,47940,59,LR,1.9733794420337228e-05
1787422801.2244692,47960,59,Loss/l_ce,0.020017147064208984
1787422801.2247767,47960,59,Loss/l_total,0.020017147064208984
1787422801.2248015,47960,59,LR,1.9733794420337228e-05
1787422814.3404145,47980,59,Loss/l_ce,0.01977705955505371
1787422814.340608,47980,59,Loss/l_total,0.01977705955505371
1787422814.3406305,47980,59,LR,1.9733794420337228e-05
1787422821.3909535,48000,59,Loss/l_ce,0.020336151123046875
1787422821.3911457,48000,59,Loss/l_total,0.020336151123046875
1787422821.3911695,48000,59,LR,1.9733794420337228e-05
1787422836.846497,48020,59,Loss/l_ce,0.011975765228271484
1787422836.846674,48020,59,Loss/l_total,0.011975765228271484
1787422836.8466952,48020,59,LR,1.9733794420337228e-05
1787422847.8136535,48040,59,Loss/l_ce,0.026674270629882812
1787422847.8138258,48040,59,Loss/l_total,0.026674270629882812
1787422847.8153503,48040,59,LR,1.9733794420337228e-05
1787422857.4340274,48060,59,Loss/l_ce,0.0347437858581543
1787422857.4342353,48060,59,Loss/l_total,0.0347437858581543
1787422857.434258,48060,59,LR,1.9733794420337228e-05
1787422866.6189644,48080,59,Loss/l_ce,0.12810707092285156
1787422866.6192186,48080,59,Loss/l_total,0.12810707092285156
1787422866.6192517,48080,59,LR,1.9733794420337228e-05
1787422879.9246056,48100,59,Loss/l_ce,0.04826641082763672
1787422879.9248195,48100,59,Loss/l_total,0.04826641082763672
1787422879.9248433,48100,59,LR,1.9733794420337228e-05
1787422888.477296,48120,59,Loss/l_ce,0.011564493179321289
1787422888.4774811,48120,59,Loss/l_total,0.011564493179321289
1787422888.4775038,48120,59,LR,1.9733794420337228e-05
1787422898.2605007,48140,59,Loss/l_ce,0.018328189849853516
1787422898.260674,48140,59,Loss/l_total,0.018328189849853516
1787422898.2606955,48140,59,LR,1.9733794420337228e-05
1787422909.591582,48160,59,Loss/l_ce,0.01015782356262207
1787422909.5918133,48160,59,Loss/l_total,0.01015782356262207
1787422909.5918324,48160,59,LR,1.9733794420337228e-05
1787422918.5051367,48180,59,Loss/l_ce,0.01306915283203125
1787422918.5053313,48180,59,Loss/l_total,0.01306915283203125
1787422918.5053551,48180,59,LR,1.9733794420337228e-05
1787422929.2018635,48200,59,Loss/l_ce,0.031313180923461914
1787422929.202083,48200,59,Loss/l_total,0.031313180923461914
1787422929.2021055,48200,59,LR,1.9733794420337228e-05
1787422940.9914675,48220,59,Loss/l_ce,0.009215831756591797
1787422940.9917655,48220,59,Loss/l_total,0.009215831756591797
1787422940.9917893,48220,59,LR,1.9733794420337228e-05
1787422950.5938737,48240,59,Loss/l_ce,0.02708911895751953
1787422950.5940862,48240,59,Loss/l_total,0.02708911895751953
1787422950.59411,48240,59,LR,1.9733794420337228e-05
1787422959.48868,48260,59,Loss/l_ce,0.04993081092834473
1787422959.4888546,48260,59,Loss/l_total,0.04993081092834473
1787422959.4888794,48260,59,LR,1.9733794420337228e-05
1787422971.5517206,48280,59,Loss/l_ce,0.012862920761108398
1787422971.5518763,48280,59,Loss/l_total,0.012862920761108398
1787422971.5518966,48280,59,LR,1.9733794420337228e-05
1787422982.1131258,48300,59,Loss/l_ce,0.022835254669189453
1787422982.113297,48300,59,Loss/l_total,0.022835254669189453
1787422982.113317,48300,59,LR,1.9733794420337228e-05
1787422993.6932998,48320,59,Loss/l_ce,0.018634796142578125
1787422993.6934755,48320,59,Loss/l_total,0.018634796142578125
1787422993.693497,48320,59,LR,1.9733794420337228e-05
1787423002.1949358,48340,59,Loss/l_ce,0.0326385498046875
1787423002.1951303,48340,59,Loss/l_total,0.0326385498046875
1787423002.1951578,48340,59,LR,1.9733794420337228e-05
1787423014.2973273,48360,59,Loss/l_ce,0.02490854263305664
1787423014.297502,48360,59,Loss/l_total,0.02490854263305664
1787423014.2975235,48360,59,LR,1.9733794420337228e-05
1787423024.4505477,48380,59,Loss/l_ce,0.0286257266998291
1787423024.4507198,48380,59,Loss/l_total,0.0286257266998291
1787423024.4507413,48380,59,LR,1.9733794420337228e-05
1787423035.3066912,48400,59,Loss/l_ce,0.022661209106445312
1787423035.3068726,48400,59,Loss/l_total,0.022661209106445312
1787423035.3068964,48400,59,LR,1.9733794420337228e-05
1787423046.033318,48420,59,Loss/l_ce,0.015316963195800781
1787423046.0334904,48420,59,Loss/l_total,0.015316963195800781
1787423046.0335116,48420,59,LR,1.9733794420337228e-05
1787423056.0218272,48440,59,Loss/l_ce,0.020427703857421875
1787423056.0219853,48440,59,Loss/l_total,0.020427703857421875
1787423056.0220068,48440,59,LR,1.9733794420337228e-05
1787423067.588001,48460,59,Loss/l_ce,0.015258550643920898
1787423067.5882277,48460,59,Loss/l_total,0.015258550643920898
1787423067.5882504,48460,59,LR,1.9733794420337228e-05
1787423075.5482352,48480,59,Loss/l_ce,0.0165560245513916
1787423075.5484145,48480,59,Loss/l_total,0.0165560245513916
1787423075.5484395,48480,59,LR,1.9733794420337228e-05
1787423083.2997463,48500,59,Loss/l_ce,0.0174560546875
1787423083.2999423,48500,59,Loss/l_total,0.0174560546875
1787423083.2999673,48500,59,LR,1.9733794420337228e-05
1787423097.5195665,48520,59,Loss/l_ce,0.022487163543701172
1787423097.5197256,48520,59,Loss/l_total,0.022487163543701172
1787423097.519752,48520,59,LR,1.9733794420337228e-05
1787423109.266206,48540,59,Loss/l_ce,0.01524496078491211
1787423109.2664173,48540,59,Loss/l_total,0.01524496078491211
1787423109.2664423,48540,59,LR,1.9733794420337228e-05
1787423121.477054,48560,59,Loss/l_ce,0.026378631591796875
1787423121.4772644,48560,59,Loss/l_total,0.026378631591796875
1787423121.4772868,48560,59,LR,1.9733794420337228e-05
1787423130.7444158,48580,59,Loss/l_ce,0.02645587921142578
1787423130.7446103,48580,59,Loss/l_total,0.02645587921142578
1787423130.7446342,48580,59,LR,1.9733794420337228e-05
1787423141.4092672,48600,59,Loss/l_ce,0.040323734283447266
1787423141.4094641,48600,59,Loss/l_total,0.040323734283447266
1787423141.4094832,48600,59,LR,1.9733794420337228e-05
1787423147.8276613,48620,59,Loss/l_ce,0.02714252471923828
1787423147.8278265,48620,59,Loss/l_total,0.02714252471923828
1787423147.827849,48620,59,LR,1.9733794420337228e-05
1787423156.7952402,48640,59,Loss/l_ce,0.026233196258544922
1787423156.7955048,48640,59,Loss/l_total,0.026233196258544922
1787423156.7955287,48640,59,LR,1.9733794420337228e-05
1787423162.8752491,48660,59,Loss/l_ce,0.0196993350982666
1787423162.8754606,48660,59,Loss/l_total,0.0196993350982666
1787423162.8754807,48660,59,LR,1.9733794420337228e-05
1787423168.8956606,48680,59,Loss/l_ce,0.01434326171875
1787423168.8958175,48680,59,Loss/l_total,0.01434326171875
1787423168.8958387,48680,59,LR,1.9733794420337228e-05
1787423178.6680923,48700,59,Loss/l_ce,0.017020225524902344
1787423178.668263,48700,59,Loss/l_total,0.017020225524902344
1787423178.6682832,48700,59,LR,1.9733794420337228e-05
1787423184.2768135,48720,59,Loss/l_ce,0.010998249053955078
1787423184.2770581,48720,59,Loss/l_total,0.010998249053955078
1787423184.277084,48720,59,LR,1.9733794420337228e-05
1787423244.3291824,48720,59,Val/avg_error,0.1264599859714508
1787423244.3294742,48720,59,Val/acc,0.42685546875
1787423244.329496,48720,59,Val/sparse_auc,0.5899182252209595
1787423244.3295124,48720,59,Val/sparse_pck_max,0.1
1787423244.32953,48720,59,Val/sparse_pck_n,100.0
1787423253.8093908,48740,60,Loss/l_ce,0.05242466926574707
1787423253.8095655,48740,60,Loss/l_total,0.05242466926574707
1787423253.809588,48740,60,LR,1.859423525312738e-05
1787423261.4864745,48760,60,Loss/l_ce,0.011914730072021484
1787423261.4867,48760,60,Loss/l_total,0.011914730072021484
1787423261.4867249,48760,60,LR,1.859423525312738e-05
1787423268.6304834,48780,60,Loss/l_ce,0.025975704193115234
1787423268.630676,48780,60,Loss/l_total,0.025975704193115234
1787423268.6306973,48780,60,LR,1.859423525312738e-05
1787423277.795269,48800,60,Loss/l_ce,0.012718439102172852
1787423277.7954733,48800,60,Loss/l_total,0.012718439102172852
1787423277.7954996,48800,60,LR,1.859423525312738e-05
1787423286.3254178,48820,60,Loss/l_ce,0.012546062469482422
1787423286.3256063,48820,60,Loss/l_total,0.012546062469482422
1787423286.3256278,48820,60,LR,1.859423525312738e-05
1787423294.5753336,48840,60,Loss/l_ce,0.011463165283203125
1787423294.5755723,48840,60,Loss/l_total,0.011463165283203125
1787423294.575595,48840,60,LR,1.859423525312738e-05
1787423306.1153986,48860,60,Loss/l_ce,0.029657840728759766
1787423306.1155374,48860,60,Loss/l_total,0.029657840728759766
1787423306.1155612,48860,60,LR,1.859423525312738e-05
1787423314.860911,48880,60,Loss/l_ce,0.013318300247192383
1787423314.861134,48880,60,Loss/l_total,0.013318300247192383
1787423314.861158,48880,60,LR,1.859423525312738e-05
1787423326.0831697,48900,60,Loss/l_ce,0.022754669189453125
1787423326.0833313,48900,60,Loss/l_total,0.022754669189453125
1787423326.0833528,48900,60,LR,1.859423525312738e-05
1787423340.239565,48920,60,Loss/l_ce,0.010334014892578125
1787423340.2397633,48920,60,Loss/l_total,0.010334014892578125
1787423340.239787,48920,60,LR,1.859423525312738e-05
1787423348.412962,48940,60,Loss/l_ce,0.01995992660522461
1787423348.4131982,48940,60,Loss/l_total,0.01995992660522461
1787423348.413222,48940,60,LR,1.859423525312738e-05
1787423362.23752,48960,60,Loss/l_ce,0.01508021354675293
1787423362.2376873,48960,60,Loss/l_total,0.01508021354675293
1787423362.2377086,48960,60,LR,1.859423525312738e-05
1787423370.321287,48980,60,Loss/l_ce,0.025588035583496094
1787423370.3214662,48980,60,Loss/l_total,0.025588035583496094
1787423370.3214889,48980,60,LR,1.859423525312738e-05
1787423378.2803085,49000,60,Loss/l_ce,0.0191347599029541
1787423378.280495,49000,60,Loss/l_total,0.0191347599029541
1787423378.280521,49000,60,LR,1.859423525312738e-05
1787423388.599779,49020,60,Loss/l_ce,0.029405593872070312
1787423388.600111,49020,60,Loss/l_total,0.029405593872070312
1787423388.6001384,49020,60,LR,1.859423525312738e-05
1787423400.1774218,49040,60,Loss/l_ce,0.011339664459228516
1787423400.1775799,49040,60,Loss/l_total,0.011339664459228516
1787423400.1776023,49040,60,LR,1.859423525312738e-05
1787423409.2633357,49060,60,Loss/l_ce,0.018155574798583984
1787423409.2635233,49060,60,Loss/l_total,0.018155574798583984
1787423409.2635481,49060,60,LR,1.859423525312738e-05
1787423420.9186044,49080,60,Loss/l_ce,0.012598037719726562
1787423420.9188263,49080,60,Loss/l_total,0.012598037719726562
1787423420.9188488,49080,60,LR,1.859423525312738e-05
1787423433.9963446,49100,60,Loss/l_ce,0.023435115814208984
1787423433.9965858,49100,60,Loss/l_total,0.023435115814208984
1787423433.9966059,49100,60,LR,1.859423525312738e-05
1787423440.6639624,49120,60,Loss/l_ce,0.12340259552001953
1787423440.664163,49120,60,Loss/l_total,0.12340259552001953
1787423440.664189,49120,60,LR,1.859423525312738e-05
1787423451.9388332,49140,60,Loss/l_ce,0.03151845932006836
1787423451.9390018,49140,60,Loss/l_total,0.03151845932006836
1787423451.939022,49140,60,LR,1.859423525312738e-05
1787423459.1120858,49160,60,Loss/l_ce,0.15642857551574707
1787423459.1124027,49160,60,Loss/l_total,0.15642857551574707
1787423459.1124384,49160,60,LR,1.859423525312738e-05
1787423467.1642554,49180,60,Loss/l_ce,0.014511346817016602
1787423467.164429,49180,60,Loss/l_total,0.014511346817016602
1787423467.1644526,49180,60,LR,1.859423525312738e-05
1787423474.897805,49200,60,Loss/l_ce,0.018032312393188477
1787423474.898027,49200,60,Loss/l_total,0.018032312393188477
1787423474.8983276,49200,60,LR,1.859423525312738e-05
1787423485.1903987,49220,60,Loss/l_ce,0.029105663299560547
1787423485.1905923,49220,60,Loss/l_total,0.029105663299560547
1787423485.1906126,49220,60,LR,1.859423525312738e-05
1787423496.8423014,49240,60,Loss/l_ce,0.019153594970703125
1787423496.842514,49240,60,Loss/l_total,0.019153594970703125
1787423496.8425355,49240,60,LR,1.859423525312738e-05
1787423505.2493777,49260,60,Loss/l_ce,0.009559392929077148
1787423505.2495632,49260,60,Loss/l_total,0.009559392929077148
1787423505.2495844,49260,60,LR,1.859423525312738e-05
1787423510.8101106,49280,60,Loss/l_ce,0.01096487045288086
1787423510.8103468,49280,60,Loss/l_total,0.01096487045288086
1787423510.8103764,49280,60,LR,1.859423525312738e-05
1787423525.0526133,49300,60,Loss/l_ce,0.03256368637084961
1787423525.0528083,49300,60,Loss/l_total,0.03256368637084961
1787423525.0528357,49300,60,LR,1.859423525312738e-05
1787423537.167899,49320,60,Loss/l_ce,0.014827728271484375
1787423537.1680937,49320,60,Loss/l_total,0.014827728271484375
1787423537.1681163,49320,60,LR,1.859423525312738e-05
1787423545.9956057,49340,60,Loss/l_ce,0.006807565689086914
1787423545.995798,49340,60,Loss/l_total,0.006807565689086914
1787423545.9958217,49340,60,LR,1.859423525312738e-05
1787423557.9413016,49360,60,Loss/l_ce,0.023440122604370117
1787423557.9414713,49360,60,Loss/l_total,0.023440122604370117
1787423557.9414937,49360,60,LR,1.859423525312738e-05
1787423565.6892269,49380,60,Loss/l_ce,0.01953125
1787423565.6895213,49380,60,Loss/l_total,0.01953125
1787423565.6895463,49380,60,LR,1.859423525312738e-05
1787423574.1959054,49400,60,Loss/l_ce,0.014682769775390625
1787423574.1960955,49400,60,Loss/l_total,0.014682769775390625
1787423574.1961145,49400,60,LR,1.859423525312738e-05
1787423585.5866935,49420,60,Loss/l_ce,0.010478019714355469
1787423585.5868669,49420,60,Loss/l_total,0.010478019714355469
1787423585.5869002,49420,60,LR,1.859423525312738e-05
1787423597.7946002,49440,60,Loss/l_ce,0.025943279266357422
1787423597.7947557,49440,60,Loss/l_total,0.025943279266357422
1787423597.7947748,49440,60,LR,1.859423525312738e-05
1787423607.5181422,49460,60,Loss/l_ce,0.035485029220581055
1787423607.5183105,49460,60,Loss/l_total,0.035485029220581055
1787423607.5183332,49460,60,LR,1.859423525312738e-05
1787423617.811775,49480,60,Loss/l_ce,0.012043952941894531
1787423617.8119507,49480,60,Loss/l_total,0.012043952941894531
1787423617.8119707,49480,60,LR,1.859423525312738e-05
1787423626.26712,49500,60,Loss/l_ce,0.021967411041259766
1787423626.267304,49500,60,Loss/l_total,0.021967411041259766
1787423626.26733,49500,60,LR,1.859423525312738e-05
1787423632.3656003,49520,60,Loss/l_ce,0.012312173843383789
1787423632.3657749,49520,60,Loss/l_total,0.012312173843383789
1787423632.3657987,49520,60,LR,1.859423525312738e-05
1787423696.5853071,49532,60,Val/avg_error,0.12200286239385605
1787423696.5856714,49532,60,Val/acc,0.431591796875
1787423696.5856965,49532,60,Val/sparse_auc,0.5956488715277778
1787423696.5857155,49532,60,Val/sparse_pck_max,0.1
1787423696.5857334,49532,60,Val/sparse_pck_n,100.0
1787423702.3025136,49540,61,Loss/l_ce,0.014799356460571289
1787423702.3026645,49540,61,Loss/l_total,0.014799356460571289
1787423702.3026834,49540,61,LR,1.7518544168045535e-05
1787423716.3212094,49560,61,Loss/l_ce,0.029413700103759766
1787423716.3214016,49560,61,Loss/l_total,0.029413700103759766
1787423716.3214204,49560,61,LR,1.7518544168045535e-05
1787423725.6063223,49580,61,Loss/l_ce,0.04650545120239258
1787423725.6064944,49580,61,Loss/l_total,0.04650545120239258
1787423725.6065156,49580,61,LR,1.7518544168045535e-05
1787423732.1519551,49600,61,Loss/l_ce,0.018375635147094727
1787423732.1521735,49600,61,Loss/l_total,0.018375635147094727
1787423732.1521997,49600,61,LR,1.7518544168045535e-05
1787423743.2815666,49620,61,Loss/l_ce,0.031295061111450195
1787423743.2817721,49620,61,Loss/l_total,0.031295061111450195
1787423743.2817922,49620,61,LR,1.7518544168045535e-05
1787423754.493591,49640,61,Loss/l_ce,0.009001731872558594
1787423754.4937584,49640,61,Loss/l_total,0.009001731872558594
1787423754.4937797,49640,61,LR,1.7518544168045535e-05
1787423764.82139,49660,61,Loss/l_ce,0.023035049438476562
1787423764.8215559,49660,61,Loss/l_total,0.023035049438476562
1787423764.8215785,49660,61,LR,1.7518544168045535e-05
1787423773.261364,49680,61,Loss/l_ce,0.015401124954223633
1787423773.261529,49680,61,Loss/l_total,0.015401124954223633
1787423773.2615504,49680,61,LR,1.7518544168045535e-05
1787423785.4999492,49700,61,Loss/l_ce,0.010132312774658203
1787423785.5002367,49700,61,Loss/l_total,0.010132312774658203
1787423785.5002615,49700,61,LR,1.7518544168045535e-05
1787423796.7638574,49720,61,Loss/l_ce,0.03278326988220215
1787423796.7640226,49720,61,Loss/l_total,0.03278326988220215
1787423796.764059,49720,61,LR,1.7518544168045535e-05
1787423805.7699914,49740,61,Loss/l_ce,0.010933876037597656
1787423805.7701826,49740,61,Loss/l_total,0.010933876037597656
1787423805.7702074,49740,61,LR,1.7518544168045535e-05
1787423815.7384992,49760,61,Loss/l_ce,0.023958206176757812
1787423815.738695,49760,61,Loss/l_total,0.023958206176757812
1787423815.7387187,49760,61,LR,1.7518544168045535e-05
1787423822.9472618,49780,61,Loss/l_ce,0.01458120346069336
1787423822.94746,49780,61,Loss/l_total,0.01458120346069336
1787423822.9474823,49780,61,LR,1.7518544168045535e-05
1787423832.1685634,49800,61,Loss/l_ce,0.030299901962280273
1787423832.1688151,49800,61,Loss/l_total,0.030299901962280273
1787423832.168839,49800,61,LR,1.7518544168045535e-05
1787423844.3561819,49820,61,Loss/l_ce,0.006404399871826172
1787423844.3563302,49820,61,Loss/l_total,0.006404399871826172
1787423844.3563492,49820,61,LR,1.7518544168045535e-05
1787423851.6205254,49840,61,Loss/l_ce,0.013795614242553711
1787423851.6207354,49840,61,Loss/l_total,0.013795614242553711
1787423851.6207607,49840,61,LR,1.7518544168045535e-05
1787423857.074392,49860,61,Loss/l_ce,0.027499675750732422
1787423857.074568,49860,61,Loss/l_total,0.027499675750732422
1787423857.0745893,49860,61,LR,1.7518544168045535e-05
1787423864.8051589,49880,61,Loss/l_ce,0.015652179718017578
1787423864.805343,49880,61,Loss/l_total,0.015652179718017578
1787423864.8053668,49880,61,LR,1.7518544168045535e-05
1787423871.4605076,49900,61,Loss/l_ce,0.025568485260009766
1787423871.4607084,49900,61,Loss/l_total,0.025568485260009766
1787423871.460732,49900,61,LR,1.7518544168045535e-05
1787423877.4165578,49920,61,Loss/l_ce,0.022513389587402344
1787423877.417021,49920,61,Loss/l_total,0.022513389587402344
1787423877.4170778,49920,61,LR,1.7518544168045535e-05
1787423883.727271,49940,61,Loss/l_ce,0.05113387107849121
1787423883.72746,49940,61,Loss/l_total,0.05113387107849121
1787423883.7274837,49940,61,LR,1.7518544168045535e-05
1787423890.1897185,49960,61,Loss/l_ce,0.030161142349243164
1787423890.1899168,49960,61,Loss/l_total,0.030161142349243164
1787423890.1899395,49960,61,LR,1.7518544168045535e-05
1787423896.9044998,49980,61,Loss/l_ce,0.025841474533081055
1787423896.9046943,49980,61,Loss/l_total,0.025841474533081055
1787423896.904717,49980,61,LR,1.7518544168045535e-05
1787423902.3036714,50000,61,Loss/l_ce,0.02286243438720703
1787423902.3038814,50000,61,Loss/l_total,0.02286243438720703
1787423902.3039017,50000,61,LR,1.7518544168045535e-05
1787423916.4266605,50020,61,Loss/l_ce,0.036223411560058594
1787423916.4268353,50020,61,Loss/l_total,0.036223411560058594
1787423916.4268565,50020,61,LR,1.7518544168045535e-05
1787423924.6564362,50040,61,Loss/l_ce,0.01380014419555664
1787423924.6566083,50040,61,Loss/l_total,0.01380014419555664
1787423924.656632,50040,61,LR,1.7518544168045535e-05
1787423932.408997,50060,61,Loss/l_ce,0.010723352432250977
1787423932.409179,50060,61,Loss/l_total,0.010723352432250977
1787423932.4092023,50060,61,LR,1.7518544168045535e-05
1787423940.6531308,50080,61,Loss/l_ce,0.013061046600341797
1787423940.6533027,50080,61,Loss/l_total,0.013061046600341797
1787423940.6533277,50080,61,LR,1.7518544168045535e-05
1787423947.434911,50100,61,Loss/l_ce,0.03829693794250488
1787423947.4351044,50100,61,Loss/l_total,0.03829693794250488
1787423947.4351294,50100,61,LR,1.7518544168045535e-05
1787423957.2081335,50120,61,Loss/l_ce,0.01055002212524414
1787423957.208316,50120,61,Loss/l_total,0.01055002212524414
1787423957.20834,50120,61,LR,1.7518544168045535e-05
1787423966.5621512,50140,61,Loss/l_ce,0.019186973571777344
1787423966.5623102,50140,61,Loss/l_total,0.019186973571777344
1787423966.5623317,50140,61,LR,1.7518544168045535e-05
1787423973.8049512,50160,61,Loss/l_ce,0.04267120361328125
1787423973.8051696,50160,61,Loss/l_total,0.04267120361328125
1787423973.805197,50160,61,LR,1.7518544168045535e-05
1787423986.0395973,50180,61,Loss/l_ce,0.026651859283447266
1787423986.0397792,50180,61,Loss/l_total,0.026651859283447266
1787423986.0398006,50180,61,LR,1.7518544168045535e-05
1787423995.4224787,50200,61,Loss/l_ce,0.014568328857421875
1787423995.42266,50200,61,Loss/l_total,0.014568328857421875
1787423995.422684,50200,61,LR,1.7518544168045535e-05
1787424008.796752,50220,61,Loss/l_ce,0.0362095832824707
1787424008.7969396,50220,61,Loss/l_total,0.0362095832824707
1787424008.7969608,50220,61,LR,1.7518544168045535e-05
1787424019.536438,50240,61,Loss/l_ce,0.016313552856445312
1787424019.5366068,50240,61,Loss/l_total,0.016313552856445312
1787424019.536627,50240,61,LR,1.7518544168045535e-05
1787424030.3273513,50260,61,Loss/l_ce,0.020351409912109375
1787424030.32759,50260,61,Loss/l_total,0.020351409912109375
1787424030.3276114,50260,61,LR,1.7518544168045535e-05
1787424040.2019877,50280,61,Loss/l_ce,0.028134822845458984
1787424040.2022574,50280,61,Loss/l_total,0.028134822845458984
1787424040.2022822,50280,61,LR,1.7518544168045535e-05
1787424051.9013665,50300,61,Loss/l_ce,0.02586984634399414
1787424051.90156,50300,61,Loss/l_total,0.02586984634399414
1787424051.9015863,50300,61,LR,1.7518544168045535e-05
1787424060.1862626,50320,61,Loss/l_ce,0.016314029693603516
1787424060.186436,50320,61,Loss/l_total,0.016314029693603516
1787424060.1864595,50320,61,LR,1.7518544168045535e-05
1787424066.668304,50340,61,Loss/l_ce,0.011936187744140625
1787424066.668475,50340,61,Loss/l_total,0.011936187744140625
1787424066.6684973,50340,61,LR,1.7518544168045535e-05
1787424130.65392,50344,61,Val/avg_error,0.12469961494207382
1787424130.6543984,50344,61,Val/acc,0.423046875
1787424130.6544259,50344,61,Val/sparse_auc,0.5882158992266414
1787424130.6544461,50344,61,Val/sparse_pck_max,0.1
1787424130.654497,50344,61,Val/sparse_pck_n,100.0
1787424140.2236667,50360,62,Loss/l_ce,0.009320497512817383
1787424140.2238436,50360,62,Loss/l_total,0.009320497512817383
1787424140.2238674,50360,62,LR,1.650860829277721e-05
1787424149.2273667,50380,62,Loss/l_ce,0.020673274993896484
1787424149.2275422,50380,62,Loss/l_total,0.020673274993896484
1787424149.2275648,50380,62,LR,1.650860829277721e-05
1787424155.7162287,50400,62,Loss/l_ce,0.01602625846862793
1787424155.716396,50400,62,Loss/l_total,0.01602625846862793
1787424155.71642,50400,62,LR,1.650860829277721e-05
1787424166.5999913,50420,62,Loss/l_ce,0.022897958755493164
1787424166.6002207,50420,62,Loss/l_total,0.022897958755493164
1787424166.600242,50420,62,LR,1.650860829277721e-05
1787424174.2540894,50440,62,Loss/l_ce,0.015103340148925781
1787424174.2543294,50440,62,Loss/l_total,0.015103340148925781
1787424174.254353,50440,62,LR,1.650860829277721e-05
1787424186.099867,50460,62,Loss/l_ce,0.011213302612304688
1787424186.100093,50460,62,Loss/l_total,0.011213302612304688
1787424186.1001165,50460,62,LR,1.650860829277721e-05
1787424195.8793294,50480,62,Loss/l_ce,0.012644767761230469
1787424195.879497,50480,62,Loss/l_total,0.012644767761230469
1787424195.8795185,50480,62,LR,1.650860829277721e-05
1787424203.00212,50500,62,Loss/l_ce,0.037837982177734375
1787424203.0024216,50500,62,Loss/l_total,0.037837982177734375
1787424203.0024467,50500,62,LR,1.650860829277721e-05
1787424210.2764297,50520,62,Loss/l_ce,0.026055335998535156
1787424210.276604,50520,62,Loss/l_total,0.026055335998535156
1787424210.2766278,50520,62,LR,1.650860829277721e-05
1787424221.1385467,50540,62,Loss/l_ce,0.012335538864135742
1787424221.1387653,50540,62,Loss/l_total,0.012335538864135742
1787424221.1387901,50540,62,LR,1.650860829277721e-05
1787424232.4925015,50560,62,Loss/l_ce,0.02125263214111328
1787424232.4926555,50560,62,Loss/l_total,0.02125263214111328
1787424232.4926784,50560,62,LR,1.650860829277721e-05
1787424245.1680741,50580,62,Loss/l_ce,0.027273893356323242
1787424245.1682677,50580,62,Loss/l_total,0.027273893356323242
1787424245.1682906,50580,62,LR,1.650860829277721e-05
1787424251.9740264,50600,62,Loss/l_ce,0.2781195640563965
1787424251.9742367,50600,62,Loss/l_total,0.2781195640563965
1787424251.9742606,50600,62,LR,1.650860829277721e-05
1787424262.9865506,50620,62,Loss/l_ce,0.022559642791748047
1787424262.9867132,50620,62,Loss/l_total,0.022559642791748047
1787424262.9867332,50620,62,LR,1.650860829277721e-05
1787424270.4382765,50640,62,Loss/l_ce,0.02609992027282715
1787424270.4384534,50640,62,Loss/l_total,0.02609992027282715
1787424270.4384842,50640,62,LR,1.650860829277721e-05
1787424279.8232956,50660,62,Loss/l_ce,0.014240741729736328
1787424279.8234844,50660,62,Loss/l_total,0.014240741729736328
1787424279.823508,50660,62,LR,1.650860829277721e-05
1787424296.1642628,50680,62,Loss/l_ce,0.012078046798706055
1787424296.1644347,50680,62,Loss/l_total,0.012078046798706055
1787424296.1644561,50680,62,LR,1.650860829277721e-05
1787424305.5876813,50700,62,Loss/l_ce,0.023143529891967773
1787424305.5878582,50700,62,Loss/l_total,0.023143529891967773
1787424305.5878806,50700,62,LR,1.650860829277721e-05
1787424312.695596,50720,62,Loss/l_ce,0.042371273040771484
1787424312.6957836,50720,62,Loss/l_total,0.042371273040771484
1787424312.695811,50720,62,LR,1.650860829277721e-05
1787424321.5645666,50740,62,Loss/l_ce,0.011579751968383789
1787424321.5647218,50740,62,Loss/l_total,0.011579751968383789
1787424321.5647445,50740,62,LR,1.650860829277721e-05
1787424332.6778576,50760,62,Loss/l_ce,0.010405302047729492
1787424332.6780128,50760,62,Loss/l_total,0.010405302047729492
1787424332.6780498,50760,62,LR,1.650860829277721e-05
1787424341.1899588,50780,62,Loss/l_ce,0.015124082565307617
1787424341.1901844,50780,62,Loss/l_total,0.015124082565307617
1787424341.1902094,50780,62,LR,1.650860829277721e-05
1787424353.7872927,50800,62,Loss/l_ce,0.013999223709106445
1787424353.7875051,50800,62,Loss/l_total,0.013999223709106445
1787424353.7875266,50800,62,LR,1.650860829277721e-05
1787424368.6375399,50820,62,Loss/l_ce,0.01563239097595215
1787424368.6377153,50820,62,Loss/l_total,0.01563239097595215
1787424368.6377428,50820,62,LR,1.650860829277721e-05
1787424377.735542,50840,62,Loss/l_ce,0.013743400573730469
1787424377.73575,50840,62,Loss/l_total,0.013743400573730469
1787424377.7357748,50840,62,LR,1.650860829277721e-05
1787424385.3664489,50860,62,Loss/l_ce,0.011053800582885742
1787424385.3666115,50860,62,Loss/l_total,0.011053800582885742
1787424385.3666353,50860,62,LR,1.650860829277721e-05
1787424392.5873303,50880,62,Loss/l_ce,0.013353586196899414
1787424392.5875747,50880,62,Loss/l_total,0.013353586196899414
1787424392.5875995,50880,62,LR,1.650860829277721e-05
1787424399.2258394,50900,62,Loss/l_ce,0.01632213592529297
1787424399.2260673,50900,62,Loss/l_total,0.01632213592529297
1787424399.2260945,50900,62,LR,1.650860829277721e-05
1787424405.2378004,50920,62,Loss/l_ce,0.012939929962158203
1787424405.2380166,50920,62,Loss/l_total,0.012939929962158203
1787424405.2380629,50920,62,LR,1.650860829277721e-05
1787424411.2435794,50940,62,Loss/l_ce,0.015602588653564453
1787424411.2437537,50940,62,Loss/l_total,0.015602588653564453
1787424411.2437751,50940,62,LR,1.650860829277721e-05
1787424419.4648087,50960,62,Loss/l_ce,0.013153791427612305
1787424419.4649937,50960,62,Loss/l_total,0.013153791427612305
1787424419.4650154,50960,62,LR,1.650860829277721e-05
1787424425.6588867,50980,62,Loss/l_ce,0.011892557144165039
1787424425.659099,50980,62,Loss/l_total,0.011892557144165039
1787424425.6591265,50980,62,LR,1.650860829277721e-05
1787424431.1875079,51000,62,Loss/l_ce,0.017133712768554688
1787424431.187679,51000,62,Loss/l_total,0.017133712768554688
1787424431.1877015,51000,62,LR,1.650860829277721e-05
1787424438.3531122,51020,62,Loss/l_ce,0.12494897842407227
1787424438.3533485,51020,62,Loss/l_total,0.12494897842407227
1787424438.353376,51020,62,LR,1.650860829277721e-05
1787424443.7916725,51040,62,Loss/l_ce,0.03069758415222168
1787424443.7918375,51040,62,Loss/l_total,0.03069758415222168
1787424443.7918625,51040,62,LR,1.650860829277721e-05
1787424449.4619167,51060,62,Loss/l_ce,0.013444185256958008
1787424449.4621007,51060,62,Loss/l_total,0.013444185256958008
1787424449.4621232,51060,62,LR,1.650860829277721e-05
1787424457.115254,51080,62,Loss/l_ce,0.042583465576171875
1787424457.1154475,51080,62,Loss/l_total,0.042583465576171875
1787424457.115469,51080,62,LR,1.650860829277721e-05
1787424469.1464913,51100,62,Loss/l_ce,0.02131962776184082
1787424469.1466467,51100,62,Loss/l_total,0.02131962776184082
1787424469.1466706,51100,62,LR,1.650860829277721e-05
1787424476.9056962,51120,62,Loss/l_ce,0.05938386917114258
1787424476.905904,51120,62,Loss/l_total,0.05938386917114258
1787424476.9059289,51120,62,LR,1.650860829277721e-05
1787424487.493565,51140,62,Loss/l_ce,0.011864185333251953
1787424487.4938014,51140,62,Loss/l_total,0.011864185333251953
1787424487.493824,51140,62,LR,1.650860829277721e-05
1787424556.9434214,51156,62,Val/avg_error,0.1227257028222084
1787424556.9436567,51156,62,Val/acc,0.4359375
1787424556.9436803,51156,62,Val/sparse_auc,0.5985146878945707
1787424556.9436994,51156,62,Val/sparse_pck_max,0.1
1787424556.9439085,51156,62,Val/sparse_pck_n,100.0
1787424562.2102323,51160,63,Loss/l_ce,0.01472783088684082
1787424562.2103937,51160,63,Loss/l_total,0.01472783088684082
1787424562.210416,51160,63,LR,1.5566199398026146e-05
1787424569.5067372,51180,63,Loss/l_ce,0.03112006187438965
1787424569.5069118,51180,63,Loss/l_total,0.03112006187438965
1787424569.5069342,51180,63,LR,1.5566199398026146e-05
1787424579.5099494,51200,63,Loss/l_ce,0.08046627044677734
1787424579.5101752,51200,63,Loss/l_total,0.08046627044677734
1787424579.510212,51200,63,LR,1.5566199398026146e-05
1787424592.4203963,51220,63,Loss/l_ce,0.0438990592956543
1787424592.4205709,51220,63,Loss/l_total,0.0438990592956543
1787424592.4205945,51220,63,LR,1.5566199398026146e-05
1787424603.085894,51240,63,Loss/l_ce,0.01428079605102539
1787424603.0861137,51240,63,Loss/l_total,0.01428079605102539
1787424603.08614,51240,63,LR,1.5566199398026146e-05
1787424615.160025,51260,63,Loss/l_ce,0.022509098052978516
1787424615.1602054,51260,63,Loss/l_total,0.022509098052978516
1787424615.1602292,51260,63,LR,1.5566199398026146e-05
1787424623.7702067,51280,63,Loss/l_ce,0.004268169403076172
1787424623.7703753,51280,63,Loss/l_total,0.004268169403076172
1787424623.7704003,51280,63,LR,1.5566199398026146e-05
1787424632.9455934,51300,63,Loss/l_ce,0.02480936050415039
1787424632.9458368,51300,63,Loss/l_total,0.02480936050415039
1787424632.9458594,51300,63,LR,1.5566199398026146e-05
1787424644.5140085,51320,63,Loss/l_ce,0.011930704116821289
1787424644.5142045,51320,63,Loss/l_total,0.011930704116821289
1787424644.514226,51320,63,LR,1.5566199398026146e-05
1787424654.506477,51340,63,Loss/l_ce,0.045107126235961914
1787424654.5066836,51340,63,Loss/l_total,0.045107126235961914
1787424654.5067062,51340,63,LR,1.5566199398026146e-05
1787424665.8734117,51360,63,Loss/l_ce,0.054373741149902344
1787424665.8735886,51360,63,Loss/l_total,0.054373741149902344
1787424665.8736076,51360,63,LR,1.5566199398026146e-05
1787424674.5277631,51380,63,Loss/l_ce,0.026839256286621094
1787424674.5279388,51380,63,Loss/l_total,0.026839256286621094
1787424674.527959,51380,63,LR,1.5566199398026146e-05
1787424684.498903,51400,63,Loss/l_ce,0.012305974960327148
1787424684.4991014,51400,63,Loss/l_total,0.012305974960327148
1787424684.499125,51400,63,LR,1.5566199398026146e-05
1787424697.641521,51420,63,Loss/l_ce,0.014923572540283203
1787424697.641732,51420,63,Loss/l_total,0.014923572540283203
1787424697.6417558,51420,63,LR,1.5566199398026146e-05
1787424706.0829093,51440,63,Loss/l_ce,0.023565292358398438
1787424706.08318,51440,63,Loss/l_total,0.023565292358398438
1787424706.0832074,51440,63,LR,1.5566199398026146e-05
1787424715.9956188,51460,63,Loss/l_ce,0.02086353302001953
1787424715.9958398,51460,63,Loss/l_total,0.02086353302001953
1787424715.995861,51460,63,LR,1.5566199398026146e-05
1787424723.9841764,51480,63,Loss/l_ce,0.032746315002441406
1787424723.984378,51480,63,Loss/l_total,0.032746315002441406
1787424723.9844065,51480,63,LR,1.5566199398026146e-05
1787424740.1141105,51500,63,Loss/l_ce,0.01304006576538086
1787424740.1143253,51500,63,Loss/l_total,0.01304006576538086
1787424740.1143527,51500,63,LR,1.5566199398026146e-05
1787424751.4000251,51520,63,Loss/l_ce,0.022136926651000977
1787424751.4002757,51520,63,Loss/l_total,0.022136926651000977
1787424751.4002995,51520,63,LR,1.5566199398026146e-05
1787424769.0557535,51540,63,Loss/l_ce,0.012028217315673828
1787424769.0559328,51540,63,Loss/l_total,0.012028217315673828
1787424769.0559542,51540,63,LR,1.5566199398026146e-05
1787424778.9576538,51560,63,Loss/l_ce,0.03991985321044922
1787424778.9578354,51560,63,Loss/l_total,0.03991985321044922
1787424778.9578605,51560,63,LR,1.5566199398026146e-05
1787424790.1144075,51580,63,Loss/l_ce,0.013763189315795898
1787424790.1145937,51580,63,Loss/l_total,0.013763189315795898
1787424790.114614,51580,63,LR,1.5566199398026146e-05
1787424801.0822706,51600,63,Loss/l_ce,0.030413150787353516
1787424801.0824819,51600,63,Loss/l_total,0.030413150787353516
1787424801.082527,51600,63,LR,1.5566199398026146e-05
1787424810.603841,51620,63,Loss/l_ce,0.04630017280578613
1787424810.6040773,51620,63,Loss/l_total,0.04630017280578613
1787424810.604317,51620,63,LR,1.5566199398026146e-05
1787424820.1974695,51640,63,Loss/l_ce,0.03021860122680664
1787424820.1976511,51640,63,Loss/l_total,0.03021860122680664
1787424820.1976702,51640,63,LR,1.5566199398026146e-05
1787424828.4721475,51660,63,Loss/l_ce,0.012549877166748047
1787424828.472373,51660,63,Loss/l_total,0.012549877166748047
1787424828.4724026,51660,63,LR,1.5566199398026146e-05
1787424837.3739445,51680,63,Loss/l_ce,0.021266937255859375
1787424837.3741426,51680,63,Loss/l_total,0.021266937255859375
1787424837.3741655,51680,63,LR,1.5566199398026146e-05
1787424846.431464,51700,63,Loss/l_ce,0.011496543884277344
1787424846.4316504,51700,63,Loss/l_total,0.011496543884277344
1787424846.431694,51700,63,LR,1.5566199398026146e-05
1787424852.3618045,51720,63,Loss/l_ce,0.04883909225463867
1787424852.3620265,51720,63,Loss/l_total,0.04883909225463867
1787424852.362081,51720,63,LR,1.5566199398026146e-05
1787424863.2877407,51740,63,Loss/l_ce,0.013390541076660156
1787424863.287945,51740,63,Loss/l_total,0.013390541076660156
1787424863.2879698,51740,63,LR,1.5566199398026146e-05
1787424875.680048,51760,63,Loss/l_ce,0.012066125869750977
1787424875.680213,51760,63,Loss/l_total,0.012066125869750977
1787424875.6802342,51760,63,LR,1.5566199398026146e-05
1787424886.177597,51780,63,Loss/l_ce,0.010591268539428711
1787424886.1777432,51780,63,Loss/l_total,0.010591268539428711
1787424886.177762,51780,63,LR,1.5566199398026146e-05
1787424897.6966517,51800,63,Loss/l_ce,0.012278556823730469
1787424897.696844,51800,63,Loss/l_total,0.012278556823730469
1787424897.6968644,51800,63,LR,1.5566199398026146e-05
1787424910.0814838,51820,63,Loss/l_ce,0.022517681121826172
1787424910.081662,51820,63,Loss/l_total,0.022517681121826172
1787424910.0816832,51820,63,LR,1.5566199398026146e-05
1787424920.2212305,51840,63,Loss/l_ce,0.023345232009887695
1787424920.2214348,51840,63,Loss/l_total,0.023345232009887695
1787424920.2214549,51840,63,LR,1.5566199398026146e-05
1787424932.3665874,51860,63,Loss/l_ce,0.03541684150695801
1787424932.366769,51860,63,Loss/l_total,0.03541684150695801
1787424932.3667927,51860,63,LR,1.5566199398026146e-05
1787424940.2592316,51880,63,Loss/l_ce,0.00908041000366211
1787424940.2594228,51880,63,Loss/l_total,0.00908041000366211
1787424940.2594466,51880,63,LR,1.5566199398026146e-05
1787424951.1744642,51900,63,Loss/l_ce,0.013957977294921875
1787424951.174627,51900,63,Loss/l_total,0.013957977294921875
1787424951.174647,51900,63,LR,1.5566199398026146e-05
1787424963.4805005,51920,63,Loss/l_ce,0.018901824951171875
1787424963.4807522,51920,63,Loss/l_total,0.018901824951171875
1787424963.4807758,51920,63,LR,1.5566199398026146e-05
1787424977.343762,51940,63,Loss/l_ce,0.010863304138183594
1787424977.3439245,51940,63,Loss/l_total,0.010863304138183594
1787424977.343946,51940,63,LR,1.5566199398026146e-05
1787424985.5669458,51960,63,Loss/l_ce,0.008783817291259766
1787424985.567138,51960,63,Loss/l_total,0.008783817291259766
1787424985.5671606,51960,63,LR,1.5566199398026146e-05
1787425057.3877532,51968,63,Val/avg_error,0.1242862194776535
1787425057.388101,51968,63,Val/acc,0.431396484375
1787425057.388126,51968,63,Val/sparse_auc,0.5927596275252525
1787425057.3881426,51968,63,Val/sparse_pck_max,0.1
1787425057.3881593,51968,63,Val/sparse_pck_n,100.0
1787425064.1956434,51980,64,Loss/l_ce,0.01105642318725586
1787425064.1958132,51980,64,Loss/l_total,0.01105642318725586
1787425064.1958356,51980,64,LR,1.4692970789226436e-05
1787425075.0684123,52000,64,Loss/l_ce,0.1031332015991211
1787425075.068668,52000,64,Loss/l_total,0.1031332015991211
1787425075.068688,52000,64,LR,1.4692970789226436e-05
1787425086.0037854,52020,64,Loss/l_ce,0.009833097457885742
1787425086.0039835,52020,64,Loss/l_total,0.009833097457885742
1787425086.0040088,52020,64,LR,1.4692970789226436e-05
1787425100.2795005,52040,64,Loss/l_ce,0.012654304504394531
1787425100.2796905,52040,64,Loss/l_total,0.012654304504394531
1787425100.279713,52040,64,LR,1.4692970789226436e-05
1787425113.8027809,52060,64,Loss/l_ce,0.021851062774658203
1787425113.8029804,52060,64,Loss/l_total,0.021851062774658203
1787425113.8030028,52060,64,LR,1.4692970789226436e-05
1787425124.213547,52080,64,Loss/l_ce,0.03789997100830078
1787425124.2137585,52080,64,Loss/l_total,0.03789997100830078
1787425124.2137809,52080,64,LR,1.4692970789226436e-05
1787425132.3431127,52100,64,Loss/l_ce,0.028853893280029297
1787425132.3432872,52100,64,Loss/l_total,0.028853893280029297
1787425132.3433135,52100,64,LR,1.4692970789226436e-05
1787425143.6834319,52120,64,Loss/l_ce,0.03404116630554199
1787425143.68359,52120,64,Loss/l_total,0.03404116630554199
1787425143.6836123,52120,64,LR,1.4692970789226436e-05
1787425155.58429,52140,64,Loss/l_ce,0.015420198440551758
1787425155.5845075,52140,64,Loss/l_total,0.015420198440551758
1787425155.5845313,52140,64,LR,1.4692970789226436e-05
1787425163.4476023,52160,64,Loss/l_ce,0.17138171195983887
1787425163.4478052,52160,64,Loss/l_total,0.17138171195983887
1787425163.4478278,52160,64,LR,1.4692970789226436e-05
1787425172.2809956,52180,64,Loss/l_ce,0.016537189483642578
1787425172.2812202,52180,64,Loss/l_total,0.016537189483642578
1787425172.281245,52180,64,LR,1.4692970789226436e-05
1787425182.4123259,52200,64,Loss/l_ce,0.011075496673583984
1787425182.4125752,52200,64,Loss/l_total,0.011075496673583984
1787425182.4126024,52200,64,LR,1.4692970789226436e-05
1787425193.196924,52220,64,Loss/l_ce,0.014710664749145508
1787425193.197172,52220,64,Loss/l_total,0.014710664749145508
1787425193.197197,52220,64,LR,1.4692970789226436e-05
1787425202.9019032,52240,64,Loss/l_ce,0.012390375137329102
1787425202.9021096,52240,64,Loss/l_total,0.012390375137329102
1787425202.9021335,52240,64,LR,1.4692970789226436e-05
1787425211.9475353,52260,64,Loss/l_ce,0.017590045928955078
1787425211.9477038,52260,64,Loss/l_total,0.017590045928955078
1787425211.9477253,52260,64,LR,1.4692970789226436e-05
1787425221.354052,52280,64,Loss/l_ce,0.022472381591796875
1787425221.3542752,52280,64,Loss/l_total,0.022472381591796875
1787425221.3543024,52280,64,LR,1.4692970789226436e-05
1787425229.8609416,52300,64,Loss/l_ce,0.010596036911010742
1787425229.8611314,52300,64,Loss/l_total,0.010596036911010742
1787425229.861155,52300,64,LR,1.4692970789226436e-05
1787425237.918817,52320,64,Loss/l_ce,0.011104583740234375
1787425237.919007,52320,64,Loss/l_total,0.011104583740234375
1787425237.9190295,52320,64,LR,1.4692970789226436e-05
1787425245.054249,52340,64,Loss/l_ce,0.011047124862670898
1787425245.0544424,52340,64,Loss/l_total,0.011047124862670898
1787425245.0544686,52340,64,LR,1.4692970789226436e-05
1787425255.1394856,52360,64,Loss/l_ce,0.048509836196899414
1787425255.1397731,52360,64,Loss/l_total,0.048509836196899414
1787425255.1397967,52360,64,LR,1.4692970789226436e-05
1787425263.3993607,52380,64,Loss/l_ce,0.03425002098083496
1787425263.3995316,52380,64,Loss/l_total,0.03425002098083496
1787425263.399559,52380,64,LR,1.4692970789226436e-05
1787425276.148105,52400,64,Loss/l_ce,0.011055231094360352
1787425276.1483355,52400,64,Loss/l_total,0.011055231094360352
1787425276.1483626,52400,64,LR,1.4692970789226436e-05
1787425289.113899,52420,64,Loss/l_ce,0.39817380905151367
1787425289.1141376,52420,64,Loss/l_total,0.39817380905151367
1787425289.1141636,52420,64,LR,1.4692970789226436e-05
1787425297.481312,52440,64,Loss/l_ce,0.009769916534423828
1787425297.481522,52440,64,Loss/l_total,0.009769916534423828
1787425297.4815483,52440,64,LR,1.4692970789226436e-05
1787425308.5874503,52460,64,Loss/l_ce,0.026886940002441406
1787425308.5878313,52460,64,Loss/l_total,0.026886940002441406
1787425308.5878563,52460,64,LR,1.4692970789226436e-05
1787425325.7944355,52480,64,Loss/l_ce,0.04276418685913086
1787425325.7947016,52480,64,Loss/l_total,0.04276418685913086
1787425325.7947228,52480,64,LR,1.4692970789226436e-05
1787425338.0780091,52500,64,Loss/l_ce,0.014661312103271484
1787425338.0783808,52500,64,Loss/l_total,0.014661312103271484
1787425338.0784047,52500,64,LR,1.4692970789226436e-05
1787425348.276461,52520,64,Loss/l_ce,0.02570962905883789
1787425348.276677,52520,64,Loss/l_total,0.02570962905883789
1787425348.2766993,52520,64,LR,1.4692970789226436e-05
1787425362.3506029,52540,64,Loss/l_ce,0.015449285507202148
1787425362.3509161,52540,64,Loss/l_total,0.015449285507202148
1787425362.35094,52540,64,LR,1.4692970789226436e-05
1787425372.134568,52560,64,Loss/l_ce,0.017995595932006836
1787425372.134733,52560,64,Loss/l_total,0.017995595932006836
1787425372.1347568,52560,64,LR,1.4692970789226436e-05
1787425382.9152482,52580,64,Loss/l_ce,0.012337684631347656
1787425382.915564,52580,64,Loss/l_total,0.012337684631347656
1787425382.9155877,52580,64,LR,1.4692970789226436e-05
1787425396.6458175,52600,64,Loss/l_ce,0.010186195373535156
1787425396.6460657,52600,64,Loss/l_total,0.010186195373535156
1787425396.6460931,52600,64,LR,1.4692970789226436e-05
1787425406.4161456,52620,64,Loss/l_ce,0.006075620651245117
1787425406.4163735,52620,64,Loss/l_total,0.006075620651245117
1787425406.4163926,52620,64,LR,1.4692970789226436e-05
1787425414.3763754,52640,64,Loss/l_ce,0.011524200439453125
1787425414.376575,52640,64,Loss/l_total,0.011524200439453125
1787425414.376601,52640,64,LR,1.4692970789226436e-05
1787425422.4027045,52660,64,Loss/l_ce,0.010563373565673828
1787425422.4028718,52660,64,Loss/l_total,0.010563373565673828
1787425422.4028943,52660,64,LR,1.4692970789226436e-05
1787425431.4572282,52680,64,Loss/l_ce,0.011936426162719727
1787425431.4574006,52680,64,Loss/l_total,0.011936426162719727
1787425431.4574232,52680,64,LR,1.4692970789226436e-05
1787425442.6938622,52700,64,Loss/l_ce,0.01217508316040039
1787425442.6941483,52700,64,Loss/l_total,0.01217508316040039
1787425442.694173,52700,64,LR,1.4692970789226436e-05
1787425454.1699252,52720,64,Loss/l_ce,0.0334475040435791
1787425454.170204,52720,64,Loss/l_total,0.0334475040435791
1787425454.1702278,52720,64,LR,1.4692970789226436e-05
1787425465.2358103,52740,64,Loss/l_ce,0.024918079376220703
1787425465.2359693,52740,64,Loss/l_total,0.024918079376220703
1787425465.2359908,52740,64,LR,1.4692970789226436e-05
1787425472.734207,52760,64,Loss/l_ce,0.012715339660644531
1787425472.734454,52760,64,Loss/l_total,0.012715339660644531
1787425472.734479,52760,64,LR,1.4692970789226436e-05
1787425481.077183,52780,64,Loss/l_ce,0.02806687355041504
1787425481.0774016,52780,64,Loss/l_total,0.02806687355041504
1787425481.0774255,52780,64,LR,1.4692970789226436e-05
1787425546.1812615,52780,64,Val/avg_error,0.12624728679656982
1787425546.1816523,52780,64,Val/acc,0.417333984375
1787425546.1816773,52780,64,Val/sparse_auc,0.5850075461647728
1787425546.181695,52780,64,Val/sparse_pck_max,0.1
1787425546.1817484,52780,64,Val/sparse_pck_n,100.0
1787425555.5349925,52800,65,Loss/l_ce,0.010527849197387695
1787425555.5352607,52800,65,Loss/l_total,0.010527849197387695
1787425555.5352905,52800,65,LR,1.3890454406082971e-05
1787425566.073159,52820,65,Loss/l_ce,0.019589900970458984
1787425566.0733478,52820,65,Loss/l_total,0.019589900970458984
1787425566.0733705,52820,65,LR,1.3890454406082971e-05
1787425576.6831691,52840,65,Loss/l_ce,0.013813257217407227
1787425576.6836154,52840,65,Loss/l_total,0.013813257217407227
1787425576.6836402,52840,65,LR,1.3890454406082971e-05
1787425584.7823575,52860,65,Loss/l_ce,0.014300107955932617
1787425584.7825809,52860,65,Loss/l_total,0.014300107955932617
1787425584.7826104,52860,65,LR,1.3890454406082971e-05
1787425596.8077326,52880,65,Loss/l_ce,0.010838985443115234
1787425596.808016,52880,65,Loss/l_total,0.010838985443115234
1787425596.8080719,52880,65,LR,1.3890454406082971e-05
1787425608.7457068,52900,65,Loss/l_ce,0.010289907455444336
1787425608.746159,52900,65,Loss/l_total,0.010289907455444336
1787425608.7461877,52900,65,LR,1.3890454406082971e-05
1787425615.5400085,52920,65,Loss/l_ce,0.0174252986907959
1787425615.5403159,52920,65,Loss/l_total,0.0174252986907959
1787425615.5403433,52920,65,LR,1.3890454406082971e-05
1787425623.848655,52940,65,Loss/l_ce,0.0026781558990478516
1787425623.8492668,52940,65,Loss/l_total,0.0026781558990478516
1787425623.8492951,52940,65,LR,1.3890454406082971e-05
1787425634.2722182,52960,65,Loss/l_ce,0.011079788208007812
1787425634.2725232,52960,65,Loss/l_total,0.011079788208007812
1787425634.2725468,52960,65,LR,1.3890454406082971e-05
1787425644.6692307,52980,65,Loss/l_ce,0.010243415832519531
1787425644.6694264,52980,65,Loss/l_total,0.010243415832519531
1787425644.6694489,52980,65,LR,1.3890454406082971e-05
1787425655.055618,53000,65,Loss/l_ce,0.038316965103149414
1787425655.0558722,53000,65,Loss/l_total,0.038316965103149414
1787425655.0558949,53000,65,LR,1.3890454406082971e-05
1787425661.9763346,53020,65,Loss/l_ce,0.010164260864257812
1787425661.976591,53020,65,Loss/l_total,0.010164260864257812
1787425661.9766397,53020,65,LR,1.3890454406082971e-05
1787425668.4837036,53040,65,Loss/l_ce,0.012086868286132812
1787425668.4839268,53040,65,Loss/l_total,0.012086868286132812
1787425668.4839518,53040,65,LR,1.3890454406082971e-05
1787425675.0580587,53060,65,Loss/l_ce,0.0343165397644043
1787425675.0582416,53060,65,Loss/l_total,0.0343165397644043
1787425675.0582654,53060,65,LR,1.3890454406082971e-05
1787425682.4480233,53080,65,Loss/l_ce,0.011091947555541992
1787425682.4482975,53080,65,Loss/l_total,0.011091947555541992
1787425682.4483213,53080,65,LR,1.3890454406082971e-05
1787425689.652323,53100,65,Loss/l_ce,0.010744571685791016
1787425689.6525035,53100,65,Loss/l_total,0.010744571685791016
1787425689.6525273,53100,65,LR,1.3890454406082971e-05
1787425694.8748786,53120,65,Loss/l_ce,0.019393444061279297
1787425694.8751056,53120,65,Loss/l_total,0.019393444061279297
1787425694.875148,53120,65,LR,1.3890454406082971e-05
1787425700.3983045,53140,65,Loss/l_ce,0.037394046783447266
1787425700.3985028,53140,65,Loss/l_total,0.037394046783447266
1787425700.398524,53140,65,LR,1.3890454406082971e-05
1787425707.2883165,53160,65,Loss/l_ce,0.021209001541137695
1787425707.2886133,53160,65,Loss/l_total,0.021209001541137695
1787425707.2886345,53160,65,LR,1.3890454406082971e-05
1787425713.9311168,53180,65,Loss/l_ce,0.01026153564453125
1787425713.931296,53180,65,Loss/l_total,0.01026153564453125
1787425713.9313176,53180,65,LR,1.3890454406082971e-05
1787425722.4093473,53200,65,Loss/l_ce,0.010965347290039062
1787425722.409517,53200,65,Loss/l_total,0.010965347290039062
1787425722.4095373,53200,65,LR,1.3890454406082971e-05
1787425737.0171707,53220,65,Loss/l_ce,0.021321535110473633
1787425737.0173476,53220,65,Loss/l_total,0.021321535110473633
1787425737.0173702,53220,65,LR,1.3890454406082971e-05
1787425748.6807964,53240,65,Loss/l_ce,0.011464118957519531
1787425748.6809962,53240,65,Loss/l_total,0.011464118957519531
1787425748.6810195,53240,65,LR,1.3890454406082971e-05
1787425759.0940893,53260,65,Loss/l_ce,0.015046119689941406
1787425759.094265,53260,65,Loss/l_total,0.015046119689941406
1787425759.0942864,53260,65,LR,1.3890454406082971e-05
1787425770.245176,53280,65,Loss/l_ce,0.042786598205566406
1787425770.2454078,53280,65,Loss/l_total,0.042786598205566406
1787425770.2454302,53280,65,LR,1.3890454406082971e-05
1787425780.4677322,53300,65,Loss/l_ce,0.0109710693359375
1787425780.4680693,53300,65,Loss/l_total,0.0109710693359375
1787425780.4680955,53300,65,LR,1.3890454406082971e-05
1787425789.4110718,53320,65,Loss/l_ce,0.01863884925842285
1787425789.4112926,53320,65,Loss/l_total,0.01863884925842285
1787425789.4113152,53320,65,LR,1.3890454406082971e-05
1787425801.409443,53340,65,Loss/l_ce,0.017555952072143555
1787425801.4096944,53340,65,Loss/l_total,0.017555952072143555
1787425801.4097183,53340,65,LR,1.3890454406082971e-05
1787425811.6787283,53360,65,Loss/l_ce,0.015143871307373047
1787425811.6789124,53360,65,Loss/l_total,0.015143871307373047
1787425811.678936,53360,65,LR,1.3890454406082971e-05
1787425824.1848953,53380,65,Loss/l_ce,0.016484737396240234
1787425824.1851351,53380,65,Loss/l_total,0.016484737396240234
1787425824.1851575,53380,65,LR,1.3890454406082971e-05
1787425838.5825589,53400,65,Loss/l_ce,0.03208279609680176
1787425838.5827656,53400,65,Loss/l_total,0.03208279609680176
1787425838.5827868,53400,65,LR,1.3890454406082971e-05
1787425850.0985622,53420,65,Loss/l_ce,0.03721761703491211
1787425850.0987892,53420,65,Loss/l_total,0.03721761703491211
1787425850.0988092,53420,65,LR,1.3890454406082971e-05
1787425861.2110918,53440,65,Loss/l_ce,0.012856245040893555
1787425861.2113185,53440,65,Loss/l_total,0.012856245040893555
1787425861.2113423,53440,65,LR,1.3890454406082971e-05
1787425870.0872731,53460,65,Loss/l_ce,0.0117034912109375
1787425870.0874453,53460,65,Loss/l_total,0.0117034912109375
1787425870.0874677,53460,65,LR,1.3890454406082971e-05
1787425882.6218402,53480,65,Loss/l_ce,0.014636039733886719
1787425882.6220539,53480,65,Loss/l_total,0.014636039733886719
1787425882.622081,53480,65,LR,1.3890454406082971e-05
1787425894.5828624,53500,65,Loss/l_ce,0.018596649169921875
1787425894.5830865,53500,65,Loss/l_total,0.018596649169921875
1787425894.5831103,53500,65,LR,1.3890454406082971e-05
1787425906.0682669,53520,65,Loss/l_ce,0.021363496780395508
1787425906.0686538,53520,65,Loss/l_total,0.021363496780395508
1787425906.0686789,53520,65,LR,1.3890454406082971e-05
1787425913.8059022,53540,65,Loss/l_ce,0.017442703247070312
1787425913.8061292,53540,65,Loss/l_total,0.017442703247070312
1787425913.8061578,53540,65,LR,1.3890454406082971e-05
1787425926.5581138,53560,65,Loss/l_ce,0.021023035049438477
1787425926.5583584,53560,65,Loss/l_total,0.021023035049438477
1787425926.5583847,53560,65,LR,1.3890454406082971e-05
1787425936.8820162,53580,65,Loss/l_ce,0.010842323303222656
1787425936.8822098,53580,65,Loss/l_total,0.010842323303222656
1787425936.882254,53580,65,LR,1.3890454406082971e-05
1787426001.4509404,53592,65,Val/avg_error,0.12248656898736954
1787426001.451427,53592,65,Val/acc,0.43125
1787426001.4514532,53592,65,Val/sparse_auc,0.5937717013888888
1787426001.451471,53592,65,Val/sparse_pck_max,0.1
1787426001.4514878,53592,65,Val/sparse_pck_n,100.0
1787426006.785179,53600,66,Loss/l_ce,0.02912592887878418
1787426006.7853453,53600,66,Loss/l_total,0.02912592887878418
1787426006.7853749,53600,66,LR,1.3160058135028695e-05
1787426017.3073847,53620,66,Loss/l_ce,0.02348613739013672
1787426017.3075452,53620,66,Loss/l_total,0.02348613739013672
1787426017.3075664,53620,66,LR,1.3160058135028695e-05
1787426026.009315,53640,66,Loss/l_ce,0.021641016006469727
1787426026.009492,53640,66,Loss/l_total,0.021641016006469727
1787426026.0095146,53640,66,LR,1.3160058135028695e-05
1787426036.340054,53660,66,Loss/l_ce,0.04153704643249512
1787426036.340213,53660,66,Loss/l_total,0.04153704643249512
1787426036.340237,53660,66,LR,1.3160058135028695e-05
1787426043.3292668,53680,66,Loss/l_ce,0.011398077011108398
1787426043.3294709,53680,66,Loss/l_total,0.011398077011108398
1787426043.3294947,53680,66,LR,1.3160058135028695e-05
1787426052.1770563,53700,66,Loss/l_ce,0.010016202926635742
1787426052.1773388,53700,66,Loss/l_total,0.010016202926635742
1787426052.1773627,53700,66,LR,1.3160058135028695e-05
1787426064.4764283,53720,66,Loss/l_ce,0.014852762222290039
1787426064.4768653,53720,66,Loss/l_total,0.014852762222290039
1787426064.47689,53720,66,LR,1.3160058135028695e-05
1787426078.6272805,53740,66,Loss/l_ce,0.012330055236816406
1787426078.6275332,53740,66,Loss/l_total,0.012330055236816406
1787426078.6275558,53740,66,LR,1.3160058135028695e-05
1787426085.6484766,53760,66,Loss/l_ce,0.014223098754882812
1787426085.6486702,53760,66,Loss/l_total,0.014223098754882812
1787426085.648695,53760,66,LR,1.3160058135028695e-05
1787426095.2853897,53780,66,Loss/l_ce,0.01971888542175293
1787426095.2855854,53780,66,Loss/l_total,0.01971888542175293
1787426095.2856126,53780,66,LR,1.3160058135028695e-05
1787426103.7353196,53800,66,Loss/l_ce,0.010415315628051758
1787426103.7354825,53800,66,Loss/l_total,0.010415315628051758
1787426103.7355049,53800,66,LR,1.3160058135028695e-05
1787426112.0227125,53820,66,Loss/l_ce,0.03243279457092285
1787426112.0229156,53820,66,Loss/l_total,0.03243279457092285
1787426112.0232089,53820,66,LR,1.3160058135028695e-05
1787426118.2392201,53840,66,Loss/l_ce,0.045955657958984375
1787426118.2394242,53840,66,Loss/l_total,0.045955657958984375
1787426118.2394505,53840,66,LR,1.3160058135028695e-05
1787426126.6616514,53860,66,Loss/l_ce,0.012544870376586914
1787426126.6618154,53860,66,Loss/l_total,0.012544870376586914
1787426126.6618378,53860,66,LR,1.3160058135028695e-05
1787426137.8821738,53880,66,Loss/l_ce,0.016463279724121094
1787426137.8823934,53880,66,Loss/l_total,0.016463279724121094
1787426137.8824182,53880,66,LR,1.3160058135028695e-05
1787426147.1834877,53900,66,Loss/l_ce,0.026216745376586914
1787426147.1836836,53900,66,Loss/l_total,0.026216745376586914
1787426147.183706,53900,66,LR,1.3160058135028695e-05
1787426157.5721405,53920,66,Loss/l_ce,0.013347148895263672
1787426157.5723128,53920,66,Loss/l_total,0.013347148895263672
1787426157.572334,53920,66,LR,1.3160058135028695e-05
1787426167.7539604,53940,66,Loss/l_ce,0.03359818458557129
1787426167.7542489,53940,66,Loss/l_total,0.03359818458557129
1787426167.7542777,53940,66,LR,1.3160058135028695e-05
1787426175.8627794,53960,66,Loss/l_ce,0.012362957000732422
1787426175.862999,53960,66,Loss/l_total,0.012362957000732422
1787426175.8630276,53960,66,LR,1.3160058135028695e-05
1787426183.2736418,53980,66,Loss/l_ce,0.019345521926879883
1787426183.273833,53980,66,Loss/l_total,0.019345521926879883
1787426183.2738554,53980,66,LR,1.3160058135028695e-05
1787426196.391387,54000,66,Loss/l_ce,0.02644205093383789
1787426196.391577,54000,66,Loss/l_total,0.02644205093383789
1787426196.3915997,54000,66,LR,1.3160058135028695e-05
1787426207.6215982,54020,66,Loss/l_ce,0.03461742401123047
1787426207.6221006,54020,66,Loss/l_total,0.03461742401123047
1787426207.6221242,54020,66,LR,1.3160058135028695e-05
1787426214.894539,54040,66,Loss/l_ce,0.03891277313232422
1787426214.894868,54040,66,Loss/l_total,0.03891277313232422
1787426214.8948941,54040,66,LR,1.3160058135028695e-05
1787426224.5232358,54060,66,Loss/l_ce,0.0207366943359375
1787426224.5234697,54060,66,Loss/l_total,0.0207366943359375
1787426224.5234993,54060,66,LR,1.3160058135028695e-05
1787426234.8360822,54080,66,Loss/l_ce,0.01693129539489746
1787426234.8363159,54080,66,Loss/l_total,0.01693129539489746
1787426234.836341,54080,66,LR,1.3160058135028695e-05
1787426247.2539074,54100,66,Loss/l_ce,0.022808551788330078
1787426247.254164,54100,66,Loss/l_total,0.022808551788330078
1787426247.25419,54100,66,LR,1.3160058135028695e-05
1787426258.1578205,54120,66,Loss/l_ce,0.03423881530761719
1787426258.158001,54120,66,Loss/l_total,0.03423881530761719
1787426258.1580224,54120,66,LR,1.3160058135028695e-05
1787426269.0131257,54140,66,Loss/l_ce,0.006173372268676758
1787426269.0133321,54140,66,Loss/l_total,0.006173372268676758
1787426269.0133574,54140,66,LR,1.3160058135028695e-05
1787426276.7418516,54160,66,Loss/l_ce,0.005941867828369141
1787426276.7420938,54160,66,Loss/l_total,0.005941867828369141
1787426276.7421188,54160,66,LR,1.3160058135028695e-05
1787426285.436254,54180,66,Loss/l_ce,0.028368473052978516
1787426285.436438,54180,66,Loss/l_total,0.028368473052978516
1787426285.436462,54180,66,LR,1.3160058135028695e-05
1787426296.5289903,54200,66,Loss/l_ce,0.023038148880004883
1787426296.529236,54200,66,Loss/l_total,0.023038148880004883
1787426296.5292594,54200,66,LR,1.3160058135028695e-05
1787426304.1046655,54220,66,Loss/l_ce,0.010927677154541016
1787426304.1048353,54220,66,Loss/l_total,0.010927677154541016
1787426304.104859,54220,66,LR,1.3160058135028695e-05
1787426322.4075694,54240,66,Loss/l_ce,0.02843761444091797
1787426322.4077687,54240,66,Loss/l_total,0.02843761444091797
1787426322.4077914,54240,66,LR,1.3160058135028695e-05
1787426343.8313193,54260,66,Loss/l_ce,0.017461538314819336
1787426343.8317184,54260,66,Loss/l_total,0.017461538314819336
1787426343.831742,54260,66,LR,1.3160058135028695e-05
1787426372.0587764,54280,66,Loss/l_ce,0.011324882507324219
1787426372.0590172,54280,66,Loss/l_total,0.011324882507324219
1787426372.059073,54280,66,LR,1.3160058135028695e-05
1787426395.2723975,54300,66,Loss/l_ce,0.017664432525634766
1787426395.2726517,54300,66,Loss/l_total,0.017664432525634766
1787426395.2726789,54300,66,LR,1.3160058135028695e-05
1787426428.0893433,54320,66,Loss/l_ce,0.01761770248413086
1787426428.0897388,54320,66,Loss/l_total,0.01761770248413086
1787426428.0899405,54320,66,LR,1.3160058135028695e-05
1787426449.0919616,54340,66,Loss/l_ce,0.016865968704223633
1787426449.0921705,54340,66,Loss/l_total,0.016865968704223633
1787426449.092198,54340,66,LR,1.3160058135028695e-05
1787426466.1588693,54360,66,Loss/l_ce,0.29975104331970215
1787426466.1591198,54360,66,Loss/l_total,0.29975104331970215
1787426466.1591542,54360,66,LR,1.3160058135028695e-05
1787426486.193475,54380,66,Loss/l_ce,0.030182600021362305
1787426486.1936424,54380,66,Loss/l_total,0.030182600021362305
1787426486.193666,54380,66,LR,1.3160058135028695e-05
1787426509.0484593,54400,66,Loss/l_ce,0.013928413391113281
1787426509.0486944,54400,66,Loss/l_total,0.013928413391113281
1787426509.0487275,54400,66,LR,1.3160058135028695e-05
1787426627.329133,54404,66,Val/avg_error,0.12230385839939117
1787426627.3296163,54404,66,Val/acc,0.4384765625
1787426627.3296485,54404,66,Val/sparse_auc,0.5973119870580809
1787426627.329672,54404,66,Val/sparse_pck_max,0.1
1787426627.3297303,54404,66,Val/sparse_pck_n,100.0
1787426647.4484415,54420,67,Loss/l_ce,0.011938810348510742
1787426647.4486365,54420,67,Loss/l_total,0.011938810348510742
1787426647.4486635,54420,67,LR,1.250306333931336e-05
1787426670.4385486,54440,67,Loss/l_ce,0.026515960693359375
1787426670.438724,54440,67,Loss/l_total,0.026515960693359375
1787426670.438748,54440,67,LR,1.250306333931336e-05
1787426690.658725,54460,67,Loss/l_ce,0.010949850082397461
1787426690.658952,54460,67,Loss/l_total,0.010949850082397461
1787426690.6589792,54460,67,LR,1.250306333931336e-05
1787426715.5484223,54480,67,Loss/l_ce,0.013892173767089844
1787426715.548673,54480,67,Loss/l_total,0.013892173767089844
1787426715.5486956,54480,67,LR,1.250306333931336e-05
1787426737.6109736,54500,67,Loss/l_ce,0.03612780570983887
1787426737.6112576,54500,67,Loss/l_total,0.03612780570983887
1787426737.6112874,54500,67,LR,1.250306333931336e-05
1787426761.149575,54520,67,Loss/l_ce,0.027154207229614258
1787426761.1497886,54520,67,Loss/l_total,0.027154207229614258
1787426761.1498134,54520,67,LR,1.250306333931336e-05
1787426776.4987993,54540,67,Loss/l_ce,0.006543874740600586
1787426776.4989822,54540,67,Loss/l_total,0.006543874740600586
1787426776.4990048,54540,67,LR,1.250306333931336e-05
1787426790.7762249,54560,67,Loss/l_ce,0.022114276885986328
1787426790.7763922,54560,67,Loss/l_total,0.022114276885986328
1787426790.7764158,54560,67,LR,1.250306333931336e-05
1787426802.308444,54580,67,Loss/l_ce,0.01894688606262207
1787426802.308629,54580,67,Loss/l_total,0.01894688606262207
1787426802.3086529,54580,67,LR,1.250306333931336e-05
1787426815.1043935,54600,67,Loss/l_ce,0.01652240753173828
1787426815.1045668,54600,67,Loss/l_total,0.01652240753173828
1787426815.1045892,54600,67,LR,1.250306333931336e-05
1787426828.6189027,54620,67,Loss/l_ce,0.03406691551208496
1787426828.6191068,54620,67,Loss/l_total,0.03406691551208496
1787426828.6191332,54620,67,LR,1.250306333931336e-05
1787426843.9597535,54640,67,Loss/l_ce,0.030995607376098633
1787426843.9599543,54640,67,Loss/l_total,0.030995607376098633
1787426843.9599802,54640,67,LR,1.250306333931336e-05
1787426852.2935257,54660,67,Loss/l_ce,0.010803699493408203
1787426852.2937288,54660,67,Loss/l_total,0.010803699493408203
1787426852.2937536,54660,67,LR,1.250306333931336e-05
1787426858.1309443,54680,67,Loss/l_ce,0.02172994613647461
1787426858.1311405,54680,67,Loss/l_total,0.02172994613647461
1787426858.1311638,54680,67,LR,1.250306333931336e-05
1787426873.0421128,54700,67,Loss/l_ce,0.012593984603881836
1787426873.0425391,54700,67,Loss/l_total,0.012593984603881836
1787426873.042565,54700,67,LR,1.250306333931336e-05
1787426879.9275956,54720,67,Loss/l_ce,0.15192437171936035
1787426879.9277508,54720,67,Loss/l_total,0.15192437171936035
1787426879.9277725,54720,67,LR,1.250306333931336e-05
1787426887.7895768,54740,67,Loss/l_ce,0.03638148307800293
1787426887.7897632,54740,67,Loss/l_total,0.03638148307800293
1787426887.7897894,54740,67,LR,1.250306333931336e-05
1787426898.5311484,54760,67,Loss/l_ce,0.01614832878112793
1787426898.531316,54760,67,Loss/l_total,0.01614832878112793
1787426898.5313385,54760,67,LR,1.250306333931336e-05
1787426908.212675,54780,67,Loss/l_ce,0.01074838638305664
1787426908.212865,54780,67,Loss/l_total,0.01074838638305664
1787426908.2128887,54780,67,LR,1.250306333931336e-05
1787426917.220808,54800,67,Loss/l_ce,0.01007843017578125
1787426917.2209954,54800,67,Loss/l_total,0.01007843017578125
1787426917.221019,54800,67,LR,1.250306333931336e-05
1787426928.3978465,54820,67,Loss/l_ce,0.011287212371826172
1787426928.3980532,54820,67,Loss/l_total,0.011287212371826172
1787426928.3980768,54820,67,LR,1.250306333931336e-05
1787426935.812495,54840,67,Loss/l_ce,0.016618728637695312
1787426935.8126495,54840,67,Loss/l_total,0.016618728637695312
1787426935.812672,54840,67,LR,1.250306333931336e-05
1787426945.9398646,54860,67,Loss/l_ce,0.025443077087402344
1787426945.9400983,54860,67,Loss/l_total,0.025443077087402344
1787426945.940127,54860,67,LR,1.250306333931336e-05
1787426952.5445044,54880,67,Loss/l_ce,0.011318683624267578
1787426952.5446956,54880,67,Loss/l_total,0.011318683624267578
1787426952.544718,54880,67,LR,1.250306333931336e-05
1787426963.081131,54900,67,Loss/l_ce,0.012266397476196289
1787426963.0813673,54900,67,Loss/l_total,0.012266397476196289
1787426963.0813885,54900,67,LR,1.250306333931336e-05
1787426969.8941185,54920,67,Loss/l_ce,0.01663064956665039
1787426969.894279,54920,67,Loss/l_total,0.01663064956665039
1787426969.894299,54920,67,LR,1.250306333931336e-05
1787426976.2791228,54940,67,Loss/l_ce,0.010309696197509766
1787426976.2793784,54940,67,Loss/l_total,0.010309696197509766
1787426976.279401,54940,67,LR,1.250306333931336e-05
1787426983.508061,54960,67,Loss/l_ce,0.018682003021240234
1787426983.5082567,54960,67,Loss/l_total,0.018682003021240234
1787426983.5082793,54960,67,LR,1.250306333931336e-05
1787426991.9353652,54980,67,Loss/l_ce,0.013348817825317383
1787426991.9355884,54980,67,Loss/l_total,0.013348817825317383
1787426991.9356108,54980,67,LR,1.250306333931336e-05
1787426997.002067,55000,67,Loss/l_ce,0.14447999000549316
1787426997.0022228,55000,67,Loss/l_total,0.14447999000549316
1787426997.002244,55000,67,LR,1.250306333931336e-05
1787427003.7313068,55020,67,Loss/l_ce,0.03625345230102539
1787427003.731549,55020,67,Loss/l_total,0.03625345230102539
1787427003.7315786,55020,67,LR,1.250306333931336e-05
1787427010.070706,55040,67,Loss/l_ce,0.02877974510192871
1787427010.0708873,55040,67,Loss/l_total,0.02877974510192871
1787427010.07091,55040,67,LR,1.250306333931336e-05
1787427016.667418,55060,67,Loss/l_ce,0.015317916870117188
1787427016.667563,55060,67,Loss/l_total,0.015317916870117188
1787427016.6675856,55060,67,LR,1.250306333931336e-05
1787427024.8117504,55080,67,Loss/l_ce,0.023810386657714844
1787427024.8119264,55080,67,Loss/l_total,0.023810386657714844
1787427024.81195,55080,67,LR,1.250306333931336e-05
1787427031.9494827,55100,67,Loss/l_ce,0.01464986801147461
1787427031.9496503,55100,67,Loss/l_total,0.01464986801147461
1787427031.9496737,55100,67,LR,1.250306333931336e-05
1787427041.9334612,55120,67,Loss/l_ce,0.07888054847717285
1787427041.93365,55120,67,Loss/l_total,0.07888054847717285
1787427041.9336715,55120,67,LR,1.250306333931336e-05
1787427049.4239318,55140,67,Loss/l_ce,0.011510848999023438
1787427049.4241314,55140,67,Loss/l_total,0.011510848999023438
1787427049.4241552,55140,67,LR,1.250306333931336e-05
1787427060.8322074,55160,67,Loss/l_ce,0.01275777816772461
1787427060.8323557,55160,67,Loss/l_total,0.01275777816772461
1787427060.8323772,55160,67,LR,1.250306333931336e-05
1787427070.2667232,55180,67,Loss/l_ce,0.22539854049682617
1787427070.2668977,55180,67,Loss/l_total,0.22539854049682617
1787427070.26692,55180,67,LR,1.250306333931336e-05
1787427077.413582,55200,67,Loss/l_ce,0.012356281280517578
1787427077.4137545,55200,67,Loss/l_total,0.012356281280517578
1787427077.4137769,55200,67,LR,1.250306333931336e-05
1787427133.7421913,55216,67,Val/avg_error,0.12545272707939148
1787427133.7424939,55216,67,Val/acc,0.432861328125
1787427133.7425191,55216,67,Val/sparse_auc,0.5924575343276515
1787427133.7425368,55216,67,Val/sparse_pck_max,0.1
1787427133.7425547,55216,67,Val/sparse_pck_n,100.0
1787427137.4776652,55220,68,Loss/l_ce,0.021927595138549805
1787427137.477834,55220,68,Loss/l_total,0.021927595138549805
1787427137.4778588,55220,68,LR,1.1920622611056977e-05
1787427142.3764603,55240,68,Loss/l_ce,0.04940652847290039
1787427142.3766053,55240,68,Loss/l_total,0.04940652847290039
1787427142.3766265,55240,68,LR,1.1920622611056977e-05
1787427147.0637965,55260,68,Loss/l_ce,0.042725563049316406
1787427147.0639522,55260,68,Loss/l_total,0.042725563049316406
1787427147.0639746,55260,68,LR,1.1920622611056977e-05
1787427151.9250753,55280,68,Loss/l_ce,0.031736135482788086
1787427151.9252427,55280,68,Loss/l_total,0.031736135482788086
1787427151.925265,55280,68,LR,1.1920622611056977e-05
1787427156.9454136,55300,68,Loss/l_ce,0.032457828521728516
1787427156.9455667,55300,68,Loss/l_total,0.032457828521728516
1787427156.945587,55300,68,LR,1.1920622611056977e-05
1787427161.90224,55320,68,Loss/l_ce,0.010072946548461914
1787427161.902379,55320,68,Loss/l_total,0.010072946548461914
1787427161.9024014,55320,68,LR,1.1920622611056977e-05
1787427167.5497591,55340,68,Loss/l_ce,0.026774168014526367
1787427167.5499184,55340,68,Loss/l_total,0.026774168014526367
1787427167.549942,55340,68,LR,1.1920622611056977e-05
1787427172.844743,55360,68,Loss/l_ce,0.014505624771118164
1787427172.8449116,55360,68,Loss/l_total,0.014505624771118164
1787427172.8449342,55360,68,LR,1.1920622611056977e-05
1787427178.2671661,55380,68,Loss/l_ce,0.018930435180664062
1787427178.2673385,55380,68,Loss/l_total,0.018930435180664062
1787427178.267361,55380,68,LR,1.1920622611056977e-05
1787427183.4888904,55400,68,Loss/l_ce,0.013052225112915039
1787427183.4891362,55400,68,Loss/l_total,0.013052225112915039
1787427183.4891622,55400,68,LR,1.1920622611056977e-05
1787427188.3792624,55420,68,Loss/l_ce,0.10270333290100098
1787427188.379405,55420,68,Loss/l_total,0.10270333290100098
1787427188.3794253,55420,68,LR,1.1920622611056977e-05
1787427196.5753028,55440,68,Loss/l_ce,0.018228769302368164
1787427196.575449,55440,68,Loss/l_total,0.018228769302368164
1787427196.5754666,55440,68,LR,1.1920622611056977e-05
1787427206.091417,55460,68,Loss/l_ce,0.017085552215576172
1787427206.0916,55460,68,Loss/l_total,0.017085552215576172
1787427206.0916238,55460,68,LR,1.1920622611056977e-05
1787427214.6462393,55480,68,Loss/l_ce,0.03968191146850586
1787427214.64639,55480,68,Loss/l_total,0.03968191146850586
1787427214.6464102,55480,68,LR,1.1920622611056977e-05
1787427222.8290212,55500,68,Loss/l_ce,0.013092517852783203
1787427222.8291876,55500,68,Loss/l_total,0.013092517852783203
1787427222.8292089,55500,68,LR,1.1920622611056977e-05
1787427233.5824153,55520,68,Loss/l_ce,0.03232216835021973
1787427233.582584,55520,68,Loss/l_total,0.03232216835021973
1787427233.582604,55520,68,LR,1.1920622611056977e-05
1787427244.3234866,55540,68,Loss/l_ce,0.04561138153076172
1787427244.3236609,55540,68,Loss/l_total,0.04561138153076172
1787427244.3236823,55540,68,LR,1.1920622611056977e-05
1787427255.8550875,55560,68,Loss/l_ce,0.01189279556274414
1787427255.855306,55560,68,Loss/l_total,0.01189279556274414
1787427255.855338,55560,68,LR,1.1920622611056977e-05
1787427266.583494,55580,68,Loss/l_ce,0.01569652557373047
1787427266.5836682,55580,68,Loss/l_total,0.01569652557373047
1787427266.5836897,55580,68,LR,1.1920622611056977e-05
1787427279.4614816,55600,68,Loss/l_ce,0.010610342025756836
1787427279.4617546,55600,68,Loss/l_total,0.010610342025756836
1787427279.4617784,55600,68,LR,1.1920622611056977e-05
1787427290.9818106,55620,68,Loss/l_ce,0.0032036304473876953
1787427290.981991,55620,68,Loss/l_total,0.0032036304473876953
1787427290.9820147,55620,68,LR,1.1920622611056977e-05
1787427304.5775008,55640,68,Loss/l_ce,0.17100000381469727
1787427304.5776565,55640,68,Loss/l_total,0.17100000381469727
1787427304.5776792,55640,68,LR,1.1920622611056977e-05
1787427315.6712525,55660,68,Loss/l_ce,0.013277769088745117
1787427315.6714437,55660,68,Loss/l_total,0.013277769088745117
1787427315.6714673,55660,68,LR,1.1920622611056977e-05
1787427323.417461,55680,68,Loss/l_ce,0.01063990592956543
1787427323.4176164,55680,68,Loss/l_total,0.01063990592956543
1787427323.4176393,55680,68,LR,1.1920622611056977e-05
1787427332.1254551,55700,68,Loss/l_ce,0.009216785430908203
1787427332.1256201,55700,68,Loss/l_total,0.009216785430908203
1787427332.125644,55700,68,LR,1.1920622611056977e-05
1787427343.731095,55720,68,Loss/l_ce,0.022531509399414062
1787427343.7312624,55720,68,Loss/l_total,0.022531509399414062
1787427343.731285,55720,68,LR,1.1920622611056977e-05
1787427354.9614165,55740,68,Loss/l_ce,0.017680644989013672
1787427354.9616706,55740,68,Loss/l_total,0.017680644989013672
1787427354.9616954,55740,68,LR,1.1920622611056977e-05
1787427363.3893929,55760,68,Loss/l_ce,0.029054880142211914
1787427363.3895545,55760,68,Loss/l_total,0.029054880142211914
1787427363.3895757,55760,68,LR,1.1920622611056977e-05
1787427373.8167,55780,68,Loss/l_ce,0.021390199661254883
1787427373.816853,55780,68,Loss/l_total,0.021390199661254883
1787427373.8168733,55780,68,LR,1.1920622611056977e-05
1787427380.7066898,55800,68,Loss/l_ce,0.010916709899902344
1787427380.7068882,55800,68,Loss/l_total,0.010916709899902344
1787427380.7069106,55800,68,LR,1.1920622611056977e-05
1787427390.4176598,55820,68,Loss/l_ce,0.03700828552246094
1787427390.4178483,55820,68,Loss/l_total,0.03700828552246094
1787427390.4178731,55820,68,LR,1.1920622611056977e-05
1787427397.483576,55840,68,Loss/l_ce,0.014462947845458984
1787427397.4837303,55840,68,Loss/l_total,0.014462947845458984
1787427397.4837494,55840,68,LR,1.1920622611056977e-05
1787427407.4029768,55860,68,Loss/l_ce,0.01071929931640625
1787427407.4031546,55860,68,Loss/l_total,0.01071929931640625
1787427407.4031785,55860,68,LR,1.1920622611056977e-05
1787427414.5910838,55880,68,Loss/l_ce,0.01798558235168457
1787427414.5912404,55880,68,Loss/l_total,0.01798558235168457
1787427414.591263,55880,68,LR,1.1920622611056977e-05
1787427424.9736378,55900,68,Loss/l_ce,0.02772998809814453
1787427424.9738195,55900,68,Loss/l_total,0.02772998809814453
1787427424.9738455,55900,68,LR,1.1920622611056977e-05
1787427434.8641837,55920,68,Loss/l_ce,0.011043548583984375
1787427434.8643665,55920,68,Loss/l_total,0.011043548583984375
1787427434.8643878,55920,68,LR,1.1920622611056977e-05
1787427444.7480083,55940,68,Loss/l_ce,0.017323017120361328
1787427444.7482197,55940,68,Loss/l_total,0.017323017120361328
1787427444.7482445,55940,68,LR,1.1920622611056977e-05
1787427452.3305695,55960,68,Loss/l_ce,0.011959552764892578
1787427452.3307962,55960,68,Loss/l_total,0.011959552764892578
1787427452.3308234,55960,68,LR,1.1920622611056977e-05
1787427461.8860223,55980,68,Loss/l_ce,0.028484344482421875
1787427461.8862052,55980,68,Loss/l_total,0.028484344482421875
1787427461.8862255,55980,68,LR,1.1920622611056977e-05
1787427473.144757,56000,68,Loss/l_ce,0.006730318069458008
1787427473.1449032,56000,68,Loss/l_total,0.006730318069458008
1787427473.1449244,56000,68,LR,1.1920622611056977e-05
1787427480.3674974,56020,68,Loss/l_ce,0.048967599868774414
1787427480.3676496,56020,68,Loss/l_total,0.048967599868774414
1787427480.3676744,56020,68,LR,1.1920622611056977e-05
1787427540.93092,56028,68,Val/avg_error,0.1216588169336319
1787427540.9312928,56028,68,Val/acc,0.433203125
1787427540.9313164,56028,68,Val/sparse_auc,0.5976722794349746
1787427540.931333,56028,68,Val/sparse_pck_max,0.1
1787427540.9313498,56028,68,Val/sparse_pck_n,100.0
1787427547.9038177,56040,69,Loss/l_ce,0.03192496299743652
1787427547.9040053,56040,69,Loss/l_total,0.03192496299743652
1787427547.904061,56040,69,LR,1.1413757749211604e-05
1787427558.9451466,56060,69,Loss/l_ce,0.026233673095703125
1787427558.9453058,56060,69,Loss/l_total,0.026233673095703125
1787427558.945326,56060,69,LR,1.1413757749211604e-05
1787427568.7363825,56080,69,Loss/l_ce,0.03375053405761719
1787427568.7366,56080,69,Loss/l_total,0.03375053405761719
1787427568.73662,56080,69,LR,1.1413757749211604e-05
1787427576.7114685,56100,69,Loss/l_ce,0.01817917823791504
1787427576.711618,56100,69,Loss/l_total,0.01817917823791504
1787427576.7116406,56100,69,LR,1.1413757749211604e-05
1787427584.0708418,56120,69,Loss/l_ce,0.03104543685913086
1787427584.0710094,56120,69,Loss/l_total,0.03104543685913086
1787427584.0710557,56120,69,LR,1.1413757749211604e-05
1787427592.3146582,56140,69,Loss/l_ce,0.010521411895751953
1787427592.314829,56140,69,Loss/l_total,0.010521411895751953
1787427592.3148515,56140,69,LR,1.1413757749211604e-05
1787427604.9418156,56160,69,Loss/l_ce,0.02337360382080078
1787427604.941996,56160,69,Loss/l_total,0.02337360382080078
1787427604.9420257,56160,69,LR,1.1413757749211604e-05
1787427613.6772935,56180,69,Loss/l_ce,0.012466907501220703
1787427613.6774418,56180,69,Loss/l_total,0.012466907501220703
1787427613.6774633,56180,69,LR,1.1413757749211604e-05
1787427620.2607727,56200,69,Loss/l_ce,0.05301666259765625
1787427620.260915,56200,69,Loss/l_total,0.05301666259765625
1787427620.2609365,56200,69,LR,1.1413757749211604e-05
1787427627.2501192,56220,69,Loss/l_ce,0.02611827850341797
1787427627.2502532,56220,69,Loss/l_total,0.02611827850341797
1787427627.2502747,56220,69,LR,1.1413757749211604e-05
1787427632.5895329,56240,69,Loss/l_ce,0.016123056411743164
1787427632.589667,56240,69,Loss/l_total,0.016123056411743164
1787427632.5896907,56240,69,LR,1.1413757749211604e-05
1787427640.7192643,56260,69,Loss/l_ce,0.011382341384887695
1787427640.7194066,56260,69,Loss/l_total,0.011382341384887695
1787427640.7194269,56260,69,LR,1.1413757749211604e-05
1787427650.393422,56280,69,Loss/l_ce,0.029272079467773438
1787427650.3935585,56280,69,Loss/l_total,0.029272079467773438
1787427650.393582,56280,69,LR,1.1413757749211604e-05
1787427658.2062201,56300,69,Loss/l_ce,0.01665973663330078
1787427658.2063708,56300,69,Loss/l_total,0.01665973663330078
1787427658.2063932,56300,69,LR,1.1413757749211604e-05
1787427665.5873625,56320,69,Loss/l_ce,0.019526004791259766
1787427665.5875394,56320,69,Loss/l_total,0.019526004791259766
1787427665.5877008,56320,69,LR,1.1413757749211604e-05
1787427675.3287199,56340,69,Loss/l_ce,0.016260147094726562
1787427675.3288908,56340,69,Loss/l_total,0.016260147094726562
1787427675.3289135,56340,69,LR,1.1413757749211604e-05
1787427681.7499952,56360,69,Loss/l_ce,0.01988387107849121
1787427681.7501485,56360,69,Loss/l_total,0.01988387107849121
1787427681.7501733,56360,69,LR,1.1413757749211604e-05
1787427692.3794763,56380,69,Loss/l_ce,0.012228965759277344
1787427692.3797553,56380,69,Loss/l_total,0.012228965759277344
1787427692.379779,56380,69,LR,1.1413757749211604e-05
1787427703.9153402,56400,69,Loss/l_ce,0.026039600372314453
1787427703.9155028,56400,69,Loss/l_total,0.026039600372314453
1787427703.9155266,56400,69,LR,1.1413757749211604e-05
1787427711.7538872,56420,69,Loss/l_ce,0.004225730895996094
1787427711.754127,56420,69,Loss/l_total,0.004225730895996094
1787427711.7541518,56420,69,LR,1.1413757749211604e-05
1787427721.5898259,56440,69,Loss/l_ce,0.011540651321411133
1787427721.5900147,56440,69,Loss/l_total,0.011540651321411133
1787427721.5900598,56440,69,LR,1.1413757749211604e-05
1787427732.5561357,56460,69,Loss/l_ce,0.02486443519592285
1787427732.556315,56460,69,Loss/l_total,0.02486443519592285
1787427732.5563364,56460,69,LR,1.1413757749211604e-05
1787427740.1609967,56480,69,Loss/l_ce,0.014714241027832031
1787427740.1611998,56480,69,Loss/l_total,0.014714241027832031
1787427740.1612234,56480,69,LR,1.1413757749211604e-05
1787427749.334163,56500,69,Loss/l_ce,0.013227701187133789
1787427749.3342996,56500,69,Loss/l_total,0.013227701187133789
1787427749.3343196,56500,69,LR,1.1413757749211604e-05
1787427757.9882755,56520,69,Loss/l_ce,0.009966373443603516
1787427757.9884312,56520,69,Loss/l_total,0.009966373443603516
1787427757.9884512,56520,69,LR,1.1413757749211604e-05
1787427766.0871727,56540,69,Loss/l_ce,0.03170657157897949
1787427766.087332,56540,69,Loss/l_total,0.03170657157897949
1787427766.0873547,56540,69,LR,1.1413757749211604e-05
1787427775.070373,56560,69,Loss/l_ce,0.014229059219360352
1787427775.0705333,56560,69,Loss/l_total,0.014229059219360352
1787427775.070556,56560,69,LR,1.1413757749211604e-05
1787427783.3023913,56580,69,Loss/l_ce,0.012443304061889648
1787427783.3026156,56580,69,Loss/l_total,0.012443304061889648
1787427783.3026407,56580,69,LR,1.1413757749211604e-05
1787427792.244538,56600,69,Loss/l_ce,0.010930299758911133
1787427792.2446947,56600,69,Loss/l_total,0.010930299758911133
1787427792.244714,56600,69,LR,1.1413757749211604e-05
1787427799.0751493,56620,69,Loss/l_ce,0.010499000549316406
1787427799.0753632,56620,69,Loss/l_total,0.010499000549316406
1787427799.0753906,56620,69,LR,1.1413757749211604e-05
1787427809.6336133,56640,69,Loss/l_ce,0.03644394874572754
1787427809.6338022,56640,69,Loss/l_total,0.03644394874572754
1787427809.6338234,56640,69,LR,1.1413757749211604e-05
1787427817.3721273,56660,69,Loss/l_ce,0.015894412994384766
1787427817.3722744,56660,69,Loss/l_total,0.015894412994384766
1787427817.3722959,56660,69,LR,1.1413757749211604e-05
1787427829.03029,56680,69,Loss/l_ce,0.012296199798583984
1787427829.0304477,56680,69,Loss/l_total,0.012296199798583984
1787427829.0304704,56680,69,LR,1.1413757749211604e-05
1787427838.975855,56700,69,Loss/l_ce,0.004235744476318359
1787427838.9759965,56700,69,Loss/l_total,0.004235744476318359
1787427838.9760165,56700,69,LR,1.1413757749211604e-05
1787427846.0956275,56720,69,Loss/l_ce,0.0401761531829834
1787427846.0959077,56720,69,Loss/l_total,0.0401761531829834
1787427846.0959291,56720,69,LR,1.1413757749211604e-05
1787427856.5587459,56740,69,Loss/l_ce,0.016336679458618164
1787427856.558912,56740,69,Loss/l_total,0.016336679458618164
1787427856.5589333,56740,69,LR,1.1413757749211604e-05
1787427862.426341,56760,69,Loss/l_ce,0.01039886474609375
1787427862.4264977,56760,69,Loss/l_total,0.01039886474609375
1787427862.4265215,56760,69,LR,1.1413757749211604e-05
1787427869.3837519,56780,69,Loss/l_ce,0.010315418243408203
1787427869.3838933,56780,69,Loss/l_total,0.010315418243408203
1787427869.3839145,56780,69,LR,1.1413757749211604e-05
1787427876.6728933,56800,69,Loss/l_ce,0.007987499237060547
1787427876.6730857,56800,69,Loss/l_total,0.007987499237060547
1787427876.6731093,56800,69,LR,1.1413757749211604e-05
1787427882.9349296,56820,69,Loss/l_ce,0.010743141174316406
1787427882.9351435,56820,69,Loss/l_total,0.010743141174316406
1787427882.9370964,56820,69,LR,1.1413757749211604e-05
1787427889.9107366,56840,69,Loss/l_ce,0.0033516883850097656
1787427889.910886,56840,69,Loss/l_total,0.0033516883850097656
1787427889.9109087,56840,69,LR,1.1413757749211604e-05
1787427943.2330945,56840,69,Val/avg_error,0.12532636523246765
1787427943.2333462,56840,69,Val/acc,0.4302734375
1787427943.2333689,56840,69,Val/sparse_auc,0.5906701290246212
1787427943.233408,56840,69,Val/sparse_pck_max,0.1
1787427943.2334256,56840,69,Val/sparse_pck_n,100.0
1787427951.090161,56860,70,Loss/l_ce,0.012064695358276367
1787427951.0903606,56860,70,Loss/l_total,0.012064695358276367
1787427951.090388,56860,70,LR,1.0983357966978752e-05
1787427958.7407994,56880,70,Loss/l_ce,0.014143705368041992
1787427958.7409647,56880,70,Loss/l_total,0.014143705368041992
1787427958.7409885,56880,70,LR,1.0983357966978752e-05
1787427965.6093936,56900,70,Loss/l_ce,0.012961149215698242
1787427965.6095374,56900,70,Loss/l_total,0.012961149215698242
1787427965.6095598,56900,70,LR,1.0983357966978752e-05
1787427974.077889,56920,70,Loss/l_ce,0.14440417289733887
1787427974.078105,56920,70,Loss/l_total,0.14440417289733887
1787427974.0781302,56920,70,LR,1.0983357966978752e-05
1787427981.7268107,56940,70,Loss/l_ce,0.03350377082824707
1787427981.7270982,56940,70,Loss/l_total,0.03350377082824707
1787427981.7271287,56940,70,LR,1.0983357966978752e-05
1787427988.0492082,56960,70,Loss/l_ce,0.024355411529541016
1787427988.0493696,56960,70,Loss/l_total,0.024355411529541016
1787427988.0493946,56960,70,LR,1.0983357966978752e-05
1787427995.3396058,56980,70,Loss/l_ce,0.012154817581176758
1787427995.3397624,56980,70,Loss/l_total,0.012154817581176758
1787427995.3397863,56980,70,LR,1.0983357966978752e-05
1787428002.8192415,57000,70,Loss/l_ce,0.008193492889404297
1787428002.8194304,57000,70,Loss/l_total,0.008193492889404297
1787428002.8194551,57000,70,LR,1.0983357966978752e-05
1787428011.9777315,57020,70,Loss/l_ce,0.022597789764404297
1787428011.977886,57020,70,Loss/l_total,0.022597789764404297
1787428011.9779074,57020,70,LR,1.0983357966978752e-05
1787428021.919677,57040,70,Loss/l_ce,0.017170429229736328
1787428021.9198527,57040,70,Loss/l_total,0.017170429229736328
1787428021.9198763,57040,70,LR,1.0983357966978752e-05
1787428030.0268962,57060,70,Loss/l_ce,0.020055055618286133
1787428030.027092,57060,70,Loss/l_total,0.020055055618286133
1787428030.0271194,57060,70,LR,1.0983357966978752e-05
1787428038.8049672,57080,70,Loss/l_ce,0.010777950286865234
1787428038.8051453,57080,70,Loss/l_total,0.010777950286865234
1787428038.80517,57080,70,LR,1.0983357966978752e-05
1787428044.9834204,57100,70,Loss/l_ce,0.012305736541748047
1787428044.9835997,57100,70,Loss/l_total,0.012305736541748047
1787428044.9836211,57100,70,LR,1.0983357966978752e-05
1787428054.8239315,57120,70,Loss/l_ce,0.03134441375732422
1787428054.8241546,57120,70,Loss/l_total,0.03134441375732422
1787428054.824182,57120,70,LR,1.0983357966978752e-05
1787428062.2028122,57140,70,Loss/l_ce,0.02128314971923828
1787428062.202958,57140,70,Loss/l_total,0.02128314971923828
1787428062.2030058,57140,70,LR,1.0983357966978752e-05
1787428070.2405934,57160,70,Loss/l_ce,0.008567333221435547
1787428070.240742,57160,70,Loss/l_total,0.008567333221435547
1787428070.240762,57160,70,LR,1.0983357966978752e-05
1787428079.7013347,57180,70,Loss/l_ce,0.015087604522705078
1787428079.7014797,57180,70,Loss/l_total,0.015087604522705078
1787428079.701501,57180,70,LR,1.0983357966978752e-05
1787428086.222292,57200,70,Loss/l_ce,0.02582836151123047
1787428086.2224548,57200,70,Loss/l_total,0.02582836151123047
1787428086.2224772,57200,70,LR,1.0983357966978752e-05
1787428095.370023,57220,70,Loss/l_ce,0.013819694519042969
1787428095.3702083,57220,70,Loss/l_total,0.013819694519042969
1787428095.370232,57220,70,LR,1.0983357966978752e-05
1787428104.1405785,57240,70,Loss/l_ce,0.009067058563232422
1787428104.1407897,57240,70,Loss/l_total,0.009067058563232422
1787428104.1408184,57240,70,LR,1.0983357966978752e-05
1787428112.8367748,57260,70,Loss/l_ce,0.009040117263793945
1787428112.836991,57260,70,Loss/l_total,0.009040117263793945
1787428112.8370147,57260,70,LR,1.0983357966978752e-05
1787428119.1573238,57280,70,Loss/l_ce,0.01769709587097168
1787428119.157484,57280,70,Loss/l_total,0.01769709587097168
1787428119.1575077,57280,70,LR,1.0983357966978752e-05
1787428128.566514,57300,70,Loss/l_ce,0.013196945190429688
1787428128.5666752,57300,70,Loss/l_total,0.013196945190429688
1787428128.5666978,57300,70,LR,1.0983357966978752e-05
1787428136.0121288,57320,70,Loss/l_ce,0.009439468383789062
1787428136.0123353,57320,70,Loss/l_total,0.009439468383789062
1787428136.0123603,57320,70,LR,1.0983357966978752e-05
1787428145.5898733,57340,70,Loss/l_ce,0.02988147735595703
1787428145.5900445,57340,70,Loss/l_total,0.02988147735595703
1787428145.5900695,57340,70,LR,1.0983357966978752e-05
1787428153.7677379,57360,70,Loss/l_ce,0.03470563888549805
1787428153.7679079,57360,70,Loss/l_total,0.03470563888549805
1787428153.7679327,57360,70,LR,1.0983357966978752e-05
1787428164.2039485,57380,70,Loss/l_ce,0.01404428482055664
1787428164.2041385,57380,70,Loss/l_total,0.01404428482055664
1787428164.2041624,57380,70,LR,1.0983357966978752e-05
1787428171.6731067,57400,70,Loss/l_ce,0.010100841522216797
1787428171.6732514,57400,70,Loss/l_total,0.010100841522216797
1787428171.6732717,57400,70,LR,1.0983357966978752e-05
1787428179.4530084,57420,70,Loss/l_ce,0.01268458366394043
1787428179.4532542,57420,70,Loss/l_total,0.01268458366394043
1787428179.4532757,57420,70,LR,1.0983357966978752e-05
1787428188.665194,57440,70,Loss/l_ce,0.017339229583740234
1787428188.6653912,57440,70,Loss/l_total,0.017339229583740234
1787428188.6654139,57440,70,LR,1.0983357966978752e-05
1787428201.042997,57460,70,Loss/l_ce,0.019183635711669922
1787428201.0431752,57460,70,Loss/l_total,0.019183635711669922
1787428201.0431976,57460,70,LR,1.0983357966978752e-05
1787428212.467043,57480,70,Loss/l_ce,0.014266014099121094
1787428212.4674191,57480,70,Loss/l_total,0.014266014099121094
1787428212.467443,57480,70,LR,1.0983357966978752e-05
1787428220.1371198,57500,70,Loss/l_ce,0.008810758590698242
1787428220.1373003,57500,70,Loss/l_total,0.008810758590698242
1787428220.137324,57500,70,LR,1.0983357966978752e-05
1787428231.4891813,57520,70,Loss/l_ce,0.05308938026428223
1787428231.4893806,57520,70,Loss/l_total,0.05308938026428223
1787428231.4894018,57520,70,LR,1.0983357966978752e-05
1787428246.0705738,57540,70,Loss/l_ce,0.009503602981567383
1787428246.0707483,57540,70,Loss/l_total,0.009503602981567383
1787428246.0707722,57540,70,LR,1.0983357966978752e-05
1787428253.7678576,57560,70,Loss/l_ce,0.02085137367248535
1787428253.7680192,57560,70,Loss/l_total,0.02085137367248535
1787428253.7680619,57560,70,LR,1.0983357966978752e-05
1787428265.3772361,57580,70,Loss/l_ce,0.03891801834106445
1787428265.377451,57580,70,Loss/l_total,0.03891801834106445
1787428265.3774774,57580,70,LR,1.0983357966978752e-05
1787428273.3672848,57600,70,Loss/l_ce,0.04304981231689453
1787428273.3674426,57600,70,Loss/l_total,0.04304981231689453
1787428273.3674653,57600,70,LR,1.0983357966978752e-05
1787428285.0767562,57620,70,Loss/l_ce,0.010741949081420898
1787428285.076934,57620,70,Loss/l_total,0.010741949081420898
1787428285.076957,57620,70,LR,1.0983357966978752e-05
1787428294.9287417,57640,70,Loss/l_ce,0.014117002487182617
1787428294.9288993,57640,70,Loss/l_total,0.014117002487182617
1787428294.9289231,57640,70,LR,1.0983357966978752e-05
1787428355.922116,57652,70,Val/avg_error,0.12471938133239746
1787428355.9223404,57652,70,Val/acc,0.428466796875
1787428355.9223654,57652,70,Val/sparse_auc,0.5912617384785354
1787428355.922383,57652,70,Val/sparse_pck_max,0.1
1787428355.9223986,57652,70,Val/sparse_pck_n,100.0
1787428360.317764,57660,71,Loss/l_ce,0.014226913452148438
1787428360.317935,57660,71,Loss/l_total,0.014226913452148438
1787428360.3179564,57660,71,LR,1.0630178331827278e-05
1787428365.4406984,57680,71,Loss/l_ce,0.022107362747192383
1787428365.4408681,57680,71,Loss/l_total,0.022107362747192383
1787428365.4408906,57680,71,LR,1.0630178331827278e-05
1787428371.7475452,57700,71,Loss/l_ce,0.011632442474365234
1787428371.747701,57700,71,Loss/l_total,0.011632442474365234
1787428371.7477221,57700,71,LR,1.0630178331827278e-05
1787428376.7649736,57720,71,Loss/l_ce,0.0272829532623291
1787428376.7651598,57720,71,Loss/l_total,0.0272829532623291
1787428376.7651834,57720,71,LR,1.0630178331827278e-05
1787428381.9478943,57740,71,Loss/l_ce,0.07803559303283691
1787428381.9482112,57740,71,Loss/l_total,0.07803559303283691
1787428381.9482374,57740,71,LR,1.0630178331827278e-05
1787428389.2239416,57760,71,Loss/l_ce,0.018671512603759766
1787428389.2242208,57760,71,Loss/l_total,0.018671512603759766
1787428389.2242455,57760,71,LR,1.0630178331827278e-05
1787428395.5630257,57780,71,Loss/l_ce,0.017630577087402344
1787428395.563213,57780,71,Loss/l_total,0.017630577087402344
1787428395.5632594,57780,71,LR,1.0630178331827278e-05
1787428404.9504926,57800,71,Loss/l_ce,0.01899576187133789
1787428404.9507396,57800,71,Loss/l_total,0.01899576187133789
1787428404.9507647,57800,71,LR,1.0630178331827278e-05
1787428411.699832,57820,71,Loss/l_ce,0.027973651885986328
1787428411.7000113,57820,71,Loss/l_total,0.027973651885986328
1787428411.70006,57820,71,LR,1.0630178331827278e-05
1787428422.6958902,57840,71,Loss/l_ce,0.022125720977783203
1787428422.6961277,57840,71,Loss/l_total,0.022125720977783203
1787428422.6961539,57840,71,LR,1.0630178331827278e-05
1787428433.2836633,57860,71,Loss/l_ce,0.04337310791015625
1787428433.2838852,57860,71,Loss/l_total,0.04337310791015625
1787428433.28391,57860,71,LR,1.0630178331827278e-05
1787428443.154203,57880,71,Loss/l_ce,0.018261432647705078
1787428443.154425,57880,71,Loss/l_total,0.018261432647705078
1787428443.1544464,57880,71,LR,1.0630178331827278e-05
1787428451.9023197,57900,71,Loss/l_ce,0.01745295524597168
1787428451.9025724,57900,71,Loss/l_total,0.01745295524597168
1787428451.9026234,57900,71,LR,1.0630178331827278e-05
1787428462.7246578,57920,71,Loss/l_ce,0.01102590560913086
1787428462.7248795,57920,71,Loss/l_total,0.01102590560913086
1787428462.7249022,57920,71,LR,1.0630178331827278e-05
1787428471.83842,57940,71,Loss/l_ce,0.013307809829711914
1787428471.8386364,57940,71,Loss/l_total,0.013307809829711914
1787428471.8386633,57940,71,LR,1.0630178331827278e-05
1787428480.9593806,57960,71,Loss/l_ce,0.011604547500610352
1787428480.9596503,57960,71,Loss/l_total,0.011604547500610352
1787428480.9596753,57960,71,LR,1.0630178331827278e-05
1787428488.0484326,57980,71,Loss/l_ce,0.036423683166503906
1787428488.0486724,57980,71,Loss/l_total,0.036423683166503906
1787428488.048695,57980,71,LR,1.0630178331827278e-05
1787428499.3428748,58000,71,Loss/l_ce,0.026289701461791992
1787428499.3431692,58000,71,Loss/l_total,0.026289701461791992
1787428499.343199,58000,71,LR,1.0630178331827278e-05
1787428508.2084017,58020,71,Loss/l_ce,0.013455867767333984
1787428508.2086298,58020,71,Loss/l_total,0.013455867767333984
1787428508.2086558,58020,71,LR,1.0630178331827278e-05
1787428517.3700228,58040,71,Loss/l_ce,0.017894983291625977
1787428517.3702328,58040,71,Loss/l_total,0.017894983291625977
1787428517.370398,58040,71,LR,1.0630178331827278e-05
1787428526.1182652,58060,71,Loss/l_ce,0.0166018009185791
1787428526.118423,58060,71,Loss/l_total,0.0166018009185791
1787428526.1184468,58060,71,LR,1.0630178331827278e-05
1787428536.7745957,58080,71,Loss/l_ce,0.037428855895996094
1787428536.7748406,58080,71,Loss/l_total,0.037428855895996094
1787428536.7748666,58080,71,LR,1.0630178331827278e-05
1787428542.5310023,58100,71,Loss/l_ce,0.031273841857910156
1787428542.5311828,58100,71,Loss/l_total,0.031273841857910156
1787428542.5312054,58100,71,LR,1.0630178331827278e-05
1787428549.1716886,58120,71,Loss/l_ce,0.024214744567871094
1787428549.171844,58120,71,Loss/l_total,0.024214744567871094
1787428549.1718667,58120,71,LR,1.0630178331827278e-05
1787428558.1334362,58140,71,Loss/l_ce,0.01245737075805664
1787428558.1335902,58140,71,Loss/l_total,0.01245737075805664
1787428558.133614,58140,71,LR,1.0630178331827278e-05
1787428568.1141524,58160,71,Loss/l_ce,0.02183246612548828
1787428568.1143947,58160,71,Loss/l_total,0.02183246612548828
1787428568.1144197,58160,71,LR,1.0630178331827278e-05
1787428575.7920203,58180,71,Loss/l_ce,0.01593303680419922
1787428575.7922258,58180,71,Loss/l_total,0.01593303680419922
1787428575.7922494,58180,71,LR,1.0630178331827278e-05
1787428581.7624462,58200,71,Loss/l_ce,0.0162506103515625
1787428581.7626064,58200,71,Loss/l_total,0.0162506103515625
1787428581.7626288,58200,71,LR,1.0630178331827278e-05
1787428595.7537901,58220,71,Loss/l_ce,0.017388105392456055
1787428595.7539384,58220,71,Loss/l_total,0.017388105392456055
1787428595.75396,58220,71,LR,1.0630178331827278e-05
1787428604.6462443,58240,71,Loss/l_ce,0.012109994888305664
1787428604.646419,58240,71,Loss/l_total,0.012109994888305664
1787428604.6464415,58240,71,LR,1.0630178331827278e-05
1787428613.8081582,58260,71,Loss/l_ce,0.041127920150756836
1787428613.808353,58260,71,Loss/l_total,0.041127920150756836
1787428613.8083756,58260,71,LR,1.0630178331827278e-05
1787428625.943114,58280,71,Loss/l_ce,0.012610673904418945
1787428625.9433205,58280,71,Loss/l_total,0.012610673904418945
1787428625.9433467,58280,71,LR,1.0630178331827278e-05
1787428633.3327281,58300,71,Loss/l_ce,0.040955305099487305
1787428633.332917,58300,71,Loss/l_total,0.040955305099487305
1787428633.3329585,58300,71,LR,1.0630178331827278e-05
1787428640.386693,58320,71,Loss/l_ce,0.017061710357666016
1787428640.386888,58320,71,Loss/l_total,0.017061710357666016
1787428640.3869116,58320,71,LR,1.0630178331827278e-05
1787428648.9075994,58340,71,Loss/l_ce,0.012982368469238281
1787428648.9077582,58340,71,Loss/l_total,0.012982368469238281
1787428648.9077797,58340,71,LR,1.0630178331827278e-05
1787428656.8778088,58360,71,Loss/l_ce,0.008111953735351562
1787428656.877974,58360,71,Loss/l_total,0.008111953735351562
1787428656.8779953,58360,71,LR,1.0630178331827278e-05
1787428662.1853244,58380,71,Loss/l_ce,0.0114593505859375
1787428662.18553,58380,71,Loss/l_total,0.0114593505859375
1787428662.1855536,58380,71,LR,1.0630178331827278e-05
1787428675.2203326,58400,71,Loss/l_ce,0.013936281204223633
1787428675.220533,58400,71,Loss/l_total,0.013936281204223633
1787428675.2205603,58400,71,LR,1.0630178331827278e-05
1787428683.1034415,58420,71,Loss/l_ce,0.029909610748291016
1787428683.1035936,58420,71,Loss/l_total,0.029909610748291016
1787428683.1036172,58420,71,LR,1.0630178331827278e-05
1787428694.1428857,58440,71,Loss/l_ce,0.01654195785522461
1787428694.1430233,58440,71,Loss/l_total,0.01654195785522461
1787428694.1430674,58440,71,LR,1.0630178331827278e-05
1787428699.701804,58460,71,Loss/l_ce,0.042433977127075195
1787428699.7019975,58460,71,Loss/l_total,0.042433977127075195
1787428699.7020214,58460,71,LR,1.0630178331827278e-05
1787428754.8704112,58464,71,Val/avg_error,0.1241786926984787
1787428754.8707888,58464,71,Val/acc,0.43447265625
1787428754.870815,58464,71,Val/sparse_auc,0.594900420217803
1787428754.8708339,58464,71,Val/sparse_pck_max,0.1
1787428754.8708518,58464,71,Val/sparse_pck_n,100.0
1787428766.130925,58480,72,Loss/l_ce,0.03706169128417969
1787428766.1311579,58480,72,Loss/l_total,0.03706169128417969
1787428766.1311815,58480,72,LR,1.0354838440848503e-05
1787428773.7804055,58500,72,Loss/l_ce,0.017866134643554688
1787428773.7805836,58500,72,Loss/l_total,0.017866134643554688
1787428773.780618,58500,72,LR,1.0354838440848503e-05
1787428783.2915828,58520,72,Loss/l_ce,0.012520074844360352
1787428783.291787,58520,72,Loss/l_total,0.012520074844360352
1787428783.2918143,58520,72,LR,1.0354838440848503e-05
1787428792.1332002,58540,72,Loss/l_ce,0.024324417114257812
1787428792.133364,58540,72,Loss/l_total,0.024324417114257812
1787428792.1333866,58540,72,LR,1.0354838440848503e-05
1787428800.423829,58560,72,Loss/l_ce,0.018269062042236328
1787428800.4240215,58560,72,Loss/l_total,0.018269062042236328
1787428800.4240725,58560,72,LR,1.0354838440848503e-05
1787428808.1322534,58580,72,Loss/l_ce,0.09263801574707031
1787428808.1324198,58580,72,Loss/l_total,0.09263801574707031
1787428808.1324446,58580,72,LR,1.0354838440848503e-05
1787428815.8648214,58600,72,Loss/l_ce,0.008143424987792969
1787428815.864989,58600,72,Loss/l_total,0.008143424987792969
1787428815.8650174,58600,72,LR,1.0354838440848503e-05
1787428824.0792246,58620,72,Loss/l_ce,0.012711048126220703
1787428824.0794075,58620,72,Loss/l_total,0.012711048126220703
1787428824.0794466,58620,72,LR,1.0354838440848503e-05
1787428833.9115102,58640,72,Loss/l_ce,0.007352352142333984
1787428833.9117002,58640,72,Loss/l_total,0.007352352142333984
1787428833.911725,58640,72,LR,1.0354838440848503e-05
1787428841.9556093,58660,72,Loss/l_ce,0.04622387886047363
1787428841.9558136,58660,72,Loss/l_total,0.04622387886047363
1787428841.9558408,58660,72,LR,1.0354838440848503e-05
1787428849.119992,58680,72,Loss/l_ce,0.03507566452026367
1787428849.1201773,58680,72,Loss/l_total,0.03507566452026367
1787428849.1202,58680,72,LR,1.0354838440848503e-05
1787428859.9948838,58700,72,Loss/l_ce,0.006544351577758789
1787428859.9950676,58700,72,Loss/l_total,0.006544351577758789
1787428859.9950914,58700,72,LR,1.0354838440848503e-05
1787428868.2138772,58720,72,Loss/l_ce,0.02506875991821289
1787428868.2140565,58720,72,Loss/l_total,0.02506875991821289
1787428868.2140825,58720,72,LR,1.0354838440848503e-05
1787428877.235751,58740,72,Loss/l_ce,0.018083572387695312
1787428877.2359884,58740,72,Loss/l_total,0.018083572387695312
1787428877.236017,58740,72,LR,1.0354838440848503e-05
1787428885.639216,58760,72,Loss/l_ce,0.012470483779907227
1787428885.639381,58760,72,Loss/l_total,0.012470483779907227
1787428885.6394012,58760,72,LR,1.0354838440848503e-05
1787428893.9659302,58780,72,Loss/l_ce,0.027383804321289062
1787428893.9661334,58780,72,Loss/l_total,0.027383804321289062
1787428893.9661605,58780,72,LR,1.0354838440848503e-05
1787428903.0345592,58800,72,Loss/l_ce,0.01899242401123047
1787428903.0347242,58800,72,Loss/l_total,0.01899242401123047
1787428903.034748,58800,72,LR,1.0354838440848503e-05
1787428911.574771,58820,72,Loss/l_ce,0.01298832893371582
1787428911.574937,58820,72,Loss/l_total,0.01298832893371582
1787428911.574956,58820,72,LR,1.0354838440848503e-05
1787428920.1023529,58840,72,Loss/l_ce,0.19763946533203125
1787428920.102511,58840,72,Loss/l_total,0.19763946533203125
1787428920.1025333,58840,72,LR,1.0354838440848503e-05
1787428930.9410853,58860,72,Loss/l_ce,0.007033348083496094
1787428930.941247,58860,72,Loss/l_total,0.007033348083496094
1787428930.9412673,58860,72,LR,1.0354838440848503e-05
1787428941.3631737,58880,72,Loss/l_ce,0.011466264724731445
1787428941.3633163,58880,72,Loss/l_total,0.011466264724731445
1787428941.3633375,58880,72,LR,1.0354838440848503e-05
1787428946.1891482,58900,72,Loss/l_ce,0.04111194610595703
1787428946.1893165,58900,72,Loss/l_total,0.04111194610595703
1787428946.1893392,58900,72,LR,1.0354838440848503e-05
1787428958.1401997,58920,72,Loss/l_ce,0.013022422790527344
1787428958.140563,58920,72,Loss/l_total,0.013022422790527344
1787428958.1405878,58920,72,LR,1.0354838440848503e-05
1787428965.8711746,58940,72,Loss/l_ce,0.03097367286682129
1787428965.8714442,58940,72,Loss/l_total,0.03097367286682129
1787428965.8714845,58940,72,LR,1.0354838440848503e-05
1787428976.0734332,58960,72,Loss/l_ce,0.011418581008911133
1787428976.0737512,58960,72,Loss/l_total,0.011418581008911133
1787428976.0737784,58960,72,LR,1.0354838440848503e-05
1787428983.9272137,58980,72,Loss/l_ce,0.013105630874633789
1787428983.9274642,58980,72,Loss/l_total,0.013105630874633789
1787428983.9274867,58980,72,LR,1.0354838440848503e-05
1787428989.2501132,59000,72,Loss/l_ce,0.01868271827697754
1787428989.2502878,59000,72,Loss/l_total,0.01868271827697754
1787428989.2503104,59000,72,LR,1.0354838440848503e-05
1787428998.7449808,59020,72,Loss/l_ce,0.010052204132080078
1787428998.7452087,59020,72,Loss/l_total,0.010052204132080078
1787428998.745235,59020,72,LR,1.0354838440848503e-05
1787429006.923355,59040,72,Loss/l_ce,0.012033700942993164
1787429006.9235213,59040,72,Loss/l_total,0.012033700942993164
1787429006.9235415,59040,72,LR,1.0354838440848503e-05
1787429015.005924,59060,72,Loss/l_ce,0.011715888977050781
1787429015.0060961,59060,72,Loss/l_total,0.011715888977050781
1787429015.00612,59060,72,LR,1.0354838440848503e-05
1787429023.222744,59080,72,Loss/l_ce,0.011275291442871094
1787429023.2229173,59080,72,Loss/l_total,0.011275291442871094
1787429023.22294,59080,72,LR,1.0354838440848503e-05
1787429030.921671,59100,72,Loss/l_ce,0.03226661682128906
1787429030.9218717,59100,72,Loss/l_total,0.03226661682128906
1787429030.9218955,59100,72,LR,1.0354838440848503e-05
1787429037.5355208,59120,72,Loss/l_ce,0.016873598098754883
1787429037.535706,59120,72,Loss/l_total,0.016873598098754883
1787429037.53573,59120,72,LR,1.0354838440848503e-05
1787429046.2961442,59140,72,Loss/l_ce,0.024957656860351562
1787429046.2963543,59140,72,Loss/l_total,0.024957656860351562
1787429046.2963781,59140,72,LR,1.0354838440848503e-05
1787429055.510917,59160,72,Loss/l_ce,0.03166556358337402
1787429055.5112162,59160,72,Loss/l_total,0.03166556358337402
1787429055.511551,59160,72,LR,1.0354838440848503e-05
1787429061.932517,59180,72,Loss/l_ce,0.024930238723754883
1787429061.9326665,59180,72,Loss/l_total,0.024930238723754883
1787429061.9326904,59180,72,LR,1.0354838440848503e-05
1787429072.524602,59200,72,Loss/l_ce,0.008719205856323242
1787429072.5247705,59200,72,Loss/l_total,0.008719205856323242
1787429072.524794,59200,72,LR,1.0354838440848503e-05
1787429081.6879156,59220,72,Loss/l_ce,0.012556076049804688
1787429081.6881022,59220,72,Loss/l_total,0.012556076049804688
1787429081.6881282,59220,72,LR,1.0354838440848503e-05
1787429088.1697626,59240,72,Loss/l_ce,0.02009296417236328
1787429088.1699514,59240,72,Loss/l_total,0.02009296417236328
1787429088.1699762,59240,72,LR,1.0354838440848503e-05
1787429096.7703044,59260,72,Loss/l_ce,0.011914730072021484
1787429096.7705407,59260,72,Loss/l_total,0.011914730072021484
1787429096.7705646,59260,72,LR,1.0354838440848503e-05
1787429157.7416928,59276,72,Val/avg_error,0.12539425492286682
1787429157.7420797,59276,72,Val/acc,0.429541015625
1787429157.7421095,59276,72,Val/sparse_auc,0.590297999526515
1787429157.7423718,59276,72,Val/sparse_pck_max,0.1
1787429157.7423956,59276,72,Val/sparse_pck_n,100.0
1787429160.2394629,59280,73,Loss/l_ce,0.012201786041259766
1787429160.2396717,59280,73,Loss/l_total,0.012201786041259766
1787429160.2396955,59280,73,LR,1.0157821333772305e-05
1787429169.8033876,59300,73,Loss/l_ce,0.013947486877441406
1787429169.8035398,59300,73,Loss/l_total,0.013947486877441406
1787429169.8035636,59300,73,LR,1.0157821333772305e-05
1787429180.4273977,59320,73,Loss/l_ce,0.011678695678710938
1787429180.4275439,59320,73,Loss/l_total,0.011678695678710938
1787429180.4275637,59320,73,LR,1.0157821333772305e-05
1787429188.9588735,59340,73,Loss/l_ce,0.23371171951293945
1787429188.9590256,59340,73,Loss/l_total,0.23371171951293945
1787429188.9590838,59340,73,LR,1.0157821333772305e-05
1787429197.7709067,59360,73,Loss/l_ce,0.021737337112426758
1787429197.771074,59360,73,Loss/l_total,0.021737337112426758
1787429197.7710931,59360,73,LR,1.0157821333772305e-05
1787429205.3025064,59380,73,Loss/l_ce,0.010690450668334961
1787429205.3026488,59380,73,Loss/l_total,0.010690450668334961
1787429205.3026679,59380,73,LR,1.0157821333772305e-05
1787429212.4391894,59400,73,Loss/l_ce,0.018497705459594727
1787429212.439383,59400,73,Loss/l_total,0.018497705459594727
1787429212.4394057,59400,73,LR,1.0157821333772305e-05
1787429218.4559479,59420,73,Loss/l_ce,0.013330936431884766
1787429218.4561484,59420,73,Loss/l_total,0.013330936431884766
1787429218.4561734,59420,73,LR,1.0157821333772305e-05
1787429225.8014266,59440,73,Loss/l_ce,0.03313565254211426
1787429225.8015893,59440,73,Loss/l_total,0.03313565254211426
1787429225.8016117,59440,73,LR,1.0157821333772305e-05
1787429233.6221173,59460,73,Loss/l_ce,0.01309347152709961
1787429233.6222754,59460,73,Loss/l_total,0.01309347152709961
1787429233.6222966,59460,73,LR,1.0157821333772305e-05
1787429242.756918,59480,73,Loss/l_ce,0.023377656936645508
1787429242.7570937,59480,73,Loss/l_total,0.023377656936645508
1787429242.7571175,59480,73,LR,1.0157821333772305e-05
1787429249.3329308,59500,73,Loss/l_ce,0.014749526977539062
1787429249.3332548,59500,73,Loss/l_total,0.014749526977539062
1787429249.3332822,59500,73,LR,1.0157821333772305e-05
1787429261.874249,59520,73,Loss/l_ce,0.039986371994018555
1787429261.874465,59520,73,Loss/l_total,0.039986371994018555
1787429261.8744888,59520,73,LR,1.0157821333772305e-05
1787429270.8762643,59540,73,Loss/l_ce,0.14484238624572754
1787429270.8764365,59540,73,Loss/l_total,0.14484238624572754
1787429270.8764591,59540,73,LR,1.0157821333772305e-05
1787429276.144346,59560,73,Loss/l_ce,0.01519918441772461
1787429276.1444957,59560,73,Loss/l_total,0.01519918441772461
1787429276.1445181,59560,73,LR,1.0157821333772305e-05
1787429287.2244468,59580,73,Loss/l_ce,0.027782917022705078
1787429287.2246168,59580,73,Loss/l_total,0.027782917022705078
1787429287.2246523,59580,73,LR,1.0157821333772305e-05
1787429299.8772268,59600,73,Loss/l_ce,0.10888028144836426
1787429299.8774238,59600,73,Loss/l_total,0.10888028144836426
1787429299.8774428,59600,73,LR,1.0157821333772305e-05
1787429309.2710059,59620,73,Loss/l_ce,0.006597757339477539
1787429309.2711818,59620,73,Loss/l_total,0.006597757339477539
1787429309.2712054,59620,73,LR,1.0157821333772305e-05
1787429319.2238202,59640,73,Loss/l_ce,0.018332242965698242
1787429319.2240043,59640,73,Loss/l_total,0.018332242965698242
1787429319.2240555,59640,73,LR,1.0157821333772305e-05
1787429326.2001085,59660,73,Loss/l_ce,0.01766061782836914
1787429326.200314,59660,73,Loss/l_total,0.01766061782836914
1787429326.2003367,59660,73,LR,1.0157821333772305e-05
1787429333.8871937,59680,73,Loss/l_ce,0.02384209632873535
1787429333.8873467,59680,73,Loss/l_total,0.02384209632873535
1787429333.887367,59680,73,LR,1.0157821333772305e-05
1787429341.3040733,59700,73,Loss/l_ce,0.029600143432617188
1787429341.3042324,59700,73,Loss/l_total,0.029600143432617188
1787429341.3042562,59700,73,LR,1.0157821333772305e-05
1787429349.4906054,59720,73,Loss/l_ce,0.012259244918823242
1787429349.4907525,59720,73,Loss/l_total,0.012259244918823242
1787429349.4907737,59720,73,LR,1.0157821333772305e-05
1787429358.135689,59740,73,Loss/l_ce,0.012399435043334961
1787429358.1358397,59740,73,Loss/l_total,0.012399435043334961
1787429358.1358624,59740,73,LR,1.0157821333772305e-05
1787429366.9424825,59760,73,Loss/l_ce,0.01633453369140625
1787429366.9426854,59760,73,Loss/l_total,0.01633453369140625
1787429366.9427083,59760,73,LR,1.0157821333772305e-05
1787429375.3092709,59780,73,Loss/l_ce,0.00327301025390625
1787429375.309425,59780,73,Loss/l_total,0.00327301025390625
1787429375.3094478,59780,73,LR,1.0157821333772305e-05
1787429381.5743585,59800,73,Loss/l_ce,0.028996944427490234
1787429381.5745368,59800,73,Loss/l_total,0.028996944427490234
1787429381.5745664,59800,73,LR,1.0157821333772305e-05
1787429390.2633827,59820,73,Loss/l_ce,0.011621475219726562
1787429390.2635348,59820,73,Loss/l_total,0.011621475219726562
1787429390.2635574,59820,73,LR,1.0157821333772305e-05
1787429400.134622,59840,73,Loss/l_ce,0.019484996795654297
1787429400.13485,59840,73,Loss/l_total,0.019484996795654297
1787429400.134887,59840,73,LR,1.0157821333772305e-05
1787429407.4923801,59860,73,Loss/l_ce,0.008065223693847656
1787429407.4925156,59860,73,Loss/l_total,0.008065223693847656
1787429407.4925358,59860,73,LR,1.0157821333772305e-05
1787429415.315142,59880,73,Loss/l_ce,0.010008811950683594
1787429415.3152797,59880,73,Loss/l_total,0.010008811950683594
1787429415.315301,59880,73,LR,1.0157821333772305e-05
1787429421.403878,59900,73,Loss/l_ce,0.017275094985961914
1787429421.4040215,59900,73,Loss/l_total,0.017275094985961914
1787429421.4040797,59900,73,LR,1.0157821333772305e-05
1787429429.3419852,59920,73,Loss/l_ce,0.03239870071411133
1787429429.3421693,59920,73,Loss/l_total,0.03239870071411133
1787429429.342194,59920,73,LR,1.0157821333772305e-05
1787429435.814199,59940,73,Loss/l_ce,0.018742084503173828
1787429435.8143845,59940,73,Loss/l_total,0.018742084503173828
1787429435.8144069,59940,73,LR,1.0157821333772305e-05
1787429441.4211097,59960,73,Loss/l_ce,0.010582447052001953
1787429441.4212618,59960,73,Loss/l_total,0.010582447052001953
1787429441.4212844,59960,73,LR,1.0157821333772305e-05
1787429450.2466145,59980,73,Loss/l_ce,0.028113126754760742
1787429450.2468164,59980,73,Loss/l_total,0.028113126754760742
1787429450.2468414,59980,73,LR,1.0157821333772305e-05
1787429459.8964357,60000,73,Loss/l_ce,0.022032737731933594
1787429459.8966792,60000,73,Loss/l_total,0.022032737731933594
1787429459.8967018,60000,73,LR,1.0157821333772305e-05
1787429468.5120137,60020,73,Loss/l_ce,0.027652740478515625
1787429468.5121832,60020,73,Loss/l_total,0.027652740478515625
1787429468.5122082,60020,73,LR,1.0157821333772305e-05
1787429474.7341099,60040,73,Loss/l_ce,0.018987178802490234
1787429474.7342775,60040,73,Loss/l_total,0.018987178802490234
1787429474.734301,60040,73,LR,1.0157821333772305e-05
1787429483.580878,60060,73,Loss/l_ce,0.0098876953125
1787429483.5810668,60060,73,Loss/l_total,0.0098876953125
1787429483.581094,60060,73,LR,1.0157821333772305e-05
1787429491.1528645,60080,73,Loss/l_ce,0.04002571105957031
1787429491.1530685,60080,73,Loss/l_total,0.04002571105957031
1787429491.1530888,60080,73,LR,1.0157821333772305e-05
1787429541.852742,60088,73,Val/avg_error,0.12575717270374298
1787429541.8530033,60088,73,Val/acc,0.429052734375
1787429541.8530257,60088,73,Val/sparse_auc,0.5893352470012626
1787429541.8530695,60088,73,Val/sparse_pck_max,0.1
1787429541.8530889,60088,73,Val/sparse_pck_n,100.0
1787429551.0332708,60100,74,Loss/l_ce,0.012832880020141602
1787429551.033501,60100,74,Loss/l_total,0.012832880020141602
1787429551.033526,60100,74,LR,1.0039472645551374e-05
1787429558.987849,60120,74,Loss/l_ce,0.011645317077636719
1787429558.988071,60120,74,Loss/l_total,0.011645317077636719
1787429558.9880948,60120,74,LR,1.0039472645551374e-05
1787429568.1828923,60140,74,Loss/l_ce,0.017362594604492188
1787429568.1830895,60140,74,Loss/l_total,0.017362594604492188
1787429568.183113,60140,74,LR,1.0039472645551374e-05
1787429575.7577064,60160,74,Loss/l_ce,0.011383771896362305
1787429575.757982,60160,74,Loss/l_total,0.011383771896362305
1787429575.758013,60160,74,LR,1.0039472645551374e-05
1787429584.9462814,60180,74,Loss/l_ce,0.012862920761108398
1787429584.9464252,60180,74,Loss/l_total,0.012862920761108398
1787429584.9464464,60180,74,LR,1.0039472645551374e-05
1787429598.6833935,60200,74,Loss/l_ce,0.009282112121582031
1787429598.6835988,60200,74,Loss/l_total,0.009282112121582031
1787429598.6836226,60200,74,LR,1.0039472645551374e-05
1787429606.4068217,60220,74,Loss/l_ce,0.023373842239379883
1787429606.4071016,60220,74,Loss/l_total,0.023373842239379883
1787429606.4071314,60220,74,LR,1.0039472645551374e-05
1787429613.4402666,60240,74,Loss/l_ce,0.028778553009033203
1787429613.4404125,60240,74,Loss/l_total,0.028778553009033203
1787429613.440434,60240,74,LR,1.0039472645551374e-05
1787429624.9411774,60260,74,Loss/l_ce,0.010621070861816406
1787429624.941327,60260,74,Loss/l_total,0.010621070861816406
1787429624.9413474,60260,74,LR,1.0039472645551374e-05
1787429630.6962872,60280,74,Loss/l_ce,0.010760307312011719
1787429630.6964772,60280,74,Loss/l_total,0.010760307312011719
1787429630.6965044,60280,74,LR,1.0039472645551374e-05
1787429642.676245,60300,74,Loss/l_ce,0.01602482795715332
1787429642.6764042,60300,74,Loss/l_total,0.01602482795715332
1787429642.676423,60300,74,LR,1.0039472645551374e-05
1787429650.1337862,60320,74,Loss/l_ce,0.14812111854553223
1787429650.1339476,60320,74,Loss/l_total,0.14812111854553223
1787429650.133969,60320,74,LR,1.0039472645551374e-05
1787429659.9246624,60340,74,Loss/l_ce,0.009548425674438477
1787429659.9248104,60340,74,Loss/l_total,0.009548425674438477
1787429659.924833,60340,74,LR,1.0039472645551374e-05
1787429674.59064,60360,74,Loss/l_ce,0.02668905258178711
1787429674.5908608,60360,74,Loss/l_total,0.02668905258178711
1787429674.5908859,60360,74,LR,1.0039472645551374e-05
1787429683.3727758,60380,74,Loss/l_ce,0.028896808624267578
1787429683.3729703,60380,74,Loss/l_total,0.028896808624267578
1787429683.3729963,60380,74,LR,1.0039472645551374e-05
1787429691.9095018,60400,74,Loss/l_ce,0.02887725830078125
1787429691.9096534,60400,74,Loss/l_total,0.02887725830078125
1787429691.9096773,60400,74,LR,1.0039472645551374e-05
1787429701.9588685,60420,74,Loss/l_ce,0.15918731689453125
1787429701.959011,60420,74,Loss/l_total,0.15918731689453125
1787429701.9590466,60420,74,LR,1.0039472645551374e-05
1787429713.9875135,60440,74,Loss/l_ce,0.028136491775512695
1787429713.987661,60440,74,Loss/l_total,0.028136491775512695
1787429713.9876833,60440,74,LR,1.0039472645551374e-05
1787429725.1948545,60460,74,Loss/l_ce,0.017339229583740234
1787429725.1950169,60460,74,Loss/l_total,0.017339229583740234
1787429725.1950634,60460,74,LR,1.0039472645551374e-05
1787429734.915143,60480,74,Loss/l_ce,0.00933694839477539
1787429734.9152927,60480,74,Loss/l_total,0.00933694839477539
1787429734.9153152,60480,74,LR,1.0039472645551374e-05
1787429744.271874,60500,74,Loss/l_ce,0.03732419013977051
1787429744.2720153,60500,74,Loss/l_total,0.03732419013977051
1787429744.2720652,60500,74,LR,1.0039472645551374e-05
1787429752.6838365,60520,74,Loss/l_ce,0.022047042846679688
1787429752.6839862,60520,74,Loss/l_total,0.022047042846679688
1787429752.6840074,60520,74,LR,1.0039472645551374e-05
1787429763.2551627,60540,74,Loss/l_ce,0.017193078994750977
1787429763.2553513,60540,74,Loss/l_total,0.017193078994750977
1787429763.2553751,60540,74,LR,1.0039472645551374e-05
1787429775.6820776,60560,74,Loss/l_ce,0.008997440338134766
1787429775.6822262,60560,74,Loss/l_total,0.008997440338134766
1787429775.6822464,60560,74,LR,1.0039472645551374e-05
1787429785.5408976,60580,74,Loss/l_ce,0.07488059997558594
1787429785.5410674,60580,74,Loss/l_total,0.07488059997558594
1787429785.5410922,60580,74,LR,1.0039472645551374e-05
1787429793.2315154,60600,74,Loss/l_ce,0.010276079177856445
1787429793.2316732,60600,74,Loss/l_total,0.010276079177856445
1787429793.2316968,60600,74,LR,1.0039472645551374e-05
1787429799.8051233,60620,74,Loss/l_ce,0.03405284881591797
1787429799.8053143,60620,74,Loss/l_total,0.03405284881591797
1787429799.8053381,60620,74,LR,1.0039472645551374e-05
1787429806.1477923,60640,74,Loss/l_ce,0.012748479843139648
1787429806.1479588,60640,74,Loss/l_total,0.012748479843139648
1787429806.147985,60640,74,LR,1.0039472645551374e-05
1787429818.4725204,60660,74,Loss/l_ce,0.027677297592163086
1787429818.4726772,60660,74,Loss/l_total,0.027677297592163086
1787429818.4726996,60660,74,LR,1.0039472645551374e-05
1787429826.7548356,60680,74,Loss/l_ce,0.017199039459228516
1787429826.7549806,60680,74,Loss/l_total,0.017199039459228516
1787429826.7550032,60680,74,LR,1.0039472645551374e-05
1787429838.1861632,60700,74,Loss/l_ce,0.010773897171020508
1787429838.1863117,60700,74,Loss/l_total,0.010773897171020508
1787429838.1863356,60700,74,LR,1.0039472645551374e-05
1787429846.229465,60720,74,Loss/l_ce,0.014905929565429688
1787429846.229611,60720,74,Loss/l_total,0.014905929565429688
1787429846.2296326,60720,74,LR,1.0039472645551374e-05
1787429857.788916,60740,74,Loss/l_ce,0.01499795913696289
1787429857.7891133,60740,74,Loss/l_total,0.01499795913696289
1787429857.789359,60740,74,LR,1.0039472645551374e-05
1787429867.0245237,60760,74,Loss/l_ce,0.018385648727416992
1787429867.0247078,60760,74,Loss/l_total,0.018385648727416992
1787429867.024729,60760,74,LR,1.0039472645551374e-05
1787429874.3776736,60780,74,Loss/l_ce,0.025622129440307617
1787429874.377853,60780,74,Loss/l_total,0.025622129440307617
1787429874.3778744,60780,74,LR,1.0039472645551374e-05
1787429885.1154668,60800,74,Loss/l_ce,0.027884244918823242
1787429885.1156483,60800,74,Loss/l_total,0.027884244918823242
1787429885.1156707,60800,74,LR,1.0039472645551374e-05
1787429891.6867223,60820,74,Loss/l_ce,0.012567520141601562
1787429891.6869113,60820,74,Loss/l_total,0.012567520141601562
1787429891.6869314,60820,74,LR,1.0039472645551374e-05
1787429902.243784,60840,74,Loss/l_ce,0.010219097137451172
1787429902.244253,60840,74,Loss/l_total,0.010219097137451172
1787429902.2442803,60840,74,LR,1.0039472645551374e-05
1787429912.7148874,60860,74,Loss/l_ce,0.1227879524230957
1787429912.7150705,60860,74,Loss/l_total,0.1227879524230957
1787429912.715093,60860,74,LR,1.0039472645551374e-05
1787429920.1136153,60880,74,Loss/l_ce,0.011590242385864258
1787429920.113754,60880,74,Loss/l_total,0.011590242385864258
1787429920.1137803,60880,74,LR,1.0039472645551374e-05
1787429927.5331743,60900,74,Loss/l_ce,0.010229349136352539
1787429927.5333822,60900,74,Loss/l_total,0.010229349136352539
1787429927.5335054,60900,74,LR,1.0039472645551374e-05
1787429982.074672,60900,74,Val/avg_error,0.12414094060659409
1787429982.0750732,60900,74,Val/acc,0.42998046875
1787429982.0751007,60900,74,Val/sparse_auc,0.5931068497474746
1787429982.0751197,60900,74,Val/sparse_pck_max,0.1
1787429982.0751421,60900,74,Val/sparse_pck_n,100.0
