wall_time,iter,epoch,tag,value
1787940403.457303,40,0,Loss/l_ce,0.15713238716125488
1787940403.4576995,40,0,Loss/l_total,0.15713238716125488
1787940403.4577293,40,0,LR,0.0001
1787940415.2777963,80,0,Loss/l_ce,0.33884263038635254
1787940415.278156,80,0,Loss/l_total,0.33884263038635254
1787940415.2781858,80,0,LR,0.0001
1787940426.662953,120,0,Loss/l_ce,0.4087841510772705
1787940426.6631942,120,0,Loss/l_total,0.4087841510772705
1787940426.663219,120,0,LR,0.0001
1787940437.3796093,160,0,Loss/l_ce,0.0980844497680664
1787940437.3797746,160,0,Loss/l_total,0.0980844497680664
1787940437.3797982,160,0,LR,0.0001
1787940448.1005201,200,0,Loss/l_ce,0.08876824378967285
1787940448.1007564,200,0,Loss/l_total,0.08876824378967285
1787940448.1007812,200,0,LR,0.0001
1787940458.7429626,240,0,Loss/l_ce,0.15189599990844727
1787940458.7431917,240,0,Loss/l_total,0.15189599990844727
1787940458.743218,240,0,LR,0.0001
1787940471.2820632,280,0,Loss/l_ce,0.13070082664489746
1787940471.2823033,280,0,Loss/l_total,0.13070082664489746
1787940471.28246,280,0,LR,0.0001
1787940482.0844703,320,0,Loss/l_ce,0.07090616226196289
1787940482.0846448,320,0,Loss/l_total,0.07090616226196289
1787940482.084677,320,0,LR,0.0001
1787940493.0210738,360,0,Loss/l_ce,0.07437992095947266
1787940493.0212805,360,0,Loss/l_total,0.07437992095947266
1787940493.0213077,360,0,LR,0.0001
1787940504.0744727,400,0,Loss/l_ce,0.09234356880187988
1787940504.0746531,400,0,Loss/l_total,0.09234356880187988
1787940504.074677,400,0,LR,0.0001
1787940514.8958354,440,0,Loss/l_ce,0.1807394027709961
1787940514.8960848,440,0,Loss/l_total,0.1807394027709961
1787940514.8961155,440,0,LR,0.0001
1787940525.6949043,480,0,Loss/l_ce,0.2134413719177246
1787940525.6952806,480,0,Loss/l_total,0.2134413719177246
1787940525.6953077,480,0,LR,0.0001
1787940536.1365592,520,0,Loss/l_ce,0.08127188682556152
1787940536.1367853,520,0,Loss/l_total,0.08127188682556152
1787940536.1368077,520,0,LR,0.0001
1787940547.2076688,560,0,Loss/l_ce,0.025866031646728516
1787940547.2079155,560,0,Loss/l_total,0.025866031646728516
1787940547.2079394,560,0,LR,0.0001
1787940558.9381955,600,0,Loss/l_ce,0.09500741958618164
1787940558.938521,600,0,Loss/l_total,0.09500741958618164
1787940558.9385483,600,0,LR,0.0001
1787940569.7148154,640,0,Loss/l_ce,0.11792802810668945
1787940569.715167,640,0,Loss/l_total,0.11792802810668945
1787940569.7152026,640,0,LR,0.0001
1787940581.0021493,680,0,Loss/l_ce,0.04592561721801758
1787940581.0023904,680,0,Loss/l_total,0.04592561721801758
1787940581.0024223,680,0,LR,0.0001
1787940592.3803504,720,0,Loss/l_ce,0.05385398864746094
1787940592.380666,720,0,Loss/l_total,0.05385398864746094
1787940592.3807268,720,0,LR,0.0001
1787940602.871868,760,0,Loss/l_ce,0.07305669784545898
1787940602.8720758,760,0,Loss/l_total,0.07305669784545898
1787940602.8721077,760,0,LR,0.0001
1787940613.753609,800,0,Loss/l_ce,0.05321049690246582
1787940613.75378,800,0,Loss/l_total,0.05321049690246582
1787940613.753806,800,0,LR,0.0001
1787940654.5320022,812,0,Val/dense_error,0.0873228907585144
1787940654.5322754,812,0,Val/auc,0.5681737664638153
1787940654.5322993,812,0,Val/pck_max,0.1
1787940654.5323443,812,0,Val/pck_n,100.0
1787940664.2125516,840,1,Loss/l_ce,0.0654137134552002
1787940664.2128913,840,1,Loss/l_total,0.0654137134552002
1787940664.2129185,840,1,LR,9.997779521645793e-05
1787940674.8749063,880,1,Loss/l_ce,0.08715486526489258
1787940674.8752315,880,1,Loss/l_total,0.08715486526489258
1787940674.8752625,880,1,LR,9.997779521645793e-05
1787940685.9015563,920,1,Loss/l_ce,0.07290410995483398
1787940685.9018137,920,1,Loss/l_total,0.07290410995483398
1787940685.9018352,920,1,LR,9.997779521645793e-05
1787940704.6585362,960,1,Loss/l_ce,0.1412663459777832
1787940704.658845,960,1,Loss/l_total,0.1412663459777832
1787940704.6588697,960,1,LR,9.997779521645793e-05
1787940715.1799364,1000,1,Loss/l_ce,0.1633896827697754
1787940715.1802146,1000,1,Loss/l_total,0.1633896827697754
1787940715.1802523,1000,1,LR,9.997779521645793e-05
1787940725.2885928,1040,1,Loss/l_ce,0.1545262336730957
1787940725.2888174,1040,1,Loss/l_total,0.1545262336730957
1787940725.2888422,1040,1,LR,9.997779521645793e-05
1787940735.7273352,1080,1,Loss/l_ce,0.10303354263305664
1787940735.7276332,1080,1,Loss/l_total,0.10303354263305664
1787940735.7276628,1080,1,LR,9.997779521645793e-05
1787940746.933848,1120,1,Loss/l_ce,0.05360913276672363
1787940746.9341505,1120,1,Loss/l_total,0.05360913276672363
1787940746.9341836,1120,1,LR,9.997779521645793e-05
1787940757.775571,1160,1,Loss/l_ce,0.08146023750305176
1787940757.7758477,1160,1,Loss/l_total,0.08146023750305176
1787940757.7758775,1160,1,LR,9.997779521645793e-05
1787940768.1376903,1200,1,Loss/l_ce,0.14121246337890625
1787940768.1378696,1200,1,Loss/l_total,0.14121246337890625
1787940768.1378946,1200,1,LR,9.997779521645793e-05
1787940778.175666,1240,1,Loss/l_ce,0.06194305419921875
1787940778.1758418,1240,1,Loss/l_total,0.06194305419921875
1787940778.1758668,1240,1,LR,9.997779521645793e-05
1787940788.2866964,1280,1,Loss/l_ce,0.06204676628112793
1787940788.2868662,1280,1,Loss/l_total,0.06204676628112793
1787940788.2868886,1280,1,LR,9.997779521645793e-05
1787940798.6778903,1320,1,Loss/l_ce,0.0756220817565918
1787940798.67818,1320,1,Loss/l_total,0.0756220817565918
1787940798.6782086,1320,1,LR,9.997779521645793e-05
1787940809.8715281,1360,1,Loss/l_ce,0.07672953605651855
1787940809.8718026,1360,1,Loss/l_total,0.07672953605651855
1787940809.8718333,1360,1,LR,9.997779521645793e-05
1787940820.6571405,1400,1,Loss/l_ce,0.012767791748046875
1787940820.6575062,1400,1,Loss/l_total,0.012767791748046875
1787940820.657536,1400,1,LR,9.997779521645793e-05
1787940832.0905385,1440,1,Loss/l_ce,0.05983567237854004
1787940832.0907998,1440,1,Loss/l_total,0.05983567237854004
1787940832.0908237,1440,1,LR,9.997779521645793e-05
1787940842.6545696,1480,1,Loss/l_ce,0.06356525421142578
1787940842.6547632,1480,1,Loss/l_total,0.06356525421142578
1787940842.6547916,1480,1,LR,9.997779521645793e-05
1787940853.1858125,1520,1,Loss/l_ce,0.06515645980834961
1787940853.186146,1520,1,Loss/l_total,0.06515645980834961
1787940853.1861722,1520,1,LR,9.997779521645793e-05
1787940863.802093,1560,1,Loss/l_ce,0.047429561614990234
1787940863.8023815,1560,1,Loss/l_total,0.047429561614990234
1787940863.8024087,1560,1,LR,9.997779521645793e-05
1787940874.3151608,1600,1,Loss/l_ce,0.02911520004272461
1787940874.3154612,1600,1,Loss/l_total,0.02911520004272461
1787940874.3154922,1600,1,LR,9.997779521645793e-05
1787940915.2806253,1624,1,Val/dense_error,0.08498276025056839
1787940915.280958,1624,1,Val/auc,0.5763464550363496
1787940915.2809815,1624,1,Val/pck_max,0.1
1787940915.281003,1624,1,Val/pck_n,100.0
1787940921.8719866,1640,2,Loss/l_ce,0.04126262664794922
1787940921.8721943,1640,2,Loss/l_total,0.04126262664794922
1787940921.8722193,1640,2,LR,9.991120277927223e-05
1787940932.2181685,1680,2,Loss/l_ce,0.1163330078125
1787940932.218621,1680,2,Loss/l_total,0.1163330078125
1787940932.2186682,1680,2,LR,9.991120277927223e-05
1787940942.863999,1720,2,Loss/l_ce,0.12122702598571777
1787940942.8643563,1720,2,Loss/l_total,0.12122702598571777
1787940942.864386,1720,2,LR,9.991120277927223e-05
1787940955.0049877,1760,2,Loss/l_ce,0.08862662315368652
1787940955.0054495,1760,2,Loss/l_total,0.08862662315368652
1787940955.005479,1760,2,LR,9.991120277927223e-05
1787940968.4475982,1800,2,Loss/l_ce,0.027799367904663086
1787940968.448642,1800,2,Loss/l_total,0.027799367904663086
1787940968.448681,1800,2,LR,9.991120277927223e-05
1787940980.8509986,1840,2,Loss/l_ce,0.04736948013305664
1787940980.8513596,1840,2,Loss/l_total,0.04736948013305664
1787940980.8513892,1840,2,LR,9.991120277927223e-05
1787940994.0263484,1880,2,Loss/l_ce,0.1790449619293213
1787940994.0265832,1880,2,Loss/l_total,0.1790449619293213
1787940994.0266058,1880,2,LR,9.991120277927223e-05
1787941008.012116,1920,2,Loss/l_ce,0.04925537109375
1787941008.0124414,1920,2,Loss/l_total,0.04925537109375
1787941008.0124652,1920,2,LR,9.991120277927223e-05
1787941021.1713674,1960,2,Loss/l_ce,0.035868167877197266
1787941021.1716914,1960,2,Loss/l_total,0.035868167877197266
1787941021.1717343,1960,2,LR,9.991120277927223e-05
1787941034.233112,2000,2,Loss/l_ce,0.01782703399658203
1787941034.233459,2000,2,Loss/l_total,0.01782703399658203
1787941034.2334945,2000,2,LR,9.991120277927223e-05
1787941047.4228156,2040,2,Loss/l_ce,0.24809741973876953
1787941047.4232025,2040,2,Loss/l_total,0.24809741973876953
1787941047.423232,2040,2,LR,9.991120277927223e-05
1787941059.9549983,2080,2,Loss/l_ce,0.15699434280395508
1787941059.9553413,2080,2,Loss/l_total,0.15699434280395508
1787941059.9553661,2080,2,LR,9.991120277927223e-05
1787941073.0547817,2120,2,Loss/l_ce,0.03954720497131348
1787941073.0551367,2120,2,Loss/l_total,0.03954720497131348
1787941073.0551653,2120,2,LR,9.991120277927223e-05
1787941086.5195625,2160,2,Loss/l_ce,0.1885387897491455
1787941086.5198665,2160,2,Loss/l_total,0.1885387897491455
1787941086.5198889,2160,2,LR,9.991120277927223e-05
1787941099.4621317,2200,2,Loss/l_ce,0.11037611961364746
1787941099.462451,2200,2,Loss/l_total,0.11037611961364746
1787941099.462476,2200,2,LR,9.991120277927223e-05
1787941112.2010605,2240,2,Loss/l_ce,0.10969185829162598
1787941112.201303,2240,2,Loss/l_total,0.10969185829162598
1787941112.2013278,2240,2,LR,9.991120277927223e-05
1787941125.1406274,2280,2,Loss/l_ce,0.03917121887207031
1787941125.1408007,2280,2,Loss/l_total,0.03917121887207031
1787941125.140827,2280,2,LR,9.991120277927223e-05
1787941140.032943,2320,2,Loss/l_ce,0.05491137504577637
1787941140.0331354,2320,2,Loss/l_total,0.05491137504577637
1787941140.033164,2320,2,LR,9.991120277927223e-05
1787941152.4873917,2360,2,Loss/l_ce,0.04390549659729004
1787941152.487584,2360,2,Loss/l_total,0.04390549659729004
1787941152.4876065,2360,2,LR,9.991120277927223e-05
1787941164.8655875,2400,2,Loss/l_ce,0.051012516021728516
1787941164.8658953,2400,2,Loss/l_total,0.051012516021728516
1787941164.8659236,2400,2,LR,9.991120277927223e-05
1787941222.4162507,2436,2,Val/dense_error,0.09176802635192871
1787941222.416603,2436,2,Val/auc,0.5670450974128012
1787941222.416627,2436,2,Val/pck_max,0.1
1787941222.416646,2436,2,Val/pck_n,100.0
1787941226.5714514,2440,3,Loss/l_ce,0.1660003662109375
1787941226.5716343,2440,3,Loss/l_total,0.1660003662109375
1787941226.571659,2440,3,LR,9.980028840713861e-05
1787941239.5931566,2480,3,Loss/l_ce,0.07666563987731934
1787941239.5934749,2480,3,Loss/l_total,0.07666563987731934
1787941239.593508,2480,3,LR,9.980028840713861e-05
1787941252.7940688,2520,3,Loss/l_ce,0.06882381439208984
1787941252.794399,2520,3,Loss/l_total,0.06882381439208984
1787941252.7944274,2520,3,LR,9.980028840713861e-05
1787941265.4188104,2560,3,Loss/l_ce,0.05312204360961914
1787941265.4191227,2560,3,Loss/l_total,0.05312204360961914
1787941265.4191487,2560,3,LR,9.980028840713861e-05
1787941278.6455238,2600,3,Loss/l_ce,0.03769063949584961
1787941278.64569,2600,3,Loss/l_total,0.03769063949584961
1787941278.645716,2600,3,LR,9.980028840713861e-05
1787941291.4506273,2640,3,Loss/l_ce,0.035544633865356445
1787941291.4508839,2640,3,Loss/l_total,0.035544633865356445
1787941291.4509077,2640,3,LR,9.980028840713861e-05
1787941311.418757,2680,3,Loss/l_ce,0.09506607055664062
1787941311.4191012,2680,3,Loss/l_total,0.09506607055664062
1787941311.4191368,2680,3,LR,9.980028840713861e-05
1787941324.1796315,2720,3,Loss/l_ce,0.21217918395996094
1787941324.1798642,2720,3,Loss/l_total,0.21217918395996094
1787941324.1798892,2720,3,LR,9.980028840713861e-05
1787941336.6852305,2760,3,Loss/l_ce,0.04211068153381348
1787941336.6854372,2760,3,Loss/l_total,0.04211068153381348
1787941336.685462,2760,3,LR,9.980028840713861e-05
1787941349.944552,2800,3,Loss/l_ce,0.060027360916137695
1787941349.944744,2800,3,Loss/l_total,0.060027360916137695
1787941349.9447775,2800,3,LR,9.980028840713861e-05
1787941362.6384466,2840,3,Loss/l_ce,0.03741121292114258
1787941362.6387138,2840,3,Loss/l_total,0.03741121292114258
1787941362.6387422,2840,3,LR,9.980028840713861e-05
1787941374.9119534,2880,3,Loss/l_ce,0.12009096145629883
1787941374.9122205,2880,3,Loss/l_total,0.12009096145629883
1787941374.9122608,2880,3,LR,9.980028840713861e-05
1787941387.1613379,2920,3,Loss/l_ce,0.05633068084716797
1787941387.161549,2920,3,Loss/l_total,0.05633068084716797
1787941387.1615765,2920,3,LR,9.980028840713861e-05
1787941399.5593584,2960,3,Loss/l_ce,0.034223079681396484
1787941399.559596,2960,3,Loss/l_total,0.034223079681396484
1787941399.5596185,2960,3,LR,9.980028840713861e-05
1787941412.0087442,3000,3,Loss/l_ce,0.05185842514038086
1787941412.0090623,3000,3,Loss/l_total,0.05185842514038086
1787941412.0091062,3000,3,LR,9.980028840713861e-05
1787941424.0139222,3040,3,Loss/l_ce,0.20661020278930664
1787941424.0141776,3040,3,Loss/l_total,0.20661020278930664
1787941424.014205,3040,3,LR,9.980028840713861e-05
1787941436.6342285,3080,3,Loss/l_ce,0.12233352661132812
1787941436.6344008,3080,3,Loss/l_total,0.12233352661132812
1787941436.6344268,3080,3,LR,9.980028840713861e-05
1787941449.3925698,3120,3,Loss/l_ce,0.16762113571166992
1787941449.3928144,3120,3,Loss/l_total,0.16762113571166992
1787941449.3928394,3120,3,LR,9.980028840713861e-05
1787941462.728401,3160,3,Loss/l_ce,0.06550359725952148
1787941462.7286644,3160,3,Loss/l_total,0.06550359725952148
1787941462.7286918,3160,3,LR,9.980028840713861e-05
1787941476.0518875,3200,3,Loss/l_ce,0.04085803031921387
1787941476.052118,3200,3,Loss/l_total,0.04085803031921387
1787941476.0521452,3200,3,LR,9.980028840713861e-05
1787941489.5501335,3240,3,Loss/l_ce,0.07034587860107422
1787941489.550441,3240,3,Loss/l_total,0.07034587860107422
1787941489.550466,3240,3,LR,9.980028840713861e-05
1787941550.613664,3248,3,Val/dense_error,0.08966387063264847
1787941550.613967,3248,3,Val/auc,0.5781709483625143
1787941550.6139917,3248,3,Val/pck_max,0.1
1787941550.614012,3248,3,Val/pck_n,100.0
1787941574.2772417,3280,4,Loss/l_ce,0.03944230079650879
1787941574.2774694,3280,4,Loss/l_total,0.03944230079650879
1787941574.2774932,3280,4,LR,9.964516155915153e-05
1787941596.1159687,3320,4,Loss/l_ce,0.11453604698181152
1787941596.1162157,3320,4,Loss/l_total,0.11453604698181152
1787941596.1162407,3320,4,LR,9.964516155915153e-05
1787941619.0585136,3360,4,Loss/l_ce,0.03371310234069824
1787941619.0587347,3360,4,Loss/l_total,0.03371310234069824
1787941619.058757,3360,4,LR,9.964516155915153e-05
1787941636.8082733,3400,4,Loss/l_ce,0.07328534126281738
1787941636.80852,3400,4,Loss/l_total,0.07328534126281738
1787941636.8085454,3400,4,LR,9.964516155915153e-05
1787941657.4131587,3440,4,Loss/l_ce,0.09795904159545898
1787941657.4133937,3440,4,Loss/l_total,0.09795904159545898
1787941657.4134164,3440,4,LR,9.964516155915153e-05
1787941675.3433433,3480,4,Loss/l_ce,0.14756011962890625
1787941675.3436117,3480,4,Loss/l_total,0.14756011962890625
1787941675.3436356,3480,4,LR,9.964516155915153e-05
1787941694.8114564,3520,4,Loss/l_ce,0.08034324645996094
1787941694.811643,3520,4,Loss/l_total,0.08034324645996094
1787941694.8116665,3520,4,LR,9.964516155915153e-05
1787941719.4347215,3560,4,Loss/l_ce,0.02941441535949707
1787941719.434959,3560,4,Loss/l_total,0.02941441535949707
1787941719.4349804,3560,4,LR,9.964516155915153e-05
1787941740.8366134,3600,4,Loss/l_ce,0.03171849250793457
1787941740.8368688,3600,4,Loss/l_total,0.03171849250793457
1787941740.836895,3600,4,LR,9.964516155915153e-05
1787941765.5419528,3640,4,Loss/l_ce,0.04389142990112305
1787941765.542175,3640,4,Loss/l_total,0.04389142990112305
1787941765.542201,3640,4,LR,9.964516155915153e-05
1787941781.923908,3680,4,Loss/l_ce,0.033355712890625
1787941781.9241657,3680,4,Loss/l_total,0.033355712890625
1787941781.9241917,3680,4,LR,9.964516155915153e-05
1787941792.519302,3720,4,Loss/l_ce,0.13228058815002441
1787941792.519594,3720,4,Loss/l_total,0.13228058815002441
1787941792.5196187,3720,4,LR,9.964516155915153e-05
1787941803.1698096,3760,4,Loss/l_ce,0.11912298202514648
1787941803.1701162,3760,4,Loss/l_total,0.11912298202514648
1787941803.1701422,3760,4,LR,9.964516155915153e-05
1787941817.2071464,3800,4,Loss/l_ce,0.04704713821411133
1787941817.2073994,3800,4,Loss/l_total,0.04704713821411133
1787941817.2074256,3800,4,LR,9.964516155915153e-05
1787941841.5733602,3840,4,Loss/l_ce,0.04215359687805176
1787941841.5735703,3840,4,Loss/l_total,0.04215359687805176
1787941841.573593,3840,4,LR,9.964516155915153e-05
1787941863.8891528,3880,4,Loss/l_ce,0.06523633003234863
1787941863.8893664,3880,4,Loss/l_total,0.06523633003234863
1787941863.8893971,3880,4,LR,9.964516155915153e-05
1787941883.3594446,3920,4,Loss/l_ce,0.12611699104309082
1787941883.359655,3920,4,Loss/l_total,0.12611699104309082
1787941883.3596776,3920,4,LR,9.964516155915153e-05
1787941903.614658,3960,4,Loss/l_ce,0.0773305892944336
1787941903.6148813,3960,4,Loss/l_total,0.0773305892944336
1787941903.6149085,3960,4,LR,9.964516155915153e-05
1787941929.9912071,4000,4,Loss/l_ce,0.060427188873291016
1787941929.9914637,4000,4,Loss/l_total,0.060427188873291016
1787941929.9914947,4000,4,LR,9.964516155915153e-05
1787941949.970664,4040,4,Loss/l_ce,0.0986325740814209
1787941949.9708517,4040,4,Loss/l_total,0.0986325740814209
1787941949.9708776,4040,4,LR,9.964516155915153e-05
1787942010.9960876,4060,4,Val/dense_error,0.08993856608867645
1787942010.9964948,4060,4,Val/auc,0.5684549272618185
1787942010.996521,4060,4,Val/pck_max,0.1
1787942010.996541,4060,4,Val/pck_n,100.0
1787942021.616868,4080,5,Loss/l_ce,0.09536218643188477
1787942021.6170843,4080,5,Loss/l_total,0.09536218643188477
1787942021.6171129,4080,5,LR,9.944597532678122e-05
1787942039.7919636,4120,5,Loss/l_ce,0.04927229881286621
1787942039.7921512,4120,5,Loss/l_total,0.04927229881286621
1787942039.7921739,4120,5,LR,9.944597532678122e-05
1787942066.1682365,4160,5,Loss/l_ce,0.14499282836914062
1787942066.1684372,4160,5,Loss/l_total,0.14499282836914062
1787942066.1684623,4160,5,LR,9.944597532678122e-05
1787942081.9917824,4200,5,Loss/l_ce,0.03680109977722168
1787942081.9920115,4200,5,Loss/l_total,0.03680109977722168
1787942081.9920566,4200,5,LR,9.944597532678122e-05
1787942108.7502398,4240,5,Loss/l_ce,0.031913042068481445
1787942108.7505057,4240,5,Loss/l_total,0.031913042068481445
1787942108.7505305,4240,5,LR,9.944597532678122e-05
1787942129.3616333,4280,5,Loss/l_ce,0.07778048515319824
1787942129.361866,4280,5,Loss/l_total,0.07778048515319824
1787942129.3618898,4280,5,LR,9.944597532678122e-05
1787942147.5346951,4320,5,Loss/l_ce,0.05389070510864258
1787942147.5349932,4320,5,Loss/l_total,0.05389070510864258
1787942147.5350206,4320,5,LR,9.944597532678122e-05
1787942173.0885134,4360,5,Loss/l_ce,0.035170555114746094
1787942173.0887852,4360,5,Loss/l_total,0.035170555114746094
1787942173.0888126,4360,5,LR,9.944597532678122e-05
1787942190.273583,4400,5,Loss/l_ce,0.029590845108032227
1787942190.2737908,4400,5,Loss/l_total,0.029590845108032227
1787942190.2738192,4400,5,LR,9.944597532678122e-05
1787942207.9070284,4440,5,Loss/l_ce,0.03978085517883301
1787942207.9074214,4440,5,Loss/l_total,0.03978085517883301
1787942207.9074488,4440,5,LR,9.944597532678122e-05
1787942233.6423023,4480,5,Loss/l_ce,0.11647987365722656
1787942233.6426182,4480,5,Loss/l_total,0.11647987365722656
1787942233.642642,4480,5,LR,9.944597532678122e-05
1787942250.440349,4520,5,Loss/l_ce,0.07493972778320312
1787942250.4406068,4520,5,Loss/l_total,0.07493972778320312
1787942250.4406435,4520,5,LR,9.944597532678122e-05
1787942276.7866158,4560,5,Loss/l_ce,0.08120465278625488
1787942276.7869399,4560,5,Loss/l_total,0.08120465278625488
1787942276.786966,4560,5,LR,9.944597532678122e-05
1787942297.4093661,4600,5,Loss/l_ce,0.057419776916503906
1787942297.4096463,4600,5,Loss/l_total,0.057419776916503906
1787942297.409671,4600,5,LR,9.944597532678122e-05
1787942313.0579948,4640,5,Loss/l_ce,0.07150626182556152
1787942313.0582643,4640,5,Loss/l_total,0.07150626182556152
1787942313.058289,4640,5,LR,9.944597532678122e-05
1787942323.1111689,4680,5,Loss/l_ce,0.03291177749633789
1787942323.1114063,4680,5,Loss/l_total,0.03291177749633789
1787942323.1114311,4680,5,LR,9.944597532678122e-05
1787942333.3072267,4720,5,Loss/l_ce,0.022832870483398438
1787942333.3074322,4720,5,Loss/l_total,0.022832870483398438
1787942333.3074548,4720,5,LR,9.944597532678122e-05
1787942343.8039317,4760,5,Loss/l_ce,0.026186704635620117
1787942343.8042426,4760,5,Loss/l_total,0.026186704635620117
1787942343.8042665,4760,5,LR,9.944597532678122e-05
1787942356.8164546,4800,5,Loss/l_ce,0.17865324020385742
1787942356.8166957,4800,5,Loss/l_total,0.17865324020385742
1787942356.8167193,4800,5,LR,9.944597532678122e-05
1787942378.3912332,4840,5,Loss/l_ce,0.05515480041503906
1787942378.3915727,4840,5,Loss/l_total,0.05515480041503906
1787942378.3916001,4840,5,LR,9.944597532678122e-05
1787942449.4718134,4872,5,Val/dense_error,0.08821894228458405
1787942449.4721792,4872,5,Val/auc,0.5626998968860628
1787942449.4722075,4872,5,Val/pck_max,0.1
1787942449.4722598,4872,5,Val/pck_n,100.0
1787942456.4411225,4880,6,Loss/l_ce,0.10057401657104492
1787942456.441403,4880,6,Loss/l_total,0.10057401657104492
1787942456.441434,4880,6,LR,9.920292628279102e-05
1787942476.4755917,4920,6,Loss/l_ce,0.12241601943969727
1787942476.47591,4920,6,Loss/l_total,0.12241601943969727
1787942476.4759395,4920,6,LR,9.920292628279102e-05
1787942490.852191,4960,6,Loss/l_ce,0.1132349967956543
1787942490.8524973,4960,6,Loss/l_total,0.1132349967956543
1787942490.8525245,4960,6,LR,9.920292628279102e-05
1787942510.865835,5000,6,Loss/l_ce,0.03626441955566406
1787942510.8661354,5000,6,Loss/l_total,0.03626441955566406
1787942510.8661604,5000,6,LR,9.920292628279102e-05
1787942534.096334,5040,6,Loss/l_ce,0.07446813583374023
1787942534.0965087,5040,6,Loss/l_total,0.07446813583374023
1787942534.0965347,5040,6,LR,9.920292628279102e-05
1787942549.82393,5080,6,Loss/l_ce,0.04956483840942383
1787942549.8241985,5080,6,Loss/l_total,0.04956483840942383
1787942549.8242223,5080,6,LR,9.920292628279102e-05
1787942574.1964853,5120,6,Loss/l_ce,0.16569304466247559
1787942574.1967905,5120,6,Loss/l_total,0.16569304466247559
1787942574.1968153,5120,6,LR,9.920292628279102e-05
1787942598.4191425,5160,6,Loss/l_ce,0.05933117866516113
1787942598.4194143,5160,6,Loss/l_total,0.05933117866516113
1787942598.4194381,5160,6,LR,9.920292628279102e-05
1787942617.8405716,5200,6,Loss/l_ce,0.04421114921569824
1787942617.8407414,5200,6,Loss/l_total,0.04421114921569824
1787942617.840764,5200,6,LR,9.920292628279102e-05
1787942644.5017037,5240,6,Loss/l_ce,0.10696101188659668
1787942644.5018983,5240,6,Loss/l_total,0.10696101188659668
1787942644.5019207,5240,6,LR,9.920292628279102e-05
1787942663.6830113,5280,6,Loss/l_ce,0.04750180244445801
1787942663.683282,5280,6,Loss/l_total,0.04750180244445801
1787942663.683307,5280,6,LR,9.920292628279102e-05
1787942688.4140115,5320,6,Loss/l_ce,0.12301826477050781
1787942688.414333,5320,6,Loss/l_total,0.12301826477050781
1787942688.4143593,5320,6,LR,9.920292628279102e-05
1787942705.238387,5360,6,Loss/l_ce,0.045118093490600586
1787942705.2387114,5360,6,Loss/l_total,0.045118093490600586
1787942705.2387586,5360,6,LR,9.920292628279102e-05
1787942723.3128407,5400,6,Loss/l_ce,0.10333490371704102
1787942723.3131423,5400,6,Loss/l_total,0.10333490371704102
1787942723.3131673,5400,6,LR,9.920292628279102e-05
1787942752.3818846,5440,6,Loss/l_ce,0.028407573699951172
1787942752.3822515,5440,6,Loss/l_total,0.028407573699951172
1787942752.3822813,5440,6,LR,9.920292628279102e-05
1787942774.5506413,5480,6,Loss/l_ce,0.05610203742980957
1787942774.5509179,5480,6,Loss/l_total,0.05610203742980957
1787942774.5509465,5480,6,LR,9.920292628279102e-05
1787942796.0250947,5520,6,Loss/l_ce,0.03884005546569824
1787942796.025357,5520,6,Loss/l_total,0.03884005546569824
1787942796.0253818,5520,6,LR,9.920292628279102e-05
1787942820.1894352,5560,6,Loss/l_ce,0.025220155715942383
1787942820.1896966,5560,6,Loss/l_total,0.025220155715942383
1787942820.189719,5560,6,LR,9.920292628279102e-05
1787942843.968747,5600,6,Loss/l_ce,0.05018806457519531
1787942843.969013,5600,6,Loss/l_total,0.05018806457519531
1787942843.9690535,5600,6,LR,9.920292628279102e-05
1787942853.9185965,5640,6,Loss/l_ce,0.03640890121459961
1787942853.9188495,5640,6,Loss/l_total,0.03640890121459961
1787942853.9188743,5640,6,LR,9.920292628279102e-05
1787942864.3608875,5680,6,Loss/l_ce,0.09066319465637207
1787942864.3612616,5680,6,Loss/l_total,0.09066319465637207
1787942864.36129,5680,6,LR,9.920292628279102e-05
1787942917.5359962,5684,6,Val/dense_error,0.0802639052271843
1787942917.5362988,5684,6,Val/auc,0.5679521494191075
1787942917.5363226,5684,6,Val/pck_max,0.1
1787942917.5363405,5684,6,Val/pck_n,100.0
1787942931.545058,5720,7,Loss/l_ce,0.0429990291595459
1787942931.5452847,5720,7,Loss/l_total,0.0429990291595459
1787942931.5453084,5720,7,LR,9.891625428724366e-05
1787942946.0839393,5760,7,Loss/l_ce,0.029519319534301758
1787942946.0841365,5760,7,Loss/l_total,0.029519319534301758
1787942946.0841613,5760,7,LR,9.891625428724366e-05
1787942958.779364,5800,7,Loss/l_ce,0.03487229347229004
1787942958.779547,5800,7,Loss/l_total,0.03487229347229004
1787942958.7795718,5800,7,LR,9.891625428724366e-05
1787942969.4936426,5840,7,Loss/l_ce,0.06415843963623047
1787942969.4938455,5840,7,Loss/l_total,0.06415843963623047
1787942969.493873,5840,7,LR,9.891625428724366e-05
1787942980.423978,5880,7,Loss/l_ce,0.08896350860595703
1787942980.42418,5880,7,Loss/l_total,0.08896350860595703
1787942980.4242048,5880,7,LR,9.891625428724366e-05
1787942993.7538981,5920,7,Loss/l_ce,0.033147573471069336
1787942993.7541308,5920,7,Loss/l_total,0.033147573471069336
1787942993.7541652,5920,7,LR,9.891625428724366e-05
1787943005.8736827,5960,7,Loss/l_ce,0.03343629837036133
1787943005.873844,5960,7,Loss/l_total,0.03343629837036133
1787943005.8738678,5960,7,LR,9.891625428724366e-05
1787943018.2136393,6000,7,Loss/l_ce,0.034502506256103516
1787943018.2138138,6000,7,Loss/l_total,0.034502506256103516
1787943018.2138386,6000,7,LR,9.891625428724366e-05
1787943032.8898733,6040,7,Loss/l_ce,0.10789680480957031
1787943032.8901355,6040,7,Loss/l_total,0.10789680480957031
1787943032.8901722,6040,7,LR,9.891625428724366e-05
1787943049.6684153,6080,7,Loss/l_ce,0.04210543632507324
1787943049.6686573,6080,7,Loss/l_total,0.04210543632507324
1787943049.6686835,6080,7,LR,9.891625428724366e-05
1787943063.6731188,6120,7,Loss/l_ce,0.0420079231262207
1787943063.6733005,6120,7,Loss/l_total,0.0420079231262207
1787943063.673324,6120,7,LR,9.891625428724366e-05
1787943074.4662063,6160,7,Loss/l_ce,0.05810236930847168
1787943074.4664102,6160,7,Loss/l_total,0.05810236930847168
1787943074.4664354,6160,7,LR,9.891625428724366e-05
1787943086.4382222,6200,7,Loss/l_ce,0.17242217063903809
1787943086.43852,6200,7,Loss/l_total,0.17242217063903809
1787943086.4385438,6200,7,LR,9.891625428724366e-05
1787943102.6520798,6240,7,Loss/l_ce,0.030752897262573242
1787943102.6523104,6240,7,Loss/l_total,0.030752897262573242
1787943102.6523387,6240,7,LR,9.891625428724366e-05
1787943117.4360988,6280,7,Loss/l_ce,0.03722095489501953
1787943117.4363136,6280,7,Loss/l_total,0.03722095489501953
1787943117.4363363,6280,7,LR,9.891625428724366e-05
1787943131.9603684,6320,7,Loss/l_ce,0.07148170471191406
1787943131.960657,6320,7,Loss/l_total,0.07148170471191406
1787943131.9606795,6320,7,LR,9.891625428724366e-05
1787943145.3134377,6360,7,Loss/l_ce,0.11246371269226074
1787943145.3137596,6360,7,Loss/l_total,0.11246371269226074
1787943145.3137834,6360,7,LR,9.891625428724366e-05
1787943159.1542842,6400,7,Loss/l_ce,0.1927626132965088
1787943159.154542,6400,7,Loss/l_total,0.1927626132965088
1787943159.1545658,6400,7,LR,9.891625428724366e-05
1787943173.7984087,6440,7,Loss/l_ce,0.04862642288208008
1787943173.79867,6440,7,Loss/l_total,0.04862642288208008
1787943173.7986999,6440,7,LR,9.891625428724366e-05
1787943186.433538,6480,7,Loss/l_ce,0.038776397705078125
1787943186.4337125,6480,7,Loss/l_total,0.038776397705078125
1787943186.433736,6480,7,LR,9.891625428724366e-05
1787943244.8143034,6496,7,Val/dense_error,0.08896219730377197
1787943244.8146229,6496,7,Val/auc,0.5704172088589676
1787943244.814648,6496,7,Val/pck_max,0.1
1787943244.8146658,6496,7,Val/pck_n,100.0
1787943254.6170228,6520,8,Loss/l_ce,0.037633657455444336
1787943254.6173882,6520,8,Loss/l_total,0.037633657455444336
1787943254.6174133,6520,8,LR,9.858624225078842e-05
1787943268.967563,6560,8,Loss/l_ce,0.16377878189086914
1787943268.9678564,6560,8,Loss/l_total,0.16377878189086914
1787943268.9678824,6560,8,LR,9.858624225078842e-05
1787943285.7939343,6600,8,Loss/l_ce,0.08588790893554688
1787943285.7941802,6600,8,Loss/l_total,0.08588790893554688
1787943285.7942061,6600,8,LR,9.858624225078842e-05
1787943298.48554,6640,8,Loss/l_ce,0.09080028533935547
1787943298.4858274,6640,8,Loss/l_total,0.09080028533935547
1787943298.4858508,6640,8,LR,9.858624225078842e-05
1787943313.215411,6680,8,Loss/l_ce,0.013605117797851562
1787943313.2155855,6680,8,Loss/l_total,0.013605117797851562
1787943313.2156081,6680,8,LR,9.858624225078842e-05
1787943326.9547431,6720,8,Loss/l_ce,0.012787342071533203
1787943326.9549284,6720,8,Loss/l_total,0.012787342071533203
1787943326.9549522,6720,8,LR,9.858624225078842e-05
1787943337.5043695,6760,8,Loss/l_ce,0.08038926124572754
1787943337.5045414,6760,8,Loss/l_total,0.08038926124572754
1787943337.504564,6760,8,LR,9.858624225078842e-05
1787943350.128805,6800,8,Loss/l_ce,0.0367128849029541
1787943350.1289687,6800,8,Loss/l_total,0.0367128849029541
1787943350.1289911,6800,8,LR,9.858624225078842e-05
1787943365.3269315,6840,8,Loss/l_ce,0.02578592300415039
1787943365.3271403,6840,8,Loss/l_total,0.02578592300415039
1787943365.3271713,6840,8,LR,9.858624225078842e-05
1787943379.494618,6880,8,Loss/l_ce,0.03867387771606445
1787943379.4948506,6880,8,Loss/l_total,0.03867387771606445
1787943379.495203,6880,8,LR,9.858624225078842e-05
1787943394.4517817,6920,8,Loss/l_ce,0.030864715576171875
1787943394.4521723,6920,8,Loss/l_total,0.030864715576171875
1787943394.452202,6920,8,LR,9.858624225078842e-05
1787943407.590306,6960,8,Loss/l_ce,0.05975747108459473
1787943407.5906646,6960,8,Loss/l_total,0.05975747108459473
1787943407.5906894,6960,8,LR,9.858624225078842e-05
1787943419.9377577,7000,8,Loss/l_ce,0.05789518356323242
1787943419.9381888,7000,8,Loss/l_total,0.05789518356323242
1787943419.9382186,7000,8,LR,9.858624225078842e-05
1787943434.8668528,7040,8,Loss/l_ce,0.05569934844970703
1787943434.8671842,7040,8,Loss/l_total,0.05569934844970703
1787943434.8672137,7040,8,LR,9.858624225078842e-05
1787943448.3087928,7080,8,Loss/l_ce,0.03391122817993164
1787943448.3090017,7080,8,Loss/l_total,0.03391122817993164
1787943448.309023,7080,8,LR,9.858624225078842e-05
1787943464.3338184,7120,8,Loss/l_ce,0.030213356018066406
1787943464.334177,7120,8,Loss/l_total,0.030213356018066406
1787943464.3342009,7120,8,LR,9.858624225078842e-05
1787943474.5793388,7160,8,Loss/l_ce,0.02889537811279297
1787943474.5796473,7160,8,Loss/l_total,0.02889537811279297
1787943474.5796733,7160,8,LR,9.858624225078842e-05
1787943485.2661653,7200,8,Loss/l_ce,0.10912275314331055
1787943485.266487,7200,8,Loss/l_total,0.10912275314331055
1787943485.266512,7200,8,LR,9.858624225078842e-05
1787943501.1460845,7240,8,Loss/l_ce,0.029901981353759766
1787943501.1462994,7240,8,Loss/l_total,0.029901981353759766
1787943501.1463256,7240,8,LR,9.858624225078842e-05
1787943518.7658818,7280,8,Loss/l_ce,0.11616802215576172
1787943518.7662072,7280,8,Loss/l_total,0.11616802215576172
1787943518.766232,7280,8,LR,9.858624225078842e-05
1787943581.4711041,7308,8,Val/dense_error,0.08806192874908447
1787943581.4714463,7308,8,Val/auc,0.5700566996787103
1787943581.471471,7308,8,Val/pck_max,0.1
1787943581.4714901,7308,8,Val/pck_n,100.0
1787943589.13178,7320,9,Loss/l_ce,0.0482332706451416
1787943589.1319864,7320,9,Loss/l_total,0.0482332706451416
1787943589.132009,7320,9,LR,9.821321585546247e-05
1787943600.959907,7360,9,Loss/l_ce,0.029697656631469727
1787943600.9601767,7360,9,Loss/l_total,0.029697656631469727
1787943600.9602017,7360,9,LR,9.821321585546247e-05
1787943615.1886325,7400,9,Loss/l_ce,0.03791451454162598
1787943615.1887975,7400,9,Loss/l_total,0.03791451454162598
1787943615.1888213,7400,9,LR,9.821321585546247e-05
1787943627.466409,7440,9,Loss/l_ce,0.16762471199035645
1787943627.4666204,7440,9,Loss/l_total,0.16762471199035645
1787943627.4666429,7440,9,LR,9.821321585546247e-05
1787943638.3007944,7480,9,Loss/l_ce,0.06326961517333984
1787943638.3010247,7480,9,Loss/l_total,0.06326961517333984
1787943638.3010733,7480,9,LR,9.821321585546247e-05
1787943654.244313,7520,9,Loss/l_ce,0.031485795974731445
1787943654.2445054,7520,9,Loss/l_total,0.031485795974731445
1787943654.2445292,7520,9,LR,9.821321585546247e-05
1787943673.7691512,7560,9,Loss/l_ce,0.13339662551879883
1787943673.7693675,7560,9,Loss/l_total,0.13339662551879883
1787943673.769391,7560,9,LR,9.821321585546247e-05
1787943694.345146,7600,9,Loss/l_ce,0.11128807067871094
1787943694.345388,7600,9,Loss/l_total,0.11128807067871094
1787943694.3454154,7600,9,LR,9.821321585546247e-05
1787943710.999261,7640,9,Loss/l_ce,0.02652740478515625
1787943710.9994261,7640,9,Loss/l_total,0.02652740478515625
1787943710.999451,7640,9,LR,9.821321585546247e-05
1787943731.5998414,7680,9,Loss/l_ce,0.10013294219970703
1787943731.6000838,7680,9,Loss/l_total,0.10013294219970703
1787943731.6001108,7680,9,LR,9.821321585546247e-05
1787943753.256636,7720,9,Loss/l_ce,0.018581390380859375
1787943753.2568104,7720,9,Loss/l_total,0.018581390380859375
1787943753.256833,7720,9,LR,9.821321585546247e-05
1787943766.3677638,7760,9,Loss/l_ce,0.09658670425415039
1787943766.3679478,7760,9,Loss/l_total,0.09658670425415039
1787943766.3679717,7760,9,LR,9.821321585546247e-05
1787943785.5091984,7800,9,Loss/l_ce,0.025848865509033203
1787943785.5093668,7800,9,Loss/l_total,0.025848865509033203
1787943785.5093906,7800,9,LR,9.821321585546247e-05
1787943805.0431848,7840,9,Loss/l_ce,0.06815814971923828
1787943805.043421,7840,9,Loss/l_total,0.06815814971923828
1787943805.0434506,7840,9,LR,9.821321585546247e-05
1787943820.8386214,7880,9,Loss/l_ce,0.026267051696777344
1787943820.8388767,7880,9,Loss/l_total,0.026267051696777344
1787943820.8389053,7880,9,LR,9.821321585546247e-05
1787943842.762002,7920,9,Loss/l_ce,0.057098388671875
1787943842.762269,7920,9,Loss/l_total,0.057098388671875
1787943842.7622926,7920,9,LR,9.821321585546247e-05
1787943861.604601,7960,9,Loss/l_ce,0.047418832778930664
1787943861.604892,7960,9,Loss/l_total,0.047418832778930664
1787943861.6049144,7960,9,LR,9.821321585546247e-05
1787943875.2786026,8000,9,Loss/l_ce,0.08991026878356934
1787943875.2788377,8000,9,Loss/l_total,0.08991026878356934
1787943875.2788649,8000,9,LR,9.821321585546247e-05
1787943895.6975667,8040,9,Loss/l_ce,0.0467066764831543
1787943895.6978471,8040,9,Loss/l_total,0.0467066764831543
1787943895.697872,8040,9,LR,9.821321585546247e-05
1787943914.5992675,8080,9,Loss/l_ce,0.11918926239013672
1787943914.5995395,8080,9,Loss/l_total,0.11918926239013672
1787943914.5995634,8080,9,LR,9.821321585546247e-05
1787943932.0062768,8120,9,Loss/l_ce,0.06731462478637695
1787943932.0065403,8120,9,Loss/l_total,0.06731462478637695
1787943932.0065725,8120,9,LR,9.821321585546247e-05
1787943989.7337399,8120,9,Val/dense_error,0.08236777037382126
1787943989.7340887,8120,9,Val/auc,0.5767493006693316
1787943989.734116,8120,9,Val/pck_max,0.1
1787943989.7343192,8120,9,Val/pck_n,100.0
1787944011.9431484,8160,10,Loss/l_ce,0.025014162063598633
1787944011.9433832,8160,10,Loss/l_total,0.025014162063598633
1787944011.943408,8160,10,LR,9.779754323328194e-05
1787944025.2463524,8200,10,Loss/l_ce,0.03500723838806152
1787944025.2466505,8200,10,Loss/l_total,0.03500723838806152
1787944025.246674,8200,10,LR,9.779754323328194e-05
1787944046.512552,8240,10,Loss/l_ce,0.06205034255981445
1787944046.5128086,8240,10,Loss/l_total,0.06205034255981445
1787944046.512837,8240,10,LR,9.779754323328194e-05
1787944067.7611876,8280,10,Loss/l_ce,0.020598888397216797
1787944067.7615378,8280,10,Loss/l_total,0.020598888397216797
1787944067.7615864,8280,10,LR,9.779754323328194e-05
1787944089.2455513,8320,10,Loss/l_ce,0.02879619598388672
1787944089.245904,8320,10,Loss/l_total,0.02879619598388672
1787944089.2459335,8320,10,LR,9.779754323328194e-05
1787944106.750275,8360,10,Loss/l_ce,0.03542327880859375
1787944106.7505786,8360,10,Loss/l_total,0.03542327880859375
1787944106.750612,8360,10,LR,9.779754323328194e-05
1787944128.8842402,8400,10,Loss/l_ce,0.02967691421508789
1787944128.8845215,8400,10,Loss/l_total,0.02967691421508789
1787944128.8845525,8400,10,LR,9.779754323328194e-05
1787944150.3808277,8440,10,Loss/l_ce,0.02612590789794922
1787944150.3810782,8440,10,Loss/l_total,0.02612590789794922
1787944150.3811114,8440,10,LR,9.779754323328194e-05
1787944161.5786846,8480,10,Loss/l_ce,0.12184953689575195
1787944161.5789187,8480,10,Loss/l_total,0.12184953689575195
1787944161.5789447,8480,10,LR,9.779754323328194e-05
1787944173.1647449,8520,10,Loss/l_ce,0.04224085807800293
1787944173.1649134,8520,10,Loss/l_total,0.04224085807800293
1787944173.1649394,8520,10,LR,9.779754323328194e-05
1787944194.3028934,8560,10,Loss/l_ce,0.08601975440979004
1787944194.3031793,8560,10,Loss/l_total,0.08601975440979004
1787944194.3032079,8560,10,LR,9.779754323328194e-05
1787944218.2173064,8600,10,Loss/l_ce,0.029638051986694336
1787944218.2199435,8600,10,Loss/l_total,0.029638051986694336
1787944218.2199836,8600,10,LR,9.779754323328194e-05
1787944245.0361648,8640,10,Loss/l_ce,0.12320947647094727
1787944245.0365663,8640,10,Loss/l_total,0.12320947647094727
1787944245.036596,8640,10,LR,9.779754323328194e-05
1787944269.3511405,8680,10,Loss/l_ce,0.041414499282836914
1787944269.351454,8680,10,Loss/l_total,0.041414499282836914
1787944269.35148,8680,10,LR,9.779754323328194e-05
1787944298.1999528,8720,10,Loss/l_ce,0.14799952507019043
1787944298.2003598,8720,10,Loss/l_total,0.14799952507019043
1787944298.2003932,8720,10,LR,9.779754323328194e-05
1787944322.3343666,8760,10,Loss/l_ce,0.19055533409118652
1787944322.3347511,8760,10,Loss/l_total,0.19055533409118652
1787944322.3347762,8760,10,LR,9.779754323328194e-05
1787944335.8803856,8800,10,Loss/l_ce,0.022240877151489258
1787944335.880712,8800,10,Loss/l_total,0.022240877151489258
1787944335.880738,8800,10,LR,9.779754323328194e-05
1787944366.3221204,8840,10,Loss/l_ce,0.054785966873168945
1787944366.3224337,8840,10,Loss/l_total,0.054785966873168945
1787944366.3224626,8840,10,LR,9.779754323328194e-05
1787944391.872429,8880,10,Loss/l_ce,0.07786273956298828
1787944391.8726697,8880,10,Loss/l_total,0.07786273956298828
1787944391.8726945,8880,10,LR,9.779754323328194e-05
1787944418.6916027,8920,10,Loss/l_ce,0.010820388793945312
1787944418.691763,8920,10,Loss/l_total,0.010820388793945312
1787944418.6917856,8920,10,LR,9.779754323328194e-05
1787944485.835627,8932,10,Val/dense_error,0.0843261182308197
1787944485.8359501,8932,10,Val/auc,0.5710505024531767
1787944485.8359773,8932,10,Val/pck_max,0.1
1787944485.8360615,8932,10,Val/pck_n,100.0
1787944509.1516545,8960,11,Loss/l_ce,0.028880596160888672
1787944509.1519322,8960,11,Loss/l_total,0.028880596160888672
1787944509.1519573,8960,11,LR,9.733963460294018e-05
1787944539.5154068,9000,11,Loss/l_ce,0.03338360786437988
1787944539.5157561,9000,11,Loss/l_total,0.03338360786437988
1787944539.5157785,9000,11,LR,9.733963460294018e-05
1787944556.6936033,9040,11,Loss/l_ce,0.024115324020385742
1787944556.6939003,9040,11,Loss/l_total,0.024115324020385742
1787944556.6939242,9040,11,LR,9.733963460294018e-05
1787944584.985085,9080,11,Loss/l_ce,0.05170774459838867
1787944584.985396,9080,11,Loss/l_total,0.05170774459838867
1787944584.9854221,9080,11,LR,9.733963460294018e-05
1787944608.0638163,9120,11,Loss/l_ce,0.05472850799560547
1787944608.0641642,9120,11,Loss/l_total,0.05472850799560547
1787944608.064189,9120,11,LR,9.733963460294018e-05
1787944623.8109374,9160,11,Loss/l_ce,0.11201643943786621
1787944623.8111749,9160,11,Loss/l_total,0.11201643943786621
1787944623.8111987,9160,11,LR,9.733963460294018e-05
1787944634.7709513,9200,11,Loss/l_ce,0.02875494956970215
1787944634.7712562,9200,11,Loss/l_total,0.02875494956970215
1787944634.771285,9200,11,LR,9.733963460294018e-05
1787944646.2823944,9240,11,Loss/l_ce,0.041172027587890625
1787944646.2826676,9240,11,Loss/l_total,0.041172027587890625
1787944646.2827032,9240,11,LR,9.733963460294018e-05
1787944671.6222591,9280,11,Loss/l_ce,0.03357410430908203
1787944671.622558,9280,11,Loss/l_total,0.03357410430908203
1787944671.6226103,9280,11,LR,9.733963460294018e-05
1787944691.6862488,9320,11,Loss/l_ce,0.043300628662109375
1787944691.6865704,9320,11,Loss/l_total,0.043300628662109375
1787944691.686593,9320,11,LR,9.733963460294018e-05
1787944708.3428686,9360,11,Loss/l_ce,0.03624296188354492
1787944708.3431616,9360,11,Loss/l_total,0.03624296188354492
1787944708.3432043,9360,11,LR,9.733963460294018e-05
1787944738.573196,9400,11,Loss/l_ce,0.034130096435546875
1787944738.573507,9400,11,Loss/l_total,0.034130096435546875
1787944738.5735345,9400,11,LR,9.733963460294018e-05
1787944763.9187374,9440,11,Loss/l_ce,0.03905344009399414
1787944763.9191933,9440,11,Loss/l_total,0.03905344009399414
1787944763.919223,9440,11,LR,9.733963460294018e-05
1787944781.561922,9480,11,Loss/l_ce,0.036393165588378906
1787944781.562207,9480,11,Loss/l_total,0.036393165588378906
1787944781.562233,9480,11,LR,9.733963460294018e-05
1787944804.66232,9520,11,Loss/l_ce,0.02910900115966797
1787944804.6627889,9520,11,Loss/l_total,0.02910900115966797
1787944804.6628222,9520,11,LR,9.733963460294018e-05
1787944839.0328784,9560,11,Loss/l_ce,0.025272369384765625
1787944839.0334258,9560,11,Loss/l_total,0.025272369384765625
1787944839.033452,9560,11,LR,9.733963460294018e-05
1787944855.4752035,9600,11,Loss/l_ce,0.043936729431152344
1787944855.4754732,9600,11,Loss/l_total,0.043936729431152344
1787944855.475498,9600,11,LR,9.733963460294018e-05
1787944884.244637,9640,11,Loss/l_ce,0.02052927017211914
1787944884.2448733,9640,11,Loss/l_total,0.02052927017211914
1787944884.244898,9640,11,LR,9.733963460294018e-05
1787944908.9730809,9680,11,Loss/l_ce,0.041469573974609375
1787944908.9733443,9680,11,Loss/l_total,0.041469573974609375
1787944908.973367,9680,11,LR,9.733963460294018e-05
1787944923.7891495,9720,11,Loss/l_ce,0.06694650650024414
1787944923.7894616,9720,11,Loss/l_total,0.06694650650024414
1787944923.7894878,9720,11,LR,9.733963460294018e-05
1787944993.2679749,9744,11,Val/dense_error,0.09227602928876877
1787944993.268388,9744,11,Val/auc,0.5702850048440175
1787944993.2684178,9744,11,Val/pck_max,0.1
1787944993.2684402,9744,11,Val/pck_n,100.0
1787945002.1473691,9760,12,Loss/l_ce,0.026899099349975586
1787945002.147538,9760,12,Loss/l_total,0.026899099349975586
1787945002.1475627,9760,12,LR,9.683994186497135e-05
1787945028.9465683,9800,12,Loss/l_ce,0.02813863754272461
1787945028.946832,9800,12,Loss/l_total,0.02813863754272461
1787945028.9468567,9800,12,LR,9.683994186497135e-05
1787945056.5846405,9840,12,Loss/l_ce,0.022911787033081055
1787945056.5848174,9840,12,Loss/l_total,0.022911787033081055
1787945056.5848424,9840,12,LR,9.683994186497135e-05
1787945080.6294007,9880,12,Loss/l_ce,0.029046297073364258
1787945080.6295884,9880,12,Loss/l_total,0.029046297073364258
1787945080.629612,9880,12,LR,9.683994186497135e-05
1787945092.4669452,9920,12,Loss/l_ce,0.0543212890625
1787945092.4672647,9920,12,Loss/l_total,0.0543212890625
1787945092.4672933,9920,12,LR,9.683994186497135e-05
1787945103.3528068,9960,12,Loss/l_ce,0.02229619026184082
1787945103.3530943,9960,12,Loss/l_total,0.02229619026184082
1787945103.3531215,9960,12,LR,9.683994186497135e-05
1787945117.702499,10000,12,Loss/l_ce,0.01914381980895996
1787945117.7027423,10000,12,Loss/l_total,0.01914381980895996
1787945117.7027671,10000,12,LR,9.683994186497135e-05
1787945129.2442994,10040,12,Loss/l_ce,0.05341386795043945
1787945129.244525,10040,12,Loss/l_total,0.05341386795043945
1787945129.2445512,10040,12,LR,9.683994186497135e-05
1787945142.1290972,10080,12,Loss/l_ce,0.03912234306335449
1787945142.1294415,10080,12,Loss/l_total,0.03912234306335449
1787945142.1294677,10080,12,LR,9.683994186497135e-05
1787945153.79568,10120,12,Loss/l_ce,0.035627126693725586
1787945153.7959378,10120,12,Loss/l_total,0.035627126693725586
1787945153.7959626,10120,12,LR,9.683994186497135e-05
1787945167.201904,10160,12,Loss/l_ce,0.04332685470581055
1787945167.2021914,10160,12,Loss/l_total,0.04332685470581055
1787945167.2022176,10160,12,LR,9.683994186497135e-05
1787945179.0763884,10200,12,Loss/l_ce,0.04135417938232422
1787945179.076704,10200,12,Loss/l_total,0.04135417938232422
1787945179.07673,10200,12,LR,9.683994186497135e-05
1787945192.6400201,10240,12,Loss/l_ce,0.05995988845825195
1787945192.6404097,10240,12,Loss/l_total,0.05995988845825195
1787945192.640437,10240,12,LR,9.683994186497135e-05
1787945203.4053786,10280,12,Loss/l_ce,0.04357767105102539
1787945203.4056396,10280,12,Loss/l_total,0.04357767105102539
1787945203.4056609,10280,12,LR,9.683994186497135e-05
1787945213.7269552,10320,12,Loss/l_ce,0.025412559509277344
1787945213.7271762,10320,12,Loss/l_total,0.025412559509277344
1787945213.7272024,10320,12,LR,9.683994186497135e-05
1787945229.2940726,10360,12,Loss/l_ce,0.039322853088378906
1787945229.2943707,10360,12,Loss/l_total,0.039322853088378906
1787945229.2943957,10360,12,LR,9.683994186497135e-05
1787945240.8424904,10400,12,Loss/l_ce,0.0625600814819336
1787945240.8427596,10400,12,Loss/l_total,0.0625600814819336
1787945240.8427894,10400,12,LR,9.683994186497135e-05
1787945254.1580086,10440,12,Loss/l_ce,0.03301239013671875
1787945254.1582758,10440,12,Loss/l_total,0.03301239013671875
1787945254.158302,10440,12,LR,9.683994186497135e-05
1787945267.4689996,10480,12,Loss/l_ce,0.026936054229736328
1787945267.4692764,10480,12,Loss/l_total,0.026936054229736328
1787945267.4693012,10480,12,LR,9.683994186497135e-05
1787945282.0743213,10520,12,Loss/l_ce,0.02502894401550293
1787945282.074688,10520,12,Loss/l_total,0.02502894401550293
1787945282.0747142,10520,12,LR,9.683994186497135e-05
1787945355.36988,10556,12,Val/dense_error,0.09179903566837311
1787945355.3702443,10556,12,Val/auc,0.5689000444143154
1787945355.3702717,10556,12,Val/pck_max,0.1
1787945355.370292,10556,12,Val/pck_n,100.0
1787945359.2212017,10560,13,Loss/l_ce,0.12356185913085938
1787945359.221369,10560,13,Loss/l_total,0.12356185913085938
1787945359.2213929,10560,13,LR,9.629895815577918e-05
1787945370.1746347,10600,13,Loss/l_ce,0.047492027282714844
1787945370.1749196,10600,13,Loss/l_total,0.047492027282714844
1787945370.1749434,10600,13,LR,9.629895815577918e-05
1787945380.6889956,10640,13,Loss/l_ce,0.028185367584228516
1787945380.689245,10640,13,Loss/l_total,0.028185367584228516
1787945380.6892688,10640,13,LR,9.629895815577918e-05
1787945391.2492073,10680,13,Loss/l_ce,0.036765336990356445
1787945391.2494543,10680,13,Loss/l_total,0.036765336990356445
1787945391.2494805,10680,13,LR,9.629895815577918e-05
1787945402.0182004,10720,13,Loss/l_ce,0.09829258918762207
1787945402.0185888,10720,13,Loss/l_total,0.09829258918762207
1787945402.018622,10720,13,LR,9.629895815577918e-05
1787945412.8554156,10760,13,Loss/l_ce,0.051741600036621094
1787945412.855659,10760,13,Loss/l_total,0.051741600036621094
1787945412.8556828,10760,13,LR,9.629895815577918e-05
1787945423.394969,10800,13,Loss/l_ce,0.037761688232421875
1787945423.3952148,10800,13,Loss/l_total,0.037761688232421875
1787945423.3952422,10800,13,LR,9.629895815577918e-05
1787945444.9352672,10840,13,Loss/l_ce,0.0914607048034668
1787945444.935513,10840,13,Loss/l_total,0.0914607048034668
1787945444.9355428,10840,13,LR,9.629895815577918e-05
1787945469.7275646,10880,13,Loss/l_ce,0.07394671440124512
1787945469.7277913,10880,13,Loss/l_total,0.07394671440124512
1787945469.727814,10880,13,LR,9.629895815577918e-05
1787945490.595646,10920,13,Loss/l_ce,0.15772151947021484
1787945490.595944,10920,13,Loss/l_total,0.15772151947021484
1787945490.5959702,10920,13,LR,9.629895815577918e-05
1787945512.6913939,10960,13,Loss/l_ce,0.06541013717651367
1787945512.6915567,10960,13,Loss/l_total,0.06541013717651367
1787945512.691579,10960,13,LR,9.629895815577918e-05
1787945530.8696773,11000,13,Loss/l_ce,0.045836687088012695
1787945530.869923,11000,13,Loss/l_total,0.045836687088012695
1787945530.869947,11000,13,LR,9.629895815577918e-05
1787945544.1951954,11040,13,Loss/l_ce,0.024580717086791992
1787945544.1954696,11040,13,Loss/l_total,0.024580717086791992
1787945544.1954944,11040,13,LR,9.629895815577918e-05
1787945561.3433728,11080,13,Loss/l_ce,0.02596902847290039
1787945561.3436458,11080,13,Loss/l_total,0.02596902847290039
1787945561.3437028,11080,13,LR,9.629895815577918e-05
1787945572.8484924,11120,13,Loss/l_ce,0.03211188316345215
1787945572.8487487,11120,13,Loss/l_total,0.03211188316345215
1787945572.8487723,11120,13,LR,9.629895815577918e-05
1787945583.2136433,11160,13,Loss/l_ce,0.020235300064086914
1787945583.2138937,11160,13,Loss/l_total,0.020235300064086914
1787945583.213916,11160,13,LR,9.629895815577918e-05
1787945593.666261,11200,13,Loss/l_ce,0.024211645126342773
1787945593.6665363,11200,13,Loss/l_total,0.024211645126342773
1787945593.6665616,11200,13,LR,9.629895815577918e-05
1787945606.667778,11240,13,Loss/l_ce,0.12161874771118164
1787945606.6680212,11240,13,Loss/l_total,0.12161874771118164
1787945606.6680784,11240,13,LR,9.629895815577918e-05
1787945617.7035346,11280,13,Loss/l_ce,0.013942241668701172
1787945617.7037733,11280,13,Loss/l_total,0.013942241668701172
1787945617.703798,11280,13,LR,9.629895815577918e-05
1787945629.4654117,11320,13,Loss/l_ce,0.04867386817932129
1787945629.4656026,11320,13,Loss/l_total,0.04867386817932129
1787945629.465625,11320,13,LR,9.629895815577918e-05
1787945641.035389,11360,13,Loss/l_ce,0.024247407913208008
1787945641.0355954,11360,13,Loss/l_total,0.024247407913208008
1787945641.0356193,11360,13,LR,9.629895815577918e-05
1787945687.5418234,11368,13,Val/dense_error,0.08063726127147675
1787945687.5421476,11368,13,Val/auc,0.5795574022560395
1787945687.542175,11368,13,Val/pck_max,0.1
1787945687.5421927,11368,13,Val/pck_n,100.0
1787945706.8717382,11400,14,Loss/l_ce,0.11109066009521484
1787945706.8719056,11400,14,Loss/l_total,0.11109066009521484
1787945706.8719292,11400,14,LR,9.571721736097092e-05
1787945726.100757,11440,14,Loss/l_ce,0.05106949806213379
1787945726.1011522,11440,14,Loss/l_total,0.05106949806213379
1787945726.1011882,11440,14,LR,9.571721736097092e-05
1787945751.697703,11480,14,Loss/l_ce,0.14827585220336914
1787945751.697951,11480,14,Loss/l_total,0.14827585220336914
1787945751.697977,11480,14,LR,9.571721736097092e-05
1787945774.6112273,11520,14,Loss/l_ce,0.03126668930053711
1787945774.611473,11520,14,Loss/l_total,0.03126668930053711
1787945774.611496,11520,14,LR,9.571721736097092e-05
1787945795.9566963,11560,14,Loss/l_ce,0.034462928771972656
1787945795.95698,11560,14,Loss/l_total,0.034462928771972656
1787945795.957011,11560,14,LR,9.571721736097092e-05
1787945821.3227153,11600,14,Loss/l_ce,0.03464913368225098
1787945821.322942,11600,14,Loss/l_total,0.03464913368225098
1787945821.3229647,11600,14,LR,9.571721736097092e-05
1787945847.8131049,11640,14,Loss/l_ce,0.03214693069458008
1787945847.8133552,11640,14,Loss/l_total,0.03214693069458008
1787945847.8133802,11640,14,LR,9.571721736097092e-05
1787945868.384558,11680,14,Loss/l_ce,0.03647756576538086
1787945868.3848157,11680,14,Loss/l_total,0.03647756576538086
1787945868.3848407,11680,14,LR,9.571721736097092e-05
1787945886.736813,11720,14,Loss/l_ce,0.02847886085510254
1787945886.7370884,11720,14,Loss/l_total,0.02847886085510254
1787945886.7371113,11720,14,LR,9.571721736097092e-05
1787945905.5997236,11760,14,Loss/l_ce,0.02396702766418457
1787945905.5999882,11760,14,Loss/l_total,0.02396702766418457
1787945905.600012,11760,14,LR,9.571721736097092e-05
1787945928.870459,11800,14,Loss/l_ce,0.02205634117126465
1787945928.8707216,11800,14,Loss/l_total,0.02205634117126465
1787945928.8707454,11800,14,LR,9.571721736097092e-05
1787945951.5023835,11840,14,Loss/l_ce,0.13372015953063965
1787945951.5026114,11840,14,Loss/l_total,0.13372015953063965
1787945951.5026352,11840,14,LR,9.571721736097092e-05
1787945970.453556,11880,14,Loss/l_ce,0.05762219429016113
1787945970.453994,11880,14,Loss/l_total,0.05762219429016113
1787945970.4540215,11880,14,LR,9.571721736097092e-05
1787945988.9593966,11920,14,Loss/l_ce,0.025844573974609375
1787945988.9597719,11920,14,Loss/l_total,0.025844573974609375
1787945988.9598017,11920,14,LR,9.571721736097092e-05
1787946010.3916204,11960,14,Loss/l_ce,0.13463163375854492
1787946010.391987,11960,14,Loss/l_total,0.13463163375854492
1787946010.392018,11960,14,LR,9.571721736097092e-05
1787946031.11898,12000,14,Loss/l_ce,0.04050779342651367
1787946031.1192245,12000,14,Loss/l_total,0.04050779342651367
1787946031.1192472,12000,14,LR,9.571721736097092e-05
1787946051.1920874,12040,14,Loss/l_ce,0.02852010726928711
1787946051.1923509,12040,14,Loss/l_total,0.02852010726928711
1787946051.1923735,12040,14,LR,9.571721736097092e-05
1787946072.4134705,12080,14,Loss/l_ce,0.0137786865234375
1787946072.4137473,12080,14,Loss/l_total,0.0137786865234375
1787946072.4137743,12080,14,LR,9.571721736097092e-05
1787946090.066692,12120,14,Loss/l_ce,0.021044015884399414
1787946090.066977,12120,14,Loss/l_total,0.021044015884399414
1787946090.0670033,12120,14,LR,9.571721736097092e-05
1787946106.7669888,12160,14,Loss/l_ce,0.0452876091003418
1787946106.7672355,12160,14,Loss/l_total,0.0452876091003418
1787946106.7672608,12160,14,LR,9.571721736097092e-05
1787946172.1539145,12180,14,Val/dense_error,0.09102386981248856
1787946172.1543658,12180,14,Val/auc,0.571672237936059
1787946172.1543927,12180,14,Val/pck_max,0.1
1787946172.1544144,12180,14,Val/pck_n,100.0
1787946185.0245128,12200,15,Loss/l_ce,0.06770849227905273
1787946185.0247445,12200,15,Loss/l_total,0.06770849227905273
1787946185.024772,12200,15,LR,9.509529358847659e-05
1787946208.3633475,12240,15,Loss/l_ce,0.022300243377685547
1787946208.3636527,12240,15,Loss/l_total,0.022300243377685547
1787946208.3636823,12240,15,LR,9.509529358847659e-05
1787946229.6946068,12280,15,Loss/l_ce,0.05328011512756348
1787946229.6952028,12280,15,Loss/l_total,0.05328011512756348
1787946229.6952326,12280,15,LR,9.509529358847659e-05
1787946251.9398334,12320,15,Loss/l_ce,0.15685033798217773
1787946251.9401114,12320,15,Loss/l_total,0.15685033798217773
1787946251.9401374,12320,15,LR,9.509529358847659e-05
1787946271.962077,12360,15,Loss/l_ce,0.024877548217773438
1787946271.962292,12360,15,Loss/l_total,0.024877548217773438
1787946271.9623146,12360,15,LR,9.509529358847659e-05
1787946294.931214,12400,15,Loss/l_ce,0.022242069244384766
1787946294.931594,12400,15,Loss/l_total,0.022242069244384766
1787946294.9316201,12400,15,LR,9.509529358847659e-05
1787946317.212654,12440,15,Loss/l_ce,0.05455636978149414
1787946317.2129426,12440,15,Loss/l_total,0.05455636978149414
1787946317.2129674,12440,15,LR,9.509529358847659e-05
1787946339.0617955,12480,15,Loss/l_ce,0.02708148956298828
1787946339.062104,12480,15,Loss/l_total,0.02708148956298828
1787946339.0621293,12480,15,LR,9.509529358847659e-05
1787946362.6158805,12520,15,Loss/l_ce,0.02668023109436035
1787946362.6161985,12520,15,Loss/l_total,0.02668023109436035
1787946362.6162248,12520,15,LR,9.509529358847659e-05
1787946386.7289639,12560,15,Loss/l_ce,0.03796076774597168
1787946386.7292154,12560,15,Loss/l_total,0.03796076774597168
1787946386.7292392,12560,15,LR,9.509529358847659e-05
1787946409.1412365,12600,15,Loss/l_ce,0.04326963424682617
1787946409.1414728,12600,15,Loss/l_total,0.04326963424682617
1787946409.1414976,12600,15,LR,9.509529358847659e-05
1787946430.6939878,12640,15,Loss/l_ce,0.025562047958374023
1787946430.6942418,12640,15,Loss/l_total,0.025562047958374023
1787946430.694268,12640,15,LR,9.509529358847659e-05
1787946454.120623,12680,15,Loss/l_ce,0.21683979034423828
1787946454.1208024,12680,15,Loss/l_total,0.21683979034423828
1787946454.120826,12680,15,LR,9.509529358847659e-05
1787946474.5540583,12720,15,Loss/l_ce,0.01791667938232422
1787946474.5542982,12720,15,Loss/l_total,0.01791667938232422
1787946474.5543232,12720,15,LR,9.509529358847659e-05
1787946499.160113,12760,15,Loss/l_ce,0.04488825798034668
1787946499.1603923,12760,15,Loss/l_total,0.04488825798034668
1787946499.1604183,12760,15,LR,9.509529358847659e-05
1787946521.9707377,12800,15,Loss/l_ce,0.036922454833984375
1787946521.9709277,12800,15,Loss/l_total,0.036922454833984375
1787946521.9709525,12800,15,LR,9.509529358847659e-05
1787946542.7052128,12840,15,Loss/l_ce,0.0672445297241211
1787946542.7054079,12840,15,Loss/l_total,0.0672445297241211
1787946542.7054303,12840,15,LR,9.509529358847659e-05
1787946564.8149228,12880,15,Loss/l_ce,0.08974146842956543
1787946564.815152,12880,15,Loss/l_total,0.08974146842956543
1787946564.8151743,12880,15,LR,9.509529358847659e-05
1787946589.6666358,12920,15,Loss/l_ce,0.0760798454284668
1787946589.6668103,12920,15,Loss/l_total,0.0760798454284668
1787946589.6668317,12920,15,LR,9.509529358847659e-05
1787946610.8044941,12960,15,Loss/l_ce,0.024076461791992188
1787946610.804722,12960,15,Loss/l_total,0.024076461791992188
1787946610.8047483,12960,15,LR,9.509529358847659e-05
1787946681.6225588,12992,15,Val/dense_error,0.08248656243085861
1787946681.622916,12992,15,Val/auc,0.5790993633948122
1787946681.6229398,12992,15,Val/pck_max,0.1
1787946681.6229575,12992,15,Val/pck_n,100.0
1787946689.8814492,13000,16,Loss/l_ce,0.019922256469726562
1787946689.8818316,13000,16,Loss/l_total,0.019922256469726562
1787946689.8818614,13000,16,LR,9.44338006019739e-05
1787946711.8266776,13040,16,Loss/l_ce,0.016880512237548828
1787946711.827067,13040,16,Loss/l_total,0.016880512237548828
1787946711.8270943,13040,16,LR,9.44338006019739e-05
1787946732.3829672,13080,16,Loss/l_ce,0.01120138168334961
1787946732.3833404,13080,16,Loss/l_total,0.01120138168334961
1787946732.38337,13080,16,LR,9.44338006019739e-05
1787946753.5987582,13120,16,Loss/l_ce,0.021193265914916992
1787946753.5990903,13120,16,Loss/l_total,0.021193265914916992
1787946753.5991142,13120,16,LR,9.44338006019739e-05
1787946772.1466603,13160,16,Loss/l_ce,0.06844711303710938
1787946772.147482,13160,16,Loss/l_total,0.06844711303710938
1787946772.1475186,13160,16,LR,9.44338006019739e-05
1787946792.809297,13200,16,Loss/l_ce,0.020622968673706055
1787946792.8098018,13200,16,Loss/l_total,0.020622968673706055
1787946792.8098292,13200,16,LR,9.44338006019739e-05
1787946819.7261167,13240,16,Loss/l_ce,0.06371808052062988
1787946819.7265015,13240,16,Loss/l_total,0.06371808052062988
1787946819.726529,13240,16,LR,9.44338006019739e-05
1787946843.639594,13280,16,Loss/l_ce,0.02937912940979004
1787946843.6399562,13280,16,Loss/l_total,0.02937912940979004
1787946843.6399798,13280,16,LR,9.44338006019739e-05
1787946865.2365947,13320,16,Loss/l_ce,0.027055025100708008
1787946865.2368524,13320,16,Loss/l_total,0.027055025100708008
1787946865.2368772,13320,16,LR,9.44338006019739e-05
1787946887.9794831,13360,16,Loss/l_ce,0.021946191787719727
1787946887.9798703,13360,16,Loss/l_total,0.021946191787719727
1787946887.9798954,13360,16,LR,9.44338006019739e-05
1787946910.6917353,13400,16,Loss/l_ce,0.05414772033691406
1787946910.6921031,13400,16,Loss/l_total,0.05414772033691406
1787946910.6921306,13400,16,LR,9.44338006019739e-05
1787946934.3411937,13440,16,Loss/l_ce,0.026139259338378906
1787946934.3414977,13440,16,Loss/l_total,0.026139259338378906
1787946934.3415215,13440,16,LR,9.44338006019739e-05
1787946958.7616794,13480,16,Loss/l_ce,0.18932771682739258
1787946958.7621412,13480,16,Loss/l_total,0.18932771682739258
1787946958.7621708,13480,16,LR,9.44338006019739e-05
1787946980.6947613,13520,16,Loss/l_ce,0.01908135414123535
1787946980.695141,13520,16,Loss/l_total,0.01908135414123535
1787946980.6951683,13520,16,LR,9.44338006019739e-05
1787946998.8900948,13560,16,Loss/l_ce,0.02160787582397461
1787946998.8904405,13560,16,Loss/l_total,0.02160787582397461
1787946998.8904665,13560,16,LR,9.44338006019739e-05
1787947012.6382055,13600,16,Loss/l_ce,0.12509489059448242
1787947012.638489,13600,16,Loss/l_total,0.12509489059448242
1787947012.6385128,13600,16,LR,9.44338006019739e-05
1787947039.7823372,13640,16,Loss/l_ce,0.021949052810668945
1787947039.7826757,13640,16,Loss/l_total,0.021949052810668945
1787947039.7827008,13640,16,LR,9.44338006019739e-05
1787947065.2505805,13680,16,Loss/l_ce,0.07551193237304688
1787947065.2509177,13680,16,Loss/l_total,0.07551193237304688
1787947065.250945,13680,16,LR,9.44338006019739e-05
1787947091.50884,13720,16,Loss/l_ce,0.10785388946533203
1787947091.5091524,13720,16,Loss/l_total,0.10785388946533203
1787947091.5091786,13720,16,LR,9.44338006019739e-05
1787947115.1474855,13760,16,Loss/l_ce,0.034395694732666016
1787947115.1478333,13760,16,Loss/l_total,0.034395694732666016
1787947115.1478558,13760,16,LR,9.44338006019739e-05
1787947139.4507976,13800,16,Loss/l_ce,0.031630754470825195
1787947139.4511418,13800,16,Loss/l_total,0.031630754470825195
1787947139.4511654,13800,16,LR,9.44338006019739e-05
1787947201.1881096,13804,16,Val/dense_error,0.09415771067142487
1787947201.1884646,13804,16,Val/auc,0.5668658168208182
1787947201.1884885,13804,16,Val/pck_max,0.1
1787947201.1885087,13804,16,Val/pck_n,100.0
1787947224.222074,13840,17,Loss/l_ce,0.10797262191772461
1787947224.222301,13840,17,Loss/l_total,0.10797262191772461
1787947224.2223294,13840,17,LR,9.373339121517751e-05
1787947245.7491522,13880,17,Loss/l_ce,0.21075677871704102
1787947245.749442,13880,17,Loss/l_total,0.21075677871704102
1787947245.749467,13880,17,LR,9.373339121517751e-05
1787947268.0234873,13920,17,Loss/l_ce,0.10312199592590332
1787947268.0238612,13920,17,Loss/l_total,0.10312199592590332
1787947268.0238874,13920,17,LR,9.373339121517751e-05
1787947290.8117518,13960,17,Loss/l_ce,0.0213165283203125
1787947290.812126,13960,17,Loss/l_total,0.0213165283203125
1787947290.8121521,13960,17,LR,9.373339121517751e-05
1787947315.0858905,14000,17,Loss/l_ce,0.0283963680267334
1787947315.0862718,14000,17,Loss/l_total,0.0283963680267334
1787947315.086299,14000,17,LR,9.373339121517751e-05
1787947338.630615,14040,17,Loss/l_ce,0.02692389488220215
1787947338.6312964,14040,17,Loss/l_total,0.02692389488220215
1787947338.6313393,14040,17,LR,9.373339121517751e-05
1787947363.1142626,14080,17,Loss/l_ce,0.015838623046875
1787947363.1147768,14080,17,Loss/l_total,0.015838623046875
1787947363.1148052,14080,17,LR,9.373339121517751e-05
1787947387.397484,14120,17,Loss/l_ce,0.16622066497802734
1787947387.3978188,14120,17,Loss/l_total,0.16622066497802734
1787947387.3978426,14120,17,LR,9.373339121517751e-05
1787947408.5806835,14160,17,Loss/l_ce,0.02928924560546875
1787947408.5809972,14160,17,Loss/l_total,0.02928924560546875
1787947408.5810242,14160,17,LR,9.373339121517751e-05
1787947431.1575787,14200,17,Loss/l_ce,0.02083730697631836
1787947431.1579301,14200,17,Loss/l_total,0.02083730697631836
1787947431.1583412,14200,17,LR,9.373339121517751e-05
1787947457.0409074,14240,17,Loss/l_ce,0.03240537643432617
1787947457.0412376,14240,17,Loss/l_total,0.03240537643432617
1787947457.0412624,14240,17,LR,9.373339121517751e-05
1787947478.2971551,14280,17,Loss/l_ce,0.024100065231323242
1787947478.2973735,14280,17,Loss/l_total,0.024100065231323242
1787947478.2973948,14280,17,LR,9.373339121517751e-05
1787947502.9316688,14320,17,Loss/l_ce,0.04004812240600586
1787947502.931866,14320,17,Loss/l_total,0.04004812240600586
1787947502.9318943,14320,17,LR,9.373339121517751e-05
1787947525.4562125,14360,17,Loss/l_ce,0.04101157188415527
1787947525.4564629,14360,17,Loss/l_total,0.04101157188415527
1787947525.456488,14360,17,LR,9.373339121517751e-05
1787947548.24672,14400,17,Loss/l_ce,0.016341209411621094
1787947548.2469585,14400,17,Loss/l_total,0.016341209411621094
1787947548.2469966,14400,17,LR,9.373339121517751e-05
1787947572.4785016,14440,17,Loss/l_ce,0.01742076873779297
1787947572.4787202,14440,17,Loss/l_total,0.01742076873779297
1787947572.4787486,14440,17,LR,9.373339121517751e-05
1787947593.8016453,14480,17,Loss/l_ce,0.045361995697021484
1787947593.8018496,14480,17,Loss/l_total,0.045361995697021484
1787947593.801878,14480,17,LR,9.373339121517751e-05
1787947614.4837413,14520,17,Loss/l_ce,0.03517961502075195
1787947614.4839113,14520,17,Loss/l_total,0.03517961502075195
1787947614.4839346,14520,17,LR,9.373339121517751e-05
1787947630.83429,14560,17,Loss/l_ce,0.05647683143615723
1787947630.834474,14560,17,Loss/l_total,0.05647683143615723
1787947630.8345013,14560,17,LR,9.373339121517751e-05
1787947648.7373962,14600,17,Loss/l_ce,0.02665877342224121
1787947648.7375681,14600,17,Loss/l_total,0.02665877342224121
1787947648.7375908,14600,17,LR,9.373339121517751e-05
1787947701.7822657,14616,17,Val/dense_error,0.09752486646175385
1787947701.7825742,14616,17,Val/auc,0.5654692982797894
1787947701.7826133,14616,17,Val/pck_max,0.1
1787947701.78263,14616,17,Val/pck_n,100.0
1787947716.1245553,14640,18,Loss/l_ce,0.052158355712890625
1787947716.1249032,14640,18,Loss/l_total,0.052158355712890625
1787947716.1249459,14640,18,LR,9.299475664759073e-05
1787947734.4199054,14680,18,Loss/l_ce,0.020636558532714844
1787947734.4201431,14680,18,Loss/l_total,0.020636558532714844
1787947734.4201741,14680,18,LR,9.299475664759073e-05
1787947754.685809,14720,18,Loss/l_ce,0.11139321327209473
1787947754.6861935,14720,18,Loss/l_total,0.11139321327209473
1787947754.6862185,14720,18,LR,9.299475664759073e-05
1787947770.6087208,14760,18,Loss/l_ce,0.057329654693603516
1787947770.6090865,14760,18,Loss/l_total,0.057329654693603516
1787947770.609116,14760,18,LR,9.299475664759073e-05
1787947789.1581218,14800,18,Loss/l_ce,0.02591538429260254
1787947789.158346,14800,18,Loss/l_total,0.02591538429260254
1787947789.1583722,14800,18,LR,9.299475664759073e-05
1787947809.4837677,14840,18,Loss/l_ce,0.027156352996826172
1787947809.4840941,14840,18,Loss/l_total,0.027156352996826172
1787947809.4841204,14840,18,LR,9.299475664759073e-05
1787947829.5335355,14880,18,Loss/l_ce,0.03203630447387695
1787947829.5337563,14880,18,Loss/l_total,0.03203630447387695
1787947829.5337813,14880,18,LR,9.299475664759073e-05
1787947845.620947,14920,18,Loss/l_ce,0.02266669273376465
1787947845.621258,14920,18,Loss/l_total,0.02266669273376465
1787947845.621283,14920,18,LR,9.299475664759073e-05
1787947863.8671324,14960,18,Loss/l_ce,0.05326366424560547
1787947863.8674388,14960,18,Loss/l_total,0.05326366424560547
1787947863.867465,14960,18,LR,9.299475664759073e-05
1787947881.5797164,15000,18,Loss/l_ce,0.02825307846069336
1787947881.580019,15000,18,Loss/l_total,0.02825307846069336
1787947881.5800607,15000,18,LR,9.299475664759073e-05
1787947900.2801816,15040,18,Loss/l_ce,0.022023439407348633
1787947900.280423,15040,18,Loss/l_total,0.022023439407348633
1787947900.2804468,15040,18,LR,9.299475664759073e-05
1787947918.4421031,15080,18,Loss/l_ce,0.10004615783691406
1787947918.4424262,15080,18,Loss/l_total,0.10004615783691406
1787947918.442451,15080,18,LR,9.299475664759073e-05
1787947936.4664924,15120,18,Loss/l_ce,0.0193326473236084
1787947936.4667284,15120,18,Loss/l_total,0.0193326473236084
1787947936.4667523,15120,18,LR,9.299475664759073e-05
1787947959.0893,15160,18,Loss/l_ce,0.045179128646850586
1787947959.0895956,15160,18,Loss/l_total,0.045179128646850586
1787947959.0896218,15160,18,LR,9.299475664759073e-05
1787947975.411747,15200,18,Loss/l_ce,0.02099895477294922
1787947975.4120235,15200,18,Loss/l_total,0.02099895477294922
1787947975.4120712,15200,18,LR,9.299475664759073e-05
1787947992.574232,15240,18,Loss/l_ce,0.023480653762817383
1787947992.5745373,15240,18,Loss/l_total,0.023480653762817383
1787947992.5745647,15240,18,LR,9.299475664759073e-05
1787948010.0172722,15280,18,Loss/l_ce,0.025413990020751953
1787948010.0175712,15280,18,Loss/l_total,0.025413990020751953
1787948010.0175965,15280,18,LR,9.299475664759073e-05
1787948027.6033971,15320,18,Loss/l_ce,0.027652740478515625
1787948027.6036403,15320,18,Loss/l_total,0.027652740478515625
1787948027.6036642,15320,18,LR,9.299475664759073e-05
1787948045.0921502,15360,18,Loss/l_ce,0.0232696533203125
1787948045.092453,15360,18,Loss/l_total,0.0232696533203125
1787948045.0924802,15360,18,LR,9.299475664759073e-05
1787948062.0117493,15400,18,Loss/l_ce,0.04106426239013672
1787948062.012026,15400,18,Loss/l_total,0.04106426239013672
1787948062.0120807,15400,18,LR,9.299475664759073e-05
1787948132.5364323,15428,18,Val/dense_error,0.10032398998737335
1787948132.536785,15428,18,Val/auc,0.5611233185545348
1787948132.5368087,15428,18,Val/pck_max,0.1
1787948132.5370224,15428,18,Val/pck_n,100.0
1787948142.347717,15440,19,Loss/l_ce,0.06617093086242676
1787948142.3479354,15440,19,Loss/l_total,0.06617093086242676
1787948142.347957,15440,19,LR,9.221862584235533e-05
1787948157.7662458,15480,19,Loss/l_ce,0.03186178207397461
1787948157.76657,15480,19,Loss/l_total,0.03186178207397461
1787948157.7666101,15480,19,LR,9.221862584235533e-05
1787948172.91046,15520,19,Loss/l_ce,0.026725292205810547
1787948172.9107828,15520,19,Loss/l_total,0.026725292205810547
1787948172.91081,15520,19,LR,9.221862584235533e-05
1787948192.8793426,15560,19,Loss/l_ce,0.03282356262207031
1787948192.8796797,15560,19,Loss/l_total,0.03282356262207031
1787948192.8797045,15560,19,LR,9.221862584235533e-05
1787948212.9996827,15600,19,Loss/l_ce,0.02102375030517578
1787948212.9998703,15600,19,Loss/l_total,0.02102375030517578
1787948212.9998963,15600,19,LR,9.221862584235533e-05
1787948233.9292555,15640,19,Loss/l_ce,0.01996755599975586
1787948233.9295783,15640,19,Loss/l_total,0.01996755599975586
1787948233.9296057,15640,19,LR,9.221862584235533e-05
1787948254.6112964,15680,19,Loss/l_ce,0.05166220664978027
1787948254.6116693,15680,19,Loss/l_total,0.05166220664978027
1787948254.6116943,15680,19,LR,9.221862584235533e-05
1787948298.2694354,15720,19,Loss/l_ce,0.053787946701049805
1787948298.269845,15720,19,Loss/l_total,0.053787946701049805
1787948298.2698793,15720,19,LR,9.221862584235533e-05
1787948317.8388,15760,19,Loss/l_ce,0.02791309356689453
1787948317.8390753,15760,19,Loss/l_total,0.02791309356689453
1787948317.8391016,15760,19,LR,9.221862584235533e-05
1787948341.1825917,15800,19,Loss/l_ce,0.08521461486816406
1787948341.1828258,15800,19,Loss/l_total,0.08521461486816406
1787948341.1828542,15800,19,LR,9.221862584235533e-05
1787948361.9414032,15840,19,Loss/l_ce,0.020549297332763672
1787948361.9416537,15840,19,Loss/l_total,0.020549297332763672
1787948361.941682,15840,19,LR,9.221862584235533e-05
1787948388.0681274,15880,19,Loss/l_ce,0.026479244232177734
1787948388.0684075,15880,19,Loss/l_total,0.026479244232177734
1787948388.068435,15880,19,LR,9.221862584235533e-05
1787948412.4134843,15920,19,Loss/l_ce,0.03476095199584961
1787948412.4137716,15920,19,Loss/l_total,0.03476095199584961
1787948412.4137952,15920,19,LR,9.221862584235533e-05
1787948432.4584703,15960,19,Loss/l_ce,0.052910804748535156
1787948432.4586937,15960,19,Loss/l_total,0.052910804748535156
1787948432.4587188,15960,19,LR,9.221862584235533e-05
1787948451.3869977,16000,19,Loss/l_ce,0.029818058013916016
1787948451.3873017,16000,19,Loss/l_total,0.029818058013916016
1787948451.3873255,16000,19,LR,9.221862584235533e-05
1787948471.4639137,16040,19,Loss/l_ce,0.04109621047973633
1787948471.4641333,16040,19,Loss/l_total,0.04109621047973633
1787948471.4641905,16040,19,LR,9.221862584235533e-05
1787948493.2535286,16080,19,Loss/l_ce,0.02394580841064453
1787948493.2537565,16080,19,Loss/l_total,0.02394580841064453
1787948493.253779,16080,19,LR,9.221862584235533e-05
1787948512.6171124,16120,19,Loss/l_ce,0.07210588455200195
1787948512.617313,16120,19,Loss/l_total,0.07210588455200195
1787948512.617338,16120,19,LR,9.221862584235533e-05
1787948532.1536827,16160,19,Loss/l_ce,0.16542720794677734
1787948532.1538622,16160,19,Loss/l_total,0.16542720794677734
1787948532.1538856,16160,19,LR,9.221862584235533e-05
1787948549.514244,16200,19,Loss/l_ce,0.04710531234741211
1787948549.51446,16200,19,Loss/l_total,0.04710531234741211
1787948549.5144885,16200,19,LR,9.221862584235533e-05
1787948571.8875794,16240,19,Loss/l_ce,0.023701190948486328
1787948571.887755,16240,19,Loss/l_total,0.023701190948486328
1787948571.8877802,16240,19,LR,9.221862584235533e-05
1787948625.2177048,16240,19,Val/dense_error,0.08480251580476761
1787948625.2179995,16240,19,Val/auc,0.5728057769778007
1787948625.2180228,16240,19,Val/pck_max,0.1
1787948625.2180681,16240,19,Val/pck_n,100.0
1787948648.0759401,16280,20,Loss/l_ce,0.05637979507446289
1787948648.0761409,16280,20,Loss/l_total,0.05637979507446289
1787948648.0761657,16280,20,LR,9.140576474687269e-05
1787948668.5766265,16320,20,Loss/l_ce,0.015177249908447266
1787948668.5768566,16320,20,Loss/l_total,0.015177249908447266
1787948668.5768816,16320,20,LR,9.140576474687269e-05
1787948699.5679483,16360,20,Loss/l_ce,0.053376197814941406
1787948699.5681775,16360,20,Loss/l_total,0.053376197814941406
1787948699.5682049,16360,20,LR,9.140576474687269e-05
1787948735.8383002,16400,20,Loss/l_ce,0.04330754280090332
1787948735.838534,16400,20,Loss/l_total,0.04330754280090332
1787948735.838559,16400,20,LR,9.140576474687269e-05
1787948752.8646915,16440,20,Loss/l_ce,0.04232215881347656
1787948752.8648648,16440,20,Loss/l_total,0.04232215881347656
1787948752.8648908,16440,20,LR,9.140576474687269e-05
1787948770.9810567,16480,20,Loss/l_ce,0.05609130859375
1787948770.9812942,16480,20,Loss/l_total,0.05609130859375
1787948770.9813166,16480,20,LR,9.140576474687269e-05
1787948789.0334835,16520,20,Loss/l_ce,0.045809268951416016
1787948789.033747,16520,20,Loss/l_total,0.045809268951416016
1787948789.0337765,16520,20,LR,9.140576474687269e-05
1787948807.007742,16560,20,Loss/l_ce,0.029777050018310547
1787948807.0079212,16560,20,Loss/l_total,0.029777050018310547
1787948807.0079439,16560,20,LR,9.140576474687269e-05
1787948839.0620043,16600,20,Loss/l_ce,0.05861353874206543
1787948839.0622,16600,20,Loss/l_total,0.05861353874206543
1787948839.0622225,16600,20,LR,9.140576474687269e-05
1787948926.1913428,16640,20,Loss/l_ce,0.038813114166259766
1787948926.1915305,16640,20,Loss/l_total,0.038813114166259766
1787948926.191553,16640,20,LR,9.140576474687269e-05
1787948971.7667534,16680,20,Loss/l_ce,0.018004179000854492
1787948971.7669399,16680,20,Loss/l_total,0.018004179000854492
1787948971.766961,16680,20,LR,9.140576474687269e-05
1787949002.7435155,16720,20,Loss/l_ce,0.019339561462402344
1787949002.7437873,16720,20,Loss/l_total,0.019339561462402344
1787949002.7438169,16720,20,LR,9.140576474687269e-05
1787949022.4853997,16760,20,Loss/l_ce,0.060300588607788086
1787949022.4856348,16760,20,Loss/l_total,0.060300588607788086
1787949022.4856586,16760,20,LR,9.140576474687269e-05
1787949039.207762,16800,20,Loss/l_ce,0.02254939079284668
1787949039.20797,16800,20,Loss/l_total,0.02254939079284668
1787949039.2079923,16800,20,LR,9.140576474687269e-05
1787949062.6271887,16840,20,Loss/l_ce,0.07255840301513672
1787949062.6274476,16840,20,Loss/l_total,0.07255840301513672
1787949062.6274714,16840,20,LR,9.140576474687269e-05
1787949104.865378,16880,20,Loss/l_ce,0.05391979217529297
1787949104.8655605,16880,20,Loss/l_total,0.05391979217529297
1787949104.865587,16880,20,LR,9.140576474687269e-05
1787949154.5337865,16920,20,Loss/l_ce,0.06168389320373535
1787949154.534024,16920,20,Loss/l_total,0.06168389320373535
1787949154.5340738,16920,20,LR,9.140576474687269e-05
1787949184.3809297,16960,20,Loss/l_ce,0.021239280700683594
1787949184.3811553,16960,20,Loss/l_total,0.021239280700683594
1787949184.38118,16960,20,LR,9.140576474687269e-05
1787949204.2719512,17000,20,Loss/l_ce,0.0791938304901123
1787949204.2721767,17000,20,Loss/l_total,0.0791938304901123
1787949204.2722027,17000,20,LR,9.140576474687269e-05
1787949226.4870167,17040,20,Loss/l_ce,0.018262624740600586
1787949226.4872317,17040,20,Loss/l_total,0.018262624740600586
1787949226.487258,17040,20,LR,9.140576474687269e-05
1787949276.7075727,17052,20,Val/dense_error,0.09427215903997421
1787949276.7078388,17052,20,Val/auc,0.572394425094348
1787949276.7078638,17052,20,Val/pck_max,0.1
1787949276.7078815,17052,20,Val/pck_n,100.0
1787949294.2128127,17080,21,Loss/l_ce,0.024823665618896484
1787949294.2131808,17080,21,Loss/l_total,0.024823665618896484
1787949294.2132068,17080,21,LR,9.055697555690611e-05
1787949313.6952844,17120,21,Loss/l_ce,0.04994773864746094
1787949313.695605,17120,21,Loss/l_total,0.04994773864746094
1787949313.69563,17120,21,LR,9.055697555690611e-05
1787949340.189393,17160,21,Loss/l_ce,0.02269601821899414
1787949340.1896484,17160,21,Loss/l_total,0.02269601821899414
1787949340.1896732,17160,21,LR,9.055697555690611e-05
1787949356.3201454,17200,21,Loss/l_ce,0.02169656753540039
1787949356.3204932,17200,21,Loss/l_total,0.02169656753540039
1787949356.3205204,17200,21,LR,9.055697555690611e-05
1787949369.6697674,17240,21,Loss/l_ce,0.021392345428466797
1787949369.6700988,17240,21,Loss/l_total,0.021392345428466797
1787949369.6701307,17240,21,LR,9.055697555690611e-05
1787949382.8516064,17280,21,Loss/l_ce,0.052529335021972656
1787949382.851808,17280,21,Loss/l_total,0.052529335021972656
1787949382.8518305,17280,21,LR,9.055697555690611e-05
1787949398.2449205,17320,21,Loss/l_ce,0.09714746475219727
1787949398.245183,17320,21,Loss/l_total,0.09714746475219727
1787949398.2452068,17320,21,LR,9.055697555690611e-05
1787949416.460003,17360,21,Loss/l_ce,0.014779329299926758
1787949416.4602497,17360,21,Loss/l_total,0.014779329299926758
1787949416.460295,17360,21,LR,9.055697555690611e-05
1787949433.2231667,17400,21,Loss/l_ce,0.008482694625854492
1787949433.2233603,17400,21,Loss/l_total,0.008482694625854492
1787949433.2233827,17400,21,LR,9.055697555690611e-05
1787949453.204928,17440,21,Loss/l_ce,0.01983356475830078
1787949453.2051287,17440,21,Loss/l_total,0.01983356475830078
1787949453.2051525,17440,21,LR,9.055697555690611e-05
1787949474.6425352,17480,21,Loss/l_ce,0.05556821823120117
1787949474.6427143,17480,21,Loss/l_total,0.05556821823120117
1787949474.642738,17480,21,LR,9.055697555690611e-05
1787949492.267378,17520,21,Loss/l_ce,0.024895668029785156
1787949492.2675812,17520,21,Loss/l_total,0.024895668029785156
1787949492.2676096,17520,21,LR,9.055697555690611e-05
1787949510.0986958,17560,21,Loss/l_ce,0.12683439254760742
1787949510.0989606,17560,21,Loss/l_total,0.12683439254760742
1787949510.0989842,17560,21,LR,9.055697555690611e-05
1787949534.0728173,17600,21,Loss/l_ce,0.34366846084594727
1787949534.0730572,17600,21,Loss/l_total,0.34366846084594727
1787949534.073093,17600,21,LR,9.055697555690611e-05
1787949568.8187792,17640,21,Loss/l_ce,0.03491497039794922
1787949568.8189964,17640,21,Loss/l_total,0.03491497039794922
1787949568.819019,17640,21,LR,9.055697555690611e-05
1787949586.74895,17680,21,Loss/l_ce,0.05057978630065918
1787949586.7491639,17680,21,Loss/l_total,0.05057978630065918
1787949586.7491887,17680,21,LR,9.055697555690611e-05
1787949611.3108244,17720,21,Loss/l_ce,0.10361886024475098
1787949611.3110833,17720,21,Loss/l_total,0.10361886024475098
1787949611.3111129,17720,21,LR,9.055697555690611e-05
1787949641.8763373,17760,21,Loss/l_ce,0.020869731903076172
1787949641.8766935,17760,21,Loss/l_total,0.020869731903076172
1787949641.8767278,17760,21,LR,9.055697555690611e-05
1787949659.4904017,17800,21,Loss/l_ce,0.03753471374511719
1787949659.490732,17800,21,Loss/l_total,0.03753471374511719
1787949659.4907582,17800,21,LR,9.055697555690611e-05
1787949680.3155968,17840,21,Loss/l_ce,0.12835407257080078
1787949680.3159328,17840,21,Loss/l_total,0.12835407257080078
1787949680.3159614,17840,21,LR,9.055697555690611e-05
1787949761.808671,17864,21,Val/dense_error,0.09474919736385345
1787949761.8089914,17864,21,Val/auc,0.5663982977109745
1787949761.8090165,17864,21,Val/pck_max,0.1
1787949761.809064,17864,21,Val/pck_n,100.0
1787949771.0935805,17880,22,Loss/l_ce,0.04389834403991699
1787949771.093793,17880,22,Loss/l_total,0.04389834403991699
1787949771.0938227,17880,22,LR,8.967309592491056e-05
1787949789.3960214,17920,22,Loss/l_ce,0.02944183349609375
1787949789.3964357,17920,22,Loss/l_total,0.02944183349609375
1787949789.3964665,17920,22,LR,8.967309592491056e-05
1787949806.6351538,17960,22,Loss/l_ce,0.022766590118408203
1787949806.635408,17960,22,Loss/l_total,0.022766590118408203
1787949806.6354315,17960,22,LR,8.967309592491056e-05
1787949848.2186866,18000,22,Loss/l_ce,0.020631074905395508
1787949848.2190223,18000,22,Loss/l_total,0.020631074905395508
1787949848.2190688,18000,22,LR,8.967309592491056e-05
1787949865.7046545,18040,22,Loss/l_ce,0.03945732116699219
1787949865.7049513,18040,22,Loss/l_total,0.03945732116699219
1787949865.704975,18040,22,LR,8.967309592491056e-05
1787949881.0316885,18080,22,Loss/l_ce,0.02051568031311035
1787949881.0319107,18080,22,Loss/l_total,0.02051568031311035
1787949881.0319414,18080,22,LR,8.967309592491056e-05
1787949897.9157333,18120,22,Loss/l_ce,0.020363569259643555
1787949897.9160955,18120,22,Loss/l_total,0.020363569259643555
1787949897.916119,18120,22,LR,8.967309592491056e-05
1787949914.727531,18160,22,Loss/l_ce,0.0216524600982666
1787949914.7278728,18160,22,Loss/l_total,0.0216524600982666
1787949914.7278953,18160,22,LR,8.967309592491056e-05
1787949932.9166558,18200,22,Loss/l_ce,0.022100210189819336
1787949932.917051,18200,22,Loss/l_total,0.022100210189819336
1787949932.9170928,18200,22,LR,8.967309592491056e-05
1787949949.260017,18240,22,Loss/l_ce,0.03331494331359863
1787949949.2602725,18240,22,Loss/l_total,0.03331494331359863
1787949949.2602973,18240,22,LR,8.967309592491056e-05
1787949968.249669,18280,22,Loss/l_ce,0.0805203914642334
1787949968.2498603,18280,22,Loss/l_total,0.0805203914642334
1787949968.2501762,18280,22,LR,8.967309592491056e-05
1787949986.510963,18320,22,Loss/l_ce,0.02834153175354004
1787949986.5111861,18320,22,Loss/l_total,0.02834153175354004
1787949986.5112123,18320,22,LR,8.967309592491056e-05
1787950003.7905617,18360,22,Loss/l_ce,0.02367877960205078
1787950003.7907648,18360,22,Loss/l_total,0.02367877960205078
1787950003.7907908,18360,22,LR,8.967309592491056e-05
1787950019.3495107,18400,22,Loss/l_ce,0.029946565628051758
1787950019.3497531,18400,22,Loss/l_total,0.029946565628051758
1787950019.3497767,18400,22,LR,8.967309592491056e-05
1787950034.6412797,18440,22,Loss/l_ce,0.07304573059082031
1787950034.6416264,18440,22,Loss/l_total,0.07304573059082031
1787950034.6416502,18440,22,LR,8.967309592491056e-05
1787950053.0017185,18480,22,Loss/l_ce,0.03000950813293457
1787950053.0019395,18480,22,Loss/l_total,0.03000950813293457
1787950053.0019634,18480,22,LR,8.967309592491056e-05
1787950070.4678955,18520,22,Loss/l_ce,0.03058147430419922
1787950070.4681473,18520,22,Loss/l_total,0.03058147430419922
1787950070.4681711,18520,22,LR,8.967309592491056e-05
1787950092.3872883,18560,22,Loss/l_ce,0.048707008361816406
1787950092.3875058,18560,22,Loss/l_total,0.048707008361816406
1787950092.3875327,18560,22,LR,8.967309592491056e-05
1787950108.825879,18600,22,Loss/l_ce,0.04957270622253418
1787950108.8261082,18600,22,Loss/l_total,0.04957270622253418
1787950108.8261306,18600,22,LR,8.967309592491056e-05
1787950126.3520772,18640,22,Loss/l_ce,0.1566917896270752
1787950126.352317,18640,22,Loss/l_total,0.1566917896270752
1787950126.3523421,18640,22,LR,8.967309592491056e-05
1787950186.3391936,18676,22,Val/dense_error,0.09574110805988312
1787950186.3395321,18676,22,Val/auc,0.5664350499076649
1787950186.3395581,18676,22,Val/pck_max,0.1
1787950186.3395772,18676,22,Val/pck_n,100.0
1787950189.2970698,18680,23,Loss/l_ce,0.07828187942504883
1787950189.2972536,18680,23,Loss/l_total,0.07828187942504883
1787950189.2972775,18680,23,LR,8.875499813337073e-05
1787950204.1243806,18720,23,Loss/l_ce,0.026387453079223633
1787950204.124629,18720,23,Loss/l_total,0.026387453079223633
1787950204.1246526,18720,23,LR,8.875499813337073e-05
1787950220.8748972,18760,23,Loss/l_ce,0.023434162139892578
1787950220.875271,18760,23,Loss/l_total,0.023434162139892578
1787950220.8752983,18760,23,LR,8.875499813337073e-05
1787950239.583105,18800,23,Loss/l_ce,0.02099895477294922
1787950239.583358,18800,23,Loss/l_total,0.02099895477294922
1787950239.5833814,18800,23,LR,8.875499813337073e-05
1787950256.9400775,18840,23,Loss/l_ce,0.009465456008911133
1787950256.9404101,18840,23,Loss/l_total,0.009465456008911133
1787950256.9404373,18840,23,LR,8.875499813337073e-05
1787950274.3574767,18880,23,Loss/l_ce,0.13055920600891113
1787950274.3577187,18880,23,Loss/l_total,0.13055920600891113
1787950274.3577425,18880,23,LR,8.875499813337073e-05
1787950289.7601628,18920,23,Loss/l_ce,0.01253056526184082
1787950289.7603812,18920,23,Loss/l_total,0.01253056526184082
1787950289.7604063,18920,23,LR,8.875499813337073e-05
1787950309.0268257,18960,23,Loss/l_ce,0.08138179779052734
1787950309.0271096,18960,23,Loss/l_total,0.08138179779052734
1787950309.0271404,18960,23,LR,8.875499813337073e-05
1787950330.6256824,19000,23,Loss/l_ce,0.023699045181274414
1787950330.6258607,19000,23,Loss/l_total,0.023699045181274414
1787950330.6258845,19000,23,LR,8.875499813337073e-05
1787950349.283587,19040,23,Loss/l_ce,0.020724773406982422
1787950349.2838054,19040,23,Loss/l_total,0.020724773406982422
1787950349.28386,19040,23,LR,8.875499813337073e-05
1787950400.7054837,19080,23,Loss/l_ce,0.02526068687438965
1787950400.7056975,19080,23,Loss/l_total,0.02526068687438965
1787950400.70572,19080,23,LR,8.875499813337073e-05
1787950443.7341464,19120,23,Loss/l_ce,0.04557347297668457
1787950443.734372,19120,23,Loss/l_total,0.04557347297668457
1787950443.7343934,19120,23,LR,8.875499813337073e-05
1787950482.9827075,19160,23,Loss/l_ce,0.028478145599365234
1787950482.9828892,19160,23,Loss/l_total,0.028478145599365234
1787950482.9829175,19160,23,LR,8.875499813337073e-05
1787950502.1048381,19200,23,Loss/l_ce,0.07707810401916504
1787950502.1051505,19200,23,Loss/l_total,0.07707810401916504
1787950502.1051803,19200,23,LR,8.875499813337073e-05
1787950520.367401,19240,23,Loss/l_ce,0.01993584632873535
1787950520.3676407,19240,23,Loss/l_total,0.01993584632873535
1787950520.3676622,19240,23,LR,8.875499813337073e-05
1787950537.9244688,19280,23,Loss/l_ce,0.03529238700866699
1787950537.9246862,19280,23,Loss/l_total,0.03529238700866699
1787950537.9247098,19280,23,LR,8.875499813337073e-05
1787950557.1455088,19320,23,Loss/l_ce,0.03338265419006348
1787950557.145738,19320,23,Loss/l_total,0.03338265419006348
1787950557.1457632,19320,23,LR,8.875499813337073e-05
1787950574.9283326,19360,23,Loss/l_ce,0.01785588264465332
1787950574.928621,19360,23,Loss/l_total,0.01785588264465332
1787950574.9286473,19360,23,LR,8.875499813337073e-05
1787950593.0802295,19400,23,Loss/l_ce,0.03370952606201172
1787950593.080415,19400,23,Loss/l_total,0.03370952606201172
1787950593.0804398,19400,23,LR,8.875499813337073e-05
1787950682.9553967,19440,23,Loss/l_ce,0.02514338493347168
1787950682.9556735,19440,23,Loss/l_total,0.02514338493347168
1787950682.9556994,19440,23,LR,8.875499813337073e-05
1787950700.1522026,19480,23,Loss/l_ce,0.034584999084472656
1787950700.1523995,19480,23,Loss/l_total,0.034584999084472656
1787950700.1524222,19480,23,LR,8.875499813337073e-05
1787950777.425615,19488,23,Val/dense_error,0.09365096688270569
1787950777.425913,19488,23,Val/auc,0.5666017334569661
1787950777.425938,19488,23,Val/pck_max,0.1
1787950777.4259558,19488,23,Val/pck_n,100.0
1787950797.8837245,19520,24,Loss/l_ce,0.07618880271911621
1787950797.8840663,19520,24,Loss/l_total,0.07618880271911621
1787950797.8840914,19520,24,LR,8.780358823396356e-05
1787950814.2374878,19560,24,Loss/l_ce,0.04051065444946289
1787950814.2377884,19560,24,Loss/l_total,0.04051065444946289
1787950814.2378156,19560,24,LR,8.780358823396356e-05
1787950835.3228984,19600,24,Loss/l_ce,0.022075414657592773
1787950835.3232427,19600,24,Loss/l_total,0.022075414657592773
1787950835.32327,19600,24,LR,8.780358823396356e-05
1787950852.831118,19640,24,Loss/l_ce,0.020268678665161133
1787950852.831346,19640,24,Loss/l_total,0.020268678665161133
1787950852.831372,19640,24,LR,8.780358823396356e-05
1787950869.1933396,19680,24,Loss/l_ce,0.03877854347229004
1787950869.193569,19680,24,Loss/l_total,0.03877854347229004
1787950869.1935937,19680,24,LR,8.780358823396356e-05
1787950886.95771,19720,24,Loss/l_ce,0.012105226516723633
1787950886.9579024,19720,24,Loss/l_total,0.012105226516723633
1787950886.9579284,19720,24,LR,8.780358823396356e-05
1787950906.2830253,19760,24,Loss/l_ce,0.06711053848266602
1787950906.2833054,19760,24,Loss/l_total,0.06711053848266602
1787950906.2833302,19760,24,LR,8.780358823396356e-05
1787950923.363876,19800,24,Loss/l_ce,0.023324012756347656
1787950923.3641956,19800,24,Loss/l_total,0.023324012756347656
1787950923.3642275,19800,24,LR,8.780358823396356e-05
1787950940.947232,19840,24,Loss/l_ce,0.04361104965209961
1787950940.9474778,19840,24,Loss/l_total,0.04361104965209961
1787950940.9475029,19840,24,LR,8.780358823396356e-05
1787950957.0631862,19880,24,Loss/l_ce,0.0478672981262207
1787950957.0633736,19880,24,Loss/l_total,0.0478672981262207
1787950957.063396,19880,24,LR,8.780358823396356e-05
1787950974.0088835,19920,24,Loss/l_ce,0.023225069046020508
1787950974.0091162,19920,24,Loss/l_total,0.023225069046020508
1787950974.00914,19920,24,LR,8.780358823396356e-05
1787950990.443292,19960,24,Loss/l_ce,0.03388547897338867
1787950990.443509,19960,24,Loss/l_total,0.03388547897338867
1787950990.4435327,19960,24,LR,8.780358823396356e-05
1787951009.4533734,20000,24,Loss/l_ce,0.03196597099304199
1787951009.4536273,20000,24,Loss/l_total,0.03196597099304199
1787951009.4536536,20000,24,LR,8.780358823396356e-05
1787951028.2091234,20040,24,Loss/l_ce,0.02185344696044922
1787951028.2093465,20040,24,Loss/l_total,0.02185344696044922
1787951028.2093678,20040,24,LR,8.780358823396356e-05
1787951047.4711595,20080,24,Loss/l_ce,0.168593168258667
1787951047.4713652,20080,24,Loss/l_total,0.168593168258667
1787951047.47139,20080,24,LR,8.780358823396356e-05
1787951065.8808517,20120,24,Loss/l_ce,0.009233713150024414
1787951065.8814964,20120,24,Loss/l_total,0.009233713150024414
1787951065.8815498,20120,24,LR,8.780358823396356e-05
1787951082.2360787,20160,24,Loss/l_ce,0.018459081649780273
1787951082.2362795,20160,24,Loss/l_total,0.018459081649780273
1787951082.2363033,20160,24,LR,8.780358823396356e-05
1787951100.7059414,20200,24,Loss/l_ce,0.028565645217895508
1787951100.7062323,20200,24,Loss/l_total,0.028565645217895508
1787951100.7062585,20200,24,LR,8.780358823396356e-05
1787951118.5227954,20240,24,Loss/l_ce,0.03593873977661133
1787951118.5232966,20240,24,Loss/l_total,0.03593873977661133
1787951118.5233324,20240,24,LR,8.780358823396356e-05
1787951137.3983705,20280,24,Loss/l_ce,0.033919334411621094
1787951137.398557,20280,24,Loss/l_total,0.033919334411621094
1787951137.3985808,20280,24,LR,8.780358823396356e-05
1787951195.5025342,20300,24,Val/dense_error,0.09280342608690262
1787951195.5029294,20300,24,Val/auc,0.5694589245502076
1787951195.5029533,20300,24,Val/pck_max,0.1
1787951195.5029721,20300,24,Val/pck_n,100.0
1787951207.132487,20320,25,Loss/l_ce,0.03352808952331543
1787951207.1327662,20320,25,Loss/l_total,0.03352808952331543
1787951207.1327937,20320,25,LR,8.681980515339468e-05
1787951223.9467485,20360,25,Loss/l_ce,0.03721475601196289
1787951223.9469454,20360,25,Loss/l_total,0.03721475601196289
1787951223.946974,20360,25,LR,8.681980515339468e-05
1787951242.6442297,20400,25,Loss/l_ce,0.01976609230041504
1787951242.644447,20400,25,Loss/l_total,0.01976609230041504
1787951242.644473,20400,25,LR,8.681980515339468e-05
1787951261.1671243,20440,25,Loss/l_ce,0.0650625228881836
1787951261.1673617,20440,25,Loss/l_total,0.0650625228881836
1787951261.1673865,20440,25,LR,8.681980515339468e-05
1787951278.1381593,20480,25,Loss/l_ce,0.0667879581451416
1787951278.1384218,20480,25,Loss/l_total,0.0667879581451416
1787951278.1384442,20480,25,LR,8.681980515339468e-05
1787951293.291261,20520,25,Loss/l_ce,0.01761484146118164
1787951293.291528,20520,25,Loss/l_total,0.01761484146118164
1787951293.291553,20520,25,LR,8.681980515339468e-05
1787951309.5966403,20560,25,Loss/l_ce,0.022310256958007812
1787951309.596913,20560,25,Loss/l_total,0.022310256958007812
1787951309.5969703,20560,25,LR,8.681980515339468e-05
1787951326.2166748,20600,25,Loss/l_ce,0.024348735809326172
1787951326.2169917,20600,25,Loss/l_total,0.024348735809326172
1787951326.2170155,20600,25,LR,8.681980515339468e-05
1787951345.111294,20640,25,Loss/l_ce,0.44835400581359863
1787951345.1115506,20640,25,Loss/l_total,0.44835400581359863
1787951345.1115775,20640,25,LR,8.681980515339468e-05
1787951363.3228838,20680,25,Loss/l_ce,0.024949073791503906
1787951363.3231606,20680,25,Loss/l_total,0.024949073791503906
1787951363.3231866,20680,25,LR,8.681980515339468e-05
1787951380.2849858,20720,25,Loss/l_ce,0.019018173217773438
1787951380.2854738,20720,25,Loss/l_total,0.019018173217773438
1787951380.2854998,20720,25,LR,8.681980515339468e-05
1787951397.3671436,20760,25,Loss/l_ce,0.019925355911254883
1787951397.3674965,20760,25,Loss/l_total,0.019925355911254883
1787951397.3675296,20760,25,LR,8.681980515339468e-05
1787951410.3589993,20800,25,Loss/l_ce,0.03442263603210449
1787951410.3595264,20800,25,Loss/l_total,0.03442263603210449
1787951410.3595526,20800,25,LR,8.681980515339468e-05
1787951427.1631737,20840,25,Loss/l_ce,0.05092954635620117
1787951427.1635854,20840,25,Loss/l_total,0.05092954635620117
1787951427.1636093,20840,25,LR,8.681980515339468e-05
1787951441.0288532,20880,25,Loss/l_ce,0.01936197280883789
1787951441.0292535,20880,25,Loss/l_total,0.01936197280883789
1787951441.0292935,20880,25,LR,8.681980515339468e-05
1787951459.540792,20920,25,Loss/l_ce,0.0696115493774414
1787951459.5423973,20920,25,Loss/l_total,0.0696115493774414
1787951459.5428886,20920,25,LR,8.681980515339468e-05
1787951474.710474,20960,25,Loss/l_ce,0.03227734565734863
1787951474.7106664,20960,25,Loss/l_total,0.03227734565734863
1787951474.7106926,20960,25,LR,8.681980515339468e-05
1787951489.647225,21000,25,Loss/l_ce,0.09574604034423828
1787951489.6475534,21000,25,Loss/l_total,0.09574604034423828
1787951489.6475856,21000,25,LR,8.681980515339468e-05
1787951506.249705,21040,25,Loss/l_ce,0.024704694747924805
1787951506.249921,21040,25,Loss/l_total,0.024704694747924805
1787951506.2499495,21040,25,LR,8.681980515339468e-05
1787951521.6215467,21080,25,Loss/l_ce,0.05022430419921875
1787951521.621883,21080,25,Loss/l_total,0.05022430419921875
1787951521.6219172,21080,25,LR,8.681980515339468e-05
1787951566.4933758,21112,25,Val/dense_error,0.08063820749521255
1787951566.4937024,21112,25,Val/auc,0.567431709743358
1787951566.4937296,21112,25,Val/pck_max,0.1
1787951566.4937582,21112,25,Val/pck_n,100.0
1787951571.93413,21120,26,Loss/l_ce,0.021535873413085938
1787951571.934309,21120,26,Loss/l_total,0.021535873413085938
1787951571.9343376,21120,26,LR,8.580461976679104e-05
1787951588.7132475,21160,26,Loss/l_ce,0.03540205955505371
1787951588.713446,21160,26,Loss/l_total,0.03540205955505371
1787951588.7134695,21160,26,LR,8.580461976679104e-05
1787951604.2333684,21200,26,Loss/l_ce,0.027524948120117188
1787951604.2335985,21200,26,Loss/l_total,0.027524948120117188
1787951604.2336245,21200,26,LR,8.580461976679104e-05
1787951620.7565422,21240,26,Loss/l_ce,0.026684045791625977
1787951620.7567737,21240,26,Loss/l_total,0.026684045791625977
1787951620.7567976,21240,26,LR,8.580461976679104e-05
1787951639.302725,21280,26,Loss/l_ce,0.01814556121826172
1787951639.3029613,21280,26,Loss/l_total,0.01814556121826172
1787951639.3029876,21280,26,LR,8.580461976679104e-05
1787951655.3115697,21320,26,Loss/l_ce,0.05871415138244629
1787951655.3117526,21320,26,Loss/l_total,0.05871415138244629
1787951655.311775,21320,26,LR,8.580461976679104e-05
1787951670.5191991,21360,26,Loss/l_ce,0.023075580596923828
1787951670.5193996,21360,26,Loss/l_total,0.023075580596923828
1787951670.5194225,21360,26,LR,8.580461976679104e-05
1787951683.180164,21400,26,Loss/l_ce,0.021897077560424805
1787951683.1804063,21400,26,Loss/l_total,0.021897077560424805
1787951683.1804287,21400,26,LR,8.580461976679104e-05
1787951698.691896,21440,26,Loss/l_ce,0.01875448226928711
1787951698.6921277,21440,26,Loss/l_total,0.01875448226928711
1787951698.6921525,21440,26,LR,8.580461976679104e-05
1787951713.7657347,21480,26,Loss/l_ce,0.06496977806091309
1787951713.766072,21480,26,Loss/l_total,0.06496977806091309
1787951713.7661004,21480,26,LR,8.580461976679104e-05
1787951727.7576313,21520,26,Loss/l_ce,0.1389601230621338
1787951727.75794,21520,26,Loss/l_total,0.1389601230621338
1787951727.7579648,21520,26,LR,8.580461976679104e-05
1787951742.2925136,21560,26,Loss/l_ce,0.04632234573364258
1787951742.2928472,21560,26,Loss/l_total,0.04632234573364258
1787951742.292871,21560,26,LR,8.580461976679104e-05
1787951758.4087796,21600,26,Loss/l_ce,0.08802556991577148
1787951758.4090977,21600,26,Loss/l_total,0.08802556991577148
1787951758.409126,21600,26,LR,8.580461976679104e-05
1787951774.4216757,21640,26,Loss/l_ce,0.030274152755737305
1787951774.4219904,21640,26,Loss/l_total,0.030274152755737305
1787951774.4220166,21640,26,LR,8.580461976679104e-05
1787951790.0144312,21680,26,Loss/l_ce,0.027184486389160156
1787951790.0146878,21680,26,Loss/l_total,0.027184486389160156
1787951790.0147161,21680,26,LR,8.580461976679104e-05
1787951803.7036815,21720,26,Loss/l_ce,0.019908428192138672
1787951803.7048914,21720,26,Loss/l_total,0.019908428192138672
1787951803.7049186,21720,26,LR,8.580461976679104e-05
1787951819.7708833,21760,26,Loss/l_ce,0.021281003952026367
1787951819.7711875,21760,26,Loss/l_total,0.021281003952026367
1787951819.7712135,21760,26,LR,8.580461976679104e-05
1787951835.5316877,21800,26,Loss/l_ce,0.01992511749267578
1787951835.531918,21800,26,Loss/l_total,0.01992511749267578
1787951835.5319417,21800,26,LR,8.580461976679104e-05
1787951853.4118748,21840,26,Loss/l_ce,0.10116457939147949
1787951853.4123356,21840,26,Loss/l_total,0.10116457939147949
1787951853.4123664,21840,26,LR,8.580461976679104e-05
1787951869.9066749,21880,26,Loss/l_ce,0.13131499290466309
1787951869.9069064,21880,26,Loss/l_total,0.13131499290466309
1787951869.9069326,21880,26,LR,8.580461976679104e-05
1787951883.8422146,21920,26,Loss/l_ce,0.1018519401550293
1787951883.842723,21920,26,Loss/l_total,0.1018519401550293
1787951883.8427489,21920,26,LR,8.580461976679104e-05
1787951919.4878302,21924,26,Val/dense_error,0.0869702622294426
1787951919.4881902,21924,26,Val/auc,0.5708097301116072
1787951919.488221,21924,26,Val/pck_max,0.1
1787951919.4893262,21924,26,Val/pck_n,100.0
1787951936.947937,21960,27,Loss/l_ce,0.03737497329711914
1787951936.9484,21960,27,Loss/l_total,0.03737497329711914
1787951936.9484272,21960,27,LR,8.475903393956438e-05
1787951950.7701287,22000,27,Loss/l_ce,0.08484673500061035
1787951950.7705371,22000,27,Loss/l_total,0.08484673500061035
1787951950.7705715,22000,27,LR,8.475903393956438e-05
1787951968.104308,22040,27,Loss/l_ce,0.026796340942382812
1787951968.1047306,22040,27,Loss/l_total,0.026796340942382812
1787951968.1047747,22040,27,LR,8.475903393956438e-05
1787951985.1838973,22080,27,Loss/l_ce,0.11467838287353516
1787951985.1842332,22080,27,Loss/l_total,0.11467838287353516
1787951985.1842642,22080,27,LR,8.475903393956438e-05
1787952001.5693836,22120,27,Loss/l_ce,0.04700279235839844
1787952001.569647,22120,27,Loss/l_total,0.04700279235839844
1787952001.569671,22120,27,LR,8.475903393956438e-05
1787952015.7851195,22160,27,Loss/l_ce,0.03403472900390625
1787952015.7854435,22160,27,Loss/l_total,0.03403472900390625
1787952015.7854698,22160,27,LR,8.475903393956438e-05
1787952035.7055404,22200,27,Loss/l_ce,0.03631234169006348
1787952035.705842,22200,27,Loss/l_total,0.03631234169006348
1787952035.7058668,22200,27,LR,8.475903393956438e-05
1787952050.244575,22240,27,Loss/l_ce,0.0262601375579834
1787952050.2448444,22240,27,Loss/l_total,0.0262601375579834
1787952050.244868,22240,27,LR,8.475903393956438e-05
1787952062.9607968,22280,27,Loss/l_ce,0.03892087936401367
1787952062.961063,22280,27,Loss/l_total,0.03892087936401367
1787952062.9610927,22280,27,LR,8.475903393956438e-05
1787952078.3786068,22320,27,Loss/l_ce,0.021927595138549805
1787952078.3789275,22320,27,Loss/l_total,0.021927595138549805
1787952078.3789535,22320,27,LR,8.475903393956438e-05
1787952095.3633378,22360,27,Loss/l_ce,0.0224454402923584
1787952095.363517,22360,27,Loss/l_total,0.0224454402923584
1787952095.363543,22360,27,LR,8.475903393956438e-05
1787952106.3699727,22400,27,Loss/l_ce,0.04220914840698242
1787952106.3702424,22400,27,Loss/l_total,0.04220914840698242
1787952106.3702755,22400,27,LR,8.475903393956438e-05
1787952119.776365,22440,27,Loss/l_ce,0.04904484748840332
1787952119.776579,22440,27,Loss/l_total,0.04904484748840332
1787952119.776605,22440,27,LR,8.475903393956438e-05
1787952136.2675624,22480,27,Loss/l_ce,0.015638113021850586
1787952136.2677417,22480,27,Loss/l_total,0.015638113021850586
1787952136.2677655,22480,27,LR,8.475903393956438e-05
1787952152.2489564,22520,27,Loss/l_ce,0.08162093162536621
1787952152.2491865,22520,27,Loss/l_total,0.08162093162536621
1787952152.2492115,22520,27,LR,8.475903393956438e-05
1787952168.2549558,22560,27,Loss/l_ce,0.0398859977722168
1787952168.255159,22560,27,Loss/l_total,0.0398859977722168
1787952168.2551825,22560,27,LR,8.475903393956438e-05
1787952179.1322134,22600,27,Loss/l_ce,0.01993250846862793
1787952179.1324506,22600,27,Loss/l_total,0.01993250846862793
1787952179.1325064,22600,27,LR,8.475903393956438e-05
1787952195.0244422,22640,27,Loss/l_ce,0.01932525634765625
1787952195.0247662,22640,27,Loss/l_total,0.01932525634765625
1787952195.0248008,22640,27,LR,8.475903393956438e-05
1787952207.4832518,22680,27,Loss/l_ce,0.01629638671875
1787952207.4834929,22680,27,Loss/l_total,0.01629638671875
1787952207.4835167,22680,27,LR,8.475903393956438e-05
1787952221.6300683,22720,27,Loss/l_ce,0.020786285400390625
1787952221.6302867,22720,27,Loss/l_total,0.020786285400390625
1787952221.630309,22720,27,LR,8.475903393956438e-05
1787952258.9511335,22736,27,Val/dense_error,0.08568711578845978
1787952258.9513829,22736,27,Val/auc,0.5689323811527462
1787952258.9514062,22736,27,Val/pck_max,0.1
1787952258.9514244,22736,27,Val/pck_n,100.0
1787952271.084431,22760,28,Loss/l_ce,0.05434417724609375
1787952271.0847418,22760,28,Loss/l_total,0.05434417724609375
1787952271.0847716,22760,28,LR,8.368407953869108e-05
1787952284.6023486,22800,28,Loss/l_ce,0.014936685562133789
1787952284.6025407,22800,28,Loss/l_total,0.014936685562133789
1787952284.602567,22800,28,LR,8.368407953869108e-05
1787952298.6233394,22840,28,Loss/l_ce,0.02016305923461914
1787952298.6236353,22840,28,Loss/l_total,0.02016305923461914
1787952298.6236613,22840,28,LR,8.368407953869108e-05
1787952311.8441262,22880,28,Loss/l_ce,0.02456521987915039
1787952311.8444052,22880,28,Loss/l_total,0.02456521987915039
1787952311.8444326,22880,28,LR,8.368407953869108e-05
1787952327.6360807,22920,28,Loss/l_ce,0.01621270179748535
1787952327.6363144,22920,28,Loss/l_total,0.01621270179748535
1787952327.6363382,22920,28,LR,8.368407953869108e-05
1787952339.9570115,22960,28,Loss/l_ce,0.016195297241210938
1787952339.957262,22960,28,Loss/l_total,0.016195297241210938
1787952339.9572868,22960,28,LR,8.368407953869108e-05
1787952354.0813558,23000,28,Loss/l_ce,0.05693864822387695
1787952354.0818021,23000,28,Loss/l_total,0.05693864822387695
1787952354.081846,23000,28,LR,8.368407953869108e-05
1787952371.50061,23040,28,Loss/l_ce,0.04483199119567871
1787952371.5008345,23040,28,Loss/l_total,0.04483199119567871
1787952371.5008595,23040,28,LR,8.368407953869108e-05
1787952387.0728288,23080,28,Loss/l_ce,0.023416757583618164
1787952387.0731838,23080,28,Loss/l_total,0.023416757583618164
1787952387.0732112,23080,28,LR,8.368407953869108e-05
1787952400.1154244,23120,28,Loss/l_ce,0.022787809371948242
1787952400.1156,23120,28,Loss/l_total,0.022787809371948242
1787952400.1156251,23120,28,LR,8.368407953869108e-05
1787952415.533222,23160,28,Loss/l_ce,0.015687942504882812
1787952415.5335662,23160,28,Loss/l_total,0.015687942504882812
1787952415.533597,23160,28,LR,8.368407953869108e-05
1787952428.169695,23200,28,Loss/l_ce,0.027185440063476562
1787952428.170139,23200,28,Loss/l_total,0.027185440063476562
1787952428.1701689,23200,28,LR,8.368407953869108e-05
1787952442.1323245,23240,28,Loss/l_ce,0.020178794860839844
1787952442.132664,23240,28,Loss/l_total,0.020178794860839844
1787952442.1326938,23240,28,LR,8.368407953869108e-05
1787952456.565506,23280,28,Loss/l_ce,0.029666900634765625
1787952456.5658755,23280,28,Loss/l_total,0.029666900634765625
1787952456.5659087,23280,28,LR,8.368407953869108e-05
1787952469.7267377,23320,28,Loss/l_ce,0.07351422309875488
1787952469.727069,23320,28,Loss/l_total,0.07351422309875488
1787952469.7271059,23320,28,LR,8.368407953869108e-05
1787952482.444326,23360,28,Loss/l_ce,0.11264657974243164
1787952482.444675,23360,28,Loss/l_total,0.11264657974243164
1787952482.4447,23360,28,LR,8.368407953869108e-05
1787952497.231523,23400,28,Loss/l_ce,0.02417278289794922
1787952497.2318308,23400,28,Loss/l_total,0.02417278289794922
1787952497.2318602,23400,28,LR,8.368407953869108e-05
1787952511.3472176,23440,28,Loss/l_ce,0.03572273254394531
1787952511.347448,23440,28,Loss/l_total,0.03572273254394531
1787952511.3474777,23440,28,LR,8.368407953869108e-05
1787952523.854621,23480,28,Loss/l_ce,0.018375158309936523
1787952523.8550022,23480,28,Loss/l_total,0.018375158309936523
1787952523.8550544,23480,28,LR,8.368407953869108e-05
1787952541.7523348,23520,28,Loss/l_ce,0.01781153678894043
1787952541.7526162,23520,28,Loss/l_total,0.01781153678894043
1787952541.7526448,23520,28,LR,8.368407953869108e-05
1787952580.6309707,23548,28,Val/dense_error,0.08583363145589828
1787952580.631246,23548,28,Val/auc,0.5681577279610193
1787952580.6312697,23548,28,Val/pck_max,0.1
1787952580.6312864,23548,28,Val/pck_n,100.0
1787952585.8978713,23560,29,Loss/l_ce,0.0359807014465332
1787952585.8981514,23560,29,Loss/l_total,0.0359807014465332
1787952585.8981824,23560,29,LR,8.2580817414384e-05
1787952599.7761195,23600,29,Loss/l_ce,0.053891897201538086
1787952599.7764175,23600,29,Loss/l_total,0.053891897201538086
1787952599.7764425,23600,29,LR,8.2580817414384e-05
1787952613.3770247,23640,29,Loss/l_ce,0.05518627166748047
1787952613.3773656,23640,29,Loss/l_total,0.05518627166748047
1787952613.377393,23640,29,LR,8.2580817414384e-05
1787952627.4430287,23680,29,Loss/l_ce,0.05217146873474121
1787952627.4433634,23680,29,Loss/l_total,0.05217146873474121
1787952627.443392,23680,29,LR,8.2580817414384e-05
1787952639.640135,23720,29,Loss/l_ce,0.02238941192626953
1787952639.6404617,23720,29,Loss/l_total,0.02238941192626953
1787952639.6404865,23720,29,LR,8.2580817414384e-05
1787952653.0928764,23760,29,Loss/l_ce,0.017289161682128906
1787952653.0931365,23760,29,Loss/l_total,0.017289161682128906
1787952653.0931628,23760,29,LR,8.2580817414384e-05
1787952665.136349,23800,29,Loss/l_ce,0.05889701843261719
1787952665.136571,23800,29,Loss/l_total,0.05889701843261719
1787952665.1365983,23800,29,LR,8.2580817414384e-05
1787952677.9667804,23840,29,Loss/l_ce,0.02803802490234375
1787952677.9671261,23840,29,Loss/l_total,0.02803802490234375
1787952677.967158,23840,29,LR,8.2580817414384e-05
1787952689.559,23880,29,Loss/l_ce,0.11500954627990723
1787952689.5593565,23880,29,Loss/l_total,0.11500954627990723
1787952689.5593908,23880,29,LR,8.2580817414384e-05
1787952702.1262114,23920,29,Loss/l_ce,0.07807755470275879
1787952702.1264322,23920,29,Loss/l_total,0.07807755470275879
1787952702.1264594,23920,29,LR,8.2580817414384e-05
1787952716.9375472,23960,29,Loss/l_ce,0.02513885498046875
1787952716.9378498,23960,29,Loss/l_total,0.02513885498046875
1787952716.937902,23960,29,LR,8.2580817414384e-05
1787952730.5248866,24000,29,Loss/l_ce,0.023327350616455078
1787952730.5251975,24000,29,Loss/l_total,0.023327350616455078
1787952730.5252264,24000,29,LR,8.2580817414384e-05
1787952743.988269,24040,29,Loss/l_ce,0.02571558952331543
1787952743.9884365,24040,29,Loss/l_total,0.02571558952331543
1787952743.9884639,24040,29,LR,8.2580817414384e-05
1787952762.971543,24080,29,Loss/l_ce,0.1065528392791748
1787952762.9717069,24080,29,Loss/l_total,0.1065528392791748
1787952762.9717295,24080,29,LR,8.2580817414384e-05
1787952783.6589634,24120,29,Loss/l_ce,0.017087936401367188
1787952783.659322,24120,29,Loss/l_total,0.017087936401367188
1787952783.6593492,24120,29,LR,8.2580817414384e-05
1787952796.0542934,24160,29,Loss/l_ce,0.02844977378845215
1787952796.0545785,24160,29,Loss/l_total,0.02844977378845215
1787952796.0546033,24160,29,LR,8.2580817414384e-05
1787952816.811229,24200,29,Loss/l_ce,0.17230486869812012
1787952816.8115034,24200,29,Loss/l_total,0.17230486869812012
1787952816.811527,24200,29,LR,8.2580817414384e-05
1787952830.5504894,24240,29,Loss/l_ce,0.016042232513427734
1787952830.5508323,24240,29,Loss/l_total,0.016042232513427734
1787952830.5508597,24240,29,LR,8.2580817414384e-05
1787952847.136092,24280,29,Loss/l_ce,0.02564716339111328
1787952847.1363637,24280,29,Loss/l_total,0.02564716339111328
1787952847.1363864,24280,29,LR,8.2580817414384e-05
1787952865.431584,24320,29,Loss/l_ce,0.03339815139770508
1787952865.4319863,24320,29,Loss/l_total,0.03339815139770508
1787952865.4320197,24320,29,LR,8.2580817414384e-05
1787952882.6934352,24360,29,Loss/l_ce,0.014859676361083984
1787952882.6936178,24360,29,Loss/l_total,0.014859676361083984
1787952882.6936393,24360,29,LR,8.2580817414384e-05
1787952915.9157495,24360,29,Val/dense_error,0.09290426969528198
1787952915.916049,24360,29,Val/auc,0.5719722942980849
1787952915.916076,24360,29,Val/pck_max,0.1
1787952915.9160926,24360,29,Val/pck_n,100.0
1787952936.6011512,24400,30,Loss/l_ce,0.02167487144470215
1787952936.6014717,24400,30,Loss/l_total,0.02167487144470215
1787952936.601492,24400,30,LR,8.145033635316135e-05
1787952951.3015203,24440,30,Loss/l_ce,0.018198013305664062
1787952951.30181,24440,30,Loss/l_total,0.018198013305664062
1787952951.3018324,24440,30,LR,8.145033635316135e-05
1787952965.3870955,24480,30,Loss/l_ce,0.033225059509277344
1787952965.3874173,24480,30,Loss/l_total,0.033225059509277344
1787952965.3874445,24480,30,LR,8.145033635316135e-05
1787952982.7816699,24520,30,Loss/l_ce,0.025786161422729492
1787952982.7819452,24520,30,Loss/l_total,0.025786161422729492
1787952982.781969,24520,30,LR,8.145033635316135e-05
1787952999.758753,24560,30,Loss/l_ce,0.055062294006347656
1787952999.759063,24560,30,Loss/l_total,0.055062294006347656
1787952999.7590868,24560,30,LR,8.145033635316135e-05
1787953015.6639795,24600,30,Loss/l_ce,0.016762256622314453
1787953015.6643095,24600,30,Loss/l_total,0.016762256622314453
1787953015.6643357,24600,30,LR,8.145033635316135e-05
1787953032.7125304,24640,30,Loss/l_ce,0.04385638236999512
1787953032.7127595,24640,30,Loss/l_total,0.04385638236999512
1787953032.7127807,24640,30,LR,8.145033635316135e-05
1787953048.3654814,24680,30,Loss/l_ce,0.02220916748046875
1787953048.3657308,24680,30,Loss/l_total,0.02220916748046875
1787953048.3657534,24680,30,LR,8.145033635316135e-05
1787953065.5767808,24720,30,Loss/l_ce,0.04458475112915039
1787953065.577087,24720,30,Loss/l_total,0.04458475112915039
1787953065.5771167,24720,30,LR,8.145033635316135e-05
1787953083.2803004,24760,30,Loss/l_ce,0.03918027877807617
1787953083.2805839,24760,30,Loss/l_total,0.03918027877807617
1787953083.2806113,24760,30,LR,8.145033635316135e-05
1787953101.399266,24800,30,Loss/l_ce,0.011832714080810547
1787953101.3995285,24800,30,Loss/l_total,0.011832714080810547
1787953101.399556,24800,30,LR,8.145033635316135e-05
1787953115.956849,24840,30,Loss/l_ce,0.018855810165405273
1787953115.9570937,24840,30,Loss/l_total,0.018855810165405273
1787953115.957126,24840,30,LR,8.145033635316135e-05
1787953131.6874428,24880,30,Loss/l_ce,0.017343759536743164
1787953131.6876376,24880,30,Loss/l_total,0.017343759536743164
1787953131.6876624,24880,30,LR,8.145033635316135e-05
1787953145.8658414,24920,30,Loss/l_ce,0.040196895599365234
1787953145.8660645,24920,30,Loss/l_total,0.040196895599365234
1787953145.8660932,24920,30,LR,8.145033635316135e-05
1787953158.3714728,24960,30,Loss/l_ce,0.03789544105529785
1787953158.371683,24960,30,Loss/l_total,0.03789544105529785
1787953158.371708,24960,30,LR,8.145033635316135e-05
1787953173.4014287,25000,30,Loss/l_ce,0.027498245239257812
1787953173.4022408,25000,30,Loss/l_total,0.027498245239257812
1787953173.4022741,25000,30,LR,8.145033635316135e-05
1787953188.5711832,25040,30,Loss/l_ce,0.029088497161865234
1787953188.5717258,25040,30,Loss/l_total,0.029088497161865234
1787953188.571759,25040,30,LR,8.145033635316135e-05
1787953203.6516743,25080,30,Loss/l_ce,0.14870119094848633
1787953203.6519403,25080,30,Loss/l_total,0.14870119094848633
1787953203.6519642,25080,30,LR,8.145033635316135e-05
1787953220.2385979,25120,30,Loss/l_ce,0.059088945388793945
1787953220.2389174,25120,30,Loss/l_total,0.059088945388793945
1787953220.2389472,25120,30,LR,8.145033635316135e-05
1787953234.8157194,25160,30,Loss/l_ce,0.15695977210998535
1787953234.8160021,25160,30,Loss/l_total,0.15695977210998535
1787953234.81606,25160,30,LR,8.145033635316135e-05
1787953285.2361,25172,30,Val/dense_error,0.0859573483467102
1787953285.236419,25172,30,Val/auc,0.577434540831301
1787953285.2364428,25172,30,Val/pck_max,0.1
1787953285.2364607,25172,30,Val/pck_n,100.0
1787953296.541331,25200,31,Loss/l_ce,0.017637252807617188
1787953296.5415235,25200,31,Loss/l_total,0.017637252807617188
1787953296.5415483,25200,31,LR,8.029375200334593e-05
1787953312.0721738,25240,31,Loss/l_ce,0.032483816146850586
1787953312.0725787,25240,31,Loss/l_total,0.032483816146850586
1787953312.0726082,25240,31,LR,8.029375200334593e-05
1787953325.4380596,25280,31,Loss/l_ce,0.01622152328491211
1787953325.43838,25280,31,Loss/l_total,0.01622152328491211
1787953325.4384062,25280,31,LR,8.029375200334593e-05
1787953340.7738354,25320,31,Loss/l_ce,0.03659224510192871
1787953340.7741585,25320,31,Loss/l_total,0.03659224510192871
1787953340.7741847,25320,31,LR,8.029375200334593e-05
1787953353.3672707,25360,31,Loss/l_ce,0.020797252655029297
1787953353.3675961,25360,31,Loss/l_total,0.020797252655029297
1787953353.3676221,25360,31,LR,8.029375200334593e-05
1787953368.0721765,25400,31,Loss/l_ce,0.10509991645812988
1787953368.072484,25400,31,Loss/l_total,0.10509991645812988
1787953368.0725088,25400,31,LR,8.029375200334593e-05
1787953385.8315582,25440,31,Loss/l_ce,0.025465726852416992
1787953385.8318062,25440,31,Loss/l_total,0.025465726852416992
1787953385.83183,25440,31,LR,8.029375200334593e-05
1787953402.3452382,25480,31,Loss/l_ce,0.18292856216430664
1787953402.3455055,25480,31,Loss/l_total,0.18292856216430664
1787953402.3455303,25480,31,LR,8.029375200334593e-05
1787953421.472272,25520,31,Loss/l_ce,0.016674041748046875
1787953421.4725127,25520,31,Loss/l_total,0.016674041748046875
1787953421.4725401,25520,31,LR,8.029375200334593e-05
1787953435.123416,25560,31,Loss/l_ce,0.07920551300048828
1787953435.123656,25560,31,Loss/l_total,0.07920551300048828
1787953435.123682,25560,31,LR,8.029375200334593e-05
1787953451.5125933,25600,31,Loss/l_ce,0.02840566635131836
1787953451.512891,25600,31,Loss/l_total,0.02840566635131836
1787953451.5129163,25600,31,LR,8.029375200334593e-05
1787953471.0045848,25640,31,Loss/l_ce,0.03222036361694336
1787953471.0048232,25640,31,Loss/l_total,0.03222036361694336
1787953471.0048468,25640,31,LR,8.029375200334593e-05
1787953485.9602368,25680,31,Loss/l_ce,0.02122807502746582
1787953485.9604268,25680,31,Loss/l_total,0.02122807502746582
1787953485.9604492,25680,31,LR,8.029375200334593e-05
1787953502.5335557,25720,31,Loss/l_ce,0.10688400268554688
1787953502.5337813,25720,31,Loss/l_total,0.10688400268554688
1787953502.5338073,25720,31,LR,8.029375200334593e-05
1787953517.4361017,25760,31,Loss/l_ce,0.028843164443969727
1787953517.436301,25760,31,Loss/l_total,0.028843164443969727
1787953517.4363282,25760,31,LR,8.029375200334593e-05
1787953531.0148048,25800,31,Loss/l_ce,0.030151844024658203
1787953531.0150054,25800,31,Loss/l_total,0.030151844024658203
1787953531.0150292,25800,31,LR,8.029375200334593e-05
1787953551.075199,25840,31,Loss/l_ce,0.02013850212097168
1787953551.0765061,25840,31,Loss/l_total,0.02013850212097168
1787953551.0765357,25840,31,LR,8.029375200334593e-05
1787953571.9912667,25880,31,Loss/l_ce,0.028936386108398438
1787953571.9927282,25880,31,Loss/l_total,0.028936386108398438
1787953571.992758,25880,31,LR,8.029375200334593e-05
1787953589.4307637,25920,31,Loss/l_ce,0.20906829833984375
1787953589.431386,25920,31,Loss/l_total,0.20906829833984375
1787953589.431424,25920,31,LR,8.029375200334593e-05
1787953606.2839758,25960,31,Loss/l_ce,0.06816911697387695
1787953606.284355,25960,31,Loss/l_total,0.06816911697387695
1787953606.284381,25960,31,LR,8.029375200334593e-05
1787953650.0027487,25984,31,Val/dense_error,0.09140125662088394
1787953650.0031047,25984,31,Val/auc,0.5703786385324056
1787953650.0031345,25984,31,Val/pck_max,0.1
1787953650.0031524,25984,31,Val/pck_n,100.0
1787953661.9684887,26000,32,Loss/l_ce,0.019081830978393555
1787953661.9687858,26000,32,Loss/l_total,0.019081830978393555
1787953661.968807,26000,32,LR,7.91122057740549e-05
1787953678.0188222,26040,32,Loss/l_ce,0.04349827766418457
1787953678.0191214,26040,32,Loss/l_total,0.04349827766418457
1787953678.0191453,26040,32,LR,7.91122057740549e-05
1787953699.2045643,26080,32,Loss/l_ce,0.021466493606567383
1787953699.2048752,26080,32,Loss/l_total,0.021466493606567383
1787953699.2049003,26080,32,LR,7.91122057740549e-05
1787953719.6688392,26120,32,Loss/l_ce,0.03513193130493164
1787953719.6691918,26120,32,Loss/l_total,0.03513193130493164
1787953719.6692429,26120,32,LR,7.91122057740549e-05
1787953736.2552843,26160,32,Loss/l_ce,0.04335355758666992
1787953736.255632,26160,32,Loss/l_total,0.04335355758666992
1787953736.2556615,26160,32,LR,7.91122057740549e-05
1787953752.2343729,26200,32,Loss/l_ce,0.06355857849121094
1787953752.2346103,26200,32,Loss/l_total,0.06355857849121094
1787953752.234633,26200,32,LR,7.91122057740549e-05
1787953768.133064,26240,32,Loss/l_ce,0.01752495765686035
1787953768.133349,26240,32,Loss/l_total,0.01752495765686035
1787953768.1336563,26240,32,LR,7.91122057740549e-05
1787953782.1050987,26280,32,Loss/l_ce,0.0917510986328125
1787953782.106273,26280,32,Loss/l_total,0.0917510986328125
1787953782.1063108,26280,32,LR,7.91122057740549e-05
1787953797.0597625,26320,32,Loss/l_ce,0.024312257766723633
1787953797.060088,26320,32,Loss/l_total,0.024312257766723633
1787953797.0601199,26320,32,LR,7.91122057740549e-05
1787953815.4191957,26360,32,Loss/l_ce,0.06928610801696777
1787953815.4194963,26360,32,Loss/l_total,0.06928610801696777
1787953815.4195197,26360,32,LR,7.91122057740549e-05
1787953831.3997192,26400,32,Loss/l_ce,0.05617785453796387
1787953831.3999767,26400,32,Loss/l_total,0.05617785453796387
1787953831.4000077,26400,32,LR,7.91122057740549e-05
1787953846.8031223,26440,32,Loss/l_ce,0.03289031982421875
1787953846.8036187,26440,32,Loss/l_total,0.03289031982421875
1787953846.8036456,26440,32,LR,7.91122057740549e-05
1787953861.134683,26480,32,Loss/l_ce,0.016366958618164062
1787953861.1348705,26480,32,Loss/l_total,0.016366958618164062
1787953861.134893,26480,32,LR,7.91122057740549e-05
1787953877.521742,26520,32,Loss/l_ce,0.019151687622070312
1787953877.5219545,26520,32,Loss/l_total,0.019151687622070312
1787953877.5219758,26520,32,LR,7.91122057740549e-05
1787953891.923624,26560,32,Loss/l_ce,0.029776811599731445
1787953891.9238117,26560,32,Loss/l_total,0.029776811599731445
1787953891.9238427,26560,32,LR,7.91122057740549e-05
1787953907.2102437,26600,32,Loss/l_ce,0.019195079803466797
1787953907.210411,26600,32,Loss/l_total,0.019195079803466797
1787953907.2104347,26600,32,LR,7.91122057740549e-05
1787953923.2059257,26640,32,Loss/l_ce,0.03381943702697754
1787953923.2061782,26640,32,Loss/l_total,0.03381943702697754
1787953923.206208,26640,32,LR,7.91122057740549e-05
1787953940.6992495,26680,32,Loss/l_ce,0.03985738754272461
1787953940.6994336,26680,32,Loss/l_total,0.03985738754272461
1787953940.6994584,26680,32,LR,7.91122057740549e-05
1787953954.918644,26720,32,Loss/l_ce,0.023420095443725586
1787953954.9188542,26720,32,Loss/l_total,0.023420095443725586
1787953954.9188778,26720,32,LR,7.91122057740549e-05
1787953971.360795,26760,32,Loss/l_ce,0.021132469177246094
1787953971.3609865,26760,32,Loss/l_total,0.021132469177246094
1787953971.36101,26760,32,LR,7.91122057740549e-05
1787954020.391358,26796,32,Val/dense_error,0.08362502604722977
1787954020.391841,26796,32,Val/auc,0.5720631358584559
1787954020.3918731,26796,32,Val/pck_max,0.1
1787954020.3919206,26796,32,Val/pck_n,100.0
1787954024.2379303,26800,33,Loss/l_ce,0.010943889617919922
1787954024.2382736,26800,33,Loss/l_total,0.010943889617919922
1787954024.238302,26800,33,LR,7.790686370876676e-05
1787954034.6926014,26840,33,Loss/l_ce,0.08159303665161133
1787954034.6929185,26840,33,Loss/l_total,0.08159303665161133
1787954034.6929457,26840,33,LR,7.790686370876676e-05
1787954050.527767,26880,33,Loss/l_ce,0.04042553901672363
1787954050.5280178,26880,33,Loss/l_total,0.04042553901672363
1787954050.528078,26880,33,LR,7.790686370876676e-05
1787954069.3522775,26920,33,Loss/l_ce,0.01671433448791504
1787954069.352552,26920,33,Loss/l_total,0.01671433448791504
1787954069.3525743,26920,33,LR,7.790686370876676e-05
1787954084.3863344,26960,33,Loss/l_ce,0.03131818771362305
1787954084.3865576,26960,33,Loss/l_total,0.03131818771362305
1787954084.386585,26960,33,LR,7.790686370876676e-05
1787954104.000303,27000,33,Loss/l_ce,0.03088212013244629
1787954104.0005915,27000,33,Loss/l_total,0.03088212013244629
1787954104.0006201,27000,33,LR,7.790686370876676e-05
1787954122.5530257,27040,33,Loss/l_ce,0.030111312866210938
1787954122.553439,27040,33,Loss/l_total,0.030111312866210938
1787954122.553471,27040,33,LR,7.790686370876676e-05
1787954136.183329,27080,33,Loss/l_ce,0.015640735626220703
1787954136.1835816,27080,33,Loss/l_total,0.015640735626220703
1787954136.183614,27080,33,LR,7.790686370876676e-05
1787954151.307883,27120,33,Loss/l_ce,0.03359842300415039
1787954151.3080835,27120,33,Loss/l_total,0.03359842300415039
1787954151.3081098,27120,33,LR,7.790686370876676e-05
1787954166.8838441,27160,33,Loss/l_ce,0.030252456665039062
1787954166.8841205,27160,33,Loss/l_total,0.030252456665039062
1787954166.8841457,27160,33,LR,7.790686370876676e-05
1787954183.188605,27200,33,Loss/l_ce,0.018401145935058594
1787954183.1887631,27200,33,Loss/l_total,0.018401145935058594
1787954183.188787,27200,33,LR,7.790686370876676e-05
1787954196.9887073,27240,33,Loss/l_ce,0.021454334259033203
1787954196.9889092,27240,33,Loss/l_total,0.021454334259033203
1787954196.9889376,27240,33,LR,7.790686370876676e-05
1787954214.4425035,27280,33,Loss/l_ce,0.03578829765319824
1787954214.442711,27280,33,Loss/l_total,0.03578829765319824
1787954214.4427385,27280,33,LR,7.790686370876676e-05
1787954230.1263533,27320,33,Loss/l_ce,0.043535470962524414
1787954230.1265085,27320,33,Loss/l_total,0.043535470962524414
1787954230.1265323,27320,33,LR,7.790686370876676e-05
1787954245.2938673,27360,33,Loss/l_ce,0.016999006271362305
1787954245.294055,27360,33,Loss/l_total,0.016999006271362305
1787954245.2940822,27360,33,LR,7.790686370876676e-05
1787954257.736778,27400,33,Loss/l_ce,0.10260367393493652
1787954257.736969,27400,33,Loss/l_total,0.10260367393493652
1787954257.7369964,27400,33,LR,7.790686370876676e-05
1787954275.7046595,27440,33,Loss/l_ce,0.05592513084411621
1787954275.7063906,27440,33,Loss/l_total,0.05592513084411621
1787954275.7064166,27440,33,LR,7.790686370876676e-05
1787954295.6003458,27480,33,Loss/l_ce,0.0399777889251709
1787954295.6005833,27480,33,Loss/l_total,0.0399777889251709
1787954295.6006095,27480,33,LR,7.790686370876676e-05
1787954311.874367,27520,33,Loss/l_ce,0.0169680118560791
1787954311.8745358,27520,33,Loss/l_total,0.0169680118560791
1787954311.8745592,27520,33,LR,7.790686370876676e-05
1787954326.109786,27560,33,Loss/l_ce,0.02585768699645996
1787954326.109976,27560,33,Loss/l_total,0.02585768699645996
1787954326.1099987,27560,33,LR,7.790686370876676e-05
1787954338.9096236,27600,33,Loss/l_ce,0.037982940673828125
1787954338.909823,27600,33,Loss/l_total,0.037982940673828125
1787954338.9098492,27600,33,LR,7.790686370876676e-05
1787954373.572776,27608,33,Val/dense_error,0.0902847945690155
1787954373.5731182,27608,33,Val/auc,0.5735528984886146
1787954373.5731454,27608,33,Val/pck_max,0.1
1787954373.5731633,27608,33,Val/pck_n,100.0
1787954391.5293632,27640,34,Loss/l_ce,0.043184757232666016
1787954391.5296674,27640,34,Loss/l_total,0.043184757232666016
1787954391.5296946,27640,34,LR,7.667891533457723e-05
1787954406.211996,27680,34,Loss/l_ce,0.042138099670410156
1787954406.21235,27680,34,Loss/l_total,0.042138099670410156
1787954406.2123866,27680,34,LR,7.667891533457723e-05
1787954419.321882,27720,34,Loss/l_ce,0.07084512710571289
1787954419.3221788,27720,34,Loss/l_total,0.07084512710571289
1787954419.3222072,27720,34,LR,7.667891533457723e-05
1787954436.0505397,27760,34,Loss/l_ce,0.078887939453125
1787954436.050808,27760,34,Loss/l_total,0.078887939453125
1787954436.0508318,27760,34,LR,7.667891533457723e-05
1787954455.1969204,27800,34,Loss/l_ce,0.032624244689941406
1787954455.1972482,27800,34,Loss/l_total,0.032624244689941406
1787954455.1972754,27800,34,LR,7.667891533457723e-05
1787954471.9969704,27840,34,Loss/l_ce,0.017783164978027344
1787954471.997291,27840,34,Loss/l_total,0.017783164978027344
1787954471.997317,27840,34,LR,7.667891533457723e-05
1787954485.3951764,27880,34,Loss/l_ce,0.04741525650024414
1787954485.3953831,27880,34,Loss/l_total,0.04741525650024414
1787954485.39541,27880,34,LR,7.667891533457723e-05
1787954499.9687595,27920,34,Loss/l_ce,0.061907291412353516
1787954499.9691572,27920,34,Loss/l_total,0.061907291412353516
1787954499.9691918,27920,34,LR,7.667891533457723e-05
1787954514.4864173,27960,34,Loss/l_ce,0.02332901954650879
1787954514.4865859,27960,34,Loss/l_total,0.02332901954650879
1787954514.4866083,27960,34,LR,7.667891533457723e-05
1787954532.2713795,28000,34,Loss/l_ce,0.01615595817565918
1787954532.271598,28000,34,Loss/l_total,0.01615595817565918
1787954532.2716253,28000,34,LR,7.667891533457723e-05
1787954548.3727784,28040,34,Loss/l_ce,0.0230712890625
1787954548.3729448,28040,34,Loss/l_total,0.0230712890625
1787954548.3729696,28040,34,LR,7.667891533457723e-05
1787954565.2202647,28080,34,Loss/l_ce,0.018170595169067383
1787954565.220424,28080,34,Loss/l_total,0.018170595169067383
1787954565.2204463,28080,34,LR,7.667891533457723e-05
1787954577.4040897,28120,34,Loss/l_ce,0.026003599166870117
1787954577.404307,28120,34,Loss/l_total,0.026003599166870117
1787954577.404334,28120,34,LR,7.667891533457723e-05
1787954589.7061906,28160,34,Loss/l_ce,0.016150712966918945
1787954589.706402,28160,34,Loss/l_total,0.016150712966918945
1787954589.7064269,28160,34,LR,7.667891533457723e-05
1787954605.760181,28200,34,Loss/l_ce,0.12549853324890137
1787954605.7603602,28200,34,Loss/l_total,0.12549853324890137
1787954605.7603862,28200,34,LR,7.667891533457723e-05
1787954621.438667,28240,34,Loss/l_ce,0.03220629692077637
1787954621.438846,28240,34,Loss/l_total,0.03220629692077637
1787954621.4388735,28240,34,LR,7.667891533457723e-05
1787954636.1312044,28280,34,Loss/l_ce,0.027051925659179688
1787954636.1314359,28280,34,Loss/l_total,0.027051925659179688
1787954636.1314595,28280,34,LR,7.667891533457723e-05
1787954651.2929497,28320,34,Loss/l_ce,0.018785715103149414
1787954651.2931955,28320,34,Loss/l_total,0.018785715103149414
1787954651.2932217,28320,34,LR,7.667891533457723e-05
1787954665.2386718,28360,34,Loss/l_ce,0.04003500938415527
1787954665.2388952,28360,34,Loss/l_total,0.04003500938415527
1787954665.238919,28360,34,LR,7.667891533457723e-05
1787954682.8005235,28400,34,Loss/l_ce,0.053458213806152344
1787954682.8007464,28400,34,Loss/l_total,0.053458213806152344
1787954682.8007739,28400,34,LR,7.667891533457723e-05
1787954723.7622747,28420,34,Val/dense_error,0.08747520297765732
1787954723.7625623,28420,34,Val/auc,0.5721656004633634
1787954723.762586,28420,34,Val/pck_max,0.1
1787954723.7626026,28420,34,Val/pck_n,100.0
1787954733.7243524,28440,35,Loss/l_ce,0.038054466247558594
1787954733.7246015,28440,35,Loss/l_total,0.038054466247558594
1787954733.7246277,28440,35,LR,7.542957248827965e-05
1787954749.6504002,28480,35,Loss/l_ce,0.01961207389831543
1787954749.6506138,28480,35,Loss/l_total,0.01961207389831543
1787954749.6506398,28480,35,LR,7.542957248827965e-05
1787954768.9146845,28520,35,Loss/l_ce,0.0518498420715332
1787954768.9148493,28520,35,Loss/l_total,0.0518498420715332
1787954768.9148731,28520,35,LR,7.542957248827965e-05
1787954783.4899383,28560,35,Loss/l_ce,0.08762884140014648
1787954783.4901924,28560,35,Loss/l_total,0.08762884140014648
1787954783.4902256,28560,35,LR,7.542957248827965e-05
1787954799.4758267,28600,35,Loss/l_ce,0.01652812957763672
1787954799.4760642,28600,35,Loss/l_total,0.01652812957763672
1787954799.476094,28600,35,LR,7.542957248827965e-05
1787954817.2039526,28640,35,Loss/l_ce,0.01483011245727539
1787954817.2041426,28640,35,Loss/l_total,0.01483011245727539
1787954817.2041676,28640,35,LR,7.542957248827965e-05
1787954834.6561332,28680,35,Loss/l_ce,0.02371048927307129
1787954834.6563456,28680,35,Loss/l_total,0.02371048927307129
1787954834.6563694,28680,35,LR,7.542957248827965e-05
1787954853.3272476,28720,35,Loss/l_ce,0.016826629638671875
1787954853.3275492,28720,35,Loss/l_total,0.016826629638671875
1787954853.3275838,28720,35,LR,7.542957248827965e-05
1787954871.9471333,28760,35,Loss/l_ce,0.019434452056884766
1787954871.9474335,28760,35,Loss/l_total,0.019434452056884766
1787954871.9474716,28760,35,LR,7.542957248827965e-05
1787954886.818379,28800,35,Loss/l_ce,0.0195772647857666
1787954886.8186095,28800,35,Loss/l_total,0.0195772647857666
1787954886.8186593,28800,35,LR,7.542957248827965e-05
1787954904.9378157,28840,35,Loss/l_ce,0.024565458297729492
1787954904.9380603,28840,35,Loss/l_total,0.024565458297729492
1787954904.9380972,28840,35,LR,7.542957248827965e-05
1787954921.1509259,28880,35,Loss/l_ce,0.01708364486694336
1787954921.1511726,28880,35,Loss/l_total,0.01708364486694336
1787954921.1512,28880,35,LR,7.542957248827965e-05
1787954940.1259444,28920,35,Loss/l_ce,0.01608586311340332
1787954940.1261523,28920,35,Loss/l_total,0.01608586311340332
1787954940.1261797,28920,35,LR,7.542957248827965e-05
1787954957.332127,28960,35,Loss/l_ce,0.02911090850830078
1787954957.3322885,28960,35,Loss/l_total,0.02911090850830078
1787954957.3323123,28960,35,LR,7.542957248827965e-05
1787954973.78443,29000,35,Loss/l_ce,0.015590429306030273
1787954973.7846496,29000,35,Loss/l_total,0.015590429306030273
1787954973.7846735,29000,35,LR,7.542957248827965e-05
1787954992.4041266,29040,35,Loss/l_ce,0.029222965240478516
1787954992.404375,29040,35,Loss/l_total,0.029222965240478516
1787954992.404401,29040,35,LR,7.542957248827965e-05
1787955009.3934813,29080,35,Loss/l_ce,0.0784456729888916
1787955009.393728,29080,35,Loss/l_total,0.0784456729888916
1787955009.3937519,29080,35,LR,7.542957248827965e-05
1787955025.319076,29120,35,Loss/l_ce,0.020298242568969727
1787955025.3193715,29120,35,Loss/l_total,0.020298242568969727
1787955025.3193953,29120,35,LR,7.542957248827965e-05
1787955041.8885567,29160,35,Loss/l_ce,0.013930320739746094
1787955041.8889368,29160,35,Loss/l_total,0.013930320739746094
1787955041.8889663,29160,35,LR,7.542957248827965e-05
1787955056.555693,29200,35,Loss/l_ce,0.06482553482055664
1787955056.5558496,29200,35,Loss/l_total,0.06482553482055664
1787955056.5558755,29200,35,LR,7.542957248827965e-05
1787955097.6206195,29232,35,Val/dense_error,0.08646638691425323
1787955097.620883,29232,35,Val/auc,0.5779369940079634
1787955097.620908,29232,35,Val/pck_max,0.1
1787955097.6209567,29232,35,Val/pck_n,100.0
1787955102.450136,29240,36,Loss/l_ce,0.05258798599243164
1787955102.4503593,29240,36,Loss/l_total,0.05258798599243164
1787955102.450389,29240,36,LR,7.416006812042832e-05
1787955115.037201,29280,36,Loss/l_ce,0.016505718231201172
1787955115.0373611,29280,36,Loss/l_total,0.016505718231201172
1787955115.0373874,29280,36,LR,7.416006812042832e-05
1787955133.1592662,29320,36,Loss/l_ce,0.018952608108520508
1787955133.1595206,29320,36,Loss/l_total,0.018952608108520508
1787955133.1595454,29320,36,LR,7.416006812042832e-05
1787955148.5332968,29360,36,Loss/l_ce,0.03108525276184082
1787955148.533463,29360,36,Loss/l_total,0.03108525276184082
1787955148.5334868,29360,36,LR,7.416006812042832e-05
1787955160.5557637,29400,36,Loss/l_ce,0.016895055770874023
1787955160.5559406,29400,36,Loss/l_total,0.016895055770874023
1787955160.5559645,29400,36,LR,7.416006812042832e-05
1787955173.2875795,29440,36,Loss/l_ce,0.017816543579101562
1787955173.287816,29440,36,Loss/l_total,0.017816543579101562
1787955173.2878633,29440,36,LR,7.416006812042832e-05
1787955189.557076,29480,36,Loss/l_ce,0.02101922035217285
1787955189.5573099,29480,36,Loss/l_total,0.02101922035217285
1787955189.5573385,29480,36,LR,7.416006812042832e-05
1787955202.598647,29520,36,Loss/l_ce,0.02214837074279785
1787955202.5988488,29520,36,Loss/l_total,0.02214837074279785
1787955202.5988727,29520,36,LR,7.416006812042832e-05
1787955215.3968916,29560,36,Loss/l_ce,0.01312565803527832
1787955215.3974235,29560,36,Loss/l_total,0.01312565803527832
1787955215.397452,29560,36,LR,7.416006812042832e-05
1787955229.0599077,29600,36,Loss/l_ce,0.07596111297607422
1787955229.0602744,29600,36,Loss/l_total,0.07596111297607422
1787955229.0603042,29600,36,LR,7.416006812042832e-05
1787955241.9514081,29640,36,Loss/l_ce,0.021859169006347656
1787955241.9580903,29640,36,Loss/l_total,0.021859169006347656
1787955241.9581356,29640,36,LR,7.416006812042832e-05
1787955254.2577307,29680,36,Loss/l_ce,0.02361154556274414
1787955254.2585442,29680,36,Loss/l_total,0.02361154556274414
1787955254.258588,29680,36,LR,7.416006812042832e-05
1787955268.8256648,29720,36,Loss/l_ce,0.03109574317932129
1787955268.8261564,29720,36,Loss/l_total,0.03109574317932129
1787955268.8261838,29720,36,LR,7.416006812042832e-05
1787955281.2545462,29760,36,Loss/l_ce,0.04465508460998535
1787955281.25497,29760,36,Loss/l_total,0.04465508460998535
1787955281.2549996,29760,36,LR,7.416006812042832e-05
1787955295.563175,29800,36,Loss/l_ce,0.014328718185424805
1787955295.5634122,29800,36,Loss/l_total,0.014328718185424805
1787955295.563436,29800,36,LR,7.416006812042832e-05
1787955310.1185396,29840,36,Loss/l_ce,0.15476202964782715
1787955310.1187994,29840,36,Loss/l_total,0.15476202964782715
1787955310.1188304,29840,36,LR,7.416006812042832e-05
1787955326.0111914,29880,36,Loss/l_ce,0.01964735984802246
1787955326.0205615,29880,36,Loss/l_total,0.01964735984802246
1787955326.0206234,29880,36,LR,7.416006812042832e-05
1787955344.4159017,29920,36,Loss/l_ce,0.009074211120605469
1787955344.4161916,29920,36,Loss/l_total,0.009074211120605469
1787955344.4162176,29920,36,LR,7.416006812042832e-05
1787955357.613362,29960,36,Loss/l_ce,0.09053182601928711
1787955357.6136327,29960,36,Loss/l_total,0.09053182601928711
1787955357.613658,29960,36,LR,7.416006812042832e-05
1787955372.9258103,30000,36,Loss/l_ce,0.030560731887817383
1787955372.926119,30000,36,Loss/l_total,0.030560731887817383
1787955372.926149,30000,36,LR,7.416006812042832e-05
1787955387.669526,30040,36,Loss/l_ce,0.03046584129333496
1787955387.6698349,30040,36,Loss/l_total,0.03046584129333496
1787955387.66986,30040,36,LR,7.416006812042832e-05
1787955420.8543038,30044,36,Val/dense_error,0.09621544927358627
1787955420.8546076,30044,36,Val/auc,0.5719970338509809
1787955420.8546398,30044,36,Val/pck_max,0.1
1787955420.8546705,30044,36,Val/pck_n,100.0
1787955434.4898398,30080,37,Loss/l_ce,0.025077342987060547
1787955434.4900844,30080,37,Loss/l_total,0.025077342987060547
1787955434.4901128,30080,37,LR,7.287165507856518e-05
1787955451.050209,30120,37,Loss/l_ce,0.014315128326416016
1787955451.0503814,30120,37,Loss/l_total,0.014315128326416016
1787955451.050405,30120,37,LR,7.287165507856518e-05
1787955468.98156,30160,37,Loss/l_ce,0.04183816909790039
1787955468.9817843,30160,37,Loss/l_total,0.04183816909790039
1787955468.981813,30160,37,LR,7.287165507856518e-05
1787955484.9040992,30200,37,Loss/l_ce,0.026325225830078125
1787955484.904275,30200,37,Loss/l_total,0.026325225830078125
1787955484.9043,30200,37,LR,7.287165507856518e-05
1787955499.2985878,30240,37,Loss/l_ce,0.025995492935180664
1787955499.2988539,30240,37,Loss/l_total,0.025995492935180664
1787955499.2988837,30240,37,LR,7.287165507856518e-05
1787955514.8203118,30280,37,Loss/l_ce,0.1318035125732422
1787955514.8205125,30280,37,Loss/l_total,0.1318035125732422
1787955514.8205361,30280,37,LR,7.287165507856518e-05
1787955532.699111,30320,37,Loss/l_ce,0.017189979553222656
1787955532.6992846,30320,37,Loss/l_total,0.017189979553222656
1787955532.6993093,30320,37,LR,7.287165507856518e-05
1787955547.9430022,30360,37,Loss/l_ce,0.01805424690246582
1787955547.9432204,30360,37,Loss/l_total,0.01805424690246582
1787955547.9432511,30360,37,LR,7.287165507856518e-05
1787955562.9585218,30400,37,Loss/l_ce,0.01577448844909668
1787955562.9587855,30400,37,Loss/l_total,0.01577448844909668
1787955562.958813,30400,37,LR,7.287165507856518e-05
1787955581.3391194,30440,37,Loss/l_ce,0.07144904136657715
1787955581.3393614,30440,37,Loss/l_total,0.07144904136657715
1787955581.3393865,30440,37,LR,7.287165507856518e-05
1787955592.3081262,30480,37,Loss/l_ce,0.01872563362121582
1787955592.308602,30480,37,Loss/l_total,0.01872563362121582
1787955592.3086295,30480,37,LR,7.287165507856518e-05
1787955608.4068668,30520,37,Loss/l_ce,0.01746392250061035
1787955608.4072871,30520,37,Loss/l_total,0.01746392250061035
1787955608.407314,30520,37,LR,7.287165507856518e-05
1787955622.3323789,30560,37,Loss/l_ce,0.04085969924926758
1787955622.3326232,30560,37,Loss/l_total,0.04085969924926758
1787955622.3326483,30560,37,LR,7.287165507856518e-05
1787955639.8470316,30600,37,Loss/l_ce,0.02939128875732422
1787955639.847377,30600,37,Loss/l_total,0.02939128875732422
1787955639.8474092,30600,37,LR,7.287165507856518e-05
1787955656.5085003,30640,37,Loss/l_ce,0.09315800666809082
1787955656.5087423,30640,37,Loss/l_total,0.09315800666809082
1787955656.5087767,30640,37,LR,7.287165507856518e-05
1787955673.176393,30680,37,Loss/l_ce,0.05372118949890137
1787955673.176627,30680,37,Loss/l_total,0.05372118949890137
1787955673.1766517,30680,37,LR,7.287165507856518e-05
1787955685.319674,30720,37,Loss/l_ce,0.13697552680969238
1787955685.3198736,30720,37,Loss/l_total,0.13697552680969238
1787955685.3199043,30720,37,LR,7.287165507856518e-05
1787955700.834852,30760,37,Loss/l_ce,0.05722332000732422
1787955700.835123,30760,37,Loss/l_total,0.05722332000732422
1787955700.8351514,30760,37,LR,7.287165507856518e-05
1787955717.3369255,30800,37,Loss/l_ce,0.12691974639892578
1787955717.3373125,30800,37,Loss/l_total,0.12691974639892578
1787955717.3373399,30800,37,LR,7.287165507856518e-05
1787955730.910548,30840,37,Loss/l_ce,0.04946327209472656
1787955730.9107583,30840,37,Loss/l_total,0.04946327209472656
1787955730.9107842,30840,37,LR,7.287165507856518e-05
1787955769.3907557,30856,37,Val/dense_error,0.08548341691493988
1787955769.3910596,30856,37,Val/auc,0.5744755993984588
1787955769.3910859,30856,37,Val/pck_max,0.1
1787955769.3911142,30856,37,Val/pck_n,100.0
1787955780.8517232,30880,38,Loss/l_ce,0.014333963394165039
1787955780.8520153,30880,38,Loss/l_total,0.014333963394165039
1787955780.8520653,30880,38,LR,7.156560487081057e-05
1787955797.256147,30920,38,Loss/l_ce,0.040598154067993164
1787955797.256584,30920,38,Loss/l_total,0.040598154067993164
1787955797.2566123,30920,38,LR,7.156560487081057e-05
1787955812.4041882,30960,38,Loss/l_ce,0.02210259437561035
1787955812.404663,30960,38,Loss/l_total,0.02210259437561035
1787955812.4046962,30960,38,LR,7.156560487081057e-05
1787955829.2274227,31000,38,Loss/l_ce,0.14417028427124023
1787955829.22783,31000,38,Loss/l_total,0.14417028427124023
1787955829.2278597,31000,38,LR,7.156560487081057e-05
1787955843.2660558,31040,38,Loss/l_ce,0.010439872741699219
1787955843.2663517,31040,38,Loss/l_total,0.010439872741699219
1787955843.2663777,31040,38,LR,7.156560487081057e-05
1787955858.2300053,31080,38,Loss/l_ce,0.015342473983764648
1787955858.230295,31080,38,Loss/l_total,0.015342473983764648
1787955858.2303283,31080,38,LR,7.156560487081057e-05
1787955872.5570736,31120,38,Loss/l_ce,0.02388143539428711
1787955872.5573704,31120,38,Loss/l_total,0.02388143539428711
1787955872.5573964,31120,38,LR,7.156560487081057e-05
1787955885.797319,31160,38,Loss/l_ce,0.05663633346557617
1787955885.797694,31160,38,Loss/l_total,0.05663633346557617
1787955885.7977262,31160,38,LR,7.156560487081057e-05
1787955900.2793746,31200,38,Loss/l_ce,0.029593944549560547
1787955900.2796144,31200,38,Loss/l_total,0.029593944549560547
1787955900.2796407,31200,38,LR,7.156560487081057e-05
1787955918.2643964,31240,38,Loss/l_ce,0.05864667892456055
1787955918.2646542,31240,38,Loss/l_total,0.05864667892456055
1787955918.2646801,31240,38,LR,7.156560487081057e-05
1787955933.9587739,31280,38,Loss/l_ce,0.016060352325439453
1787955933.9589493,31280,38,Loss/l_total,0.016060352325439453
1787955933.9589767,31280,38,LR,7.156560487081057e-05
1787955949.4457476,31320,38,Loss/l_ce,0.017475605010986328
1787955949.445934,31320,38,Loss/l_total,0.017475605010986328
1787955949.4484653,31320,38,LR,7.156560487081057e-05
1787955966.1469975,31360,38,Loss/l_ce,0.024169921875
1787955966.1473477,31360,38,Loss/l_total,0.024169921875
1787955966.147375,31360,38,LR,7.156560487081057e-05
1787955981.3546166,31400,38,Loss/l_ce,0.029407501220703125
1787955981.3549383,31400,38,Loss/l_total,0.029407501220703125
1787955981.3549645,31400,38,LR,7.156560487081057e-05
1787955993.3758755,31440,38,Loss/l_ce,0.02831745147705078
1787955993.3761227,31440,38,Loss/l_total,0.02831745147705078
1787955993.3761501,31440,38,LR,7.156560487081057e-05
1787956007.3506057,31480,38,Loss/l_ce,0.03311586380004883
1787956007.3508039,31480,38,Loss/l_total,0.03311586380004883
1787956007.3508265,31480,38,LR,7.156560487081057e-05
1787956021.7601373,31520,38,Loss/l_ce,0.015392303466796875
1787956021.760301,31520,38,Loss/l_total,0.015392303466796875
1787956021.7603235,31520,38,LR,7.156560487081057e-05
1787956037.1177692,31560,38,Loss/l_ce,0.012470245361328125
1787956037.1180043,31560,38,Loss/l_total,0.012470245361328125
1787956037.118061,31560,38,LR,7.156560487081057e-05
1787956054.088294,31600,38,Loss/l_ce,0.017347097396850586
1787956054.0884998,31600,38,Loss/l_total,0.017347097396850586
1787956054.0885282,31600,38,LR,7.156560487081057e-05
1787956068.99819,31640,38,Loss/l_ce,0.033772945404052734
1787956068.9983954,31640,38,Loss/l_total,0.033772945404052734
1787956068.9984179,31640,38,LR,7.156560487081057e-05
1787956112.6256285,31668,38,Val/dense_error,0.09466025978326797
1787956112.625849,31668,38,Val/auc,0.5686022607146289
1787956112.6258729,31668,38,Val/pck_max,0.1
1787956112.6258955,31668,38,Val/pck_n,100.0
1787956119.064067,31680,39,Loss/l_ce,0.01934814453125
1787956119.0642295,31680,39,Loss/l_total,0.01934814453125
1787956119.0642545,31680,39,LR,7.024320641103818e-05
1787956132.8845665,31720,39,Loss/l_ce,0.012228250503540039
1787956132.8847694,31720,39,Loss/l_total,0.012228250503540039
1787956132.884793,31720,39,LR,7.024320641103818e-05
1787956147.2941322,31760,39,Loss/l_ce,0.01625227928161621
1787956147.2943912,31760,39,Loss/l_total,0.01625227928161621
1787956147.2944145,31760,39,LR,7.024320641103818e-05
1787956161.6320965,31800,39,Loss/l_ce,0.015229463577270508
1787956161.6322615,31800,39,Loss/l_total,0.015229463577270508
1787956161.632289,31800,39,LR,7.024320641103818e-05
1787956175.8961055,31840,39,Loss/l_ce,0.025744915008544922
1787956175.8963072,31840,39,Loss/l_total,0.025744915008544922
1787956175.8963346,31840,39,LR,7.024320641103818e-05
1787956189.7712028,31880,39,Loss/l_ce,0.2580721378326416
1787956189.7713797,31880,39,Loss/l_total,0.2580721378326416
1787956189.7714036,31880,39,LR,7.024320641103818e-05
1787956202.8365345,31920,39,Loss/l_ce,0.016820430755615234
1787956202.8366973,31920,39,Loss/l_total,0.016820430755615234
1787956202.83672,31920,39,LR,7.024320641103818e-05
1787956216.0900292,31960,39,Loss/l_ce,0.021286487579345703
1787956216.0902882,31960,39,Loss/l_total,0.021286487579345703
1787956216.0903177,31960,39,LR,7.024320641103818e-05
1787956228.8740733,32000,39,Loss/l_ce,0.247145414352417
1787956228.8743417,32000,39,Loss/l_total,0.247145414352417
1787956228.8743641,32000,39,LR,7.024320641103818e-05
1787956243.6021364,32040,39,Loss/l_ce,0.04038214683532715
1787956243.6023548,32040,39,Loss/l_total,0.04038214683532715
1787956243.6023808,32040,39,LR,7.024320641103818e-05
1787956258.9450202,32080,39,Loss/l_ce,0.0304567813873291
1787956258.9452896,32080,39,Loss/l_total,0.0304567813873291
1787956258.9453218,32080,39,LR,7.024320641103818e-05
1787956270.6774387,32120,39,Loss/l_ce,0.04235982894897461
1787956270.677624,32120,39,Loss/l_total,0.04235982894897461
1787956270.6776488,32120,39,LR,7.024320641103818e-05
1787956284.6537187,32160,39,Loss/l_ce,0.020003318786621094
1787956284.6538863,32160,39,Loss/l_total,0.020003318786621094
1787956284.6539133,32160,39,LR,7.024320641103818e-05
1787956296.228825,32200,39,Loss/l_ce,0.03529095649719238
1787956296.229016,32200,39,Loss/l_total,0.03529095649719238
1787956296.229071,32200,39,LR,7.024320641103818e-05
1787956311.2098489,32240,39,Loss/l_ce,0.09647297859191895
1787956311.2102287,32240,39,Loss/l_total,0.09647297859191895
1787956311.210257,32240,39,LR,7.024320641103818e-05
1787956325.4950876,32280,39,Loss/l_ce,0.01599574089050293
1787956325.4954531,32280,39,Loss/l_total,0.01599574089050293
1787956325.4954875,32280,39,LR,7.024320641103818e-05
1787956338.8546813,32320,39,Loss/l_ce,0.022904157638549805
1787956338.8551016,32320,39,Loss/l_total,0.022904157638549805
1787956338.8551373,32320,39,LR,7.024320641103818e-05
1787956352.5451775,32360,39,Loss/l_ce,0.030280351638793945
1787956352.5458624,32360,39,Loss/l_total,0.030280351638793945
1787956352.5459278,32360,39,LR,7.024320641103818e-05
1787956364.4613693,32400,39,Loss/l_ce,0.08528828620910645
1787956364.4617114,32400,39,Loss/l_total,0.08528828620910645
1787956364.461741,32400,39,LR,7.024320641103818e-05
1787956379.4060583,32440,39,Loss/l_ce,0.0858149528503418
1787956379.4063787,32440,39,Loss/l_total,0.0858149528503418
1787956379.4064,32440,39,LR,7.024320641103818e-05
1787956391.1522362,32480,39,Loss/l_ce,0.04722428321838379
1787956391.152557,32480,39,Loss/l_total,0.04722428321838379
1787956391.1525924,32480,39,LR,7.024320641103818e-05
1787956424.595414,32480,39,Val/dense_error,0.08735797554254532
1787956424.5957227,32480,39,Val/auc,0.5723767632613093
1787956424.5957499,32480,39,Val/pck_max,0.1
1787956424.5957701,32480,39,Val/pck_n,100.0
1787956442.0218704,32520,40,Loss/l_ce,0.05241227149963379
1787956442.022205,32520,40,Loss/l_total,0.05241227149963379
1787956442.0222323,32520,40,LR,6.89057647468727e-05
1787956455.7885516,32560,40,Loss/l_ce,0.12084507942199707
1787956455.7887592,32560,40,Loss/l_total,0.12084507942199707
1787956455.788783,32560,40,LR,6.89057647468727e-05
1787956470.2799394,32600,40,Loss/l_ce,0.024443626403808594
1787956470.2802184,32600,40,Loss/l_total,0.024443626403808594
1787956470.2802446,32600,40,LR,6.89057647468727e-05
1787956482.410415,32640,40,Loss/l_ce,0.045452117919921875
1787956482.4106867,32640,40,Loss/l_total,0.045452117919921875
1787956482.4107115,32640,40,LR,6.89057647468727e-05
1787956498.4491477,32680,40,Loss/l_ce,0.026938199996948242
1787956498.4495573,32680,40,Loss/l_total,0.026938199996948242
1787956498.4496045,32680,40,LR,6.89057647468727e-05
1787956513.351229,32720,40,Loss/l_ce,0.018047571182250977
1787956513.3514981,32720,40,Loss/l_total,0.018047571182250977
1787956513.351521,32720,40,LR,6.89057647468727e-05
1787956525.0220263,32760,40,Loss/l_ce,0.035036325454711914
1787956525.022347,32760,40,Loss/l_total,0.035036325454711914
1787956525.0223768,32760,40,LR,6.89057647468727e-05
1787956539.6262572,32800,40,Loss/l_ce,0.014928102493286133
1787956539.626465,32800,40,Loss/l_total,0.014928102493286133
1787956539.626491,32800,40,LR,6.89057647468727e-05
1787956556.18896,32840,40,Loss/l_ce,0.030210494995117188
1787956556.1891904,32840,40,Loss/l_total,0.030210494995117188
1787956556.1892188,32840,40,LR,6.89057647468727e-05
1787956570.3690014,32880,40,Loss/l_ce,0.05351734161376953
1787956570.3693125,32880,40,Loss/l_total,0.05351734161376953
1787956570.369341,32880,40,LR,6.89057647468727e-05
1787956586.2896633,32920,40,Loss/l_ce,0.03603029251098633
1787956586.28991,32920,40,Loss/l_total,0.03603029251098633
1787956586.2899375,32920,40,LR,6.89057647468727e-05
1787956598.7937849,32960,40,Loss/l_ce,0.019741535186767578
1787956598.794027,32960,40,Loss/l_total,0.019741535186767578
1787956598.7940934,32960,40,LR,6.89057647468727e-05
1787956609.610003,33000,40,Loss/l_ce,0.027764081954956055
1787956609.610193,33000,40,Loss/l_total,0.027764081954956055
1787956609.610218,33000,40,LR,6.89057647468727e-05
1787956622.2562938,33040,40,Loss/l_ce,0.014898061752319336
1787956622.2564697,33040,40,Loss/l_total,0.014898061752319336
1787956622.2564936,33040,40,LR,6.89057647468727e-05
1787956639.6702013,33080,40,Loss/l_ce,0.015623092651367188
1787956639.6703997,33080,40,Loss/l_total,0.015623092651367188
1787956639.6704223,33080,40,LR,6.89057647468727e-05
1787956651.9592464,33120,40,Loss/l_ce,0.011683940887451172
1787956651.9596083,33120,40,Loss/l_total,0.011683940887451172
1787956651.9596345,33120,40,LR,6.89057647468727e-05
1787956665.9625025,33160,40,Loss/l_ce,0.02590656280517578
1787956665.9629025,33160,40,Loss/l_total,0.02590656280517578
1787956665.9629285,33160,40,LR,6.89057647468727e-05
1787956680.4368083,33200,40,Loss/l_ce,0.04590582847595215
1787956680.437097,33200,40,Loss/l_total,0.04590582847595215
1787956680.437123,33200,40,LR,6.89057647468727e-05
1787956695.8190248,33240,40,Loss/l_ce,0.019571304321289062
1787956695.8192303,33240,40,Loss/l_total,0.019571304321289062
1787956695.8192766,33240,40,LR,6.89057647468727e-05
1787956710.7118125,33280,40,Loss/l_ce,0.01847696304321289
1787956710.712208,33280,40,Loss/l_total,0.01847696304321289
1787956710.7122352,33280,40,LR,6.89057647468727e-05
1787956748.4378839,33292,40,Val/dense_error,0.08413760364055634
1787956748.438234,33292,40,Val/auc,0.5733612805867886
1787956748.4382675,33292,40,Val/pck_max,0.1
1787956748.4382899,33292,40,Val/pck_n,100.0
1787956758.2774682,33320,41,Loss/l_ce,0.017004966735839844
1787956758.2776818,33320,41,Loss/l_total,0.017004966735839844
1787956758.277709,33320,41,LR,6.755459977176539e-05
1787956772.38711,33360,41,Loss/l_ce,0.01439976692199707
1787956772.387397,33360,41,Loss/l_total,0.01439976692199707
1787956772.3874254,33360,41,LR,6.755459977176539e-05
1787956785.9196944,33400,41,Loss/l_ce,0.07096982002258301
1787956785.9200718,33400,41,Loss/l_total,0.07096982002258301
1787956785.920099,33400,41,LR,6.755459977176539e-05
1787956798.6654952,33440,41,Loss/l_ce,0.016240596771240234
1787956798.665824,33440,41,Loss/l_total,0.016240596771240234
1787956798.6658502,33440,41,LR,6.755459977176539e-05
1787956814.2065928,33480,41,Loss/l_ce,0.048218727111816406
1787956814.2068577,33480,41,Loss/l_total,0.048218727111816406
1787956814.206884,33480,41,LR,6.755459977176539e-05
1787956825.8212879,33520,41,Loss/l_ce,0.01606273651123047
1787956825.8215764,33520,41,Loss/l_total,0.01606273651123047
1787956825.8216016,33520,41,LR,6.755459977176539e-05
1787956839.32899,33560,41,Loss/l_ce,0.040967702865600586
1787956839.3293118,33560,41,Loss/l_total,0.040967702865600586
1787956839.329345,33560,41,LR,6.755459977176539e-05
1787956849.9549932,33600,41,Loss/l_ce,0.016546249389648438
1787956849.955277,33600,41,Loss/l_total,0.016546249389648438
1787956849.9553041,33600,41,LR,6.755459977176539e-05
1787956863.767401,33640,41,Loss/l_ce,0.015781641006469727
1787956863.7677052,33640,41,Loss/l_total,0.015781641006469727
1787956863.7677407,33640,41,LR,6.755459977176539e-05
1787956877.1110723,33680,41,Loss/l_ce,0.1304612159729004
1787956877.111374,33680,41,Loss/l_total,0.1304612159729004
1787956877.1114013,33680,41,LR,6.755459977176539e-05
1787956890.3877733,33720,41,Loss/l_ce,0.019505739212036133
1787956890.3880913,33720,41,Loss/l_total,0.019505739212036133
1787956890.388114,33720,41,LR,6.755459977176539e-05
1787956902.6319728,33760,41,Loss/l_ce,0.016552209854125977
1787956902.632207,33760,41,Loss/l_total,0.016552209854125977
1787956902.6322436,33760,41,LR,6.755459977176539e-05
1787956914.8776784,33800,41,Loss/l_ce,0.027156352996826172
1787956914.8779137,33800,41,Loss/l_total,0.027156352996826172
1787956914.8779442,33800,41,LR,6.755459977176539e-05
1787956927.9282079,33840,41,Loss/l_ce,0.028187990188598633
1787956927.9284928,33840,41,Loss/l_total,0.028187990188598633
1787956927.92852,33840,41,LR,6.755459977176539e-05
1787956942.1184583,33880,41,Loss/l_ce,0.03906512260437012
1787956942.1188502,33880,41,Loss/l_total,0.03906512260437012
1787956942.118874,33880,41,LR,6.755459977176539e-05
1787956952.789434,33920,41,Loss/l_ce,0.023879528045654297
1787956952.7898579,33920,41,Loss/l_total,0.023879528045654297
1787956952.7898874,33920,41,LR,6.755459977176539e-05
1787956965.2075403,33960,41,Loss/l_ce,0.029231786727905273
1787956965.2079794,33960,41,Loss/l_total,0.029231786727905273
1787956965.2080128,33960,41,LR,6.755459977176539e-05
1787956979.257847,34000,41,Loss/l_ce,0.02037811279296875
1787956979.259184,34000,41,Loss/l_total,0.02037811279296875
1787956979.2592149,34000,41,LR,6.755459977176539e-05
1787956993.026876,34040,41,Loss/l_ce,0.015623092651367188
1787956993.0271704,34040,41,Loss/l_total,0.015623092651367188
1787956993.0272036,34040,41,LR,6.755459977176539e-05
1787957003.5621982,34080,41,Loss/l_ce,0.0143890380859375
1787957003.5624785,34080,41,Loss/l_total,0.0143890380859375
1787957003.5625033,34080,41,LR,6.755459977176539e-05
1787957043.5268104,34104,41,Val/dense_error,0.08459919691085815
1787957043.5271213,34104,41,Val/auc,0.577888943432785
1787957043.527151,34104,41,Val/pck_max,0.1
1787957043.5271902,34104,41,Val/pck_n,100.0
1787957052.0068524,34120,42,Loss/l_ce,0.029899120330810547
1787957052.0070233,34120,42,Loss/l_total,0.029899120330810547
1787957052.0070684,34120,42,LR,6.619104492241852e-05
1787957063.7514992,34160,42,Loss/l_ce,0.016978740692138672
1787957063.7517593,34160,42,Loss/l_total,0.016978740692138672
1787957063.751784,34160,42,LR,6.619104492241852e-05
1787957076.2802556,34200,42,Loss/l_ce,0.01397705078125
1787957076.2805107,34200,42,Loss/l_total,0.01397705078125
1787957076.2805405,34200,42,LR,6.619104492241852e-05
1787957090.7921703,34240,42,Loss/l_ce,0.014353275299072266
1787957090.792548,34240,42,Loss/l_total,0.014353275299072266
1787957090.7925787,34240,42,LR,6.619104492241852e-05
1787957104.9197917,34280,42,Loss/l_ce,0.0165097713470459
1787957104.9201465,34280,42,Loss/l_total,0.0165097713470459
1787957104.9201775,34280,42,LR,6.619104492241852e-05
1787957121.4464412,34320,42,Loss/l_ce,0.01581287384033203
1787957121.446623,34320,42,Loss/l_total,0.01581287384033203
1787957121.4466455,34320,42,LR,6.619104492241852e-05
1787957140.53363,34360,42,Loss/l_ce,0.023775577545166016
1787957140.533846,34360,42,Loss/l_total,0.023775577545166016
1787957140.5338697,34360,42,LR,6.619104492241852e-05
1787957154.6546264,34400,42,Loss/l_ce,0.03271317481994629
1787957154.6548567,34400,42,Loss/l_total,0.03271317481994629
1787957154.654883,34400,42,LR,6.619104492241852e-05
1787957169.325248,34440,42,Loss/l_ce,0.04264497756958008
1787957169.3254676,34440,42,Loss/l_total,0.04264497756958008
1787957169.3254995,34440,42,LR,6.619104492241852e-05
1787957185.128124,34480,42,Loss/l_ce,0.01609945297241211
1787957185.1282997,34480,42,Loss/l_total,0.01609945297241211
1787957185.128321,34480,42,LR,6.619104492241852e-05
1787957198.9294763,34520,42,Loss/l_ce,0.03227663040161133
1787957198.9297104,34520,42,Loss/l_total,0.03227663040161133
1787957198.9297352,34520,42,LR,6.619104492241852e-05
1787957208.889368,34560,42,Loss/l_ce,0.021663188934326172
1787957208.889584,34560,42,Loss/l_total,0.021663188934326172
1787957208.8896112,34560,42,LR,6.619104492241852e-05
1787957222.0755532,34600,42,Loss/l_ce,0.04121589660644531
1787957222.0757563,34600,42,Loss/l_total,0.04121589660644531
1787957222.0757802,34600,42,LR,6.619104492241852e-05
1787957237.3013866,34640,42,Loss/l_ce,0.012437582015991211
1787957237.3016121,34640,42,Loss/l_total,0.012437582015991211
1787957237.301637,34640,42,LR,6.619104492241852e-05
1787957250.9558952,34680,42,Loss/l_ce,0.016424894332885742
1787957250.9560866,34680,42,Loss/l_total,0.016424894332885742
1787957250.9561174,34680,42,LR,6.619104492241852e-05
1787957264.9318604,34720,42,Loss/l_ce,0.013710498809814453
1787957264.9320765,34720,42,Loss/l_total,0.013710498809814453
1787957264.9321098,34720,42,LR,6.619104492241852e-05
1787957280.141593,34760,42,Loss/l_ce,0.0075724124908447266
1787957280.1418447,34760,42,Loss/l_total,0.0075724124908447266
1787957280.1418698,34760,42,LR,6.619104492241852e-05
1787957292.2429807,34800,42,Loss/l_ce,0.021683692932128906
1787957292.2431881,34800,42,Loss/l_total,0.021683692932128906
1787957292.243218,34800,42,LR,6.619104492241852e-05
1787957305.1113956,34840,42,Loss/l_ce,0.021534442901611328
1787957305.1116674,34840,42,Loss/l_total,0.021534442901611328
1787957305.1116936,34840,42,LR,6.619104492241852e-05
1787957319.221821,34880,42,Loss/l_ce,0.024309396743774414
1787957319.2221086,34880,42,Loss/l_total,0.024309396743774414
1787957319.2221713,34880,42,LR,6.619104492241852e-05
1787957364.6400952,34916,42,Val/dense_error,0.08288674056529999
1787957364.640417,34916,42,Val/auc,0.5773364267514434
1787957364.6404421,34916,42,Val/pck_max,0.1
1787957364.640461,34916,42,Val/pck_n,100.0
1787957367.7592165,34920,43,Loss/l_ce,0.07463717460632324
1787957367.7594006,34920,43,Loss/l_total,0.07463717460632324
1787957367.7594328,34920,43,LR,6.481644586284449e-05
1787957382.6196039,34960,43,Loss/l_ce,0.014904975891113281
1787957382.6199303,34960,43,Loss/l_total,0.014904975891113281
1787957382.6199565,34960,43,LR,6.481644586284449e-05
1787957397.106161,35000,43,Loss/l_ce,0.007151603698730469
1787957397.106407,35000,43,Loss/l_total,0.007151603698730469
1787957397.1064415,35000,43,LR,6.481644586284449e-05
1787957412.2498047,35040,43,Loss/l_ce,0.03017902374267578
1787957412.250535,35040,43,Loss/l_total,0.03017902374267578
1787957412.2505646,35040,43,LR,6.481644586284449e-05
1787957429.1030004,35080,43,Loss/l_ce,0.04781317710876465
1787957429.1034763,35080,43,Loss/l_total,0.04781317710876465
1787957429.1035023,35080,43,LR,6.481644586284449e-05
1787957446.0562673,35120,43,Loss/l_ce,0.04350566864013672
1787957446.0565698,35120,43,Loss/l_total,0.04350566864013672
1787957446.0565927,35120,43,LR,6.481644586284449e-05
1787957461.669555,35160,43,Loss/l_ce,0.015072345733642578
1787957461.6697958,35160,43,Loss/l_total,0.015072345733642578
1787957461.669821,35160,43,LR,6.481644586284449e-05
1787957477.1290731,35200,43,Loss/l_ce,0.03853774070739746
1787957477.1293879,35200,43,Loss/l_total,0.03853774070739746
1787957477.1294117,35200,43,LR,6.481644586284449e-05
1787957494.4715118,35240,43,Loss/l_ce,0.05674886703491211
1787957494.4718502,35240,43,Loss/l_total,0.05674886703491211
1787957494.4718797,35240,43,LR,6.481644586284449e-05
1787957508.0933986,35280,43,Loss/l_ce,0.011124610900878906
1787957508.0936966,35280,43,Loss/l_total,0.011124610900878906
1787957508.093724,35280,43,LR,6.481644586284449e-05
1787957522.7049718,35320,43,Loss/l_ce,0.02334880828857422
1787957522.7053149,35320,43,Loss/l_total,0.02334880828857422
1787957522.7053444,35320,43,LR,6.481644586284449e-05
1787957536.098343,35360,43,Loss/l_ce,0.033586978912353516
1787957536.0987704,35360,43,Loss/l_total,0.033586978912353516
1787957536.0987988,35360,43,LR,6.481644586284449e-05
1787957550.1447163,35400,43,Loss/l_ce,0.026038408279418945
1787957550.14521,35400,43,Loss/l_total,0.026038408279418945
1787957550.145248,35400,43,LR,6.481644586284449e-05
1787957563.6875827,35440,43,Loss/l_ce,0.030400991439819336
1787957563.6878047,35440,43,Loss/l_total,0.030400991439819336
1787957563.6878366,35440,43,LR,6.481644586284449e-05
1787957579.968093,35480,43,Loss/l_ce,0.030155181884765625
1787957579.9682937,35480,43,Loss/l_total,0.030155181884765625
1787957579.9683208,35480,43,LR,6.481644586284449e-05
1787957591.7136424,35520,43,Loss/l_ce,0.062329769134521484
1787957591.7138097,35520,43,Loss/l_total,0.062329769134521484
1787957591.7138348,35520,43,LR,6.481644586284449e-05
1787957607.0920663,35560,43,Loss/l_ce,0.022609710693359375
1787957607.0923193,35560,43,Loss/l_total,0.022609710693359375
1787957607.0923538,35560,43,LR,6.481644586284449e-05
1787957621.3532708,35600,43,Loss/l_ce,0.01875138282775879
1787957621.354451,35600,43,Loss/l_total,0.01875138282775879
1787957621.35468,35600,43,LR,6.481644586284449e-05
1787957634.6972685,35640,43,Loss/l_ce,0.018007755279541016
1787957634.6975346,35640,43,Loss/l_total,0.018007755279541016
1787957634.6975641,35640,43,LR,6.481644586284449e-05
1787957648.356622,35680,43,Loss/l_ce,0.04347968101501465
1787957648.3568773,35680,43,Loss/l_total,0.04347968101501465
1787957648.3569012,35680,43,LR,6.481644586284449e-05
1787957664.8025327,35720,43,Loss/l_ce,0.013116836547851562
1787957664.8031883,35720,43,Loss/l_total,0.013116836547851562
1787957664.8032153,35720,43,LR,6.481644586284449e-05
1787957717.131139,35728,43,Val/dense_error,0.08352546393871307
1787957717.131499,35728,43,Val/auc,0.5783921108747542
1787957717.131523,35728,43,Val/pck_max,0.1
1787957717.1315405,35728,43,Val/pck_n,100.0
1787957734.1019983,35760,44,Loss/l_ce,0.04143571853637695
1787957734.102263,35760,44,Loss/l_total,0.04143571853637695
1787957734.1022928,35760,44,LR,6.343215915635769e-05
1787957753.4148512,35800,44,Loss/l_ce,0.02904796600341797
1787957753.4152725,35800,44,Loss/l_total,0.02904796600341797
1787957753.415307,35800,44,LR,6.343215915635769e-05
1787957772.0700002,35840,44,Loss/l_ce,0.028537273406982422
1787957772.0702744,35840,44,Loss/l_total,0.028537273406982422
1787957772.0703003,35840,44,LR,6.343215915635769e-05
1787957796.8856125,35880,44,Loss/l_ce,0.022083759307861328
1787957796.8858783,35880,44,Loss/l_total,0.022083759307861328
1787957796.8858998,35880,44,LR,6.343215915635769e-05
1787957822.0543413,35920,44,Loss/l_ce,0.036023616790771484
1787957822.0545993,35920,44,Loss/l_total,0.036023616790771484
1787957822.0546227,35920,44,LR,6.343215915635769e-05
1787957841.7596653,35960,44,Loss/l_ce,0.013280630111694336
1787957841.7599847,35960,44,Loss/l_total,0.013280630111694336
1787957841.760008,35960,44,LR,6.343215915635769e-05
1787957861.1339583,36000,44,Loss/l_ce,0.02262401580810547
1787957861.134267,36000,44,Loss/l_total,0.02262401580810547
1787957861.1342933,36000,44,LR,6.343215915635769e-05
1787957873.3909655,36040,44,Loss/l_ce,0.016837358474731445
1787957873.3912823,36040,44,Loss/l_total,0.016837358474731445
1787957873.3913121,36040,44,LR,6.343215915635769e-05
1787957894.2897074,36080,44,Loss/l_ce,0.053267717361450195
1787957894.2919075,36080,44,Loss/l_total,0.053267717361450195
1787957894.2919397,36080,44,LR,6.343215915635769e-05
1787957917.2727106,36120,44,Loss/l_ce,0.09483146667480469
1787957917.2729518,36120,44,Loss/l_total,0.09483146667480469
1787957917.2729766,36120,44,LR,6.343215915635769e-05
1787957941.2907207,36160,44,Loss/l_ce,0.0566253662109375
1787957941.2910602,36160,44,Loss/l_total,0.0566253662109375
1787957941.29109,36160,44,LR,6.343215915635769e-05
1787957953.3147254,36200,44,Loss/l_ce,0.01902604103088379
1787957953.3149793,36200,44,Loss/l_total,0.01902604103088379
1787957953.3150043,36200,44,LR,6.343215915635769e-05
1787957967.3657799,36240,44,Loss/l_ce,0.0418400764465332
1787957967.366521,36240,44,Loss/l_total,0.0418400764465332
1787957967.3665552,36240,44,LR,6.343215915635769e-05
1787957979.5387657,36280,44,Loss/l_ce,0.026918888092041016
1787957979.539218,36280,44,Loss/l_total,0.026918888092041016
1787957979.5392463,36280,44,LR,6.343215915635769e-05
1787957991.0836005,36320,44,Loss/l_ce,0.0308225154876709
1787957991.083977,36320,44,Loss/l_total,0.0308225154876709
1787957991.084008,36320,44,LR,6.343215915635769e-05
1787958003.0526583,36360,44,Loss/l_ce,0.025115013122558594
1787958003.0529304,36360,44,Loss/l_total,0.025115013122558594
1787958003.0529578,36360,44,LR,6.343215915635769e-05
1787958014.9745212,36400,44,Loss/l_ce,0.02838301658630371
1787958014.9748442,36400,44,Loss/l_total,0.02838301658630371
1787958014.9748702,36400,44,LR,6.343215915635769e-05
1787958026.7660136,36440,44,Loss/l_ce,0.06608438491821289
1787958026.766402,36440,44,Loss/l_total,0.06608438491821289
1787958026.7664304,36440,44,LR,6.343215915635769e-05
1787958038.4421344,36480,44,Loss/l_ce,0.010446786880493164
1787958038.4423363,36480,44,Loss/l_total,0.010446786880493164
1787958038.4423683,36480,44,LR,6.343215915635769e-05
1787958050.454784,36520,44,Loss/l_ce,0.017474889755249023
1787958050.4552102,36520,44,Loss/l_total,0.017474889755249023
1787958050.4552398,36520,44,LR,6.343215915635769e-05
1787958110.44336,36540,44,Val/dense_error,0.08378402888774872
1787958110.443748,36540,44,Val/auc,0.5797358387162965
1787958110.4437733,36540,44,Val/pck_max,0.1
1787958110.443792,36540,44,Val/pck_n,100.0
1787958118.4745595,36560,45,Loss/l_ce,0.0237581729888916
1787958118.474735,36560,45,Loss/l_total,0.0237581729888916
1787958118.4747589,36560,45,LR,6.203955092681047e-05
1787958137.2142642,36600,45,Loss/l_ce,0.060366153717041016
1787958137.214626,36600,45,Loss/l_total,0.060366153717041016
1787958137.2146535,36600,45,LR,6.203955092681047e-05
1787958150.4886038,36640,45,Loss/l_ce,0.08193135261535645
1787958150.488839,36640,45,Loss/l_total,0.08193135261535645
1787958150.488864,36640,45,LR,6.203955092681047e-05
1787958161.954941,36680,45,Loss/l_ce,0.018370628356933594
1787958161.9551952,36680,45,Loss/l_total,0.018370628356933594
1787958161.9554918,36680,45,LR,6.203955092681047e-05
1787958173.3458834,36720,45,Loss/l_ce,0.02633833885192871
1787958173.3461282,36720,45,Loss/l_total,0.02633833885192871
1787958173.346153,36720,45,LR,6.203955092681047e-05
1787958192.4436984,36760,45,Loss/l_ce,0.018010616302490234
1787958192.443963,36760,45,Loss/l_total,0.018010616302490234
1787958192.4439847,36760,45,LR,6.203955092681047e-05
1787958210.2494912,36800,45,Loss/l_ce,0.05298352241516113
1787958210.2497227,36800,45,Loss/l_total,0.05298352241516113
1787958210.24975,36800,45,LR,6.203955092681047e-05
1787958227.4553685,36840,45,Loss/l_ce,0.012827396392822266
1787958227.4556105,36840,45,Loss/l_total,0.012827396392822266
1787958227.4556358,36840,45,LR,6.203955092681047e-05
1787958252.4526992,36880,45,Loss/l_ce,0.04738473892211914
1787958252.4528818,36880,45,Loss/l_total,0.04738473892211914
1787958252.4529068,36880,45,LR,6.203955092681047e-05
1787958274.2008467,36920,45,Loss/l_ce,0.025285005569458008
1787958274.2011328,36920,45,Loss/l_total,0.025285005569458008
1787958274.2011626,36920,45,LR,6.203955092681047e-05
1787958289.586322,36960,45,Loss/l_ce,0.017746686935424805
1787958289.5867555,36960,45,Loss/l_total,0.017746686935424805
1787958289.5867863,36960,45,LR,6.203955092681047e-05
1787958301.3905478,37000,45,Loss/l_ce,0.05408620834350586
1787958301.3910131,37000,45,Loss/l_total,0.05408620834350586
1787958301.3910618,37000,45,LR,6.203955092681047e-05
1787958313.9151068,37040,45,Loss/l_ce,0.01517176628112793
1787958313.9153657,37040,45,Loss/l_total,0.01517176628112793
1787958313.915388,37040,45,LR,6.203955092681047e-05
1787958325.0280733,37080,45,Loss/l_ce,0.028635263442993164
1787958325.0283604,37080,45,Loss/l_total,0.028635263442993164
1787958325.0283856,37080,45,LR,6.203955092681047e-05
1787958338.3749015,37120,45,Loss/l_ce,0.013772964477539062
1787958338.3753693,37120,45,Loss/l_total,0.013772964477539062
1787958338.3753953,37120,45,LR,6.203955092681047e-05
1787958359.4987133,37160,45,Loss/l_ce,0.01445460319519043
1787958359.499307,37160,45,Loss/l_total,0.01445460319519043
1787958359.4993367,37160,45,LR,6.203955092681047e-05
1787958372.7960632,37200,45,Loss/l_ce,0.022475719451904297
1787958372.7964919,37200,45,Loss/l_total,0.022475719451904297
1787958372.7965178,37200,45,LR,6.203955092681047e-05
1787958387.2653248,37240,45,Loss/l_ce,0.017766237258911133
1787958387.2655137,37240,45,Loss/l_total,0.017766237258911133
1787958387.2655373,37240,45,LR,6.203955092681047e-05
1787958400.4033928,37280,45,Loss/l_ce,0.025399446487426758
1787958400.4036849,37280,45,Loss/l_total,0.025399446487426758
1787958400.40371,37280,45,LR,6.203955092681047e-05
1787958412.7844718,37320,45,Loss/l_ce,0.006623744964599609
1787958412.784814,37320,45,Loss/l_total,0.006623744964599609
1787958412.7848446,37320,45,LR,6.203955092681047e-05
1787958477.657151,37352,45,Val/dense_error,0.09347037971019745
1787958477.6576235,37352,45,Val/auc,0.5746246211147213
1787958477.6576498,37352,45,Val/pck_max,0.1
1787958477.6576695,37352,45,Val/pck_n,100.0
1787958481.3444088,37360,46,Loss/l_ce,0.02382206916809082
1787958481.344575,37360,46,Loss/l_total,0.02382206916809082
1787958481.3445976,37360,46,LR,6.063999551039378e-05
1787958492.5846798,37400,46,Loss/l_ce,0.03788185119628906
1787958492.5849304,37400,46,Loss/l_total,0.03788185119628906
1787958492.5849555,37400,46,LR,6.063999551039378e-05
1787958511.171684,37440,46,Loss/l_ce,0.017108678817749023
1787958511.171919,37440,46,Loss/l_total,0.017108678817749023
1787958511.171943,37440,46,LR,6.063999551039378e-05
1787958532.2667015,37480,46,Loss/l_ce,0.01654505729675293
1787958532.2669878,37480,46,Loss/l_total,0.01654505729675293
1787958532.2670152,37480,46,LR,6.063999551039378e-05
1787958551.504991,37520,46,Loss/l_ce,0.018133163452148438
1787958551.505238,37520,46,Loss/l_total,0.018133163452148438
1787958551.5052652,37520,46,LR,6.063999551039378e-05
1787958568.8173358,37560,46,Loss/l_ce,0.02605581283569336
1787958568.81752,37560,46,Loss/l_total,0.02605581283569336
1787958568.8175473,37560,46,LR,6.063999551039378e-05
1787958592.2934523,37600,46,Loss/l_ce,0.15925168991088867
1787958592.2936883,37600,46,Loss/l_total,0.15925168991088867
1787958592.293717,37600,46,LR,6.063999551039378e-05
1787958618.072861,37640,46,Loss/l_ce,0.06075716018676758
1787958618.0730724,37640,46,Loss/l_total,0.06075716018676758
1787958618.0733218,37640,46,LR,6.063999551039378e-05
1787958643.1084385,37680,46,Loss/l_ce,0.014734506607055664
1787958643.108746,37680,46,Loss/l_total,0.014734506607055664
1787958643.1087732,37680,46,LR,6.063999551039378e-05
1787958661.2905753,37720,46,Loss/l_ce,0.041765689849853516
1787958661.290891,37720,46,Loss/l_total,0.041765689849853516
1787958661.2909198,37720,46,LR,6.063999551039378e-05
1787958676.6417987,37760,46,Loss/l_ce,0.005808353424072266
1787958676.6421583,37760,46,Loss/l_total,0.005808353424072266
1787958676.6421845,37760,46,LR,6.063999551039378e-05
1787958688.7033057,37800,46,Loss/l_ce,0.013927221298217773
1787958688.7036004,37800,46,Loss/l_total,0.013927221298217773
1787958688.7036276,37800,46,LR,6.063999551039378e-05
1787958709.8303535,37840,46,Loss/l_ce,0.08525872230529785
1787958709.8306608,37840,46,Loss/l_total,0.08525872230529785
1787958709.8306882,37840,46,LR,6.063999551039378e-05
1787958727.8202155,37880,46,Loss/l_ce,0.020025014877319336
1787958727.8205173,37880,46,Loss/l_total,0.020025014877319336
1787958727.820541,37880,46,LR,6.063999551039378e-05
1787958744.5549564,37920,46,Loss/l_ce,0.018840312957763672
1787958744.5552154,37920,46,Loss/l_total,0.018840312957763672
1787958744.5552416,37920,46,LR,6.063999551039378e-05
1787958770.462864,37960,46,Loss/l_ce,0.017043590545654297
1787958770.4630811,37960,46,Loss/l_total,0.017043590545654297
1787958770.4631062,37960,46,LR,6.063999551039378e-05
1787958793.7587342,38000,46,Loss/l_ce,0.016399145126342773
1787958793.759068,38000,46,Loss/l_total,0.016399145126342773
1787958793.7590952,38000,46,LR,6.063999551039378e-05
1787958811.2976599,38040,46,Loss/l_ce,0.01761484146118164
1787958811.2979639,38040,46,Loss/l_total,0.01761484146118164
1787958811.297989,38040,46,LR,6.063999551039378e-05
1787958836.437932,38080,46,Loss/l_ce,0.02384662628173828
1787958836.4383914,38080,46,Loss/l_total,0.02384662628173828
1787958836.4384203,38080,46,LR,6.063999551039378e-05
1787958858.9351158,38120,46,Loss/l_ce,0.010051250457763672
1787958858.9356406,38120,46,Loss/l_total,0.010051250457763672
1787958858.9356704,38120,46,LR,6.063999551039378e-05
1787958882.2772148,38160,46,Loss/l_ce,0.016405582427978516
1787958882.2775888,38160,46,Loss/l_total,0.016405582427978516
1787958882.2776113,38160,46,LR,6.063999551039378e-05
1787958933.7220483,38164,46,Val/dense_error,0.09829121828079224
1787958933.7224069,38164,46,Val/auc,0.5675767056006191
1787958933.7224317,38164,46,Val/pck_max,0.1
1787958933.722452,38164,46,Val/pck_n,100.0
1787958947.730633,38200,47,Loss/l_ce,0.019815683364868164
1787958947.7309656,38200,47,Loss/l_total,0.019815683364868164
1787958947.7309988,38200,47,LR,5.923487409933322e-05
1787958959.551221,38240,47,Loss/l_ce,0.02468109130859375
1787958959.5516045,38240,47,Loss/l_total,0.02468109130859375
1787958959.551823,38240,47,LR,5.923487409933322e-05
1787958978.945779,38280,47,Loss/l_ce,0.021208524703979492
1787958978.9461353,38280,47,Loss/l_total,0.021208524703979492
1787958978.94616,38280,47,LR,5.923487409933322e-05
1787959006.369107,38320,47,Loss/l_ce,0.005531787872314453
1787959006.3695047,38320,47,Loss/l_total,0.005531787872314453
1787959006.3695333,38320,47,LR,5.923487409933322e-05
1787959041.4430232,38360,47,Loss/l_ce,0.016683340072631836
1787959041.4433627,38360,47,Loss/l_total,0.016683340072631836
1787959041.443396,38360,47,LR,5.923487409933322e-05
1787959073.5190146,38400,47,Loss/l_ce,0.030881881713867188
1787959073.5193863,38400,47,Loss/l_total,0.030881881713867188
1787959073.5194137,38400,47,LR,5.923487409933322e-05
1787959098.576944,38440,47,Loss/l_ce,0.05994606018066406
1787959098.5772219,38440,47,Loss/l_total,0.05994606018066406
1787959098.577247,38440,47,LR,5.923487409933322e-05
1787959130.4184985,38480,47,Loss/l_ce,0.034125566482543945
1787959130.4188392,38480,47,Loss/l_total,0.034125566482543945
1787959130.418868,38480,47,LR,5.923487409933322e-05
1787959149.7281368,38520,47,Loss/l_ce,0.015434503555297852
1787959149.728481,38520,47,Loss/l_total,0.015434503555297852
1787959149.7285216,38520,47,LR,5.923487409933322e-05
1787959160.857399,38560,47,Loss/l_ce,0.012827157974243164
1787959160.857595,38560,47,Loss/l_total,0.012827157974243164
1787959160.85762,38560,47,LR,5.923487409933322e-05
1787959172.2422545,38600,47,Loss/l_ce,0.013767242431640625
1787959172.2425525,38600,47,Loss/l_total,0.013767242431640625
1787959172.2425787,38600,47,LR,5.923487409933322e-05
1787959183.7377863,38640,47,Loss/l_ce,0.02479863166809082
1787959183.738007,38640,47,Loss/l_total,0.02479863166809082
1787959183.7380548,38640,47,LR,5.923487409933322e-05
1787959194.7591126,38680,47,Loss/l_ce,0.015946626663208008
1787959194.759286,38680,47,Loss/l_total,0.015946626663208008
1787959194.7593098,38680,47,LR,5.923487409933322e-05
1787959205.7947223,38720,47,Loss/l_ce,0.016710519790649414
1787959205.7951486,38720,47,Loss/l_total,0.016710519790649414
1787959205.7951841,38720,47,LR,5.923487409933322e-05
1787959217.4527893,38760,47,Loss/l_ce,0.0470125675201416
1787959217.4529626,38760,47,Loss/l_total,0.0470125675201416
1787959217.4529877,38760,47,LR,5.923487409933322e-05
1787959229.010189,38800,47,Loss/l_ce,0.017629623413085938
1787959229.0104775,38800,47,Loss/l_total,0.017629623413085938
1787959229.0105023,38800,47,LR,5.923487409933322e-05
1787959240.6697402,38840,47,Loss/l_ce,0.015144824981689453
1787959240.6701462,38840,47,Loss/l_total,0.015144824981689453
1787959240.6701796,38840,47,LR,5.923487409933322e-05
1787959252.907941,38880,47,Loss/l_ce,0.03357648849487305
1787959252.9082594,38880,47,Loss/l_total,0.03357648849487305
1787959252.9082904,38880,47,LR,5.923487409933322e-05
1787959264.474089,38920,47,Loss/l_ce,0.04480552673339844
1787959264.4743788,38920,47,Loss/l_total,0.04480552673339844
1787959264.4744036,38920,47,LR,5.923487409933322e-05
1787959275.9656045,38960,47,Loss/l_ce,0.0393526554107666
1787959275.9659035,38960,47,Loss/l_total,0.0393526554107666
1787959275.9659297,38960,47,LR,5.923487409933322e-05
1787959324.940423,38976,47,Val/dense_error,0.08094564080238342
1787959324.9407885,38976,47,Val/auc,0.5807463293256557
1787959324.9408123,38976,47,Val/pck_max,0.1
1787959324.9408312,38976,47,Val/pck_n,100.0
1787959334.2912812,39000,48,Loss/l_ce,0.014458894729614258
1787959334.2914665,39000,48,Loss/l_total,0.014458894729614258
1787959334.29149,39000,48,LR,5.7825573378819186e-05
1787959349.7402794,39040,48,Loss/l_ce,0.014336109161376953
1787959349.7405658,39040,48,Loss/l_total,0.014336109161376953
1787959349.7405906,39040,48,LR,5.7825573378819186e-05
1787959364.5536358,39080,48,Loss/l_ce,0.02636122703552246
1787959364.5539718,39080,48,Loss/l_total,0.02636122703552246
1787959364.554005,39080,48,LR,5.7825573378819186e-05
1787959382.1494467,39120,48,Loss/l_ce,0.012845993041992188
1787959382.149632,39120,48,Loss/l_total,0.012845993041992188
1787959382.1496546,39120,48,LR,5.7825573378819186e-05
1787959396.9967597,39160,48,Loss/l_ce,0.016800642013549805
1787959396.9970007,39160,48,Loss/l_total,0.016800642013549805
1787959396.997028,39160,48,LR,5.7825573378819186e-05
1787959409.609354,39200,48,Loss/l_ce,0.018706560134887695
1787959409.6096888,39200,48,Loss/l_total,0.018706560134887695
1787959409.609714,39200,48,LR,5.7825573378819186e-05
1787959424.2271268,39240,48,Loss/l_ce,0.014146804809570312
1787959424.227305,39240,48,Loss/l_total,0.014146804809570312
1787959424.2273264,39240,48,LR,5.7825573378819186e-05
1787959439.6106675,39280,48,Loss/l_ce,0.01716327667236328
1787959439.6109145,39280,48,Loss/l_total,0.01716327667236328
1787959439.6109395,39280,48,LR,5.7825573378819186e-05
1787959453.6186728,39320,48,Loss/l_ce,0.035395145416259766
1787959453.6188557,39320,48,Loss/l_total,0.035395145416259766
1787959453.6188796,39320,48,LR,5.7825573378819186e-05
1787959469.8451962,39360,48,Loss/l_ce,0.046933650970458984
1787959469.8454456,39360,48,Loss/l_total,0.046933650970458984
1787959469.845474,39360,48,LR,5.7825573378819186e-05
1787959484.8100958,39400,48,Loss/l_ce,0.017721176147460938
1787959484.8103344,39400,48,Loss/l_total,0.017721176147460938
1787959484.8103607,39400,48,LR,5.7825573378819186e-05
1787959502.5883865,39440,48,Loss/l_ce,0.04982137680053711
1787959502.5886216,39440,48,Loss/l_total,0.04982137680053711
1787959502.588642,39440,48,LR,5.7825573378819186e-05
1787959518.9768348,39480,48,Loss/l_ce,0.15473222732543945
1787959518.9771197,39480,48,Loss/l_total,0.15473222732543945
1787959518.977147,39480,48,LR,5.7825573378819186e-05
1787959535.1324658,39520,48,Loss/l_ce,0.015208244323730469
1787959535.132745,39520,48,Loss/l_total,0.015208244323730469
1787959535.132776,39520,48,LR,5.7825573378819186e-05
1787959550.7152023,39560,48,Loss/l_ce,0.061342477798461914
1787959550.7154067,39560,48,Loss/l_total,0.061342477798461914
1787959550.7154458,39560,48,LR,5.7825573378819186e-05
1787959566.4285784,39600,48,Loss/l_ce,0.012867450714111328
1787959566.4289105,39600,48,Loss/l_total,0.012867450714111328
1787959566.4289427,39600,48,LR,5.7825573378819186e-05
1787959580.3665676,39640,48,Loss/l_ce,0.015874385833740234
1787959580.3669605,39640,48,Loss/l_total,0.015874385833740234
1787959580.3669868,39640,48,LR,5.7825573378819186e-05
1787959596.2103646,39680,48,Loss/l_ce,0.052903175354003906
1787959596.2106698,39680,48,Loss/l_total,0.052903175354003906
1787959596.210695,39680,48,LR,5.7825573378819186e-05
1787959614.4634454,39720,48,Loss/l_ce,0.022891521453857422
1787959614.4637434,39720,48,Loss/l_total,0.022891521453857422
1787959614.463766,39720,48,LR,5.7825573378819186e-05
1787959629.3049612,39760,48,Loss/l_ce,0.10271835327148438
1787959629.3052452,39760,48,Loss/l_total,0.10271835327148438
1787959629.305275,39760,48,LR,5.7825573378819186e-05
1787959685.346959,39788,48,Val/dense_error,0.08977266401052475
1787959685.347352,39788,48,Val/auc,0.5752605120373184
1787959685.3473768,39788,48,Val/pck_max,0.1
1787959685.347396,39788,48,Val/pck_n,100.0
1787959692.559694,39800,49,Loss/l_ce,0.012876272201538086
1787959692.559909,39800,49,Loss/l_total,0.012876272201538086
1787959692.5599318,39800,49,LR,5.6413484158515854e-05
1787959705.4781394,39840,49,Loss/l_ce,0.03365516662597656
1787959705.4784327,39840,49,Loss/l_total,0.03365516662597656
1787959705.4784577,39840,49,LR,5.6413484158515854e-05
1787959719.9883473,39880,49,Loss/l_ce,0.02109384536743164
1787959719.988567,39880,49,Loss/l_total,0.02109384536743164
1787959719.988591,39880,49,LR,5.6413484158515854e-05
1787959731.4856946,39920,49,Loss/l_ce,0.01390695571899414
1787959731.4859867,39920,49,Loss/l_total,0.01390695571899414
1787959731.4860094,39920,49,LR,5.6413484158515854e-05
1787959745.6829913,39960,49,Loss/l_ce,0.02478957176208496
1787959745.683274,39960,49,Loss/l_total,0.02478957176208496
1787959745.6833,39960,49,LR,5.6413484158515854e-05
1787959761.2275376,40000,49,Loss/l_ce,0.0074770450592041016
1787959761.2277822,40000,49,Loss/l_total,0.0074770450592041016
1787959761.2278082,40000,49,LR,5.6413484158515854e-05
1787959773.4476547,40040,49,Loss/l_ce,0.10311174392700195
1787959773.4479682,40040,49,Loss/l_total,0.10311174392700195
1787959773.447999,40040,49,LR,5.6413484158515854e-05
1787959789.5772586,40080,49,Loss/l_ce,0.11269617080688477
1787959789.57751,40080,49,Loss/l_total,0.11269617080688477
1787959789.577534,40080,49,LR,5.6413484158515854e-05
1787959802.6154025,40120,49,Loss/l_ce,0.012985944747924805
1787959802.6156437,40120,49,Loss/l_total,0.012985944747924805
1787959802.615667,40120,49,LR,5.6413484158515854e-05
1787959817.2567582,40160,49,Loss/l_ce,0.016376972198486328
1787959817.2569933,40160,49,Loss/l_total,0.016376972198486328
1787959817.2570171,40160,49,LR,5.6413484158515854e-05
1787959831.590383,40200,49,Loss/l_ce,0.021172523498535156
1787959831.5905862,40200,49,Loss/l_total,0.021172523498535156
1787959831.5906136,40200,49,LR,5.6413484158515854e-05
1787959848.0815024,40240,49,Loss/l_ce,0.014047384262084961
1787959848.0818422,40240,49,Loss/l_total,0.014047384262084961
1787959848.081867,40240,49,LR,5.6413484158515854e-05
1787959863.8946524,40280,49,Loss/l_ce,0.026442527770996094
1787959863.894878,40280,49,Loss/l_total,0.026442527770996094
1787959863.8949018,40280,49,LR,5.6413484158515854e-05
1787959880.5179858,40320,49,Loss/l_ce,0.02554488182067871
1787959880.5181804,40320,49,Loss/l_total,0.02554488182067871
1787959880.5182042,40320,49,LR,5.6413484158515854e-05
1787959897.0592792,40360,49,Loss/l_ce,0.014744281768798828
1787959897.059582,40360,49,Loss/l_total,0.014744281768798828
1787959897.0596068,40360,49,LR,5.6413484158515854e-05
1787959912.5669088,40400,49,Loss/l_ce,0.04799771308898926
1787959912.5671546,40400,49,Loss/l_total,0.04799771308898926
1787959912.567182,40400,49,LR,5.6413484158515854e-05
1787959928.2334526,40440,49,Loss/l_ce,0.01845383644104004
1787959928.2336128,40440,49,Loss/l_total,0.01845383644104004
1787959928.2336366,40440,49,LR,5.6413484158515854e-05
1787959943.4737206,40480,49,Loss/l_ce,0.050009965896606445
1787959943.4739568,40480,49,Loss/l_total,0.050009965896606445
1787959943.4739816,40480,49,LR,5.6413484158515854e-05
1787959958.0498855,40520,49,Loss/l_ce,0.013722896575927734
1787959958.0501835,40520,49,Loss/l_total,0.013722896575927734
1787959958.0502121,40520,49,LR,5.6413484158515854e-05
1787959976.507029,40560,49,Loss/l_ce,0.02260422706604004
1787959976.5072415,40560,49,Loss/l_total,0.02260422706604004
1787959976.5072653,40560,49,LR,5.6413484158515854e-05
1787959991.4868774,40600,49,Loss/l_ce,0.015727758407592773
1787959991.4871032,40600,49,Loss/l_total,0.015727758407592773
1787959991.4871268,40600,49,LR,5.6413484158515854e-05
1787960036.6182468,40600,49,Val/dense_error,0.0897565558552742
1787960036.6186042,40600,49,Val/auc,0.572032357517058
1787960036.618628,40600,49,Val/pck_max,0.1
1787960036.618647,40600,49,Val/pck_n,100.0
1787960058.040473,40640,50,Loss/l_ce,0.012619256973266602
1787960058.0407639,40640,50,Loss/l_total,0.012619256973266602
1787960058.0407887,40640,50,LR,5.5000000000000076e-05
1787960072.9049459,40680,50,Loss/l_ce,0.14795732498168945
1787960072.9052014,40680,50,Loss/l_total,0.14795732498168945
1787960072.9052238,40680,50,LR,5.5000000000000076e-05
1787960089.476827,40720,50,Loss/l_ce,0.02292490005493164
1787960089.4771118,40720,50,Loss/l_total,0.02292490005493164
1787960089.4771378,40720,50,LR,5.5000000000000076e-05
1787960104.1818233,40760,50,Loss/l_ce,0.012264728546142578
1787960104.1821523,40760,50,Loss/l_total,0.012264728546142578
1787960104.1821797,40760,50,LR,5.5000000000000076e-05
1787960119.362088,40800,50,Loss/l_ce,0.009607791900634766
1787960119.362309,40800,50,Loss/l_total,0.009607791900634766
1787960119.3623314,40800,50,LR,5.5000000000000076e-05
1787960134.9707866,40840,50,Loss/l_ce,0.10327625274658203
1787960134.971081,40840,50,Loss/l_total,0.10327625274658203
1787960134.971112,40840,50,LR,5.5000000000000076e-05
1787960152.015421,40880,50,Loss/l_ce,0.03877544403076172
1787960152.015675,40880,50,Loss/l_total,0.03877544403076172
1787960152.0156999,40880,50,LR,5.5000000000000076e-05
1787960169.3028767,40920,50,Loss/l_ce,0.022568464279174805
1787960169.3030634,40920,50,Loss/l_total,0.022568464279174805
1787960169.3030894,40920,50,LR,5.5000000000000076e-05
1787960183.1522377,40960,50,Loss/l_ce,0.024622201919555664
1787960183.153755,40960,50,Loss/l_total,0.024622201919555664
1787960183.1537836,40960,50,LR,5.5000000000000076e-05
1787960196.1385388,41000,50,Loss/l_ce,0.05065155029296875
1787960196.1387537,41000,50,Loss/l_total,0.05065155029296875
1787960196.1387877,41000,50,LR,5.5000000000000076e-05
1787960206.9600658,41040,50,Loss/l_ce,0.01180410385131836
1787960206.9602616,41040,50,Loss/l_total,0.01180410385131836
1787960206.9602864,41040,50,LR,5.5000000000000076e-05
1787960220.3640995,41080,50,Loss/l_ce,0.016417741775512695
1787960220.3642871,41080,50,Loss/l_total,0.016417741775512695
1787960220.364311,41080,50,LR,5.5000000000000076e-05
1787960234.965825,41120,50,Loss/l_ce,0.11088681221008301
1787960234.96601,41120,50,Loss/l_total,0.11088681221008301
1787960234.9660528,41120,50,LR,5.5000000000000076e-05
1787960250.2353828,41160,50,Loss/l_ce,0.01967334747314453
1787960250.235606,41160,50,Loss/l_total,0.01967334747314453
1787960250.2356274,41160,50,LR,5.5000000000000076e-05
1787960265.2941096,41200,50,Loss/l_ce,0.11216163635253906
1787960265.294574,41200,50,Loss/l_total,0.11216163635253906
1787960265.2945988,41200,50,LR,5.5000000000000076e-05
1787960282.9463534,41240,50,Loss/l_ce,0.015194416046142578
1787960282.9467063,41240,50,Loss/l_total,0.015194416046142578
1787960282.946731,41240,50,LR,5.5000000000000076e-05
1787960298.223136,41280,50,Loss/l_ce,0.017938852310180664
1787960298.2236276,41280,50,Loss/l_total,0.017938852310180664
1787960298.2236536,41280,50,LR,5.5000000000000076e-05
1787960310.5704715,41320,50,Loss/l_ce,0.0594477653503418
1787960310.5707622,41320,50,Loss/l_total,0.0594477653503418
1787960310.570787,41320,50,LR,5.5000000000000076e-05
1787960324.9485335,41360,50,Loss/l_ce,0.01490163803100586
1787960324.9487414,41360,50,Loss/l_total,0.01490163803100586
1787960324.9487653,41360,50,LR,5.5000000000000076e-05
1787960337.260395,41400,50,Loss/l_ce,0.022504329681396484
1787960337.2606645,41400,50,Loss/l_total,0.022504329681396484
1787960337.2606907,41400,50,LR,5.5000000000000076e-05
1787960388.6278732,41412,50,Val/dense_error,0.08711790293455124
1787960388.6282058,41412,50,Val/auc,0.5738336696873596
1787960388.628233,41412,50,Val/pck_max,0.1
1787960388.6282523,41412,50,Val/pck_n,100.0
1787960403.160162,41440,51,Loss/l_ce,0.015035152435302734
1787960403.1604054,41440,51,Loss/l_total,0.015035152435302734
1787960403.160428,41440,51,LR,5.35865158414843e-05
1787960420.3429718,41480,51,Loss/l_ce,0.015505075454711914
1787960420.3431668,41480,51,Loss/l_total,0.015505075454711914
1787960420.3431928,41480,51,LR,5.35865158414843e-05
1787960436.7308955,41520,51,Loss/l_ce,0.02533698081970215
1787960436.7310996,41520,51,Loss/l_total,0.02533698081970215
1787960436.7311234,41520,51,LR,5.35865158414843e-05
1787960450.7708452,41560,51,Loss/l_ce,0.022235393524169922
1787960450.7711644,41560,51,Loss/l_total,0.022235393524169922
1787960450.7711954,41560,51,LR,5.35865158414843e-05
1787960466.0504382,41600,51,Loss/l_ce,0.015239238739013672
1787960466.0506637,41600,51,Loss/l_total,0.015239238739013672
1787960466.0506897,41600,51,LR,5.35865158414843e-05
1787960482.4431808,41640,51,Loss/l_ce,0.025475502014160156
1787960482.44341,41640,51,Loss/l_total,0.025475502014160156
1787960482.4434323,41640,51,LR,5.35865158414843e-05
1787960497.6086557,41680,51,Loss/l_ce,0.03889584541320801
1787960497.6089618,41680,51,Loss/l_total,0.03889584541320801
1787960497.6089928,41680,51,LR,5.35865158414843e-05
1787960511.923526,41720,51,Loss/l_ce,0.01379084587097168
1787960511.9236996,41720,51,Loss/l_total,0.01379084587097168
1787960511.9237232,41720,51,LR,5.35865158414843e-05
1787960527.6545537,41760,51,Loss/l_ce,0.01419973373413086
1787960527.6547353,41760,51,Loss/l_total,0.01419973373413086
1787960527.654759,41760,51,LR,5.35865158414843e-05
1787960543.4671671,41800,51,Loss/l_ce,0.023134231567382812
1787960543.4674475,41800,51,Loss/l_total,0.023134231567382812
1787960543.4674737,41800,51,LR,5.35865158414843e-05
1787960558.544922,41840,51,Loss/l_ce,0.01978015899658203
1787960558.5451107,41840,51,Loss/l_total,0.01978015899658203
1787960558.5451345,41840,51,LR,5.35865158414843e-05
1787960573.3669686,41880,51,Loss/l_ce,0.04275798797607422
1787960573.3676474,41880,51,Loss/l_total,0.04275798797607422
1787960573.3676703,41880,51,LR,5.35865158414843e-05
1787960588.5155754,41920,51,Loss/l_ce,0.0095062255859375
1787960588.5157378,41920,51,Loss/l_total,0.0095062255859375
1787960588.5157595,41920,51,LR,5.35865158414843e-05
1787960601.6132426,41960,51,Loss/l_ce,0.051407814025878906
1787960601.613442,41960,51,Loss/l_total,0.051407814025878906
1787960601.6134727,41960,51,LR,5.35865158414843e-05
1787960615.7572422,42000,51,Loss/l_ce,0.047963619232177734
1787960615.757418,42000,51,Loss/l_total,0.047963619232177734
1787960615.7574406,42000,51,LR,5.35865158414843e-05
1787960631.91033,42040,51,Loss/l_ce,0.014293193817138672
1787960631.9105759,42040,51,Loss/l_total,0.014293193817138672
1787960631.9105997,42040,51,LR,5.35865158414843e-05
1787960653.7551944,42080,51,Loss/l_ce,0.1677553653717041
1787960653.7555757,42080,51,Loss/l_total,0.1677553653717041
1787960653.7556005,42080,51,LR,5.35865158414843e-05
1787960677.1437597,42120,51,Loss/l_ce,0.015397071838378906
1787960677.1439779,42120,51,Loss/l_total,0.015397071838378906
1787960677.144003,42120,51,LR,5.35865158414843e-05
1787960699.7536213,42160,51,Loss/l_ce,0.014046192169189453
1787960699.753836,42160,51,Loss/l_total,0.014046192169189453
1787960699.753861,42160,51,LR,5.35865158414843e-05
1787960721.803539,42200,51,Loss/l_ce,0.011580705642700195
1787960721.803857,42200,51,Loss/l_total,0.011580705642700195
1787960721.8038843,42200,51,LR,5.35865158414843e-05
1787960787.7602327,42224,51,Val/dense_error,0.085366390645504
1787960787.760545,42224,51,Val/auc,0.5775707707052525
1787960787.7605686,42224,51,Val/pck_max,0.1
1787960787.7605877,42224,51,Val/pck_n,100.0
1787960797.8259745,42240,52,Loss/l_ce,0.05081605911254883
1787960797.8263342,42240,52,Loss/l_total,0.05081605911254883
1787960797.8263638,42240,52,LR,5.217442662118097e-05
1787960818.0095146,42280,52,Loss/l_ce,0.014639139175415039
1787960818.0098598,42280,52,Loss/l_total,0.014639139175415039
1787960818.0098882,42280,52,LR,5.217442662118097e-05
1787960832.7756524,42320,52,Loss/l_ce,0.019292831420898438
1787960832.7758899,42320,52,Loss/l_total,0.019292831420898438
1787960832.7759147,42320,52,LR,5.217442662118097e-05
1787960843.7277308,42360,52,Loss/l_ce,0.012713432312011719
1787960843.727998,42360,52,Loss/l_total,0.012713432312011719
1787960843.7280228,42360,52,LR,5.217442662118097e-05
1787960856.5642364,42400,52,Loss/l_ce,0.014360904693603516
1787960856.564487,42400,52,Loss/l_total,0.014360904693603516
1787960856.5645118,42400,52,LR,5.217442662118097e-05
1787960868.9004276,42440,52,Loss/l_ce,0.03572821617126465
1787960868.9006567,42440,52,Loss/l_total,0.03572821617126465
1787960868.900679,42440,52,LR,5.217442662118097e-05
1787960883.0595748,42480,52,Loss/l_ce,0.034389495849609375
1787960883.059753,42480,52,Loss/l_total,0.034389495849609375
1787960883.0597777,42480,52,LR,5.217442662118097e-05
1787960895.5714781,42520,52,Loss/l_ce,0.020227909088134766
1787960895.5717165,42520,52,Loss/l_total,0.020227909088134766
1787960895.5717404,42520,52,LR,5.217442662118097e-05
1787960911.4109888,42560,52,Loss/l_ce,0.03791332244873047
1787960911.4111776,42560,52,Loss/l_total,0.03791332244873047
1787960911.4112027,42560,52,LR,5.217442662118097e-05
1787960929.7734246,42600,52,Loss/l_ce,0.12229585647583008
1787960929.7736764,42600,52,Loss/l_total,0.12229585647583008
1787960929.7737072,42600,52,LR,5.217442662118097e-05
1787960947.2635055,42640,52,Loss/l_ce,0.01581287384033203
1787960947.263686,42640,52,Loss/l_total,0.01581287384033203
1787960947.2637084,42640,52,LR,5.217442662118097e-05
1787960965.3423421,42680,52,Loss/l_ce,0.020247220993041992
1787960965.3425155,42680,52,Loss/l_total,0.020247220993041992
1787960965.3425379,42680,52,LR,5.217442662118097e-05
1787960984.1518881,42720,52,Loss/l_ce,0.01497340202331543
1787960984.1521125,42720,52,Loss/l_total,0.01497340202331543
1787960984.1521385,42720,52,LR,5.217442662118097e-05
1787961005.4497554,42760,52,Loss/l_ce,0.0182952880859375
1787961005.4501224,42760,52,Loss/l_total,0.0182952880859375
1787961005.4501483,42760,52,LR,5.217442662118097e-05
1787961027.2198305,42800,52,Loss/l_ce,0.029170989990234375
1787961027.220019,42800,52,Loss/l_total,0.029170989990234375
1787961027.2200668,42800,52,LR,5.217442662118097e-05
1787961047.525873,42840,52,Loss/l_ce,0.014657020568847656
1787961047.526204,42840,52,Loss/l_total,0.014657020568847656
1787961047.5262291,42840,52,LR,5.217442662118097e-05
1787961064.6445158,42880,52,Loss/l_ce,0.014075517654418945
1787961064.6448092,42880,52,Loss/l_total,0.014075517654418945
1787961064.6448317,42880,52,LR,5.217442662118097e-05
1787961075.1702056,42920,52,Loss/l_ce,0.027210235595703125
1787961075.170538,42920,52,Loss/l_total,0.027210235595703125
1787961075.1705644,42920,52,LR,5.217442662118097e-05
1787961086.3431363,42960,52,Loss/l_ce,0.006085395812988281
1787961086.343364,42960,52,Loss/l_total,0.006085395812988281
1787961086.3433902,42960,52,LR,5.217442662118097e-05
1787961097.4592583,43000,52,Loss/l_ce,0.02199864387512207
1787961097.4594448,43000,52,Loss/l_total,0.02199864387512207
1787961097.4594662,43000,52,LR,5.217442662118097e-05
1787961148.1974738,43036,52,Val/dense_error,0.09417971223592758
1787961148.1980035,43036,52,Val/auc,0.577258896499061
1787961148.1980603,43036,52,Val/pck_max,0.1
1787961148.1984224,43036,52,Val/pck_n,100.0
1787961151.1888683,43040,53,Loss/l_ce,0.013601303100585938
1787961151.1893256,43040,53,Loss/l_total,0.013601303100585938
1787961151.1893504,43040,53,LR,5.076512590066692e-05
1787961167.2095048,43080,53,Loss/l_ce,0.06183767318725586
1787961167.2097943,43080,53,Loss/l_total,0.06183767318725586
1787961167.2098181,43080,53,LR,5.076512590066692e-05
1787961191.2195632,43120,53,Loss/l_ce,0.014317035675048828
1787961191.2199526,43120,53,Loss/l_total,0.014317035675048828
1787961191.219985,43120,53,LR,5.076512590066692e-05
1787961218.6567469,43160,53,Loss/l_ce,0.049356698989868164
1787961218.657362,43160,53,Loss/l_total,0.049356698989868164
1787961218.6573915,43160,53,LR,5.076512590066692e-05
1787961234.9846995,43200,53,Loss/l_ce,0.015504598617553711
1787961234.9849775,43200,53,Loss/l_total,0.015504598617553711
1787961234.9850044,43200,53,LR,5.076512590066692e-05
1787961257.6168933,43240,53,Loss/l_ce,0.028824806213378906
1787961257.617259,43240,53,Loss/l_total,0.028824806213378906
1787961257.6172934,43240,53,LR,5.076512590066692e-05
1787961278.8610053,43280,53,Loss/l_ce,0.034451961517333984
1787961278.861282,43280,53,Loss/l_total,0.034451961517333984
1787961278.8613105,43280,53,LR,5.076512590066692e-05
1787961298.1713362,43320,53,Loss/l_ce,0.0299527645111084
1787961298.1719856,43320,53,Loss/l_total,0.0299527645111084
1787961298.1720283,43320,53,LR,5.076512590066692e-05
1787961324.1926563,43360,53,Loss/l_ce,0.02809596061706543
1787961324.1930804,43360,53,Loss/l_total,0.02809596061706543
1787961324.193116,43360,53,LR,5.076512590066692e-05
1787961342.6877055,43400,53,Loss/l_ce,0.22569704055786133
1787961342.6879668,43400,53,Loss/l_total,0.22569704055786133
1787961342.6879964,43400,53,LR,5.076512590066692e-05
1787961366.7401593,43440,53,Loss/l_ce,0.013514041900634766
1787961366.740367,43440,53,Loss/l_total,0.013514041900634766
1787961366.7403965,43440,53,LR,5.076512590066692e-05
1787961389.8990853,43480,53,Loss/l_ce,0.013447284698486328
1787961389.8993633,43480,53,Loss/l_total,0.013447284698486328
1787961389.8993964,43480,53,LR,5.076512590066692e-05
1787961413.1025844,43520,53,Loss/l_ce,0.06409239768981934
1787961413.1027744,43520,53,Loss/l_total,0.06409239768981934
1787961413.102798,43520,53,LR,5.076512590066692e-05
1787961435.1140242,43560,53,Loss/l_ce,0.01851511001586914
1787961435.1142402,43560,53,Loss/l_total,0.01851511001586914
1787961435.114264,43560,53,LR,5.076512590066692e-05
1787961454.8649337,43600,53,Loss/l_ce,0.016173124313354492
1787961454.8652554,43600,53,Loss/l_total,0.016173124313354492
1787961454.8652825,43600,53,LR,5.076512590066692e-05
1787961471.8326356,43640,53,Loss/l_ce,0.007048845291137695
1787961471.833101,43640,53,Loss/l_total,0.007048845291137695
1787961471.8331308,43640,53,LR,5.076512590066692e-05
1787961482.997119,43680,53,Loss/l_ce,0.021929025650024414
1787961482.9974098,43680,53,Loss/l_total,0.021929025650024414
1787961482.9974372,43680,53,LR,5.076512590066692e-05
1787961495.7264116,43720,53,Loss/l_ce,0.22338509559631348
1787961495.726625,43720,53,Loss/l_total,0.22338509559631348
1787961495.7266479,43720,53,LR,5.076512590066692e-05
1787961511.7318048,43760,53,Loss/l_ce,0.030376911163330078
1787961511.7320282,43760,53,Loss/l_total,0.030376911163330078
1787961511.7320719,43760,53,LR,5.076512590066692e-05
1787961532.4508362,43800,53,Loss/l_ce,0.032858848571777344
1787961532.4510581,43800,53,Loss/l_total,0.032858848571777344
1787961532.4510844,43800,53,LR,5.076512590066692e-05
1787961554.1082551,43840,53,Loss/l_ce,0.028142929077148438
1787961554.1085308,43840,53,Loss/l_total,0.028142929077148438
1787961554.1085687,43840,53,LR,5.076512590066692e-05
1787961608.3325665,43848,53,Val/dense_error,0.08707873523235321
1787961608.332868,43848,53,Val/auc,0.5744059909976597
1787961608.3328943,43848,53,Val/pck_max,0.1
1787961608.3329132,43848,53,Val/pck_n,100.0
1787961630.3392048,43880,54,Loss/l_ce,0.013775348663330078
1787961630.339529,43880,54,Loss/l_total,0.013775348663330078
1787961630.3395636,43880,54,LR,4.9360004489606375e-05
1787961653.9658546,43920,54,Loss/l_ce,0.02047586441040039
1787961653.966186,43920,54,Loss/l_total,0.02047586441040039
1787961653.9662135,43920,54,LR,4.9360004489606375e-05
1787961677.6931522,43960,54,Loss/l_ce,0.013775825500488281
1787961677.693467,43960,54,Loss/l_total,0.013775825500488281
1787961677.6934905,43960,54,LR,4.9360004489606375e-05
1787961698.1936486,44000,54,Loss/l_ce,0.033167362213134766
1787961698.193872,44000,54,Loss/l_total,0.033167362213134766
1787961698.193897,44000,54,LR,4.9360004489606375e-05
1787961709.7251112,44040,54,Loss/l_ce,0.02420210838317871
1787961709.7253795,44040,54,Loss/l_total,0.02420210838317871
1787961709.7254033,44040,54,LR,4.9360004489606375e-05
1787961721.606118,44080,54,Loss/l_ce,0.01593947410583496
1787961721.6064432,44080,54,Loss/l_total,0.01593947410583496
1787961721.6064682,44080,54,LR,4.9360004489606375e-05
1787961739.5814662,44120,54,Loss/l_ce,0.03587698936462402
1787961739.5818043,44120,54,Loss/l_total,0.03587698936462402
1787961739.581828,44120,54,LR,4.9360004489606375e-05
1787961762.930857,44160,54,Loss/l_ce,0.015476465225219727
1787961762.9311514,44160,54,Loss/l_total,0.015476465225219727
1787961762.9311774,44160,54,LR,4.9360004489606375e-05
1787961780.3331227,44200,54,Loss/l_ce,0.019509553909301758
1787961780.3333616,44200,54,Loss/l_total,0.019509553909301758
1787961780.3333864,44200,54,LR,4.9360004489606375e-05
1787961800.8194914,44240,54,Loss/l_ce,0.012482166290283203
1787961800.8198357,44240,54,Loss/l_total,0.012482166290283203
1787961800.8198667,44240,54,LR,4.9360004489606375e-05
1787961822.5797338,44280,54,Loss/l_ce,0.024127960205078125
1787961822.5799427,44280,54,Loss/l_total,0.024127960205078125
1787961822.5799677,44280,54,LR,4.9360004489606375e-05
1787961842.5416508,44320,54,Loss/l_ce,0.061105966567993164
1787961842.5419784,44320,54,Loss/l_total,0.061105966567993164
1787961842.5420032,44320,54,LR,4.9360004489606375e-05
1787961863.9571412,44360,54,Loss/l_ce,0.016762733459472656
1787961863.9574656,44360,54,Loss/l_total,0.016762733459472656
1787961863.9574904,44360,54,LR,4.9360004489606375e-05
1787961883.9038956,44400,54,Loss/l_ce,0.022277355194091797
1787961883.904248,44400,54,Loss/l_total,0.022277355194091797
1787961883.9042754,44400,54,LR,4.9360004489606375e-05
1787961903.738691,44440,54,Loss/l_ce,0.017748355865478516
1787961903.7390165,44440,54,Loss/l_total,0.017748355865478516
1787961903.7390723,44440,54,LR,4.9360004489606375e-05
1787961923.1620657,44480,54,Loss/l_ce,0.015184402465820312
1787961923.1624622,44480,54,Loss/l_total,0.015184402465820312
1787961923.1624908,44480,54,LR,4.9360004489606375e-05
1787961944.3949647,44520,54,Loss/l_ce,0.047270774841308594
1787961944.3953116,44520,54,Loss/l_total,0.047270774841308594
1787961944.3953388,44520,54,LR,4.9360004489606375e-05
1787961955.831835,44560,54,Loss/l_ce,0.011385440826416016
1787961955.832031,44560,54,Loss/l_total,0.011385440826416016
1787961955.8320823,44560,54,LR,4.9360004489606375e-05
1787961969.8212204,44600,54,Loss/l_ce,0.035529136657714844
1787961969.8214781,44600,54,Loss/l_total,0.035529136657714844
1787961969.8215053,44600,54,LR,4.9360004489606375e-05
1787961986.103365,44640,54,Loss/l_ce,0.006693601608276367
1787961986.103657,44640,54,Loss/l_total,0.006693601608276367
1787961986.1036901,44640,54,LR,4.9360004489606375e-05
1787962042.7943072,44660,54,Val/dense_error,0.08181743323802948
1787962042.7946327,44660,54,Val/auc,0.5837660482427774
1787962042.7946563,44660,54,Val/pck_max,0.1
1787962042.794673,44660,54,Val/pck_n,100.0
1787962053.6074905,44680,55,Loss/l_ce,0.03333234786987305
1787962053.6076863,44680,55,Loss/l_total,0.03333234786987305
1787962053.6077101,44680,55,LR,4.796044907318967e-05
1787962066.964372,44720,55,Loss/l_ce,0.021097183227539062
1787962066.9645405,44720,55,Loss/l_total,0.021097183227539062
1787962066.9645607,44720,55,LR,4.796044907318967e-05
1787962078.7054994,44760,55,Loss/l_ce,0.017973899841308594
1787962078.7056773,44760,55,Loss/l_total,0.017973899841308594
1787962078.7057,44760,55,LR,4.796044907318967e-05
1787962089.9443953,44800,55,Loss/l_ce,0.0205380916595459
1787962089.944596,44800,55,Loss/l_total,0.0205380916595459
1787962089.944622,44800,55,LR,4.796044907318967e-05
1787962107.3966503,44840,55,Loss/l_ce,0.012755870819091797
1787962107.3968186,44840,55,Loss/l_total,0.012755870819091797
1787962107.3968415,44840,55,LR,4.796044907318967e-05
1787962121.9501529,44880,55,Loss/l_ce,0.01226806640625
1787962121.950401,44880,55,Loss/l_total,0.01226806640625
1787962121.950426,44880,55,LR,4.796044907318967e-05
1787962133.399704,44920,55,Loss/l_ce,0.03751230239868164
1787962133.3998656,44920,55,Loss/l_total,0.03751230239868164
1787962133.3998904,44920,55,LR,4.796044907318967e-05
1787962145.3044982,44960,55,Loss/l_ce,0.014375686645507812
1787962145.304699,44960,55,Loss/l_total,0.014375686645507812
1787962145.3047228,44960,55,LR,4.796044907318967e-05
1787962157.3342865,45000,55,Loss/l_ce,0.053324222564697266
1787962157.3345168,45000,55,Loss/l_total,0.053324222564697266
1787962157.3345404,45000,55,LR,4.796044907318967e-05
1787962177.6119568,45040,55,Loss/l_ce,0.012228012084960938
1787962177.6122086,45040,55,Loss/l_total,0.012228012084960938
1787962177.6122384,45040,55,LR,4.796044907318967e-05
1787962198.4556656,45080,55,Loss/l_ce,0.03631925582885742
1787962198.4559457,45080,55,Loss/l_total,0.03631925582885742
1787962198.4559767,45080,55,LR,4.796044907318967e-05
1787962219.1491704,45120,55,Loss/l_ce,0.03452157974243164
1787962219.149376,45120,55,Loss/l_total,0.03452157974243164
1787962219.1494057,45120,55,LR,4.796044907318967e-05
1787962241.3897765,45160,55,Loss/l_ce,0.012947320938110352
1787962241.390104,45160,55,Loss/l_total,0.012947320938110352
1787962241.3901303,45160,55,LR,4.796044907318967e-05
1787962261.2362149,45200,55,Loss/l_ce,0.056665658950805664
1787962261.2365901,45200,55,Loss/l_total,0.056665658950805664
1787962261.2366161,45200,55,LR,4.796044907318967e-05
1787962283.1273527,45240,55,Loss/l_ce,0.012907743453979492
1787962283.1275892,45240,55,Loss/l_total,0.012907743453979492
1787962283.1276116,45240,55,LR,4.796044907318967e-05
1787962304.7154975,45280,55,Loss/l_ce,0.02500295639038086
1787962304.7157729,45280,55,Loss/l_total,0.02500295639038086
1787962304.7157977,45280,55,LR,4.796044907318967e-05
1787962324.4609232,45320,55,Loss/l_ce,0.009893417358398438
1787962324.4612284,45320,55,Loss/l_total,0.009893417358398438
1787962324.4612544,45320,55,LR,4.796044907318967e-05
1787962336.4319046,45360,55,Loss/l_ce,0.024497270584106445
1787962336.4321668,45360,55,Loss/l_total,0.024497270584106445
1787962336.4321942,45360,55,LR,4.796044907318967e-05
1787962347.462695,45400,55,Loss/l_ce,0.02273392677307129
1787962347.4628813,45400,55,Loss/l_total,0.02273392677307129
1787962347.4629052,45400,55,LR,4.796044907318967e-05
1787962359.6190577,45440,55,Loss/l_ce,0.013880252838134766
1787962359.6192715,45440,55,Loss/l_total,0.013880252838134766
1787962359.6192975,45440,55,LR,4.796044907318967e-05
1787962417.9894462,45472,55,Val/dense_error,0.08507441729307175
1787962417.9897761,45472,55,Val/auc,0.5794800018700764
1787962417.9898,45472,55,Val/pck_max,0.1
1787962417.9898179,45472,55,Val/pck_n,100.0
1787962425.3808694,45480,56,Loss/l_ce,0.024110794067382812
1787962425.3810701,45480,56,Loss/l_total,0.024110794067382812
1787962425.3810937,45480,56,LR,4.6567840843642445e-05
1787962436.9008975,45520,56,Loss/l_ce,0.01414799690246582
1787962436.901103,45520,56,Loss/l_total,0.01414799690246582
1787962436.901128,45520,56,LR,4.6567840843642445e-05
1787962448.4887338,45560,56,Loss/l_ce,0.09422421455383301
1787962448.4888904,45560,56,Loss/l_total,0.09422421455383301
1787962448.4892013,45560,56,LR,4.6567840843642445e-05
1787962460.4450998,45600,56,Loss/l_ce,0.05825185775756836
1787962460.4453168,45600,56,Loss/l_total,0.05825185775756836
1787962460.445342,45600,56,LR,4.6567840843642445e-05
1787962472.1898122,45640,56,Loss/l_ce,0.008800268173217773
1787962472.1901007,45640,56,Loss/l_total,0.008800268173217773
1787962472.1901412,45640,56,LR,4.6567840843642445e-05
1787962483.3276198,45680,56,Loss/l_ce,0.015124797821044922
1787962483.3278086,45680,56,Loss/l_total,0.015124797821044922
1787962483.3278358,45680,56,LR,4.6567840843642445e-05
1787962494.1084876,45720,56,Loss/l_ce,0.017422199249267578
1787962494.1086588,45720,56,Loss/l_total,0.017422199249267578
1787962494.1086824,45720,56,LR,4.6567840843642445e-05
1787962505.184184,45760,56,Loss/l_ce,0.020267963409423828
1787962505.184342,45760,56,Loss/l_total,0.020267963409423828
1787962505.1843672,45760,56,LR,4.6567840843642445e-05
1787962517.428533,45800,56,Loss/l_ce,0.016891002655029297
1787962517.428749,45800,56,Loss/l_total,0.016891002655029297
1787962517.4287727,45800,56,LR,4.6567840843642445e-05
1787962529.2333357,45840,56,Loss/l_ce,0.02374887466430664
1787962529.2335851,45840,56,Loss/l_total,0.02374887466430664
1787962529.23361,45840,56,LR,4.6567840843642445e-05
1787962541.1152098,45880,56,Loss/l_ce,0.030881881713867188
1787962541.115465,45880,56,Loss/l_total,0.030881881713867188
1787962541.1154876,45880,56,LR,4.6567840843642445e-05
1787962552.818786,45920,56,Loss/l_ce,0.04216718673706055
1787962552.818951,45920,56,Loss/l_total,0.04216718673706055
1787962552.818972,45920,56,LR,4.6567840843642445e-05
1787962564.4241228,45960,56,Loss/l_ce,0.04163646697998047
1787962564.4243102,45960,56,Loss/l_total,0.04163646697998047
1787962564.4243352,45960,56,LR,4.6567840843642445e-05
1787962576.6129963,46000,56,Loss/l_ce,0.015507221221923828
1787962576.613248,46000,56,Loss/l_total,0.015507221221923828
1787962576.6132715,46000,56,LR,4.6567840843642445e-05
1787962588.4897387,46040,56,Loss/l_ce,0.017049312591552734
1787962588.4899583,46040,56,Loss/l_total,0.017049312591552734
1787962588.489988,46040,56,LR,4.6567840843642445e-05
1787962610.0781438,46080,56,Loss/l_ce,0.05086469650268555
1787962610.0783076,46080,56,Loss/l_total,0.05086469650268555
1787962610.0783315,46080,56,LR,4.6567840843642445e-05
1787962632.8438437,46120,56,Loss/l_ce,0.012854576110839844
1787962632.8441048,46120,56,Loss/l_total,0.012854576110839844
1787962632.8441286,46120,56,LR,4.6567840843642445e-05
1787962644.4162745,46160,56,Loss/l_ce,0.0162353515625
1787962644.4164765,46160,56,Loss/l_total,0.0162353515625
1787962644.4165003,46160,56,LR,4.6567840843642445e-05
1787962661.7418115,46200,56,Loss/l_ce,0.014068126678466797
1787962661.7419896,46200,56,Loss/l_total,0.014068126678466797
1787962661.7420123,46200,56,LR,4.6567840843642445e-05
1787962680.7905695,46240,56,Loss/l_ce,0.013206005096435547
1787962680.7907393,46240,56,Loss/l_total,0.013206005096435547
1787962680.7907608,46240,56,LR,4.6567840843642445e-05
1787962699.307435,46280,56,Loss/l_ce,0.012302637100219727
1787962699.3076165,46280,56,Loss/l_total,0.012302637100219727
1787962699.3076391,46280,56,LR,4.6567840843642445e-05
1787962750.3960984,46284,56,Val/dense_error,0.08007004857063293
1787962750.396439,46284,56,Val/auc,0.572583056068528
1787962750.3964627,46284,56,Val/pck_max,0.1
1787962750.3964818,46284,56,Val/pck_n,100.0
1787962772.2610574,46320,57,Loss/l_ce,0.04128909111022949
1787962772.261291,46320,57,Loss/l_total,0.04128909111022949
1787962772.2613149,46320,57,LR,4.518355413715565e-05
1787962788.4272196,46360,57,Loss/l_ce,0.01295018196105957
1787962788.427489,46360,57,Loss/l_total,0.01295018196105957
1787962788.4275117,46360,57,LR,4.518355413715565e-05
1787962808.5233617,46400,57,Loss/l_ce,0.0847177505493164
1787962808.5236669,46400,57,Loss/l_total,0.0847177505493164
1787962808.5236907,46400,57,LR,4.518355413715565e-05
1787962824.8613427,46440,57,Loss/l_ce,0.030903100967407227
1787962824.8615339,46440,57,Loss/l_total,0.030903100967407227
1787962824.8615696,46440,57,LR,4.518355413715565e-05
1787962838.2573466,46480,57,Loss/l_ce,0.01281118392944336
1787962838.257609,46480,57,Loss/l_total,0.01281118392944336
1787962838.2576303,46480,57,LR,4.518355413715565e-05
1787962855.67178,46520,57,Loss/l_ce,0.033844947814941406
1787962855.6721923,46520,57,Loss/l_total,0.033844947814941406
1787962855.672223,46520,57,LR,4.518355413715565e-05
1787962876.9464884,46560,57,Loss/l_ce,0.03794717788696289
1787962876.9467554,46560,57,Loss/l_total,0.03794717788696289
1787962876.9467838,46560,57,LR,4.518355413715565e-05
1787962896.5404475,46600,57,Loss/l_ce,0.01782679557800293
1787962896.540786,46600,57,Loss/l_total,0.01782679557800293
1787962896.5408108,46600,57,LR,4.518355413715565e-05
1787962914.68926,46640,57,Loss/l_ce,0.016800642013549805
1787962914.6895154,46640,57,Loss/l_total,0.016800642013549805
1787962914.6895401,46640,57,LR,4.518355413715565e-05
1787962937.8902164,46680,57,Loss/l_ce,0.022304773330688477
1787962937.89053,46680,57,Loss/l_total,0.022304773330688477
1787962937.890555,46680,57,LR,4.518355413715565e-05
1787962958.8180966,46720,57,Loss/l_ce,0.04370760917663574
1787962958.8183625,46720,57,Loss/l_total,0.04370760917663574
1787962958.818386,46720,57,LR,4.518355413715565e-05
1787962977.8241117,46760,57,Loss/l_ce,0.042088985443115234
1787962977.8243465,46760,57,Loss/l_total,0.042088985443115234
1787962977.8243692,46760,57,LR,4.518355413715565e-05
1787962998.2084053,46800,57,Loss/l_ce,0.012050867080688477
1787962998.208651,46800,57,Loss/l_total,0.012050867080688477
1787962998.2086737,46800,57,LR,4.518355413715565e-05
1787963019.1829343,46840,57,Loss/l_ce,0.022849321365356445
1787963019.1832526,46840,57,Loss/l_total,0.022849321365356445
1787963019.1832774,46840,57,LR,4.518355413715565e-05
1787963041.7049093,46880,57,Loss/l_ce,0.0285952091217041
1787963041.7052002,46880,57,Loss/l_total,0.0285952091217041
1787963041.7052312,46880,57,LR,4.518355413715565e-05
1787963062.8530853,46920,57,Loss/l_ce,0.018222332000732422
1787963062.853326,46920,57,Loss/l_total,0.018222332000732422
1787963062.85335,46920,57,LR,4.518355413715565e-05
1787963080.8581278,46960,57,Loss/l_ce,0.028697490692138672
1787963080.8584235,46960,57,Loss/l_total,0.028697490692138672
1787963080.8584497,46960,57,LR,4.518355413715565e-05
1787963103.420863,47000,57,Loss/l_ce,0.014449119567871094
1787963103.4210827,47000,57,Loss/l_total,0.014449119567871094
1787963103.4211087,47000,57,LR,4.518355413715565e-05
1787963124.7215571,47040,57,Loss/l_ce,0.04737496376037598
1787963124.7218397,47040,57,Loss/l_total,0.04737496376037598
1787963124.7218635,47040,57,LR,4.518355413715565e-05
1787963135.8992646,47080,57,Loss/l_ce,0.02138352394104004
1787963135.899451,47080,57,Loss/l_total,0.02138352394104004
1787963135.899476,47080,57,LR,4.518355413715565e-05
1787963191.8234873,47096,57,Val/dense_error,0.08802607655525208
1787963191.8237543,47096,57,Val/auc,0.5738078262698987
1787963191.8237793,47096,57,Val/pck_max,0.1
1787963191.8237996,47096,57,Val/pck_n,100.0
1787963203.6321905,47120,58,Loss/l_ce,0.03871941566467285
1787963203.6324766,47120,58,Loss/l_total,0.03871941566467285
1787963203.6325018,47120,58,LR,4.380895507758158e-05
1787963224.747193,47160,58,Loss/l_ce,0.035424232482910156
1787963224.7475278,47160,58,Loss/l_total,0.035424232482910156
1787963224.7475517,47160,58,LR,4.380895507758158e-05
1787963244.2318587,47200,58,Loss/l_ce,0.013276338577270508
1787963244.2322874,47200,58,Loss/l_total,0.013276338577270508
1787963244.2323172,47200,58,LR,4.380895507758158e-05
1787963263.9663374,47240,58,Loss/l_ce,0.03027820587158203
1787963263.9666724,47240,58,Loss/l_total,0.03027820587158203
1787963263.9666984,47240,58,LR,4.380895507758158e-05
1787963284.9290714,47280,58,Loss/l_ce,0.0747671127319336
1787963284.9294832,47280,58,Loss/l_total,0.0747671127319336
1787963284.9295082,47280,58,LR,4.380895507758158e-05
1787963303.9298522,47320,58,Loss/l_ce,0.01286935806274414
1787963303.9301977,47320,58,Loss/l_total,0.01286935806274414
1787963303.9302406,47320,58,LR,4.380895507758158e-05
1787963324.8562324,47360,58,Loss/l_ce,0.014538288116455078
1787963324.856547,47360,58,Loss/l_total,0.014538288116455078
1787963324.856572,47360,58,LR,4.380895507758158e-05
1787963344.8819728,47400,58,Loss/l_ce,0.022922754287719727
1787963344.8821852,47400,58,Loss/l_total,0.022922754287719727
1787963344.8822103,47400,58,LR,4.380895507758158e-05
1787963366.019279,47440,58,Loss/l_ce,0.012595653533935547
1787963366.0195582,47440,58,Loss/l_total,0.012595653533935547
1787963366.0195806,47440,58,LR,4.380895507758158e-05
1787963385.8229182,47480,58,Loss/l_ce,0.025900602340698242
1787963385.8231936,47480,58,Loss/l_total,0.025900602340698242
1787963385.8232183,47480,58,LR,4.380895507758158e-05
1787963401.1509778,47520,58,Loss/l_ce,0.046271562576293945
1787963401.1512568,47520,58,Loss/l_total,0.046271562576293945
1787963401.1512852,47520,58,LR,4.380895507758158e-05
1787963415.3857398,47560,58,Loss/l_ce,0.05060458183288574
1787963415.3860626,47560,58,Loss/l_total,0.05060458183288574
1787963415.386091,47560,58,LR,4.380895507758158e-05
1787963427.166843,47600,58,Loss/l_ce,0.034908294677734375
1787963427.1671658,47600,58,Loss/l_total,0.034908294677734375
1787963427.1671953,47600,58,LR,4.380895507758158e-05
1787963444.3110597,47640,58,Loss/l_ce,0.006556987762451172
1787963444.3112724,47640,58,Loss/l_total,0.006556987762451172
1787963444.3113081,47640,58,LR,4.380895507758158e-05
1787963457.7306235,47680,58,Loss/l_ce,0.0269162654876709
1787963457.7308457,47680,58,Loss/l_total,0.0269162654876709
1787963457.7308693,47680,58,LR,4.380895507758158e-05
1787963475.1558924,47720,58,Loss/l_ce,0.04254579544067383
1787963475.1562011,47720,58,Loss/l_total,0.04254579544067383
1787963475.1562285,47720,58,LR,4.380895507758158e-05
1787963499.4156747,47760,58,Loss/l_ce,0.016242027282714844
1787963499.4160202,47760,58,Loss/l_total,0.016242027282714844
1787963499.416076,47760,58,LR,4.380895507758158e-05
1787963518.1369956,47800,58,Loss/l_ce,0.018352031707763672
1787963518.1373053,47800,58,Loss/l_total,0.018352031707763672
1787963518.1373339,47800,58,LR,4.380895507758158e-05
1787963529.9219363,47840,58,Loss/l_ce,0.02442312240600586
1787963529.922169,47840,58,Loss/l_total,0.02442312240600586
1787963529.9222012,47840,58,LR,4.380895507758158e-05
1787963541.4306912,47880,58,Loss/l_ce,0.015172481536865234
1787963541.4308565,47880,58,Loss/l_total,0.015172481536865234
1787963541.4308813,47880,58,LR,4.380895507758158e-05
1787963600.6759987,47908,58,Val/dense_error,0.08548635989427567
1787963600.6763587,47908,58,Val/auc,0.5787490487284779
1787963600.6763835,47908,58,Val/pck_max,0.1
1787963600.6764023,47908,58,Val/pck_n,100.0
1787963605.8627546,47920,59,Loss/l_ce,0.054405927658081055
1787963605.8631094,47920,59,Loss/l_total,0.054405927658081055
1787963605.8631344,47920,59,LR,4.2445400228234734e-05
1787963617.727189,47960,59,Loss/l_ce,0.015358924865722656
1787963617.7273743,47960,59,Loss/l_total,0.015358924865722656
1787963617.7274005,47960,59,LR,4.2445400228234734e-05
1787963629.7452233,48000,59,Loss/l_ce,0.0140380859375
1787963629.7455118,48000,59,Loss/l_total,0.0140380859375
1787963629.7455354,48000,59,LR,4.2445400228234734e-05
1787963641.552564,48040,59,Loss/l_ce,0.01432037353515625
1787963641.5528133,48040,59,Loss/l_total,0.01432037353515625
1787963641.5528417,48040,59,LR,4.2445400228234734e-05
1787963653.4857025,48080,59,Loss/l_ce,0.013002395629882812
1787963653.485946,48080,59,Loss/l_total,0.013002395629882812
1787963653.4859698,48080,59,LR,4.2445400228234734e-05
1787963665.215077,48120,59,Loss/l_ce,0.029984474182128906
1787963665.2152371,48120,59,Loss/l_total,0.029984474182128906
1787963665.2152596,48120,59,LR,4.2445400228234734e-05
1787963676.6048043,48160,59,Loss/l_ce,0.018675565719604492
1787963676.6050644,48160,59,Loss/l_total,0.018675565719604492
1787963676.6050978,48160,59,LR,4.2445400228234734e-05
1787963688.645474,48200,59,Loss/l_ce,0.029996156692504883
1787963688.6457887,48200,59,Loss/l_total,0.029996156692504883
1787963688.645817,48200,59,LR,4.2445400228234734e-05
1787963700.2907767,48240,59,Loss/l_ce,0.016885995864868164
1787963700.2909966,48240,59,Loss/l_total,0.016885995864868164
1787963700.2910604,48240,59,LR,4.2445400228234734e-05
1787963712.3634984,48280,59,Loss/l_ce,0.013648033142089844
1787963712.363832,48280,59,Loss/l_total,0.013648033142089844
1787963712.3638594,48280,59,LR,4.2445400228234734e-05
1787963730.532758,48320,59,Loss/l_ce,0.013325691223144531
1787963730.5329278,48320,59,Loss/l_total,0.013325691223144531
1787963730.5329502,48320,59,LR,4.2445400228234734e-05
1787963742.544868,48360,59,Loss/l_ce,0.016368389129638672
1787963742.5451314,48360,59,Loss/l_total,0.016368389129638672
1787963742.5451603,48360,59,LR,4.2445400228234734e-05
1787963754.5633135,48400,59,Loss/l_ce,0.010492086410522461
1787963754.5635448,48400,59,Loss/l_total,0.010492086410522461
1787963754.5635686,48400,59,LR,4.2445400228234734e-05
1787963766.3260171,48440,59,Loss/l_ce,0.012708187103271484
1787963766.326219,48440,59,Loss/l_total,0.012708187103271484
1787963766.3262463,48440,59,LR,4.2445400228234734e-05
1787963778.0998266,48480,59,Loss/l_ce,0.037691593170166016
1787963778.1001592,48480,59,Loss/l_total,0.037691593170166016
1787963778.100191,48480,59,LR,4.2445400228234734e-05
1787963790.1575456,48520,59,Loss/l_ce,0.012532234191894531
1787963790.1577494,48520,59,Loss/l_total,0.012532234191894531
1787963790.1577733,48520,59,LR,4.2445400228234734e-05
1787963801.8642488,48560,59,Loss/l_ce,0.043982744216918945
1787963801.8644483,48560,59,Loss/l_total,0.043982744216918945
1787963801.864473,48560,59,LR,4.2445400228234734e-05
1787963813.5520716,48600,59,Loss/l_ce,0.010483503341674805
1787963813.5522215,48600,59,Loss/l_total,0.010483503341674805
1787963813.5522475,48600,59,LR,4.2445400228234734e-05
1787963825.3211424,48640,59,Loss/l_ce,0.02113962173461914
1787963825.321462,48640,59,Loss/l_total,0.02113962173461914
1787963825.3214905,48640,59,LR,4.2445400228234734e-05
1787963849.5385077,48680,59,Loss/l_ce,0.020038604736328125
1787963849.5391643,48680,59,Loss/l_total,0.020038604736328125
1787963849.539195,48680,59,LR,4.2445400228234734e-05
1787963862.9318175,48720,59,Loss/l_ce,0.023262500762939453
1787963862.932024,48720,59,Loss/l_total,0.023262500762939453
1787963862.9320762,48720,59,LR,4.2445400228234734e-05
1787963922.3282442,48720,59,Val/dense_error,0.08641866594552994
1787963922.328775,48720,59,Val/auc,0.578649506118007
1787963922.328801,48720,59,Val/pck_max,0.1
1787963922.3288202,48720,59,Val/pck_n,100.0
1787963939.524906,48760,60,Loss/l_ce,0.013746261596679688
1787963939.5253985,48760,60,Loss/l_total,0.013746261596679688
1787963939.5254247,48760,60,LR,4.109423525312742e-05
1787963954.2475152,48800,60,Loss/l_ce,0.022159099578857422
1787963954.247749,48800,60,Loss/l_total,0.022159099578857422
1787963954.247774,48800,60,LR,4.109423525312742e-05
1787963977.3303971,48840,60,Loss/l_ce,0.038794755935668945
1787963977.330706,48840,60,Loss/l_total,0.038794755935668945
1787963977.3307297,48840,60,LR,4.109423525312742e-05
1787963997.8804913,48880,60,Loss/l_ce,0.01527857780456543
1787963997.8808107,48880,60,Loss/l_total,0.01527857780456543
1787963997.8808346,48880,60,LR,4.109423525312742e-05
1787964013.1269207,48920,60,Loss/l_ce,0.023329734802246094
1787964013.1271727,48920,60,Loss/l_total,0.023329734802246094
1787964013.1271996,48920,60,LR,4.109423525312742e-05
1787964026.7475703,48960,60,Loss/l_ce,0.013223409652709961
1787964026.7477493,48960,60,Loss/l_total,0.013223409652709961
1787964026.7477899,48960,60,LR,4.109423525312742e-05
1787964038.988907,49000,60,Loss/l_ce,0.014667510986328125
1787964038.989243,49000,60,Loss/l_total,0.014667510986328125
1787964038.9892788,49000,60,LR,4.109423525312742e-05
1787964053.3814354,49040,60,Loss/l_ce,0.012651443481445312
1787964053.3816965,49040,60,Loss/l_total,0.012651443481445312
1787964053.3817215,49040,60,LR,4.109423525312742e-05
1787964065.8722866,49080,60,Loss/l_ce,0.013483285903930664
1787964065.872507,49080,60,Loss/l_total,0.013483285903930664
1787964065.8725297,49080,60,LR,4.109423525312742e-05
1787964079.3988078,49120,60,Loss/l_ce,0.017245769500732422
1787964079.399107,49120,60,Loss/l_total,0.017245769500732422
1787964079.3991342,49120,60,LR,4.109423525312742e-05
1787964091.1247327,49160,60,Loss/l_ce,0.01636981964111328
1787964091.1249475,49160,60,Loss/l_total,0.01636981964111328
1787964091.1249712,49160,60,LR,4.109423525312742e-05
1787964103.000917,49200,60,Loss/l_ce,0.016120433807373047
1787964103.0011117,49200,60,Loss/l_total,0.016120433807373047
1787964103.0011344,49200,60,LR,4.109423525312742e-05
1787964115.1713815,49240,60,Loss/l_ce,0.014225244522094727
1787964115.171656,49240,60,Loss/l_total,0.014225244522094727
1787964115.1716855,49240,60,LR,4.109423525312742e-05
1787964127.7714307,49280,60,Loss/l_ce,0.01718306541442871
1787964127.7717214,49280,60,Loss/l_total,0.01718306541442871
1787964127.7717452,49280,60,LR,4.109423525312742e-05
1787964140.2272253,49320,60,Loss/l_ce,0.011850833892822266
1787964140.2275066,49320,60,Loss/l_total,0.011850833892822266
1787964140.2275302,49320,60,LR,4.109423525312742e-05
1787964152.0626864,49360,60,Loss/l_ce,0.014944791793823242
1787964152.0629773,49360,60,Loss/l_total,0.014944791793823242
1787964152.0630057,49360,60,LR,4.109423525312742e-05
1787964164.417582,49400,60,Loss/l_ce,0.04829835891723633
1787964164.417867,49400,60,Loss/l_total,0.04829835891723633
1787964164.4178908,49400,60,LR,4.109423525312742e-05
1787964178.3824084,49440,60,Loss/l_ce,0.031790971755981445
1787964178.3825912,49440,60,Loss/l_total,0.031790971755981445
1787964178.382614,49440,60,LR,4.109423525312742e-05
1787964196.6792452,49480,60,Loss/l_ce,0.017107248306274414
1787964196.6794581,49480,60,Loss/l_total,0.017107248306274414
1787964196.6794865,49480,60,LR,4.109423525312742e-05
1787964213.0076802,49520,60,Loss/l_ce,0.014950275421142578
1787964213.0078702,49520,60,Loss/l_total,0.014950275421142578
1787964213.007895,49520,60,LR,4.109423525312742e-05
1787964281.7006097,49532,60,Val/dense_error,0.0793033018708229
1787964281.700941,49532,60,Val/auc,0.5802952383178661
1787964281.700965,49532,60,Val/pck_max,0.1
1787964281.7009838,49532,60,Val/pck_n,100.0
1787964293.2266073,49560,61,Loss/l_ce,0.07374024391174316
1787964293.226827,49560,61,Loss/l_total,0.07374024391174316
1787964293.2268486,49560,61,LR,3.975679358896193e-05
1787964305.365639,49600,61,Loss/l_ce,0.040319204330444336
1787964305.365886,49600,61,Loss/l_total,0.040319204330444336
1787964305.365912,49600,61,LR,3.975679358896193e-05
1787964317.2535417,49640,61,Loss/l_ce,0.013579845428466797
1787964317.2538586,49640,61,Loss/l_total,0.013579845428466797
1787964317.2538836,49640,61,LR,3.975679358896193e-05
1787964332.9468787,49680,61,Loss/l_ce,0.06423020362854004
1787964332.9470923,49680,61,Loss/l_total,0.06423020362854004
1787964332.9471197,49680,61,LR,3.975679358896193e-05
1787964348.7242146,49720,61,Loss/l_ce,0.01721668243408203
1787964348.7245078,49720,61,Loss/l_total,0.01721668243408203
1787964348.7245314,49720,61,LR,3.975679358896193e-05
1787964363.8255138,49760,61,Loss/l_ce,0.02240920066833496
1787964363.825698,49760,61,Loss/l_total,0.02240920066833496
1787964363.8257213,49760,61,LR,3.975679358896193e-05
1787964375.3955824,49800,61,Loss/l_ce,0.028906583786010742
1787964375.3958936,49800,61,Loss/l_total,0.028906583786010742
1787964375.395921,49800,61,LR,3.975679358896193e-05
1787964387.8381276,49840,61,Loss/l_ce,0.03232121467590332
1787964387.8383543,49840,61,Loss/l_total,0.03232121467590332
1787964387.8383794,49840,61,LR,3.975679358896193e-05
1787964400.3799489,49880,61,Loss/l_ce,0.055629730224609375
1787964400.3801553,49880,61,Loss/l_total,0.055629730224609375
1787964400.3801801,49880,61,LR,3.975679358896193e-05
1787964418.5082269,49920,61,Loss/l_ce,0.006831169128417969
1787964418.5084012,49920,61,Loss/l_total,0.006831169128417969
1787964418.5084262,49920,61,LR,3.975679358896193e-05
1787964430.7748952,49960,61,Loss/l_ce,0.0746464729309082
1787964430.7751765,49960,61,Loss/l_total,0.0746464729309082
1787964430.7752025,49960,61,LR,3.975679358896193e-05
1787964442.36856,50000,61,Loss/l_ce,0.01827716827392578
1787964442.3687227,50000,61,Loss/l_total,0.01827716827392578
1787964442.3687441,50000,61,LR,3.975679358896193e-05
1787964454.373193,50040,61,Loss/l_ce,0.01454472541809082
1787964454.3735194,50040,61,Loss/l_total,0.01454472541809082
1787964454.373549,50040,61,LR,3.975679358896193e-05
1787964466.656924,50080,61,Loss/l_ce,0.19450116157531738
1787964466.6571305,50080,61,Loss/l_total,0.19450116157531738
1787964466.6571553,50080,61,LR,3.975679358896193e-05
1787964478.7077851,50120,61,Loss/l_ce,0.0739901065826416
1787964478.7081046,50120,61,Loss/l_total,0.0739901065826416
1787964478.7081296,50120,61,LR,3.975679358896193e-05
1787964490.9198947,50160,61,Loss/l_ce,0.0660552978515625
1787964490.9201987,50160,61,Loss/l_total,0.0660552978515625
1787964490.920227,50160,61,LR,3.975679358896193e-05
1787964506.058705,50200,61,Loss/l_ce,0.23439693450927734
1787964506.05899,50200,61,Loss/l_total,0.23439693450927734
1787964506.0590127,50200,61,LR,3.975679358896193e-05
1787964519.651288,50240,61,Loss/l_ce,0.03263092041015625
1787964519.6515338,50240,61,Loss/l_total,0.03263092041015625
1787964519.6515598,50240,61,LR,3.975679358896193e-05
1787964531.773373,50280,61,Loss/l_ce,0.011966705322265625
1787964531.7736378,50280,61,Loss/l_total,0.011966705322265625
1787964531.7736614,50280,61,LR,3.975679358896193e-05
1787964546.2604532,50320,61,Loss/l_ce,0.017313480377197266
1787964546.2607048,50320,61,Loss/l_total,0.017313480377197266
1787964546.260731,50320,61,LR,3.975679358896193e-05
1787964615.7501447,50344,61,Val/dense_error,0.08732873201370239
1787964615.7504818,50344,61,Val/auc,0.5796827882839712
1787964615.7505066,50344,61,Val/pck_max,0.1
1787964615.7505257,50344,61,Val/pck_n,100.0
1787964622.5779274,50360,62,Loss/l_ce,0.05927276611328125
1787964622.578166,50360,62,Loss/l_total,0.05927276611328125
1787964622.5781922,50360,62,LR,3.8434395129189545e-05
1787964640.3767478,50400,62,Loss/l_ce,0.0596776008605957
1787964640.3771372,50400,62,Loss/l_total,0.0596776008605957
1787964640.3771632,50400,62,LR,3.8434395129189545e-05
1787964652.212614,50440,62,Loss/l_ce,0.01375126838684082
1787964652.2128184,50440,62,Loss/l_total,0.01375126838684082
1787964652.2128422,50440,62,LR,3.8434395129189545e-05
1787964663.4958696,50480,62,Loss/l_ce,0.02410888671875
1787964663.4962306,50480,62,Loss/l_total,0.02410888671875
1787964663.4962568,50480,62,LR,3.8434395129189545e-05
1787964676.1133082,50520,62,Loss/l_ce,0.012923955917358398
1787964676.1134672,50520,62,Loss/l_total,0.012923955917358398
1787964676.1134887,50520,62,LR,3.8434395129189545e-05
1787964688.90311,50560,62,Loss/l_ce,0.006722450256347656
1787964688.9033918,50560,62,Loss/l_total,0.006722450256347656
1787964688.9034188,50560,62,LR,3.8434395129189545e-05
1787964702.5256424,50600,62,Loss/l_ce,0.12171268463134766
1787964702.525816,50600,62,Loss/l_total,0.12171268463134766
1787964702.5258386,50600,62,LR,3.8434395129189545e-05
1787964714.5063748,50640,62,Loss/l_ce,0.08007383346557617
1787964714.5065517,50640,62,Loss/l_total,0.08007383346557617
1787964714.5065744,50640,62,LR,3.8434395129189545e-05
1787964726.6710799,50680,62,Loss/l_ce,0.011705875396728516
1787964726.6712368,50680,62,Loss/l_total,0.011705875396728516
1787964726.6712594,50680,62,LR,3.8434395129189545e-05
1787964738.813996,50720,62,Loss/l_ce,0.017366409301757812
1787964738.8141918,50720,62,Loss/l_total,0.017366409301757812
1787964738.8142145,50720,62,LR,3.8434395129189545e-05
1787964750.9290495,50760,62,Loss/l_ce,0.014649152755737305
1787964750.92923,50760,62,Loss/l_total,0.014649152755737305
1787964750.929255,50760,62,LR,3.8434395129189545e-05
1787964763.1693382,50800,62,Loss/l_ce,0.021394729614257812
1787964763.1696076,50800,62,Loss/l_total,0.021394729614257812
1787964763.1696312,50800,62,LR,3.8434395129189545e-05
1787964775.3912318,50840,62,Loss/l_ce,0.014240741729736328
1787964775.3914278,50840,62,Loss/l_total,0.014240741729736328
1787964775.391468,50840,62,LR,3.8434395129189545e-05
1787964790.8229246,50880,62,Loss/l_ce,0.013280868530273438
1787964790.8232474,50880,62,Loss/l_total,0.013280868530273438
1787964790.8232713,50880,62,LR,3.8434395129189545e-05
1787964809.0257928,50920,62,Loss/l_ce,0.0150146484375
1787964809.0261016,50920,62,Loss/l_total,0.0150146484375
1787964809.0261254,50920,62,LR,3.8434395129189545e-05
1787964821.535395,50960,62,Loss/l_ce,0.014012575149536133
1787964821.535675,50960,62,Loss/l_total,0.014012575149536133
1787964821.5357,50960,62,LR,3.8434395129189545e-05
1787964833.7793448,51000,62,Loss/l_ce,0.033151865005493164
1787964833.7795658,51000,62,Loss/l_total,0.033151865005493164
1787964833.7795897,51000,62,LR,3.8434395129189545e-05
1787964846.2579277,51040,62,Loss/l_ce,0.027933359146118164
1787964846.2581367,51040,62,Loss/l_total,0.027933359146118164
1787964846.2581615,51040,62,LR,3.8434395129189545e-05
1787964858.4271708,51080,62,Loss/l_ce,0.019900083541870117
1787964858.4273572,51080,62,Loss/l_total,0.019900083541870117
1787964858.4273844,51080,62,LR,3.8434395129189545e-05
1787964871.2268438,51120,62,Loss/l_ce,0.017110347747802734
1787964871.227004,51120,62,Loss/l_total,0.017110347747802734
1787964871.227029,51120,62,LR,3.8434395129189545e-05
1787964922.7792077,51156,62,Val/dense_error,0.09076093882322311
1787964922.7795067,51156,62,Val/auc,0.5759803616000583
1787964922.7795353,51156,62,Val/pck_max,0.1
1787964922.779743,51156,62,Val/pck_n,100.0
1787964929.2829256,51160,63,Loss/l_ce,0.05532526969909668
1787964929.2831094,51160,63,Loss/l_total,0.05532526969909668
1787964929.2831345,51160,63,LR,3.712834492143491e-05
1787964941.7942586,51200,63,Loss/l_ce,0.07340264320373535
1787964941.794654,51200,63,Loss/l_total,0.07340264320373535
1787964941.794685,51200,63,LR,3.712834492143491e-05
1787964953.6203163,51240,63,Loss/l_ce,0.0194699764251709
1787964953.6206534,51240,63,Loss/l_total,0.0194699764251709
1787964953.6206794,51240,63,LR,3.712834492143491e-05
1787964970.5566278,51280,63,Loss/l_ce,0.02558112144470215
1787964970.5569746,51280,63,Loss/l_total,0.02558112144470215
1787964970.557004,51280,63,LR,3.712834492143491e-05
1787964982.6836014,51320,63,Loss/l_ce,0.016973018646240234
1787964982.683891,51320,63,Loss/l_total,0.016973018646240234
1787964982.6839147,51320,63,LR,3.712834492143491e-05
1787964994.5376308,51360,63,Loss/l_ce,0.01343536376953125
1787964994.5378587,51360,63,Loss/l_total,0.01343536376953125
1787964994.5378823,51360,63,LR,3.712834492143491e-05
1787965006.8230803,51400,63,Loss/l_ce,0.028563499450683594
1787965006.8233354,51400,63,Loss/l_total,0.028563499450683594
1787965006.8233604,51400,63,LR,3.712834492143491e-05
1787965025.5105395,51440,63,Loss/l_ce,0.019214391708374023
1787965025.5107155,51440,63,Loss/l_total,0.019214391708374023
1787965025.5107388,51440,63,LR,3.712834492143491e-05
1787965046.544133,51480,63,Loss/l_ce,0.023202180862426758
1787965046.544463,51480,63,Loss/l_total,0.023202180862426758
1787965046.5444868,51480,63,LR,3.712834492143491e-05
1787965059.9412503,51520,63,Loss/l_ce,0.013233661651611328
1787965059.9414856,51520,63,Loss/l_total,0.013233661651611328
1787965059.941509,51520,63,LR,3.712834492143491e-05
1787965075.5099099,51560,63,Loss/l_ce,0.014802932739257812
1787965075.5101614,51560,63,Loss/l_total,0.014802932739257812
1787965075.5101864,51560,63,LR,3.712834492143491e-05
1787965087.348643,51600,63,Loss/l_ce,0.01275324821472168
1787965087.348833,51600,63,Loss/l_total,0.01275324821472168
1787965087.3488567,51600,63,LR,3.712834492143491e-05
1787965106.8633883,51640,63,Loss/l_ce,0.04749584197998047
1787965106.8636234,51640,63,Loss/l_total,0.04749584197998047
1787965106.8636472,51640,63,LR,3.712834492143491e-05
1787965120.8505802,51680,63,Loss/l_ce,0.01388406753540039
1787965120.8513293,51680,63,Loss/l_total,0.01388406753540039
1787965120.8513649,51680,63,LR,3.712834492143491e-05
1787965132.557576,51720,63,Loss/l_ce,0.016736268997192383
1787965132.5580566,51720,63,Loss/l_total,0.016736268997192383
1787965132.5582194,51720,63,LR,3.712834492143491e-05
1787965144.279926,51760,63,Loss/l_ce,0.05926227569580078
1787965144.2804613,51760,63,Loss/l_total,0.05926227569580078
1787965144.2804875,51760,63,LR,3.712834492143491e-05
1787965156.1543522,51800,63,Loss/l_ce,0.01599597930908203
1787965156.1546028,51800,63,Loss/l_total,0.01599597930908203
1787965156.1546264,51800,63,LR,3.712834492143491e-05
1787965168.393078,51840,63,Loss/l_ce,0.27077746391296387
1787965168.3932836,51840,63,Loss/l_total,0.27077746391296387
1787965168.393306,51840,63,LR,3.712834492143491e-05
1787965180.4163773,51880,63,Loss/l_ce,0.01781916618347168
1787965180.416616,51880,63,Loss/l_total,0.01781916618347168
1787965180.4166398,51880,63,LR,3.712834492143491e-05
1787965192.063301,51920,63,Loss/l_ce,0.017232418060302734
1787965192.0639706,51920,63,Loss/l_total,0.017232418060302734
1787965192.0639944,51920,63,LR,3.712834492143491e-05
1787965205.1908903,51960,63,Loss/l_ce,0.03188323974609375
1787965205.1911716,51960,63,Loss/l_total,0.03188323974609375
1787965205.1911967,51960,63,LR,3.712834492143491e-05
1787965273.532137,51968,63,Val/dense_error,0.08618692308664322
1787965273.5325048,51968,63,Val/auc,0.5739128882031943
1787965273.5325298,51968,63,Val/pck_max,0.1
1787965273.532549,51968,63,Val/pck_n,100.0
1787965286.3265128,52000,64,Loss/l_ce,0.02042531967163086
1787965286.3268013,52000,64,Loss/l_total,0.02042531967163086
1787965286.3268275,52000,64,LR,3.5839931879571766e-05
1787965298.5333097,52040,64,Loss/l_ce,0.027453184127807617
1787965298.533585,52040,64,Loss/l_total,0.027453184127807617
1787965298.5336099,52040,64,LR,3.5839931879571766e-05
1787965310.4533162,52080,64,Loss/l_ce,0.0666656494140625
1787965310.453544,52080,64,Loss/l_total,0.0666656494140625
1787965310.4535687,52080,64,LR,3.5839931879571766e-05
1787965322.2098718,52120,64,Loss/l_ce,0.03581833839416504
1787965322.2100904,52120,64,Loss/l_total,0.03581833839416504
1787965322.2102828,52120,64,LR,3.5839931879571766e-05
1787965334.3664343,52160,64,Loss/l_ce,0.03235578536987305
1787965334.3667228,52160,64,Loss/l_total,0.03235578536987305
1787965334.3667502,52160,64,LR,3.5839931879571766e-05
1787965346.6682234,52200,64,Loss/l_ce,0.013953447341918945
1787965346.6685822,52200,64,Loss/l_total,0.013953447341918945
1787965346.6686094,52200,64,LR,3.5839931879571766e-05
1787965358.875993,52240,64,Loss/l_ce,0.05659294128417969
1787965358.8763397,52240,64,Loss/l_total,0.05659294128417969
1787965358.8763716,52240,64,LR,3.5839931879571766e-05
1787965371.3981674,52280,64,Loss/l_ce,0.012408971786499023
1787965371.3983822,52280,64,Loss/l_total,0.012408971786499023
1787965371.3984046,52280,64,LR,3.5839931879571766e-05
1787965386.0112944,52320,64,Loss/l_ce,0.03552126884460449
1787965386.011563,52320,64,Loss/l_total,0.03552126884460449
1787965386.0115879,52320,64,LR,3.5839931879571766e-05
1787965397.6636405,52360,64,Loss/l_ce,0.03334665298461914
1787965397.6638935,52360,64,Loss/l_total,0.03334665298461914
1787965397.6639233,52360,64,LR,3.5839931879571766e-05
1787965409.6934142,52400,64,Loss/l_ce,0.0368649959564209
1787965409.693653,52400,64,Loss/l_total,0.0368649959564209
1787965409.6936765,52400,64,LR,3.5839931879571766e-05
1787965422.097936,52440,64,Loss/l_ce,0.029552221298217773
1787965422.098222,52440,64,Loss/l_total,0.029552221298217773
1787965422.0982482,52440,64,LR,3.5839931879571766e-05
1787965434.0976045,52480,64,Loss/l_ce,0.011144638061523438
1787965434.0979004,52480,64,Loss/l_total,0.011144638061523438
1787965434.0979288,52480,64,LR,3.5839931879571766e-05
1787965448.884397,52520,64,Loss/l_ce,0.010705947875976562
1787965448.8846202,52520,64,Loss/l_total,0.010705947875976562
1787965448.884644,52520,64,LR,3.5839931879571766e-05
1787965460.607833,52560,64,Loss/l_ce,0.013832330703735352
1787965460.608125,52560,64,Loss/l_total,0.013832330703735352
1787965460.6081498,52560,64,LR,3.5839931879571766e-05
1787965472.693824,52600,64,Loss/l_ce,0.012775897979736328
1787965472.6940567,52600,64,Loss/l_total,0.012775897979736328
1787965472.6940827,52600,64,LR,3.5839931879571766e-05
1787965485.069928,52640,64,Loss/l_ce,0.011489391326904297
1787965485.070189,52640,64,Loss/l_total,0.011489391326904297
1787965485.0702484,52640,64,LR,3.5839931879571766e-05
1787965497.6739004,52680,64,Loss/l_ce,0.017334699630737305
1787965497.6741557,52680,64,Loss/l_total,0.017334699630737305
1787965497.6741793,52680,64,LR,3.5839931879571766e-05
1787965509.9432154,52720,64,Loss/l_ce,0.007777690887451172
1787965509.9433947,52720,64,Loss/l_total,0.007777690887451172
1787965509.943417,52720,64,LR,3.5839931879571766e-05
1787965522.0122106,52760,64,Loss/l_ce,0.015869140625
1787965522.0124457,52760,64,Loss/l_total,0.015869140625
1787965522.0124695,52760,64,LR,3.5839931879571766e-05
1787965594.4403584,52780,64,Val/dense_error,0.08837757259607315
1787965594.4407432,52780,64,Val/auc,0.5750007142653066
1787965594.440774,52780,64,Val/pck_max,0.1
1787965594.441078,52780,64,Val/pck_n,100.0
1787965603.736335,52800,65,Loss/l_ce,0.01617908477783203
1787965603.7364979,52800,65,Loss/l_total,0.01617908477783203
1787965603.736525,52800,65,LR,3.457042751172043e-05
1787965617.4191852,52840,65,Loss/l_ce,0.012578964233398438
1787965617.41961,52840,65,Loss/l_total,0.012578964233398438
1787965617.4196353,52840,65,LR,3.457042751172043e-05
1787965648.0425186,52880,65,Loss/l_ce,0.01599717140197754
1787965648.0427797,52880,65,Loss/l_total,0.01599717140197754
1787965648.0428057,52880,65,LR,3.457042751172043e-05
1787965669.3157973,52920,65,Loss/l_ce,0.012033224105834961
1787965669.3161001,52920,65,Loss/l_total,0.012033224105834961
1787965669.3161225,52920,65,LR,3.457042751172043e-05
1787965681.3281376,52960,65,Loss/l_ce,0.03271627426147461
1787965681.3284938,52960,65,Loss/l_total,0.03271627426147461
1787965681.3285224,52960,65,LR,3.457042751172043e-05
1787965693.2401693,53000,65,Loss/l_ce,0.0418848991394043
1787965693.2404897,53000,65,Loss/l_total,0.0418848991394043
1787965693.240522,53000,65,LR,3.457042751172043e-05
1787965708.550206,53040,65,Loss/l_ce,0.05526590347290039
1787965708.5504873,53040,65,Loss/l_total,0.05526590347290039
1787965708.5505087,53040,65,LR,3.457042751172043e-05
1787965722.4017212,53080,65,Loss/l_ce,0.034546613693237305
1787965722.4019969,53080,65,Loss/l_total,0.034546613693237305
1787965722.4020207,53080,65,LR,3.457042751172043e-05
1787965760.1601937,53120,65,Loss/l_ce,0.025548934936523438
1787965760.1604798,53120,65,Loss/l_total,0.025548934936523438
1787965760.1605058,53120,65,LR,3.457042751172043e-05
1787965798.4558449,53160,65,Loss/l_ce,0.013672351837158203
1787965798.456688,53160,65,Loss/l_total,0.013672351837158203
1787965798.4567294,53160,65,LR,3.457042751172043e-05
1787965829.5106635,53200,65,Loss/l_ce,0.016821861267089844
1787965829.5110931,53200,65,Loss/l_total,0.016821861267089844
1787965829.5111265,53200,65,LR,3.457042751172043e-05
1787965853.6161559,53240,65,Loss/l_ce,0.01615762710571289
1787965853.6165025,53240,65,Loss/l_total,0.01615762710571289
1787965853.6165323,53240,65,LR,3.457042751172043e-05
1787965887.5036447,53280,65,Loss/l_ce,0.01712179183959961
1787965887.504102,53280,65,Loss/l_total,0.01712179183959961
1787965887.5041292,53280,65,LR,3.457042751172043e-05
1787965916.4803581,53320,65,Loss/l_ce,0.07609200477600098
1787965916.4806406,53320,65,Loss/l_total,0.07609200477600098
1787965916.4806645,53320,65,LR,3.457042751172043e-05
1787965941.4564798,53360,65,Loss/l_ce,0.17784333229064941
1787965941.4568336,53360,65,Loss/l_total,0.17784333229064941
1787965941.4568691,53360,65,LR,3.457042751172043e-05
1787965967.4092414,53400,65,Loss/l_ce,0.012351512908935547
1787965967.4095204,53400,65,Loss/l_total,0.012351512908935547
1787965967.4095502,53400,65,LR,3.457042751172043e-05
1787965997.4377677,53440,65,Loss/l_ce,0.013742685317993164
1787965997.4379969,53440,65,Loss/l_total,0.013742685317993164
1787965997.438022,53440,65,LR,3.457042751172043e-05
1787966027.8052497,53480,65,Loss/l_ce,0.11004900932312012
1787966027.8057592,53480,65,Loss/l_total,0.11004900932312012
1787966027.8057866,53480,65,LR,3.457042751172043e-05
1787966060.886942,53520,65,Loss/l_ce,0.017248153686523438
1787966060.8872588,53520,65,Loss/l_total,0.017248153686523438
1787966060.8873005,53520,65,LR,3.457042751172043e-05
1787966089.943789,53560,65,Loss/l_ce,0.020128488540649414
1787966089.9442616,53560,65,Loss/l_total,0.020128488540649414
1787966089.9442878,53560,65,LR,3.457042751172043e-05
1787966186.8937275,53592,65,Val/dense_error,0.08543966710567474
1787966186.8941834,53592,65,Val/auc,0.5806648381474813
1787966186.8942132,53592,65,Val/pck_max,0.1
1787966186.8942308,53592,65,Val/pck_n,100.0
1787966192.5796757,53600,66,Loss/l_ce,0.021331787109375
1787966192.5799108,53600,66,Loss/l_total,0.021331787109375
1787966192.5799356,53600,66,LR,3.332108466542284e-05
1787966209.0288112,53640,66,Loss/l_ce,0.027460336685180664
1787966209.0291808,53640,66,Loss/l_total,0.027460336685180664
1787966209.0292091,53640,66,LR,3.332108466542284e-05
1787966243.2642024,53680,66,Loss/l_ce,0.11498069763183594
1787966243.2645383,53680,66,Loss/l_total,0.11498069763183594
1787966243.2645621,53680,66,LR,3.332108466542284e-05
1787966268.1852555,53720,66,Loss/l_ce,0.021839618682861328
1787966268.1854882,53720,66,Loss/l_total,0.021839618682861328
1787966268.185513,53720,66,LR,3.332108466542284e-05
1787966286.9757636,53760,66,Loss/l_ce,0.025411128997802734
1787966286.9761436,53760,66,Loss/l_total,0.025411128997802734
1787966286.9761698,53760,66,LR,3.332108466542284e-05
1787966320.0902698,53800,66,Loss/l_ce,0.011036872863769531
1787966320.0906057,53800,66,Loss/l_total,0.011036872863769531
1787966320.0906308,53800,66,LR,3.332108466542284e-05
1787966344.2691383,53840,66,Loss/l_ce,0.016132354736328125
1787966344.2695386,53840,66,Loss/l_total,0.016132354736328125
1787966344.2695646,53840,66,LR,3.332108466542284e-05
1787966355.8627162,53880,66,Loss/l_ce,0.011091947555541992
1787966355.8629775,53880,66,Loss/l_total,0.011091947555541992
1787966355.8630047,53880,66,LR,3.332108466542284e-05
1787966367.1174085,53920,66,Loss/l_ce,0.021854877471923828
1787966367.117653,53920,66,Loss/l_total,0.021854877471923828
1787966367.1176767,53920,66,LR,3.332108466542284e-05
1787966379.1333177,53960,66,Loss/l_ce,0.011887073516845703
1787966379.133536,53960,66,Loss/l_total,0.011887073516845703
1787966379.1335597,53960,66,LR,3.332108466542284e-05
1787966402.717969,54000,66,Loss/l_ce,0.039643287658691406
1787966402.7182655,54000,66,Loss/l_total,0.039643287658691406
1787966402.7182918,54000,66,LR,3.332108466542284e-05
1787966424.015494,54040,66,Loss/l_ce,0.04171156883239746
1787966424.0157292,54040,66,Loss/l_total,0.04171156883239746
1787966424.0157552,54040,66,LR,3.332108466542284e-05
1787966443.3561203,54080,66,Loss/l_ce,0.03739023208618164
1787966443.3566082,54080,66,Loss/l_total,0.03739023208618164
1787966443.356638,54080,66,LR,3.332108466542284e-05
1787966467.5176902,54120,66,Loss/l_ce,0.01800251007080078
1787966467.517975,54120,66,Loss/l_total,0.01800251007080078
1787966467.5180047,54120,66,LR,3.332108466542284e-05
1787966492.2776022,54160,66,Loss/l_ce,0.011373043060302734
1787966492.2779512,54160,66,Loss/l_total,0.011373043060302734
1787966492.277981,54160,66,LR,3.332108466542284e-05
1787966511.5870204,54200,66,Loss/l_ce,0.03816390037536621
1787966511.5873826,54200,66,Loss/l_total,0.03816390037536621
1787966511.587411,54200,66,LR,3.332108466542284e-05
1787966539.0785446,54240,66,Loss/l_ce,0.012979984283447266
1787966539.0788949,54240,66,Loss/l_total,0.012979984283447266
1787966539.0789187,54240,66,LR,3.332108466542284e-05
1787966563.6788225,54280,66,Loss/l_ce,0.0186307430267334
1787966563.6789992,54280,66,Loss/l_total,0.0186307430267334
1787966563.6790218,54280,66,LR,3.332108466542284e-05
1787966587.4508302,54320,66,Loss/l_ce,0.038077354431152344
1787966587.4511142,54320,66,Loss/l_total,0.038077354431152344
1787966587.451139,54320,66,LR,3.332108466542284e-05
1787966616.8566086,54360,66,Loss/l_ce,0.022751808166503906
1787966616.8569245,54360,66,Loss/l_total,0.022751808166503906
1787966616.8569553,54360,66,LR,3.332108466542284e-05
1787966642.1869247,54400,66,Loss/l_ce,0.039228200912475586
1787966642.1872313,54400,66,Loss/l_total,0.039228200912475586
1787966642.1872573,54400,66,LR,3.332108466542284e-05
1787966706.5665581,54404,66,Val/dense_error,0.08549809455871582
1787966706.566924,54404,66,Val/auc,0.575165644617946
1787966706.5669465,54404,66,Val/pck_max,0.1
1787966706.5669656,54404,66,Val/pck_n,100.0
1787966734.6106179,54440,67,Loss/l_ce,0.03795051574707031
1787966734.610961,54440,67,Loss/l_total,0.03795051574707031
1787966734.610987,54440,67,LR,3.2093136291233324e-05
1787966754.2421012,54480,67,Loss/l_ce,0.015511274337768555
1787966754.242308,54480,67,Loss/l_total,0.015511274337768555
1787966754.2423303,54480,67,LR,3.2093136291233324e-05
1787966780.3726597,54520,67,Loss/l_ce,0.030794382095336914
1787966780.3736012,54520,67,Loss/l_total,0.030794382095336914
1787966780.3736427,54520,67,LR,3.2093136291233324e-05
1787966806.3091426,54560,67,Loss/l_ce,0.012374639511108398
1787966806.3094904,54560,67,Loss/l_total,0.012374639511108398
1787966806.309514,54560,67,LR,3.2093136291233324e-05
1787966835.4343934,54600,67,Loss/l_ce,0.010978221893310547
1787966835.4345748,54600,67,Loss/l_total,0.010978221893310547
1787966835.4345977,54600,67,LR,3.2093136291233324e-05
1787966865.3576615,54640,67,Loss/l_ce,0.02030181884765625
1787966865.3578455,54640,67,Loss/l_total,0.02030181884765625
1787966865.357868,54640,67,LR,3.2093136291233324e-05
1787966886.722743,54680,67,Loss/l_ce,0.011585474014282227
1787966886.723002,54680,67,Loss/l_total,0.011585474014282227
1787966886.723027,54680,67,LR,3.2093136291233324e-05
1787966913.3746476,54720,67,Loss/l_ce,0.09997940063476562
1787966913.3749087,54720,67,Loss/l_total,0.09997940063476562
1787966913.3749325,54720,67,LR,3.2093136291233324e-05
1787966937.1732502,54760,67,Loss/l_ce,0.022237300872802734
1787966937.1735082,54760,67,Loss/l_total,0.022237300872802734
1787966937.1735356,54760,67,LR,3.2093136291233324e-05
1787966963.8328135,54800,67,Loss/l_ce,0.022469282150268555
1787966963.8330286,54800,67,Loss/l_total,0.022469282150268555
1787966963.8330822,54800,67,LR,3.2093136291233324e-05
1787966989.5909388,54840,67,Loss/l_ce,0.021755218505859375
1787966989.59113,54840,67,Loss/l_total,0.021755218505859375
1787966989.591155,54840,67,LR,3.2093136291233324e-05
1787967005.6116798,54880,67,Loss/l_ce,0.020427465438842773
1787967005.6119196,54880,67,Loss/l_total,0.020427465438842773
1787967005.6119435,54880,67,LR,3.2093136291233324e-05
1787967037.4897387,54920,67,Loss/l_ce,0.012015819549560547
1787967037.4899704,54920,67,Loss/l_total,0.012015819549560547
1787967037.4899964,54920,67,LR,3.2093136291233324e-05
1787967052.0519834,54960,67,Loss/l_ce,0.016019344329833984
1787967052.0521946,54960,67,Loss/l_total,0.016019344329833984
1787967052.0522184,54960,67,LR,3.2093136291233324e-05
1787967080.759242,55000,67,Loss/l_ce,0.025499820709228516
1787967080.7596502,55000,67,Loss/l_total,0.025499820709228516
1787967080.7596765,55000,67,LR,3.2093136291233324e-05
1787967097.3444781,55040,67,Loss/l_ce,0.025434017181396484
1787967097.3446765,55040,67,Loss/l_total,0.025434017181396484
1787967097.3447037,55040,67,LR,3.2093136291233324e-05
1787967108.376548,55080,67,Loss/l_ce,0.01095890998840332
1787967108.3767345,55080,67,Loss/l_total,0.01095890998840332
1787967108.3767593,55080,67,LR,3.2093136291233324e-05
1787967119.8146281,55120,67,Loss/l_ce,0.10560965538024902
1787967119.8148134,55120,67,Loss/l_total,0.10560965538024902
1787967119.8148372,55120,67,LR,3.2093136291233324e-05
1787967131.7923765,55160,67,Loss/l_ce,0.0158846378326416
1787967131.7925558,55160,67,Loss/l_total,0.0158846378326416
1787967131.792577,55160,67,LR,3.2093136291233324e-05
1787967144.6931021,55200,67,Loss/l_ce,0.013556957244873047
1787967144.6933136,55200,67,Loss/l_total,0.013556957244873047
1787967144.6933348,55200,67,LR,3.2093136291233324e-05
1787967192.824547,55216,67,Val/dense_error,0.08645281195640564
1787967192.8248985,55216,67,Val/auc,0.574276708977146
1787967192.8249211,55216,67,Val/pck_max,0.1
1787967192.8249388,55216,67,Val/pck_n,100.0
1787967202.528922,55240,68,Loss/l_ce,0.03062295913696289
1787967202.5293105,55240,68,Loss/l_total,0.03062295913696289
1787967202.5293531,55240,68,LR,3.0887794225945174e-05
1787967213.8698378,55280,68,Loss/l_ce,0.018182039260864258
1787967213.870124,55280,68,Loss/l_total,0.018182039260864258
1787967213.87015,55280,68,LR,3.0887794225945174e-05
1787967224.8341277,55320,68,Loss/l_ce,0.03315019607543945
1787967224.8344004,55320,68,Loss/l_total,0.03315019607543945
1787967224.8344266,55320,68,LR,3.0887794225945174e-05
1787967235.6522932,55360,68,Loss/l_ce,0.056175947189331055
1787967235.6525402,55360,68,Loss/l_total,0.056175947189331055
1787967235.652564,55360,68,LR,3.0887794225945174e-05
1787967248.0214865,55400,68,Loss/l_ce,0.020545482635498047
1787967248.0217242,55400,68,Loss/l_total,0.020545482635498047
1787967248.021749,55400,68,LR,3.0887794225945174e-05
1787967260.12848,55440,68,Loss/l_ce,0.01983046531677246
1787967260.1287532,55440,68,Loss/l_total,0.01983046531677246
1787967260.1287792,55440,68,LR,3.0887794225945174e-05
1787967275.4054527,55480,68,Loss/l_ce,0.047975778579711914
1787967275.405732,55480,68,Loss/l_total,0.047975778579711914
1787967275.4057615,55480,68,LR,3.0887794225945174e-05
1787967287.0070083,55520,68,Loss/l_ce,0.041442155838012695
1787967287.0073776,55520,68,Loss/l_total,0.041442155838012695
1787967287.0074024,55520,68,LR,3.0887794225945174e-05
1787967299.9160721,55560,68,Loss/l_ce,0.011394739151000977
1787967299.9164462,55560,68,Loss/l_total,0.011394739151000977
1787967299.9164724,55560,68,LR,3.0887794225945174e-05
1787967311.2387357,55600,68,Loss/l_ce,0.011651992797851562
1787967311.238986,55600,68,Loss/l_total,0.011651992797851562
1787967311.239012,55600,68,LR,3.0887794225945174e-05
1787967326.7997737,55640,68,Loss/l_ce,0.012783527374267578
1787967326.799998,55640,68,Loss/l_total,0.012783527374267578
1787967326.8000255,55640,68,LR,3.0887794225945174e-05
1787967337.9268847,55680,68,Loss/l_ce,0.02870774269104004
1787967337.927103,55680,68,Loss/l_total,0.02870774269104004
1787967337.927127,55680,68,LR,3.0887794225945174e-05
1787967348.7230768,55720,68,Loss/l_ce,0.008123636245727539
1787967348.723287,55720,68,Loss/l_total,0.008123636245727539
1787967348.723313,55720,68,LR,3.0887794225945174e-05
1787967360.8864915,55760,68,Loss/l_ce,0.04286599159240723
1787967360.886803,55760,68,Loss/l_total,0.04286599159240723
1787967360.8868277,55760,68,LR,3.0887794225945174e-05
1787967373.2934132,55800,68,Loss/l_ce,0.013566970825195312
1787967373.2938643,55800,68,Loss/l_total,0.013566970825195312
1787967373.2938917,55800,68,LR,3.0887794225945174e-05
1787967386.469652,55840,68,Loss/l_ce,0.01131439208984375
1787967386.4698455,55840,68,Loss/l_total,0.01131439208984375
1787967386.4698691,55840,68,LR,3.0887794225945174e-05
1787967399.4563234,55880,68,Loss/l_ce,0.011904239654541016
1787967399.456555,55880,68,Loss/l_total,0.011904239654541016
1787967399.45658,55880,68,LR,3.0887794225945174e-05
1787967412.4603393,55920,68,Loss/l_ce,0.03232002258300781
1787967412.4607358,55920,68,Loss/l_total,0.03232002258300781
1787967412.4607632,55920,68,LR,3.0887794225945174e-05
1787967426.7237577,55960,68,Loss/l_ce,0.03383517265319824
1787967426.7240784,55960,68,Loss/l_total,0.03383517265319824
1787967426.7241023,55960,68,LR,3.0887794225945174e-05
1787967440.4671843,56000,68,Loss/l_ce,0.018455982208251953
1787967440.467569,56000,68,Loss/l_total,0.018455982208251953
1787967440.4676025,56000,68,LR,3.0887794225945174e-05
1787967494.0337825,56028,68,Val/dense_error,0.0881936252117157
1787967494.034178,56028,68,Val/auc,0.573313879343707
1787967494.0342042,56028,68,Val/pck_max,0.1
1787967494.034223,56028,68,Val/pck_n,100.0
1787967499.2961352,56040,69,Loss/l_ce,0.03808927536010742
1787967499.2963333,56040,69,Loss/l_total,0.03808927536010742
1787967499.2963557,56040,69,LR,2.9706247996654154e-05
1787967515.721295,56080,69,Loss/l_ce,0.014171361923217773
1787967515.721536,56080,69,Loss/l_total,0.014171361923217773
1787967515.7215586,56080,69,LR,2.9706247996654154e-05
1787967532.1767135,56120,69,Loss/l_ce,0.015195131301879883
1787967532.1769176,56120,69,Loss/l_total,0.015195131301879883
1787967532.1770813,56120,69,LR,2.9706247996654154e-05
1787967546.1872163,56160,69,Loss/l_ce,0.011519432067871094
1787967546.1874442,56160,69,Loss/l_total,0.011519432067871094
1787967546.187467,56160,69,LR,2.9706247996654154e-05
1787967559.2791824,56200,69,Loss/l_ce,0.022148847579956055
1787967559.2794092,56200,69,Loss/l_total,0.022148847579956055
1787967559.2794316,56200,69,LR,2.9706247996654154e-05
1787967572.640728,56240,69,Loss/l_ce,0.025995731353759766
1787967572.6408978,56240,69,Loss/l_total,0.025995731353759766
1787967572.6409216,56240,69,LR,2.9706247996654154e-05
1787967586.969625,56280,69,Loss/l_ce,0.024411916732788086
1787967586.9699018,56280,69,Loss/l_total,0.024411916732788086
1787967586.9699244,56280,69,LR,2.9706247996654154e-05
1787967604.4638152,56320,69,Loss/l_ce,0.00822901725769043
1787967604.4655807,56320,69,Loss/l_total,0.00822901725769043
1787967604.465614,56320,69,LR,2.9706247996654154e-05
1787967618.2619505,56360,69,Loss/l_ce,0.03580904006958008
1787967618.2625773,56360,69,Loss/l_total,0.03580904006958008
1787967618.2626143,56360,69,LR,2.9706247996654154e-05
1787967632.9406376,56400,69,Loss/l_ce,0.014913558959960938
1787967632.9409084,56400,69,Loss/l_total,0.014913558959960938
1787967632.940932,56400,69,LR,2.9706247996654154e-05
1787967643.4684067,56440,69,Loss/l_ce,0.04339480400085449
1787967643.4686942,56440,69,Loss/l_total,0.04339480400085449
1787967643.468725,56440,69,LR,2.9706247996654154e-05
1787967657.0096648,56480,69,Loss/l_ce,0.04978466033935547
1787967657.0099056,56480,69,Loss/l_total,0.04978466033935547
1787967657.0099318,56480,69,LR,2.9706247996654154e-05
1787967672.7012734,56520,69,Loss/l_ce,0.011793851852416992
1787967672.7015133,56520,69,Loss/l_total,0.011793851852416992
1787967672.7015383,56520,69,LR,2.9706247996654154e-05
1787967688.6702552,56560,69,Loss/l_ce,0.03636527061462402
1787967688.6704865,56560,69,Loss/l_total,0.03636527061462402
1787967688.6705163,56560,69,LR,2.9706247996654154e-05
1787967705.5518613,56600,69,Loss/l_ce,0.006821632385253906
1787967705.5521462,56600,69,Loss/l_total,0.006821632385253906
1787967705.5521772,56600,69,LR,2.9706247996654154e-05
1787967719.5472536,56640,69,Loss/l_ce,0.016073942184448242
1787967719.5475006,56640,69,Loss/l_total,0.016073942184448242
1787967719.5475245,56640,69,LR,2.9706247996654154e-05
1787967734.9217558,56680,69,Loss/l_ce,0.014839649200439453
1787967734.9219518,56680,69,Loss/l_total,0.014839649200439453
1787967734.9219766,56680,69,LR,2.9706247996654154e-05
1787967750.2347097,56720,69,Loss/l_ce,0.026076793670654297
1787967750.234938,56720,69,Loss/l_total,0.026076793670654297
1787967750.2349591,56720,69,LR,2.9706247996654154e-05
1787967766.1481385,56760,69,Loss/l_ce,0.022256851196289062
1787967766.1483154,56760,69,Loss/l_total,0.022256851196289062
1787967766.1483378,56760,69,LR,2.9706247996654154e-05
1787967782.3951964,56800,69,Loss/l_ce,0.029758691787719727
1787967782.3955264,56800,69,Loss/l_total,0.029758691787719727
1787967782.3955524,56800,69,LR,2.9706247996654154e-05
1787967797.2672408,56840,69,Loss/l_ce,0.011620283126831055
1787967797.267579,56840,69,Loss/l_total,0.011620283126831055
1787967797.267603,56840,69,LR,2.9706247996654154e-05
1787967838.3762677,56840,69,Val/dense_error,0.08541709184646606
1787967838.376623,56840,69,Val/auc,0.580893662778466
1787967838.376649,56840,69,Val/pck_max,0.1
1787967838.376668,56840,69,Val/pck_n,100.0
1787967852.8545227,56880,70,Loss/l_ce,0.22318100929260254
1787967852.8548267,56880,70,Loss/l_total,0.22318100929260254
1787967852.8548565,56880,70,LR,2.854966364683875e-05
1787967868.985847,56920,70,Loss/l_ce,0.011150598526000977
1787967868.9860883,56920,70,Loss/l_total,0.011150598526000977
1787967868.986113,56920,70,LR,2.854966364683875e-05
1787967882.3815103,56960,70,Loss/l_ce,0.010380983352661133
1787967882.3817892,56960,70,Loss/l_total,0.010380983352661133
1787967882.381814,56960,70,LR,2.854966364683875e-05
1787967899.8193142,57000,70,Loss/l_ce,0.06287050247192383
1787967899.8196158,57000,70,Loss/l_total,0.06287050247192383
1787967899.8198152,57000,70,LR,2.854966364683875e-05
1787967914.9980512,57040,70,Loss/l_ce,0.005719661712646484
1787967914.9983466,57040,70,Loss/l_total,0.005719661712646484
1787967914.9983797,57040,70,LR,2.854966364683875e-05
1787967927.6827369,57080,70,Loss/l_ce,0.015994548797607422
1787967927.6829958,57080,70,Loss/l_total,0.015994548797607422
1787967927.6830206,57080,70,LR,2.854966364683875e-05
1787967943.380331,57120,70,Loss/l_ce,0.01444554328918457
1787967943.380541,57120,70,Loss/l_total,0.01444554328918457
1787967943.3805637,57120,70,LR,2.854966364683875e-05
1787967956.5186787,57160,70,Loss/l_ce,0.020511388778686523
1787967956.5194268,57160,70,Loss/l_total,0.020511388778686523
1787967956.5194576,57160,70,LR,2.854966364683875e-05
1787967969.6165798,57200,70,Loss/l_ce,0.01533651351928711
1787967969.6168067,57200,70,Loss/l_total,0.01533651351928711
1787967969.6168303,57200,70,LR,2.854966364683875e-05
1787967986.0470655,57240,70,Loss/l_ce,0.05517935752868652
1787967986.047397,57240,70,Loss/l_total,0.05517935752868652
1787967986.047423,57240,70,LR,2.854966364683875e-05
1787967998.33807,57280,70,Loss/l_ce,0.030786991119384766
1787967998.3382862,57280,70,Loss/l_total,0.030786991119384766
1787967998.3383136,57280,70,LR,2.854966364683875e-05
1787968008.7709222,57320,70,Loss/l_ce,0.01140594482421875
1787968008.7711382,57320,70,Loss/l_total,0.01140594482421875
1787968008.771169,57320,70,LR,2.854966364683875e-05
1787968019.17079,57360,70,Loss/l_ce,0.016064167022705078
1787968019.1710665,57360,70,Loss/l_total,0.016064167022705078
1787968019.1710987,57360,70,LR,2.854966364683875e-05
1787968035.0914824,57400,70,Loss/l_ce,0.02472662925720215
1787968035.0917318,57400,70,Loss/l_total,0.02472662925720215
1787968035.0917568,57400,70,LR,2.854966364683875e-05
1787968055.6075335,57440,70,Loss/l_ce,0.02493739128112793
1787968055.607828,57440,70,Loss/l_total,0.02493739128112793
1787968055.6078553,57440,70,LR,2.854966364683875e-05
1787968075.2856474,57480,70,Loss/l_ce,0.014651298522949219
1787968075.2858396,57480,70,Loss/l_total,0.014651298522949219
1787968075.2858658,57480,70,LR,2.854966364683875e-05
1787968093.202092,57520,70,Loss/l_ce,0.014416933059692383
1787968093.20239,57520,70,Loss/l_total,0.014416933059692383
1787968093.2024138,57520,70,LR,2.854966364683875e-05
1787968113.9080577,57560,70,Loss/l_ce,0.014513969421386719
1787968113.9114213,57560,70,Loss/l_total,0.014513969421386719
1787968113.9141212,57560,70,LR,2.854966364683875e-05
1787968133.492711,57600,70,Loss/l_ce,0.018133878707885742
1787968133.493262,57600,70,Loss/l_total,0.018133878707885742
1787968133.4932904,57600,70,LR,2.854966364683875e-05
1787968152.8825316,57640,70,Loss/l_ce,0.011907577514648438
1787968152.8827832,57640,70,Loss/l_total,0.011907577514648438
1787968152.882807,57640,70,LR,2.854966364683875e-05
1787968213.0295272,57652,70,Val/dense_error,0.08069208264350891
1787968213.030026,57652,70,Val/auc,0.5784690567282493
1787968213.030071,57652,70,Val/pck_max,0.1
1787968213.0300949,57652,70,Val/pck_n,100.0
1787968231.5926304,57680,71,Loss/l_ce,0.0169830322265625
1787968231.592912,57680,71,Loss/l_total,0.0169830322265625
1787968231.5929403,57680,71,LR,2.741918258561609e-05
1787968250.6347117,57720,71,Loss/l_ce,0.014655590057373047
1787968250.6348755,57720,71,Loss/l_total,0.014655590057373047
1787968250.6348994,57720,71,LR,2.741918258561609e-05
1787968269.808644,57760,71,Loss/l_ce,0.042205810546875
1787968269.8089764,57760,71,Loss/l_total,0.042205810546875
1787968269.8090024,57760,71,LR,2.741918258561609e-05
1787968288.0367465,57800,71,Loss/l_ce,0.030354022979736328
1787968288.036971,57800,71,Loss/l_total,0.030354022979736328
1787968288.036996,57800,71,LR,2.741918258561609e-05
1787968308.742644,57840,71,Loss/l_ce,0.008306026458740234
1787968308.742898,57840,71,Loss/l_total,0.008306026458740234
1787968308.7429218,57840,71,LR,2.741918258561609e-05
1787968330.511728,57880,71,Loss/l_ce,0.018501996994018555
1787968330.5120287,57880,71,Loss/l_total,0.018501996994018555
1787968330.512081,57880,71,LR,2.741918258561609e-05
1787968348.2265089,57920,71,Loss/l_ce,0.0850374698638916
1787968348.2267675,57920,71,Loss/l_total,0.0850374698638916
1787968348.2267923,57920,71,LR,2.741918258561609e-05
1787968370.2498326,57960,71,Loss/l_ce,0.04268932342529297
1787968370.2500987,57960,71,Loss/l_total,0.04268932342529297
1787968370.2501247,57960,71,LR,2.741918258561609e-05
1787968391.35818,58000,71,Loss/l_ce,0.012313604354858398
1787968391.3584592,58000,71,Loss/l_total,0.012313604354858398
1787968391.3584816,58000,71,LR,2.741918258561609e-05
1787968406.5387564,58040,71,Loss/l_ce,0.018130779266357422
1787968406.5390177,58040,71,Loss/l_total,0.018130779266357422
1787968406.5390663,58040,71,LR,2.741918258561609e-05
1787968428.1926517,58080,71,Loss/l_ce,0.02975153923034668
1787968428.1929047,58080,71,Loss/l_total,0.02975153923034668
1787968428.1929295,58080,71,LR,2.741918258561609e-05
1787968448.5952852,58120,71,Loss/l_ce,0.01650071144104004
1787968448.595506,58120,71,Loss/l_total,0.01650071144104004
1787968448.595531,58120,71,LR,2.741918258561609e-05
1787968464.3037755,58160,71,Loss/l_ce,0.033527374267578125
1787968464.3040261,58160,71,Loss/l_total,0.033527374267578125
1787968464.3040855,58160,71,LR,2.741918258561609e-05
1787968484.7750218,58200,71,Loss/l_ce,0.02731037139892578
1787968484.7752414,58200,71,Loss/l_total,0.02731037139892578
1787968484.775264,58200,71,LR,2.741918258561609e-05
1787968506.962795,58240,71,Loss/l_ce,0.013438940048217773
1787968506.9631429,58240,71,Loss/l_total,0.013438940048217773
1787968506.9631906,58240,71,LR,2.741918258561609e-05
1787968523.0765293,58280,71,Loss/l_ce,0.09275603294372559
1787968523.076794,58280,71,Loss/l_total,0.09275603294372559
1787968523.0768213,58280,71,LR,2.741918258561609e-05
1787968545.5474386,58320,71,Loss/l_ce,0.016780614852905273
1787968545.5476177,58320,71,Loss/l_total,0.016780614852905273
1787968545.5476403,58320,71,LR,2.741918258561609e-05
1787968569.2941856,58360,71,Loss/l_ce,0.02639460563659668
1787968569.294364,58360,71,Loss/l_total,0.02639460563659668
1787968569.2943873,58360,71,LR,2.741918258561609e-05
1787968590.6603694,58400,71,Loss/l_ce,0.04219651222229004
1787968590.6605985,58400,71,Loss/l_total,0.04219651222229004
1787968590.6606236,58400,71,LR,2.741918258561609e-05
1787968614.8577616,58440,71,Loss/l_ce,0.02494978904724121
1787968614.8580132,58440,71,Loss/l_total,0.02494978904724121
1787968614.8580642,58440,71,LR,2.741918258561609e-05
1787968690.1043525,58464,71,Val/dense_error,0.08989214152097702
1787968690.1046338,58464,71,Val/auc,0.5706980449909222
1787968690.1046565,58464,71,Val/pck_max,0.1
1787968690.1046755,58464,71,Val/pck_n,100.0
1787968702.0959382,58480,72,Loss/l_ce,0.03371572494506836
1787968702.0963514,58480,72,Loss/l_total,0.03371572494506836
1787968702.0963824,58480,72,LR,2.6315920461308995e-05
1787968721.7802181,58520,72,Loss/l_ce,0.012696266174316406
1787968721.780572,58520,72,Loss/l_total,0.012696266174316406
1787968721.7805943,58520,72,LR,2.6315920461308995e-05
1787968746.3162155,58560,72,Loss/l_ce,0.010565757751464844
1787968746.316535,58560,72,Loss/l_total,0.010565757751464844
1787968746.3165634,58560,72,LR,2.6315920461308995e-05
1787968761.466153,58600,72,Loss/l_ce,0.11357927322387695
1787968761.4664936,58600,72,Loss/l_total,0.11357927322387695
1787968761.4665198,58600,72,LR,2.6315920461308995e-05
1787968772.220404,58640,72,Loss/l_ce,0.047875165939331055
1787968772.220729,58640,72,Loss/l_total,0.047875165939331055
1787968772.2207637,58640,72,LR,2.6315920461308995e-05
1787968783.0408514,58680,72,Loss/l_ce,0.22071123123168945
1787968783.0410154,58680,72,Loss/l_total,0.22071123123168945
1787968783.0410712,58680,72,LR,2.6315920461308995e-05
1787968801.6386542,58720,72,Loss/l_ce,0.012019634246826172
1787968801.6389403,58720,72,Loss/l_total,0.012019634246826172
1787968801.6389651,58720,72,LR,2.6315920461308995e-05
1787968821.6326752,58760,72,Loss/l_ce,0.05841374397277832
1787968821.63301,58760,72,Loss/l_total,0.05841374397277832
1787968821.6330574,58760,72,LR,2.6315920461308995e-05
1787968838.155982,58800,72,Loss/l_ce,0.012874841690063477
1787968838.1563048,58800,72,Loss/l_total,0.012874841690063477
1787968838.1563296,58800,72,LR,2.6315920461308995e-05
1787968859.462375,58840,72,Loss/l_ce,0.015612125396728516
1787968859.4626553,58840,72,Loss/l_total,0.015612125396728516
1787968859.4626777,58840,72,LR,2.6315920461308995e-05
1787968878.643965,58880,72,Loss/l_ce,0.023788928985595703
1787968878.6442795,58880,72,Loss/l_total,0.023788928985595703
1787968878.644307,58880,72,LR,2.6315920461308995e-05
1787968894.429642,58920,72,Loss/l_ce,0.010900735855102539
1787968894.4298544,58920,72,Loss/l_total,0.010900735855102539
1787968894.4298806,58920,72,LR,2.6315920461308995e-05
1787968916.1697252,58960,72,Loss/l_ce,0.033606529235839844
1787968916.1699507,58960,72,Loss/l_total,0.033606529235839844
1787968916.1699746,58960,72,LR,2.6315920461308995e-05
1787968936.8299634,59000,72,Loss/l_ce,0.049987077713012695
1787968936.8302307,59000,72,Loss/l_total,0.049987077713012695
1787968936.830259,59000,72,LR,2.6315920461308995e-05
1787968955.6768415,59040,72,Loss/l_ce,0.019869327545166016
1787968955.677092,59040,72,Loss/l_total,0.019869327545166016
1787968955.6771183,59040,72,LR,2.6315920461308995e-05
1787968973.9092252,59080,72,Loss/l_ce,0.014163494110107422
1787968973.9094472,59080,72,Loss/l_total,0.014163494110107422
1787968973.909471,59080,72,LR,2.6315920461308995e-05
1787968995.1775792,59120,72,Loss/l_ce,0.05001354217529297
1787968995.177869,59120,72,Loss/l_total,0.05001354217529297
1787968995.1778986,59120,72,LR,2.6315920461308995e-05
1787969010.4534602,59160,72,Loss/l_ce,0.028532028198242188
1787969010.4536252,59160,72,Loss/l_total,0.028532028198242188
1787969010.4536476,59160,72,LR,2.6315920461308995e-05
1787969033.099922,59200,72,Loss/l_ce,0.010742664337158203
1787969033.1001854,59200,72,Loss/l_total,0.010742664337158203
1787969033.1002092,59200,72,LR,2.6315920461308995e-05
1787969057.451848,59240,72,Loss/l_ce,0.0559999942779541
1787969057.452013,59240,72,Loss/l_total,0.0559999942779541
1787969057.4520652,59240,72,LR,2.6315920461308995e-05
1787969131.0168478,59276,72,Val/dense_error,0.09259041398763657
1787969131.017141,59276,72,Val/auc,0.5712774440210797
1787969131.0171647,59276,72,Val/pck_max,0.1
1787969131.0173228,59276,72,Val/pck_n,100.0
1787969134.9863067,59280,73,Loss/l_ce,0.09868645668029785
1787969134.9865665,59280,73,Loss/l_total,0.09868645668029785
1787969134.9865918,59280,73,LR,2.5240966060435704e-05
1787969156.1318085,59320,73,Loss/l_ce,0.01378631591796875
1787969156.1321483,59320,73,Loss/l_total,0.01378631591796875
1787969156.1321754,59320,73,LR,2.5240966060435704e-05
1787969177.2809289,59360,73,Loss/l_ce,0.012884140014648438
1787969177.28119,59360,73,Loss/l_total,0.012884140014648438
1787969177.2812173,59360,73,LR,2.5240966060435704e-05
1787969195.7024817,59400,73,Loss/l_ce,0.019103288650512695
1787969195.7027535,59400,73,Loss/l_total,0.019103288650512695
1787969195.702776,59400,73,LR,2.5240966060435704e-05
1787969216.6560693,59440,73,Loss/l_ce,0.025160789489746094
1787969216.6564043,59440,73,Loss/l_total,0.025160789489746094
1787969216.656428,59440,73,LR,2.5240966060435704e-05
1787969243.052267,59480,73,Loss/l_ce,0.010823249816894531
1787969243.0525935,59480,73,Loss/l_total,0.010823249816894531
1787969243.0526185,59480,73,LR,2.5240966060435704e-05
1787969262.8302417,59520,73,Loss/l_ce,0.021072864532470703
1787969262.8304636,59520,73,Loss/l_total,0.021072864532470703
1787969262.8304875,59520,73,LR,2.5240966060435704e-05
1787969286.996887,59560,73,Loss/l_ce,0.006439685821533203
1787969286.997306,59560,73,Loss/l_total,0.006439685821533203
1787969286.9973395,59560,73,LR,2.5240966060435704e-05
1787969310.2286475,59600,73,Loss/l_ce,0.023754358291625977
1787969310.2289584,59600,73,Loss/l_total,0.023754358291625977
1787969310.2289822,59600,73,LR,2.5240966060435704e-05
1787969323.8175902,59640,73,Loss/l_ce,0.010561704635620117
1787969323.8177884,59640,73,Loss/l_total,0.010561704635620117
1787969323.8178122,59640,73,LR,2.5240966060435704e-05
1787969334.7612176,59680,73,Loss/l_ce,0.011142253875732422
1787969334.761422,59680,73,Loss/l_total,0.011142253875732422
1787969334.7614453,59680,73,LR,2.5240966060435704e-05
1787969345.3333862,59720,73,Loss/l_ce,0.02122664451599121
1787969345.3335965,59720,73,Loss/l_total,0.02122664451599121
1787969345.3336189,59720,73,LR,2.5240966060435704e-05
1787969362.4716284,59760,73,Loss/l_ce,0.012042522430419922
1787969362.471903,59760,73,Loss/l_total,0.012042522430419922
1787969362.4719315,59760,73,LR,2.5240966060435704e-05
1787969383.2202618,59800,73,Loss/l_ce,0.019740581512451172
1787969383.220504,59800,73,Loss/l_total,0.019740581512451172
1787969383.220529,59800,73,LR,2.5240966060435704e-05
1787969400.681393,59840,73,Loss/l_ce,0.021037817001342773
1787969400.6815972,59840,73,Loss/l_total,0.021037817001342773
1787969400.6816196,59840,73,LR,2.5240966060435704e-05
1787969420.7174833,59880,73,Loss/l_ce,0.01008152961730957
1787969420.7177303,59880,73,Loss/l_total,0.01008152961730957
1787969420.7177541,59880,73,LR,2.5240966060435704e-05
1787969440.735425,59920,73,Loss/l_ce,0.017545700073242188
1787969440.7356198,59920,73,Loss/l_total,0.017545700073242188
1787969440.7356424,59920,73,LR,2.5240966060435704e-05
1787969459.6636684,59960,73,Loss/l_ce,0.010636329650878906
1787969459.663848,59960,73,Loss/l_total,0.010636329650878906
1787969459.6638715,59960,73,LR,2.5240966060435704e-05
1787969477.1002753,60000,73,Loss/l_ce,0.013717889785766602
1787969477.1005352,60000,73,Loss/l_total,0.013717889785766602
1787969477.1005588,60000,73,LR,2.5240966060435704e-05
1787969498.136839,60040,73,Loss/l_ce,0.016655921936035156
1787969498.1370833,60040,73,Loss/l_total,0.016655921936035156
1787969498.1371086,60040,73,LR,2.5240966060435704e-05
1787969515.1336834,60080,73,Loss/l_ce,0.023324012756347656
1787969515.1338685,60080,73,Loss/l_total,0.023324012756347656
1787969515.1338923,60080,73,LR,2.5240966060435704e-05
1787969568.8087523,60088,73,Val/dense_error,0.08299067616462708
1787969568.8090563,60088,73,Val/auc,0.5795976608460538
1787969568.8090813,60088,73,Val/pck_max,0.1
1787969568.809098,60088,73,Val/pck_n,100.0
1787969585.2633855,60120,74,Loss/l_ce,0.010853767395019531
1787969585.2642727,60120,74,Loss/l_total,0.010853767395019531
1787969585.2643163,60120,74,LR,2.4195380233209035e-05
1787969602.758489,60160,74,Loss/l_ce,0.04405379295349121
1787969602.7587488,60160,74,Loss/l_total,0.04405379295349121
1787969602.7587783,60160,74,LR,2.4195380233209035e-05
1787969624.4257016,60200,74,Loss/l_ce,0.012197494506835938
1787969624.4259143,60200,74,Loss/l_total,0.012197494506835938
1787969624.425937,60200,74,LR,2.4195380233209035e-05
1787969642.0877357,60240,74,Loss/l_ce,0.019594907760620117
1787969642.0879421,60240,74,Loss/l_total,0.019594907760620117
1787969642.0879695,60240,74,LR,2.4195380233209035e-05
1787969659.318535,60280,74,Loss/l_ce,0.03126955032348633
1787969659.3187218,60280,74,Loss/l_total,0.03126955032348633
1787969659.3187466,60280,74,LR,2.4195380233209035e-05
1787969679.793029,60320,74,Loss/l_ce,0.01198434829711914
1787969679.7934544,60320,74,Loss/l_total,0.01198434829711914
1787969679.7934804,60320,74,LR,2.4195380233209035e-05
1787969698.8362591,60360,74,Loss/l_ce,0.01410055160522461
1787969698.8366008,60360,74,Loss/l_total,0.01410055160522461
1787969698.8366294,60360,74,LR,2.4195380233209035e-05
1787969716.684743,60400,74,Loss/l_ce,0.011780261993408203
1787969716.6850598,60400,74,Loss/l_total,0.011780261993408203
1787969716.6850872,60400,74,LR,2.4195380233209035e-05
1787969737.5049918,60440,74,Loss/l_ce,0.01965641975402832
1787969737.5053823,60440,74,Loss/l_total,0.01965641975402832
1787969737.5054095,60440,74,LR,2.4195380233209035e-05
1787969756.4833095,60480,74,Loss/l_ce,0.00957942008972168
1787969756.483597,60480,74,Loss/l_total,0.00957942008972168
1787969756.4836233,60480,74,LR,2.4195380233209035e-05
1787969776.6026251,60520,74,Loss/l_ce,0.011168956756591797
1787969776.6028032,60520,74,Loss/l_total,0.011168956756591797
1787969776.6028268,60520,74,LR,2.4195380233209035e-05
1787969797.6033645,60560,74,Loss/l_ce,0.008240938186645508
1787969797.6037037,60560,74,Loss/l_total,0.008240938186645508
1787969797.6037276,60560,74,LR,2.4195380233209035e-05
1787969819.0151973,60600,74,Loss/l_ce,0.08313751220703125
1787969819.015475,60600,74,Loss/l_total,0.08313751220703125
1787969819.0154974,60600,74,LR,2.4195380233209035e-05
1787969837.0257974,60640,74,Loss/l_ce,0.017754554748535156
1787969837.026099,60640,74,Loss/l_total,0.017754554748535156
1787969837.026125,60640,74,LR,2.4195380233209035e-05
1787969858.7294807,60680,74,Loss/l_ce,0.030010700225830078
1787969858.7297847,60680,74,Loss/l_total,0.030010700225830078
1787969858.7298086,60680,74,LR,2.4195380233209035e-05
1787969878.5191972,60720,74,Loss/l_ce,0.03528141975402832
1787969878.5194666,60720,74,Loss/l_total,0.03528141975402832
1787969878.5194974,60720,74,LR,2.4195380233209035e-05
1787969889.0014777,60760,74,Loss/l_ce,0.010390043258666992
1787969889.0017543,60760,74,Loss/l_total,0.010390043258666992
1787969889.001784,60760,74,LR,2.4195380233209035e-05
1787969900.0205479,60800,74,Loss/l_ce,0.02985095977783203
1787969900.0208375,60800,74,Loss/l_total,0.02985095977783203
1787969900.0208626,60800,74,LR,2.4195380233209035e-05
1787969912.515784,60840,74,Loss/l_ce,0.014551639556884766
1787969912.5159798,60840,74,Loss/l_total,0.014551639556884766
1787969912.5160048,60840,74,LR,2.4195380233209035e-05
1787969927.4246805,60880,74,Loss/l_ce,0.010833263397216797
1787969927.424868,60880,74,Loss/l_total,0.010833263397216797
1787969927.424892,60880,74,LR,2.4195380233209035e-05
1787969979.2328274,60900,74,Val/dense_error,0.08328316360712051
1787969979.2331576,60900,74,Val/auc,0.5824307617184962
1787969979.2331839,60900,74,Val/pck_max,0.1
1787969979.233204,60900,74,Val/pck_n,100.0
1787969988.7163742,60920,75,Loss/l_ce,0.019402503967285156
1787969988.7165453,60920,75,Loss/l_total,0.019402503967285156
1787969988.7165701,60920,75,LR,2.318019484660539e-05
1787970002.5415137,60960,75,Loss/l_ce,0.02403116226196289
1787970002.5420516,60960,75,Loss/l_total,0.02403116226196289
1787970002.5420835,60960,75,LR,2.318019484660539e-05
1787970017.6324933,61000,75,Loss/l_ce,0.03326821327209473
1787970017.632702,61000,75,Loss/l_total,0.03326821327209473
1787970017.6327295,61000,75,LR,2.318019484660539e-05
1787970033.2338407,61040,75,Loss/l_ce,0.016607999801635742
1787970033.234178,61040,75,Loss/l_total,0.016607999801635742
1787970033.234204,61040,75,LR,2.318019484660539e-05
1787970045.5539365,61080,75,Loss/l_ce,0.016638994216918945
1787970045.5541358,61080,75,Loss/l_total,0.016638994216918945
1787970045.5541596,61080,75,LR,2.318019484660539e-05
1787970056.7295785,61120,75,Loss/l_ce,0.010978937149047852
1787970056.7299192,61120,75,Loss/l_total,0.010978937149047852
1787970056.7299454,61120,75,LR,2.318019484660539e-05
1787970068.209659,61160,75,Loss/l_ce,0.01926422119140625
1787970068.2099724,61160,75,Loss/l_total,0.01926422119140625
1787970068.2099998,61160,75,LR,2.318019484660539e-05
1787970082.253983,61200,75,Loss/l_ce,0.03573274612426758
1787970082.254173,61200,75,Loss/l_total,0.03573274612426758
1787970082.2541955,61200,75,LR,2.318019484660539e-05
1787970098.0822284,61240,75,Loss/l_ce,0.011261463165283203
1787970098.0824518,61240,75,Loss/l_total,0.011261463165283203
1787970098.0824752,61240,75,LR,2.318019484660539e-05
1787970111.1863427,61280,75,Loss/l_ce,0.014576435089111328
1787970111.1866062,61280,75,Loss/l_total,0.014576435089111328
1787970111.1866322,61280,75,LR,2.318019484660539e-05
1787970125.9841595,61320,75,Loss/l_ce,0.01961994171142578
1787970125.9843364,61320,75,Loss/l_total,0.01961994171142578
1787970125.984359,61320,75,LR,2.318019484660539e-05
1787970137.0271747,61360,75,Loss/l_ce,0.01618480682373047
1787970137.027361,61360,75,Loss/l_total,0.01618480682373047
1787970137.0273848,61360,75,LR,2.318019484660539e-05
1787970147.797601,61400,75,Loss/l_ce,0.010380983352661133
1787970147.7979524,61400,75,Loss/l_total,0.010380983352661133
1787970147.7979786,61400,75,LR,2.318019484660539e-05
1787970159.2695377,61440,75,Loss/l_ce,0.018518447875976562
1787970159.269736,61440,75,Loss/l_total,0.018518447875976562
1787970159.269761,61440,75,LR,2.318019484660539e-05
1787970170.1348019,61480,75,Loss/l_ce,0.013239383697509766
1787970170.135112,61480,75,Loss/l_total,0.013239383697509766
1787970170.1351426,61480,75,LR,2.318019484660539e-05
1787970181.1195796,61520,75,Loss/l_ce,0.02723526954650879
1787970181.119848,61520,75,Loss/l_total,0.02723526954650879
1787970181.1198719,61520,75,LR,2.318019484660539e-05
1787970192.3845687,61560,75,Loss/l_ce,0.03459429740905762
1787970192.384754,61560,75,Loss/l_total,0.03459429740905762
1787970192.3847764,61560,75,LR,2.318019484660539e-05
1787970204.1606116,61600,75,Loss/l_ce,0.02709650993347168
1787970204.160894,61600,75,Loss/l_total,0.02709650993347168
1787970204.160919,61600,75,LR,2.318019484660539e-05
1787970217.1969976,61640,75,Loss/l_ce,0.019793987274169922
1787970217.1972506,61640,75,Loss/l_total,0.019793987274169922
1787970217.197273,61640,75,LR,2.318019484660539e-05
1787970229.358817,61680,75,Loss/l_ce,0.010839223861694336
1787970229.359216,61680,75,Loss/l_total,0.010839223861694336
1787970229.3592432,61680,75,LR,2.318019484660539e-05
1787970286.8249362,61712,75,Val/dense_error,0.08972425013780594
1787970286.8253183,61712,75,Val/auc,0.578530029012158
1787970286.8253481,61712,75,Val/pck_max,0.1
1787970286.8255322,61712,75,Val/pck_n,100.0
1787970292.8782759,61720,76,Loss/l_ce,0.019669055938720703
1787970292.87846,61720,76,Loss/l_total,0.019669055938720703
1787970292.8784823,61720,76,LR,2.2196411766036513e-05
1787970305.8175364,61760,76,Loss/l_ce,0.013335466384887695
1787970305.817788,61760,76,Loss/l_total,0.013335466384887695
1787970305.8178177,61760,76,LR,2.2196411766036513e-05
1787970320.2777693,61800,76,Loss/l_ce,0.014637470245361328
1787970320.2780943,61800,76,Loss/l_total,0.014637470245361328
1787970320.2781217,61800,76,LR,2.2196411766036513e-05
1787970335.1070662,61840,76,Loss/l_ce,0.0091552734375
1787970335.1072786,61840,76,Loss/l_total,0.0091552734375
1787970335.1073024,61840,76,LR,2.2196411766036513e-05
1787970352.1335459,61880,76,Loss/l_ce,0.02928018569946289
1787970352.133787,61880,76,Loss/l_total,0.02928018569946289
1787970352.1338108,61880,76,LR,2.2196411766036513e-05
1787970366.1088047,61920,76,Loss/l_ce,0.010174751281738281
1787970366.1090279,61920,76,Loss/l_total,0.010174751281738281
1787970366.10908,61920,76,LR,2.2196411766036513e-05
1787970380.8702943,61960,76,Loss/l_ce,0.013706445693969727
1787970380.870596,61960,76,Loss/l_total,0.013706445693969727
1787970380.870629,61960,76,LR,2.2196411766036513e-05
1787970396.1131616,62000,76,Loss/l_ce,0.009591102600097656
1787970396.1135283,62000,76,Loss/l_total,0.009591102600097656
1787970396.1135545,62000,76,LR,2.2196411766036513e-05
1787970409.9953067,62040,76,Loss/l_ce,0.010727167129516602
1787970409.9956021,62040,76,Loss/l_total,0.010727167129516602
1787970409.9956272,62040,76,LR,2.2196411766036513e-05
1787970424.2028258,62080,76,Loss/l_ce,0.10666203498840332
1787970424.2030585,62080,76,Loss/l_total,0.10666203498840332
1787970424.203086,62080,76,LR,2.2196411766036513e-05
1787970438.3036652,62120,76,Loss/l_ce,0.016512393951416016
1787970438.303949,62120,76,Loss/l_total,0.016512393951416016
1787970438.3039834,62120,76,LR,2.2196411766036513e-05
1787970452.072856,62160,76,Loss/l_ce,0.010782480239868164
1787970452.0731637,62160,76,Loss/l_total,0.010782480239868164
1787970452.0731874,62160,76,LR,2.2196411766036513e-05
1787970469.6307533,62200,76,Loss/l_ce,0.015230655670166016
1787970469.6310713,62200,76,Loss/l_total,0.015230655670166016
1787970469.6310985,62200,76,LR,2.2196411766036513e-05
1787970484.327511,62240,76,Loss/l_ce,0.009686946868896484
1787970484.327707,62240,76,Loss/l_total,0.009686946868896484
1787970484.3277369,62240,76,LR,2.2196411766036513e-05
1787970500.0557957,62280,76,Loss/l_ce,0.012809276580810547
1787970500.0561068,62280,76,Loss/l_total,0.012809276580810547
1787970500.0561316,62280,76,LR,2.2196411766036513e-05
1787970515.7465973,62320,76,Loss/l_ce,0.015740156173706055
1787970515.7468517,62320,76,Loss/l_total,0.015740156173706055
1787970515.7468777,62320,76,LR,2.2196411766036513e-05
1787970534.2854939,62360,76,Loss/l_ce,0.01294398307800293
1787970534.2857301,62360,76,Loss/l_total,0.01294398307800293
1787970534.2857513,62360,76,LR,2.2196411766036513e-05
1787970549.2896574,62400,76,Loss/l_ce,0.009591102600097656
1787970549.2898378,62400,76,Loss/l_total,0.009591102600097656
1787970549.2898593,62400,76,LR,2.2196411766036513e-05
1787970564.8125546,62440,76,Loss/l_ce,0.012918949127197266
1787970564.8128476,62440,76,Loss/l_total,0.012918949127197266
1787970564.8128715,62440,76,LR,2.2196411766036513e-05
1787970582.125665,62480,76,Loss/l_ce,0.019869327545166016
1787970582.1258717,62480,76,Loss/l_total,0.019869327545166016
1787970582.125894,62480,76,LR,2.2196411766036513e-05
1787970599.2015707,62520,76,Loss/l_ce,0.03771638870239258
1787970599.201742,62520,76,Loss/l_total,0.03771638870239258
1787970599.2017667,62520,76,LR,2.2196411766036513e-05
1787970644.309905,62524,76,Val/dense_error,0.09230419248342514
1787970644.3102674,62524,76,Val/auc,0.5795337665677084
1787970644.3102949,62524,76,Val/pck_max,0.1
1787970644.3103125,62524,76,Val/pck_n,100.0
1787970661.8255584,62560,77,Loss/l_ce,0.020859479904174805
1787970661.825802,62560,77,Loss/l_total,0.020859479904174805
1787970661.825828,62560,77,LR,2.124500186662934e-05
1787970676.9871287,62600,77,Loss/l_ce,0.08976006507873535
1787970676.9873912,62600,77,Loss/l_total,0.08976006507873535
1787970676.9874148,62600,77,LR,2.124500186662934e-05
1787970694.671441,62640,77,Loss/l_ce,0.00998067855834961
1787970694.6716158,62640,77,Loss/l_total,0.00998067855834961
1787970694.6716383,62640,77,LR,2.124500186662934e-05
1787970706.9992166,62680,77,Loss/l_ce,0.09540700912475586
1787970706.9993865,62680,77,Loss/l_total,0.09540700912475586
1787970706.9994102,62680,77,LR,2.124500186662934e-05
1787970723.7358296,62720,77,Loss/l_ce,0.011759519577026367
1787970723.7360644,62720,77,Loss/l_total,0.011759519577026367
1787970723.7360919,62720,77,LR,2.124500186662934e-05
1787970737.3336465,62760,77,Loss/l_ce,0.029623031616210938
1787970737.333839,62760,77,Loss/l_total,0.029623031616210938
1787970737.3338625,62760,77,LR,2.124500186662934e-05
1787970750.98027,62800,77,Loss/l_ce,0.0462336540222168
1787970750.9806294,62800,77,Loss/l_total,0.0462336540222168
1787970750.9806638,62800,77,LR,2.124500186662934e-05
1787970763.850957,62840,77,Loss/l_ce,0.015796899795532227
1787970763.8512406,62840,77,Loss/l_total,0.015796899795532227
1787970763.8512678,62840,77,LR,2.124500186662934e-05
1787970776.3919306,62880,77,Loss/l_ce,0.0216522216796875
1787970776.3921895,62880,77,Loss/l_total,0.0216522216796875
1787970776.3922155,62880,77,LR,2.124500186662934e-05
1787970789.1861978,62920,77,Loss/l_ce,0.020711660385131836
1787970789.186377,62920,77,Loss/l_total,0.020711660385131836
1787970789.1863995,62920,77,LR,2.124500186662934e-05
1787970801.8789902,62960,77,Loss/l_ce,0.012792110443115234
1787970801.8792133,62960,77,Loss/l_total,0.012792110443115234
1787970801.879237,62960,77,LR,2.124500186662934e-05
1787970815.3205047,63000,77,Loss/l_ce,0.025707721710205078
1787970815.320673,63000,77,Loss/l_total,0.025707721710205078
1787970815.3206992,63000,77,LR,2.124500186662934e-05
1787970828.449215,63040,77,Loss/l_ce,0.03507089614868164
1787970828.4494026,63040,77,Loss/l_total,0.03507089614868164
1787970828.4494276,63040,77,LR,2.124500186662934e-05
1787970842.1396654,63080,77,Loss/l_ce,0.030103445053100586
1787970842.1398542,63080,77,Loss/l_total,0.030103445053100586
1787970842.1398792,63080,77,LR,2.124500186662934e-05
1787970855.554447,63120,77,Loss/l_ce,0.0044591426849365234
1787970855.5547507,63120,77,Loss/l_total,0.0044591426849365234
1787970855.5547745,63120,77,LR,2.124500186662934e-05
1787970868.7097292,63160,77,Loss/l_ce,0.02861928939819336
1787970868.7099571,63160,77,Loss/l_total,0.02861928939819336
1787970868.709981,63160,77,LR,2.124500186662934e-05
1787970883.237481,63200,77,Loss/l_ce,0.01276397705078125
1787970883.237664,63200,77,Loss/l_total,0.01276397705078125
1787970883.2377198,63200,77,LR,2.124500186662934e-05
1787970896.6573658,63240,77,Loss/l_ce,0.04357409477233887
1787970896.6576009,63240,77,Loss/l_total,0.04357409477233887
1787970896.6576223,63240,77,LR,2.124500186662934e-05
1787970910.8850844,63280,77,Loss/l_ce,0.0160367488861084
1787970910.885316,63280,77,Loss/l_total,0.0160367488861084
1787970910.8853385,63280,77,LR,2.124500186662934e-05
1787970924.8548915,63320,77,Loss/l_ce,0.017150163650512695
1787970924.8551517,63320,77,Loss/l_total,0.017150163650512695
1787970924.8551776,63320,77,LR,2.124500186662934e-05
1787970974.575164,63336,77,Val/dense_error,0.0869312733411789
1787970974.5754442,63336,77,Val/auc,0.5712219261267859
1787970974.575468,63336,77,Val/pck_max,0.1
1787970974.575487,63336,77,Val/pck_n,100.0
1787970985.0169759,63360,78,Loss/l_ce,0.37355518341064453
1787970985.0172918,63360,78,Loss/l_total,0.37355518341064453
1787970985.0173178,63360,78,LR,2.032690407508951e-05
1787970998.9810178,63400,78,Loss/l_ce,0.021145105361938477
1787970998.9812706,63400,78,Loss/l_total,0.021145105361938477
1787970998.9812956,63400,78,LR,2.032690407508951e-05
1787971011.6899412,63440,78,Loss/l_ce,0.021207571029663086
1787971011.690218,63440,78,Loss/l_total,0.021207571029663086
1787971011.6902452,63440,78,LR,2.032690407508951e-05
1787971026.4906816,63480,78,Loss/l_ce,0.03955364227294922
1787971026.490849,63480,78,Loss/l_total,0.03955364227294922
1787971026.4908726,63480,78,LR,2.032690407508951e-05
1787971039.7968004,63520,78,Loss/l_ce,0.012943744659423828
1787971039.7971175,63520,78,Loss/l_total,0.012943744659423828
1787971039.7971458,63520,78,LR,2.032690407508951e-05
1787971052.4434524,63560,78,Loss/l_ce,0.03399968147277832
1787971052.4437253,63560,78,Loss/l_total,0.03399968147277832
1787971052.4437504,63560,78,LR,2.032690407508951e-05
1787971064.7683728,63600,78,Loss/l_ce,0.010342597961425781
1787971064.768596,63600,78,Loss/l_total,0.010342597961425781
1787971064.7686174,63600,78,LR,2.032690407508951e-05
1787971078.436645,63640,78,Loss/l_ce,0.02534341812133789
1787971078.4369373,63640,78,Loss/l_total,0.02534341812133789
1787971078.4369597,63640,78,LR,2.032690407508951e-05
1787971092.9857495,63680,78,Loss/l_ce,0.025497913360595703
1787971092.9859264,63680,78,Loss/l_total,0.025497913360595703
1787971092.9859512,63680,78,LR,2.032690407508951e-05
1787971105.7128887,63720,78,Loss/l_ce,0.010205268859863281
1787971105.713087,63720,78,Loss/l_total,0.010205268859863281
1787971105.7131166,63720,78,LR,2.032690407508951e-05
1787971118.4823427,63760,78,Loss/l_ce,0.11335325241088867
1787971118.4825444,63760,78,Loss/l_total,0.11335325241088867
1787971118.4825683,63760,78,LR,2.032690407508951e-05
1787971131.7211568,63800,78,Loss/l_ce,0.03779768943786621
1787971131.7214003,63800,78,Loss/l_total,0.03779768943786621
1787971131.7214286,63800,78,LR,2.032690407508951e-05
1787971144.4798987,63840,78,Loss/l_ce,0.030139923095703125
1787971144.480129,63840,78,Loss/l_total,0.030139923095703125
1787971144.4801574,63840,78,LR,2.032690407508951e-05
1787971158.6406875,63880,78,Loss/l_ce,0.019393444061279297
1787971158.6408834,63880,78,Loss/l_total,0.019393444061279297
1787971158.6409082,63880,78,LR,2.032690407508951e-05
1787971172.8676424,63920,78,Loss/l_ce,0.006282329559326172
1787971172.8678193,63920,78,Loss/l_total,0.006282329559326172
1787971172.8678432,63920,78,LR,2.032690407508951e-05
1787971185.3431537,63960,78,Loss/l_ce,0.011592388153076172
1787971185.343313,63960,78,Loss/l_total,0.011592388153076172
1787971185.3433378,63960,78,LR,2.032690407508951e-05
1787971197.4883244,64000,78,Loss/l_ce,0.03529477119445801
1787971197.488505,64000,78,Loss/l_total,0.03529477119445801
1787971197.4885287,64000,78,LR,2.032690407508951e-05
1787971208.8097715,64040,78,Loss/l_ce,0.011848211288452148
1787971208.809959,64040,78,Loss/l_total,0.011848211288452148
1787971208.8099885,64040,78,LR,2.032690407508951e-05
1787971221.3418465,64080,78,Loss/l_ce,0.020097732543945312
1787971221.3420234,64080,78,Loss/l_total,0.020097732543945312
1787971221.342097,64080,78,LR,2.032690407508951e-05
1787971232.633487,64120,78,Loss/l_ce,0.03452920913696289
1787971232.633791,64120,78,Loss/l_total,0.03452920913696289
1787971232.6338208,64120,78,LR,2.032690407508951e-05
1787971290.0342722,64148,78,Val/dense_error,0.08969549834728241
1787971290.0345657,64148,78,Val/auc,0.5755637501266196
1787971290.0345905,64148,78,Val/pck_max,0.1
1787971290.0346096,64148,78,Val/pck_n,100.0
1787971295.5357847,64160,79,Loss/l_ce,0.010863304138183594
1787971295.5359607,64160,79,Loss/l_total,0.010863304138183594
1787971295.535983,64160,79,LR,1.944302444309395e-05
1787971311.1301324,64200,79,Loss/l_ce,0.012049436569213867
1787971311.1304412,64200,79,Loss/l_total,0.012049436569213867
1787971311.130465,64200,79,LR,1.944302444309395e-05
1787971323.7211878,64240,79,Loss/l_ce,0.044884681701660156
1787971323.72136,64240,79,Loss/l_total,0.044884681701660156
1787971323.7213836,64240,79,LR,1.944302444309395e-05
1787971337.5523968,64280,79,Loss/l_ce,0.009940147399902344
1787971337.5527565,64280,79,Loss/l_total,0.009940147399902344
1787971337.5527875,64280,79,LR,1.944302444309395e-05
1787971350.949904,64320,79,Loss/l_ce,0.013592958450317383
1787971350.9502306,64320,79,Loss/l_total,0.013592958450317383
1787971350.9502566,64320,79,LR,1.944302444309395e-05
1787971366.225958,64360,79,Loss/l_ce,0.012795686721801758
1787971366.2261827,64360,79,Loss/l_total,0.012795686721801758
1787971366.2262087,64360,79,LR,1.944302444309395e-05
1787971378.227665,64400,79,Loss/l_ce,0.03640294075012207
1787971378.2279665,64400,79,Loss/l_total,0.03640294075012207
1787971378.227988,64400,79,LR,1.944302444309395e-05
1787971392.4518726,64440,79,Loss/l_ce,0.04109072685241699
1787971392.4521074,64440,79,Loss/l_total,0.04109072685241699
1787971392.4521337,64440,79,LR,1.944302444309395e-05
1787971405.8597493,64480,79,Loss/l_ce,0.023106098175048828
1787971405.8599417,64480,79,Loss/l_total,0.023106098175048828
1787971405.8599727,64480,79,LR,1.944302444309395e-05
1787971419.7332542,64520,79,Loss/l_ce,0.03583884239196777
1787971419.7335355,64520,79,Loss/l_total,0.03583884239196777
1787971419.7335615,64520,79,LR,1.944302444309395e-05
1787971434.0520115,64560,79,Loss/l_ce,0.04601788520812988
1787971434.0522642,64560,79,Loss/l_total,0.04601788520812988
1787971434.0522869,64560,79,LR,1.944302444309395e-05
1787971448.5719576,64600,79,Loss/l_ce,0.025449514389038086
1787971448.572241,64600,79,Loss/l_total,0.025449514389038086
1787971448.5722673,64600,79,LR,1.944302444309395e-05
1787971462.271871,64640,79,Loss/l_ce,0.010921478271484375
1787971462.272111,64640,79,Loss/l_total,0.010921478271484375
1787971462.2721393,64640,79,LR,1.944302444309395e-05
1787971476.5599768,64680,79,Loss/l_ce,0.015682697296142578
1787971476.5601737,64680,79,Loss/l_total,0.015682697296142578
1787971476.5602,64680,79,LR,1.944302444309395e-05
1787971489.832177,64720,79,Loss/l_ce,0.014331340789794922
1787971489.8323646,64720,79,Loss/l_total,0.014331340789794922
1787971489.8323884,64720,79,LR,1.944302444309395e-05
1787971501.8262002,64760,79,Loss/l_ce,0.037082672119140625
1787971501.8264592,64760,79,Loss/l_total,0.037082672119140625
1787971501.8264902,64760,79,LR,1.944302444309395e-05
1787971516.8766906,64800,79,Loss/l_ce,0.019650936126708984
1787971516.8770149,64800,79,Loss/l_total,0.019650936126708984
1787971516.877079,64800,79,LR,1.944302444309395e-05
1787971532.556677,64840,79,Loss/l_ce,0.01729559898376465
1787971532.5568504,64840,79,Loss/l_total,0.01729559898376465
1787971532.5568728,64840,79,LR,1.944302444309395e-05
1787971548.2380254,64880,79,Loss/l_ce,0.009327888488769531
1787971548.2383046,64880,79,Loss/l_total,0.009327888488769531
1787971548.2383296,64880,79,LR,1.944302444309395e-05
1787971563.015574,64920,79,Loss/l_ce,0.004150867462158203
1787971563.0158045,64920,79,Loss/l_total,0.004150867462158203
1787971563.0158293,64920,79,LR,1.944302444309395e-05
1787971578.7732675,64960,79,Loss/l_ce,0.032132863998413086
1787971578.773442,64960,79,Loss/l_total,0.032132863998413086
1787971578.77348,64960,79,LR,1.944302444309395e-05
1787971637.8116746,64960,79,Val/dense_error,0.08766955137252808
1787971637.8120012,64960,79,Val/auc,0.5797497344231723
1787971637.8120239,64960,79,Val/pck_max,0.1
1787971637.8120677,64960,79,Val/pck_n,100.0
1787971656.604883,65000,80,Loss/l_ce,0.06380534172058105
1787971656.6050742,65000,80,Loss/l_total,0.06380534172058105
1787971656.6051013,65000,80,LR,1.8594235253127385e-05
1787971671.217177,65040,80,Loss/l_ce,0.0228121280670166
1787971671.2173526,65040,80,Loss/l_total,0.0228121280670166
1787971671.2173762,65040,80,LR,1.8594235253127385e-05
1787971687.0409129,65080,80,Loss/l_ce,0.017559289932250977
1787971687.041156,65080,80,Loss/l_total,0.017559289932250977
1787971687.0411835,65080,80,LR,1.8594235253127385e-05
1787971701.826374,65120,80,Loss/l_ce,0.019104719161987305
1787971701.8265617,65120,80,Loss/l_total,0.019104719161987305
1787971701.8265867,65120,80,LR,1.8594235253127385e-05
1787971719.0177386,65160,80,Loss/l_ce,0.035555124282836914
1787971719.017995,65160,80,Loss/l_total,0.035555124282836914
1787971719.0180237,65160,80,LR,1.8594235253127385e-05
1787971733.2082062,65200,80,Loss/l_ce,0.0221097469329834
1787971733.2084568,65200,80,Loss/l_total,0.0221097469329834
1787971733.2084804,65200,80,LR,1.8594235253127385e-05
1787971749.3945749,65240,80,Loss/l_ce,0.08696126937866211
1787971749.3948326,65240,80,Loss/l_total,0.08696126937866211
1787971749.3948624,65240,80,LR,1.8594235253127385e-05
1787971764.0280025,65280,80,Loss/l_ce,0.038793087005615234
1787971764.028258,65280,80,Loss/l_total,0.038793087005615234
1787971764.0282817,65280,80,LR,1.8594235253127385e-05
1787971778.1551912,65320,80,Loss/l_ce,0.008305072784423828
1787971778.1553624,65320,80,Loss/l_total,0.008305072784423828
1787971778.1553848,65320,80,LR,1.8594235253127385e-05
1787971794.1573777,65360,80,Loss/l_ce,0.013244867324829102
1787971794.1575465,65360,80,Loss/l_total,0.013244867324829102
1787971794.1575713,65360,80,LR,1.8594235253127385e-05
1787971810.4984164,65400,80,Loss/l_ce,0.03189730644226074
1787971810.498596,65400,80,Loss/l_total,0.03189730644226074
1787971810.4986184,65400,80,LR,1.8594235253127385e-05
1787971826.6649868,65440,80,Loss/l_ce,0.008265018463134766
1787971826.6651957,65440,80,Loss/l_total,0.008265018463134766
1787971826.6652195,65440,80,LR,1.8594235253127385e-05
1787971842.7715406,65480,80,Loss/l_ce,0.03495597839355469
1787971842.771808,65480,80,Loss/l_total,0.03495597839355469
1787971842.77184,65480,80,LR,1.8594235253127385e-05
1787971857.682615,65520,80,Loss/l_ce,0.008457183837890625
1787971857.6827931,65520,80,Loss/l_total,0.008457183837890625
1787971857.6828167,65520,80,LR,1.8594235253127385e-05
1787971873.849244,65560,80,Loss/l_ce,0.016367435455322266
1787971873.8494887,65560,80,Loss/l_total,0.016367435455322266
1787971873.8495111,65560,80,LR,1.8594235253127385e-05
1787971889.529234,65600,80,Loss/l_ce,0.020958662033081055
1787971889.529482,65600,80,Loss/l_total,0.020958662033081055
1787971889.5295057,65600,80,LR,1.8594235253127385e-05
1787971905.2177215,65640,80,Loss/l_ce,0.059513092041015625
1787971905.2179127,65640,80,Loss/l_total,0.059513092041015625
1787971905.217935,65640,80,LR,1.8594235253127385e-05
1787971920.0433168,65680,80,Loss/l_ce,0.02001214027404785
1787971920.0435898,65680,80,Loss/l_total,0.02001214027404785
1787971920.0436268,65680,80,LR,1.8594235253127385e-05
1787971936.0491068,65720,80,Loss/l_ce,0.05337858200073242
1787971936.0492766,65720,80,Loss/l_total,0.05337858200073242
1787971936.0493019,65720,80,LR,1.8594235253127385e-05
1787971949.920733,65760,80,Loss/l_ce,0.010463476181030273
1787971949.9209442,65760,80,Loss/l_total,0.010463476181030273
1787971949.9209774,65760,80,LR,1.8594235253127385e-05
1787972007.7588763,65772,80,Val/dense_error,0.08796311914920807
1787972007.7592423,65772,80,Val/auc,0.5798735620540713
1787972007.759267,65772,80,Val/pck_max,0.1
1787972007.7592847,65772,80,Val/pck_n,100.0
1787972022.5661812,65800,81,Loss/l_ce,0.022378921508789062
1787972022.5664103,65800,81,Loss/l_total,0.022378921508789062
1787972022.5664554,65800,81,LR,1.778137415764474e-05
1787972038.4242926,65840,81,Loss/l_ce,0.020292043685913086
1787972038.4246285,65840,81,Loss/l_total,0.020292043685913086
1787972038.4246511,65840,81,LR,1.778137415764474e-05
1787972053.8440108,65880,81,Loss/l_ce,0.01646876335144043
1787972053.8442197,65880,81,Loss/l_total,0.01646876335144043
1787972053.844242,65880,81,LR,1.778137415764474e-05
1787972068.7524185,65920,81,Loss/l_ce,0.01483464241027832
1787972068.7526228,65920,81,Loss/l_total,0.01483464241027832
1787972068.7526476,65920,81,LR,1.778137415764474e-05
1787972083.431967,65960,81,Loss/l_ce,0.020354509353637695
1787972083.432215,65960,81,Loss/l_total,0.020354509353637695
1787972083.4323456,65960,81,LR,1.778137415764474e-05
1787972099.276203,66000,81,Loss/l_ce,0.009599447250366211
1787972099.2764084,66000,81,Loss/l_total,0.009599447250366211
1787972099.276432,66000,81,LR,1.778137415764474e-05
1787972113.7211251,66040,81,Loss/l_ce,0.018261432647705078
1787972113.721428,66040,81,Loss/l_total,0.018261432647705078
1787972113.7214518,66040,81,LR,1.778137415764474e-05
1787972129.0015383,66080,81,Loss/l_ce,0.042523860931396484
1787972129.0018516,66080,81,Loss/l_total,0.042523860931396484
1787972129.0018814,66080,81,LR,1.778137415764474e-05
1787972143.1305556,66120,81,Loss/l_ce,0.01198887825012207
1787972143.130735,66120,81,Loss/l_total,0.01198887825012207
1787972143.13076,66120,81,LR,1.778137415764474e-05
1787972160.1275458,66160,81,Loss/l_ce,0.03110361099243164
1787972160.1278343,66160,81,Loss/l_total,0.03110361099243164
1787972160.1278641,66160,81,LR,1.778137415764474e-05
1787972177.6131644,66200,81,Loss/l_ce,0.009216785430908203
1787972177.6134045,66200,81,Loss/l_total,0.009216785430908203
1787972177.613427,66200,81,LR,1.778137415764474e-05
1787972193.2764072,66240,81,Loss/l_ce,0.004637241363525391
1787972193.2766876,66240,81,Loss/l_total,0.004637241363525391
1787972193.2767112,66240,81,LR,1.778137415764474e-05
1787972208.4478614,66280,81,Loss/l_ce,0.021108150482177734
1787972208.4481785,66280,81,Loss/l_total,0.021108150482177734
1787972208.4482045,66280,81,LR,1.778137415764474e-05
1787972222.2503622,66320,81,Loss/l_ce,0.01351022720336914
1787972222.2506719,66320,81,Loss/l_total,0.01351022720336914
1787972222.2507029,66320,81,LR,1.778137415764474e-05
1787972237.3448284,66360,81,Loss/l_ce,0.035574913024902344
1787972237.3449922,66360,81,Loss/l_total,0.035574913024902344
1787972237.345016,66360,81,LR,1.778137415764474e-05
1787972252.5437415,66400,81,Loss/l_ce,0.03394603729248047
1787972252.544119,66400,81,Loss/l_total,0.03394603729248047
1787972252.5441747,66400,81,LR,1.778137415764474e-05
1787972266.7443984,66440,81,Loss/l_ce,0.013337135314941406
1787972266.7445788,66440,81,Loss/l_total,0.013337135314941406
1787972266.7446036,66440,81,LR,1.778137415764474e-05
1787972282.6331635,66480,81,Loss/l_ce,0.014041662216186523
1787972282.6334105,66480,81,Loss/l_total,0.014041662216186523
1787972282.6334343,66480,81,LR,1.778137415764474e-05
1787972298.1079566,66520,81,Loss/l_ce,0.046248674392700195
1787972298.1081588,66520,81,Loss/l_total,0.046248674392700195
1787972298.1081836,66520,81,LR,1.778137415764474e-05
1787972312.666864,66560,81,Loss/l_ce,0.014546871185302734
1787972312.6670823,66560,81,Loss/l_total,0.014546871185302734
1787972312.6671085,66560,81,LR,1.778137415764474e-05
1787972371.4185915,66584,81,Val/dense_error,0.08079081773757935
1787972371.418912,66584,81,Val/auc,0.582409138959666
1787972371.4189358,66584,81,Val/pck_max,0.1
1787972371.4189548,66584,81,Val/pck_n,100.0
1787972380.4604723,66600,82,Loss/l_ce,0.014412879943847656
1787972380.4606872,66600,82,Loss/l_total,0.014412879943847656
1787972380.4607122,66600,82,LR,1.7005243352409347e-05
1787972396.921826,66640,82,Loss/l_ce,0.010811805725097656
1787972396.9221783,66640,82,Loss/l_total,0.010811805725097656
1787972396.9222057,66640,82,LR,1.7005243352409347e-05
1787972412.950949,66680,82,Loss/l_ce,0.019207000732421875
1787972412.951298,66680,82,Loss/l_total,0.019207000732421875
1787972412.9519236,66680,82,LR,1.7005243352409347e-05
1787972428.7501333,66720,82,Loss/l_ce,0.018643856048583984
1787972428.7504005,66720,82,Loss/l_total,0.018643856048583984
1787972428.7504241,66720,82,LR,1.7005243352409347e-05
1787972445.2702606,66760,82,Loss/l_ce,0.010744571685791016
1787972445.2706368,66760,82,Loss/l_total,0.010744571685791016
1787972445.270669,66760,82,LR,1.7005243352409347e-05
1787972459.7955735,66800,82,Loss/l_ce,0.022701740264892578
1787972459.7957945,66800,82,Loss/l_total,0.022701740264892578
1787972459.7958183,66800,82,LR,1.7005243352409347e-05
1787972475.7084653,66840,82,Loss/l_ce,0.03766608238220215
1787972475.7086635,66840,82,Loss/l_total,0.03766608238220215
1787972475.7086923,66840,82,LR,1.7005243352409347e-05
1787972489.879411,66880,82,Loss/l_ce,0.018056154251098633
1787972489.8796282,66880,82,Loss/l_total,0.018056154251098633
1787972489.879652,66880,82,LR,1.7005243352409347e-05
1787972507.3172529,66920,82,Loss/l_ce,0.012667179107666016
1787972507.3175142,66920,82,Loss/l_total,0.012667179107666016
1787972507.3175414,66920,82,LR,1.7005243352409347e-05
1787972520.9306908,66960,82,Loss/l_ce,0.021056175231933594
1787972520.93087,66960,82,Loss/l_total,0.021056175231933594
1787972520.9308925,66960,82,LR,1.7005243352409347e-05
1787972537.1060784,67000,82,Loss/l_ce,0.0207216739654541
1787972537.1063027,67000,82,Loss/l_total,0.0207216739654541
1787972537.1063254,67000,82,LR,1.7005243352409347e-05
1787972549.140955,67040,82,Loss/l_ce,0.29353904724121094
1787972549.1412091,67040,82,Loss/l_total,0.29353904724121094
1787972549.141234,67040,82,LR,1.7005243352409347e-05
1787972563.4682,67080,82,Loss/l_ce,0.005659818649291992
1787972563.4684362,67080,82,Loss/l_total,0.005659818649291992
1787972563.46846,67080,82,LR,1.7005243352409347e-05
1787972578.5729458,67120,82,Loss/l_ce,0.04753398895263672
1787972578.5732498,67120,82,Loss/l_total,0.04753398895263672
1787972578.5732782,67120,82,LR,1.7005243352409347e-05
1787972591.4267895,67160,82,Loss/l_ce,0.010278463363647461
1787972591.4269855,67160,82,Loss/l_total,0.010278463363647461
1787972591.4270093,67160,82,LR,1.7005243352409347e-05
1787972607.4281602,67200,82,Loss/l_ce,0.010771512985229492
1787972607.4283204,67200,82,Loss/l_total,0.010771512985229492
1787972607.4283457,67200,82,LR,1.7005243352409347e-05
1787972620.1913588,67240,82,Loss/l_ce,0.016442060470581055
1787972620.1915846,67240,82,Loss/l_total,0.016442060470581055
1787972620.191619,67240,82,LR,1.7005243352409347e-05
1787972633.4961522,67280,82,Loss/l_ce,0.029163360595703125
1787972633.4964204,67280,82,Loss/l_total,0.029163360595703125
1787972633.496456,67280,82,LR,1.7005243352409347e-05
1787972649.5943265,67320,82,Loss/l_ce,0.03152656555175781
1787972649.5944998,67320,82,Loss/l_total,0.03152656555175781
1787972649.5945225,67320,82,LR,1.7005243352409347e-05
1787972663.8225274,67360,82,Loss/l_ce,0.022928953170776367
1787972663.8227007,67360,82,Loss/l_total,0.022928953170776367
1787972663.8227222,67360,82,LR,1.7005243352409347e-05
1787972720.437566,67396,82,Val/dense_error,0.08523344993591309
1787972720.4378877,67396,82,Val/auc,0.5760907480565491
1787972720.4379115,67396,82,Val/pck_max,0.1
1787972720.4379306,67396,82,Val/pck_n,100.0
1787972725.4661393,67400,83,Loss/l_ce,0.011272668838500977
1787972725.466315,67400,83,Loss/l_total,0.011272668838500977
1787972725.4663389,67400,83,LR,1.6266608784822544e-05
1787972739.6084716,67440,83,Loss/l_ce,0.012223958969116211
1787972739.6088195,67440,83,Loss/l_total,0.012223958969116211
1787972739.6088433,67440,83,LR,1.6266608784822544e-05
1787972756.5156403,67480,83,Loss/l_ce,0.03617596626281738
1787972756.5159428,67480,83,Loss/l_total,0.03617596626281738
1787972756.515969,67480,83,LR,1.6266608784822544e-05
1787972770.5517273,67520,83,Loss/l_ce,0.017919301986694336
1787972770.5519435,67520,83,Loss/l_total,0.017919301986694336
1787972770.551972,67520,83,LR,1.6266608784822544e-05
1787972786.8921285,67560,83,Loss/l_ce,0.024860382080078125
1787972786.8923743,67560,83,Loss/l_total,0.024860382080078125
1787972786.8924265,67560,83,LR,1.6266608784822544e-05
1787972800.8327143,67600,83,Loss/l_ce,0.010403633117675781
1787972800.8330905,67600,83,Loss/l_total,0.010403633117675781
1787972800.8331168,67600,83,LR,1.6266608784822544e-05
1787972813.46759,67640,83,Loss/l_ce,0.024088621139526367
1787972813.4678822,67640,83,Loss/l_total,0.024088621139526367
1787972813.4679093,67640,83,LR,1.6266608784822544e-05
1787972826.979423,67680,83,Loss/l_ce,0.03910636901855469
1787972826.9797177,67680,83,Loss/l_total,0.03910636901855469
1787972826.979741,67680,83,LR,1.6266608784822544e-05
1787972841.1396399,67720,83,Loss/l_ce,0.022960901260375977
1787972841.1399531,67720,83,Loss/l_total,0.022960901260375977
1787972841.1399794,67720,83,LR,1.6266608784822544e-05
1787972854.9714634,67760,83,Loss/l_ce,0.009807825088500977
1787972854.9716296,67760,83,Loss/l_total,0.009807825088500977
1787972854.971652,67760,83,LR,1.6266608784822544e-05
1787972869.033702,67800,83,Loss/l_ce,0.011194944381713867
1787972869.0338871,67800,83,Loss/l_total,0.011194944381713867
1787972869.0339143,67800,83,LR,1.6266608784822544e-05
1787972884.3606308,67840,83,Loss/l_ce,0.027840614318847656
1787972884.3608277,67840,83,Loss/l_total,0.027840614318847656
1787972884.3608563,67840,83,LR,1.6266608784822544e-05
1787972897.6255429,67880,83,Loss/l_ce,0.018088579177856445
1787972897.6257234,67880,83,Loss/l_total,0.018088579177856445
1787972897.625746,67880,83,LR,1.6266608784822544e-05
1787972911.433647,67920,83,Loss/l_ce,0.02965378761291504
1787972911.4338605,67920,83,Loss/l_total,0.02965378761291504
1787972911.4338832,67920,83,LR,1.6266608784822544e-05
1787972925.010089,67960,83,Loss/l_ce,0.010460853576660156
1787972925.0103323,67960,83,Loss/l_total,0.010460853576660156
1787972925.0103586,67960,83,LR,1.6266608784822544e-05
1787972939.3866916,68000,83,Loss/l_ce,0.009505033493041992
1787972939.3868651,68000,83,Loss/l_total,0.009505033493041992
1787972939.38689,68000,83,LR,1.6266608784822544e-05
1787972953.6501143,68040,83,Loss/l_ce,0.021523237228393555
1787972953.650348,68040,83,Loss/l_total,0.021523237228393555
1787972953.6503718,68040,83,LR,1.6266608784822544e-05
1787972968.2423322,68080,83,Loss/l_ce,0.01116633415222168
1787972968.2425115,68080,83,Loss/l_total,0.01116633415222168
1787972968.2425354,68080,83,LR,1.6266608784822544e-05
1787972981.9414093,68120,83,Loss/l_ce,0.011345863342285156
1787972981.9415836,68120,83,Loss/l_total,0.011345863342285156
1787972981.941606,68120,83,LR,1.6266608784822544e-05
1787972996.668657,68160,83,Loss/l_ce,0.01358485221862793
1787972996.668897,68160,83,Loss/l_total,0.01358485221862793
1787972996.6689208,68160,83,LR,1.6266608784822544e-05
1787973010.3016303,68200,83,Loss/l_ce,0.01992034912109375
1787973010.3018332,68200,83,Loss/l_total,0.01992034912109375
1787973010.3018692,68200,83,LR,1.6266608784822544e-05
1787973065.3767972,68208,83,Val/dense_error,0.08563371747732162
1787973065.377138,68208,83,Val/auc,0.5756367999875328
1787973065.3771617,68208,83,Val/pck_max,0.1
1787973065.377183,68208,83,Val/pck_n,100.0
1787973079.826572,68240,84,Loss/l_ce,0.010498046875
1787973079.8268487,68240,84,Loss/l_total,0.010498046875
1787973079.826883,68240,84,LR,1.5566199398026153e-05
1787973097.2411423,68280,84,Loss/l_ce,0.010805368423461914
1787973097.241533,68280,84,Loss/l_total,0.010805368423461914
1787973097.2415614,68280,84,LR,1.5566199398026153e-05
1787973113.1859705,68320,84,Loss/l_ce,0.017548799514770508
1787973113.1861663,68320,84,Loss/l_total,0.017548799514770508
1787973113.1861913,68320,84,LR,1.5566199398026153e-05
1787973127.7962694,68360,84,Loss/l_ce,0.013351917266845703
1787973127.7965186,68360,84,Loss/l_total,0.013351917266845703
1787973127.7965436,68360,84,LR,1.5566199398026153e-05
1787973144.5721774,68400,84,Loss/l_ce,0.02342081069946289
1787973144.572467,68400,84,Loss/l_total,0.02342081069946289
1787973144.5724933,68400,84,LR,1.5566199398026153e-05
1787973161.108724,68440,84,Loss/l_ce,0.01849508285522461
1787973161.108901,68440,84,Loss/l_total,0.01849508285522461
1787973161.108924,68440,84,LR,1.5566199398026153e-05
1787973175.266116,68480,84,Loss/l_ce,0.011006593704223633
1787973175.2663925,68480,84,Loss/l_total,0.011006593704223633
1787973175.266415,68480,84,LR,1.5566199398026153e-05
1787973190.252829,68520,84,Loss/l_ce,0.017107725143432617
1787973190.2530856,68520,84,Loss/l_total,0.017107725143432617
1787973190.2531106,68520,84,LR,1.5566199398026153e-05
1787973206.8123763,68560,84,Loss/l_ce,0.015387296676635742
1787973206.81264,68560,84,Loss/l_total,0.015387296676635742
1787973206.8126638,68560,84,LR,1.5566199398026153e-05
1787973221.648677,68600,84,Loss/l_ce,0.009974002838134766
1787973221.6489038,68600,84,Loss/l_total,0.009974002838134766
1787973221.64893,68600,84,LR,1.5566199398026153e-05
1787973236.7530217,68640,84,Loss/l_ce,0.012758255004882812
1787973236.7533305,68640,84,Loss/l_total,0.012758255004882812
1787973236.7533624,68640,84,LR,1.5566199398026153e-05
1787973254.626278,68680,84,Loss/l_ce,0.012562990188598633
1787973254.6265247,68680,84,Loss/l_total,0.012562990188598633
1787973254.6265485,68680,84,LR,1.5566199398026153e-05
1787973268.6959379,68720,84,Loss/l_ce,0.03046393394470215
1787973268.69625,68720,84,Loss/l_total,0.03046393394470215
1787973268.696276,68720,84,LR,1.5566199398026153e-05
1787973284.7494638,68760,84,Loss/l_ce,0.013170003890991211
1787973284.7497215,68760,84,Loss/l_total,0.013170003890991211
1787973284.7497463,68760,84,LR,1.5566199398026153e-05
1787973298.7001355,68800,84,Loss/l_ce,0.18909406661987305
1787973298.7003312,68800,84,Loss/l_total,0.18909406661987305
1787973298.700355,68800,84,LR,1.5566199398026153e-05
1787973312.6100245,68840,84,Loss/l_ce,0.00973200798034668
1787973312.6102667,68840,84,Loss/l_total,0.00973200798034668
1787973312.610294,68840,84,LR,1.5566199398026153e-05
1787973329.645219,68880,84,Loss/l_ce,0.0212099552154541
1787973329.6454742,68880,84,Loss/l_total,0.0212099552154541
1787973329.6455052,68880,84,LR,1.5566199398026153e-05
1787973345.0005498,68920,84,Loss/l_ce,0.01592111587524414
1787973345.0008159,68920,84,Loss/l_total,0.01592111587524414
1787973345.0008395,68920,84,LR,1.5566199398026153e-05
1787973358.2978544,68960,84,Loss/l_ce,0.013184785842895508
1787973358.2981951,68960,84,Loss/l_total,0.013184785842895508
1787973358.2982213,68960,84,LR,1.5566199398026153e-05
1787973375.0804482,69000,84,Loss/l_ce,0.02908158302307129
1787973375.0808709,69000,84,Loss/l_total,0.02908158302307129
1787973375.0809042,69000,84,LR,1.5566199398026153e-05
1787973432.3,69020,84,Val/dense_error,0.09288745373487473
1787973432.3003693,69020,84,Val/auc,0.5713764022326636
1787973432.3003929,69020,84,Val/pck_max,0.1
1787973432.300412,69020,84,Val/pck_n,100.0
1787973442.5309234,69040,85,Loss/l_ce,0.015544414520263672
1787973442.5311441,69040,85,Loss/l_total,0.015544414520263672
1787973442.5311787,69040,85,LR,1.4904706411523462e-05
1787973458.9898055,69080,85,Loss/l_ce,0.020377159118652344
1787973458.9900787,69080,85,Loss/l_total,0.020377159118652344
1787973458.9901085,69080,85,LR,1.4904706411523462e-05
1787973477.0610278,69120,85,Loss/l_ce,0.017966508865356445
1787973477.061289,69120,85,Loss/l_total,0.017966508865356445
1787973477.0613198,69120,85,LR,1.4904706411523462e-05
1787973494.0534108,69160,85,Loss/l_ce,0.009045600891113281
1787973494.0535927,69160,85,Loss/l_total,0.009045600891113281
1787973494.0536187,69160,85,LR,1.4904706411523462e-05
1787973510.6024861,69200,85,Loss/l_ce,0.04136967658996582
1787973510.602683,69200,85,Loss/l_total,0.04136967658996582
1787973510.6027083,69200,85,LR,1.4904706411523462e-05
1787973526.7171652,69240,85,Loss/l_ce,0.013106346130371094
1787973526.7173634,69240,85,Loss/l_total,0.013106346130371094
1787973526.7173872,69240,85,LR,1.4904706411523462e-05
1787973540.6368067,69280,85,Loss/l_ce,0.021435260772705078
1787973540.6370785,69280,85,Loss/l_total,0.021435260772705078
1787973540.637106,69280,85,LR,1.4904706411523462e-05
1787973558.1804845,69320,85,Loss/l_ce,0.03789544105529785
1787973558.1807969,69320,85,Loss/l_total,0.03789544105529785
1787973558.1808279,69320,85,LR,1.4904706411523462e-05
1787973575.9316094,69360,85,Loss/l_ce,0.010753154754638672
1787973575.931797,69360,85,Loss/l_total,0.010753154754638672
1787973575.9318185,69360,85,LR,1.4904706411523462e-05
1787973590.1352189,69400,85,Loss/l_ce,0.021968364715576172
1787973590.1355133,69400,85,Loss/l_total,0.021968364715576172
1787973590.135536,69400,85,LR,1.4904706411523462e-05
1787973606.2301555,69440,85,Loss/l_ce,0.0412602424621582
1787973606.2303777,69440,85,Loss/l_total,0.0412602424621582
1787973606.2304025,69440,85,LR,1.4904706411523462e-05
1787973619.4116004,69480,85,Loss/l_ce,0.012141942977905273
1787973619.4118593,69480,85,Loss/l_total,0.012141942977905273
1787973619.4118843,69480,85,LR,1.4904706411523462e-05
1787973636.0192282,69520,85,Loss/l_ce,0.01133871078491211
1787973636.019449,69520,85,Loss/l_total,0.01133871078491211
1787973636.0194728,69520,85,LR,1.4904706411523462e-05
1787973651.8225331,69560,85,Loss/l_ce,0.011939287185668945
1787973651.8229117,69560,85,Loss/l_total,0.011939287185668945
1787973651.82294,69560,85,LR,1.4904706411523462e-05
1787973668.3193114,69600,85,Loss/l_ce,0.01404428482055664
1787973668.3196034,69600,85,Loss/l_total,0.01404428482055664
1787973668.3196342,69600,85,LR,1.4904706411523462e-05
1787973680.6679165,69640,85,Loss/l_ce,0.10638952255249023
1787973680.6682074,69640,85,Loss/l_total,0.10638952255249023
1787973680.6682322,69640,85,LR,1.4904706411523462e-05
1787973697.5764563,69680,85,Loss/l_ce,0.043282270431518555
1787973697.5766997,69680,85,Loss/l_total,0.043282270431518555
1787973697.5767257,69680,85,LR,1.4904706411523462e-05
1787973713.5512764,69720,85,Loss/l_ce,0.014057397842407227
1787973713.551596,69720,85,Loss/l_total,0.014057397842407227
1787973713.551621,69720,85,LR,1.4904706411523462e-05
1787973733.1762683,69760,85,Loss/l_ce,0.018230915069580078
1787973733.1765106,69760,85,Loss/l_total,0.018230915069580078
1787973733.176539,69760,85,LR,1.4904706411523462e-05
1787973750.8305464,69800,85,Loss/l_ce,0.00931859016418457
1787973750.83081,69800,85,Loss/l_total,0.00931859016418457
1787973750.830848,69800,85,LR,1.4904706411523462e-05
1787973811.3800912,69832,85,Val/dense_error,0.08502507954835892
1787973811.3804426,69832,85,Val/auc,0.5778246595551815
1787973811.3804665,69832,85,Val/pck_max,0.1
1787973811.380484,69832,85,Val/pck_n,100.0
1787973818.4430969,69840,86,Loss/l_ce,0.016459226608276367
1787973818.4433842,69840,86,Loss/l_total,0.016459226608276367
1787973818.4434092,69840,86,LR,1.428278263902914e-05
1787973838.5218256,69880,86,Loss/l_ce,0.02098250389099121
1787973838.521998,69880,86,Loss/l_total,0.02098250389099121
1787973838.5220227,69880,86,LR,1.428278263902914e-05
1787973858.7509847,69920,86,Loss/l_ce,0.03415966033935547
1787973858.7511997,69920,86,Loss/l_total,0.03415966033935547
1787973858.7512224,69920,86,LR,1.428278263902914e-05
1787973875.3706412,69960,86,Loss/l_ce,0.01142120361328125
1787973875.3708098,69960,86,Loss/l_total,0.01142120361328125
1787973875.370836,69960,86,LR,1.428278263902914e-05
1787973892.2870042,70000,86,Loss/l_ce,0.02188706398010254
1787973892.2872036,70000,86,Loss/l_total,0.02188706398010254
1787973892.2872274,70000,86,LR,1.428278263902914e-05
1787973910.8076997,70040,86,Loss/l_ce,0.009849071502685547
1787973910.807922,70040,86,Loss/l_total,0.009849071502685547
1787973910.807949,70040,86,LR,1.428278263902914e-05
1787973929.3721354,70080,86,Loss/l_ce,0.020229339599609375
1787973929.372513,70080,86,Loss/l_total,0.020229339599609375
1787973929.3725607,70080,86,LR,1.428278263902914e-05
1787973946.6991973,70120,86,Loss/l_ce,0.02689838409423828
1787973946.6995428,70120,86,Loss/l_total,0.02689838409423828
1787973946.69957,70120,86,LR,1.428278263902914e-05
1787973964.8737879,70160,86,Loss/l_ce,0.0129241943359375
1787973964.8741584,70160,86,Loss/l_total,0.0129241943359375
1787973964.8741868,70160,86,LR,1.428278263902914e-05
1787973983.4319403,70200,86,Loss/l_ce,0.01514434814453125
1787973983.4323,70200,86,Loss/l_total,0.01514434814453125
1787973983.432326,70200,86,LR,1.428278263902914e-05
1787973999.73892,70240,86,Loss/l_ce,0.05267739295959473
1787973999.739313,70240,86,Loss/l_total,0.05267739295959473
1787973999.739339,70240,86,LR,1.428278263902914e-05
1787974019.1727152,70280,86,Loss/l_ce,0.02438831329345703
1787974019.1729183,70280,86,Loss/l_total,0.02438831329345703
1787974019.1729407,70280,86,LR,1.428278263902914e-05
1787974035.1973653,70320,86,Loss/l_ce,0.010429859161376953
1787974035.1975336,70320,86,Loss/l_total,0.010429859161376953
1787974035.1975634,70320,86,LR,1.428278263902914e-05
1787974052.5215585,70360,86,Loss/l_ce,0.03474259376525879
1787974052.5217957,70360,86,Loss/l_total,0.03474259376525879
1787974052.521821,70360,86,LR,1.428278263902914e-05
1787974070.7660236,70400,86,Loss/l_ce,0.024647951126098633
1787974070.7662613,70400,86,Loss/l_total,0.024647951126098633
1787974070.766285,70400,86,LR,1.428278263902914e-05
1787974087.8578987,70440,86,Loss/l_ce,0.0758657455444336
1787974087.8581135,70440,86,Loss/l_total,0.0758657455444336
1787974087.8581386,70440,86,LR,1.428278263902914e-05
1787974106.5837924,70480,86,Loss/l_ce,0.009638786315917969
1787974106.5839622,70480,86,Loss/l_total,0.009638786315917969
1787974106.5839846,70480,86,LR,1.428278263902914e-05
1787974123.4277422,70520,86,Loss/l_ce,0.010612964630126953
1787974123.4279084,70520,86,Loss/l_total,0.010612964630126953
1787974123.4279344,70520,86,LR,1.428278263902914e-05
1787974144.6338348,70560,86,Loss/l_ce,0.01512455940246582
1787974144.6340117,70560,86,Loss/l_total,0.01512455940246582
1787974144.6340604,70560,86,LR,1.428278263902914e-05
1787974163.8222826,70600,86,Loss/l_ce,0.05312156677246094
1787974163.8224869,70600,86,Loss/l_total,0.05312156677246094
1787974163.8225105,70600,86,LR,1.428278263902914e-05
1787974180.211081,70640,86,Loss/l_ce,0.021180391311645508
1787974180.2113492,70640,86,Loss/l_total,0.021180391311645508
1787974180.2113743,70640,86,LR,1.428278263902914e-05
1787974234.6967285,70644,86,Val/dense_error,0.090190090239048
1787974234.6971216,70644,86,Val/auc,0.575929453963653
1787974234.697149,70644,86,Val/pck_max,0.1
1787974234.697169,70644,86,Val/pck_n,100.0
1787974253.85734,70680,87,Loss/l_ce,0.012495756149291992
1787974253.8575242,70680,87,Loss/l_total,0.012495756149291992
1787974253.8575468,70680,87,LR,1.370104184422087e-05
1787974270.4978,70720,87,Loss/l_ce,0.22291874885559082
1787974270.49802,70720,87,Loss/l_total,0.22291874885559082
1787974270.4980638,70720,87,LR,1.370104184422087e-05
1787974288.8673556,70760,87,Loss/l_ce,0.046071767807006836
1787974288.867606,70760,87,Loss/l_total,0.046071767807006836
1787974288.8676312,70760,87,LR,1.370104184422087e-05
1787974304.084344,70800,87,Loss/l_ce,0.014972209930419922
1787974304.0846345,70800,87,Loss/l_total,0.014972209930419922
1787974304.0846584,70800,87,LR,1.370104184422087e-05
1787974322.219738,70840,87,Loss/l_ce,0.026116609573364258
1787974322.2200754,70840,87,Loss/l_total,0.026116609573364258
1787974322.2201014,70840,87,LR,1.370104184422087e-05
1787974338.6410768,70880,87,Loss/l_ce,0.014474868774414062
1787974338.6413283,70880,87,Loss/l_total,0.014474868774414062
1787974338.6413522,70880,87,LR,1.370104184422087e-05
1787974356.965212,70920,87,Loss/l_ce,0.010220527648925781
1787974356.9654768,70920,87,Loss/l_total,0.010220527648925781
1787974356.9655054,70920,87,LR,1.370104184422087e-05
1787974373.1920254,70960,87,Loss/l_ce,0.013882160186767578
1787974373.1922877,70960,87,Loss/l_total,0.013882160186767578
1787974373.1923115,70960,87,LR,1.370104184422087e-05
1787974387.028511,71000,87,Loss/l_ce,0.026894569396972656
1787974387.0287008,71000,87,Loss/l_total,0.026894569396972656
1787974387.0287223,71000,87,LR,1.370104184422087e-05
1787974402.4735785,71040,87,Loss/l_ce,0.010165691375732422
1787974402.4738576,71040,87,Loss/l_total,0.010165691375732422
1787974402.4738827,71040,87,LR,1.370104184422087e-05
1787974419.9957926,71080,87,Loss/l_ce,0.020807266235351562
1787974419.9960074,71080,87,Loss/l_total,0.020807266235351562
1787974419.9960644,71080,87,LR,1.370104184422087e-05
1787974433.1865482,71120,87,Loss/l_ce,0.02919626235961914
1787974433.1867714,71120,87,Loss/l_total,0.02919626235961914
1787974433.1867976,71120,87,LR,1.370104184422087e-05
1787974449.4696085,71160,87,Loss/l_ce,0.009618282318115234
1787974449.46979,71160,87,Loss/l_total,0.009618282318115234
1787974449.4698124,71160,87,LR,1.370104184422087e-05
1787974468.04844,71200,87,Loss/l_ce,0.01094198226928711
1787974468.04873,71200,87,Loss/l_total,0.01094198226928711
1787974468.0489316,71200,87,LR,1.370104184422087e-05
1787974484.6553876,71240,87,Loss/l_ce,0.013390541076660156
1787974484.6556108,71240,87,Loss/l_total,0.013390541076660156
1787974484.6556334,71240,87,LR,1.370104184422087e-05
1787974500.678064,71280,87,Loss/l_ce,0.01593494415283203
1787974500.6784704,71280,87,Loss/l_total,0.01593494415283203
1787974500.6785011,71280,87,LR,1.370104184422087e-05
1787974519.6623492,71320,87,Loss/l_ce,0.010436058044433594
1787974519.662588,71320,87,Loss/l_total,0.010436058044433594
1787974519.6626153,71320,87,LR,1.370104184422087e-05
1787974534.9164333,71360,87,Loss/l_ce,0.009829282760620117
1787974534.9167693,71360,87,Loss/l_total,0.009829282760620117
1787974534.916958,71360,87,LR,1.370104184422087e-05
1787974553.2818592,71400,87,Loss/l_ce,0.01041865348815918
1787974553.2821736,71400,87,Loss/l_total,0.01041865348815918
1787974553.2821987,71400,87,LR,1.370104184422087e-05
1787974570.6636007,71440,87,Loss/l_ce,0.01149129867553711
1787974570.6639044,71440,87,Loss/l_total,0.01149129867553711
1787974570.6639295,71440,87,LR,1.370104184422087e-05
1787974631.467863,71456,87,Val/dense_error,0.08668484538793564
1787974631.468218,71456,87,Val/auc,0.5779052416684198
1787974631.468248,71456,87,Val/pck_max,0.1
1787974631.4682677,71456,87,Val/pck_n,100.0
1787974643.7269554,71480,88,Loss/l_ce,0.01931142807006836
1787974643.7272534,71480,88,Loss/l_total,0.01931142807006836
1787974643.7272809,71480,88,LR,1.3160058135028698e-05
1787974659.8667269,71520,88,Loss/l_ce,0.03596901893615723
1787974659.8670843,71520,88,Loss/l_total,0.03596901893615723
1787974659.8671105,71520,88,LR,1.3160058135028698e-05
1787974675.7511344,71560,88,Loss/l_ce,0.019500732421875
1787974675.7513742,71560,88,Loss/l_total,0.019500732421875
1787974675.7514005,71560,88,LR,1.3160058135028698e-05
1787974695.794078,71600,88,Loss/l_ce,0.02270650863647461
1787974695.7942789,71600,88,Loss/l_total,0.02270650863647461
1787974695.7943087,71600,88,LR,1.3160058135028698e-05
1787974713.292361,71640,88,Loss/l_ce,0.03733468055725098
1787974713.292545,71640,88,Loss/l_total,0.03733468055725098
1787974713.2925675,71640,88,LR,1.3160058135028698e-05
1787974730.4021475,71680,88,Loss/l_ce,0.0076141357421875
1787974730.4023745,71680,88,Loss/l_total,0.0076141357421875
1787974730.4023957,71680,88,LR,1.3160058135028698e-05
1787974744.4775503,71720,88,Loss/l_ce,0.010648488998413086
1787974744.4777236,71720,88,Loss/l_total,0.010648488998413086
1787974744.4777474,71720,88,LR,1.3160058135028698e-05
1787974761.4554307,71760,88,Loss/l_ce,0.02242732048034668
1787974761.4556158,71760,88,Loss/l_total,0.02242732048034668
1787974761.4556382,71760,88,LR,1.3160058135028698e-05
1787974780.1257694,71800,88,Loss/l_ce,0.0243833065032959
1787974780.125925,71800,88,Loss/l_total,0.0243833065032959
1787974780.125949,71800,88,LR,1.3160058135028698e-05
1787974797.5242221,71840,88,Loss/l_ce,0.016266584396362305
1787974797.5244193,71840,88,Loss/l_total,0.016266584396362305
1787974797.524444,71840,88,LR,1.3160058135028698e-05
1787974813.0766096,71880,88,Loss/l_ce,0.04052877426147461
1787974813.0767865,71880,88,Loss/l_total,0.04052877426147461
1787974813.076816,71880,88,LR,1.3160058135028698e-05
1787974831.6639316,71920,88,Loss/l_ce,0.02448105812072754
1787974831.6641562,71920,88,Loss/l_total,0.02448105812072754
1787974831.6641834,71920,88,LR,1.3160058135028698e-05
1787974850.2515006,71960,88,Loss/l_ce,0.016627073287963867
1787974850.251707,71960,88,Loss/l_total,0.016627073287963867
1787974850.251731,71960,88,LR,1.3160058135028698e-05
1787974868.2383177,72000,88,Loss/l_ce,0.04018831253051758
1787974868.2385814,72000,88,Loss/l_total,0.04018831253051758
1787974868.2386422,72000,88,LR,1.3160058135028698e-05
1787974887.3169453,72040,88,Loss/l_ce,0.012544631958007812
1787974887.317151,72040,88,Loss/l_total,0.012544631958007812
1787974887.3171735,72040,88,LR,1.3160058135028698e-05
1787974905.291429,72080,88,Loss/l_ce,0.011109352111816406
1787974905.2919576,72080,88,Loss/l_total,0.011109352111816406
1787974905.2920048,72080,88,LR,1.3160058135028698e-05
1787974923.3073304,72120,88,Loss/l_ce,0.17412328720092773
1787974923.3075857,72120,88,Loss/l_total,0.17412328720092773
1787974923.307612,72120,88,LR,1.3160058135028698e-05
1787974939.6631505,72160,88,Loss/l_ce,0.011908531188964844
1787974939.6633513,72160,88,Loss/l_total,0.011908531188964844
1787974939.6633737,72160,88,LR,1.3160058135028698e-05
1787974957.6210048,72200,88,Loss/l_ce,0.022307395935058594
1787974957.6212614,72200,88,Loss/l_total,0.022307395935058594
1787974957.62129,72200,88,LR,1.3160058135028698e-05
1787974975.2628472,72240,88,Loss/l_ce,0.015865802764892578
1787974975.263061,72240,88,Loss/l_total,0.015865802764892578
1787974975.2630906,72240,88,LR,1.3160058135028698e-05
1787975035.110878,72268,88,Val/dense_error,0.09152597188949585
1787975035.1113114,72268,88,Val/auc,0.5735017311193705
1787975035.1113353,72268,88,Val/pck_max,0.1
1787975035.111353,72268,88,Val/pck_n,100.0
1787975044.4198384,72280,89,Loss/l_ce,0.013139724731445312
1787975044.420024,72280,89,Loss/l_total,0.013139724731445312
1787975044.420178,72280,89,LR,1.2660365397059863e-05
1787975060.9972923,72320,89,Loss/l_ce,0.1245431900024414
1787975060.9976366,72320,89,Loss/l_total,0.1245431900024414
1787975060.9976711,72320,89,LR,1.2660365397059863e-05
1787975077.9728136,72360,89,Loss/l_ce,0.026449203491210938
1787975077.972994,72360,89,Loss/l_total,0.026449203491210938
1787975077.973019,72360,89,LR,1.2660365397059863e-05
1787975094.7237954,72400,89,Loss/l_ce,0.022853612899780273
1787975094.7239711,72400,89,Loss/l_total,0.022853612899780273
1787975094.7239962,72400,89,LR,1.2660365397059863e-05
1787975110.3967218,72440,89,Loss/l_ce,0.014913558959960938
1787975110.3969488,72440,89,Loss/l_total,0.014913558959960938
1787975110.3969727,72440,89,LR,1.2660365397059863e-05
1787975128.1136916,72480,89,Loss/l_ce,0.01161336898803711
1787975128.1139565,72480,89,Loss/l_total,0.01161336898803711
1787975128.1139815,72480,89,LR,1.2660365397059863e-05
1787975144.4380746,72520,89,Loss/l_ce,0.009741067886352539
1787975144.438332,72520,89,Loss/l_total,0.009741067886352539
1787975144.4383583,72520,89,LR,1.2660365397059863e-05
1787975162.3437126,72560,89,Loss/l_ce,0.021361112594604492
1787975162.3439763,72560,89,Loss/l_total,0.021361112594604492
1787975162.3440022,72560,89,LR,1.2660365397059863e-05
1787975179.0142984,72600,89,Loss/l_ce,0.016190052032470703
1787975179.0145333,72600,89,Loss/l_total,0.016190052032470703
1787975179.0145571,72600,89,LR,1.2660365397059863e-05
1787975193.932713,72640,89,Loss/l_ce,0.010283231735229492
1787975193.9329848,72640,89,Loss/l_total,0.010283231735229492
1787975193.9330077,72640,89,LR,1.2660365397059863e-05
1787975210.049817,72680,89,Loss/l_ce,0.022185564041137695
1787975210.0501318,72680,89,Loss/l_total,0.022185564041137695
1787975210.0501568,72680,89,LR,1.2660365397059863e-05
1787975227.4958167,72720,89,Loss/l_ce,0.021012067794799805
1787975227.4962606,72720,89,Loss/l_total,0.021012067794799805
1787975227.4962964,72720,89,LR,1.2660365397059863e-05
1787975246.1876185,72760,89,Loss/l_ce,0.005392551422119141
1787975246.1878145,72760,89,Loss/l_total,0.005392551422119141
1787975246.1878383,72760,89,LR,1.2660365397059863e-05
1787975264.6404488,72800,89,Loss/l_ce,0.015010595321655273
1787975264.640627,72800,89,Loss/l_total,0.015010595321655273
1787975264.6406507,72800,89,LR,1.2660365397059863e-05
1787975281.1976664,72840,89,Loss/l_ce,0.0076329708099365234
1787975281.1980143,72840,89,Loss/l_total,0.0076329708099365234
1787975281.1980674,72840,89,LR,1.2660365397059863e-05
1787975298.8232543,72880,89,Loss/l_ce,0.014054536819458008
1787975298.8234763,72880,89,Loss/l_total,0.014054536819458008
1787975298.8235202,72880,89,LR,1.2660365397059863e-05
1787975315.5910828,72920,89,Loss/l_ce,0.009945154190063477
1787975315.591389,72920,89,Loss/l_total,0.009945154190063477
1787975315.591414,72920,89,LR,1.2660365397059863e-05
1787975332.0301347,72960,89,Loss/l_ce,0.021198511123657227
1787975332.0303948,72960,89,Loss/l_total,0.021198511123657227
1787975332.030421,72960,89,LR,1.2660365397059863e-05
1787975349.421866,73000,89,Loss/l_ce,0.01233530044555664
1787975349.4220774,73000,89,Loss/l_total,0.01233530044555664
1787975349.4221022,73000,89,LR,1.2660365397059863e-05
1787975367.164827,73040,89,Loss/l_ce,0.011985540390014648
1787975367.1650171,73040,89,Loss/l_total,0.011985540390014648
1787975367.1650789,73040,89,LR,1.2660365397059863e-05
1787975382.7216768,73080,89,Loss/l_ce,0.030577659606933594
1787975382.7218382,73080,89,Loss/l_total,0.030577659606933594
1787975382.721862,73080,89,LR,1.2660365397059863e-05
1787975432.4783902,73080,89,Val/dense_error,0.08760780096054077
1787975432.4787288,73080,89,Val/auc,0.5723869577752324
1787975432.4787512,73080,89,Val/pck_max,0.1
1787975432.478769,73080,89,Val/pck_n,100.0
1787975450.3701866,73120,90,Loss/l_ce,0.011157035827636719
1787975450.3705404,73120,90,Loss/l_total,0.011157035827636719
1787975450.3705664,73120,90,LR,1.2202456766718098e-05
1787975467.8685389,73160,90,Loss/l_ce,0.02043318748474121
1787975467.8689365,73160,90,Loss/l_total,0.02043318748474121
1787975467.8689685,73160,90,LR,1.2202456766718098e-05
1787975482.2864122,73200,90,Loss/l_ce,0.009001493453979492
1787975482.2867138,73200,90,Loss/l_total,0.009001493453979492
1787975482.2867413,73200,90,LR,1.2202456766718098e-05
1787975497.8198814,73240,90,Loss/l_ce,0.010777950286865234
1787975497.8200927,73240,90,Loss/l_total,0.010777950286865234
1787975497.8201225,73240,90,LR,1.2202456766718098e-05
1787975514.1775439,73280,90,Loss/l_ce,0.01574540138244629
1787975514.1778004,73280,90,Loss/l_total,0.01574540138244629
1787975514.1778278,73280,90,LR,1.2202456766718098e-05
1787975531.5742142,73320,90,Loss/l_ce,0.01114511489868164
1787975531.5745454,73320,90,Loss/l_total,0.01114511489868164
1787975531.5745692,73320,90,LR,1.2202456766718098e-05
1787975548.5699584,73360,90,Loss/l_ce,0.012145042419433594
1787975548.5703108,73360,90,Loss/l_total,0.012145042419433594
1787975548.5703394,73360,90,LR,1.2202456766718098e-05
1787975564.1982343,73400,90,Loss/l_ce,0.011005640029907227
1787975564.1984634,73400,90,Loss/l_total,0.011005640029907227
1787975564.1984918,73400,90,LR,1.2202456766718098e-05
1787975581.4398854,73440,90,Loss/l_ce,0.04079246520996094
1787975581.4402025,73440,90,Loss/l_total,0.04079246520996094
1787975581.4402287,73440,90,LR,1.2202456766718098e-05
1787975597.9735768,73480,90,Loss/l_ce,0.018977642059326172
1787975597.9741406,73480,90,Loss/l_total,0.018977642059326172
1787975597.9741848,73480,90,LR,1.2202456766718098e-05
1787975614.4077954,73520,90,Loss/l_ce,0.011514663696289062
1787975614.4080791,73520,90,Loss/l_total,0.011514663696289062
1787975614.4081066,73520,90,LR,1.2202456766718098e-05
1787975632.794962,73560,90,Loss/l_ce,0.03011298179626465
1787975632.7951744,73560,90,Loss/l_total,0.03011298179626465
1787975632.7951992,73560,90,LR,1.2202456766718098e-05
1787975648.5424106,73600,90,Loss/l_ce,0.010740518569946289
1787975648.5426054,73600,90,Loss/l_total,0.010740518569946289
1787975648.5426278,73600,90,LR,1.2202456766718098e-05
1787975664.5239537,73640,90,Loss/l_ce,0.021663427352905273
1787975664.524171,73640,90,Loss/l_total,0.021663427352905273
1787975664.524196,73640,90,LR,1.2202456766718098e-05
1787975680.0861723,73680,90,Loss/l_ce,0.020462512969970703
1787975680.0863922,73680,90,Loss/l_total,0.020462512969970703
1787975680.0864158,73680,90,LR,1.2202456766718098e-05
1787975696.7278037,73720,90,Loss/l_ce,0.01073765754699707
1787975696.7281408,73720,90,Loss/l_total,0.01073765754699707
1787975696.7281682,73720,90,LR,1.2202456766718098e-05
1787975712.7621293,73760,90,Loss/l_ce,0.0231473445892334
1787975712.762317,73760,90,Loss/l_total,0.0231473445892334
1787975712.7623396,73760,90,LR,1.2202456766718098e-05
1787975728.426082,73800,90,Loss/l_ce,0.022134065628051758
1787975728.4263227,73800,90,Loss/l_total,0.022134065628051758
1787975728.426345,73800,90,LR,1.2202456766718098e-05
1787975743.8063545,73840,90,Loss/l_ce,0.018117904663085938
1787975743.806592,73840,90,Loss/l_total,0.018117904663085938
1787975743.8066218,73840,90,LR,1.2202456766718098e-05
1787975758.3047931,73880,90,Loss/l_ce,0.0059392452239990234
1787975758.3050163,73880,90,Loss/l_total,0.0059392452239990234
1787975758.3052108,73880,90,LR,1.2202456766718098e-05
1787975812.3307981,73892,90,Val/dense_error,0.08669271320104599
1787975812.331184,73892,90,Val/auc,0.5801702418891926
1787975812.3312113,73892,90,Val/pck_max,0.1
1787975812.3312302,73892,90,Val/pck_n,100.0
1787975829.807848,73920,91,Loss/l_ce,0.01605081558227539
1787975829.8080082,73920,91,Loss/l_total,0.01605081558227539
1787975829.808064,73920,91,LR,1.1786784144537573e-05
1787975846.4594598,73960,91,Loss/l_ce,0.09522104263305664
1787975846.459751,73960,91,Loss/l_total,0.09522104263305664
1787975846.4597843,73960,91,LR,1.1786784144537573e-05
1787975860.9871464,74000,91,Loss/l_ce,0.014683723449707031
1787975860.9873176,74000,91,Loss/l_total,0.014683723449707031
1787975860.9873412,74000,91,LR,1.1786784144537573e-05
1787975876.7726865,74040,91,Loss/l_ce,0.008540630340576172
1787975876.7728775,74040,91,Loss/l_total,0.008540630340576172
1787975876.7729,74040,91,LR,1.1786784144537573e-05
1787975893.5509534,74080,91,Loss/l_ce,0.022795438766479492
1787975893.5511587,74080,91,Loss/l_total,0.022795438766479492
1787975893.551185,74080,91,LR,1.1786784144537573e-05
1787975911.744153,74120,91,Loss/l_ce,0.03329801559448242
1787975911.7443182,74120,91,Loss/l_total,0.03329801559448242
1787975911.7443407,74120,91,LR,1.1786784144537573e-05
1787975927.8766034,74160,91,Loss/l_ce,0.011073112487792969
1787975927.876804,74160,91,Loss/l_total,0.011073112487792969
1787975927.8768265,74160,91,LR,1.1786784144537573e-05
1787975944.1234734,74200,91,Loss/l_ce,0.010737180709838867
1787975944.1236575,74200,91,Loss/l_total,0.010737180709838867
1787975944.12368,74200,91,LR,1.1786784144537573e-05
1787975960.992242,74240,91,Loss/l_ce,0.015260934829711914
1787975960.9925046,74240,91,Loss/l_total,0.015260934829711914
1787975960.992527,74240,91,LR,1.1786784144537573e-05
1787975978.091096,74280,91,Loss/l_ce,0.013669013977050781
1787975978.09128,74280,91,Loss/l_total,0.013669013977050781
1787975978.0913048,74280,91,LR,1.1786784144537573e-05
1787975993.2445292,74320,91,Loss/l_ce,0.031588077545166016
1787975993.2447844,74320,91,Loss/l_total,0.031588077545166016
1787975993.2448127,74320,91,LR,1.1786784144537573e-05
1787976011.2728505,74360,91,Loss/l_ce,0.013337135314941406
1787976011.2730641,74360,91,Loss/l_total,0.013337135314941406
1787976011.273184,74360,91,LR,1.1786784144537573e-05
1787976027.4967096,74400,91,Loss/l_ce,0.03253507614135742
1787976027.496891,74400,91,Loss/l_total,0.03253507614135742
1787976027.4969149,74400,91,LR,1.1786784144537573e-05
1787976043.0041494,74440,91,Loss/l_ce,0.027291297912597656
1787976043.004317,74440,91,Loss/l_total,0.027291297912597656
1787976043.0043395,74440,91,LR,1.1786784144537573e-05
1787976059.6596148,74480,91,Loss/l_ce,0.06071829795837402
1787976059.6598961,74480,91,Loss/l_total,0.06071829795837402
1787976059.6599495,74480,91,LR,1.1786784144537573e-05
1787976076.1110928,74520,91,Loss/l_ce,0.030282974243164062
1787976076.1112566,74520,91,Loss/l_total,0.030282974243164062
1787976076.1112792,74520,91,LR,1.1786784144537573e-05
1787976092.8653507,74560,91,Loss/l_ce,0.03369617462158203
1787976092.8655345,74560,91,Loss/l_total,0.03369617462158203
1787976092.8655584,74560,91,LR,1.1786784144537573e-05
1787976109.593787,74600,91,Loss/l_ce,0.020502805709838867
1787976109.5939853,74600,91,Loss/l_total,0.020502805709838867
1787976109.5940127,74600,91,LR,1.1786784144537573e-05
1787976124.467338,74640,91,Loss/l_ce,0.020138025283813477
1787976124.4675527,74640,91,Loss/l_total,0.020138025283813477
1787976124.467604,74640,91,LR,1.1786784144537573e-05
1787976142.6169512,74680,91,Loss/l_ce,0.010661125183105469
1787976142.617158,74680,91,Loss/l_total,0.010661125183105469
1787976142.6171818,74680,91,LR,1.1786784144537573e-05
1787976210.310441,74704,91,Val/dense_error,0.08602192252874374
1787976210.3107722,74704,91,Val/auc,0.571870803691323
1787976210.310797,74704,91,Val/pck_max,0.1
1787976210.3108149,74704,91,Val/pck_n,100.0
1787976220.2259452,74720,92,Loss/l_ce,0.022771596908569336
1787976220.2261388,74720,92,Loss/l_total,0.022771596908569336
1787976220.2261627,74720,92,LR,1.1413757749211612e-05
1787976235.885877,74760,92,Loss/l_ce,0.02781534194946289
1787976235.8861704,74760,92,Loss/l_total,0.02781534194946289
1787976235.8861988,74760,92,LR,1.1413757749211612e-05
1787976252.92191,74800,92,Loss/l_ce,0.009707212448120117
1787976252.9222188,74800,92,Loss/l_total,0.009707212448120117
1787976252.9222462,74800,92,LR,1.1413757749211612e-05
1787976268.9131296,74840,92,Loss/l_ce,0.005951404571533203
1787976268.9133658,74840,92,Loss/l_total,0.005951404571533203
1787976268.9133883,74840,92,LR,1.1413757749211612e-05
1787976285.5047944,74880,92,Loss/l_ce,0.009449958801269531
1787976285.504996,74880,92,Loss/l_total,0.009449958801269531
1787976285.505021,74880,92,LR,1.1413757749211612e-05
1787976304.909113,74920,92,Loss/l_ce,0.01752495765686035
1787976304.9093668,74920,92,Loss/l_total,0.01752495765686035
1787976304.9093943,74920,92,LR,1.1413757749211612e-05
1787976326.2751815,74960,92,Loss/l_ce,0.04559493064880371
1787976326.2754228,74960,92,Loss/l_total,0.04559493064880371
1787976326.2754452,74960,92,LR,1.1413757749211612e-05
1787976341.2101066,75000,92,Loss/l_ce,0.030742168426513672
1787976341.21028,75000,92,Loss/l_total,0.030742168426513672
1787976341.2103038,75000,92,LR,1.1413757749211612e-05
1787976355.6565351,75040,92,Loss/l_ce,0.011247634887695312
1787976355.6567628,75040,92,Loss/l_total,0.011247634887695312
1787976355.6567938,75040,92,LR,1.1413757749211612e-05
1787976373.7270875,75080,92,Loss/l_ce,0.016795873641967773
1787976373.7273192,75080,92,Loss/l_total,0.016795873641967773
1787976373.727343,75080,92,LR,1.1413757749211612e-05
1787976389.065336,75120,92,Loss/l_ce,0.014535188674926758
1787976389.0655022,75120,92,Loss/l_total,0.014535188674926758
1787976389.065526,75120,92,LR,1.1413757749211612e-05
1787976404.3039773,75160,92,Loss/l_ce,0.011820793151855469
1787976404.3043096,75160,92,Loss/l_total,0.011820793151855469
1787976404.3043346,75160,92,LR,1.1413757749211612e-05
1787976420.6362524,75200,92,Loss/l_ce,0.010245800018310547
1787976420.6365159,75200,92,Loss/l_total,0.010245800018310547
1787976420.6365383,75200,92,LR,1.1413757749211612e-05
1787976436.1199136,75240,92,Loss/l_ce,0.025157451629638672
1787976436.1201499,75240,92,Loss/l_total,0.025157451629638672
1787976436.1201758,75240,92,LR,1.1413757749211612e-05
1787976452.288731,75280,92,Loss/l_ce,0.02448749542236328
1787976452.2889426,75280,92,Loss/l_total,0.02448749542236328
1787976452.2889664,75280,92,LR,1.1413757749211612e-05
1787976468.3051238,75320,92,Loss/l_ce,0.009332656860351562
1787976468.3053696,75320,92,Loss/l_total,0.009332656860351562
1787976468.305397,75320,92,LR,1.1413757749211612e-05
1787976485.5843627,75360,92,Loss/l_ce,0.07154726982116699
1787976485.5846395,75360,92,Loss/l_total,0.07154726982116699
1787976485.584662,75360,92,LR,1.1413757749211612e-05
1787976500.7574713,75400,92,Loss/l_ce,0.01204061508178711
1787976500.7577655,75400,92,Loss/l_total,0.01204061508178711
1787976500.7577918,75400,92,LR,1.1413757749211612e-05
1787976516.87344,75440,92,Loss/l_ce,0.017601966857910156
1787976516.8737357,75440,92,Loss/l_total,0.017601966857910156
1787976516.8737595,75440,92,LR,1.1413757749211612e-05
1787976532.660693,75480,92,Loss/l_ce,0.024268150329589844
1787976532.6609778,75480,92,Loss/l_total,0.024268150329589844
1787976532.6610005,75480,92,LR,1.1413757749211612e-05
1787976604.7225125,75516,92,Val/dense_error,0.09335584193468094
1787976604.7229173,75516,92,Val/auc,0.572464033495147
1787976604.7229567,75516,92,Val/pck_max,0.1
1787976604.7229755,75516,92,Val/pck_n,100.0
1787976609.2729023,75520,93,Loss/l_ce,0.028784513473510742
1787976609.273097,75520,93,Loss/l_total,0.028784513473510742
1787976609.2731218,75520,93,LR,1.1083745712756375e-05
1787976623.6763341,75560,93,Loss/l_ce,0.025177478790283203
1787976623.676537,75560,93,Loss/l_total,0.025177478790283203
1787976623.6765585,75560,93,LR,1.1083745712756375e-05
1787976640.4151027,75600,93,Loss/l_ce,0.008705854415893555
1787976640.4152856,75600,93,Loss/l_total,0.008705854415893555
1787976640.4153082,75600,93,LR,1.1083745712756375e-05
1787976655.198328,75640,93,Loss/l_ce,0.02046799659729004
1787976655.1985714,75640,93,Loss/l_total,0.02046799659729004
1787976655.198606,75640,93,LR,1.1083745712756375e-05
1787976673.4417562,75680,93,Loss/l_ce,0.03732442855834961
1787976673.4420114,75680,93,Loss/l_total,0.03732442855834961
1787976673.442059,75680,93,LR,1.1083745712756375e-05
1787976691.4959362,75720,93,Loss/l_ce,0.006391286849975586
1787976691.4961333,75720,93,Loss/l_total,0.006391286849975586
1787976691.496157,75720,93,LR,1.1083745712756375e-05
1787976705.9659564,75760,93,Loss/l_ce,0.008505105972290039
1787976705.9661548,75760,93,Loss/l_total,0.008505105972290039
1787976705.9661796,75760,93,LR,1.1083745712756375e-05
1787976722.0766525,75800,93,Loss/l_ce,0.01143646240234375
1787976722.0768163,75800,93,Loss/l_total,0.01143646240234375
1787976722.0768414,75800,93,LR,1.1083745712756375e-05
1787976737.141665,75840,93,Loss/l_ce,0.011780738830566406
1787976737.1418858,75840,93,Loss/l_total,0.011780738830566406
1787976737.1419117,75840,93,LR,1.1083745712756375e-05
1787976754.0508084,75880,93,Loss/l_ce,0.01516866683959961
1787976754.0509734,75880,93,Loss/l_total,0.01516866683959961
1787976754.050996,75880,93,LR,1.1083745712756375e-05
1787976769.945773,75920,93,Loss/l_ce,0.025638580322265625
1787976769.9460707,75920,93,Loss/l_total,0.025638580322265625
1787976769.946097,75920,93,LR,1.1083745712756375e-05
1787976785.925109,75960,93,Loss/l_ce,0.021662473678588867
1787976785.925344,75960,93,Loss/l_total,0.021662473678588867
1787976785.9253688,75960,93,LR,1.1083745712756375e-05
1787976802.9049368,76000,93,Loss/l_ce,0.012226104736328125
1787976802.9051518,76000,93,Loss/l_total,0.012226104736328125
1787976802.9051824,76000,93,LR,1.1083745712756375e-05
1787976820.769723,76040,93,Loss/l_ce,0.06443166732788086
1787976820.7699425,76040,93,Loss/l_total,0.06443166732788086
1787976820.7699664,76040,93,LR,1.1083745712756375e-05
1787976838.168892,76080,93,Loss/l_ce,0.016539573669433594
1787976838.1691616,76080,93,Loss/l_total,0.016539573669433594
1787976838.1691852,76080,93,LR,1.1083745712756375e-05
1787976855.2196596,76120,93,Loss/l_ce,0.21051764488220215
1787976855.2200065,76120,93,Loss/l_total,0.21051764488220215
1787976855.2200632,76120,93,LR,1.1083745712756375e-05
1787976872.1378562,76160,93,Loss/l_ce,0.013583898544311523
1787976872.138153,76160,93,Loss/l_total,0.013583898544311523
1787976872.1381779,76160,93,LR,1.1083745712756375e-05
1787976889.8706696,76200,93,Loss/l_ce,0.023665428161621094
1787976889.8709652,76200,93,Loss/l_total,0.023665428161621094
1787976889.870989,76200,93,LR,1.1083745712756375e-05
1787976905.9178824,76240,93,Loss/l_ce,0.03237438201904297
1787976905.918128,76240,93,Loss/l_total,0.03237438201904297
1787976905.9181542,76240,93,LR,1.1083745712756375e-05
1787976924.1279154,76280,93,Loss/l_ce,0.017468690872192383
1787976924.128313,76280,93,Loss/l_total,0.017468690872192383
1787976924.1283429,76280,93,LR,1.1083745712756375e-05
1787976942.3712592,76320,93,Loss/l_ce,0.05418205261230469
1787976942.3715498,76320,93,Loss/l_total,0.05418205261230469
1787976942.3715842,76320,93,LR,1.1083745712756375e-05
1787977013.046588,76328,93,Val/dense_error,0.08994777500629425
1787977013.0469406,76328,93,Val/auc,0.5744537818399994
1787977013.0469677,76328,93,Val/pck_max,0.1
1787977013.0469868,76328,93,Val/pck_n,100.0
1787977028.598773,76360,94,Loss/l_ce,0.023200511932373047
1787977028.5989723,76360,94,Loss/l_total,0.023200511932373047
1787977028.5989962,76360,94,LR,1.0797073717209012e-05
1787977044.2798781,76400,94,Loss/l_ce,0.010185956954956055
1787977044.280132,76400,94,Loss/l_total,0.010185956954956055
1787977044.2801583,76400,94,LR,1.0797073717209012e-05
1787977061.3660889,76440,94,Loss/l_ce,0.022324562072753906
1787977061.3662586,76440,94,Loss/l_total,0.022324562072753906
1787977061.3662825,76440,94,LR,1.0797073717209012e-05
1787977078.9156897,76480,94,Loss/l_ce,0.02237391471862793
1787977078.915945,76480,94,Loss/l_total,0.02237391471862793
1787977078.9159698,76480,94,LR,1.0797073717209012e-05
1787977095.795444,76520,94,Loss/l_ce,0.019037246704101562
1787977095.7956126,76520,94,Loss/l_total,0.019037246704101562
1787977095.7956362,76520,94,LR,1.0797073717209012e-05
1787977114.8405643,76560,94,Loss/l_ce,0.009177446365356445
1787977114.8407588,76560,94,Loss/l_total,0.009177446365356445
1787977114.8407884,76560,94,LR,1.0797073717209012e-05
1787977130.8362792,76600,94,Loss/l_ce,0.008695602416992188
1787977130.8364725,76600,94,Loss/l_total,0.008695602416992188
1787977130.8364964,76600,94,LR,1.0797073717209012e-05
1787977149.0322971,76640,94,Loss/l_ce,0.02721261978149414
1787977149.0325572,76640,94,Loss/l_total,0.02721261978149414
1787977149.03258,76640,94,LR,1.0797073717209012e-05
1787977167.7552257,76680,94,Loss/l_ce,0.0104827880859375
1787977167.755564,76680,94,Loss/l_total,0.0104827880859375
1787977167.7555888,76680,94,LR,1.0797073717209012e-05
1787977184.730573,76720,94,Loss/l_ce,0.023333072662353516
1787977184.7307749,76720,94,Loss/l_total,0.023333072662353516
1787977184.7307997,76720,94,LR,1.0797073717209012e-05
1787977203.4372575,76760,94,Loss/l_ce,0.007009983062744141
1787977203.4374797,76760,94,Loss/l_total,0.007009983062744141
1787977203.437501,76760,94,LR,1.0797073717209012e-05
1787977219.8979216,76800,94,Loss/l_ce,0.009621620178222656
1787977219.8981733,76800,94,Loss/l_total,0.009621620178222656
1787977219.8981984,76800,94,LR,1.0797073717209012e-05
1787977237.8545346,76840,94,Loss/l_ce,0.010877609252929688
1787977237.8547568,76840,94,Loss/l_total,0.010877609252929688
1787977237.8547804,76840,94,LR,1.0797073717209012e-05
1787977253.971407,76880,94,Loss/l_ce,0.01150202751159668
1787977253.9716074,76880,94,Loss/l_total,0.01150202751159668
1787977253.9716418,76880,94,LR,1.0797073717209012e-05
1787977271.882307,76920,94,Loss/l_ce,0.011872529983520508
1787977271.88249,76920,94,Loss/l_total,0.011872529983520508
1787977271.8825138,76920,94,LR,1.0797073717209012e-05
1787977290.860718,76960,94,Loss/l_ce,0.011515617370605469
1787977290.8609257,76960,94,Loss/l_total,0.011515617370605469
1787977290.8609555,76960,94,LR,1.0797073717209012e-05
1787977308.5854573,77000,94,Loss/l_ce,0.02335071563720703
1787977308.5856605,77000,94,Loss/l_total,0.02335071563720703
1787977308.5856864,77000,94,LR,1.0797073717209012e-05
1787977323.9886572,77040,94,Loss/l_ce,0.008669853210449219
1787977323.9889042,77040,94,Loss/l_total,0.008669853210449219
1787977323.9889371,77040,94,LR,1.0797073717209012e-05
1787977342.0463607,77080,94,Loss/l_ce,0.0263063907623291
1787977342.046597,77080,94,Loss/l_total,0.0263063907623291
1787977342.0466187,77080,94,LR,1.0797073717209012e-05
1787977361.376339,77120,94,Loss/l_ce,0.014375925064086914
1787977361.3764982,77120,94,Loss/l_total,0.014375925064086914
1787977361.3765254,77120,94,LR,1.0797073717209012e-05
1787977426.1312208,77140,94,Val/dense_error,0.08425171673297882
1787977426.1314962,77140,94,Val/auc,0.5745118970626812
1787977426.131521,77140,94,Val/pck_max,0.1
1787977426.1315413,77140,94,Val/pck_n,100.0
1787977438.576628,77160,95,Loss/l_ce,0.02714705467224121
1787977438.5768237,77160,95,Loss/l_total,0.02714705467224121
1787977438.5768547,77160,95,LR,1.0554024673218808e-05
1787977454.5409133,77200,95,Loss/l_ce,0.012853384017944336
1787977454.5411675,77200,95,Loss/l_total,0.012853384017944336
1787977454.5411925,77200,95,LR,1.0554024673218808e-05
1787977472.7727432,77240,95,Loss/l_ce,0.009694099426269531
1787977472.7729998,77240,95,Loss/l_total,0.009694099426269531
1787977472.7730258,77240,95,LR,1.0554024673218808e-05
1787977489.0697982,77280,95,Loss/l_ce,0.02739882469177246
1787977489.0700843,77280,95,Loss/l_total,0.02739882469177246
1787977489.0701118,77280,95,LR,1.0554024673218808e-05
1787977506.577734,77320,95,Loss/l_ce,0.030440568923950195
1787977506.5780082,77320,95,Loss/l_total,0.030440568923950195
1787977506.578065,77320,95,LR,1.0554024673218808e-05
1787977525.0112367,77360,95,Loss/l_ce,0.026628494262695312
1787977525.011436,77360,95,Loss/l_total,0.026628494262695312
1787977525.0114646,77360,95,LR,1.0554024673218808e-05
1787977540.359559,77400,95,Loss/l_ce,0.021975040435791016
1787977540.3597887,77400,95,Loss/l_total,0.021975040435791016
1787977540.359812,77400,95,LR,1.0554024673218808e-05
1787977556.3587422,77440,95,Loss/l_ce,0.03850269317626953
1787977556.3590782,77440,95,Loss/l_total,0.03850269317626953
1787977556.35911,77440,95,LR,1.0554024673218808e-05
1787977573.1989477,77480,95,Loss/l_ce,0.02599644660949707
1787977573.1993642,77480,95,Loss/l_total,0.02599644660949707
1787977573.1993973,77480,95,LR,1.0554024673218808e-05
1787977592.3728912,77520,95,Loss/l_ce,0.010248184204101562
1787977592.3733115,77520,95,Loss/l_total,0.010248184204101562
1787977592.3733435,77520,95,LR,1.0554024673218808e-05
1787977608.139724,77560,95,Loss/l_ce,0.011415719985961914
1787977608.1400697,77560,95,Loss/l_total,0.011415719985961914
1787977608.1401417,77560,95,LR,1.0554024673218808e-05
1787977626.0449874,77600,95,Loss/l_ce,0.15126419067382812
1787977626.0453308,77600,95,Loss/l_total,0.15126419067382812
1787977626.045358,77600,95,LR,1.0554024673218808e-05
1787977644.9408548,77640,95,Loss/l_ce,0.009552240371704102
1787977644.9410982,77640,95,Loss/l_total,0.009552240371704102
1787977644.941128,77640,95,LR,1.0554024673218808e-05
1787977659.7632804,77680,95,Loss/l_ce,0.015987157821655273
1787977659.7634869,77680,95,Loss/l_total,0.015987157821655273
1787977659.7635107,77680,95,LR,1.0554024673218808e-05
1787977676.4822881,77720,95,Loss/l_ce,0.013281822204589844
1787977676.4825385,77720,95,Loss/l_total,0.013281822204589844
1787977676.4825635,77720,95,LR,1.0554024673218808e-05
1787977690.3236582,77760,95,Loss/l_ce,0.02314615249633789
1787977690.3239264,77760,95,Loss/l_total,0.02314615249633789
1787977690.3239539,77760,95,LR,1.0554024673218808e-05
1787977705.9871469,77800,95,Loss/l_ce,0.014469146728515625
1787977705.9873736,77800,95,Loss/l_total,0.014469146728515625
1787977705.9873972,77800,95,LR,1.0554024673218808e-05
1787977723.1806395,77840,95,Loss/l_ce,0.014458179473876953
1787977723.1808105,77840,95,Loss/l_total,0.014458179473876953
1787977723.1808343,77840,95,LR,1.0554024673218808e-05
1787977738.4426877,77880,95,Loss/l_ce,0.010642766952514648
1787977738.4428673,77880,95,Loss/l_total,0.010642766952514648
1787977738.4428897,77880,95,LR,1.0554024673218808e-05
1787977753.125476,77920,95,Loss/l_ce,0.031162738800048828
1787977753.12566,77920,95,Loss/l_total,0.031162738800048828
1787977753.1256838,77920,95,LR,1.0554024673218808e-05
1787977820.445871,77952,95,Val/dense_error,0.08562995493412018
1787977820.4462106,77952,95,Val/auc,0.5754963494549505
1787977820.446238,77952,95,Val/pck_max,0.1
1787977820.446256,77952,95,Val/pck_n,100.0
1787977826.785829,77960,96,Loss/l_ce,0.028559446334838867
1787977826.7859964,77960,96,Loss/l_total,0.028559446334838867
1787977826.7860236,77960,96,LR,1.0354838440848503e-05
1787977843.4623413,78000,96,Loss/l_ce,0.01151418685913086
1787977843.4625728,78000,96,Loss/l_total,0.01151418685913086
1787977843.4625978,78000,96,LR,1.0354838440848503e-05
1787977860.3581166,78040,96,Loss/l_ce,0.01758551597595215
1787977860.358303,78040,96,Loss/l_total,0.01758551597595215
1787977860.3583279,78040,96,LR,1.0354838440848503e-05
1787977875.5424008,78080,96,Loss/l_ce,0.022196054458618164
1787977875.5426347,78080,96,Loss/l_total,0.022196054458618164
1787977875.542662,78080,96,LR,1.0354838440848503e-05
1787977890.42439,78120,96,Loss/l_ce,0.007261037826538086
1787977890.4246368,78120,96,Loss/l_total,0.007261037826538086
1787977890.4246643,78120,96,LR,1.0354838440848503e-05
1787977907.7915385,78160,96,Loss/l_ce,0.01041269302368164
1787977907.7917936,78160,96,Loss/l_total,0.01041269302368164
1787977907.7918174,78160,96,LR,1.0354838440848503e-05
1787977922.0327845,78200,96,Loss/l_ce,0.010032176971435547
1787977922.0329874,78200,96,Loss/l_total,0.010032176971435547
1787977922.0330124,78200,96,LR,1.0354838440848503e-05
1787977939.0729432,78240,96,Loss/l_ce,0.009847640991210938
1787977939.0731735,78240,96,Loss/l_total,0.009847640991210938
1787977939.0731983,78240,96,LR,1.0354838440848503e-05
1787977954.9312258,78280,96,Loss/l_ce,0.009530305862426758
1787977954.931536,78280,96,Loss/l_total,0.009530305862426758
1787977954.931563,78280,96,LR,1.0354838440848503e-05
1787977970.3915782,78320,96,Loss/l_ce,0.014104366302490234
1787977970.3918002,78320,96,Loss/l_total,0.014104366302490234
1787977970.3918262,78320,96,LR,1.0354838440848503e-05
1787977985.6267273,78360,96,Loss/l_ce,0.02882695198059082
1787977985.6269069,78360,96,Loss/l_total,0.02882695198059082
1787977985.6269295,78360,96,LR,1.0354838440848503e-05
1787978004.0228746,78400,96,Loss/l_ce,0.009668111801147461
1787978004.0231063,78400,96,Loss/l_total,0.009668111801147461
1787978004.0231323,78400,96,LR,1.0354838440848503e-05
1787978018.2456772,78440,96,Loss/l_ce,0.013912677764892578
1787978018.245883,78440,96,Loss/l_total,0.013912677764892578
1787978018.2459126,78440,96,LR,1.0354838440848503e-05
1787978034.4402263,78480,96,Loss/l_ce,0.009914398193359375
1787978034.4404044,78480,96,Loss/l_total,0.009914398193359375
1787978034.440428,78480,96,LR,1.0354838440848503e-05
1787978049.8537266,78520,96,Loss/l_ce,0.01078653335571289
1787978049.8539176,78520,96,Loss/l_total,0.01078653335571289
1787978049.8539414,78520,96,LR,1.0354838440848503e-05
1787978065.8239846,78560,96,Loss/l_ce,0.025162935256958008
1787978065.8242114,78560,96,Loss/l_total,0.025162935256958008
1787978065.8242376,78560,96,LR,1.0354838440848503e-05
1787978083.466453,78600,96,Loss/l_ce,0.021424293518066406
1787978083.4666514,78600,96,Loss/l_total,0.021424293518066406
1787978083.466675,78600,96,LR,1.0354838440848503e-05
1787978097.8588967,78640,96,Loss/l_ce,0.02875232696533203
1787978097.8592076,78640,96,Loss/l_total,0.02875232696533203
1787978097.859235,78640,96,LR,1.0354838440848503e-05
1787978113.6630566,78680,96,Loss/l_ce,0.016550540924072266
1787978113.6633263,78680,96,Loss/l_total,0.016550540924072266
1787978113.6633537,78680,96,LR,1.0354838440848503e-05
1787978131.4771025,78720,96,Loss/l_ce,0.01202845573425293
1787978131.4774456,78720,96,Loss/l_total,0.01202845573425293
1787978131.4774837,78720,96,LR,1.0354838440848503e-05
1787978148.2351897,78760,96,Loss/l_ce,0.024540424346923828
1787978148.235406,78760,96,Loss/l_total,0.024540424346923828
1787978148.2354283,78760,96,LR,1.0354838440848503e-05
1787978210.0656645,78764,96,Val/dense_error,0.08447267860174179
1787978210.065998,78764,96,Val/auc,0.572789673541795
1787978210.066022,78764,96,Val/pck_max,0.1
1787978210.0660625,78764,96,Val/pck_n,100.0
1787978227.3397377,78800,97,Loss/l_ce,0.011397600173950195
1787978227.3400013,78800,97,Loss/l_total,0.011397600173950195
1787978227.3400288,78800,97,LR,1.0199711592861402e-05
1787978243.8111417,78840,97,Loss/l_ce,0.03583335876464844
1787978243.8113518,78840,97,Loss/l_total,0.03583335876464844
1787978243.8113923,78840,97,LR,1.0199711592861402e-05
1787978260.635928,78880,97,Loss/l_ce,0.01237034797668457
1787978260.6361425,78880,97,Loss/l_total,0.01237034797668457
1787978260.6361713,78880,97,LR,1.0199711592861402e-05
1787978278.4135547,78920,97,Loss/l_ce,0.01526951789855957
1787978278.413854,78920,97,Loss/l_total,0.01526951789855957
1787978278.41388,78920,97,LR,1.0199711592861402e-05
1787978294.9898517,78960,97,Loss/l_ce,0.20064473152160645
1787978294.990108,78960,97,Loss/l_total,0.20064473152160645
1787978294.990134,78960,97,LR,1.0199711592861402e-05
1787978313.7301106,79000,97,Loss/l_ce,0.010437488555908203
1787978313.730474,79000,97,Loss/l_total,0.010437488555908203
1787978313.730499,79000,97,LR,1.0199711592861402e-05
1787978329.5370042,79040,97,Loss/l_ce,0.014973640441894531
1787978329.537211,79040,97,Loss/l_total,0.014973640441894531
1787978329.5372357,79040,97,LR,1.0199711592861402e-05
1787978346.049384,79080,97,Loss/l_ce,0.0180966854095459
1787978346.0496907,79080,97,Loss/l_total,0.0180966854095459
1787978346.0497131,79080,97,LR,1.0199711592861402e-05
1787978360.7140644,79120,97,Loss/l_ce,0.009930610656738281
1787978360.7143695,79120,97,Loss/l_total,0.009930610656738281
1787978360.714403,79120,97,LR,1.0199711592861402e-05
1787978377.375653,79160,97,Loss/l_ce,0.01400446891784668
1787978377.3759394,79160,97,Loss/l_total,0.01400446891784668
1787978377.3759654,79160,97,LR,1.0199711592861402e-05
1787978391.989225,79200,97,Loss/l_ce,0.010149955749511719
1787978391.989408,79200,97,Loss/l_total,0.010149955749511719
1787978391.9894316,79200,97,LR,1.0199711592861402e-05
1787978407.4983554,79240,97,Loss/l_ce,0.019919872283935547
1787978407.4985917,79240,97,Loss/l_total,0.019919872283935547
1787978407.4986203,79240,97,LR,1.0199711592861402e-05
1787978424.6773894,79280,97,Loss/l_ce,0.024594783782958984
1787978424.6776135,79280,97,Loss/l_total,0.024594783782958984
1787978424.6776373,79280,97,LR,1.0199711592861402e-05
1787978440.0727813,79320,97,Loss/l_ce,0.02005743980407715
1787978440.073026,79320,97,Loss/l_total,0.02005743980407715
1787978440.0730913,79320,97,LR,1.0199711592861402e-05
1787978456.5724895,79360,97,Loss/l_ce,0.0053253173828125
1787978456.572778,79360,97,Loss/l_total,0.0053253173828125
1787978456.5728018,79360,97,LR,1.0199711592861402e-05
1787978472.057025,79400,97,Loss/l_ce,0.010001659393310547
1787978472.0573006,79400,97,Loss/l_total,0.010001659393310547
1787978472.0573275,79400,97,LR,1.0199711592861402e-05
1787978488.4596157,79440,97,Loss/l_ce,0.023991823196411133
1787978488.4598818,79440,97,Loss/l_total,0.023991823196411133
1787978488.4599128,79440,97,LR,1.0199711592861402e-05
1787978506.258207,79480,97,Loss/l_ce,0.009349822998046875
1787978506.258384,79480,97,Loss/l_total,0.009349822998046875
1787978506.2584064,79480,97,LR,1.0199711592861402e-05
1787978521.694765,79520,97,Loss/l_ce,0.024289608001708984
1787978521.6950002,79520,97,Loss/l_total,0.024289608001708984
1787978521.6950688,79520,97,LR,1.0199711592861402e-05
1787978539.594888,79560,97,Loss/l_ce,0.027334928512573242
1787978539.595118,79560,97,Loss/l_total,0.027334928512573242
1787978539.595149,79560,97,LR,1.0199711592861402e-05
1787978614.5438673,79576,97,Val/dense_error,0.08950834721326828
1787978614.5442247,79576,97,Val/auc,0.574936040788445
1787978614.5442522,79576,97,Val/pck_max,0.1
1787978614.544271,79576,97,Val/pck_n,100.0
1787978629.3262076,79600,98,Loss/l_ce,0.01177668571472168
1787978629.3265305,79600,98,Loss/l_total,0.01177668571472168
1787978629.3265805,79600,98,LR,1.0088797220727781e-05
1787978647.4017856,79640,98,Loss/l_ce,0.04848766326904297
1787978647.401972,79640,98,Loss/l_total,0.04848766326904297
1787978647.4019957,79640,98,LR,1.0088797220727781e-05
1787978666.3690276,79680,98,Loss/l_ce,0.010006904602050781
1787978666.369277,79680,98,Loss/l_total,0.010006904602050781
1787978666.3693242,79680,98,LR,1.0088797220727781e-05
1787978684.3562102,79720,98,Loss/l_ce,0.020086288452148438
1787978684.3563907,79720,98,Loss/l_total,0.020086288452148438
1787978684.3564143,79720,98,LR,1.0088797220727781e-05
1787978701.1682057,79760,98,Loss/l_ce,0.019530296325683594
1787978701.1684706,79760,98,Loss/l_total,0.019530296325683594
1787978701.1684966,79760,98,LR,1.0088797220727781e-05
1787978716.6314068,79800,98,Loss/l_ce,0.02190566062927246
1787978716.631578,79800,98,Loss/l_total,0.02190566062927246
1787978716.6316016,79800,98,LR,1.0088797220727781e-05
1787978733.2216818,79840,98,Loss/l_ce,0.019693374633789062
1787978733.2220275,79840,98,Loss/l_total,0.019693374633789062
1787978733.2220857,79840,98,LR,1.0088797220727781e-05
1787978750.6372278,79880,98,Loss/l_ce,0.010149002075195312
1787978750.637565,79880,98,Loss/l_total,0.010149002075195312
1787978750.6376328,79880,98,LR,1.0088797220727781e-05
1787978767.8289087,79920,98,Loss/l_ce,0.02689194679260254
1787978767.8293018,79920,98,Loss/l_total,0.02689194679260254
1787978767.8293624,79920,98,LR,1.0088797220727781e-05
1787978781.4718506,79960,98,Loss/l_ce,0.030489683151245117
1787978781.472099,79960,98,Loss/l_total,0.030489683151245117
1787978781.4721274,79960,98,LR,1.0088797220727781e-05
1787978798.0241506,80000,98,Loss/l_ce,0.009812355041503906
1787978798.0243974,80000,98,Loss/l_total,0.009812355041503906
1787978798.024426,80000,98,LR,1.0088797220727781e-05
1787978815.427479,80040,98,Loss/l_ce,0.04175138473510742
1787978815.427764,80040,98,Loss/l_total,0.04175138473510742
1787978815.4277937,80040,98,LR,1.0088797220727781e-05
1787978833.4973555,80080,98,Loss/l_ce,0.027765989303588867
1787978833.4976392,80080,98,Loss/l_total,0.027765989303588867
1787978833.4976642,80080,98,LR,1.0088797220727781e-05
1787978851.4049914,80120,98,Loss/l_ce,0.007940053939819336
1787978851.4053183,80120,98,Loss/l_total,0.007940053939819336
1787978851.4053454,80120,98,LR,1.0088797220727781e-05
1787978866.0233426,80160,98,Loss/l_ce,0.008288383483886719
1787978866.0236335,80160,98,Loss/l_total,0.008288383483886719
1787978866.0238993,80160,98,LR,1.0088797220727781e-05
1787978883.4624753,80200,98,Loss/l_ce,0.02997303009033203
1787978883.4627018,80200,98,Loss/l_total,0.02997303009033203
1787978883.4627268,80200,98,LR,1.0088797220727781e-05
1787978901.9871645,80240,98,Loss/l_ce,0.031111478805541992
1787978901.9874754,80240,98,Loss/l_total,0.031111478805541992
1787978901.9875124,80240,98,LR,1.0088797220727781e-05
1787978917.782177,80280,98,Loss/l_ce,0.01801443099975586
1787978917.7824395,80280,98,Loss/l_total,0.01801443099975586
1787978917.7824821,80280,98,LR,1.0088797220727781e-05
1787978934.554504,80320,98,Loss/l_ce,0.01387476921081543
1787978934.5547876,80320,98,Loss/l_total,0.01387476921081543
1787978934.5548136,80320,98,LR,1.0088797220727781e-05
1787978949.8002222,80360,98,Loss/l_ce,0.013641119003295898
1787978949.8003907,80360,98,Loss/l_total,0.013641119003295898
1787978949.8004146,80360,98,LR,1.0088797220727781e-05
1787979008.492231,80388,98,Val/dense_error,0.08892160654067993
1787979008.4925075,80388,98,Val/auc,0.5733958899875587
1787979008.4925313,80388,98,Val/pck_max,0.1
1787979008.4925492,80388,98,Val/pck_n,100.0
1787979015.4683342,80400,99,Loss/l_ce,0.010329484939575195
1787979015.4685361,80400,99,Loss/l_total,0.010329484939575195
1787979015.4685621,80400,99,LR,1.002220478354208e-05
1787979034.1001995,80440,99,Loss/l_ce,0.016207218170166016
1787979034.1004715,80440,99,Loss/l_total,0.016207218170166016
1787979034.1004977,80440,99,LR,1.002220478354208e-05
1787979051.6452377,80480,99,Loss/l_ce,0.01706528663635254
1787979051.6455762,80480,99,Loss/l_total,0.01706528663635254
1787979051.6456013,80480,99,LR,1.002220478354208e-05
1787979068.6879182,80520,99,Loss/l_ce,0.012577295303344727
1787979068.6881306,80520,99,Loss/l_total,0.012577295303344727
1787979068.6881545,80520,99,LR,1.002220478354208e-05
1787979085.488713,80560,99,Loss/l_ce,0.014662981033325195
1787979085.4890714,80560,99,Loss/l_total,0.014662981033325195
1787979085.4890988,80560,99,LR,1.002220478354208e-05
1787979102.6624908,80600,99,Loss/l_ce,0.012063741683959961
1787979102.6628327,80600,99,Loss/l_total,0.012063741683959961
1787979102.6628587,80600,99,LR,1.002220478354208e-05
1787979118.2737002,80640,99,Loss/l_ce,0.011004447937011719
1787979118.2739294,80640,99,Loss/l_total,0.011004447937011719
1787979118.2739532,80640,99,LR,1.002220478354208e-05
1787979134.9690037,80680,99,Loss/l_ce,0.028093338012695312
1787979134.969416,80680,99,Loss/l_total,0.028093338012695312
1787979134.969443,80680,99,LR,1.002220478354208e-05
1787979151.605414,80720,99,Loss/l_ce,0.024814367294311523
1787979151.6056812,80720,99,Loss/l_total,0.024814367294311523
1787979151.605705,80720,99,LR,1.002220478354208e-05
1787979168.4078984,80760,99,Loss/l_ce,0.010585784912109375
1787979168.408105,80760,99,Loss/l_total,0.010585784912109375
1787979168.4081514,80760,99,LR,1.002220478354208e-05
1787979185.1208985,80800,99,Loss/l_ce,0.013854503631591797
1787979185.1212952,80800,99,Loss/l_total,0.013854503631591797
1787979185.1213236,80800,99,LR,1.002220478354208e-05
1787979203.6562521,80840,99,Loss/l_ce,0.027608633041381836
1787979203.6565883,80840,99,Loss/l_total,0.027608633041381836
1787979203.656613,80840,99,LR,1.002220478354208e-05
1787979222.5102947,80880,99,Loss/l_ce,0.02086162567138672
1787979222.510625,80880,99,Loss/l_total,0.02086162567138672
1787979222.5106535,80880,99,LR,1.002220478354208e-05
1787979243.6389084,80920,99,Loss/l_ce,0.016440391540527344
1787979243.6392255,80920,99,Loss/l_total,0.016440391540527344
1787979243.6392517,80920,99,LR,1.002220478354208e-05
1787979261.371693,80960,99,Loss/l_ce,0.01072549819946289
1787979261.3719435,80960,99,Loss/l_total,0.01072549819946289
1787979261.3719695,80960,99,LR,1.002220478354208e-05
1787979277.8820922,81000,99,Loss/l_ce,0.01129770278930664
1787979277.8823047,81000,99,Loss/l_total,0.01129770278930664
1787979277.882332,81000,99,LR,1.002220478354208e-05
1787979295.596295,81040,99,Loss/l_ce,0.013797283172607422
1787979295.5965514,81040,99,Loss/l_total,0.013797283172607422
1787979295.5965765,81040,99,LR,1.002220478354208e-05
1787979312.7686236,81080,99,Loss/l_ce,0.010088682174682617
1787979312.768854,81080,99,Loss/l_total,0.010088682174682617
1787979312.7688792,81080,99,LR,1.002220478354208e-05
1787979328.7466755,81120,99,Loss/l_ce,0.024422168731689453
1787979328.7468536,81120,99,Loss/l_total,0.024422168731689453
1787979328.7468762,81120,99,LR,1.002220478354208e-05
1787979344.0202053,81160,99,Loss/l_ce,0.07601118087768555
1787979344.0204287,81160,99,Loss/l_total,0.07601118087768555
1787979344.0204535,81160,99,LR,1.002220478354208e-05
1787979360.585331,81200,99,Loss/l_ce,0.019357919692993164
1787979360.5856633,81200,99,Loss/l_total,0.019357919692993164
1787979360.585693,81200,99,LR,1.002220478354208e-05
1787979420.6883833,81200,99,Val/dense_error,0.08707690984010696
1787979420.6887288,81200,99,Val/auc,0.571615226577942
1787979420.6887536,81200,99,Val/pck_max,0.1
1787979420.688773,81200,99,Val/pck_n,100.0
