wall_time,iter,epoch,tag,value
1788123089.7854068,40,0,Loss/l_ce,0.02084207534790039
1788123089.785834,40,0,Loss/l_total,0.02084207534790039
1788123089.7858696,40,0,LR,0.001
1788123138.2717671,80,0,Loss/l_ce,0.63088059425354
1788123138.2721353,80,0,Loss/l_total,0.63088059425354
1788123138.2721636,80,0,LR,0.001
1788123181.7124076,120,0,Loss/l_ce,0.272158145904541
1788123181.7127113,120,0,Loss/l_total,0.272158145904541
1788123181.7127352,120,0,LR,0.001
1788123229.4504478,160,0,Loss/l_ce,1.4874439239501953
1788123229.4507449,160,0,Loss/l_total,1.4874439239501953
1788123229.4507732,160,0,LR,0.001
1788123257.9475124,200,0,Loss/l_ce,2.572518825531006
1788123257.9479184,200,0,Loss/l_total,2.572518825531006
1788123257.9479423,200,0,LR,0.001
1788123292.146861,240,0,Loss/l_ce,0.15662097930908203
1788123292.1472042,240,0,Loss/l_total,0.15662097930908203
1788123292.1472337,240,0,LR,0.001
1788123323.2548895,280,0,Loss/l_ce,1.9503517150878906
1788123323.2553372,280,0,Loss/l_total,1.9503517150878906
1788123323.2553742,280,0,LR,0.001
1788123347.5300791,320,0,Loss/l_ce,1.3309152126312256
1788123347.530408,320,0,Loss/l_total,1.3309152126312256
1788123347.5304317,320,0,LR,0.001
1788123368.0855818,360,0,Loss/l_ce,0.12513518333435059
1788123368.085931,360,0,Loss/l_total,0.12513518333435059
1788123368.0859594,360,0,LR,0.001
1788123393.820238,400,0,Loss/l_ce,1.4890456199645996
1788123393.820523,400,0,Loss/l_total,1.4890456199645996
1788123393.8205514,400,0,LR,0.001
1788123425.3153086,440,0,Loss/l_ce,0.14372563362121582
1788123425.3156388,440,0,Loss/l_total,0.14372563362121582
1788123425.3156636,440,0,LR,0.001
1788123458.2856429,480,0,Loss/l_ce,0.36189818382263184
1788123458.2859704,480,0,Loss/l_total,0.36189818382263184
1788123458.2859979,480,0,LR,0.001
1788123482.651119,520,0,Loss/l_ce,0.5077714920043945
1788123482.651435,520,0,Loss/l_total,0.5077714920043945
1788123482.65146,520,0,LR,0.001
1788123500.4802053,560,0,Loss/l_ce,0.734189510345459
1788123500.4806185,560,0,Loss/l_total,0.734189510345459
1788123500.4806468,560,0,LR,0.001
1788123522.6241887,600,0,Loss/l_ce,0.41274452209472656
1788123522.6244903,600,0,Loss/l_total,0.41274452209472656
1788123522.624514,600,0,LR,0.001
1788123544.087841,640,0,Loss/l_ce,0.2300565242767334
1788123544.0882125,640,0,Loss/l_total,0.2300565242767334
1788123544.0882435,640,0,LR,0.001
1788123560.6864161,680,0,Loss/l_ce,0.2398231029510498
1788123560.6867297,680,0,Loss/l_total,0.2398231029510498
1788123560.6867568,680,0,LR,0.001
1788123582.2309043,720,0,Loss/l_ce,0.27620768547058105
1788123582.2314327,720,0,Loss/l_total,0.27620768547058105
1788123582.2314718,720,0,LR,0.001
1788123603.0104084,760,0,Loss/l_ce,0.1285231113433838
1788123603.0113037,760,0,Loss/l_total,0.1285231113433838
1788123603.0113392,760,0,LR,0.001
1788123623.773789,800,0,Loss/l_ce,0.01665353775024414
1788123623.7742271,800,0,Loss/l_total,0.01665353775024414
1788123623.774257,800,0,LR,0.001
1788123645.4600923,840,0,Loss/l_ce,0.1461944580078125
1788123645.4604583,840,0,Loss/l_total,0.1461944580078125
1788123645.4604843,840,0,LR,0.001
1788123665.633404,880,0,Loss/l_ce,0.7800981998443604
1788123665.6337862,880,0,Loss/l_total,0.7800981998443604
1788123665.6338146,880,0,LR,0.001
1788123685.8975432,920,0,Loss/l_ce,0.13363051414489746
1788123685.8979623,920,0,Loss/l_total,0.13363051414489746
1788123685.8979874,920,0,LR,0.001
1788123702.49841,960,0,Loss/l_ce,0.7299935817718506
1788123702.4987462,960,0,Loss/l_total,0.7299935817718506
1788123702.4987721,960,0,LR,0.001
1788123719.2098782,1000,0,Loss/l_ce,0.6090359687805176
1788123719.2103343,1000,0,Loss/l_total,0.6090359687805176
1788123719.2103722,1000,0,LR,0.001
1788123735.8712366,1040,0,Loss/l_ce,0.5570645332336426
1788123735.871423,1040,0,Loss/l_total,0.5570645332336426
1788123735.871455,1040,0,LR,0.001
1788123752.4167457,1080,0,Loss/l_ce,0.11036968231201172
1788123752.4169095,1080,0,Loss/l_total,0.11036968231201172
1788123752.4169357,1080,0,LR,0.001
1788123768.6036692,1120,0,Loss/l_ce,0.02653646469116211
1788123768.6039672,1120,0,Loss/l_total,0.02653646469116211
1788123768.6043746,1120,0,LR,0.001
1788123785.6359258,1160,0,Loss/l_ce,0.09707784652709961
1788123785.6365762,1160,0,Loss/l_total,0.09707784652709961
1788123785.636605,1160,0,LR,0.001
1788123802.690013,1200,0,Loss/l_ce,0.34380483627319336
1788123802.6903787,1200,0,Loss/l_total,0.34380483627319336
1788123802.6904109,1200,0,LR,0.001
1788123819.3039827,1240,0,Loss/l_ce,0.0937654972076416
1788123819.3042762,1240,0,Loss/l_total,0.0937654972076416
1788123819.3043025,1240,0,LR,0.001
1788123836.3697224,1280,0,Loss/l_ce,0.08218955993652344
1788123836.369999,1280,0,Loss/l_total,0.08218955993652344
1788123836.370024,1280,0,LR,0.001
1788123853.2721457,1320,0,Loss/l_ce,0.8776636123657227
1788123853.2725303,1320,0,Loss/l_total,0.8776636123657227
1788123853.2725554,1320,0,LR,0.001
1788123870.2181165,1360,0,Loss/l_ce,0.2740490436553955
1788123870.2182865,1360,0,Loss/l_total,0.2740490436553955
1788123870.2183092,1360,0,LR,0.001
1788123887.4612358,1400,0,Loss/l_ce,0.0674431324005127
1788123887.4615612,1400,0,Loss/l_total,0.0674431324005127
1788123887.4615872,1400,0,LR,0.001
1788123904.6661146,1440,0,Loss/l_ce,1.1578080654144287
1788123904.6664066,1440,0,Loss/l_total,1.1578080654144287
1788123904.6664302,1440,0,LR,0.001
1788123921.5998635,1480,0,Loss/l_ce,0.25002479553222656
1788123921.600164,1480,0,Loss/l_total,0.25002479553222656
1788123921.600189,1480,0,LR,0.001
1788123938.3801737,1520,0,Loss/l_ce,0.49090051651000977
1788123938.380513,1520,0,Loss/l_total,0.49090051651000977
1788123938.3805454,1520,0,LR,0.001
1788123955.1615107,1560,0,Loss/l_ce,0.19908642768859863
1788123955.1617694,1560,0,Loss/l_total,0.19908642768859863
1788123955.1617992,1560,0,LR,0.001
1788123972.0882034,1600,0,Loss/l_ce,0.34352636337280273
1788123972.0884707,1600,0,Loss/l_total,0.34352636337280273
1788123972.0884957,1600,0,LR,0.001
1788123988.9131453,1640,0,Loss/l_ce,0.1931779384613037
1788123988.9133246,1640,0,Loss/l_total,0.1931779384613037
1788123988.9133484,1640,0,LR,0.001
1788124005.3746865,1680,0,Loss/l_ce,0.07326388359069824
1788124005.3749785,1680,0,Loss/l_total,0.07326388359069824
1788124005.3750036,1680,0,LR,0.001
1788124021.651346,1720,0,Loss/l_ce,0.003826618194580078
1788124021.6515975,1720,0,Loss/l_total,0.003826618194580078
1788124021.6516213,1720,0,LR,0.001
1788124037.881355,1760,0,Loss/l_ce,0.20696759223937988
1788124037.8815212,1760,0,Loss/l_total,0.20696759223937988
1788124037.8815463,1760,0,LR,0.001
1788124054.515591,1800,0,Loss/l_ce,0.07081103324890137
1788124054.5157619,1800,0,Loss/l_total,0.07081103324890137
1788124054.5157857,1800,0,LR,0.001
1788124070.6899397,1840,0,Loss/l_ce,0.7680759429931641
1788124070.690138,1840,0,Loss/l_total,0.7680759429931641
1788124070.6901643,1840,0,LR,0.001
1788124087.6488345,1880,0,Loss/l_ce,0.07512426376342773
1788124087.6490614,1880,0,Loss/l_total,0.07512426376342773
1788124087.6490874,1880,0,LR,0.001
1788124104.4847374,1920,0,Loss/l_ce,0.13054156303405762
1788124104.4849916,1920,0,Loss/l_total,0.13054156303405762
1788124104.4850163,1920,0,LR,0.001
1788124121.1176803,1960,0,Loss/l_ce,0.6224062442779541
1788124121.117874,1960,0,Loss/l_total,0.6224062442779541
1788124121.1178966,1960,0,LR,0.001
1788124137.9564433,2000,0,Loss/l_ce,0.14952373504638672
1788124137.9566216,2000,0,Loss/l_total,0.14952373504638672
1788124137.9566486,2000,0,LR,0.001
1788124154.66326,2040,0,Loss/l_ce,0.09109354019165039
1788124154.6637726,2040,0,Loss/l_total,0.09109354019165039
1788124154.6637988,2040,0,LR,0.001
1788124171.2754204,2080,0,Loss/l_ce,0.06657648086547852
1788124171.2757826,2080,0,Loss/l_total,0.06657648086547852
1788124171.275811,2080,0,LR,0.001
1788124187.6254117,2120,0,Loss/l_ce,0.13202881813049316
1788124187.6257265,2120,0,Loss/l_total,0.13202881813049316
1788124187.6257548,2120,0,LR,0.001
1788124204.6659582,2160,0,Loss/l_ce,0.4733757972717285
1788124204.6664388,2160,0,Loss/l_total,0.4733757972717285
1788124204.6664734,2160,0,LR,0.001
1788124221.491326,2200,0,Loss/l_ce,0.15851068496704102
1788124221.491585,2200,0,Loss/l_total,0.15851068496704102
1788124221.4916313,2200,0,LR,0.001
1788124237.7548668,2240,0,Loss/l_ce,0.5866377353668213
1788124237.755235,2240,0,Loss/l_total,0.5866377353668213
1788124237.7552671,2240,0,LR,0.001
1788124253.1970854,2280,0,Loss/l_ce,0.07624554634094238
1788124253.197311,2280,0,Loss/l_total,0.07624554634094238
1788124253.1973393,2280,0,LR,0.001
1788124268.9578967,2320,0,Loss/l_ce,0.08258533477783203
1788124268.958246,2320,0,Loss/l_total,0.08258533477783203
1788124268.9582815,2320,0,LR,0.001
1788124285.1356032,2360,0,Loss/l_ce,0.36742186546325684
1788124285.1359203,2360,0,Loss/l_total,0.36742186546325684
1788124285.1359465,2360,0,LR,0.001
1788124300.7485917,2400,0,Loss/l_ce,0.2461109161376953
1788124300.748829,2400,0,Loss/l_total,0.2461109161376953
1788124300.7488515,2400,0,LR,0.001
1788124316.4372592,2440,0,Loss/l_ce,0.06240034103393555
1788124316.437442,2440,0,Loss/l_total,0.06240034103393555
1788124316.437466,2440,0,LR,0.001
1788124331.9761674,2480,0,Loss/l_ce,0.12454771995544434
1788124331.976342,2480,0,Loss/l_total,0.12454771995544434
1788124331.9763682,2480,0,LR,0.001
1788124347.9055583,2520,0,Loss/l_ce,0.07786083221435547
1788124347.9058063,2520,0,Loss/l_total,0.07786083221435547
1788124347.905829,2520,0,LR,0.001
1788124364.098982,2560,0,Loss/l_ce,0.07010340690612793
1788124364.0992267,2560,0,Loss/l_total,0.07010340690612793
1788124364.0994096,2560,0,LR,0.001
1788124379.9187784,2600,0,Loss/l_ce,0.3422727584838867
1788124379.9190254,2600,0,Loss/l_total,0.3422727584838867
1788124379.9190836,2600,0,LR,0.001
1788124395.7680824,2640,0,Loss/l_ce,0.1317281723022461
1788124395.7683744,2640,0,Loss/l_total,0.1317281723022461
1788124395.7684007,2640,0,LR,0.001
1788124412.1754773,2680,0,Loss/l_ce,0.5097908973693848
1788124412.1757562,2680,0,Loss/l_total,0.5097908973693848
1788124412.1757836,2680,0,LR,0.001
1788124428.4630125,2720,0,Loss/l_ce,0.23589777946472168
1788124428.463207,2720,0,Loss/l_total,0.23589777946472168
1788124428.4632306,2720,0,LR,0.001
1788124444.3765383,2760,0,Loss/l_ce,0.059435367584228516
1788124444.376917,2760,0,Loss/l_total,0.059435367584228516
1788124444.3769503,2760,0,LR,0.001
1788124460.557072,2800,0,Loss/l_ce,0.19866323471069336
1788124460.5572393,2800,0,Loss/l_total,0.19866323471069336
1788124460.557264,2800,0,LR,0.001
1788124476.251212,2840,0,Loss/l_ce,0.1465003490447998
1788124476.2515228,2840,0,Loss/l_total,0.1465003490447998
1788124476.2515502,2840,0,LR,0.001
1788124492.5788312,2880,0,Loss/l_ce,0.31548404693603516
1788124492.5791125,2880,0,Loss/l_total,0.31548404693603516
1788124492.579141,2880,0,LR,0.001
1788124508.7226346,2920,0,Loss/l_ce,0.055100440979003906
1788124508.7228804,2920,0,Loss/l_total,0.055100440979003906
1788124508.7229052,2920,0,LR,0.001
1788124524.8595061,2960,0,Loss/l_ce,0.09564089775085449
1788124524.8597033,2960,0,Loss/l_total,0.09564089775085449
1788124524.8597343,2960,0,LR,0.001
1788124540.9978778,3000,0,Loss/l_ce,0.3425626754760742
1788124540.9981046,3000,0,Loss/l_total,0.3425626754760742
1788124540.9981344,3000,0,LR,0.001
1788124556.7671592,3040,0,Loss/l_ce,0.21636176109313965
1788124556.7673645,3040,0,Loss/l_total,0.21636176109313965
1788124556.7673872,3040,0,LR,0.001
1788124572.0799136,3080,0,Loss/l_ce,0.3171367645263672
1788124572.0802343,3080,0,Loss/l_total,0.3171367645263672
1788124572.0802617,3080,0,LR,0.001
1788124588.0840805,3120,0,Loss/l_ce,0.1501455307006836
1788124588.0843856,3120,0,Loss/l_total,0.1501455307006836
1788124588.0844092,3120,0,LR,0.001
1788124603.6324751,3160,0,Loss/l_ce,0.20075416564941406
1788124603.6328015,3160,0,Loss/l_total,0.20075416564941406
1788124603.6328266,3160,0,LR,0.001
1788124619.5261946,3200,0,Loss/l_ce,0.27495694160461426
1788124619.5264287,3200,0,Loss/l_total,0.27495694160461426
1788124619.526457,3200,0,LR,0.001
1788124635.1237874,3240,0,Loss/l_ce,0.34070777893066406
1788124635.123963,3240,0,Loss/l_total,0.34070777893066406
1788124635.1239905,3240,0,LR,0.001
1788124650.797691,3280,0,Loss/l_ce,0.0672299861907959
1788124650.7979178,3280,0,Loss/l_total,0.0672299861907959
1788124650.7979593,3280,0,LR,0.001
1788124666.3044639,3320,0,Loss/l_ce,0.046122074127197266
1788124666.3047335,3320,0,Loss/l_total,0.046122074127197266
1788124666.3047583,3320,0,LR,0.001
1788124681.968544,3360,0,Loss/l_ce,0.05218911170959473
1788124681.9688277,3360,0,Loss/l_total,0.05218911170959473
1788124681.9688516,3360,0,LR,0.001
1788124697.6214213,3400,0,Loss/l_ce,0.06366944313049316
1788124697.6216433,3400,0,Loss/l_total,0.06366944313049316
1788124697.6216671,3400,0,LR,0.001
1788124713.205951,3440,0,Loss/l_ce,0.0730447769165039
1788124713.206257,3440,0,Loss/l_total,0.0730447769165039
1788124713.206288,3440,0,LR,0.001
1788124728.3904836,3480,0,Loss/l_ce,0.05437946319580078
1788124728.3907712,3480,0,Loss/l_total,0.05437946319580078
1788124728.3907995,3480,0,LR,0.001
1788124743.743221,3520,0,Loss/l_ce,0.06497550010681152
1788124743.7434025,3520,0,Loss/l_total,0.06497550010681152
1788124743.7434263,3520,0,LR,0.001
1788124759.40967,3560,0,Loss/l_ce,0.5221750736236572
1788124759.4099529,3560,0,Loss/l_total,0.5221750736236572
1788124759.4099789,3560,0,LR,0.001
1788124775.1680746,3600,0,Loss/l_ce,0.049970149993896484
1788124775.1682432,3600,0,Loss/l_total,0.049970149993896484
1788124775.168268,3600,0,LR,0.001
1788124790.8085904,3640,0,Loss/l_ce,0.09429454803466797
1788124790.8088455,3640,0,Loss/l_total,0.09429454803466797
1788124790.8088694,3640,0,LR,0.001
1788124805.9193735,3680,0,Loss/l_ce,0.16463804244995117
1788124805.9196193,3680,0,Loss/l_total,0.16463804244995117
1788124805.9196432,3680,0,LR,0.001
1788124821.4134407,3720,0,Loss/l_ce,0.08998227119445801
1788124821.4136662,3720,0,Loss/l_total,0.08998227119445801
1788124821.41369,3720,0,LR,0.001
1788124837.148866,3760,0,Loss/l_ce,0.0664360523223877
1788124837.149068,3760,0,Loss/l_total,0.0664360523223877
1788124837.1490965,3760,0,LR,0.001
1788124852.5428033,3800,0,Loss/l_ce,0.12985873222351074
1788124852.5429814,3800,0,Loss/l_total,0.12985873222351074
1788124852.5430038,3800,0,LR,0.001
1788124868.171748,3840,0,Loss/l_ce,0.05581212043762207
1788124868.17199,3840,0,Loss/l_total,0.05581212043762207
1788124868.172015,3840,0,LR,0.001
1788124883.8913996,3880,0,Loss/l_ce,0.10734105110168457
1788124883.8915703,3880,0,Loss/l_total,0.10734105110168457
1788124883.8915942,3880,0,LR,0.001
1788124899.5361855,3920,0,Loss/l_ce,0.03860878944396973
1788124899.536448,3920,0,Loss/l_total,0.03860878944396973
1788124899.5364814,3920,0,LR,0.001
1788124914.711894,3960,0,Loss/l_ce,0.07262921333312988
1788124914.7121491,3960,0,Loss/l_total,0.07262921333312988
1788124914.7121766,3960,0,LR,0.001
1788124929.9351707,4000,0,Loss/l_ce,0.0633077621459961
1788124929.9354186,4000,0,Loss/l_total,0.0633077621459961
1788124929.9354436,4000,0,LR,0.001
1788124945.088525,4040,0,Loss/l_ce,0.09298181533813477
1788124945.0887187,4040,0,Loss/l_total,0.09298181533813477
1788124945.0887425,4040,0,LR,0.001
1788124960.7615447,4080,0,Loss/l_ce,0.03922557830810547
1788124960.761826,4080,0,Loss/l_total,0.03922557830810547
1788124960.7618499,4080,0,LR,0.001
1788124976.3579268,4120,0,Loss/l_ce,0.047489166259765625
1788124976.3582284,4120,0,Loss/l_total,0.047489166259765625
1788124976.3582547,4120,0,LR,0.001
1788124991.9164667,4160,0,Loss/l_ce,0.23510169982910156
1788124991.9167457,4160,0,Loss/l_total,0.23510169982910156
1788124991.9168048,4160,0,LR,0.001
1788125007.128821,4200,0,Loss/l_ce,0.04305410385131836
1788125007.1291082,4200,0,Loss/l_total,0.04305410385131836
1788125007.1291404,4200,0,LR,0.001
1788125022.8247526,4240,0,Loss/l_ce,0.45710039138793945
1788125022.8250008,4240,0,Loss/l_total,0.45710039138793945
1788125022.8250268,4240,0,LR,0.001
1788125038.1288354,4280,0,Loss/l_ce,0.23958277702331543
1788125038.1290789,4280,0,Loss/l_total,0.23958277702331543
1788125038.1291049,4280,0,LR,0.001
1788125053.6863084,4320,0,Loss/l_ce,0.24040913581848145
1788125053.68661,4320,0,Loss/l_total,0.24040913581848145
1788125053.686635,4320,0,LR,0.001
1788125068.9919147,4360,0,Loss/l_ce,0.048484086990356445
1788125068.9921668,4360,0,Loss/l_total,0.048484086990356445
1788125068.9922118,4360,0,LR,0.001
1788125084.1912336,4400,0,Loss/l_ce,0.28658628463745117
1788125084.1915045,4400,0,Loss/l_total,0.28658628463745117
1788125084.1915305,4400,0,LR,0.001
1788125099.2342997,4440,0,Loss/l_ce,0.03650617599487305
1788125099.234543,4440,0,Loss/l_total,0.03650617599487305
1788125099.234567,4440,0,LR,0.001
1788125114.9672308,4480,0,Loss/l_ce,0.11081981658935547
1788125114.967467,4480,0,Loss/l_total,0.11081981658935547
1788125114.9674966,4480,0,LR,0.001
1788125130.5072124,4520,0,Loss/l_ce,0.11481785774230957
1788125130.5074828,4520,0,Loss/l_total,0.11481785774230957
1788125130.5075114,4520,0,LR,0.001
1788125145.8800251,4560,0,Loss/l_ce,0.07114601135253906
1788125145.880259,4560,0,Loss/l_total,0.07114601135253906
1788125145.8802817,4560,0,LR,0.001
1788125161.3342888,4600,0,Loss/l_ce,0.04964947700500488
1788125161.3344789,4600,0,Loss/l_total,0.04964947700500488
1788125161.3345027,4600,0,LR,0.001
1788125176.7678013,4640,0,Loss/l_ce,0.23644423484802246
1788125176.7679782,4640,0,Loss/l_total,0.23644423484802246
1788125176.768003,4640,0,LR,0.001
1788125191.6952507,4680,0,Loss/l_ce,0.11119699478149414
1788125191.69545,4680,0,Loss/l_total,0.11119699478149414
1788125191.6954727,4680,0,LR,0.001
1788125206.9924154,4720,0,Loss/l_ce,0.06258678436279297
1788125206.9925804,4720,0,Loss/l_total,0.06258678436279297
1788125206.9926043,4720,0,LR,0.001
1788125222.345915,4760,0,Loss/l_ce,0.05159902572631836
1788125222.3461385,4760,0,Loss/l_total,0.05159902572631836
1788125222.3461635,4760,0,LR,0.001
1788125238.1476452,4800,0,Loss/l_ce,0.07273483276367188
1788125238.1478896,4800,0,Loss/l_total,0.07273483276367188
1788125238.1479158,4800,0,LR,0.001
1788125253.487363,4840,0,Loss/l_ce,0.2690434455871582
1788125253.4875424,4840,0,Loss/l_total,0.2690434455871582
1788125253.4875674,4840,0,LR,0.001
1788125270.9946003,4880,0,Loss/l_ce,0.05377507209777832
1788125270.9948518,4880,0,Loss/l_total,0.05377507209777832
1788125270.994878,4880,0,LR,0.001
1788125287.289691,4920,0,Loss/l_ce,0.06623053550720215
1788125287.2899745,4920,0,Loss/l_total,0.06623053550720215
1788125287.2900007,4920,0,LR,0.001
1788125302.7094195,4960,0,Loss/l_ce,0.06937980651855469
1788125302.7096949,4960,0,Loss/l_total,0.06937980651855469
1788125302.7097223,4960,0,LR,0.001
1788125318.5746503,5000,0,Loss/l_ce,0.04708290100097656
1788125318.574897,5000,0,Loss/l_total,0.04708290100097656
1788125318.574921,5000,0,LR,0.001
1788125334.195475,5040,0,Loss/l_ce,0.049706459045410156
1788125334.1957648,5040,0,Loss/l_total,0.049706459045410156
1788125334.1957908,5040,0,LR,0.001
1788125349.7621155,5080,0,Loss/l_ce,0.06605100631713867
1788125349.7623065,5080,0,Loss/l_total,0.06605100631713867
1788125349.7623374,5080,0,LR,0.001
1788125365.5493093,5120,0,Loss/l_ce,0.050299882888793945
1788125365.5495927,5120,0,Loss/l_total,0.050299882888793945
1788125365.5496178,5120,0,LR,0.001
1788125381.9420211,5160,0,Loss/l_ce,0.06223344802856445
1788125381.9422598,5160,0,Loss/l_total,0.06223344802856445
1788125381.9422832,5160,0,LR,0.001
1788125397.7265375,5200,0,Loss/l_ce,0.12345600128173828
1788125397.7267427,5200,0,Loss/l_total,0.12345600128173828
1788125397.7267654,5200,0,LR,0.001
1788125413.5223463,5240,0,Loss/l_ce,0.04634451866149902
1788125413.522618,5240,0,Loss/l_total,0.04634451866149902
1788125413.522649,5240,0,LR,0.001
1788125429.703524,5280,0,Loss/l_ce,0.43453383445739746
1788125429.703764,5280,0,Loss/l_total,0.43453383445739746
1788125429.7037888,5280,0,LR,0.001
1788125445.6505315,5320,0,Loss/l_ce,0.06800699234008789
1788125445.6507692,5320,0,Loss/l_total,0.06800699234008789
1788125445.6507952,5320,0,LR,0.001
1788125461.6573706,5360,0,Loss/l_ce,0.043268680572509766
1788125461.6576118,5360,0,Loss/l_total,0.043268680572509766
1788125461.657639,5360,0,LR,0.001
1788125477.3643098,5400,0,Loss/l_ce,0.2711009979248047
1788125477.3644745,5400,0,Loss/l_total,0.2711009979248047
1788125477.3644972,5400,0,LR,0.001
1788125492.8026528,5440,0,Loss/l_ce,0.17540264129638672
1788125492.802856,5440,0,Loss/l_total,0.17540264129638672
1788125492.8028796,5440,0,LR,0.001
1788125508.6984668,5480,0,Loss/l_ce,0.03876543045043945
1788125508.6987376,5480,0,Loss/l_total,0.03876543045043945
1788125508.6987648,5480,0,LR,0.001
1788125524.0679388,5520,0,Loss/l_ce,0.03725576400756836
1788125524.0682545,5520,0,Loss/l_total,0.03725576400756836
1788125524.0682783,5520,0,LR,0.001
1788125539.3094132,5560,0,Loss/l_ce,0.08463048934936523
1788125539.3096647,5560,0,Loss/l_total,0.08463048934936523
1788125539.3096886,5560,0,LR,0.001
1788125554.750903,5600,0,Loss/l_ce,0.06258320808410645
1788125554.7512057,5600,0,Loss/l_total,0.06258320808410645
1788125554.751234,5600,0,LR,0.001
1788125570.2079985,5640,0,Loss/l_ce,0.10774731636047363
1788125570.208279,5640,0,Loss/l_total,0.10774731636047363
1788125570.208305,5640,0,LR,0.001
1788125585.9053943,5680,0,Loss/l_ce,0.019071578979492188
1788125585.9057212,5680,0,Loss/l_total,0.019071578979492188
1788125585.905746,5680,0,LR,0.001
1788125601.1566846,5720,0,Loss/l_ce,0.20904326438903809
1788125601.1570716,5720,0,Loss/l_total,0.20904326438903809
1788125601.157106,5720,0,LR,0.001
1788125616.3784025,5760,0,Loss/l_ce,0.1039891242980957
1788125616.3787267,5760,0,Loss/l_total,0.1039891242980957
1788125616.378759,5760,0,LR,0.001
1788125631.9585497,5800,0,Loss/l_ce,0.04916787147521973
1788125631.9587529,5800,0,Loss/l_total,0.04916787147521973
1788125631.958778,5800,0,LR,0.001
1788125647.4404874,5840,0,Loss/l_ce,0.008339643478393555
1788125647.440675,5840,0,Loss/l_total,0.008339643478393555
1788125647.4406989,5840,0,LR,0.001
1788125662.8951414,5880,0,Loss/l_ce,0.051016807556152344
1788125662.8953693,5880,0,Loss/l_total,0.051016807556152344
1788125662.8953917,5880,0,LR,0.001
1788125678.2464445,5920,0,Loss/l_ce,0.13608813285827637
1788125678.2466772,5920,0,Loss/l_total,0.13608813285827637
1788125678.2467022,5920,0,LR,0.001
1788125693.5772254,5960,0,Loss/l_ce,0.0973961353302002
1788125693.5774784,5960,0,Loss/l_total,0.0973961353302002
1788125693.5775023,5960,0,LR,0.001
1788125708.9092958,6000,0,Loss/l_ce,0.43903374671936035
1788125708.9095156,6000,0,Loss/l_total,0.43903374671936035
1788125708.9095426,6000,0,LR,0.001
1788125724.2784443,6040,0,Loss/l_ce,0.06064605712890625
1788125724.2787125,6040,0,Loss/l_total,0.06064605712890625
1788125724.2787387,6040,0,LR,0.001
1788125739.4041235,6080,0,Loss/l_ce,0.15514445304870605
1788125739.4043968,6080,0,Loss/l_total,0.15514445304870605
1788125739.4044194,6080,0,LR,0.001
1788125754.8948276,6120,0,Loss/l_ce,0.052648305892944336
1788125754.8951492,6120,0,Loss/l_total,0.052648305892944336
1788125754.895174,6120,0,LR,0.001
1788125770.2036674,6160,0,Loss/l_ce,0.042733192443847656
1788125770.203969,6160,0,Loss/l_total,0.042733192443847656
1788125770.2040212,6160,0,LR,0.001
1788125785.5860674,6200,0,Loss/l_ce,0.055049896240234375
1788125785.5863001,6200,0,Loss/l_total,0.055049896240234375
1788125785.586324,6200,0,LR,0.001
1788125800.8452702,6240,0,Loss/l_ce,0.24569940567016602
1788125800.8455517,6240,0,Loss/l_total,0.24569940567016602
1788125800.8455765,6240,0,LR,0.001
1788125816.3617907,6280,0,Loss/l_ce,0.030155420303344727
1788125816.3620543,6280,0,Loss/l_total,0.030155420303344727
1788125816.3620842,6280,0,LR,0.001
1788125831.3576703,6320,0,Loss/l_ce,0.0906829833984375
1788125831.3578854,6320,0,Loss/l_total,0.0906829833984375
1788125831.3579125,6320,0,LR,0.001
1788125846.626227,6360,0,Loss/l_ce,0.06953859329223633
1788125846.6263907,6360,0,Loss/l_total,0.06953859329223633
1788125846.6264133,6360,0,LR,0.001
1788125861.677564,6400,0,Loss/l_ce,0.2708892822265625
1788125861.6777267,6400,0,Loss/l_total,0.2708892822265625
1788125861.6777492,6400,0,LR,0.001
1788125877.157851,6440,0,Loss/l_ce,0.05275559425354004
1788125877.1580646,6440,0,Loss/l_total,0.05275559425354004
1788125877.1580908,6440,0,LR,0.001
1788125892.468605,6480,0,Loss/l_ce,0.037885427474975586
1788125892.4688103,6480,0,Loss/l_total,0.037885427474975586
1788125892.4688342,6480,0,LR,0.001
1788125907.8349483,6520,0,Loss/l_ce,0.061728477478027344
1788125907.8352523,6520,0,Loss/l_total,0.061728477478027344
1788125907.8352761,6520,0,LR,0.001
1788125923.5412476,6560,0,Loss/l_ce,0.04028034210205078
1788125923.5415313,6560,0,Loss/l_total,0.04028034210205078
1788125923.5415561,6560,0,LR,0.001
1788125939.1296105,6600,0,Loss/l_ce,0.04954814910888672
1788125939.1297958,6600,0,Loss/l_total,0.04954814910888672
1788125939.1298194,6600,0,LR,0.001
1788125954.1834424,6640,0,Loss/l_ce,0.052451133728027344
1788125954.1837,6640,0,Loss/l_total,0.052451133728027344
1788125954.183725,6640,0,LR,0.001
1788125969.392945,6680,0,Loss/l_ce,0.054715871810913086
1788125969.3931282,6680,0,Loss/l_total,0.054715871810913086
1788125969.393153,6680,0,LR,0.001
1788125984.7521389,6720,0,Loss/l_ce,0.044329166412353516
1788125984.7523313,6720,0,Loss/l_total,0.044329166412353516
1788125984.752356,6720,0,LR,0.001
1788125999.957237,6760,0,Loss/l_ce,0.04488015174865723
1788125999.957415,6760,0,Loss/l_total,0.04488015174865723
1788125999.9574378,6760,0,LR,0.001
1788126015.3697448,6800,0,Loss/l_ce,0.04311394691467285
1788126015.3699145,6800,0,Loss/l_total,0.04311394691467285
1788126015.3699384,6800,0,LR,0.001
1788126030.7105486,6840,0,Loss/l_ce,0.03394937515258789
1788126030.7107432,6840,0,Loss/l_total,0.03394937515258789
1788126030.7107706,6840,0,LR,0.001
1788126046.501754,6880,0,Loss/l_ce,0.04754519462585449
1788126046.5019464,6880,0,Loss/l_total,0.04754519462585449
1788126046.5019712,6880,0,LR,0.001
1788126061.7285452,6920,0,Loss/l_ce,0.07539963722229004
1788126061.728721,6920,0,Loss/l_total,0.07539963722229004
1788126061.7287483,6920,0,LR,0.001
1788126077.2742014,6960,0,Loss/l_ce,0.05185508728027344
1788126077.2743819,6960,0,Loss/l_total,0.05185508728027344
1788126077.2744043,6960,0,LR,0.001
1788126092.7350953,7000,0,Loss/l_ce,0.07118368148803711
1788126092.7353091,7000,0,Loss/l_total,0.07118368148803711
1788126092.7353306,7000,0,LR,0.001
1788126108.0154753,7040,0,Loss/l_ce,0.07322525978088379
1788126108.0157247,7040,0,Loss/l_total,0.07322525978088379
1788126108.015747,7040,0,LR,0.001
1788126123.5807445,7080,0,Loss/l_ce,0.052570343017578125
1788126123.5809438,7080,0,Loss/l_total,0.052570343017578125
1788126123.5809665,7080,0,LR,0.001
1788126139.3156948,7120,0,Loss/l_ce,0.04926443099975586
1788126139.3159618,7120,0,Loss/l_total,0.04926443099975586
1788126139.3159916,7120,0,LR,0.001
1788126154.8265917,7160,0,Loss/l_ce,0.18414831161499023
1788126154.8268492,7160,0,Loss/l_total,0.18414831161499023
1788126154.8268766,7160,0,LR,0.001
1788126170.1316853,7200,0,Loss/l_ce,0.0799093246459961
1788126170.1319218,7200,0,Loss/l_total,0.0799093246459961
1788126170.1319451,7200,0,LR,0.001
1788126185.7955594,7240,0,Loss/l_ce,0.10045957565307617
1788126185.7958052,7240,0,Loss/l_total,0.10045957565307617
1788126185.795829,7240,0,LR,0.001
1788126201.444831,7280,0,Loss/l_ce,0.06076955795288086
1788126201.445028,7280,0,Loss/l_total,0.06076955795288086
1788126201.4450743,7280,0,LR,0.001
1788126216.991011,7320,0,Loss/l_ce,0.03696632385253906
1788126216.9912946,7320,0,Loss/l_total,0.03696632385253906
1788126216.9913244,7320,0,LR,0.001
1788126232.5198267,7360,0,Loss/l_ce,0.1115264892578125
1788126232.5201545,7360,0,Loss/l_total,0.1115264892578125
1788126232.5201814,7360,0,LR,0.001
1788126247.7827725,7400,0,Loss/l_ce,0.1771082878112793
1788126247.7831082,7400,0,Loss/l_total,0.1771082878112793
1788126247.7831392,7400,0,LR,0.001
1788126263.0600097,7440,0,Loss/l_ce,0.060418128967285156
1788126263.060206,7440,0,Loss/l_total,0.060418128967285156
1788126263.0602293,7440,0,LR,0.001
1788126278.8247566,7480,0,Loss/l_ce,0.04939866065979004
1788126278.825026,7480,0,Loss/l_total,0.04939866065979004
1788126278.8250759,7480,0,LR,0.001
1788126294.4096413,7520,0,Loss/l_ce,0.040018558502197266
1788126294.4098608,7520,0,Loss/l_total,0.040018558502197266
1788126294.409886,7520,0,LR,0.001
1788126310.0033581,7560,0,Loss/l_ce,0.22529935836791992
1788126310.003604,7560,0,Loss/l_total,0.22529935836791992
1788126310.0036302,7560,0,LR,0.001
1788126325.4968674,7600,0,Loss/l_ce,0.22147178649902344
1788126325.497073,7600,0,Loss/l_total,0.22147178649902344
1788126325.497105,7600,0,LR,0.001
1788126340.7622745,7640,0,Loss/l_ce,0.047666311264038086
1788126340.7626152,7640,0,Loss/l_total,0.047666311264038086
1788126340.762663,7640,0,LR,0.001
1788126356.01529,7680,0,Loss/l_ce,0.046880245208740234
1788126356.015467,7680,0,Loss/l_total,0.046880245208740234
1788126356.0154881,7680,0,LR,0.001
1788126371.3233497,7720,0,Loss/l_ce,0.03040170669555664
1788126371.3236558,7720,0,Loss/l_total,0.03040170669555664
1788126371.323681,7720,0,LR,0.001
1788126386.4359722,7760,0,Loss/l_ce,0.056192874908447266
1788126386.436238,7760,0,Loss/l_total,0.056192874908447266
1788126386.4362643,7760,0,LR,0.001
1788126401.9062948,7800,0,Loss/l_ce,0.05113792419433594
1788126401.9065406,7800,0,Loss/l_total,0.05113792419433594
1788126401.906569,7800,0,LR,0.001
1788126417.511887,7840,0,Loss/l_ce,0.0649101734161377
1788126417.5121057,7840,0,Loss/l_total,0.0649101734161377
1788126417.5121305,7840,0,LR,0.001
1788126433.1358364,7880,0,Loss/l_ce,0.0924077033996582
1788126433.1360786,7880,0,Loss/l_total,0.0924077033996582
1788126433.1361094,7880,0,LR,0.001
1788126448.548619,7920,0,Loss/l_ce,0.1096200942993164
1788126448.5488043,7920,0,Loss/l_total,0.1096200942993164
1788126448.548827,7920,0,LR,0.001
1788126463.9151828,7960,0,Loss/l_ce,0.04567670822143555
1788126463.9154215,7960,0,Loss/l_total,0.04567670822143555
1788126463.915444,7960,0,LR,0.001
1788126479.2693582,8000,0,Loss/l_ce,0.09029746055603027
1788126479.2695909,8000,0,Loss/l_total,0.09029746055603027
1788126479.2696195,8000,0,LR,0.001
1788126494.838655,8040,0,Loss/l_ce,0.1248626708984375
1788126494.8388295,8040,0,Loss/l_total,0.1248626708984375
1788126494.8388534,8040,0,LR,0.001
1788126510.5373874,8080,0,Loss/l_ce,0.06311964988708496
1788126510.537621,8080,0,Loss/l_total,0.06311964988708496
1788126510.5376434,8080,0,LR,0.001
1788126525.6043644,8120,0,Loss/l_ce,0.11029767990112305
1788126525.6045485,8120,0,Loss/l_total,0.11029767990112305
1788126525.6045718,8120,0,LR,0.001
1788126541.1354692,8160,0,Loss/l_ce,0.11539030075073242
1788126541.1357234,8160,0,Loss/l_total,0.11539030075073242
1788126541.1357484,8160,0,LR,0.001
1788126556.4593642,8200,0,Loss/l_ce,0.039485931396484375
1788126556.4596775,8200,0,Loss/l_total,0.039485931396484375
1788126556.4597058,8200,0,LR,0.001
1788126571.968541,8240,0,Loss/l_ce,0.03382515907287598
1788126571.9688106,8240,0,Loss/l_total,0.03382515907287598
1788126571.9688365,8240,0,LR,0.001
1788126587.427133,8280,0,Loss/l_ce,0.09590411186218262
1788126587.4273717,8280,0,Loss/l_total,0.09590411186218262
1788126587.4274004,8280,0,LR,0.001
1788126602.6032503,8320,0,Loss/l_ce,0.06319475173950195
1788126602.6034815,8320,0,Loss/l_total,0.06319475173950195
1788126602.6035054,8320,0,LR,0.001
1788126617.590747,8360,0,Loss/l_ce,0.11241483688354492
1788126617.5909965,8360,0,Loss/l_total,0.11241483688354492
1788126617.5910215,8360,0,LR,0.001
1788126632.8579001,8400,0,Loss/l_ce,0.06356501579284668
1788126632.8581135,8400,0,Loss/l_total,0.06356501579284668
1788126632.8581421,8400,0,LR,0.001
1788126648.3978648,8440,0,Loss/l_ce,0.1386871337890625
1788126648.3981118,8440,0,Loss/l_total,0.1386871337890625
1788126648.3981402,8440,0,LR,0.001
1788126663.607379,8480,0,Loss/l_ce,0.05386161804199219
1788126663.6075914,8480,0,Loss/l_total,0.05386161804199219
1788126663.6076164,8480,0,LR,0.001
1788126678.8538134,8520,0,Loss/l_ce,0.09621453285217285
1788126678.853995,8520,0,Loss/l_total,0.09621453285217285
1788126678.8540225,8520,0,LR,0.001
1788126694.323121,8560,0,Loss/l_ce,0.04730701446533203
1788126694.3232932,8560,0,Loss/l_total,0.04730701446533203
1788126694.323317,8560,0,LR,0.001
1788126709.793583,8600,0,Loss/l_ce,0.12458992004394531
1788126709.7937548,8600,0,Loss/l_total,0.12458992004394531
1788126709.7937775,8600,0,LR,0.001
1788126725.0498278,8640,0,Loss/l_ce,0.1029806137084961
1788126725.050062,8640,0,Loss/l_total,0.1029806137084961
1788126725.0500903,8640,0,LR,0.001
1788126740.6647751,8680,0,Loss/l_ce,0.14199542999267578
1788126740.6649475,8680,0,Loss/l_total,0.14199542999267578
1788126740.6649723,8680,0,LR,0.001
1788126813.3752863,8702,0,Val/dense_error,0.039163123816251755
1788126813.3755474,8702,0,Val/auc,0.7050981382743027
1788126813.3755713,8702,0,Val/pck_max,0.1
1788126813.37559,8702,0,Val/pck_n,100.0
1788126837.1509376,8720,1,Loss/l_ce,0.04069352149963379
1788126837.1511562,8720,1,Loss/l_total,0.04069352149963379
1788126837.1511824,8720,1,LR,0.000994459753267812
1788126866.7021024,8760,1,Loss/l_ce,0.11738228797912598
1788126866.7023542,8760,1,Loss/l_total,0.11738228797912598
1788126866.7023802,8760,1,LR,0.000994459753267812
1788126899.042528,8800,1,Loss/l_ce,0.03937125205993652
1788126899.0426965,8800,1,Loss/l_total,0.03937125205993652
1788126899.0427215,8800,1,LR,0.000994459753267812
1788126931.437422,8840,1,Loss/l_ce,0.0705559253692627
1788126931.4376168,8840,1,Loss/l_total,0.0705559253692627
1788126931.4376407,8840,1,LR,0.000994459753267812
1788126961.1947887,8880,1,Loss/l_ce,0.05600595474243164
1788126961.1950011,8880,1,Loss/l_total,0.05600595474243164
1788126961.195027,8880,1,LR,0.000994459753267812
1788126992.63106,8920,1,Loss/l_ce,0.03258371353149414
1788126992.6313815,8920,1,Loss/l_total,0.03258371353149414
1788126992.6314075,8920,1,LR,0.000994459753267812
1788127020.2115014,8960,1,Loss/l_ce,0.07304859161376953
1788127020.2117863,8960,1,Loss/l_total,0.07304859161376953
1788127020.2118113,8960,1,LR,0.000994459753267812
1788127053.5245445,9000,1,Loss/l_ce,0.300612211227417
1788127053.5248294,9000,1,Loss/l_total,0.300612211227417
1788127053.5248542,9000,1,LR,0.000994459753267812
1788127078.8991482,9040,1,Loss/l_ce,0.03509950637817383
1788127078.899526,9040,1,Loss/l_total,0.03509950637817383
1788127078.8995557,9040,1,LR,0.000994459753267812
1788127107.964487,9080,1,Loss/l_ce,0.08800745010375977
1788127107.9647567,9080,1,Loss/l_total,0.08800745010375977
1788127107.9647875,9080,1,LR,0.000994459753267812
1788127135.097554,9120,1,Loss/l_ce,0.02646350860595703
1788127135.097783,9120,1,Loss/l_total,0.02646350860595703
1788127135.097809,9120,1,LR,0.000994459753267812
1788127163.4205887,9160,1,Loss/l_ce,0.28055405616760254
1788127163.4210007,9160,1,Loss/l_total,0.28055405616760254
1788127163.4210494,9160,1,LR,0.000994459753267812
1788127190.9483535,9200,1,Loss/l_ce,0.030019283294677734
1788127190.9486408,9200,1,Loss/l_total,0.030019283294677734
1788127190.9486682,9200,1,LR,0.000994459753267812
1788127218.195845,9240,1,Loss/l_ce,0.04836130142211914
1788127218.196169,9240,1,Loss/l_total,0.04836130142211914
1788127218.1962008,9240,1,LR,0.000994459753267812
1788127245.6115813,9280,1,Loss/l_ce,0.02159571647644043
1788127245.61185,9280,1,Loss/l_total,0.02159571647644043
1788127245.6118748,9280,1,LR,0.000994459753267812
1788127269.796812,9320,1,Loss/l_ce,0.05890774726867676
1788127269.7971919,9320,1,Loss/l_total,0.05890774726867676
1788127269.7972262,9320,1,LR,0.000994459753267812
1788127298.065562,9360,1,Loss/l_ce,0.00926351547241211
1788127298.0658743,9360,1,Loss/l_total,0.00926351547241211
1788127298.0659006,9360,1,LR,0.000994459753267812
1788127326.3815901,9400,1,Loss/l_ce,0.03542160987854004
1788127326.3819213,9400,1,Loss/l_total,0.03542160987854004
1788127326.38195,9400,1,LR,0.000994459753267812
1788127351.7738225,9440,1,Loss/l_ce,0.023966312408447266
1788127351.7741642,9440,1,Loss/l_total,0.023966312408447266
1788127351.7741892,9440,1,LR,0.000994459753267812
1788127380.5451872,9480,1,Loss/l_ce,0.15528321266174316
1788127380.54551,9480,1,Loss/l_total,0.15528321266174316
1788127380.545534,9480,1,LR,0.000994459753267812
1788127408.7253048,9520,1,Loss/l_ce,0.11233663558959961
1788127408.725667,9520,1,Loss/l_total,0.11233663558959961
1788127408.7256932,9520,1,LR,0.000994459753267812
1788127435.3684452,9560,1,Loss/l_ce,0.10889649391174316
1788127435.3689237,9560,1,Loss/l_total,0.10889649391174316
1788127435.3689983,9560,1,LR,0.000994459753267812
1788127459.344456,9600,1,Loss/l_ce,0.06990170478820801
1788127459.3450854,9600,1,Loss/l_total,0.06990170478820801
1788127459.3451102,9600,1,LR,0.000994459753267812
1788127485.5441258,9640,1,Loss/l_ce,0.015316963195800781
1788127485.5444295,9640,1,Loss/l_total,0.015316963195800781
1788127485.5444558,9640,1,LR,0.000994459753267812
1788127513.192511,9680,1,Loss/l_ce,0.283721923828125
1788127513.1928387,9680,1,Loss/l_total,0.283721923828125
1788127513.1928635,9680,1,LR,0.000994459753267812
1788127537.8293085,9720,1,Loss/l_ce,0.025957107543945312
1788127537.8295245,9720,1,Loss/l_total,0.025957107543945312
1788127537.829552,9720,1,LR,0.000994459753267812
1788127560.3857415,9760,1,Loss/l_ce,0.13043689727783203
1788127560.386086,9760,1,Loss/l_total,0.13043689727783203
1788127560.386117,9760,1,LR,0.000994459753267812
1788127585.5478282,9800,1,Loss/l_ce,0.08298468589782715
1788127585.5481334,9800,1,Loss/l_total,0.08298468589782715
1788127585.5481606,9800,1,LR,0.000994459753267812
1788127616.3877409,9840,1,Loss/l_ce,0.06537795066833496
1788127616.3880198,9840,1,Loss/l_total,0.06537795066833496
1788127616.3880672,9840,1,LR,0.000994459753267812
1788127645.3088076,9880,1,Loss/l_ce,0.03342175483703613
1788127645.3091047,9880,1,Loss/l_total,0.03342175483703613
1788127645.3091402,9880,1,LR,0.000994459753267812
1788127672.5149896,9920,1,Loss/l_ce,0.05968117713928223
1788127672.5152757,9920,1,Loss/l_total,0.05968117713928223
1788127672.5153031,9920,1,LR,0.000994459753267812
1788127696.925806,9960,1,Loss/l_ce,0.12517285346984863
1788127696.926179,9960,1,Loss/l_total,0.12517285346984863
1788127696.926206,9960,1,LR,0.000994459753267812
1788127721.5574713,10000,1,Loss/l_ce,0.03779959678649902
1788127721.5577502,10000,1,Loss/l_total,0.03779959678649902
1788127721.557775,10000,1,LR,0.000994459753267812
1788127746.2622097,10040,1,Loss/l_ce,0.13855409622192383
1788127746.2625492,10040,1,Loss/l_total,0.13855409622192383
1788127746.262585,10040,1,LR,0.000994459753267812
1788127773.0877857,10080,1,Loss/l_ce,0.23333406448364258
1788127773.0879602,10080,1,Loss/l_total,0.23333406448364258
1788127773.087983,10080,1,LR,0.000994459753267812
1788127801.2967262,10120,1,Loss/l_ce,0.04999542236328125
1788127801.2969613,10120,1,Loss/l_total,0.04999542236328125
1788127801.2969873,10120,1,LR,0.000994459753267812
1788127830.1936522,10160,1,Loss/l_ce,0.012221574783325195
1788127830.193827,10160,1,Loss/l_total,0.012221574783325195
1788127830.1938505,10160,1,LR,0.000994459753267812
1788127858.6955814,10200,1,Loss/l_ce,0.11268329620361328
1788127858.6959176,10200,1,Loss/l_total,0.11268329620361328
1788127858.6959531,10200,1,LR,0.000994459753267812
1788127884.9567263,10240,1,Loss/l_ce,0.3003199100494385
1788127884.9569247,10240,1,Loss/l_total,0.3003199100494385
1788127884.956953,10240,1,LR,0.000994459753267812
1788127910.3503747,10280,1,Loss/l_ce,0.1701960563659668
1788127910.350605,10280,1,Loss/l_total,0.1701960563659668
1788127910.3506324,10280,1,LR,0.000994459753267812
1788127935.2149346,10320,1,Loss/l_ce,0.0554351806640625
1788127935.215217,10320,1,Loss/l_total,0.0554351806640625
1788127935.2152455,10320,1,LR,0.000994459753267812
1788127960.826842,10360,1,Loss/l_ce,0.07509589195251465
1788127960.8271663,10360,1,Loss/l_total,0.07509589195251465
1788127960.827197,10360,1,LR,0.000994459753267812
1788127987.1987674,10400,1,Loss/l_ce,0.030188798904418945
1788127987.199107,10400,1,Loss/l_total,0.030188798904418945
1788127987.1991365,10400,1,LR,0.000994459753267812
1788128015.1820936,10440,1,Loss/l_ce,0.14861822128295898
1788128015.1822956,10440,1,Loss/l_total,0.14861822128295898
1788128015.1831017,10440,1,LR,0.000994459753267812
1788128041.9142218,10480,1,Loss/l_ce,0.2173147201538086
1788128041.914502,10480,1,Loss/l_total,0.2173147201538086
1788128041.9145257,10480,1,LR,0.000994459753267812
1788128068.801579,10520,1,Loss/l_ce,0.02141427993774414
1788128068.8017585,10520,1,Loss/l_total,0.02141427993774414
1788128068.8017821,10520,1,LR,0.000994459753267812
1788128098.532785,10560,1,Loss/l_ce,0.23398542404174805
1788128098.532975,10560,1,Loss/l_total,0.23398542404174805
1788128098.5331364,10560,1,LR,0.000994459753267812
1788128125.4678845,10600,1,Loss/l_ce,0.2020416259765625
1788128125.468116,10600,1,Loss/l_total,0.2020416259765625
1788128125.4681506,10600,1,LR,0.000994459753267812
1788128151.798,10640,1,Loss/l_ce,0.038657426834106445
1788128151.7981946,10640,1,Loss/l_total,0.038657426834106445
1788128151.7982197,10640,1,LR,0.000994459753267812
1788128176.2669404,10680,1,Loss/l_ce,0.1631760597229004
1788128176.2671483,10680,1,Loss/l_total,0.1631760597229004
1788128176.2671719,10680,1,LR,0.000994459753267812
1788128204.119666,10720,1,Loss/l_ce,0.07545924186706543
1788128204.1198573,10720,1,Loss/l_total,0.07545924186706543
1788128204.1198812,10720,1,LR,0.000994459753267812
1788128230.4691463,10760,1,Loss/l_ce,0.11640024185180664
1788128230.4693246,10760,1,Loss/l_total,0.11640024185180664
1788128230.469347,10760,1,LR,0.000994459753267812
1788128260.1274626,10800,1,Loss/l_ce,0.03243517875671387
1788128260.127636,10800,1,Loss/l_total,0.03243517875671387
1788128260.127661,10800,1,LR,0.000994459753267812
1788128285.4887888,10840,1,Loss/l_ce,0.022766590118408203
1788128285.4889657,10840,1,Loss/l_total,0.022766590118408203
1788128285.4889905,10840,1,LR,0.000994459753267812
1788128315.7036936,10880,1,Loss/l_ce,0.1929948329925537
1788128315.704014,10880,1,Loss/l_total,0.1929948329925537
1788128315.7040675,10880,1,LR,0.000994459753267812
1788128340.7844937,10920,1,Loss/l_ce,0.01326441764831543
1788128340.7848034,10920,1,Loss/l_total,0.01326441764831543
1788128340.7848284,10920,1,LR,0.000994459753267812
1788128372.5103333,10960,1,Loss/l_ce,0.035370588302612305
1788128372.5106452,10960,1,Loss/l_total,0.035370588302612305
1788128372.5106714,10960,1,LR,0.000994459753267812
1788128394.1940782,11000,1,Loss/l_ce,0.06459856033325195
1788128394.1943738,11000,1,Loss/l_total,0.06459856033325195
1788128394.1944,11000,1,LR,0.000994459753267812
1788128424.396772,11040,1,Loss/l_ce,0.22487497329711914
1788128424.397027,11040,1,Loss/l_total,0.22487497329711914
1788128424.3970807,11040,1,LR,0.000994459753267812
1788128454.8569577,11080,1,Loss/l_ce,0.08591437339782715
1788128454.8572927,11080,1,Loss/l_total,0.08591437339782715
1788128454.8573196,11080,1,LR,0.000994459753267812
1788128480.4060564,11120,1,Loss/l_ce,0.027817249298095703
1788128480.4063652,11120,1,Loss/l_total,0.027817249298095703
1788128480.4063938,11120,1,LR,0.000994459753267812
1788128508.4248397,11160,1,Loss/l_ce,0.03653907775878906
1788128508.4251792,11160,1,Loss/l_total,0.03653907775878906
1788128508.4252088,11160,1,LR,0.000994459753267812
1788128533.7397478,11200,1,Loss/l_ce,0.0347287654876709
1788128533.7400625,11200,1,Loss/l_total,0.0347287654876709
1788128533.7400885,11200,1,LR,0.000994459753267812
1788128562.7929075,11240,1,Loss/l_ce,0.034070491790771484
1788128562.7932127,11240,1,Loss/l_total,0.034070491790771484
1788128562.7932377,11240,1,LR,0.000994459753267812
1788128591.598731,11280,1,Loss/l_ce,0.041542768478393555
1788128591.599048,11280,1,Loss/l_total,0.041542768478393555
1788128591.599079,11280,1,LR,0.000994459753267812
1788128620.6221156,11320,1,Loss/l_ce,0.14648056030273438
1788128620.6223981,11320,1,Loss/l_total,0.14648056030273438
1788128620.622423,11320,1,LR,0.000994459753267812
1788128641.4250026,11360,1,Loss/l_ce,0.031746625900268555
1788128641.4252446,11360,1,Loss/l_total,0.031746625900268555
1788128641.425272,11360,1,LR,0.000994459753267812
1788128661.8966005,11400,1,Loss/l_ce,0.03283834457397461
1788128661.8969116,11400,1,Loss/l_total,0.03283834457397461
1788128661.8969378,11400,1,LR,0.000994459753267812
1788128693.7197516,11440,1,Loss/l_ce,0.027866363525390625
1788128693.7199442,11440,1,Loss/l_total,0.027866363525390625
1788128693.7199667,11440,1,LR,0.000994459753267812
1788128718.5012057,11480,1,Loss/l_ce,0.027759313583374023
1788128718.501424,11480,1,Loss/l_total,0.027759313583374023
1788128718.501448,11480,1,LR,0.000994459753267812
1788128747.284407,11520,1,Loss/l_ce,0.06632065773010254
1788128747.2846975,11520,1,Loss/l_total,0.06632065773010254
1788128747.2849824,11520,1,LR,0.000994459753267812
1788128776.209621,11560,1,Loss/l_ce,0.20370197296142578
1788128776.209982,11560,1,Loss/l_total,0.20370197296142578
1788128776.2100613,11560,1,LR,0.000994459753267812
1788128808.5779028,11600,1,Loss/l_ce,0.20105576515197754
1788128808.5782187,11600,1,Loss/l_total,0.20105576515197754
1788128808.578245,11600,1,LR,0.000994459753267812
1788128836.052474,11640,1,Loss/l_ce,0.05728411674499512
1788128836.0528135,11640,1,Loss/l_total,0.05728411674499512
1788128836.052847,11640,1,LR,0.000994459753267812
1788128863.1075222,11680,1,Loss/l_ce,0.05543327331542969
1788128863.1078284,11680,1,Loss/l_total,0.05543327331542969
1788128863.1078546,11680,1,LR,0.000994459753267812
1788128886.6541529,11720,1,Loss/l_ce,0.3238656520843506
1788128886.654381,11720,1,Loss/l_total,0.3238656520843506
1788128886.6544073,11720,1,LR,0.000994459753267812
1788128908.0833707,11760,1,Loss/l_ce,0.07416820526123047
1788128908.083556,11760,1,Loss/l_total,0.07416820526123047
1788128908.083581,11760,1,LR,0.000994459753267812
1788128927.6775913,11800,1,Loss/l_ce,0.09709715843200684
1788128927.6777575,11800,1,Loss/l_total,0.09709715843200684
1788128927.6777813,11800,1,LR,0.000994459753267812
1788128944.7310648,11840,1,Loss/l_ce,0.026792526245117188
1788128944.7312822,11840,1,Loss/l_total,0.026792526245117188
1788128944.7313154,11840,1,LR,0.000994459753267812
1788128964.5156076,11880,1,Loss/l_ce,0.03620028495788574
1788128964.5158591,11880,1,Loss/l_total,0.03620028495788574
1788128964.515883,11880,1,LR,0.000994459753267812
1788128984.3859904,11920,1,Loss/l_ce,0.06333661079406738
1788128984.386215,11920,1,Loss/l_total,0.06333661079406738
1788128984.3862398,11920,1,LR,0.000994459753267812
1788129001.5578525,11960,1,Loss/l_ce,0.16494035720825195
1788129001.5581315,11960,1,Loss/l_total,0.16494035720825195
1788129001.5581658,11960,1,LR,0.000994459753267812
1788129017.3999333,12000,1,Loss/l_ce,0.18241167068481445
1788129017.4002075,12000,1,Loss/l_total,0.18241167068481445
1788129017.4002373,12000,1,LR,0.000994459753267812
1788129033.6889007,12040,1,Loss/l_ce,0.28069067001342773
1788129033.689137,12040,1,Loss/l_total,0.28069067001342773
1788129033.6891606,12040,1,LR,0.000994459753267812
1788129051.9655068,12080,1,Loss/l_ce,0.07132220268249512
1788129051.965781,12080,1,Loss/l_total,0.07132220268249512
1788129051.965813,12080,1,LR,0.000994459753267812
1788129081.9520652,12120,1,Loss/l_ce,0.0370025634765625
1788129081.9522803,12120,1,Loss/l_total,0.0370025634765625
1788129081.9523098,12120,1,LR,0.000994459753267812
1788129113.54484,12160,1,Loss/l_ce,0.02133798599243164
1788129113.5450242,12160,1,Loss/l_total,0.02133798599243164
1788129113.545068,12160,1,LR,0.000994459753267812
1788129142.2715476,12200,1,Loss/l_ce,0.08511519432067871
1788129142.2717295,12200,1,Loss/l_total,0.08511519432067871
1788129142.2717543,12200,1,LR,0.000994459753267812
1788129180.2229214,12240,1,Loss/l_ce,0.13199901580810547
1788129180.2231424,12240,1,Loss/l_total,0.13199901580810547
1788129180.2231686,12240,1,LR,0.000994459753267812
1788129209.8033228,12280,1,Loss/l_ce,0.028663158416748047
1788129209.803565,12280,1,Loss/l_total,0.028663158416748047
1788129209.8035913,12280,1,LR,0.000994459753267812
1788129242.0620496,12320,1,Loss/l_ce,0.040430545806884766
1788129242.0622845,12320,1,Loss/l_total,0.040430545806884766
1788129242.0623093,12320,1,LR,0.000994459753267812
1788129278.385103,12360,1,Loss/l_ce,0.04287314414978027
1788129278.3853595,12360,1,Loss/l_total,0.04287314414978027
1788129278.3853867,12360,1,LR,0.000994459753267812
1788129310.92071,12400,1,Loss/l_ce,0.1100912094116211
1788129310.921001,12400,1,Loss/l_total,0.1100912094116211
1788129310.9210258,12400,1,LR,0.000994459753267812
1788129339.6990623,12440,1,Loss/l_ce,0.039455413818359375
1788129339.6993768,12440,1,Loss/l_total,0.039455413818359375
1788129339.6994042,12440,1,LR,0.000994459753267812
1788129373.8650208,12480,1,Loss/l_ce,0.027861595153808594
1788129373.8713408,12480,1,Loss/l_total,0.027861595153808594
1788129373.8716364,12480,1,LR,0.000994459753267812
1788129406.7919147,12520,1,Loss/l_ce,0.08269500732421875
1788129406.79217,12520,1,Loss/l_total,0.08269500732421875
1788129406.7921948,12520,1,LR,0.000994459753267812
1788129439.8664567,12560,1,Loss/l_ce,0.04857039451599121
1788129439.866647,12560,1,Loss/l_total,0.04857039451599121
1788129439.8666718,12560,1,LR,0.000994459753267812
1788129467.7942584,12600,1,Loss/l_ce,0.16878128051757812
1788129467.7945647,12600,1,Loss/l_total,0.16878128051757812
1788129467.794593,12600,1,LR,0.000994459753267812
1788129500.7867095,12640,1,Loss/l_ce,0.02798604965209961
1788129500.7870216,12640,1,Loss/l_total,0.02798604965209961
1788129500.7870715,12640,1,LR,0.000994459753267812
1788129524.4033186,12680,1,Loss/l_ce,0.12124347686767578
1788129524.4036083,12680,1,Loss/l_total,0.12124347686767578
1788129524.403633,12680,1,LR,0.000994459753267812
1788129558.8602417,12720,1,Loss/l_ce,0.1083378791809082
1788129558.8605242,12720,1,Loss/l_total,0.1083378791809082
1788129558.860548,12720,1,LR,0.000994459753267812
1788129588.680377,12760,1,Loss/l_ce,0.10952234268188477
1788129588.6806643,12760,1,Loss/l_total,0.10952234268188477
1788129588.6806893,12760,1,LR,0.000994459753267812
1788129620.619353,12800,1,Loss/l_ce,0.13640809059143066
1788129620.619663,12800,1,Loss/l_total,0.13640809059143066
1788129620.6196866,12800,1,LR,0.000994459753267812
1788129650.777434,12840,1,Loss/l_ce,0.03226041793823242
1788129650.7776492,12840,1,Loss/l_total,0.03226041793823242
1788129650.7776775,12840,1,LR,0.000994459753267812
1788129692.3183851,12880,1,Loss/l_ce,0.04460334777832031
1788129692.318695,12880,1,Loss/l_total,0.04460334777832031
1788129692.31872,12880,1,LR,0.000994459753267812
1788129722.6069832,12920,1,Loss/l_ce,0.10104703903198242
1788129722.6073406,12920,1,Loss/l_total,0.10104703903198242
1788129722.6073701,12920,1,LR,0.000994459753267812
1788129745.0434327,12960,1,Loss/l_ce,0.10080242156982422
1788129745.043732,12960,1,Loss/l_total,0.10080242156982422
1788129745.0437567,12960,1,LR,0.000994459753267812
1788129774.7777722,13000,1,Loss/l_ce,0.03340649604797363
1788129774.778018,13000,1,Loss/l_total,0.03340649604797363
1788129774.7780762,13000,1,LR,0.000994459753267812
1788129814.2800696,13040,1,Loss/l_ce,0.04347872734069824
1788129814.280262,13040,1,Loss/l_total,0.04347872734069824
1788129814.2802856,13040,1,LR,0.000994459753267812
1788129850.0576432,13080,1,Loss/l_ce,0.19902920722961426
1788129850.057966,13080,1,Loss/l_total,0.19902920722961426
1788129850.0579922,13080,1,LR,0.000994459753267812
1788129882.561662,13120,1,Loss/l_ce,0.1647791862487793
1788129882.5619042,13120,1,Loss/l_total,0.1647791862487793
1788129882.5619292,13120,1,LR,0.000994459753267812
1788129915.256312,13160,1,Loss/l_ce,0.0354151725769043
1788129915.2565644,13160,1,Loss/l_total,0.0354151725769043
1788129915.2565897,13160,1,LR,0.000994459753267812
1788129950.082872,13200,1,Loss/l_ce,0.026088237762451172
1788129950.0831246,13200,1,Loss/l_total,0.026088237762451172
1788129950.08315,13200,1,LR,0.000994459753267812
1788129982.4974089,13240,1,Loss/l_ce,0.03590536117553711
1788129982.4975784,13240,1,Loss/l_total,0.03590536117553711
1788129982.4976046,13240,1,LR,0.000994459753267812
1788130012.7958343,13280,1,Loss/l_ce,0.02290964126586914
1788130012.7960196,13280,1,Loss/l_total,0.02290964126586914
1788130012.7960658,13280,1,LR,0.000994459753267812
1788130042.194355,13320,1,Loss/l_ce,0.05377507209777832
1788130042.1945498,13320,1,Loss/l_total,0.05377507209777832
1788130042.1945772,13320,1,LR,0.000994459753267812
1788130071.8207405,13360,1,Loss/l_ce,0.0751638412475586
1788130071.820929,13360,1,Loss/l_total,0.0751638412475586
1788130071.8209515,13360,1,LR,0.000994459753267812
1788130099.825581,13400,1,Loss/l_ce,0.026825428009033203
1788130099.8258579,13400,1,Loss/l_total,0.026825428009033203
1788130099.8258889,13400,1,LR,0.000994459753267812
1788130132.9486742,13440,1,Loss/l_ce,0.0352632999420166
1788130132.9488857,13440,1,Loss/l_total,0.0352632999420166
1788130132.9489143,13440,1,LR,0.000994459753267812
1788130163.9663625,13480,1,Loss/l_ce,0.05399823188781738
1788130163.9665356,13480,1,Loss/l_total,0.05399823188781738
1788130163.966575,13480,1,LR,0.000994459753267812
1788130197.2033384,13520,1,Loss/l_ce,0.08080053329467773
1788130197.2035213,13520,1,Loss/l_total,0.08080053329467773
1788130197.2035475,13520,1,LR,0.000994459753267812
1788130229.3284156,13560,1,Loss/l_ce,0.03860783576965332
1788130229.328651,13560,1,Loss/l_total,0.03860783576965332
1788130229.3286736,13560,1,LR,0.000994459753267812
1788130262.0508406,13600,1,Loss/l_ce,0.02400803565979004
1788130262.0511718,13600,1,Loss/l_total,0.02400803565979004
1788130262.0512002,13600,1,LR,0.000994459753267812
1788130288.8758738,13640,1,Loss/l_ce,0.03044748306274414
1788130288.876141,13640,1,Loss/l_total,0.03044748306274414
1788130288.8761659,13640,1,LR,0.000994459753267812
1788130319.0355873,13680,1,Loss/l_ce,0.15546941757202148
1788130319.0358057,13680,1,Loss/l_total,0.15546941757202148
1788130319.0358295,13680,1,LR,0.000994459753267812
1788130380.8998222,13720,1,Loss/l_ce,0.036383628845214844
1788130380.900145,13720,1,Loss/l_total,0.036383628845214844
1788130380.9001713,13720,1,LR,0.000994459753267812
1788130437.436993,13760,1,Loss/l_ce,0.0322721004486084
1788130437.437317,13760,1,Loss/l_total,0.0322721004486084
1788130437.4373477,13760,1,LR,0.000994459753267812
1788130501.4896295,13800,1,Loss/l_ce,0.02207040786743164
1788130501.4899287,13800,1,Loss/l_total,0.02207040786743164
1788130501.4899561,13800,1,LR,0.000994459753267812
1788130572.689664,13840,1,Loss/l_ce,0.10623288154602051
1788130572.690012,13840,1,Loss/l_total,0.10623288154602051
1788130572.6900747,13840,1,LR,0.000994459753267812
1788130640.5599146,13880,1,Loss/l_ce,0.0300905704498291
1788130640.5602255,13880,1,Loss/l_total,0.0300905704498291
1788130640.560253,13880,1,LR,0.000994459753267812
1788130700.3720758,13920,1,Loss/l_ce,0.03061699867248535
1788130700.3723822,13920,1,Loss/l_total,0.03061699867248535
1788130700.372407,13920,1,LR,0.000994459753267812
1788130764.2303343,13960,1,Loss/l_ce,0.09369897842407227
1788130764.230625,13960,1,Loss/l_total,0.09369897842407227
1788130764.2306511,13960,1,LR,0.000994459753267812
1788130831.1952832,14000,1,Loss/l_ce,0.03339982032775879
1788130831.1956453,14000,1,Loss/l_total,0.03339982032775879
1788130831.1956763,14000,1,LR,0.000994459753267812
1788130927.8571644,14040,1,Loss/l_ce,0.041706085205078125
1788130927.8574731,14040,1,Loss/l_total,0.041706085205078125
1788130927.8575015,14040,1,LR,0.000994459753267812
1788131035.1232617,14080,1,Loss/l_ce,0.02872753143310547
1788131035.1235785,14080,1,Loss/l_total,0.02872753143310547
1788131035.1236048,14080,1,LR,0.000994459753267812
1788131160.5026152,14120,1,Loss/l_ce,0.13866424560546875
1788131160.5030262,14120,1,Loss/l_total,0.13866424560546875
1788131160.5030797,14120,1,LR,0.000994459753267812
1788131255.639914,14160,1,Loss/l_ce,0.02971029281616211
1788131255.64039,14160,1,Loss/l_total,0.02971029281616211
1788131255.6404245,14160,1,LR,0.000994459753267812
1788131391.5162246,14200,1,Loss/l_ce,0.029522180557250977
1788131391.516653,14200,1,Loss/l_total,0.029522180557250977
1788131391.516684,14200,1,LR,0.000994459753267812
1788131490.2325318,14240,1,Loss/l_ce,0.07069849967956543
1788131490.2330294,14240,1,Loss/l_total,0.07069849967956543
1788131490.2331028,14240,1,LR,0.000994459753267812
1788131550.0317268,14280,1,Loss/l_ce,0.03477907180786133
1788131550.0319762,14280,1,Loss/l_total,0.03477907180786133
1788131550.0320036,14280,1,LR,0.000994459753267812
1788131567.5709937,14320,1,Loss/l_ce,0.025319814682006836
1788131567.5713024,14320,1,Loss/l_total,0.025319814682006836
1788131567.571326,14320,1,LR,0.000994459753267812
1788131584.5990725,14360,1,Loss/l_ce,0.01722240447998047
1788131584.5993645,14360,1,Loss/l_total,0.01722240447998047
1788131584.5993898,14360,1,LR,0.000994459753267812
1788131601.8282201,14400,1,Loss/l_ce,0.04259181022644043
1788131601.828548,14400,1,Loss/l_total,0.04259181022644043
1788131601.828574,14400,1,LR,0.000994459753267812
1788131618.5302868,14440,1,Loss/l_ce,0.0323328971862793
1788131618.530521,14440,1,Loss/l_total,0.0323328971862793
1788131618.5305448,14440,1,LR,0.000994459753267812
1788131635.680338,14480,1,Loss/l_ce,0.05822348594665527
1788131635.680541,14480,1,Loss/l_total,0.05822348594665527
1788131635.6805646,14480,1,LR,0.000994459753267812
1788131653.0226386,14520,1,Loss/l_ce,0.1011044979095459
1788131653.0228796,14520,1,Loss/l_total,0.1011044979095459
1788131653.0229044,14520,1,LR,0.000994459753267812
1788131670.313845,14560,1,Loss/l_ce,0.07228827476501465
1788131670.3140125,14560,1,Loss/l_total,0.07228827476501465
1788131670.3140683,14560,1,LR,0.000994459753267812
1788131686.9801908,14600,1,Loss/l_ce,0.13319778442382812
1788131686.9804792,14600,1,Loss/l_total,0.13319778442382812
1788131686.9805138,14600,1,LR,0.000994459753267812
1788131704.4405797,14640,1,Loss/l_ce,0.029006004333496094
1788131704.4407957,14640,1,Loss/l_total,0.029006004333496094
1788131704.440823,14640,1,LR,0.000994459753267812
1788131721.4029171,14680,1,Loss/l_ce,0.02869725227355957
1788131721.4032543,14680,1,Loss/l_total,0.02869725227355957
1788131721.4032829,14680,1,LR,0.000994459753267812
1788131738.292394,14720,1,Loss/l_ce,0.02822399139404297
1788131738.292616,14720,1,Loss/l_total,0.02822399139404297
1788131738.2926407,14720,1,LR,0.000994459753267812
1788131755.424536,14760,1,Loss/l_ce,0.05590057373046875
1788131755.4247615,14760,1,Loss/l_total,0.05590057373046875
1788131755.4247842,14760,1,LR,0.000994459753267812
1788131772.6749542,14800,1,Loss/l_ce,0.09281587600708008
1788131772.6751394,14800,1,Loss/l_total,0.09281587600708008
1788131772.675161,14800,1,LR,0.000994459753267812
1788131789.8889687,14840,1,Loss/l_ce,0.049509525299072266
1788131789.889199,14840,1,Loss/l_total,0.049509525299072266
1788131789.8892288,14840,1,LR,0.000994459753267812
1788131807.393498,14880,1,Loss/l_ce,0.13176584243774414
1788131807.3937201,14880,1,Loss/l_total,0.13176584243774414
1788131807.3937426,14880,1,LR,0.000994459753267812
1788131825.0865707,14920,1,Loss/l_ce,0.029154062271118164
1788131825.0867584,14920,1,Loss/l_total,0.029154062271118164
1788131825.0867894,14920,1,LR,0.000994459753267812
1788131842.2435727,14960,1,Loss/l_ce,0.11949777603149414
1788131842.2438374,14960,1,Loss/l_total,0.11949777603149414
1788131842.24386,14960,1,LR,0.000994459753267812
1788131859.4715393,15000,1,Loss/l_ce,0.01754450798034668
1788131859.4717777,15000,1,Loss/l_total,0.01754450798034668
1788131859.471803,15000,1,LR,0.000994459753267812
1788131875.8560238,15040,1,Loss/l_ce,0.18805408477783203
1788131875.8562279,15040,1,Loss/l_total,0.18805408477783203
1788131875.856253,15040,1,LR,0.000994459753267812
1788131893.2949052,15080,1,Loss/l_ce,0.09438562393188477
1788131893.295222,15080,1,Loss/l_total,0.09438562393188477
1788131893.2952495,15080,1,LR,0.000994459753267812
1788131910.6242669,15120,1,Loss/l_ce,0.0684823989868164
1788131910.6245193,15120,1,Loss/l_total,0.0684823989868164
1788131910.6245503,15120,1,LR,0.000994459753267812
1788131935.1371381,15160,1,Loss/l_ce,0.04607963562011719
1788131935.137384,15160,1,Loss/l_total,0.04607963562011719
1788131935.1374068,15160,1,LR,0.000994459753267812
1788131968.713726,15200,1,Loss/l_ce,0.03586530685424805
1788131968.7140167,15200,1,Loss/l_total,0.03586530685424805
1788131968.714074,15200,1,LR,0.000994459753267812
1788131995.749134,15240,1,Loss/l_ce,0.08224296569824219
1788131995.7494512,15240,1,Loss/l_total,0.08224296569824219
1788131995.7494762,15240,1,LR,0.000994459753267812
1788132020.4846904,15280,1,Loss/l_ce,0.0337224006652832
1788132020.4850595,15280,1,Loss/l_total,0.0337224006652832
1788132020.485088,15280,1,LR,0.000994459753267812
1788132048.9694517,15320,1,Loss/l_ce,0.030007362365722656
1788132048.9697855,15320,1,Loss/l_total,0.030007362365722656
1788132048.9698114,15320,1,LR,0.000994459753267812
1788132074.0553634,15360,1,Loss/l_ce,0.06949329376220703
1788132074.0556922,15360,1,Loss/l_total,0.06949329376220703
1788132074.0557172,15360,1,LR,0.000994459753267812
1788132098.6648633,15400,1,Loss/l_ce,0.022966861724853516
1788132098.6662347,15400,1,Loss/l_total,0.022966861724853516
1788132098.6662643,15400,1,LR,0.000994459753267812
1788132123.9905362,15440,1,Loss/l_ce,0.1179962158203125
1788132123.9907463,15440,1,Loss/l_total,0.1179962158203125
1788132123.99077,15440,1,LR,0.000994459753267812
1788132148.4136806,15480,1,Loss/l_ce,0.04631519317626953
1788132148.4140925,15480,1,Loss/l_total,0.04631519317626953
1788132148.4141235,15480,1,LR,0.000994459753267812
1788132175.2805073,15520,1,Loss/l_ce,0.03987550735473633
1788132175.2812257,15520,1,Loss/l_total,0.03987550735473633
1788132175.28126,15520,1,LR,0.000994459753267812
1788132198.5999417,15560,1,Loss/l_ce,0.08139276504516602
1788132198.600343,15560,1,Loss/l_total,0.08139276504516602
1788132198.6003692,15560,1,LR,0.000994459753267812
1788132225.704527,15600,1,Loss/l_ce,0.04791092872619629
1788132225.7051084,15600,1,Loss/l_total,0.04791092872619629
1788132225.705143,15600,1,LR,0.000994459753267812
1788132250.9129152,15640,1,Loss/l_ce,0.02945542335510254
1788132250.9132679,15640,1,Loss/l_total,0.02945542335510254
1788132250.913293,15640,1,LR,0.000994459753267812
1788132281.8994749,15680,1,Loss/l_ce,0.027836084365844727
1788132281.8996875,15680,1,Loss/l_total,0.027836084365844727
1788132281.8997135,15680,1,LR,0.000994459753267812
1788132301.0594661,15720,1,Loss/l_ce,0.019691944122314453
1788132301.0597274,15720,1,Loss/l_total,0.019691944122314453
1788132301.0597548,15720,1,LR,0.000994459753267812
1788132321.099183,15760,1,Loss/l_ce,0.023016929626464844
1788132321.0993907,15760,1,Loss/l_total,0.023016929626464844
1788132321.0994158,15760,1,LR,0.000994459753267812
1788132352.2819126,15800,1,Loss/l_ce,0.1569814682006836
1788132352.2822506,15800,1,Loss/l_total,0.1569814682006836
1788132352.2822866,15800,1,LR,0.000994459753267812
1788132386.3596818,15840,1,Loss/l_ce,0.1398603916168213
1788132386.3599608,15840,1,Loss/l_total,0.1398603916168213
1788132386.3599882,15840,1,LR,0.000994459753267812
1788132412.5597177,15880,1,Loss/l_ce,0.07113242149353027
1788132412.5599742,15880,1,Loss/l_total,0.07113242149353027
1788132412.5600002,15880,1,LR,0.000994459753267812
1788132439.9641793,15920,1,Loss/l_ce,0.03553962707519531
1788132439.9644523,15920,1,Loss/l_total,0.03553962707519531
1788132439.9644785,15920,1,LR,0.000994459753267812
1788132465.9156024,15960,1,Loss/l_ce,0.06321382522583008
1788132465.9158885,15960,1,Loss/l_total,0.06321382522583008
1788132465.9159157,15960,1,LR,0.000994459753267812
1788132500.1819143,16000,1,Loss/l_ce,0.07514333724975586
1788132500.1822789,16000,1,Loss/l_total,0.07514333724975586
1788132500.1823123,16000,1,LR,0.000994459753267812
1788132524.4273944,16040,1,Loss/l_ce,0.11588287353515625
1788132524.4276876,16040,1,Loss/l_total,0.11588287353515625
1788132524.4277115,16040,1,LR,0.000994459753267812
1788132552.3781083,16080,1,Loss/l_ce,0.04015779495239258
1788132552.3783967,16080,1,Loss/l_total,0.04015779495239258
1788132552.3784206,16080,1,LR,0.000994459753267812
1788132583.7839758,16120,1,Loss/l_ce,0.019908666610717773
1788132583.7843273,16120,1,Loss/l_total,0.019908666610717773
1788132583.7843568,16120,1,LR,0.000994459753267812
1788132611.0564697,16160,1,Loss/l_ce,0.10335278511047363
1788132611.0567453,16160,1,Loss/l_total,0.10335278511047363
1788132611.0567713,16160,1,LR,0.000994459753267812
1788132640.9030714,16200,1,Loss/l_ce,0.10187602043151855
1788132640.903373,16200,1,Loss/l_total,0.10187602043151855
1788132640.9033992,16200,1,LR,0.000994459753267812
1788132671.8903627,16240,1,Loss/l_ce,0.012995481491088867
1788132671.890732,16240,1,Loss/l_total,0.012995481491088867
1788132671.890758,16240,1,LR,0.000994459753267812
1788132697.6046426,16280,1,Loss/l_ce,0.03708243370056152
1788132697.6049774,16280,1,Loss/l_total,0.03708243370056152
1788132697.6050048,16280,1,LR,0.000994459753267812
1788132721.0586357,16320,1,Loss/l_ce,0.08097553253173828
1788132721.0591276,16320,1,Loss/l_total,0.08097553253173828
1788132721.0591679,16320,1,LR,0.000994459753267812
1788132751.0436585,16360,1,Loss/l_ce,0.19476890563964844
1788132751.0439744,16360,1,Loss/l_total,0.19476890563964844
1788132751.0439992,16360,1,LR,0.000994459753267812
1788132784.2893894,16400,1,Loss/l_ce,0.0379030704498291
1788132784.2897549,16400,1,Loss/l_total,0.0379030704498291
1788132784.289781,16400,1,LR,0.000994459753267812
1788132818.409506,16440,1,Loss/l_ce,0.04637742042541504
1788132818.4098504,16440,1,Loss/l_total,0.04637742042541504
1788132818.4098754,16440,1,LR,0.000994459753267812
1788132850.2468784,16480,1,Loss/l_ce,0.10298466682434082
1788132850.2473097,16480,1,Loss/l_total,0.10298466682434082
1788132850.2473438,16480,1,LR,0.000994459753267812
1788132880.05344,16520,1,Loss/l_ce,0.03299736976623535
1788132880.0537474,16520,1,Loss/l_total,0.03299736976623535
1788132880.0537796,16520,1,LR,0.000994459753267812
1788132914.7725112,16560,1,Loss/l_ce,0.1424708366394043
1788132914.772858,16560,1,Loss/l_total,0.1424708366394043
1788132914.7728899,16560,1,LR,0.000994459753267812
1788132951.6814303,16600,1,Loss/l_ce,0.17149639129638672
1788132951.6817498,16600,1,Loss/l_total,0.17149639129638672
1788132951.6817758,16600,1,LR,0.000994459753267812
1788132983.3699307,16640,1,Loss/l_ce,0.14066457748413086
1788132983.370326,16640,1,Loss/l_total,0.14066457748413086
1788132983.3703642,16640,1,LR,0.000994459753267812
1788133012.6449544,16680,1,Loss/l_ce,0.027360200881958008
1788133012.6452987,16680,1,Loss/l_total,0.027360200881958008
1788133012.6453261,16680,1,LR,0.000994459753267812
1788133046.6127994,16720,1,Loss/l_ce,0.07003641128540039
1788133046.6131284,16720,1,Loss/l_total,0.07003641128540039
1788133046.6131618,16720,1,LR,0.000994459753267812
1788133077.6047106,16760,1,Loss/l_ce,0.06685757637023926
1788133077.6051037,16760,1,Loss/l_total,0.06685757637023926
1788133077.6051414,16760,1,LR,0.000994459753267812
1788133101.625642,16800,1,Loss/l_ce,0.04501199722290039
1788133101.6259615,16800,1,Loss/l_total,0.04501199722290039
1788133101.62599,16800,1,LR,0.000994459753267812
1788133118.8630755,16840,1,Loss/l_ce,0.025769948959350586
1788133118.8633487,16840,1,Loss/l_total,0.025769948959350586
1788133118.8633714,16840,1,LR,0.000994459753267812
1788133136.2464683,16880,1,Loss/l_ce,0.027149200439453125
1788133136.2467947,16880,1,Loss/l_total,0.027149200439453125
1788133136.2468185,16880,1,LR,0.000994459753267812
1788133153.352159,16920,1,Loss/l_ce,0.02623748779296875
1788133153.352457,16920,1,Loss/l_total,0.02623748779296875
1788133153.3524854,16920,1,LR,0.000994459753267812
1788133171.5016506,16960,1,Loss/l_ce,0.022161245346069336
1788133171.501959,16960,1,Loss/l_total,0.022161245346069336
1788133171.501989,16960,1,LR,0.000994459753267812
1788133189.9086254,17000,1,Loss/l_ce,0.057761192321777344
1788133189.9089208,17000,1,Loss/l_total,0.057761192321777344
1788133189.9089541,17000,1,LR,0.000994459753267812
1788133207.2236214,17040,1,Loss/l_ce,0.046202659606933594
1788133207.2239206,17040,1,Loss/l_total,0.046202659606933594
1788133207.223962,17040,1,LR,0.000994459753267812
1788133224.5098555,17080,1,Loss/l_ce,0.20811915397644043
1788133224.510028,17080,1,Loss/l_total,0.20811915397644043
1788133224.5100837,17080,1,LR,0.000994459753267812
1788133242.0059361,17120,1,Loss/l_ce,0.0916295051574707
1788133242.0061593,17120,1,Loss/l_total,0.0916295051574707
1788133242.006184,17120,1,LR,0.000994459753267812
1788133259.1617298,17160,1,Loss/l_ce,0.1405472755432129
1788133259.1619198,17160,1,Loss/l_total,0.1405472755432129
1788133259.1619422,17160,1,LR,0.000994459753267812
1788133276.650244,17200,1,Loss/l_ce,0.05859732627868652
1788133276.6504827,17200,1,Loss/l_total,0.05859732627868652
1788133276.65051,17200,1,LR,0.000994459753267812
1788133293.750944,17240,1,Loss/l_ce,0.012309789657592773
1788133293.7512455,17240,1,Loss/l_total,0.012309789657592773
1788133293.7512789,17240,1,LR,0.000994459753267812
1788133310.6419146,17280,1,Loss/l_ce,0.03773212432861328
1788133310.642266,17280,1,Loss/l_total,0.03773212432861328
1788133310.6422908,17280,1,LR,0.000994459753267812
1788133327.5472147,17320,1,Loss/l_ce,0.06357336044311523
1788133327.5475757,17320,1,Loss/l_total,0.06357336044311523
1788133327.547603,17320,1,LR,0.000994459753267812
1788133344.6417615,17360,1,Loss/l_ce,0.06928801536560059
1788133344.6421583,17360,1,Loss/l_total,0.06928801536560059
1788133344.6421902,17360,1,LR,0.000994459753267812
1788133361.4508832,17400,1,Loss/l_ce,0.04767274856567383
1788133361.451137,17400,1,Loss/l_total,0.04767274856567383
1788133361.451162,17400,1,LR,0.000994459753267812
1788133404.1241271,17404,1,Val/dense_error,0.03245196118950844
1788133404.1244738,17404,1,Val/auc,0.718571784013618
1788133404.1244986,17404,1,Val/pck_max,0.1
1788133404.1247802,17404,1,Val/pck_n,100.0
1788133423.0249934,17440,2,Loss/l_ce,0.062010765075683594
1788133423.0253284,17440,2,Loss/l_total,0.062010765075683594
1788133423.0253558,17440,2,LR,0.000977975432332819
1788133439.8337476,17480,2,Loss/l_ce,0.005730152130126953
1788133439.833966,17480,2,Loss/l_total,0.005730152130126953
1788133439.833998,17480,2,LR,0.000977975432332819
1788133456.9287052,17520,2,Loss/l_ce,0.02905869483947754
1788133456.9289427,17520,2,Loss/l_total,0.02905869483947754
1788133456.9289663,17520,2,LR,0.000977975432332819
1788133473.5935392,17560,2,Loss/l_ce,0.06710100173950195
1788133473.5939014,17560,2,Loss/l_total,0.06710100173950195
1788133473.593943,17560,2,LR,0.000977975432332819
1788133490.7112243,17600,2,Loss/l_ce,0.11199092864990234
1788133490.711602,17600,2,Loss/l_total,0.11199092864990234
1788133490.7116423,17600,2,LR,0.000977975432332819
1788133507.8606532,17640,2,Loss/l_ce,0.24753475189208984
1788133507.8610046,17640,2,Loss/l_total,0.24753475189208984
1788133507.8610568,17640,2,LR,0.000977975432332819
1788133524.565122,17680,2,Loss/l_ce,0.13219785690307617
1788133524.5652785,17680,2,Loss/l_total,0.13219785690307617
1788133524.5653036,17680,2,LR,0.000977975432332819
1788133541.0487964,17720,2,Loss/l_ce,0.08968830108642578
1788133541.0489948,17720,2,Loss/l_total,0.08968830108642578
1788133541.0490174,17720,2,LR,0.000977975432332819
1788133558.1836908,17760,2,Loss/l_ce,0.029150009155273438
1788133558.183863,17760,2,Loss/l_total,0.029150009155273438
1788133558.1838856,17760,2,LR,0.000977975432332819
1788133575.293163,17800,2,Loss/l_ce,0.13924360275268555
1788133575.293416,17800,2,Loss/l_total,0.13924360275268555
1788133575.293449,17800,2,LR,0.000977975432332819
1788133592.904639,17840,2,Loss/l_ce,0.028844594955444336
1788133592.90486,17840,2,Loss/l_total,0.028844594955444336
1788133592.904887,17840,2,LR,0.000977975432332819
1788133609.860328,17880,2,Loss/l_ce,0.020011186599731445
1788133609.8606653,17880,2,Loss/l_total,0.020011186599731445
1788133609.860689,17880,2,LR,0.000977975432332819
1788133626.7872124,17920,2,Loss/l_ce,0.0673065185546875
1788133626.7875922,17920,2,Loss/l_total,0.0673065185546875
1788133626.7876267,17920,2,LR,0.000977975432332819
1788133643.9655526,17960,2,Loss/l_ce,0.06439518928527832
1788133643.9658577,17960,2,Loss/l_total,0.06439518928527832
1788133643.9658825,17960,2,LR,0.000977975432332819
1788133660.5964327,18000,2,Loss/l_ce,0.0535731315612793
1788133660.5966532,18000,2,Loss/l_total,0.0535731315612793
1788133660.596677,18000,2,LR,0.000977975432332819
1788133677.3551629,18040,2,Loss/l_ce,0.032987117767333984
1788133677.3554502,18040,2,Loss/l_total,0.032987117767333984
1788133677.3554752,18040,2,LR,0.000977975432332819
1788133694.2828357,18080,2,Loss/l_ce,0.041635751724243164
1788133694.2831326,18080,2,Loss/l_total,0.041635751724243164
1788133694.2831624,18080,2,LR,0.000977975432332819
1788133710.6159258,18120,2,Loss/l_ce,0.035349369049072266
1788133710.616238,18120,2,Loss/l_total,0.035349369049072266
1788133710.6162653,18120,2,LR,0.000977975432332819
1788133727.2569904,18160,2,Loss/l_ce,0.02811121940612793
1788133727.2572815,18160,2,Loss/l_total,0.02811121940612793
1788133727.25731,18160,2,LR,0.000977975432332819
1788133744.0321758,18200,2,Loss/l_ce,0.02115941047668457
1788133744.0324788,18200,2,Loss/l_total,0.02115941047668457
1788133744.0325093,18200,2,LR,0.000977975432332819
1788133760.9752307,18240,2,Loss/l_ce,0.05598878860473633
1788133760.9754775,18240,2,Loss/l_total,0.05598878860473633
1788133760.9755108,18240,2,LR,0.000977975432332819
1788133777.671897,18280,2,Loss/l_ce,0.03970956802368164
1788133777.6722007,18280,2,Loss/l_total,0.03970956802368164
1788133777.6722257,18280,2,LR,0.000977975432332819
1788133794.3842733,18320,2,Loss/l_ce,0.031110286712646484
1788133794.3846128,18320,2,Loss/l_total,0.031110286712646484
1788133794.3846521,18320,2,LR,0.000977975432332819
1788133810.8260164,18360,2,Loss/l_ce,0.030307769775390625
1788133810.8263195,18360,2,Loss/l_total,0.030307769775390625
1788133810.8263443,18360,2,LR,0.000977975432332819
1788133828.0373611,18400,2,Loss/l_ce,0.02425861358642578
1788133828.037613,18400,2,Loss/l_total,0.02425861358642578
1788133828.0376365,18400,2,LR,0.000977975432332819
1788133844.779001,18440,2,Loss/l_ce,0.04201197624206543
1788133844.7793407,18440,2,Loss/l_total,0.04201197624206543
1788133844.7793646,18440,2,LR,0.000977975432332819
1788133861.9522197,18480,2,Loss/l_ce,0.03716301918029785
1788133861.952433,18480,2,Loss/l_total,0.03716301918029785
1788133861.9524581,18480,2,LR,0.000977975432332819
1788133878.5863583,18520,2,Loss/l_ce,0.0036313533782958984
1788133878.586622,18520,2,Loss/l_total,0.0036313533782958984
1788133878.5866494,18520,2,LR,0.000977975432332819
1788133895.7271411,18560,2,Loss/l_ce,0.2238600254058838
1788133895.727356,18560,2,Loss/l_total,0.2238600254058838
1788133895.7273786,18560,2,LR,0.000977975432332819
1788133912.1937847,18600,2,Loss/l_ce,0.030371427536010742
1788133912.194117,18600,2,Loss/l_total,0.030371427536010742
1788133912.1941469,18600,2,LR,0.000977975432332819
1788133929.0660217,18640,2,Loss/l_ce,0.019260406494140625
1788133929.0663967,18640,2,Loss/l_total,0.019260406494140625
1788133929.0664394,18640,2,LR,0.000977975432332819
1788133946.0280476,18680,2,Loss/l_ce,0.02547907829284668
1788133946.028214,18680,2,Loss/l_total,0.02547907829284668
1788133946.0282378,18680,2,LR,0.000977975432332819
1788133962.248095,18720,2,Loss/l_ce,0.05582690238952637
1788133962.248266,18720,2,Loss/l_total,0.05582690238952637
1788133962.2482884,18720,2,LR,0.000977975432332819
1788133978.6933012,18760,2,Loss/l_ce,0.024958133697509766
1788133978.693485,18760,2,Loss/l_total,0.024958133697509766
1788133978.6935136,18760,2,LR,0.000977975432332819
1788133995.2058282,18800,2,Loss/l_ce,0.03268122673034668
1788133995.2060287,18800,2,Loss/l_total,0.03268122673034668
1788133995.2060869,18800,2,LR,0.000977975432332819
1788134011.9404433,18840,2,Loss/l_ce,0.2128772735595703
1788134011.940713,18840,2,Loss/l_total,0.2128772735595703
1788134011.9407427,18840,2,LR,0.000977975432332819
1788134028.8725264,18880,2,Loss/l_ce,0.024890422821044922
1788134028.8727887,18880,2,Loss/l_total,0.024890422821044922
1788134028.8728194,18880,2,LR,0.000977975432332819
1788134045.946688,18920,2,Loss/l_ce,0.0686335563659668
1788134045.9469585,18920,2,Loss/l_total,0.0686335563659668
1788134045.9469883,18920,2,LR,0.000977975432332819
1788134063.4708288,18960,2,Loss/l_ce,0.020931482315063477
1788134063.4709902,18960,2,Loss/l_total,0.020931482315063477
1788134063.4710126,18960,2,LR,0.000977975432332819
1788134080.4031706,19000,2,Loss/l_ce,0.041719913482666016
1788134080.4033911,19000,2,Loss/l_total,0.041719913482666016
1788134080.4034173,19000,2,LR,0.000977975432332819
1788134096.973919,19040,2,Loss/l_ce,0.04073071479797363
1788134096.9742017,19040,2,Loss/l_total,0.04073071479797363
1788134096.9742384,19040,2,LR,0.000977975432332819
1788134113.6214252,19080,2,Loss/l_ce,0.02380228042602539
1788134113.6217825,19080,2,Loss/l_total,0.02380228042602539
1788134113.621836,19080,2,LR,0.000977975432332819
1788134129.7547958,19120,2,Loss/l_ce,0.12899470329284668
1788134129.755114,19120,2,Loss/l_total,0.12899470329284668
1788134129.7551389,19120,2,LR,0.000977975432332819
1788134146.2365236,19160,2,Loss/l_ce,0.03130912780761719
1788134146.236711,19160,2,Loss/l_total,0.03130912780761719
1788134146.2367346,19160,2,LR,0.000977975432332819
1788134162.958694,19200,2,Loss/l_ce,0.08332109451293945
1788134162.95891,19200,2,Loss/l_total,0.08332109451293945
1788134162.958935,19200,2,LR,0.000977975432332819
1788134179.1123185,19240,2,Loss/l_ce,0.08532094955444336
1788134179.1125393,19240,2,Loss/l_total,0.08532094955444336
1788134179.1125643,19240,2,LR,0.000977975432332819
1788134195.6447215,19280,2,Loss/l_ce,0.11431336402893066
1788134195.6450229,19280,2,Loss/l_total,0.11431336402893066
1788134195.645079,19280,2,LR,0.000977975432332819
1788134211.838986,19320,2,Loss/l_ce,0.08841848373413086
1788134211.8392365,19320,2,Loss/l_total,0.08841848373413086
1788134211.8392627,19320,2,LR,0.000977975432332819
1788134228.5245392,19360,2,Loss/l_ce,0.060556888580322266
1788134228.5247293,19360,2,Loss/l_total,0.060556888580322266
1788134228.524752,19360,2,LR,0.000977975432332819
1788134245.024998,19400,2,Loss/l_ce,0.1361556053161621
1788134245.0253577,19400,2,Loss/l_total,0.1361556053161621
1788134245.0254087,19400,2,LR,0.000977975432332819
1788134261.2234051,19440,2,Loss/l_ce,0.06754755973815918
1788134261.2236319,19440,2,Loss/l_total,0.06754755973815918
1788134261.223658,19440,2,LR,0.000977975432332819
1788134277.9260557,19480,2,Loss/l_ce,0.03719019889831543
1788134277.9263275,19480,2,Loss/l_total,0.03719019889831543
1788134277.9263582,19480,2,LR,0.000977975432332819
1788134294.3944159,19520,2,Loss/l_ce,0.18744897842407227
1788134294.394639,19520,2,Loss/l_total,0.18744897842407227
1788134294.3946652,19520,2,LR,0.000977975432332819
1788134311.2954788,19560,2,Loss/l_ce,0.1494293212890625
1788134311.2956674,19560,2,Loss/l_total,0.1494293212890625
1788134311.29569,19560,2,LR,0.000977975432332819
1788134328.0226684,19600,2,Loss/l_ce,0.07699370384216309
1788134328.0230076,19600,2,Loss/l_total,0.07699370384216309
1788134328.023078,19600,2,LR,0.000977975432332819
1788134344.6086705,19640,2,Loss/l_ce,0.06324076652526855
1788134344.608966,19640,2,Loss/l_total,0.06324076652526855
1788134344.6089923,19640,2,LR,0.000977975432332819
1788134361.2515752,19680,2,Loss/l_ce,0.19048190116882324
1788134361.2518733,19680,2,Loss/l_total,0.19048190116882324
1788134361.251897,19680,2,LR,0.000977975432332819
1788134377.399601,19720,2,Loss/l_ce,0.23004889488220215
1788134377.3999763,19720,2,Loss/l_total,0.23004889488220215
1788134377.40002,19720,2,LR,0.000977975432332819
1788134393.910894,19760,2,Loss/l_ce,0.02891993522644043
1788134393.911103,19760,2,Loss/l_total,0.02891993522644043
1788134393.9111302,19760,2,LR,0.000977975432332819
1788134410.186724,19800,2,Loss/l_ce,0.05480360984802246
1788134410.1869779,19800,2,Loss/l_total,0.05480360984802246
1788134410.1870027,19800,2,LR,0.000977975432332819
1788134427.7017467,19840,2,Loss/l_ce,0.01246023178100586
1788134427.7019627,19840,2,Loss/l_total,0.01246023178100586
1788134427.7019877,19840,2,LR,0.000977975432332819
1788134447.4953914,19880,2,Loss/l_ce,0.05123615264892578
1788134447.4956493,19880,2,Loss/l_total,0.05123615264892578
1788134447.4956741,19880,2,LR,0.000977975432332819
1788134465.356129,19920,2,Loss/l_ce,0.08520793914794922
1788134465.3563,19920,2,Loss/l_total,0.08520793914794922
1788134465.3563392,19920,2,LR,0.000977975432332819
1788134481.331973,19960,2,Loss/l_ce,0.025015830993652344
1788134481.3321702,19960,2,Loss/l_total,0.025015830993652344
1788134481.3321953,19960,2,LR,0.000977975432332819
1788134498.3886707,20000,2,Loss/l_ce,0.043030738830566406
1788134498.3889759,20000,2,Loss/l_total,0.043030738830566406
1788134498.389003,20000,2,LR,0.000977975432332819
1788134515.4557273,20040,2,Loss/l_ce,0.025710105895996094
1788134515.4559493,20040,2,Loss/l_total,0.025710105895996094
1788134515.455974,20040,2,LR,0.000977975432332819
1788134531.901229,20080,2,Loss/l_ce,0.09821772575378418
1788134531.9014947,20080,2,Loss/l_total,0.09821772575378418
1788134531.9015281,20080,2,LR,0.000977975432332819
1788134548.9584012,20120,2,Loss/l_ce,0.02978515625
1788134548.958583,20120,2,Loss/l_total,0.02978515625
1788134548.9586065,20120,2,LR,0.000977975432332819
1788134565.573901,20160,2,Loss/l_ce,0.10979390144348145
1788134565.5741253,20160,2,Loss/l_total,0.10979390144348145
1788134565.5741503,20160,2,LR,0.000977975432332819
1788134582.3998752,20200,2,Loss/l_ce,0.021078109741210938
1788134582.4000957,20200,2,Loss/l_total,0.021078109741210938
1788134582.4001243,20200,2,LR,0.000977975432332819
1788134599.7059853,20240,2,Loss/l_ce,0.07427144050598145
1788134599.706204,20240,2,Loss/l_total,0.07427144050598145
1788134599.7062323,20240,2,LR,0.000977975432332819
1788134616.569245,20280,2,Loss/l_ce,0.03233456611633301
1788134616.569466,20280,2,Loss/l_total,0.03233456611633301
1788134616.569491,20280,2,LR,0.000977975432332819
1788134633.462374,20320,2,Loss/l_ce,0.14233875274658203
1788134633.4625888,20320,2,Loss/l_total,0.14233875274658203
1788134633.4628928,20320,2,LR,0.000977975432332819
1788134650.1284487,20360,2,Loss/l_ce,0.13438177108764648
1788134650.128639,20360,2,Loss/l_total,0.13438177108764648
1788134650.1286614,20360,2,LR,0.000977975432332819
1788134666.8028753,20400,2,Loss/l_ce,0.021441221237182617
1788134666.8031712,20400,2,Loss/l_total,0.021441221237182617
1788134666.803198,20400,2,LR,0.000977975432332819
1788134683.444802,20440,2,Loss/l_ce,0.02434563636779785
1788134683.4450774,20440,2,Loss/l_total,0.02434563636779785
1788134683.4451025,20440,2,LR,0.000977975432332819
1788134700.213229,20480,2,Loss/l_ce,0.004738807678222656
1788134700.2133906,20480,2,Loss/l_total,0.004738807678222656
1788134700.2134132,20480,2,LR,0.000977975432332819
1788134717.3842087,20520,2,Loss/l_ce,0.035565853118896484
1788134717.3843796,20520,2,Loss/l_total,0.035565853118896484
1788134717.3844047,20520,2,LR,0.000977975432332819
1788134734.301252,20560,2,Loss/l_ce,0.032324790954589844
1788134734.3014562,20560,2,Loss/l_total,0.032324790954589844
1788134734.30148,20560,2,LR,0.000977975432332819
1788134753.1837738,20600,2,Loss/l_ce,0.06727981567382812
1788134753.1841228,20600,2,Loss/l_total,0.06727981567382812
1788134753.1841702,20600,2,LR,0.000977975432332819
1788134770.5251055,20640,2,Loss/l_ce,0.11525797843933105
1788134770.5253403,20640,2,Loss/l_total,0.11525797843933105
1788134770.5253642,20640,2,LR,0.000977975432332819
1788134787.4245198,20680,2,Loss/l_ce,0.06960058212280273
1788134787.4248402,20680,2,Loss/l_total,0.06960058212280273
1788134787.4248662,20680,2,LR,0.000977975432332819
1788134804.5159278,20720,2,Loss/l_ce,0.03912949562072754
1788134804.5162604,20720,2,Loss/l_total,0.03912949562072754
1788134804.5162864,20720,2,LR,0.000977975432332819
1788134820.8764193,20760,2,Loss/l_ce,0.05953526496887207
1788134820.876722,20760,2,Loss/l_total,0.05953526496887207
1788134820.876747,20760,2,LR,0.000977975432332819
1788134837.3172195,20800,2,Loss/l_ce,0.028102397918701172
1788134837.317704,20800,2,Loss/l_total,0.028102397918701172
1788134837.3177347,20800,2,LR,0.000977975432332819
1788134853.9943554,20840,2,Loss/l_ce,0.029270172119140625
1788134853.9946404,20840,2,Loss/l_total,0.029270172119140625
1788134853.994669,20840,2,LR,0.000977975432332819
1788134870.1786358,20880,2,Loss/l_ce,0.13873553276062012
1788134870.178822,20880,2,Loss/l_total,0.13873553276062012
1788134870.178846,20880,2,LR,0.000977975432332819
1788134887.0157657,20920,2,Loss/l_ce,0.16293573379516602
1788134887.0161302,20920,2,Loss/l_total,0.16293573379516602
1788134887.0161564,20920,2,LR,0.000977975432332819
1788134904.0205064,20960,2,Loss/l_ce,0.06450033187866211
1788134904.020732,20960,2,Loss/l_total,0.06450033187866211
1788134904.0207567,20960,2,LR,0.000977975432332819
1788134920.3430648,21000,2,Loss/l_ce,0.019762039184570312
1788134920.3433,21000,2,Loss/l_total,0.019762039184570312
1788134920.3433392,21000,2,LR,0.000977975432332819
1788134936.7716727,21040,2,Loss/l_ce,0.031702280044555664
1788134936.7718544,21040,2,Loss/l_total,0.031702280044555664
1788134936.7718794,21040,2,LR,0.000977975432332819
1788134953.1327543,21080,2,Loss/l_ce,0.05498552322387695
1788134953.1333966,21080,2,Loss/l_total,0.05498552322387695
1788134953.1334324,21080,2,LR,0.000977975432332819
1788134969.7896576,21120,2,Loss/l_ce,0.04859519004821777
1788134969.789976,21120,2,Loss/l_total,0.04859519004821777
1788134969.7899983,21120,2,LR,0.000977975432332819
1788134986.241115,21160,2,Loss/l_ce,0.02639937400817871
1788134986.2414155,21160,2,Loss/l_total,0.02639937400817871
1788134986.2414403,21160,2,LR,0.000977975432332819
1788135002.7016683,21200,2,Loss/l_ce,0.025138139724731445
1788135002.701946,21200,2,Loss/l_total,0.025138139724731445
1788135002.7019699,21200,2,LR,0.000977975432332819
1788135019.5611207,21240,2,Loss/l_ce,0.023767471313476562
1788135019.5614188,21240,2,Loss/l_total,0.023767471313476562
1788135019.5614436,21240,2,LR,0.000977975432332819
1788135036.5460584,21280,2,Loss/l_ce,0.026359081268310547
1788135036.5462995,21280,2,Loss/l_total,0.026359081268310547
1788135036.5463245,21280,2,LR,0.000977975432332819
1788135053.4215453,21320,2,Loss/l_ce,0.21593809127807617
1788135053.4218385,21320,2,Loss/l_total,0.21593809127807617
1788135053.421866,21320,2,LR,0.000977975432332819
1788135070.2005217,21360,2,Loss/l_ce,0.1441652774810791
1788135070.200752,21360,2,Loss/l_total,0.1441652774810791
1788135070.2007854,21360,2,LR,0.000977975432332819
1788135087.5710764,21400,2,Loss/l_ce,0.08857989311218262
1788135087.5712996,21400,2,Loss/l_total,0.08857989311218262
1788135087.5713234,21400,2,LR,0.000977975432332819
1788135104.4745574,21440,2,Loss/l_ce,0.03519868850708008
1788135104.474879,21440,2,Loss/l_total,0.03519868850708008
1788135104.474905,21440,2,LR,0.000977975432332819
1788135121.8476896,21480,2,Loss/l_ce,0.02872920036315918
1788135121.8479128,21480,2,Loss/l_total,0.02872920036315918
1788135121.8479342,21480,2,LR,0.000977975432332819
1788135138.5249965,21520,2,Loss/l_ce,0.055788516998291016
1788135138.5252984,21520,2,Loss/l_total,0.055788516998291016
1788135138.525322,21520,2,LR,0.000977975432332819
1788135154.8034472,21560,2,Loss/l_ce,0.04152083396911621
1788135154.8037348,21560,2,Loss/l_total,0.04152083396911621
1788135154.803762,21560,2,LR,0.000977975432332819
1788135171.4678214,21600,2,Loss/l_ce,0.0713350772857666
1788135171.467991,21600,2,Loss/l_total,0.0713350772857666
1788135171.468017,21600,2,LR,0.000977975432332819
1788135188.403673,21640,2,Loss/l_ce,0.02559638023376465
1788135188.4038935,21640,2,Loss/l_total,0.02559638023376465
1788135188.4039161,21640,2,LR,0.000977975432332819
1788135204.0864515,21680,2,Loss/l_ce,0.03728938102722168
1788135204.086754,21680,2,Loss/l_total,0.03728938102722168
1788135204.0867908,21680,2,LR,0.000977975432332819
1788135219.7422013,21720,2,Loss/l_ce,0.05172467231750488
1788135219.742434,21720,2,Loss/l_total,0.05172467231750488
1788135219.7424612,21720,2,LR,0.000977975432332819
1788135235.8060162,21760,2,Loss/l_ce,0.04647064208984375
1788135235.8063188,21760,2,Loss/l_total,0.04647064208984375
1788135235.806344,21760,2,LR,0.000977975432332819
1788135251.5753343,21800,2,Loss/l_ce,0.16501712799072266
1788135251.5755992,21800,2,Loss/l_total,0.16501712799072266
1788135251.575636,21800,2,LR,0.000977975432332819
1788135267.2215705,21840,2,Loss/l_ce,0.25481462478637695
1788135267.2217844,21840,2,Loss/l_total,0.25481462478637695
1788135267.221808,21840,2,LR,0.000977975432332819
1788135282.4505222,21880,2,Loss/l_ce,0.11406755447387695
1788135282.450686,21880,2,Loss/l_total,0.11406755447387695
1788135282.4507108,21880,2,LR,0.000977975432332819
1788135297.601295,21920,2,Loss/l_ce,0.025220394134521484
1788135297.6014802,21920,2,Loss/l_total,0.025220394134521484
1788135297.6015053,21920,2,LR,0.000977975432332819
1788135312.8485951,21960,2,Loss/l_ce,0.025388002395629883
1788135312.848772,21960,2,Loss/l_total,0.025388002395629883
1788135312.8487947,21960,2,LR,0.000977975432332819
1788135327.784826,22000,2,Loss/l_ce,0.05208992958068848
1788135327.78501,22000,2,Loss/l_total,0.05208992958068848
1788135327.7850623,22000,2,LR,0.000977975432332819
1788135342.9171793,22040,2,Loss/l_ce,0.06916356086730957
1788135342.9173517,22040,2,Loss/l_total,0.06916356086730957
1788135342.9173765,22040,2,LR,0.000977975432332819
1788135358.4139824,22080,2,Loss/l_ce,0.024642467498779297
1788135358.41417,22080,2,Loss/l_total,0.024642467498779297
1788135358.4141927,22080,2,LR,0.000977975432332819
1788135373.7199907,22120,2,Loss/l_ce,0.057549476623535156
1788135373.720201,22120,2,Loss/l_total,0.057549476623535156
1788135373.720227,22120,2,LR,0.000977975432332819
1788135389.0716352,22160,2,Loss/l_ce,0.021506786346435547
1788135389.0718071,22160,2,Loss/l_total,0.021506786346435547
1788135389.0718324,22160,2,LR,0.000977975432332819
1788135404.5708768,22200,2,Loss/l_ce,0.060506582260131836
1788135404.5711155,22200,2,Loss/l_total,0.060506582260131836
1788135404.5711417,22200,2,LR,0.000977975432332819
1788135419.8910236,22240,2,Loss/l_ce,0.2136228084564209
1788135419.8913429,22240,2,Loss/l_total,0.2136228084564209
1788135419.8913653,22240,2,LR,0.000977975432332819
1788135435.4543257,22280,2,Loss/l_ce,0.07017111778259277
1788135435.4546642,22280,2,Loss/l_total,0.07017111778259277
1788135435.4546902,22280,2,LR,0.000977975432332819
1788135451.057747,22320,2,Loss/l_ce,0.016629457473754883
1788135451.058109,22320,2,Loss/l_total,0.016629457473754883
1788135451.0581434,22320,2,LR,0.000977975432332819
1788135466.7075508,22360,2,Loss/l_ce,0.09502387046813965
1788135466.7078547,22360,2,Loss/l_total,0.09502387046813965
1788135466.7078798,22360,2,LR,0.000977975432332819
1788135482.411468,22400,2,Loss/l_ce,0.019165515899658203
1788135482.41167,22400,2,Loss/l_total,0.019165515899658203
1788135482.4116926,22400,2,LR,0.000977975432332819
1788135497.5371296,22440,2,Loss/l_ce,0.0752420425415039
1788135497.537378,22440,2,Loss/l_total,0.0752420425415039
1788135497.5374017,22440,2,LR,0.000977975432332819
1788135512.8496244,22480,2,Loss/l_ce,0.03412652015686035
1788135512.8497882,22480,2,Loss/l_total,0.03412652015686035
1788135512.8498106,22480,2,LR,0.000977975432332819
1788135528.4852414,22520,2,Loss/l_ce,0.12199926376342773
1788135528.485467,22520,2,Loss/l_total,0.12199926376342773
1788135528.4854953,22520,2,LR,0.000977975432332819
1788135544.2469385,22560,2,Loss/l_ce,0.05110764503479004
1788135544.2471566,22560,2,Loss/l_total,0.05110764503479004
1788135544.247182,22560,2,LR,0.000977975432332819
1788135559.886592,22600,2,Loss/l_ce,0.03628826141357422
1788135559.8869102,22600,2,Loss/l_total,0.03628826141357422
1788135559.8869493,22600,2,LR,0.000977975432332819
1788135576.110337,22640,2,Loss/l_ce,0.03356027603149414
1788135576.1107442,22640,2,Loss/l_total,0.03356027603149414
1788135576.1107776,22640,2,LR,0.000977975432332819
1788135591.8640661,22680,2,Loss/l_ce,0.036683082580566406
1788135591.864306,22680,2,Loss/l_total,0.036683082580566406
1788135591.8643343,22680,2,LR,0.000977975432332819
1788135607.2512748,22720,2,Loss/l_ce,0.10926485061645508
1788135607.2514467,22720,2,Loss/l_total,0.10926485061645508
1788135607.2514706,22720,2,LR,0.000977975432332819
1788135622.442456,22760,2,Loss/l_ce,0.026996135711669922
1788135622.442658,22760,2,Loss/l_total,0.026996135711669922
1788135622.442683,22760,2,LR,0.000977975432332819
1788135637.5939698,22800,2,Loss/l_ce,0.03325462341308594
1788135637.5941896,22800,2,Loss/l_total,0.03325462341308594
1788135637.594217,22800,2,LR,0.000977975432332819
1788135652.9922788,22840,2,Loss/l_ce,0.05392050743103027
1788135652.9924521,22840,2,Loss/l_total,0.05392050743103027
1788135652.992477,22840,2,LR,0.000977975432332819
1788135668.7869446,22880,2,Loss/l_ce,0.021925687789916992
1788135668.7871642,22880,2,Loss/l_total,0.021925687789916992
1788135668.787188,22880,2,LR,0.000977975432332819
1788135684.245118,22920,2,Loss/l_ce,0.05511808395385742
1788135684.2453246,22920,2,Loss/l_total,0.05511808395385742
1788135684.2453494,22920,2,LR,0.000977975432332819
1788135699.6092837,22960,2,Loss/l_ce,0.029402971267700195
1788135699.6097157,22960,2,Loss/l_total,0.029402971267700195
1788135699.609744,22960,2,LR,0.000977975432332819
1788135714.8411121,23000,2,Loss/l_ce,0.027536630630493164
1788135714.8413246,23000,2,Loss/l_total,0.027536630630493164
1788135714.8413482,23000,2,LR,0.000977975432332819
1788135730.0986655,23040,2,Loss/l_ce,0.09833621978759766
1788135730.0989707,23040,2,Loss/l_total,0.09833621978759766
1788135730.099017,23040,2,LR,0.000977975432332819
1788135745.7153335,23080,2,Loss/l_ce,0.018596410751342773
1788135745.7155304,23080,2,Loss/l_total,0.018596410751342773
1788135745.715553,23080,2,LR,0.000977975432332819
1788135761.1155665,23120,2,Loss/l_ce,0.04615211486816406
1788135761.1157541,23120,2,Loss/l_total,0.04615211486816406
1788135761.1157792,23120,2,LR,0.000977975432332819
1788135776.4542873,23160,2,Loss/l_ce,0.03675436973571777
1788135776.4544797,23160,2,Loss/l_total,0.03675436973571777
1788135776.4545045,23160,2,LR,0.000977975432332819
1788135791.9928477,23200,2,Loss/l_ce,0.051428794860839844
1788135791.9930992,23200,2,Loss/l_total,0.051428794860839844
1788135791.9931312,23200,2,LR,0.000977975432332819
1788135807.8023844,23240,2,Loss/l_ce,0.02005481719970703
1788135807.8026612,23240,2,Loss/l_total,0.02005481719970703
1788135807.802686,23240,2,LR,0.000977975432332819
1788135823.3433597,23280,2,Loss/l_ce,0.0847785472869873
1788135823.343533,23280,2,Loss/l_total,0.0847785472869873
1788135823.3435593,23280,2,LR,0.000977975432332819
1788135838.4913094,23320,2,Loss/l_ce,0.030778884887695312
1788135838.4916406,23320,2,Loss/l_total,0.030778884887695312
1788135838.491681,23320,2,LR,0.000977975432332819
1788135853.7747755,23360,2,Loss/l_ce,0.022534608840942383
1788135853.7751045,23360,2,Loss/l_total,0.022534608840942383
1788135853.775133,23360,2,LR,0.000977975432332819
1788135869.3527946,23400,2,Loss/l_ce,0.02428293228149414
1788135869.353077,23400,2,Loss/l_total,0.02428293228149414
1788135869.3531032,23400,2,LR,0.000977975432332819
1788135884.9591103,23440,2,Loss/l_ce,0.02246236801147461
1788135884.9592838,23440,2,Loss/l_total,0.02246236801147461
1788135884.9593086,23440,2,LR,0.000977975432332819
1788135900.3850117,23480,2,Loss/l_ce,0.021806955337524414
1788135900.385261,23480,2,Loss/l_total,0.021806955337524414
1788135900.3852882,23480,2,LR,0.000977975432332819
1788135915.5680885,23520,2,Loss/l_ce,0.03457355499267578
1788135915.568255,23520,2,Loss/l_total,0.03457355499267578
1788135915.5682797,23520,2,LR,0.000977975432332819
1788135930.5860176,23560,2,Loss/l_ce,0.026540517807006836
1788135930.5862145,23560,2,Loss/l_total,0.026540517807006836
1788135930.586236,23560,2,LR,0.000977975432332819
1788135946.0173626,23600,2,Loss/l_ce,0.05134439468383789
1788135946.0175266,23600,2,Loss/l_total,0.05134439468383789
1788135946.0175502,23600,2,LR,0.000977975432332819
1788135961.1173124,23640,2,Loss/l_ce,0.034610748291015625
1788135961.117526,23640,2,Loss/l_total,0.034610748291015625
1788135961.117552,23640,2,LR,0.000977975432332819
1788135976.0574641,23680,2,Loss/l_ce,0.20637965202331543
1788135976.0577621,23680,2,Loss/l_total,0.20637965202331543
1788135976.0577881,23680,2,LR,0.000977975432332819
1788135991.3937922,23720,2,Loss/l_ce,0.02359938621520996
1788135991.3940892,23720,2,Loss/l_total,0.02359938621520996
1788135991.3941164,23720,2,LR,0.000977975432332819
1788136006.8921854,23760,2,Loss/l_ce,0.024643898010253906
1788136006.8925653,23760,2,Loss/l_total,0.024643898010253906
1788136006.892608,23760,2,LR,0.000977975432332819
1788136022.5037134,23800,2,Loss/l_ce,0.2410595417022705
1788136022.5041013,23800,2,Loss/l_total,0.2410595417022705
1788136022.5041287,23800,2,LR,0.000977975432332819
1788136038.3746355,23840,2,Loss/l_ce,0.056595802307128906
1788136038.3748965,23840,2,Loss/l_total,0.056595802307128906
1788136038.374924,23840,2,LR,0.000977975432332819
1788136053.9155133,23880,2,Loss/l_ce,0.04500555992126465
1788136053.915733,23880,2,Loss/l_total,0.04500555992126465
1788136053.915759,23880,2,LR,0.000977975432332819
1788136069.1415882,23920,2,Loss/l_ce,0.0447998046875
1788136069.1419432,23920,2,Loss/l_total,0.0447998046875
1788136069.141967,23920,2,LR,0.000977975432332819
1788136084.4825447,23960,2,Loss/l_ce,0.021232128143310547
1788136084.482781,23960,2,Loss/l_total,0.021232128143310547
1788136084.482807,23960,2,LR,0.000977975432332819
1788136099.983279,24000,2,Loss/l_ce,0.05162835121154785
1788136099.9835532,24000,2,Loss/l_total,0.05162835121154785
1788136099.9835782,24000,2,LR,0.000977975432332819
1788136115.2547867,24040,2,Loss/l_ce,0.18454432487487793
1788136115.2550862,24040,2,Loss/l_total,0.18454432487487793
1788136115.2551134,24040,2,LR,0.000977975432332819
1788136130.6773403,24080,2,Loss/l_ce,0.28419065475463867
1788136130.6777403,24080,2,Loss/l_total,0.28419065475463867
1788136130.6777651,24080,2,LR,0.000977975432332819
1788136146.1360264,24120,2,Loss/l_ce,0.046109676361083984
1788136146.1363018,24120,2,Loss/l_total,0.046109676361083984
1788136146.1363351,24120,2,LR,0.000977975432332819
1788136161.4330566,24160,2,Loss/l_ce,0.072784423828125
1788136161.4334033,24160,2,Loss/l_total,0.072784423828125
1788136161.4334304,24160,2,LR,0.000977975432332819
1788136176.823636,24200,2,Loss/l_ce,0.1455059051513672
1788136176.823979,24200,2,Loss/l_total,0.1455059051513672
1788136176.8240123,24200,2,LR,0.000977975432332819
1788136192.313433,24240,2,Loss/l_ce,0.05080723762512207
1788136192.313726,24240,2,Loss/l_total,0.05080723762512207
1788136192.313751,24240,2,LR,0.000977975432332819
1788136208.0299082,24280,2,Loss/l_ce,0.05446147918701172
1788136208.0303,24280,2,Loss/l_total,0.05446147918701172
1788136208.0303261,24280,2,LR,0.000977975432332819
1788136223.331862,24320,2,Loss/l_ce,0.021094322204589844
1788136223.332192,24320,2,Loss/l_total,0.021094322204589844
1788136223.3322313,24320,2,LR,0.000977975432332819
1788136238.820798,24360,2,Loss/l_ce,0.07123565673828125
1788136238.8211875,24360,2,Loss/l_total,0.07123565673828125
1788136238.8212147,24360,2,LR,0.000977975432332819
1788136254.668206,24400,2,Loss/l_ce,0.08495712280273438
1788136254.668409,24400,2,Loss/l_total,0.08495712280273438
1788136254.668435,24400,2,LR,0.000977975432332819
1788136270.1616337,24440,2,Loss/l_ce,0.06086874008178711
1788136270.161807,24440,2,Loss/l_total,0.06086874008178711
1788136270.1618319,24440,2,LR,0.000977975432332819
1788136285.855249,24480,2,Loss/l_ce,0.043181419372558594
1788136285.8554366,24480,2,Loss/l_total,0.043181419372558594
1788136285.855459,24480,2,LR,0.000977975432332819
1788136301.3419018,24520,2,Loss/l_ce,0.04774951934814453
1788136301.3421001,24520,2,Loss/l_total,0.04774951934814453
1788136301.3421228,24520,2,LR,0.000977975432332819
1788136317.260354,24560,2,Loss/l_ce,0.02709817886352539
1788136317.260512,24560,2,Loss/l_total,0.02709817886352539
1788136317.2605357,24560,2,LR,0.000977975432332819
1788136332.5132213,24600,2,Loss/l_ce,0.04855942726135254
1788136332.5134068,24600,2,Loss/l_total,0.04855942726135254
1788136332.5134304,24600,2,LR,0.000977975432332819
1788136347.8459475,24640,2,Loss/l_ce,0.030637025833129883
1788136347.8461719,24640,2,Loss/l_total,0.030637025833129883
1788136347.8462017,24640,2,LR,0.000977975432332819
1788136363.1681244,24680,2,Loss/l_ce,0.01941680908203125
1788136363.1683571,24680,2,Loss/l_total,0.01941680908203125
1788136363.1683831,24680,2,LR,0.000977975432332819
1788136378.5989046,24720,2,Loss/l_ce,0.09072160720825195
1788136378.5991597,24720,2,Loss/l_total,0.09072160720825195
1788136378.5991848,24720,2,LR,0.000977975432332819
1788136394.2590725,24760,2,Loss/l_ce,0.04096674919128418
1788136394.2594395,24760,2,Loss/l_total,0.04096674919128418
1788136394.2594628,24760,2,LR,0.000977975432332819
1788136409.8149188,24800,2,Loss/l_ce,0.06331086158752441
1788136409.815112,24800,2,Loss/l_total,0.06331086158752441
1788136409.815137,24800,2,LR,0.000977975432332819
1788136425.6517987,24840,2,Loss/l_ce,0.043623924255371094
1788136425.651966,24840,2,Loss/l_total,0.043623924255371094
1788136425.65199,24840,2,LR,0.000977975432332819
1788136440.8719397,24880,2,Loss/l_ce,0.05441713333129883
1788136440.8721817,24880,2,Loss/l_total,0.05441713333129883
1788136440.8722115,24880,2,LR,0.000977975432332819
1788136456.384415,24920,2,Loss/l_ce,0.12436318397521973
1788136456.384585,24920,2,Loss/l_total,0.12436318397521973
1788136456.3846085,24920,2,LR,0.000977975432332819
1788136471.8322861,24960,2,Loss/l_ce,0.028705835342407227
1788136471.8325212,24960,2,Loss/l_total,0.028705835342407227
1788136471.8325462,24960,2,LR,0.000977975432332819
1788136487.391021,25000,2,Loss/l_ce,0.03894925117492676
1788136487.3912385,25000,2,Loss/l_total,0.03894925117492676
1788136487.3912609,25000,2,LR,0.000977975432332819
1788136502.9652634,25040,2,Loss/l_ce,0.039693355560302734
1788136502.965534,25040,2,Loss/l_total,0.039693355560302734
1788136502.96556,25040,2,LR,0.000977975432332819
1788136518.4194734,25080,2,Loss/l_ce,0.06392979621887207
1788136518.4197416,25080,2,Loss/l_total,0.06392979621887207
1788136518.419769,25080,2,LR,0.000977975432332819
1788136533.9467888,25120,2,Loss/l_ce,0.0448451042175293
1788136533.946968,25120,2,Loss/l_total,0.0448451042175293
1788136533.9469905,25120,2,LR,0.000977975432332819
1788136549.3656127,25160,2,Loss/l_ce,0.02719879150390625
1788136549.3657932,25160,2,Loss/l_total,0.02719879150390625
1788136549.365817,25160,2,LR,0.000977975432332819
1788136565.0372393,25200,2,Loss/l_ce,0.03620409965515137
1788136565.0374234,25200,2,Loss/l_total,0.03620409965515137
1788136565.0374448,25200,2,LR,0.000977975432332819
1788136580.3014112,25240,2,Loss/l_ce,0.11412572860717773
1788136580.3016164,25240,2,Loss/l_total,0.11412572860717773
1788136580.3016388,25240,2,LR,0.000977975432332819
1788136595.63086,25280,2,Loss/l_ce,0.031447410583496094
1788136595.631245,25280,2,Loss/l_total,0.031447410583496094
1788136595.6312804,25280,2,LR,0.000977975432332819
1788136610.6938148,25320,2,Loss/l_ce,0.05209493637084961
1788136610.6940145,25320,2,Loss/l_total,0.05209493637084961
1788136610.6940606,25320,2,LR,0.000977975432332819
1788136626.0871003,25360,2,Loss/l_ce,0.026430606842041016
1788136626.087288,25360,2,Loss/l_total,0.026430606842041016
1788136626.087321,25360,2,LR,0.000977975432332819
1788136641.5924933,25400,2,Loss/l_ce,0.03347325325012207
1788136641.5927427,25400,2,Loss/l_total,0.03347325325012207
1788136641.5927677,25400,2,LR,0.000977975432332819
1788136657.177438,25440,2,Loss/l_ce,0.0763390064239502
1788136657.1776645,25440,2,Loss/l_total,0.0763390064239502
1788136657.1776896,25440,2,LR,0.000977975432332819
1788136672.7070782,25480,2,Loss/l_ce,0.08664631843566895
1788136672.7073073,25480,2,Loss/l_total,0.08664631843566895
1788136672.7073321,25480,2,LR,0.000977975432332819
1788136688.181307,25520,2,Loss/l_ce,0.17393231391906738
1788136688.181503,25520,2,Loss/l_total,0.17393231391906738
1788136688.1815305,25520,2,LR,0.000977975432332819
1788136703.7790828,25560,2,Loss/l_ce,0.0435183048248291
1788136703.7792928,25560,2,Loss/l_total,0.0435183048248291
1788136703.779319,25560,2,LR,0.000977975432332819
1788136719.1214888,25600,2,Loss/l_ce,0.04240560531616211
1788136719.121687,25600,2,Loss/l_total,0.04240560531616211
1788136719.1217122,25600,2,LR,0.000977975432332819
1788136734.6903572,25640,2,Loss/l_ce,0.04767751693725586
1788136734.6906233,25640,2,Loss/l_total,0.04767751693725586
1788136734.6906564,25640,2,LR,0.000977975432332819
1788136750.1721401,25680,2,Loss/l_ce,0.03315281867980957
1788136750.172362,25680,2,Loss/l_total,0.03315281867980957
1788136750.1723857,25680,2,LR,0.000977975432332819
1788136765.7603698,25720,2,Loss/l_ce,0.10173416137695312
1788136765.7605646,25720,2,Loss/l_total,0.10173416137695312
1788136765.7605906,25720,2,LR,0.000977975432332819
1788136781.504279,25760,2,Loss/l_ce,0.019794225692749023
1788136781.5044594,25760,2,Loss/l_total,0.019794225692749023
1788136781.5044818,25760,2,LR,0.000977975432332819
1788136797.0517128,25800,2,Loss/l_ce,0.0308229923248291
1788136797.0519147,25800,2,Loss/l_total,0.0308229923248291
1788136797.0519385,25800,2,LR,0.000977975432332819
1788136812.6076505,25840,2,Loss/l_ce,0.03531527519226074
1788136812.6078393,25840,2,Loss/l_total,0.03531527519226074
1788136812.6078644,25840,2,LR,0.000977975432332819
1788136827.8350658,25880,2,Loss/l_ce,0.12005138397216797
1788136827.8352368,25880,2,Loss/l_total,0.12005138397216797
1788136827.8352642,25880,2,LR,0.000977975432332819
1788136843.0661592,25920,2,Loss/l_ce,0.030173778533935547
1788136843.0664375,25920,2,Loss/l_total,0.030173778533935547
1788136843.06646,25920,2,LR,0.000977975432332819
1788136858.6925035,25960,2,Loss/l_ce,0.11207079887390137
1788136858.692665,25960,2,Loss/l_total,0.11207079887390137
1788136858.692689,25960,2,LR,0.000977975432332819
1788136874.2824762,26000,2,Loss/l_ce,0.02117633819580078
1788136874.2826495,26000,2,Loss/l_total,0.02117633819580078
1788136874.2826712,26000,2,LR,0.000977975432332819
1788136890.0738556,26040,2,Loss/l_ce,0.028441667556762695
1788136890.0740957,26040,2,Loss/l_total,0.028441667556762695
1788136890.0741205,26040,2,LR,0.000977975432332819
1788136905.8456378,26080,2,Loss/l_ce,0.021912097930908203
1788136905.8458338,26080,2,Loss/l_total,0.021912097930908203
1788136905.8458622,26080,2,LR,0.000977975432332819
1788136954.9762866,26106,2,Val/dense_error,0.0318976491689682
1788136954.9765906,26106,2,Val/auc,0.7234829456193573
1788136954.9766145,26106,2,Val/pck_max,0.1
1788136954.976631,26106,2,Val/pck_n,100.0
1788136963.8633418,26120,3,Loss/l_ce,0.0429685115814209
1788136963.863525,26120,3,Loss/l_total,0.0429685115814209
1788136963.8635473,26120,3,LR,0.0009509529358847653
1788136979.3894055,26160,3,Loss/l_ce,0.07120823860168457
1788136979.3896394,26160,3,Loss/l_total,0.07120823860168457
1788136979.3896644,26160,3,LR,0.0009509529358847653
1788136995.030895,26200,3,Loss/l_ce,0.1809098720550537
1788136995.0312512,26200,3,Loss/l_total,0.1809098720550537
1788136995.031281,26200,3,LR,0.0009509529358847653
1788137010.2755802,26240,3,Loss/l_ce,0.06291079521179199
1788137010.2759113,26240,3,Loss/l_total,0.06291079521179199
1788137010.2759352,26240,3,LR,0.0009509529358847653
1788137025.8727317,26280,3,Loss/l_ce,0.055474281311035156
1788137025.8730652,26280,3,Loss/l_total,0.055474281311035156
1788137025.8730998,26280,3,LR,0.0009509529358847653
1788137041.2689915,26320,3,Loss/l_ce,0.04782414436340332
1788137041.2693453,26320,3,Loss/l_total,0.04782414436340332
1788137041.2693715,26320,3,LR,0.0009509529358847653
1788137056.803585,26360,3,Loss/l_ce,0.1246190071105957
1788137056.8039067,26360,3,Loss/l_total,0.1246190071105957
1788137056.8039317,26360,3,LR,0.0009509529358847653
1788137072.1109488,26400,3,Loss/l_ce,0.0758512020111084
1788137072.1111946,26400,3,Loss/l_total,0.0758512020111084
1788137072.1112185,26400,3,LR,0.0009509529358847653
1788137087.5765517,26440,3,Loss/l_ce,0.03040623664855957
1788137087.5767558,26440,3,Loss/l_total,0.03040623664855957
1788137087.5767796,26440,3,LR,0.0009509529358847653
1788137103.2019126,26480,3,Loss/l_ce,0.04738020896911621
1788137103.2022393,26480,3,Loss/l_total,0.04738020896911621
1788137103.202264,26480,3,LR,0.0009509529358847653
1788137118.7449398,26520,3,Loss/l_ce,0.15624094009399414
1788137118.7452238,26520,3,Loss/l_total,0.15624094009399414
1788137118.7452512,26520,3,LR,0.0009509529358847653
1788137134.2902057,26560,3,Loss/l_ce,0.17389249801635742
1788137134.2905002,26560,3,Loss/l_total,0.17389249801635742
1788137134.2905262,26560,3,LR,0.0009509529358847653
1788137149.7254534,26600,3,Loss/l_ce,0.05897665023803711
1788137149.725749,26600,3,Loss/l_total,0.05897665023803711
1788137149.725782,26600,3,LR,0.0009509529358847653
1788137165.2909029,26640,3,Loss/l_ce,0.02622246742248535
1788137165.291171,26640,3,Loss/l_total,0.02622246742248535
1788137165.2912009,26640,3,LR,0.0009509529358847653
1788137180.7355669,26680,3,Loss/l_ce,0.023721933364868164
1788137180.7358634,26680,3,Loss/l_total,0.023721933364868164
1788137180.7358944,26680,3,LR,0.0009509529358847653
1788137196.1448784,26720,3,Loss/l_ce,0.027574777603149414
1788137196.14508,26720,3,Loss/l_total,0.027574777603149414
1788137196.145106,26720,3,LR,0.0009509529358847653
1788137211.295984,26760,3,Loss/l_ce,0.08608841896057129
1788137211.2963057,26760,3,Loss/l_total,0.08608841896057129
1788137211.2963355,26760,3,LR,0.0009509529358847653
1788137226.808169,26800,3,Loss/l_ce,0.03391456604003906
1788137226.8083422,26800,3,Loss/l_total,0.03391456604003906
1788137226.8083649,26800,3,LR,0.0009509529358847653
1788137242.9953306,26840,3,Loss/l_ce,0.08239984512329102
1788137242.9955657,26840,3,Loss/l_total,0.08239984512329102
1788137242.9955916,26840,3,LR,0.0009509529358847653
1788137258.6845129,26880,3,Loss/l_ce,0.08321285247802734
1788137258.6848238,26880,3,Loss/l_total,0.08321285247802734
1788137258.6848476,26880,3,LR,0.0009509529358847653
1788137274.0491564,26920,3,Loss/l_ce,0.09737420082092285
1788137274.0494962,26920,3,Loss/l_total,0.09737420082092285
1788137274.0495317,26920,3,LR,0.0009509529358847653
1788137289.652203,26960,3,Loss/l_ce,0.13015246391296387
1788137289.6525164,26960,3,Loss/l_total,0.13015246391296387
1788137289.6525412,26960,3,LR,0.0009509529358847653
1788137304.9919765,27000,3,Loss/l_ce,0.06076788902282715
1788137304.9923754,27000,3,Loss/l_total,0.06076788902282715
1788137304.992405,27000,3,LR,0.0009509529358847653
1788137320.4771361,27040,3,Loss/l_ce,0.0801692008972168
1788137320.4773464,27040,3,Loss/l_total,0.0801692008972168
1788137320.4773724,27040,3,LR,0.0009509529358847653
1788137336.145049,27080,3,Loss/l_ce,0.033664703369140625
1788137336.1452723,27080,3,Loss/l_total,0.033664703369140625
1788137336.145303,27080,3,LR,0.0009509529358847653
1788137351.6258457,27120,3,Loss/l_ce,0.022146224975585938
1788137351.626095,27120,3,Loss/l_total,0.022146224975585938
1788137351.6261234,27120,3,LR,0.0009509529358847653
1788137366.894331,27160,3,Loss/l_ce,0.025221586227416992
1788137366.8946443,27160,3,Loss/l_total,0.025221586227416992
1788137366.8946693,27160,3,LR,0.0009509529358847653
1788137382.0636477,27200,3,Loss/l_ce,0.026192188262939453
1788137382.0638342,27200,3,Loss/l_total,0.026192188262939453
1788137382.063859,27200,3,LR,0.0009509529358847653
1788137397.9332554,27240,3,Loss/l_ce,0.12362194061279297
1788137397.9334655,27240,3,Loss/l_total,0.12362194061279297
1788137397.9334917,27240,3,LR,0.0009509529358847653
1788137413.3797457,27280,3,Loss/l_ce,0.031226396560668945
1788137413.3799787,27280,3,Loss/l_total,0.031226396560668945
1788137413.3800013,27280,3,LR,0.0009509529358847653
1788137429.053247,27320,3,Loss/l_ce,0.020233869552612305
1788137429.0534954,27320,3,Loss/l_total,0.020233869552612305
1788137429.0535214,27320,3,LR,0.0009509529358847653
1788137444.7759507,27360,3,Loss/l_ce,0.024524688720703125
1788137444.776194,27360,3,Loss/l_total,0.024524688720703125
1788137444.776226,27360,3,LR,0.0009509529358847653
1788137460.2267723,27400,3,Loss/l_ce,0.04608583450317383
1788137460.2269409,27400,3,Loss/l_total,0.04608583450317383
1788137460.2269635,27400,3,LR,0.0009509529358847653
1788137475.446066,27440,3,Loss/l_ce,0.030012845993041992
1788137475.4462595,27440,3,Loss/l_total,0.030012845993041992
1788137475.4462833,27440,3,LR,0.0009509529358847653
1788137491.2156892,27480,3,Loss/l_ce,0.060577392578125
1788137491.2159004,27480,3,Loss/l_total,0.060577392578125
1788137491.2159288,27480,3,LR,0.0009509529358847653
1788137506.954161,27520,3,Loss/l_ce,0.02075481414794922
1788137506.954351,27520,3,Loss/l_total,0.02075481414794922
1788137506.9543746,27520,3,LR,0.0009509529358847653
1788137522.6129706,27560,3,Loss/l_ce,0.07336664199829102
1788137522.6132054,27560,3,Loss/l_total,0.07336664199829102
1788137522.6132307,27560,3,LR,0.0009509529358847653
1788137538.4468467,27600,3,Loss/l_ce,0.012145042419433594
1788137538.4471898,27600,3,Loss/l_total,0.012145042419433594
1788137538.4472184,27600,3,LR,0.0009509529358847653
1788137554.338221,27640,3,Loss/l_ce,0.03607368469238281
1788137554.3385334,27640,3,Loss/l_total,0.03607368469238281
1788137554.3385594,27640,3,LR,0.0009509529358847653
1788137570.8714142,27680,3,Loss/l_ce,0.03228354454040527
1788137570.8717136,27680,3,Loss/l_total,0.03228354454040527
1788137570.8717384,27680,3,LR,0.0009509529358847653
1788137586.9751275,27720,3,Loss/l_ce,0.022977352142333984
1788137586.9753768,27720,3,Loss/l_total,0.022977352142333984
1788137586.9754043,27720,3,LR,0.0009509529358847653
1788137602.3970118,27760,3,Loss/l_ce,0.038887739181518555
1788137602.3973262,27760,3,Loss/l_total,0.038887739181518555
1788137602.3973753,27760,3,LR,0.0009509529358847653
1788137617.936533,27800,3,Loss/l_ce,0.02006673812866211
1788137617.9367588,27800,3,Loss/l_total,0.02006673812866211
1788137617.9367836,27800,3,LR,0.0009509529358847653
1788137633.4767485,27840,3,Loss/l_ce,0.05132555961608887
1788137633.4769578,27840,3,Loss/l_total,0.05132555961608887
1788137633.4769812,27840,3,LR,0.0009509529358847653
1788137648.884078,27880,3,Loss/l_ce,0.1572246551513672
1788137648.8842432,27880,3,Loss/l_total,0.1572246551513672
1788137648.884267,27880,3,LR,0.0009509529358847653
1788137664.4481888,27920,3,Loss/l_ce,0.2793278694152832
1788137664.4484155,27920,3,Loss/l_total,0.2793278694152832
1788137664.448451,27920,3,LR,0.0009509529358847653
1788137679.7266,27960,3,Loss/l_ce,0.029808521270751953
1788137679.7267756,27960,3,Loss/l_total,0.029808521270751953
1788137679.726798,27960,3,LR,0.0009509529358847653
1788137695.382341,28000,3,Loss/l_ce,0.07134795188903809
1788137695.3825355,28000,3,Loss/l_total,0.07134795188903809
1788137695.3825605,28000,3,LR,0.0009509529358847653
1788137710.7860277,28040,3,Loss/l_ce,0.17696475982666016
1788137710.7862866,28040,3,Loss/l_total,0.17696475982666016
1788137710.7863247,28040,3,LR,0.0009509529358847653
1788137726.2813892,28080,3,Loss/l_ce,0.020200729370117188
1788137726.2816553,28080,3,Loss/l_total,0.020200729370117188
1788137726.2816792,28080,3,LR,0.0009509529358847653
1788137741.6535246,28120,3,Loss/l_ce,0.060545921325683594
1788137741.6537268,28120,3,Loss/l_total,0.060545921325683594
1788137741.6537492,28120,3,LR,0.0009509529358847653
1788137757.055605,28160,3,Loss/l_ce,0.0188601016998291
1788137757.0559444,28160,3,Loss/l_total,0.0188601016998291
1788137757.0559683,28160,3,LR,0.0009509529358847653
1788137772.550896,28200,3,Loss/l_ce,0.08808183670043945
1788137772.5512056,28200,3,Loss/l_total,0.08808183670043945
1788137772.551233,28200,3,LR,0.0009509529358847653
1788137787.8117619,28240,3,Loss/l_ce,0.025181055068969727
1788137787.811996,28240,3,Loss/l_total,0.025181055068969727
1788137787.8120208,28240,3,LR,0.0009509529358847653
1788137803.5254107,28280,3,Loss/l_ce,0.06930947303771973
1788137803.525731,28280,3,Loss/l_total,0.06930947303771973
1788137803.525757,28280,3,LR,0.0009509529358847653
1788137819.034338,28320,3,Loss/l_ce,0.05626106262207031
1788137819.034567,28320,3,Loss/l_total,0.05626106262207031
1788137819.034591,28320,3,LR,0.0009509529358847653
1788137834.6155243,28360,3,Loss/l_ce,0.09223532676696777
1788137834.6158662,28360,3,Loss/l_total,0.09223532676696777
1788137834.6159115,28360,3,LR,0.0009509529358847653
1788137850.0603802,28400,3,Loss/l_ce,0.025417566299438477
1788137850.0605512,28400,3,Loss/l_total,0.025417566299438477
1788137850.0605726,28400,3,LR,0.0009509529358847653
1788137865.5583913,28440,3,Loss/l_ce,0.0743856430053711
1788137865.5585778,28440,3,Loss/l_total,0.0743856430053711
1788137865.5586014,28440,3,LR,0.0009509529358847653
1788137881.0616143,28480,3,Loss/l_ce,0.062107086181640625
1788137881.0618613,28480,3,Loss/l_total,0.062107086181640625
1788137881.0618849,28480,3,LR,0.0009509529358847653
1788137896.294687,28520,3,Loss/l_ce,0.07687091827392578
1788137896.2948806,28520,3,Loss/l_total,0.07687091827392578
1788137896.2949042,28520,3,LR,0.0009509529358847653
1788137911.653664,28560,3,Loss/l_ce,0.009259700775146484
1788137911.65383,28560,3,Loss/l_total,0.009259700775146484
1788137911.6538527,28560,3,LR,0.0009509529358847653
1788137927.2316828,28600,3,Loss/l_ce,0.04422354698181152
1788137927.2318678,28600,3,Loss/l_total,0.04422354698181152
1788137927.2318928,28600,3,LR,0.0009509529358847653
1788137942.531556,28640,3,Loss/l_ce,0.11890411376953125
1788137942.5318134,28640,3,Loss/l_total,0.11890411376953125
1788137942.5318394,28640,3,LR,0.0009509529358847653
1788137958.2284048,28680,3,Loss/l_ce,0.1972823143005371
1788137958.2286172,28680,3,Loss/l_total,0.1972823143005371
1788137958.228641,28680,3,LR,0.0009509529358847653
1788137973.565562,28720,3,Loss/l_ce,0.07092118263244629
1788137973.5657678,28720,3,Loss/l_total,0.07092118263244629
1788137973.5658305,28720,3,LR,0.0009509529358847653
1788137988.8904881,28760,3,Loss/l_ce,0.02677631378173828
1788137988.890768,28760,3,Loss/l_total,0.02677631378173828
1788137988.8907897,28760,3,LR,0.0009509529358847653
1788138004.2168384,28800,3,Loss/l_ce,0.03133106231689453
1788138004.2170627,28800,3,Loss/l_total,0.03133106231689453
1788138004.2170877,28800,3,LR,0.0009509529358847653
1788138019.909816,28840,3,Loss/l_ce,0.0877535343170166
1788138019.910177,28840,3,Loss/l_total,0.0877535343170166
1788138019.9102056,28840,3,LR,0.0009509529358847653
1788138035.1543152,28880,3,Loss/l_ce,0.0238649845123291
1788138035.1546264,28880,3,Loss/l_total,0.0238649845123291
1788138035.154656,28880,3,LR,0.0009509529358847653
1788138050.7404542,28920,3,Loss/l_ce,0.07603907585144043
1788138050.7408566,28920,3,Loss/l_total,0.07603907585144043
1788138050.7408922,28920,3,LR,0.0009509529358847653
1788138066.2688355,28960,3,Loss/l_ce,0.027217388153076172
1788138066.2691598,28960,3,Loss/l_total,0.027217388153076172
1788138066.2691882,28960,3,LR,0.0009509529358847653
1788138081.6199868,29000,3,Loss/l_ce,0.02813577651977539
1788138081.6201851,29000,3,Loss/l_total,0.02813577651977539
1788138081.62021,29000,3,LR,0.0009509529358847653
1788138097.293527,29040,3,Loss/l_ce,0.024018287658691406
1788138097.29382,29040,3,Loss/l_total,0.024018287658691406
1788138097.2938437,29040,3,LR,0.0009509529358847653
1788138112.8338082,29080,3,Loss/l_ce,0.022925376892089844
1788138112.8342807,29080,3,Loss/l_total,0.022925376892089844
1788138112.8343246,29080,3,LR,0.0009509529358847653
1788138128.4769423,29120,3,Loss/l_ce,0.056972503662109375
1788138128.4772203,29120,3,Loss/l_total,0.056972503662109375
1788138128.4772475,29120,3,LR,0.0009509529358847653
1788138143.7429142,29160,3,Loss/l_ce,0.02041006088256836
1788138143.7433083,29160,3,Loss/l_total,0.02041006088256836
1788138143.7433343,29160,3,LR,0.0009509529358847653
1788138159.1962495,29200,3,Loss/l_ce,0.14756178855895996
1788138159.1965797,29200,3,Loss/l_total,0.14756178855895996
1788138159.1966069,29200,3,LR,0.0009509529358847653
1788138174.715854,29240,3,Loss/l_ce,0.026192426681518555
1788138174.7161744,29240,3,Loss/l_total,0.026192426681518555
1788138174.7162004,29240,3,LR,0.0009509529358847653
1788138190.0949306,29280,3,Loss/l_ce,0.06421661376953125
1788138190.0951684,29280,3,Loss/l_total,0.06421661376953125
1788138190.0951917,29280,3,LR,0.0009509529358847653
1788138205.433117,29320,3,Loss/l_ce,0.024233341217041016
1788138205.4334018,29320,3,Loss/l_total,0.024233341217041016
1788138205.4334283,29320,3,LR,0.0009509529358847653
1788138220.817356,29360,3,Loss/l_ce,0.17073345184326172
1788138220.8176827,29360,3,Loss/l_total,0.17073345184326172
1788138220.8177087,29360,3,LR,0.0009509529358847653
1788138236.402576,29400,3,Loss/l_ce,0.03182506561279297
1788138236.402886,29400,3,Loss/l_total,0.03182506561279297
1788138236.402913,29400,3,LR,0.0009509529358847653
1788138251.8349595,29440,3,Loss/l_ce,0.03146982192993164
1788138251.8353183,29440,3,Loss/l_total,0.03146982192993164
1788138251.8353682,29440,3,LR,0.0009509529358847653
1788138267.4909694,29480,3,Loss/l_ce,0.08237147331237793
1788138267.4912376,29480,3,Loss/l_total,0.08237147331237793
1788138267.4912627,29480,3,LR,0.0009509529358847653
1788138283.3307202,29520,3,Loss/l_ce,0.03258490562438965
1788138283.33096,29520,3,Loss/l_total,0.03258490562438965
1788138283.3309839,29520,3,LR,0.0009509529358847653
1788138299.0956547,29560,3,Loss/l_ce,0.09145855903625488
1788138299.0958328,29560,3,Loss/l_total,0.09145855903625488
1788138299.0958555,29560,3,LR,0.0009509529358847653
1788138314.927922,29600,3,Loss/l_ce,0.04377102851867676
1788138314.928132,29600,3,Loss/l_total,0.04377102851867676
1788138314.9281569,29600,3,LR,0.0009509529358847653
1788138330.5762744,29640,3,Loss/l_ce,0.12866640090942383
1788138330.576454,29640,3,Loss/l_total,0.12866640090942383
1788138330.5764775,29640,3,LR,0.0009509529358847653
1788138345.9689143,29680,3,Loss/l_ce,0.03353166580200195
1788138345.9691625,29680,3,Loss/l_total,0.03353166580200195
1788138345.9692135,29680,3,LR,0.0009509529358847653
1788138361.43472,29720,3,Loss/l_ce,0.006200313568115234
1788138361.4349337,29720,3,Loss/l_total,0.006200313568115234
1788138361.43496,29720,3,LR,0.0009509529358847653
1788138376.6885257,29760,3,Loss/l_ce,0.030060291290283203
1788138376.6888118,29760,3,Loss/l_total,0.030060291290283203
1788138376.6888366,29760,3,LR,0.0009509529358847653
1788138392.4832215,29800,3,Loss/l_ce,0.08871316909790039
1788138392.4834387,29800,3,Loss/l_total,0.08871316909790039
1788138392.4834638,29800,3,LR,0.0009509529358847653
1788138407.8967812,29840,3,Loss/l_ce,0.10364913940429688
1788138407.8969688,29840,3,Loss/l_total,0.10364913940429688
1788138407.896995,29840,3,LR,0.0009509529358847653
1788138423.48456,29880,3,Loss/l_ce,0.03295087814331055
1788138423.4848163,29880,3,Loss/l_total,0.03295087814331055
1788138423.484839,29880,3,LR,0.0009509529358847653
1788138439.073284,29920,3,Loss/l_ce,0.029685020446777344
1788138439.0734916,29920,3,Loss/l_total,0.029685020446777344
1788138439.0735152,29920,3,LR,0.0009509529358847653
1788138454.6205363,29960,3,Loss/l_ce,0.07630610466003418
1788138454.62073,29960,3,Loss/l_total,0.07630610466003418
1788138454.6207538,29960,3,LR,0.0009509529358847653
1788138470.2476346,30000,3,Loss/l_ce,0.02084827423095703
1788138470.2478876,30000,3,Loss/l_total,0.02084827423095703
1788138470.2479148,30000,3,LR,0.0009509529358847653
1788138486.1673148,30040,3,Loss/l_ce,0.02821826934814453
1788138486.167539,30040,3,Loss/l_total,0.02821826934814453
1788138486.1675627,30040,3,LR,0.0009509529358847653
1788138501.6245675,30080,3,Loss/l_ce,0.02246570587158203
1788138501.6247363,30080,3,Loss/l_total,0.02246570587158203
1788138501.6247575,30080,3,LR,0.0009509529358847653
1788138517.3019145,30120,3,Loss/l_ce,0.19733691215515137
1788138517.30216,30120,3,Loss/l_total,0.19733691215515137
1788138517.3021853,30120,3,LR,0.0009509529358847653
1788138533.1645174,30160,3,Loss/l_ce,0.021494626998901367
1788138533.1646812,30160,3,Loss/l_total,0.021494626998901367
1788138533.1647074,30160,3,LR,0.0009509529358847653
1788138548.8298368,30200,3,Loss/l_ce,0.06350922584533691
1788138548.8301299,30200,3,Loss/l_total,0.06350922584533691
1788138548.8301609,30200,3,LR,0.0009509529358847653
1788138564.2777386,30240,3,Loss/l_ce,0.035703182220458984
1788138564.2779238,30240,3,Loss/l_total,0.035703182220458984
1788138564.2779546,30240,3,LR,0.0009509529358847653
1788138580.0691414,30280,3,Loss/l_ce,0.0567784309387207
1788138580.0693305,30280,3,Loss/l_total,0.0567784309387207
1788138580.0693552,30280,3,LR,0.0009509529358847653
1788138595.841258,30320,3,Loss/l_ce,0.024732351303100586
1788138595.841429,30320,3,Loss/l_total,0.024732351303100586
1788138595.8414514,30320,3,LR,0.0009509529358847653
1788138611.4056547,30360,3,Loss/l_ce,0.24913263320922852
1788138611.4058661,30360,3,Loss/l_total,0.24913263320922852
1788138611.4058993,30360,3,LR,0.0009509529358847653
1788138627.0253248,30400,3,Loss/l_ce,0.0695955753326416
1788138627.0255268,30400,3,Loss/l_total,0.0695955753326416
1788138627.025553,30400,3,LR,0.0009509529358847653
1788138642.7312958,30440,3,Loss/l_ce,0.1687779426574707
1788138642.731556,30440,3,Loss/l_total,0.1687779426574707
1788138642.731582,30440,3,LR,0.0009509529358847653
1788138658.3762872,30480,3,Loss/l_ce,0.03164076805114746
1788138658.376443,30480,3,Loss/l_total,0.03164076805114746
1788138658.3764665,30480,3,LR,0.0009509529358847653
1788138673.7550774,30520,3,Loss/l_ce,0.0178225040435791
1788138673.7553313,30520,3,Loss/l_total,0.0178225040435791
1788138673.755373,30520,3,LR,0.0009509529358847653
1788138689.3477552,30560,3,Loss/l_ce,0.023259639739990234
1788138689.3479407,30560,3,Loss/l_total,0.023259639739990234
1788138689.347964,30560,3,LR,0.0009509529358847653
1788138704.8333306,30600,3,Loss/l_ce,0.014402151107788086
1788138704.8336039,30600,3,Loss/l_total,0.014402151107788086
1788138704.8336277,30600,3,LR,0.0009509529358847653
1788138720.3860693,30640,3,Loss/l_ce,0.1395111083984375
1788138720.3863637,30640,3,Loss/l_total,0.1395111083984375
1788138720.3863862,30640,3,LR,0.0009509529358847653
1788138735.9944513,30680,3,Loss/l_ce,0.03519892692565918
1788138735.9946578,30680,3,Loss/l_total,0.03519892692565918
1788138735.9946804,30680,3,LR,0.0009509529358847653
1788138751.9526951,30720,3,Loss/l_ce,0.04408836364746094
1788138751.9529731,30720,3,Loss/l_total,0.04408836364746094
1788138751.952998,30720,3,LR,0.0009509529358847653
1788138767.305666,30760,3,Loss/l_ce,0.15193772315979004
1788138767.3059797,30760,3,Loss/l_total,0.15193772315979004
1788138767.3060045,30760,3,LR,0.0009509529358847653
1788138782.739256,30800,3,Loss/l_ce,0.015282630920410156
1788138782.739556,30800,3,Loss/l_total,0.015282630920410156
1788138782.73958,30800,3,LR,0.0009509529358847653
1788138797.932196,30840,3,Loss/l_ce,0.019031047821044922
1788138797.932488,30840,3,Loss/l_total,0.019031047821044922
1788138797.9325151,30840,3,LR,0.0009509529358847653
1788138813.3504632,30880,3,Loss/l_ce,0.22943830490112305
1788138813.3506901,30880,3,Loss/l_total,0.22943830490112305
1788138813.350715,30880,3,LR,0.0009509529358847653
1788138828.6879637,30920,3,Loss/l_ce,0.03812122344970703
1788138828.6881607,30920,3,Loss/l_total,0.03812122344970703
1788138828.6881857,30920,3,LR,0.0009509529358847653
1788138844.3707037,30960,3,Loss/l_ce,0.05615353584289551
1788138844.3708782,30960,3,Loss/l_total,0.05615353584289551
1788138844.3709042,30960,3,LR,0.0009509529358847653
1788138859.668458,31000,3,Loss/l_ce,0.07166099548339844
1788138859.6686385,31000,3,Loss/l_total,0.07166099548339844
1788138859.6686623,31000,3,LR,0.0009509529358847653
1788138874.7287152,31040,3,Loss/l_ce,0.030531883239746094
1788138874.7288687,31040,3,Loss/l_total,0.030531883239746094
1788138874.7288911,31040,3,LR,0.0009509529358847653
1788138890.2944732,31080,3,Loss/l_ce,0.20410966873168945
1788138890.2946537,31080,3,Loss/l_total,0.20410966873168945
1788138890.2946763,31080,3,LR,0.0009509529358847653
1788138905.6534898,31120,3,Loss/l_ce,0.027617931365966797
1788138905.653662,31120,3,Loss/l_total,0.027617931365966797
1788138905.6536858,31120,3,LR,0.0009509529358847653
1788138921.4371793,31160,3,Loss/l_ce,0.01872873306274414
1788138921.4373517,31160,3,Loss/l_total,0.01872873306274414
1788138921.437373,31160,3,LR,0.0009509529358847653
1788138937.049154,31200,3,Loss/l_ce,0.05570268630981445
1788138937.0493476,31200,3,Loss/l_total,0.05570268630981445
1788138937.0493786,31200,3,LR,0.0009509529358847653
1788138952.6031115,31240,3,Loss/l_ce,0.023845911026000977
1788138952.6033063,31240,3,Loss/l_total,0.023845911026000977
1788138952.603331,31240,3,LR,0.0009509529358847653
1788138968.3394494,31280,3,Loss/l_ce,0.04026627540588379
1788138968.3396866,31280,3,Loss/l_total,0.04026627540588379
1788138968.3397129,31280,3,LR,0.0009509529358847653
1788138984.231694,31320,3,Loss/l_ce,0.07537198066711426
1788138984.2319303,31320,3,Loss/l_total,0.07537198066711426
1788138984.2319577,31320,3,LR,0.0009509529358847653
1788138999.7308254,31360,3,Loss/l_ce,0.027846336364746094
1788138999.7311614,31360,3,Loss/l_total,0.027846336364746094
1788138999.7311947,31360,3,LR,0.0009509529358847653
1788139015.2985935,31400,3,Loss/l_ce,0.0493772029876709
1788139015.2988262,31400,3,Loss/l_total,0.0493772029876709
1788139015.2988536,31400,3,LR,0.0009509529358847653
1788139030.5370305,31440,3,Loss/l_ce,0.025051355361938477
1788139030.5372727,31440,3,Loss/l_total,0.025051355361938477
1788139030.5372975,31440,3,LR,0.0009509529358847653
1788139046.0961938,31480,3,Loss/l_ce,0.0443418025970459
1788139046.0964148,31480,3,Loss/l_total,0.0443418025970459
1788139046.0964408,31480,3,LR,0.0009509529358847653
1788139061.5106418,31520,3,Loss/l_ce,0.018409013748168945
1788139061.5108805,31520,3,Loss/l_total,0.018409013748168945
1788139061.5109055,31520,3,LR,0.0009509529358847653
1788139076.9256568,31560,3,Loss/l_ce,0.04273271560668945
1788139076.9258683,31560,3,Loss/l_total,0.04273271560668945
1788139076.9259086,31560,3,LR,0.0009509529358847653
1788139092.1088674,31600,3,Loss/l_ce,0.050003767013549805
1788139092.1090748,31600,3,Loss/l_total,0.050003767013549805
1788139092.1090975,31600,3,LR,0.0009509529358847653
1788139107.6261911,31640,3,Loss/l_ce,0.03603506088256836
1788139107.626355,31640,3,Loss/l_total,0.03603506088256836
1788139107.6263776,31640,3,LR,0.0009509529358847653
1788139123.0381653,31680,3,Loss/l_ce,0.06706404685974121
1788139123.0383708,31680,3,Loss/l_total,0.06706404685974121
1788139123.0383968,31680,3,LR,0.0009509529358847653
1788139138.9455578,31720,3,Loss/l_ce,0.05669522285461426
1788139138.9457252,31720,3,Loss/l_total,0.05669522285461426
1788139138.9457464,31720,3,LR,0.0009509529358847653
1788139154.9452853,31760,3,Loss/l_ce,0.05454277992248535
1788139154.9455442,31760,3,Loss/l_total,0.05454277992248535
1788139154.9455702,31760,3,LR,0.0009509529358847653
1788139170.6256833,31800,3,Loss/l_ce,0.16315698623657227
1788139170.6258802,31800,3,Loss/l_total,0.16315698623657227
1788139170.625905,31800,3,LR,0.0009509529358847653
1788139186.315599,31840,3,Loss/l_ce,0.029639482498168945
1788139186.3158839,31840,3,Loss/l_total,0.029639482498168945
1788139186.3159099,31840,3,LR,0.0009509529358847653
1788139201.8538792,31880,3,Loss/l_ce,0.02637767791748047
1788139201.8541489,31880,3,Loss/l_total,0.02637767791748047
1788139201.8541772,31880,3,LR,0.0009509529358847653
1788139217.5691586,31920,3,Loss/l_ce,0.039784908294677734
1788139217.5693698,31920,3,Loss/l_total,0.039784908294677734
1788139217.5693936,31920,3,LR,0.0009509529358847653
1788139233.168283,31960,3,Loss/l_ce,0.030022144317626953
1788139233.1684468,31960,3,Loss/l_total,0.030022144317626953
1788139233.168468,31960,3,LR,0.0009509529358847653
1788139248.8143125,32000,3,Loss/l_ce,0.028569698333740234
1788139248.8145392,32000,3,Loss/l_total,0.028569698333740234
1788139248.8145654,32000,3,LR,0.0009509529358847653
1788139264.583356,32040,3,Loss/l_ce,0.024684429168701172
1788139264.5835505,32040,3,Loss/l_total,0.024684429168701172
1788139264.5835767,32040,3,LR,0.0009509529358847653
1788139279.5832272,32080,3,Loss/l_ce,0.02629709243774414
1788139279.5834396,32080,3,Loss/l_total,0.02629709243774414
1788139279.5834634,32080,3,LR,0.0009509529358847653
1788139294.9636967,32120,3,Loss/l_ce,0.04489850997924805
1788139294.9638605,32120,3,Loss/l_total,0.04489850997924805
1788139294.963888,32120,3,LR,0.0009509529358847653
1788139310.785656,32160,3,Loss/l_ce,0.026612281799316406
1788139310.7858984,32160,3,Loss/l_total,0.026612281799316406
1788139310.785921,32160,3,LR,0.0009509529358847653
1788139326.2183435,32200,3,Loss/l_ce,0.14162778854370117
1788139326.2185383,32200,3,Loss/l_total,0.14162778854370117
1788139326.218563,32200,3,LR,0.0009509529358847653
1788139341.7398798,32240,3,Loss/l_ce,0.030925750732421875
1788139341.7401161,32240,3,Loss/l_total,0.030925750732421875
1788139341.7401423,32240,3,LR,0.0009509529358847653
1788139357.2572079,32280,3,Loss/l_ce,0.028243303298950195
1788139357.257616,32280,3,Loss/l_total,0.028243303298950195
1788139357.2576542,32280,3,LR,0.0009509529358847653
1788139372.7851596,32320,3,Loss/l_ce,0.0590059757232666
1788139372.7855113,32320,3,Loss/l_total,0.0590059757232666
1788139372.785536,32320,3,LR,0.0009509529358847653
1788139388.213151,32360,3,Loss/l_ce,0.10283470153808594
1788139388.213442,32360,3,Loss/l_total,0.10283470153808594
1788139388.2134645,32360,3,LR,0.0009509529358847653
1788139403.8946588,32400,3,Loss/l_ce,0.20875883102416992
1788139403.8949187,32400,3,Loss/l_total,0.20875883102416992
1788139403.8949437,32400,3,LR,0.0009509529358847653
1788139419.4098942,32440,3,Loss/l_ce,0.012308597564697266
1788139419.4101079,32440,3,Loss/l_total,0.012308597564697266
1788139419.4101317,32440,3,LR,0.0009509529358847653
1788139435.0651429,32480,3,Loss/l_ce,0.03316140174865723
1788139435.0654173,32480,3,Loss/l_total,0.03316140174865723
1788139435.0654411,32480,3,LR,0.0009509529358847653
1788139451.0122063,32520,3,Loss/l_ce,0.02191305160522461
1788139451.0125115,32520,3,Loss/l_total,0.02191305160522461
1788139451.0125377,32520,3,LR,0.0009509529358847653
1788139466.8444421,32560,3,Loss/l_ce,0.029158592224121094
1788139466.8446689,32560,3,Loss/l_total,0.029158592224121094
1788139466.8446925,32560,3,LR,0.0009509529358847653
1788139482.3526697,32600,3,Loss/l_ce,0.0870354175567627
1788139482.3529642,32600,3,Loss/l_total,0.0870354175567627
1788139482.3533251,32600,3,LR,0.0009509529358847653
1788139497.7771196,32640,3,Loss/l_ce,0.0199432373046875
1788139497.7773538,32640,3,Loss/l_total,0.0199432373046875
1788139497.7773786,32640,3,LR,0.0009509529358847653
1788139513.2117405,32680,3,Loss/l_ce,0.020880460739135742
1788139513.2119067,32680,3,Loss/l_total,0.020880460739135742
1788139513.211929,32680,3,LR,0.0009509529358847653
1788139528.574436,32720,3,Loss/l_ce,0.027297019958496094
1788139528.574646,32720,3,Loss/l_total,0.027297019958496094
1788139528.5746722,32720,3,LR,0.0009509529358847653
1788139544.4131505,32760,3,Loss/l_ce,0.023811817169189453
1788139544.4134426,32760,3,Loss/l_total,0.023811817169189453
1788139544.413465,32760,3,LR,0.0009509529358847653
1788139559.80882,32800,3,Loss/l_ce,0.09561920166015625
1788139559.8091345,32800,3,Loss/l_total,0.09561920166015625
1788139559.8091607,32800,3,LR,0.0009509529358847653
1788139575.3568752,32840,3,Loss/l_ce,0.04562234878540039
1788139575.3571246,32840,3,Loss/l_total,0.04562234878540039
1788139575.3571508,32840,3,LR,0.0009509529358847653
1788139590.998258,32880,3,Loss/l_ce,0.013176441192626953
1788139590.9985087,32880,3,Loss/l_total,0.013176441192626953
1788139590.9985337,32880,3,LR,0.0009509529358847653
1788139606.367327,32920,3,Loss/l_ce,0.006831645965576172
1788139606.3676357,32920,3,Loss/l_total,0.006831645965576172
1788139606.3676605,32920,3,LR,0.0009509529358847653
1788139621.5989082,32960,3,Loss/l_ce,0.02129960060119629
1788139621.5992417,32960,3,Loss/l_total,0.02129960060119629
1788139621.599288,32960,3,LR,0.0009509529358847653
1788139637.0763032,33000,3,Loss/l_ce,0.0287017822265625
1788139637.0766134,33000,3,Loss/l_total,0.0287017822265625
1788139637.0766406,33000,3,LR,0.0009509529358847653
1788139652.5544302,33040,3,Loss/l_ce,0.023584365844726562
1788139652.5546262,33040,3,Loss/l_total,0.023584365844726562
1788139652.554651,33040,3,LR,0.0009509529358847653
1788139668.0401204,33080,3,Loss/l_ce,0.15995073318481445
1788139668.0404148,33080,3,Loss/l_total,0.15995073318481445
1788139668.0404408,33080,3,LR,0.0009509529358847653
1788139683.678702,33120,3,Loss/l_ce,0.040696144104003906
1788139683.6789587,33120,3,Loss/l_total,0.040696144104003906
1788139683.6789837,33120,3,LR,0.0009509529358847653
1788139699.2027316,33160,3,Loss/l_ce,0.04081010818481445
1788139699.202962,33160,3,Loss/l_total,0.04081010818481445
1788139699.2029855,33160,3,LR,0.0009509529358847653
1788139714.569006,33200,3,Loss/l_ce,0.07353067398071289
1788139714.5731106,33200,3,Loss/l_total,0.07353067398071289
1788139714.5731807,33200,3,LR,0.0009509529358847653
1788139729.9543986,33240,3,Loss/l_ce,0.0503692626953125
1788139729.9545841,33240,3,Loss/l_total,0.0503692626953125
1788139729.9546065,33240,3,LR,0.0009509529358847653
1788139745.2982185,33280,3,Loss/l_ce,0.06119275093078613
1788139745.2984,33280,3,Loss/l_total,0.06119275093078613
1788139745.2984226,33280,3,LR,0.0009509529358847653
1788139760.794101,33320,3,Loss/l_ce,0.03302335739135742
1788139760.7942922,33320,3,Loss/l_total,0.03302335739135742
1788139760.7943149,33320,3,LR,0.0009509529358847653
1788139776.2797766,33360,3,Loss/l_ce,0.06860923767089844
1788139776.2799392,33360,3,Loss/l_total,0.06860923767089844
1788139776.2799616,33360,3,LR,0.0009509529358847653
1788139791.3476453,33400,3,Loss/l_ce,0.026572227478027344
1788139791.347827,33400,3,Loss/l_total,0.026572227478027344
1788139791.3478506,33400,3,LR,0.0009509529358847653
1788139806.8213682,33440,3,Loss/l_ce,0.03577589988708496
1788139806.8215775,33440,3,Loss/l_total,0.03577589988708496
1788139806.821601,33440,3,LR,0.0009509529358847653
1788139822.5578864,33480,3,Loss/l_ce,0.09237360954284668
1788139822.5581903,33480,3,Loss/l_total,0.09237360954284668
1788139822.5582178,33480,3,LR,0.0009509529358847653
1788139838.160833,33520,3,Loss/l_ce,0.19571495056152344
1788139838.1611772,33520,3,Loss/l_total,0.19571495056152344
1788139838.1612031,33520,3,LR,0.0009509529358847653
1788139853.3475418,33560,3,Loss/l_ce,0.05397152900695801
1788139853.3477578,33560,3,Loss/l_total,0.05397152900695801
1788139853.3477829,33560,3,LR,0.0009509529358847653
1788139868.8755429,33600,3,Loss/l_ce,0.03716135025024414
1788139868.8757198,33600,3,Loss/l_total,0.03716135025024414
1788139868.8757446,33600,3,LR,0.0009509529358847653
1788139884.484573,33640,3,Loss/l_ce,0.029071331024169922
1788139884.4847689,33640,3,Loss/l_total,0.029071331024169922
1788139884.4847913,33640,3,LR,0.0009509529358847653
1788139899.6395435,33680,3,Loss/l_ce,0.02434253692626953
1788139899.6397371,33680,3,Loss/l_total,0.02434253692626953
1788139899.6397643,33680,3,LR,0.0009509529358847653
1788139915.1319673,33720,3,Loss/l_ce,0.11228537559509277
1788139915.1321929,33720,3,Loss/l_total,0.11228537559509277
1788139915.1322188,33720,3,LR,0.0009509529358847653
1788139930.6717072,33760,3,Loss/l_ce,0.023024797439575195
1788139930.6719267,33760,3,Loss/l_total,0.023024797439575195
1788139930.6719518,33760,3,LR,0.0009509529358847653
1788139946.0079317,33800,3,Loss/l_ce,0.01902151107788086
1788139946.0081918,33800,3,Loss/l_total,0.01902151107788086
1788139946.0082202,33800,3,LR,0.0009509529358847653
1788139961.602374,33840,3,Loss/l_ce,0.019695281982421875
1788139961.602563,33840,3,Loss/l_total,0.019695281982421875
1788139961.6025865,33840,3,LR,0.0009509529358847653
1788139977.0482206,33880,3,Loss/l_ce,0.034262657165527344
1788139977.0484354,33880,3,Loss/l_total,0.034262657165527344
1788139977.0484617,33880,3,LR,0.0009509529358847653
1788139992.6477246,33920,3,Loss/l_ce,0.07332038879394531
1788139992.6479073,33920,3,Loss/l_total,0.07332038879394531
1788139992.647931,33920,3,LR,0.0009509529358847653
1788140008.081101,33960,3,Loss/l_ce,0.02394580841064453
1788140008.0812685,33960,3,Loss/l_total,0.02394580841064453
1788140008.081291,33960,3,LR,0.0009509529358847653
1788140023.4552872,34000,3,Loss/l_ce,0.07323026657104492
1788140023.4554489,34000,3,Loss/l_total,0.07323026657104492
1788140023.4554713,34000,3,LR,0.0009509529358847653
1788140038.662408,34040,3,Loss/l_ce,0.018286943435668945
1788140038.6625803,34040,3,Loss/l_total,0.018286943435668945
1788140038.662605,34040,3,LR,0.0009509529358847653
1788140054.2665465,34080,3,Loss/l_ce,0.033333778381347656
1788140054.266773,34080,3,Loss/l_total,0.033333778381347656
1788140054.2667992,34080,3,LR,0.0009509529358847653
1788140069.6023583,34120,3,Loss/l_ce,0.03830075263977051
1788140069.6025815,34120,3,Loss/l_total,0.03830075263977051
1788140069.6026042,34120,3,LR,0.0009509529358847653
1788140084.898156,34160,3,Loss/l_ce,0.02551865577697754
1788140084.8983874,34160,3,Loss/l_total,0.02551865577697754
1788140084.8984184,34160,3,LR,0.0009509529358847653
1788140100.6993248,34200,3,Loss/l_ce,0.0204925537109375
1788140100.699541,34200,3,Loss/l_total,0.0204925537109375
1788140100.6995683,34200,3,LR,0.0009509529358847653
1788140116.2547047,34240,3,Loss/l_ce,0.02566671371459961
1788140116.2549055,34240,3,Loss/l_total,0.02566671371459961
1788140116.2549303,34240,3,LR,0.0009509529358847653
1788140131.7328176,34280,3,Loss/l_ce,0.04450559616088867
1788140131.733061,34280,3,Loss/l_total,0.04450559616088867
1788140131.7330873,34280,3,LR,0.0009509529358847653
1788140147.448455,34320,3,Loss/l_ce,0.040923357009887695
1788140147.448702,34320,3,Loss/l_total,0.040923357009887695
1788140147.4487283,34320,3,LR,0.0009509529358847653
1788140163.1499498,34360,3,Loss/l_ce,0.023450851440429688
1788140163.1501446,34360,3,Loss/l_total,0.023450851440429688
1788140163.1501684,34360,3,LR,0.0009509529358847653
1788140178.6846056,34400,3,Loss/l_ce,0.03344273567199707
1788140178.6848335,34400,3,Loss/l_total,0.03344273567199707
1788140178.684862,34400,3,LR,0.0009509529358847653
1788140194.3254673,34440,3,Loss/l_ce,0.07754945755004883
1788140194.3256443,34440,3,Loss/l_total,0.07754945755004883
1788140194.3256905,34440,3,LR,0.0009509529358847653
1788140210.0272043,34480,3,Loss/l_ce,0.11199402809143066
1788140210.027393,34480,3,Loss/l_total,0.11199402809143066
1788140210.0274155,34480,3,LR,0.0009509529358847653
1788140225.4659586,34520,3,Loss/l_ce,0.03797411918640137
1788140225.4661963,34520,3,Loss/l_total,0.03797411918640137
1788140225.4662309,34520,3,LR,0.0009509529358847653
1788140241.2334266,34560,3,Loss/l_ce,0.029163122177124023
1788140241.2336476,34560,3,Loss/l_total,0.029163122177124023
1788140241.2336714,34560,3,LR,0.0009509529358847653
1788140256.6240947,34600,3,Loss/l_ce,0.020328998565673828
1788140256.624305,34600,3,Loss/l_total,0.020328998565673828
1788140256.6243274,34600,3,LR,0.0009509529358847653
1788140272.3075142,34640,3,Loss/l_ce,0.07645583152770996
1788140272.3077729,34640,3,Loss/l_total,0.07645583152770996
1788140272.307799,34640,3,LR,0.0009509529358847653
1788140287.783758,34680,3,Loss/l_ce,0.13997793197631836
1788140287.783976,34680,3,Loss/l_total,0.13997793197631836
1788140287.7839987,34680,3,LR,0.0009509529358847653
1788140303.1040998,34720,3,Loss/l_ce,0.08625626564025879
1788140303.1042993,34720,3,Loss/l_total,0.08625626564025879
1788140303.1043255,34720,3,LR,0.0009509529358847653
1788140318.7131734,34760,3,Loss/l_ce,0.01732921600341797
1788140318.7133586,34760,3,Loss/l_total,0.01732921600341797
1788140318.713386,34760,3,LR,0.0009509529358847653
1788140333.857676,34800,3,Loss/l_ce,0.030455589294433594
1788140333.8579326,34800,3,Loss/l_total,0.030455589294433594
1788140333.8579586,34800,3,LR,0.0009509529358847653
1788140376.3729444,34808,3,Val/dense_error,0.03112482838332653
1788140376.3732839,34808,3,Val/auc,0.7227876180400366
1788140376.3733099,34808,3,Val/pck_max,0.1
1788140376.3733292,34808,3,Val/pck_n,100.0
1788140391.3685434,34840,4,Loss/l_ce,0.05747079849243164
1788140391.3688521,34840,4,Loss/l_total,0.05747079849243164
1788140391.368876,34840,4,LR,0.0009140576474687262
1788140407.1298714,34880,4,Loss/l_ce,0.05574321746826172
1788140407.1301825,34880,4,Loss/l_total,0.05574321746826172
1788140407.1302109,34880,4,LR,0.0009140576474687262
1788140422.8727498,34920,4,Loss/l_ce,0.0798797607421875
1788140422.8729966,34920,4,Loss/l_total,0.0798797607421875
1788140422.8730452,34920,4,LR,0.0009140576474687262
1788140438.2065585,34960,4,Loss/l_ce,0.048722028732299805
1788140438.2068493,34960,4,Loss/l_total,0.048722028732299805
1788140438.2068744,34960,4,LR,0.0009140576474687262
1788140453.3958852,35000,4,Loss/l_ce,0.03861117362976074
1788140453.396213,35000,4,Loss/l_total,0.03861117362976074
1788140453.396239,35000,4,LR,0.0009140576474687262
1788140468.7215052,35040,4,Loss/l_ce,0.02297520637512207
1788140468.721795,35040,4,Loss/l_total,0.02297520637512207
1788140468.7218235,35040,4,LR,0.0009140576474687262
1788140483.8316157,35080,4,Loss/l_ce,0.0232541561126709
1788140483.8318248,35080,4,Loss/l_total,0.0232541561126709
1788140483.831852,35080,4,LR,0.0009140576474687262
1788140499.5167656,35120,4,Loss/l_ce,0.059599876403808594
1788140499.517085,35120,4,Loss/l_total,0.059599876403808594
1788140499.5171325,35120,4,LR,0.0009140576474687262
1788140514.8855631,35160,4,Loss/l_ce,0.0240631103515625
1788140514.8857684,35160,4,Loss/l_total,0.0240631103515625
1788140514.8857968,35160,4,LR,0.0009140576474687262
1788140530.39543,35200,4,Loss/l_ce,0.02924656867980957
1788140530.3957293,35200,4,Loss/l_total,0.02924656867980957
1788140530.3957543,35200,4,LR,0.0009140576474687262
1788140546.240579,35240,4,Loss/l_ce,0.020702362060546875
1788140546.2407594,35240,4,Loss/l_total,0.020702362060546875
1788140546.2407832,35240,4,LR,0.0009140576474687262
1788140561.6808264,35280,4,Loss/l_ce,0.08669257164001465
1788140561.6811802,35280,4,Loss/l_total,0.08669257164001465
1788140561.681204,35280,4,LR,0.0009140576474687262
1788140577.3454483,35320,4,Loss/l_ce,0.02835702896118164
1788140577.3457484,35320,4,Loss/l_total,0.02835702896118164
1788140577.3457723,35320,4,LR,0.0009140576474687262
1788140592.8718746,35360,4,Loss/l_ce,0.020127534866333008
1788140592.8722532,35360,4,Loss/l_total,0.020127534866333008
1788140592.8722782,35360,4,LR,0.0009140576474687262
1788140608.245318,35400,4,Loss/l_ce,0.032256126403808594
1788140608.24561,35400,4,Loss/l_total,0.032256126403808594
1788140608.2456324,35400,4,LR,0.0009140576474687262
1788140623.4017367,35440,4,Loss/l_ce,0.018421173095703125
1788140623.4019766,35440,4,Loss/l_total,0.018421173095703125
1788140623.4020026,35440,4,LR,0.0009140576474687262
1788140639.000214,35480,4,Loss/l_ce,0.010969877243041992
1788140639.0005488,35480,4,Loss/l_total,0.010969877243041992
1788140639.000575,35480,4,LR,0.0009140576474687262
1788140654.266408,35520,4,Loss/l_ce,0.01986551284790039
1788140654.2666466,35520,4,Loss/l_total,0.01986551284790039
1788140654.2666702,35520,4,LR,0.0009140576474687262
1788140669.5585108,35560,4,Loss/l_ce,0.024223804473876953
1788140669.5588481,35560,4,Loss/l_total,0.024223804473876953
1788140669.5588777,35560,4,LR,0.0009140576474687262
1788140684.9624512,35600,4,Loss/l_ce,0.09774112701416016
1788140684.9626603,35600,4,Loss/l_total,0.09774112701416016
1788140684.9626865,35600,4,LR,0.0009140576474687262
1788140700.4199412,35640,4,Loss/l_ce,0.04207730293273926
1788140700.4203115,35640,4,Loss/l_total,0.04207730293273926
1788140700.4203386,35640,4,LR,0.0009140576474687262
1788140715.8911965,35680,4,Loss/l_ce,0.016879796981811523
1788140715.8914764,35680,4,Loss/l_total,0.016879796981811523
1788140715.8915017,35680,4,LR,0.0009140576474687262
1788140731.3163583,35720,4,Loss/l_ce,0.022835969924926758
1788140731.3166423,35720,4,Loss/l_total,0.022835969924926758
1788140731.316666,35720,4,LR,0.0009140576474687262
1788140746.74418,35760,4,Loss/l_ce,0.05388236045837402
1788140746.7443995,35760,4,Loss/l_total,0.05388236045837402
1788140746.7444293,35760,4,LR,0.0009140576474687262
1788140762.7558165,35800,4,Loss/l_ce,0.09143686294555664
1788140762.7560277,35800,4,Loss/l_total,0.09143686294555664
1788140762.7560766,35800,4,LR,0.0009140576474687262
1788140778.3814547,35840,4,Loss/l_ce,0.036942243576049805
1788140778.3816862,35840,4,Loss/l_total,0.036942243576049805
1788140778.3817134,35840,4,LR,0.0009140576474687262
1788140794.230491,35880,4,Loss/l_ce,0.030506134033203125
1788140794.2307544,35880,4,Loss/l_total,0.030506134033203125
1788140794.2307782,35880,4,LR,0.0009140576474687262
1788140809.6691978,35920,4,Loss/l_ce,0.03849625587463379
1788140809.6694424,35920,4,Loss/l_total,0.03849625587463379
1788140809.6694744,35920,4,LR,0.0009140576474687262
1788140824.959845,35960,4,Loss/l_ce,0.11189675331115723
1788140824.9601362,35960,4,Loss/l_total,0.11189675331115723
1788140824.960166,35960,4,LR,0.0009140576474687262
1788140840.1732273,36000,4,Loss/l_ce,0.04236412048339844
1788140840.1735168,36000,4,Loss/l_total,0.04236412048339844
1788140840.1735454,36000,4,LR,0.0009140576474687262
1788140855.7908015,36040,4,Loss/l_ce,0.03039097785949707
1788140855.7911372,36040,4,Loss/l_total,0.03039097785949707
1788140855.791167,36040,4,LR,0.0009140576474687262
1788140870.8922212,36080,4,Loss/l_ce,0.036005496978759766
1788140870.8925655,36080,4,Loss/l_total,0.036005496978759766
1788140870.8926024,36080,4,LR,0.0009140576474687262
1788140886.1056697,36120,4,Loss/l_ce,0.03389549255371094
1788140886.1059024,36120,4,Loss/l_total,0.03389549255371094
1788140886.105931,36120,4,LR,0.0009140576474687262
1788140901.8249986,36160,4,Loss/l_ce,0.02782154083251953
1788140901.825336,36160,4,Loss/l_total,0.02782154083251953
1788140901.825361,36160,4,LR,0.0009140576474687262
1788140917.1423485,36200,4,Loss/l_ce,0.02022552490234375
1788140917.1426609,36200,4,Loss/l_total,0.02022552490234375
1788140917.1426883,36200,4,LR,0.0009140576474687262
1788140932.4267347,36240,4,Loss/l_ce,0.062186479568481445
1788140932.4269116,36240,4,Loss/l_total,0.062186479568481445
1788140932.4269364,36240,4,LR,0.0009140576474687262
1788140948.0200095,36280,4,Loss/l_ce,0.022652149200439453
1788140948.020221,36280,4,Loss/l_total,0.022652149200439453
1788140948.020247,36280,4,LR,0.0009140576474687262
1788140963.240241,36320,4,Loss/l_ce,0.02794194221496582
1788140963.2404702,36320,4,Loss/l_total,0.02794194221496582
1788140963.2404952,36320,4,LR,0.0009140576474687262
1788140978.796634,36360,4,Loss/l_ce,0.05684351921081543
1788140978.7968132,36360,4,Loss/l_total,0.05684351921081543
1788140978.796836,36360,4,LR,0.0009140576474687262
1788140994.3681211,36400,4,Loss/l_ce,0.018175125122070312
1788140994.3682814,36400,4,Loss/l_total,0.018175125122070312
1788140994.3683026,36400,4,LR,0.0009140576474687262
1788141010.08553,36440,4,Loss/l_ce,0.06181478500366211
1788141010.0858686,36440,4,Loss/l_total,0.06181478500366211
1788141010.085891,36440,4,LR,0.0009140576474687262
1788141025.7570992,36480,4,Loss/l_ce,0.026787757873535156
1788141025.7572951,36480,4,Loss/l_total,0.026787757873535156
1788141025.7573225,36480,4,LR,0.0009140576474687262
1788141040.9748003,36520,4,Loss/l_ce,0.1765742301940918
1788141040.975115,36520,4,Loss/l_total,0.1765742301940918
1788141040.97514,36520,4,LR,0.0009140576474687262
1788141056.222071,36560,4,Loss/l_ce,0.02602076530456543
1788141056.222374,36560,4,Loss/l_total,0.02602076530456543
1788141056.2223978,36560,4,LR,0.0009140576474687262
1788141071.4463038,36600,4,Loss/l_ce,0.04182934761047363
1788141071.4466279,36600,4,Loss/l_total,0.04182934761047363
1788141071.446653,36600,4,LR,0.0009140576474687262
1788141086.619305,36640,4,Loss/l_ce,0.04572701454162598
1788141086.6196294,36640,4,Loss/l_total,0.04572701454162598
1788141086.6196527,36640,4,LR,0.0009140576474687262
1788141102.1358445,36680,4,Loss/l_ce,0.02265024185180664
1788141102.1361115,36680,4,Loss/l_total,0.02265024185180664
1788141102.1361365,36680,4,LR,0.0009140576474687262
1788141117.5111554,36720,4,Loss/l_ce,0.03447842597961426
1788141117.5113275,36720,4,Loss/l_total,0.03447842597961426
1788141117.5113513,36720,4,LR,0.0009140576474687262
1788141132.5954466,36760,4,Loss/l_ce,0.4421977996826172
1788141132.5956128,36760,4,Loss/l_total,0.4421977996826172
1788141132.5956342,36760,4,LR,0.0009140576474687262
1788141147.9170628,36800,4,Loss/l_ce,17.74616050720215
1788141147.9174724,36800,4,Loss/l_total,17.74616050720215
1788141147.9175115,36800,4,LR,0.0009140576474687262
1788141163.1423776,36840,4,Loss/l_ce,0.12633442878723145
1788141163.1426046,36840,4,Loss/l_total,0.12633442878723145
1788141163.1426282,36840,4,LR,0.0009140576474687262
1788141178.4556262,36880,4,Loss/l_ce,0.04769492149353027
1788141178.4557986,36880,4,Loss/l_total,0.04769492149353027
1788141178.4558234,36880,4,LR,0.0009140576474687262
1788141194.00883,36920,4,Loss/l_ce,0.02765631675720215
1788141194.0090213,36920,4,Loss/l_total,0.02765631675720215
1788141194.0090735,36920,4,LR,0.0009140576474687262
1788141209.7272935,36960,4,Loss/l_ce,0.02427196502685547
1788141209.7274942,36960,4,Loss/l_total,0.02427196502685547
1788141209.7275176,36960,4,LR,0.0009140576474687262
1788141225.3071203,37000,4,Loss/l_ce,0.01938796043395996
1788141225.3074467,37000,4,Loss/l_total,0.01938796043395996
1788141225.3074741,37000,4,LR,0.0009140576474687262
1788141240.6970587,37040,4,Loss/l_ce,0.10248422622680664
1788141240.6972914,37040,4,Loss/l_total,0.10248422622680664
1788141240.6973138,37040,4,LR,0.0009140576474687262
1788141256.2468972,37080,4,Loss/l_ce,0.030249834060668945
1788141256.24727,37080,4,Loss/l_total,0.030249834060668945
1788141256.2473056,37080,4,LR,0.0009140576474687262
1788141271.8947875,37120,4,Loss/l_ce,0.16031360626220703
1788141271.8951237,37120,4,Loss/l_total,0.16031360626220703
1788141271.8951511,37120,4,LR,0.0009140576474687262
1788141287.4537024,37160,4,Loss/l_ce,0.06070303916931152
1788141287.4539945,37160,4,Loss/l_total,0.06070303916931152
1788141287.4540195,37160,4,LR,0.0009140576474687262
1788141302.8759112,37200,4,Loss/l_ce,0.0400240421295166
1788141302.8762722,37200,4,Loss/l_total,0.0400240421295166
1788141302.8763053,37200,4,LR,0.0009140576474687262
1788141318.2325304,37240,4,Loss/l_ce,0.16648459434509277
1788141318.2327251,37240,4,Loss/l_total,0.16648459434509277
1788141318.2327502,37240,4,LR,0.0009140576474687262
1788141333.896252,37280,4,Loss/l_ce,0.19640183448791504
1788141333.8966463,37280,4,Loss/l_total,0.19640183448791504
1788141333.8966782,37280,4,LR,0.0009140576474687262
1788141349.7147934,37320,4,Loss/l_ce,0.1099705696105957
1788141349.7150652,37320,4,Loss/l_total,0.1099705696105957
1788141349.7150939,37320,4,LR,0.0009140576474687262
1788141364.9442005,37360,4,Loss/l_ce,0.17374539375305176
1788141364.9443893,37360,4,Loss/l_total,0.17374539375305176
1788141364.94442,37360,4,LR,0.0009140576474687262
1788141380.4852395,37400,4,Loss/l_ce,0.07926201820373535
1788141380.485426,37400,4,Loss/l_total,0.07926201820373535
1788141380.4854472,37400,4,LR,0.0009140576474687262
1788141396.0337954,37440,4,Loss/l_ce,0.16788697242736816
1788141396.034083,37440,4,Loss/l_total,0.16788697242736816
1788141396.0341148,37440,4,LR,0.0009140576474687262
1788141411.7342315,37480,4,Loss/l_ce,0.10357975959777832
1788141411.7345543,37480,4,Loss/l_total,0.10357975959777832
1788141411.7345805,37480,4,LR,0.0009140576474687262
1788141427.2789054,37520,4,Loss/l_ce,0.028946399688720703
1788141427.2792222,37520,4,Loss/l_total,0.028946399688720703
1788141427.2792506,37520,4,LR,0.0009140576474687262
1788141442.8592253,37560,4,Loss/l_ce,0.03974485397338867
1788141442.859521,37560,4,Loss/l_total,0.03974485397338867
1788141442.8595471,37560,4,LR,0.0009140576474687262
1788141458.311534,37600,4,Loss/l_ce,0.03244185447692871
1788141458.3118722,37600,4,Loss/l_total,0.03244185447692871
1788141458.3118997,37600,4,LR,0.0009140576474687262
1788141474.0188785,37640,4,Loss/l_ce,0.019007205963134766
1788141474.0191598,37640,4,Loss/l_total,0.019007205963134766
1788141474.019186,37640,4,LR,0.0009140576474687262
1788141489.7064843,37680,4,Loss/l_ce,0.02102375030517578
1788141489.7067785,37680,4,Loss/l_total,0.02102375030517578
1788141489.7068107,37680,4,LR,0.0009140576474687262
1788141505.1536,37720,4,Loss/l_ce,0.021101713180541992
1788141505.1538968,37720,4,Loss/l_total,0.021101713180541992
1788141505.1539204,37720,4,LR,0.0009140576474687262
1788141520.908445,37760,4,Loss/l_ce,0.18031835556030273
1788141520.9087715,37760,4,Loss/l_total,0.18031835556030273
1788141520.908801,37760,4,LR,0.0009140576474687262
1788141536.3437855,37800,4,Loss/l_ce,0.2168715000152588
1788141536.3439624,37800,4,Loss/l_total,0.2168715000152588
1788141536.3439863,37800,4,LR,0.0009140576474687262
1788141551.7135446,37840,4,Loss/l_ce,0.044840097427368164
1788141551.7137558,37840,4,Loss/l_total,0.044840097427368164
1788141551.7137856,37840,4,LR,0.0009140576474687262
1788141567.1602478,37880,4,Loss/l_ce,0.03009176254272461
1788141567.1604617,37880,4,Loss/l_total,0.03009176254272461
1788141567.160485,37880,4,LR,0.0009140576474687262
1788141582.910432,37920,4,Loss/l_ce,0.08597278594970703
1788141582.9107263,37920,4,Loss/l_total,0.08597278594970703
1788141582.9107502,37920,4,LR,0.0009140576474687262
1788141598.2269828,37960,4,Loss/l_ce,0.01949167251586914
1788141598.2272382,37960,4,Loss/l_total,0.01949167251586914
1788141598.2272642,37960,4,LR,0.0009140576474687262
1788141613.7748618,38000,4,Loss/l_ce,0.14859485626220703
1788141613.7752297,38000,4,Loss/l_total,0.14859485626220703
1788141613.7752619,38000,4,LR,0.0009140576474687262
1788141629.3358817,38040,4,Loss/l_ce,0.025511503219604492
1788141629.3361204,38040,4,Loss/l_total,0.025511503219604492
1788141629.3361454,38040,4,LR,0.0009140576474687262
1788141644.8074985,38080,4,Loss/l_ce,0.03536581993103027
1788141644.8077667,38080,4,Loss/l_total,0.03536581993103027
1788141644.807794,38080,4,LR,0.0009140576474687262
1788141660.8092427,38120,4,Loss/l_ce,0.15182781219482422
1788141660.8094873,38120,4,Loss/l_total,0.15182781219482422
1788141660.809511,38120,4,LR,0.0009140576474687262
1788141676.1994932,38160,4,Loss/l_ce,0.0928339958190918
1788141676.1998198,38160,4,Loss/l_total,0.0928339958190918
1788141676.1998446,38160,4,LR,0.0009140576474687262
1788141691.7630997,38200,4,Loss/l_ce,0.005171298980712891
1788141691.7634082,38200,4,Loss/l_total,0.005171298980712891
1788141691.7634377,38200,4,LR,0.0009140576474687262
1788141707.077925,38240,4,Loss/l_ce,0.03509020805358887
1788141707.0782692,38240,4,Loss/l_total,0.03509020805358887
1788141707.078294,38240,4,LR,0.0009140576474687262
1788141722.4233718,38280,4,Loss/l_ce,0.02680230140686035
1788141722.4236486,38280,4,Loss/l_total,0.02680230140686035
1788141722.423671,38280,4,LR,0.0009140576474687262
1788141737.9309928,38320,4,Loss/l_ce,0.052414894104003906
1788141737.931413,38320,4,Loss/l_total,0.052414894104003906
1788141737.9314547,38320,4,LR,0.0009140576474687262
1788141753.4603236,38360,4,Loss/l_ce,0.023661136627197266
1788141753.4606333,38360,4,Loss/l_total,0.023661136627197266
1788141753.4606595,38360,4,LR,0.0009140576474687262
1788141769.0429056,38400,4,Loss/l_ce,0.06326699256896973
1788141769.0432525,38400,4,Loss/l_total,0.06326699256896973
1788141769.0432808,38400,4,LR,0.0009140576474687262
1788141784.341742,38440,4,Loss/l_ce,0.08225584030151367
1788141784.3419747,38440,4,Loss/l_total,0.08225584030151367
1788141784.342001,38440,4,LR,0.0009140576474687262
1788141799.753912,38480,4,Loss/l_ce,0.042334556579589844
1788141799.754084,38480,4,Loss/l_total,0.042334556579589844
1788141799.7541127,38480,4,LR,0.0009140576474687262
1788141815.14728,38520,4,Loss/l_ce,0.0963296890258789
1788141815.147445,38520,4,Loss/l_total,0.0963296890258789
1788141815.1474676,38520,4,LR,0.0009140576474687262
1788141830.3331966,38560,4,Loss/l_ce,0.017857074737548828
1788141830.3334007,38560,4,Loss/l_total,0.017857074737548828
1788141830.3334281,38560,4,LR,0.0009140576474687262
1788141845.9769213,38600,4,Loss/l_ce,0.03500986099243164
1788141845.9771185,38600,4,Loss/l_total,0.03500986099243164
1788141845.9771445,38600,4,LR,0.0009140576474687262
1788141861.482762,38640,4,Loss/l_ce,0.10990047454833984
1788141861.4829984,38640,4,Loss/l_total,0.10990047454833984
1788141861.4830256,38640,4,LR,0.0009140576474687262
1788141876.982303,38680,4,Loss/l_ce,0.02597808837890625
1788141876.9825714,38680,4,Loss/l_total,0.02597808837890625
1788141876.9825974,38680,4,LR,0.0009140576474687262
1788141892.6110904,38720,4,Loss/l_ce,0.032709598541259766
1788141892.6113198,38720,4,Loss/l_total,0.032709598541259766
1788141892.6113424,38720,4,LR,0.0009140576474687262
1788141908.1262717,38760,4,Loss/l_ce,0.02706766128540039
1788141908.126609,38760,4,Loss/l_total,0.02706766128540039
1788141908.1266363,38760,4,LR,0.0009140576474687262
1788141923.526732,38800,4,Loss/l_ce,0.13020610809326172
1788141923.5270655,38800,4,Loss/l_total,0.13020610809326172
1788141923.5270953,38800,4,LR,0.0009140576474687262
1788141939.076623,38840,4,Loss/l_ce,0.08783125877380371
1788141939.0768375,38840,4,Loss/l_total,0.08783125877380371
1788141939.0768628,38840,4,LR,0.0009140576474687262
1788141954.3957877,38880,4,Loss/l_ce,0.02286553382873535
1788141954.3961015,38880,4,Loss/l_total,0.02286553382873535
1788141954.3961284,38880,4,LR,0.0009140576474687262
1788141969.8986228,38920,4,Loss/l_ce,0.0335543155670166
1788141969.8988793,38920,4,Loss/l_total,0.0335543155670166
1788141969.898904,38920,4,LR,0.0009140576474687262
1788141985.184637,38960,4,Loss/l_ce,0.017774105072021484
1788141985.184864,38960,4,Loss/l_total,0.017774105072021484
1788141985.184889,38960,4,LR,0.0009140576474687262
1788142000.974026,39000,4,Loss/l_ce,0.018248319625854492
1788142000.9742172,39000,4,Loss/l_total,0.018248319625854492
1788142000.974242,39000,4,LR,0.0009140576474687262
1788142016.5651295,39040,4,Loss/l_ce,0.15743660926818848
1788142016.565297,39040,4,Loss/l_total,0.15743660926818848
1788142016.5653195,39040,4,LR,0.0009140576474687262
1788142031.9536364,39080,4,Loss/l_ce,0.07778334617614746
1788142031.9538133,39080,4,Loss/l_total,0.07778334617614746
1788142031.953837,39080,4,LR,0.0009140576474687262
1788142047.3736837,39120,4,Loss/l_ce,0.06658363342285156
1788142047.3738904,39120,4,Loss/l_total,0.06658363342285156
1788142047.3739164,39120,4,LR,0.0009140576474687262
1788142063.0344055,39160,4,Loss/l_ce,0.05952286720275879
1788142063.0346737,39160,4,Loss/l_total,0.05952286720275879
1788142063.0346987,39160,4,LR,0.0009140576474687262
1788142078.9205685,39200,4,Loss/l_ce,0.021705150604248047
1788142078.9208,39200,4,Loss/l_total,0.021705150604248047
1788142078.9208238,39200,4,LR,0.0009140576474687262
1788142094.6206906,39240,4,Loss/l_ce,0.12308049201965332
1788142094.6209543,39240,4,Loss/l_total,0.12308049201965332
1788142094.6210017,39240,4,LR,0.0009140576474687262
1788142110.3081195,39280,4,Loss/l_ce,0.015248537063598633
1788142110.3084378,39280,4,Loss/l_total,0.015248537063598633
1788142110.3084629,39280,4,LR,0.0009140576474687262
1788142125.7418377,39320,4,Loss/l_ce,0.024801254272460938
1788142125.7420526,39320,4,Loss/l_total,0.024801254272460938
1788142125.7420812,39320,4,LR,0.0009140576474687262
1788142141.4368134,39360,4,Loss/l_ce,0.011284351348876953
1788142141.4370947,39360,4,Loss/l_total,0.011284351348876953
1788142141.4374273,39360,4,LR,0.0009140576474687262
1788142156.9945648,39400,4,Loss/l_ce,0.030076026916503906
1788142156.9947393,39400,4,Loss/l_total,0.030076026916503906
1788142156.9947617,39400,4,LR,0.0009140576474687262
1788142172.4756157,39440,4,Loss/l_ce,0.1691761016845703
1788142172.47582,39440,4,Loss/l_total,0.1691761016845703
1788142172.4758425,39440,4,LR,0.0009140576474687262
1788142188.0662577,39480,4,Loss/l_ce,0.0363461971282959
1788142188.0664182,39480,4,Loss/l_total,0.0363461971282959
1788142188.0664408,39480,4,LR,0.0009140576474687262
1788142203.7521353,39520,4,Loss/l_ce,0.016480684280395508
1788142203.7523665,39520,4,Loss/l_total,0.016480684280395508
1788142203.7523904,39520,4,LR,0.0009140576474687262
1788142219.0734415,39560,4,Loss/l_ce,0.03256058692932129
1788142219.0736697,39560,4,Loss/l_total,0.03256058692932129
1788142219.0736935,39560,4,LR,0.0009140576474687262
1788142234.6721241,39600,4,Loss/l_ce,0.033437252044677734
1788142234.6723437,39600,4,Loss/l_total,0.033437252044677734
1788142234.6723685,39600,4,LR,0.0009140576474687262
1788142250.705821,39640,4,Loss/l_ce,0.12533140182495117
1788142250.7062163,39640,4,Loss/l_total,0.12533140182495117
1788142250.7062507,39640,4,LR,0.0009140576474687262
1788142266.5189779,39680,4,Loss/l_ce,0.06065058708190918
1788142266.519239,39680,4,Loss/l_total,0.06065058708190918
1788142266.519265,39680,4,LR,0.0009140576474687262
1788142281.8211737,39720,4,Loss/l_ce,0.1331925392150879
1788142281.8214655,39720,4,Loss/l_total,0.1331925392150879
1788142281.8214917,39720,4,LR,0.0009140576474687262
1788142297.5581098,39760,4,Loss/l_ce,0.07042789459228516
1788142297.558486,39760,4,Loss/l_total,0.07042789459228516
1788142297.5585158,39760,4,LR,0.0009140576474687262
1788142313.475313,39800,4,Loss/l_ce,0.1439831256866455
1788142313.475537,39800,4,Loss/l_total,0.1439831256866455
1788142313.475561,39800,4,LR,0.0009140576474687262
1788142328.935507,39840,4,Loss/l_ce,0.050646066665649414
1788142328.935691,39840,4,Loss/l_total,0.050646066665649414
1788142328.9357147,39840,4,LR,0.0009140576474687262
1788142344.6935117,39880,4,Loss/l_ce,0.020910024642944336
1788142344.6936944,39880,4,Loss/l_total,0.020910024642944336
1788142344.6937206,39880,4,LR,0.0009140576474687262
1788142360.1983066,39920,4,Loss/l_ce,0.0233919620513916
1788142360.1986463,39920,4,Loss/l_total,0.0233919620513916
1788142360.198677,39920,4,LR,0.0009140576474687262
1788142375.5309675,39960,4,Loss/l_ce,0.16762733459472656
1788142375.5312798,39960,4,Loss/l_total,0.16762733459472656
1788142375.531306,39960,4,LR,0.0009140576474687262
1788142391.5725615,40000,4,Loss/l_ce,0.06180524826049805
1788142391.572876,40000,4,Loss/l_total,0.06180524826049805
1788142391.5729034,40000,4,LR,0.0009140576474687262
1788142407.1687365,40040,4,Loss/l_ce,0.06664276123046875
1788142407.1690097,40040,4,Loss/l_total,0.06664276123046875
1788142407.1690726,40040,4,LR,0.0009140576474687262
1788142422.8395143,40080,4,Loss/l_ce,0.02521824836730957
1788142422.8397377,40080,4,Loss/l_total,0.02521824836730957
1788142422.8397615,40080,4,LR,0.0009140576474687262
1788142438.2563212,40120,4,Loss/l_ce,0.05884861946105957
1788142438.256522,40120,4,Loss/l_total,0.05884861946105957
1788142438.2565732,40120,4,LR,0.0009140576474687262
1788142453.9060876,40160,4,Loss/l_ce,0.03204202651977539
1788142453.906266,40160,4,Loss/l_total,0.03204202651977539
1788142453.9062884,40160,4,LR,0.0009140576474687262
1788142469.5447624,40200,4,Loss/l_ce,0.10437512397766113
1788142469.5450175,40200,4,Loss/l_total,0.10437512397766113
1788142469.545065,40200,4,LR,0.0009140576474687262
1788142485.0123796,40240,4,Loss/l_ce,0.02822279930114746
1788142485.012635,40240,4,Loss/l_total,0.02822279930114746
1788142485.012661,40240,4,LR,0.0009140576474687262
1788142500.255598,40280,4,Loss/l_ce,0.06862258911132812
1788142500.2558856,40280,4,Loss/l_total,0.06862258911132812
1788142500.2559094,40280,4,LR,0.0009140576474687262
1788142515.77047,40320,4,Loss/l_ce,0.022043466567993164
1788142515.7707431,40320,4,Loss/l_total,0.022043466567993164
1788142515.7707667,40320,4,LR,0.0009140576474687262
1788142531.368798,40360,4,Loss/l_ce,0.021800518035888672
1788142531.3690152,40360,4,Loss/l_total,0.021800518035888672
1788142531.3690674,40360,4,LR,0.0009140576474687262
1788142547.2289531,40400,4,Loss/l_ce,0.028781890869140625
1788142547.229187,40400,4,Loss/l_total,0.028781890869140625
1788142547.2292132,40400,4,LR,0.0009140576474687262
1788142563.073563,40440,4,Loss/l_ce,0.16149425506591797
1788142563.0738194,40440,4,Loss/l_total,0.16149425506591797
1788142563.0738432,40440,4,LR,0.0009140576474687262
1788142578.93056,40480,4,Loss/l_ce,0.03257131576538086
1788142578.93091,40480,4,Loss/l_total,0.03257131576538086
1788142578.9309375,40480,4,LR,0.0009140576474687262
1788142594.8066332,40520,4,Loss/l_ce,0.06724309921264648
1788142594.8069599,40520,4,Loss/l_total,0.06724309921264648
1788142594.806987,40520,4,LR,0.0009140576474687262
1788142610.6411998,40560,4,Loss/l_ce,0.06392979621887207
1788142610.641511,40560,4,Loss/l_total,0.06392979621887207
1788142610.6415455,40560,4,LR,0.0009140576474687262
1788142626.1831717,40600,4,Loss/l_ce,0.024029254913330078
1788142626.183496,40600,4,Loss/l_total,0.024029254913330078
1788142626.1835246,40600,4,LR,0.0009140576474687262
1788142641.8508344,40640,4,Loss/l_ce,0.043619394302368164
1788142641.8511157,40640,4,Loss/l_total,0.043619394302368164
1788142641.8511517,40640,4,LR,0.0009140576474687262
1788142657.0091069,40680,4,Loss/l_ce,0.022031784057617188
1788142657.0093157,40680,4,Loss/l_total,0.022031784057617188
1788142657.0093431,40680,4,LR,0.0009140576474687262
1788142672.8163493,40720,4,Loss/l_ce,0.0646519660949707
1788142672.8166769,40720,4,Loss/l_total,0.0646519660949707
1788142672.8166997,40720,4,LR,0.0009140576474687262
1788142688.5478125,40760,4,Loss/l_ce,0.0545654296875
1788142688.5481484,40760,4,Loss/l_total,0.0545654296875
1788142688.5481746,40760,4,LR,0.0009140576474687262
1788142704.3297048,40800,4,Loss/l_ce,0.025740385055541992
1788142704.3299553,40800,4,Loss/l_total,0.025740385055541992
1788142704.3299801,40800,4,LR,0.0009140576474687262
1788142719.7106261,40840,4,Loss/l_ce,0.03586864471435547
1788142719.7109027,40840,4,Loss/l_total,0.03586864471435547
1788142719.7109265,40840,4,LR,0.0009140576474687262
1788142734.9224825,40880,4,Loss/l_ce,0.03480648994445801
1788142734.9227817,40880,4,Loss/l_total,0.03480648994445801
1788142734.9228067,40880,4,LR,0.0009140576474687262
1788142749.8974984,40920,4,Loss/l_ce,0.0693960189819336
1788142749.8978012,40920,4,Loss/l_total,0.0693960189819336
1788142749.897826,40920,4,LR,0.0009140576474687262
1788142765.5464864,40960,4,Loss/l_ce,0.009761333465576172
1788142765.5468104,40960,4,Loss/l_total,0.009761333465576172
1788142765.5468342,40960,4,LR,0.0009140576474687262
1788142780.947955,41000,4,Loss/l_ce,0.029050350189208984
1788142780.9483633,41000,4,Loss/l_total,0.029050350189208984
1788142780.9484227,41000,4,LR,0.0009140576474687262
1788142796.6392474,41040,4,Loss/l_ce,0.01356649398803711
1788142796.639423,41040,4,Loss/l_total,0.01356649398803711
1788142796.6394477,41040,4,LR,0.0009140576474687262
1788142811.908786,41080,4,Loss/l_ce,0.0074672698974609375
1788142811.9091017,41080,4,Loss/l_total,0.0074672698974609375
1788142811.9091625,41080,4,LR,0.0009140576474687262
1788142827.4258273,41120,4,Loss/l_ce,0.05432486534118652
1788142827.4261112,41120,4,Loss/l_total,0.05432486534118652
1788142827.426136,41120,4,LR,0.0009140576474687262
1788142843.0125213,41160,4,Loss/l_ce,0.02143549919128418
1788142843.0128016,41160,4,Loss/l_total,0.02143549919128418
1788142843.0128276,41160,4,LR,0.0009140576474687262
1788142858.63373,41200,4,Loss/l_ce,0.11164355278015137
1788142858.63401,41200,4,Loss/l_total,0.11164355278015137
1788142858.6340563,41200,4,LR,0.0009140576474687262
1788142874.0413358,41240,4,Loss/l_ce,0.02268505096435547
1788142874.0416472,41240,4,Loss/l_total,0.02268505096435547
1788142874.0416741,41240,4,LR,0.0009140576474687262
1788142889.4966974,41280,4,Loss/l_ce,0.023594141006469727
1788142889.4969134,41280,4,Loss/l_total,0.023594141006469727
1788142889.4969394,41280,4,LR,0.0009140576474687262
1788142904.8630185,41320,4,Loss/l_ce,0.01731085777282715
1788142904.8633354,41320,4,Loss/l_total,0.01731085777282715
1788142904.8633628,41320,4,LR,0.0009140576474687262
1788142920.1673808,41360,4,Loss/l_ce,0.022779464721679688
1788142920.1676087,41360,4,Loss/l_total,0.022779464721679688
1788142920.1676326,41360,4,LR,0.0009140576474687262
1788142936.0143454,41400,4,Loss/l_ce,0.15212392807006836
1788142936.0145414,41400,4,Loss/l_total,0.15212392807006836
1788142936.0145674,41400,4,LR,0.0009140576474687262
1788142951.303532,41440,4,Loss/l_ce,0.02692103385925293
1788142951.3037465,41440,4,Loss/l_total,0.02692103385925293
1788142951.3037703,41440,4,LR,0.0009140576474687262
1788142966.757466,41480,4,Loss/l_ce,0.0543065071105957
1788142966.7577426,41480,4,Loss/l_total,0.0543065071105957
1788142966.7577677,41480,4,LR,0.0009140576474687262
1788142982.4774482,41520,4,Loss/l_ce,0.020511388778686523
1788142982.4777534,41520,4,Loss/l_total,0.020511388778686523
1788142982.4777758,41520,4,LR,0.0009140576474687262
1788142997.7493224,41560,4,Loss/l_ce,0.007047414779663086
1788142997.7495587,41560,4,Loss/l_total,0.007047414779663086
1788142997.7495816,41560,4,LR,0.0009140576474687262
1788143012.8961227,41600,4,Loss/l_ce,0.08645892143249512
1788143012.8964207,41600,4,Loss/l_total,0.08645892143249512
1788143012.8964431,41600,4,LR,0.0009140576474687262
1788143028.456872,41640,4,Loss/l_ce,0.08226156234741211
1788143028.4572482,41640,4,Loss/l_total,0.08226156234741211
1788143028.457292,41640,4,LR,0.0009140576474687262
1788143044.1745021,41680,4,Loss/l_ce,0.09604406356811523
1788143044.1747146,41680,4,Loss/l_total,0.09604406356811523
1788143044.1747384,41680,4,LR,0.0009140576474687262
1788143059.5488636,41720,4,Loss/l_ce,0.03384256362915039
1788143059.5492175,41720,4,Loss/l_total,0.03384256362915039
1788143059.5492427,41720,4,LR,0.0009140576474687262
1788143075.030152,41760,4,Loss/l_ce,0.12562918663024902
1788143075.0304883,41760,4,Loss/l_total,0.12562918663024902
1788143075.030513,41760,4,LR,0.0009140576474687262
1788143090.7919707,41800,4,Loss/l_ce,0.022520780563354492
1788143090.7923687,41800,4,Loss/l_total,0.022520780563354492
1788143090.792402,41800,4,LR,0.0009140576474687262
1788143106.3617764,41840,4,Loss/l_ce,0.02226853370666504
1788143106.362092,41840,4,Loss/l_total,0.02226853370666504
1788143106.362123,41840,4,LR,0.0009140576474687262
1788143121.6775124,41880,4,Loss/l_ce,0.03315591812133789
1788143121.6776834,41880,4,Loss/l_total,0.03315591812133789
1788143121.6777072,41880,4,LR,0.0009140576474687262
1788143137.0346806,41920,4,Loss/l_ce,0.02628779411315918
1788143137.0348575,41920,4,Loss/l_total,0.02628779411315918
1788143137.0348802,41920,4,LR,0.0009140576474687262
1788143152.8209682,41960,4,Loss/l_ce,0.011117696762084961
1788143152.8212972,41960,4,Loss/l_total,0.011117696762084961
1788143152.8213246,41960,4,LR,0.0009140576474687262
1788143168.3161824,42000,4,Loss/l_ce,0.017697572708129883
1788143168.3163722,42000,4,Loss/l_total,0.017697572708129883
1788143168.316401,42000,4,LR,0.0009140576474687262
1788143183.9358037,42040,4,Loss/l_ce,0.09920024871826172
1788143183.9359758,42040,4,Loss/l_total,0.09920024871826172
1788143183.9360185,42040,4,LR,0.0009140576474687262
1788143199.3293855,42080,4,Loss/l_ce,0.025903940200805664
1788143199.329566,42080,4,Loss/l_total,0.025903940200805664
1788143199.3295884,42080,4,LR,0.0009140576474687262
1788143215.1497357,42120,4,Loss/l_ce,0.020107746124267578
1788143215.1499138,42120,4,Loss/l_total,0.020107746124267578
1788143215.1499364,42120,4,LR,0.0009140576474687262
1788143231.2831106,42160,4,Loss/l_ce,0.025203704833984375
1788143231.2832863,42160,4,Loss/l_total,0.025203704833984375
1788143231.2833102,42160,4,LR,0.0009140576474687262
1788143247.268589,42200,4,Loss/l_ce,0.03213763236999512
1788143247.2688217,42200,4,Loss/l_total,0.03213763236999512
1788143247.268855,42200,4,LR,0.0009140576474687262
1788143262.9248507,42240,4,Loss/l_ce,0.10351896286010742
1788143262.9250267,42240,4,Loss/l_total,0.10351896286010742
1788143262.9250789,42240,4,LR,0.0009140576474687262
1788143278.3778038,42280,4,Loss/l_ce,0.19317054748535156
1788143278.3780186,42280,4,Loss/l_total,0.19317054748535156
1788143278.3780673,42280,4,LR,0.0009140576474687262
1788143293.7916708,42320,4,Loss/l_ce,0.05485343933105469
1788143293.7919002,42320,4,Loss/l_total,0.05485343933105469
1788143293.79193,42320,4,LR,0.0009140576474687262
1788143309.1033916,42360,4,Loss/l_ce,0.05305647850036621
1788143309.1035862,42360,4,Loss/l_total,0.05305647850036621
1788143309.1036184,42360,4,LR,0.0009140576474687262
1788143324.2486477,42400,4,Loss/l_ce,0.03406190872192383
1788143324.2488637,42400,4,Loss/l_total,0.03406190872192383
1788143324.2488875,42400,4,LR,0.0009140576474687262
1788143339.7648933,42440,4,Loss/l_ce,0.06882143020629883
1788143339.7650845,42440,4,Loss/l_total,0.06882143020629883
1788143339.765108,42440,4,LR,0.0009140576474687262
1788143355.3117688,42480,4,Loss/l_ce,0.025824785232543945
1788143355.3119836,42480,4,Loss/l_total,0.025824785232543945
1788143355.3120074,42480,4,LR,0.0009140576474687262
1788143371.0035477,42520,4,Loss/l_ce,0.08812642097473145
1788143371.003764,42520,4,Loss/l_total,0.08812642097473145
1788143371.0037875,42520,4,LR,0.0009140576474687262
1788143386.2267287,42560,4,Loss/l_ce,0.02604508399963379
1788143386.2268984,42560,4,Loss/l_total,0.02604508399963379
1788143386.2269247,42560,4,LR,0.0009140576474687262
1788143401.4861994,42600,4,Loss/l_ce,0.05867147445678711
1788143401.4864094,42600,4,Loss/l_total,0.05867147445678711
1788143401.4864333,42600,4,LR,0.0009140576474687262
1788143416.9653683,42640,4,Loss/l_ce,0.02947711944580078
1788143416.9655917,42640,4,Loss/l_total,0.02947711944580078
1788143416.9656167,42640,4,LR,0.0009140576474687262
1788143432.4252725,42680,4,Loss/l_ce,0.024650096893310547
1788143432.4255836,42680,4,Loss/l_total,0.024650096893310547
1788143432.4256074,42680,4,LR,0.0009140576474687262
1788143447.848216,42720,4,Loss/l_ce,0.03878211975097656
1788143447.848457,42720,4,Loss/l_total,0.03878211975097656
1788143447.8484807,42720,4,LR,0.0009140576474687262
1788143463.1946552,42760,4,Loss/l_ce,0.02387094497680664
1788143463.194907,42760,4,Loss/l_total,0.02387094497680664
1788143463.1949308,42760,4,LR,0.0009140576474687262
1788143478.5991223,42800,4,Loss/l_ce,0.03202176094055176
1788143478.5994394,42800,4,Loss/l_total,0.03202176094055176
1788143478.5994666,42800,4,LR,0.0009140576474687262
1788143494.2928264,42840,4,Loss/l_ce,0.0074574947357177734
1788143494.2930508,42840,4,Loss/l_total,0.0074574947357177734
1788143494.293078,42840,4,LR,0.0009140576474687262
1788143509.687464,42880,4,Loss/l_ce,0.018909454345703125
1788143509.68782,42880,4,Loss/l_total,0.018909454345703125
1788143509.6878676,42880,4,LR,0.0009140576474687262
1788143525.167797,42920,4,Loss/l_ce,0.04773068428039551
1788143525.16819,42920,4,Loss/l_total,0.04773068428039551
1788143525.1682208,42920,4,LR,0.0009140576474687262
1788143540.7862375,42960,4,Loss/l_ce,0.020810842514038086
1788143540.7865021,42960,4,Loss/l_total,0.020810842514038086
1788143540.786526,42960,4,LR,0.0009140576474687262
1788143556.5159097,43000,4,Loss/l_ce,0.03385472297668457
1788143556.5161495,43000,4,Loss/l_total,0.03385472297668457
1788143556.5161731,43000,4,LR,0.0009140576474687262
1788143572.320943,43040,4,Loss/l_ce,0.0721123218536377
1788143572.321285,43040,4,Loss/l_total,0.0721123218536377
1788143572.3213122,43040,4,LR,0.0009140576474687262
1788143587.814072,43080,4,Loss/l_ce,0.04777050018310547
1788143587.8143685,43080,4,Loss/l_total,0.04777050018310547
1788143587.814397,43080,4,LR,0.0009140576474687262
1788143603.5395138,43120,4,Loss/l_ce,0.05553627014160156
1788143603.539749,43120,4,Loss/l_total,0.05553627014160156
1788143603.539774,43120,4,LR,0.0009140576474687262
1788143618.9750767,43160,4,Loss/l_ce,0.16019344329833984
1788143618.9754326,43160,4,Loss/l_total,0.16019344329833984
1788143618.9754732,43160,4,LR,0.0009140576474687262
1788143634.387474,43200,4,Loss/l_ce,0.18370318412780762
1788143634.3876367,43200,4,Loss/l_total,0.18370318412780762
1788143634.3876593,43200,4,LR,0.0009140576474687262
1788143649.498327,43240,4,Loss/l_ce,0.025055408477783203
1788143649.4985633,43240,4,Loss/l_total,0.025055408477783203
1788143649.498588,43240,4,LR,0.0009140576474687262
1788143664.8668907,43280,4,Loss/l_ce,0.022143840789794922
1788143664.867189,43280,4,Loss/l_total,0.022143840789794922
1788143664.8672137,43280,4,LR,0.0009140576474687262
1788143680.9437642,43320,4,Loss/l_ce,0.030907154083251953
1788143680.9440658,43320,4,Loss/l_total,0.030907154083251953
1788143680.9440954,43320,4,LR,0.0009140576474687262
1788143696.593107,43360,4,Loss/l_ce,0.07474374771118164
1788143696.5933528,43360,4,Loss/l_total,0.07474374771118164
1788143696.5933788,43360,4,LR,0.0009140576474687262
1788143712.064336,43400,4,Loss/l_ce,0.07732176780700684
1788143712.0645273,43400,4,Loss/l_total,0.07732176780700684
1788143712.06455,43400,4,LR,0.0009140576474687262
1788143727.474186,43440,4,Loss/l_ce,0.04001307487487793
1788143727.4744568,43440,4,Loss/l_total,0.04001307487487793
1788143727.474483,43440,4,LR,0.0009140576474687262
1788143743.0609963,43480,4,Loss/l_ce,0.04282522201538086
1788143743.0612135,43480,4,Loss/l_total,0.04282522201538086
1788143743.0612385,43480,4,LR,0.0009140576474687262
1788143793.473682,43510,4,Val/dense_error,0.030504563823342323
1788143793.4739954,43510,4,Val/auc,0.7352369694455702
1788143793.4741035,43510,4,Val/pck_max,0.1
1788143793.474405,43510,4,Val/pck_n,100.0
1788143800.3878136,43520,5,Loss/l_ce,0.0051059722900390625
1788143800.387987,43520,5,Loss/l_total,0.0051059722900390625
1788143800.3880095,43520,5,LR,0.0008681980515339462
1788143815.9124653,43560,5,Loss/l_ce,0.009460926055908203
1788143815.912671,43560,5,Loss/l_total,0.009460926055908203
1788143815.9126983,43560,5,LR,0.0008681980515339462
1788143831.4381196,43600,5,Loss/l_ce,0.025176048278808594
1788143831.4384105,43600,5,Loss/l_total,0.025176048278808594
1788143831.438439,43600,5,LR,0.0008681980515339462
1788143847.0403922,43640,5,Loss/l_ce,0.05642437934875488
1788143847.0406132,43640,5,Loss/l_total,0.05642437934875488
1788143847.0406392,43640,5,LR,0.0008681980515339462
1788143862.482437,43680,5,Loss/l_ce,0.09671592712402344
1788143862.482742,43680,5,Loss/l_total,0.09671592712402344
1788143862.482766,43680,5,LR,0.0008681980515339462
1788143878.1468444,43720,5,Loss/l_ce,0.060868263244628906
1788143878.1470664,43720,5,Loss/l_total,0.060868263244628906
1788143878.1470902,43720,5,LR,0.0008681980515339462
1788143893.734677,43760,5,Loss/l_ce,0.021718263626098633
1788143893.7349277,43760,5,Loss/l_total,0.021718263626098633
1788143893.73495,43760,5,LR,0.0008681980515339462
1788143909.2196047,43800,5,Loss/l_ce,0.022362232208251953
1788143909.2199063,43800,5,Loss/l_total,0.022362232208251953
1788143909.2199347,43800,5,LR,0.0008681980515339462
1788143924.5571318,43840,5,Loss/l_ce,0.030638933181762695
1788143924.5573504,43840,5,Loss/l_total,0.030638933181762695
1788143924.5573766,43840,5,LR,0.0008681980515339462
1788143940.034944,43880,5,Loss/l_ce,0.026286602020263672
1788143940.0352716,43880,5,Loss/l_total,0.026286602020263672
1788143940.0353014,43880,5,LR,0.0008681980515339462
1788143955.6474051,43920,5,Loss/l_ce,0.032765865325927734
1788143955.6476257,43920,5,Loss/l_total,0.032765865325927734
1788143955.6476483,43920,5,LR,0.0008681980515339462
1788143971.133774,43960,5,Loss/l_ce,0.005838632583618164
1788143971.1339853,43960,5,Loss/l_total,0.005838632583618164
1788143971.1340103,43960,5,LR,0.0008681980515339462
1788143986.7191207,44000,5,Loss/l_ce,0.03888583183288574
1788143986.7193213,44000,5,Loss/l_total,0.03888583183288574
1788143986.7193522,44000,5,LR,0.0008681980515339462
1788144002.5674012,44040,5,Loss/l_ce,0.024788856506347656
1788144002.5676267,44040,5,Loss/l_total,0.024788856506347656
1788144002.5678928,44040,5,LR,0.0008681980515339462
1788144017.9514027,44080,5,Loss/l_ce,0.06257939338684082
1788144017.9516475,44080,5,Loss/l_total,0.06257939338684082
1788144017.951675,44080,5,LR,0.0008681980515339462
1788144033.4983253,44120,5,Loss/l_ce,0.151320219039917
1788144033.4985602,44120,5,Loss/l_total,0.151320219039917
1788144033.4985876,44120,5,LR,0.0008681980515339462
1788144049.1436875,44160,5,Loss/l_ce,0.02360677719116211
1788144049.143913,44160,5,Loss/l_total,0.02360677719116211
1788144049.1439354,44160,5,LR,0.0008681980515339462
1788144065.0073364,44200,5,Loss/l_ce,0.0785980224609375
1788144065.0075336,44200,5,Loss/l_total,0.0785980224609375
1788144065.0075583,44200,5,LR,0.0008681980515339462
1788144080.2788253,44240,5,Loss/l_ce,0.027861595153808594
1788144080.279058,44240,5,Loss/l_total,0.027861595153808594
1788144080.2790818,44240,5,LR,0.0008681980515339462
1788144095.600413,44280,5,Loss/l_ce,0.044049978256225586
1788144095.600664,44280,5,Loss/l_total,0.044049978256225586
1788144095.6006875,44280,5,LR,0.0008681980515339462
1788144111.1790936,44320,5,Loss/l_ce,0.07600188255310059
1788144111.1793997,44320,5,Loss/l_total,0.07600188255310059
1788144111.1794355,44320,5,LR,0.0008681980515339462
1788144126.7032187,44360,5,Loss/l_ce,0.02575850486755371
1788144126.703455,44360,5,Loss/l_total,0.02575850486755371
1788144126.7034776,44360,5,LR,0.0008681980515339462
1788144142.397957,44400,5,Loss/l_ce,0.12360310554504395
1788144142.3982978,44400,5,Loss/l_total,0.12360310554504395
1788144142.3983262,44400,5,LR,0.0008681980515339462
1788144158.2598977,44440,5,Loss/l_ce,0.027953624725341797
1788144158.2601278,44440,5,Loss/l_total,0.027953624725341797
1788144158.2601516,44440,5,LR,0.0008681980515339462
1788144173.8346207,44480,5,Loss/l_ce,0.02752399444580078
1788144173.8348463,44480,5,Loss/l_total,0.02752399444580078
1788144173.83487,44480,5,LR,0.0008681980515339462
1788144189.6085339,44520,5,Loss/l_ce,0.05260276794433594
1788144189.6087618,44520,5,Loss/l_total,0.05260276794433594
1788144189.6087854,44520,5,LR,0.0008681980515339462
1788144205.1832142,44560,5,Loss/l_ce,0.026610851287841797
1788144205.1833816,44560,5,Loss/l_total,0.026610851287841797
1788144205.1834054,44560,5,LR,0.0008681980515339462
1788144220.4924653,44600,5,Loss/l_ce,0.0821988582611084
1788144220.492655,44600,5,Loss/l_total,0.0821988582611084
1788144220.4926777,44600,5,LR,0.0008681980515339462
1788144236.022464,44640,5,Loss/l_ce,0.09564781188964844
1788144236.022635,44640,5,Loss/l_total,0.09564781188964844
1788144236.0226562,44640,5,LR,0.0008681980515339462
1788144251.3846445,44680,5,Loss/l_ce,0.08662176132202148
1788144251.3848238,44680,5,Loss/l_total,0.08662176132202148
1788144251.3848476,44680,5,LR,0.0008681980515339462
1788144267.2138572,44720,5,Loss/l_ce,0.004086494445800781
1788144267.2140675,44720,5,Loss/l_total,0.004086494445800781
1788144267.2140949,44720,5,LR,0.0008681980515339462
1788144282.8345666,44760,5,Loss/l_ce,0.03248190879821777
1788144282.8347414,44760,5,Loss/l_total,0.03248190879821777
1788144282.8347638,44760,5,LR,0.0008681980515339462
1788144298.2688673,44800,5,Loss/l_ce,0.03721213340759277
1788144298.2691298,44800,5,Loss/l_total,0.03721213340759277
1788144298.2691593,44800,5,LR,0.0008681980515339462
1788144312.9861233,44840,5,Loss/l_ce,0.06900286674499512
1788144312.9862943,44840,5,Loss/l_total,0.06900286674499512
1788144312.9863167,44840,5,LR,0.0008681980515339462
1788144328.3480012,44880,5,Loss/l_ce,0.08531856536865234
1788144328.34824,44880,5,Loss/l_total,0.08531856536865234
1788144328.348266,44880,5,LR,0.0008681980515339462
1788144343.722177,44920,5,Loss/l_ce,0.02140522003173828
1788144343.7223444,44920,5,Loss/l_total,0.02140522003173828
1788144343.722367,44920,5,LR,0.0008681980515339462
1788144359.9067416,44960,5,Loss/l_ce,0.05011296272277832
1788144359.9069967,44960,5,Loss/l_total,0.05011296272277832
1788144359.9070241,44960,5,LR,0.0008681980515339462
1788144375.3432055,45000,5,Loss/l_ce,0.04095649719238281
1788144375.343362,45000,5,Loss/l_total,0.04095649719238281
1788144375.343387,45000,5,LR,0.0008681980515339462
1788144390.7904296,45040,5,Loss/l_ce,0.051772356033325195
1788144390.790622,45040,5,Loss/l_total,0.051772356033325195
1788144390.7906494,45040,5,LR,0.0008681980515339462
1788144406.3266988,45080,5,Loss/l_ce,0.04425811767578125
1788144406.3268638,45080,5,Loss/l_total,0.04425811767578125
1788144406.3268888,45080,5,LR,0.0008681980515339462
1788144422.1096463,45120,5,Loss/l_ce,0.03912091255187988
1788144422.10981,45120,5,Loss/l_total,0.03912091255187988
1788144422.1098328,45120,5,LR,0.0008681980515339462
1788144437.4642496,45160,5,Loss/l_ce,0.03429841995239258
1788144437.46443,45160,5,Loss/l_total,0.03429841995239258
1788144437.464454,45160,5,LR,0.0008681980515339462
1788144453.0389194,45200,5,Loss/l_ce,0.025989294052124023
1788144453.0392034,45200,5,Loss/l_total,0.025989294052124023
1788144453.0392294,45200,5,LR,0.0008681980515339462
1788144468.5457783,45240,5,Loss/l_ce,0.005959987640380859
1788144468.5459704,45240,5,Loss/l_total,0.005959987640380859
1788144468.5459943,45240,5,LR,0.0008681980515339462
1788144483.8073568,45280,5,Loss/l_ce,0.02222609519958496
1788144483.8075492,45280,5,Loss/l_total,0.02222609519958496
1788144483.8075767,45280,5,LR,0.0008681980515339462
1788144499.3948648,45320,5,Loss/l_ce,0.17021894454956055
1788144499.3950858,45320,5,Loss/l_total,0.17021894454956055
1788144499.3951106,45320,5,LR,0.0008681980515339462
1788144514.845896,45360,5,Loss/l_ce,0.010982990264892578
1788144514.846106,45360,5,Loss/l_total,0.010982990264892578
1788144514.8461297,45360,5,LR,0.0008681980515339462
1788144530.4188073,45400,5,Loss/l_ce,0.030478954315185547
1788144530.4191754,45400,5,Loss/l_total,0.030478954315185547
1788144530.4192026,45400,5,LR,0.0008681980515339462
1788144545.986876,45440,5,Loss/l_ce,0.019057750701904297
1788144545.987276,45440,5,Loss/l_total,0.019057750701904297
1788144545.9873033,45440,5,LR,0.0008681980515339462
1788144561.442949,45480,5,Loss/l_ce,0.03840374946594238
1788144561.4432626,45480,5,Loss/l_total,0.03840374946594238
1788144561.4432862,45480,5,LR,0.0008681980515339462
1788144577.1977625,45520,5,Loss/l_ce,0.10814428329467773
1788144577.1981106,45520,5,Loss/l_total,0.10814428329467773
1788144577.1981366,45520,5,LR,0.0008681980515339462
1788144593.2761734,45560,5,Loss/l_ce,0.026691913604736328
1788144593.2764478,45560,5,Loss/l_total,0.026691913604736328
1788144593.2764738,45560,5,LR,0.0008681980515339462
1788144609.026836,45600,5,Loss/l_ce,0.0190277099609375
1788144609.0271614,45600,5,Loss/l_total,0.0190277099609375
1788144609.0271873,45600,5,LR,0.0008681980515339462
1788144624.867207,45640,5,Loss/l_ce,0.060024261474609375
1788144624.8674173,45640,5,Loss/l_total,0.060024261474609375
1788144624.8676658,45640,5,LR,0.0008681980515339462
1788144640.4892633,45680,5,Loss/l_ce,0.022834300994873047
1788144640.4895709,45680,5,Loss/l_total,0.022834300994873047
1788144640.4895957,45680,5,LR,0.0008681980515339462
1788144656.3004982,45720,5,Loss/l_ce,0.019369125366210938
1788144656.3007262,45720,5,Loss/l_total,0.019369125366210938
1788144656.3007596,45720,5,LR,0.0008681980515339462
1788144672.2904618,45760,5,Loss/l_ce,0.02382063865661621
1788144672.290667,45760,5,Loss/l_total,0.02382063865661621
1788144672.2906919,45760,5,LR,0.0008681980515339462
1788144687.9838183,45800,5,Loss/l_ce,0.19144773483276367
1788144687.9841814,45800,5,Loss/l_total,0.19144773483276367
1788144687.9842398,45800,5,LR,0.0008681980515339462
1788144703.6699398,45840,5,Loss/l_ce,0.010561943054199219
1788144703.67029,45840,5,Loss/l_total,0.010561943054199219
1788144703.670316,45840,5,LR,0.0008681980515339462
1788144719.1550732,45880,5,Loss/l_ce,0.05302906036376953
1788144719.1553762,45880,5,Loss/l_total,0.05302906036376953
1788144719.1553986,45880,5,LR,0.0008681980515339462
1788144734.7325096,45920,5,Loss/l_ce,0.13538146018981934
1788144734.7328207,45920,5,Loss/l_total,0.13538146018981934
1788144734.732848,45920,5,LR,0.0008681980515339462
1788144750.5308635,45960,5,Loss/l_ce,0.05894947052001953
1788144750.5311248,45960,5,Loss/l_total,0.05894947052001953
1788144750.5311499,45960,5,LR,0.0008681980515339462
1788144765.8042088,46000,5,Loss/l_ce,0.025592803955078125
1788144765.8045115,46000,5,Loss/l_total,0.025592803955078125
1788144765.8045352,46000,5,LR,0.0008681980515339462
1788144781.3467302,46040,5,Loss/l_ce,0.041318655014038086
1788144781.347078,46040,5,Loss/l_total,0.041318655014038086
1788144781.347108,46040,5,LR,0.0008681980515339462
1788144796.8483968,46080,5,Loss/l_ce,0.0721292495727539
1788144796.8487506,46080,5,Loss/l_total,0.0721292495727539
1788144796.8487968,46080,5,LR,0.0008681980515339462
1788144812.2369406,46120,5,Loss/l_ce,0.02298593521118164
1788144812.237185,46120,5,Loss/l_total,0.02298593521118164
1788144812.23721,46120,5,LR,0.0008681980515339462
1788144827.6260016,46160,5,Loss/l_ce,0.09709858894348145
1788144827.6263494,46160,5,Loss/l_total,0.09709858894348145
1788144827.6263733,46160,5,LR,0.0008681980515339462
1788144843.079691,46200,5,Loss/l_ce,0.06522870063781738
1788144843.0799713,46200,5,Loss/l_total,0.06522870063781738
1788144843.079995,46200,5,LR,0.0008681980515339462
1788144858.83218,46240,5,Loss/l_ce,0.09952545166015625
1788144858.8325028,46240,5,Loss/l_total,0.09952545166015625
1788144858.8325253,46240,5,LR,0.0008681980515339462
1788144874.182546,46280,5,Loss/l_ce,0.10677194595336914
1788144874.1828203,46280,5,Loss/l_total,0.10677194595336914
1788144874.182845,46280,5,LR,0.0008681980515339462
1788144889.498389,46320,5,Loss/l_ce,0.11843299865722656
1788144889.4986076,46320,5,Loss/l_total,0.11843299865722656
1788144889.4986315,46320,5,LR,0.0008681980515339462
1788144904.989294,46360,5,Loss/l_ce,0.1520709991455078
1788144904.9895947,46360,5,Loss/l_total,0.1520709991455078
1788144904.9896302,46360,5,LR,0.0008681980515339462
1788144920.5455494,46400,5,Loss/l_ce,0.02705836296081543
1788144920.5458283,46400,5,Loss/l_total,0.02705836296081543
1788144920.545852,46400,5,LR,0.0008681980515339462
1788144935.9359143,46440,5,Loss/l_ce,0.08832216262817383
1788144935.9362326,46440,5,Loss/l_total,0.08832216262817383
1788144935.9362586,46440,5,LR,0.0008681980515339462
1788144951.4036467,46480,5,Loss/l_ce,0.045052528381347656
1788144951.403838,46480,5,Loss/l_total,0.045052528381347656
1788144951.4038627,46480,5,LR,0.0008681980515339462
1788144966.6799898,46520,5,Loss/l_ce,0.02085113525390625
1788144966.6803174,46520,5,Loss/l_total,0.02085113525390625
1788144966.6803424,46520,5,LR,0.0008681980515339462
1788144981.863086,46560,5,Loss/l_ce,0.1318047046661377
1788144981.8633332,46560,5,Loss/l_total,0.1318047046661377
1788144981.863529,46560,5,LR,0.0008681980515339462
1788144997.2369833,46600,5,Loss/l_ce,0.07197713851928711
1788144997.23731,46600,5,Loss/l_total,0.07197713851928711
1788144997.2373362,46600,5,LR,0.0008681980515339462
1788145012.7086058,46640,5,Loss/l_ce,0.019946575164794922
1788145012.708882,46640,5,Loss/l_total,0.019946575164794922
1788145012.708913,46640,5,LR,0.0008681980515339462
1788145028.0865324,46680,5,Loss/l_ce,0.1308748722076416
1788145028.0867474,46680,5,Loss/l_total,0.1308748722076416
1788145028.0867712,46680,5,LR,0.0008681980515339462
1788145043.6371217,46720,5,Loss/l_ce,0.028364896774291992
1788145043.6374176,46720,5,Loss/l_total,0.028364896774291992
1788145043.6374424,46720,5,LR,0.0008681980515339462
1788145059.1756825,46760,5,Loss/l_ce,0.014305353164672852
1788145059.175969,46760,5,Loss/l_total,0.014305353164672852
1788145059.1760137,46760,5,LR,0.0008681980515339462
1788145074.618571,46800,5,Loss/l_ce,0.02023625373840332
1788145074.6187847,46800,5,Loss/l_total,0.02023625373840332
1788145074.6188085,46800,5,LR,0.0008681980515339462
1788145091.8479805,46840,5,Loss/l_ce,0.1553955078125
1788145091.848452,46840,5,Loss/l_total,0.1553955078125
1788145091.848484,46840,5,LR,0.0008681980515339462
1788145110.3274045,46880,5,Loss/l_ce,0.1232900619506836
1788145110.327635,46880,5,Loss/l_total,0.1232900619506836
1788145110.32766,46880,5,LR,0.0008681980515339462
1788145128.0092807,46920,5,Loss/l_ce,0.01182246208190918
1788145128.0094862,46920,5,Loss/l_total,0.01182246208190918
1788145128.0095086,46920,5,LR,0.0008681980515339462
1788145144.3808832,46960,5,Loss/l_ce,0.028805255889892578
1788145144.3814032,46960,5,Loss/l_total,0.028805255889892578
1788145144.3814328,46960,5,LR,0.0008681980515339462
1788145160.0951774,47000,5,Loss/l_ce,0.10579299926757812
1788145160.0954912,47000,5,Loss/l_total,0.10579299926757812
1788145160.0955207,47000,5,LR,0.0008681980515339462
1788145176.0431626,47040,5,Loss/l_ce,0.01748347282409668
1788145176.0434132,47040,5,Loss/l_total,0.01748347282409668
1788145176.0434382,47040,5,LR,0.0008681980515339462
1788145191.7781813,47080,5,Loss/l_ce,0.05746889114379883
1788145191.778355,47080,5,Loss/l_total,0.05746889114379883
1788145191.778381,47080,5,LR,0.0008681980515339462
1788145208.4553654,47120,5,Loss/l_ce,0.03930354118347168
1788145208.4556565,47120,5,Loss/l_total,0.03930354118347168
1788145208.4556813,47120,5,LR,0.0008681980515339462
1788145224.3945801,47160,5,Loss/l_ce,0.02275562286376953
1788145224.3948724,47160,5,Loss/l_total,0.02275562286376953
1788145224.394896,47160,5,LR,0.0008681980515339462
1788145240.1697881,47200,5,Loss/l_ce,0.06464219093322754
1788145240.1701455,47200,5,Loss/l_total,0.06464219093322754
1788145240.1701775,47200,5,LR,0.0008681980515339462
1788145256.0115094,47240,5,Loss/l_ce,0.14203310012817383
1788145256.011766,47240,5,Loss/l_total,0.14203310012817383
1788145256.011791,47240,5,LR,0.0008681980515339462
1788145271.5675476,47280,5,Loss/l_ce,0.054288387298583984
1788145271.5677722,47280,5,Loss/l_total,0.054288387298583984
1788145271.567796,47280,5,LR,0.0008681980515339462
1788145287.0233011,47320,5,Loss/l_ce,0.08409881591796875
1788145287.0236573,47320,5,Loss/l_total,0.08409881591796875
1788145287.023682,47320,5,LR,0.0008681980515339462
1788145302.8810704,47360,5,Loss/l_ce,0.035488128662109375
1788145302.8813076,47360,5,Loss/l_total,0.035488128662109375
1788145302.881335,47360,5,LR,0.0008681980515339462
1788145318.7565446,47400,5,Loss/l_ce,0.027410268783569336
1788145318.7567854,47400,5,Loss/l_total,0.027410268783569336
1788145318.7568128,47400,5,LR,0.0008681980515339462
1788145334.2038064,47440,5,Loss/l_ce,0.13844919204711914
1788145334.2041306,47440,5,Loss/l_total,0.13844919204711914
1788145334.204158,47440,5,LR,0.0008681980515339462
1788145349.6657233,47480,5,Loss/l_ce,0.13881325721740723
1788145349.6660604,47480,5,Loss/l_total,0.13881325721740723
1788145349.6660879,47480,5,LR,0.0008681980515339462
1788145365.0662882,47520,5,Loss/l_ce,0.06576037406921387
1788145365.0666015,47520,5,Loss/l_total,0.06576037406921387
1788145365.0666275,47520,5,LR,0.0008681980515339462
1788145380.5814114,47560,5,Loss/l_ce,0.025161266326904297
1788145380.5816453,47560,5,Loss/l_total,0.025161266326904297
1788145380.5816715,47560,5,LR,0.0008681980515339462
1788145396.1691282,47600,5,Loss/l_ce,0.10488247871398926
1788145396.1693716,47600,5,Loss/l_total,0.10488247871398926
1788145396.1693954,47600,5,LR,0.0008681980515339462
1788145411.699257,47640,5,Loss/l_ce,0.025609731674194336
1788145411.6995595,47640,5,Loss/l_total,0.025609731674194336
1788145411.69962,47640,5,LR,0.0008681980515339462
1788145427.5091429,47680,5,Loss/l_ce,0.05384349822998047
1788145427.509384,47680,5,Loss/l_total,0.05384349822998047
1788145427.5094087,47680,5,LR,0.0008681980515339462
1788145443.0007842,47720,5,Loss/l_ce,0.06435370445251465
1788145443.0009468,47720,5,Loss/l_total,0.06435370445251465
1788145443.000985,47720,5,LR,0.0008681980515339462
1788145458.3689682,47760,5,Loss/l_ce,0.042205095291137695
1788145458.3692708,47760,5,Loss/l_total,0.042205095291137695
1788145458.369322,47760,5,LR,0.0008681980515339462
1788145473.7832916,47800,5,Loss/l_ce,0.16033101081848145
1788145473.7835383,47800,5,Loss/l_total,0.16033101081848145
1788145473.783561,47800,5,LR,0.0008681980515339462
1788145489.5228472,47840,5,Loss/l_ce,0.02085113525390625
1788145489.5231702,47840,5,Loss/l_total,0.02085113525390625
1788145489.5231986,47840,5,LR,0.0008681980515339462
1788145505.114477,47880,5,Loss/l_ce,0.031059980392456055
1788145505.114731,47880,5,Loss/l_total,0.031059980392456055
1788145505.1147583,47880,5,LR,0.0008681980515339462
1788145520.656113,47920,5,Loss/l_ce,0.022077560424804688
1788145520.6564004,47920,5,Loss/l_total,0.022077560424804688
1788145520.6564229,47920,5,LR,0.0008681980515339462
1788145535.9481595,47960,5,Loss/l_ce,0.027614355087280273
1788145535.9484043,47960,5,Loss/l_total,0.027614355087280273
1788145535.948429,47960,5,LR,0.0008681980515339462
1788145551.4422684,48000,5,Loss/l_ce,0.08342456817626953
1788145551.4425902,48000,5,Loss/l_total,0.08342456817626953
1788145551.442615,48000,5,LR,0.0008681980515339462
1788145566.7909348,48040,5,Loss/l_ce,0.018389463424682617
1788145566.791278,48040,5,Loss/l_total,0.018389463424682617
1788145566.7913027,48040,5,LR,0.0008681980515339462
1788145582.1848714,48080,5,Loss/l_ce,0.06058478355407715
1788145582.1853013,48080,5,Loss/l_total,0.06058478355407715
1788145582.1853273,48080,5,LR,0.0008681980515339462
1788145597.776232,48120,5,Loss/l_ce,0.03174877166748047
1788145597.7765512,48120,5,Loss/l_total,0.03174877166748047
1788145597.776575,48120,5,LR,0.0008681980515339462
1788145613.4269652,48160,5,Loss/l_ce,0.1169438362121582
1788145613.4273784,48160,5,Loss/l_total,0.1169438362121582
1788145613.4274068,48160,5,LR,0.0008681980515339462
1788145629.0794702,48200,5,Loss/l_ce,0.0715181827545166
1788145629.0797648,48200,5,Loss/l_total,0.0715181827545166
1788145629.0797918,48200,5,LR,0.0008681980515339462
1788145644.5138133,48240,5,Loss/l_ce,0.06929922103881836
1788145644.5142417,48240,5,Loss/l_total,0.06929922103881836
1788145644.5142918,48240,5,LR,0.0008681980515339462
1788145659.7611156,48280,5,Loss/l_ce,0.06510496139526367
1788145659.7613864,48280,5,Loss/l_total,0.06510496139526367
1788145659.7614114,48280,5,LR,0.0008681980515339462
1788145675.0132065,48320,5,Loss/l_ce,0.045633554458618164
1788145675.013437,48320,5,Loss/l_total,0.045633554458618164
1788145675.0134606,48320,5,LR,0.0008681980515339462
1788145690.675241,48360,5,Loss/l_ce,0.16248416900634766
1788145690.6755805,48360,5,Loss/l_total,0.16248416900634766
1788145690.6756055,48360,5,LR,0.0008681980515339462
1788145706.115327,48400,5,Loss/l_ce,0.025928258895874023
1788145706.115548,48400,5,Loss/l_total,0.025928258895874023
1788145706.1155705,48400,5,LR,0.0008681980515339462
1788145721.7362988,48440,5,Loss/l_ce,0.03452754020690918
1788145721.736529,48440,5,Loss/l_total,0.03452754020690918
1788145721.7365553,48440,5,LR,0.0008681980515339462
1788145737.1364787,48480,5,Loss/l_ce,0.009272098541259766
1788145737.1366677,48480,5,Loss/l_total,0.009272098541259766
1788145737.136691,48480,5,LR,0.0008681980515339462
1788145752.6542249,48520,5,Loss/l_ce,0.02376842498779297
1788145752.6544373,48520,5,Loss/l_total,0.02376842498779297
1788145752.6544635,48520,5,LR,0.0008681980515339462
1788145768.0313973,48560,5,Loss/l_ce,0.12303614616394043
1788145768.0316873,48560,5,Loss/l_total,0.12303614616394043
1788145768.0317097,48560,5,LR,0.0008681980515339462
1788145783.5889513,48600,5,Loss/l_ce,0.041080474853515625
1788145783.589148,48600,5,Loss/l_total,0.041080474853515625
1788145783.5891733,48600,5,LR,0.0008681980515339462
1788145798.857072,48640,5,Loss/l_ce,0.05803346633911133
1788145798.8573487,48640,5,Loss/l_total,0.05803346633911133
1788145798.8573747,48640,5,LR,0.0008681980515339462
1788145814.428206,48680,5,Loss/l_ce,0.04294180870056152
1788145814.4284127,48680,5,Loss/l_total,0.04294180870056152
1788145814.428434,48680,5,LR,0.0008681980515339462
1788145830.1803658,48720,5,Loss/l_ce,0.051312923431396484
1788145830.1806865,48720,5,Loss/l_total,0.051312923431396484
1788145830.1807137,48720,5,LR,0.0008681980515339462
1788145845.5939994,48760,5,Loss/l_ce,0.024577617645263672
1788145845.5942392,48760,5,Loss/l_total,0.024577617645263672
1788145845.594263,48760,5,LR,0.0008681980515339462
1788145860.8917458,48800,5,Loss/l_ce,0.052460432052612305
1788145860.8919795,48800,5,Loss/l_total,0.052460432052612305
1788145860.8920033,48800,5,LR,0.0008681980515339462
1788145876.3794832,48840,5,Loss/l_ce,0.04178309440612793
1788145876.3798676,48840,5,Loss/l_total,0.04178309440612793
1788145876.3798928,48840,5,LR,0.0008681980515339462
1788145891.6668572,48880,5,Loss/l_ce,0.10742354393005371
1788145891.667268,48880,5,Loss/l_total,0.10742354393005371
1788145891.6673024,48880,5,LR,0.0008681980515339462
1788145907.0978587,48920,5,Loss/l_ce,0.1906108856201172
1788145907.0981317,48920,5,Loss/l_total,0.1906108856201172
1788145907.0981565,48920,5,LR,0.0008681980515339462
1788145922.5277498,48960,5,Loss/l_ce,0.02446460723876953
1788145922.5280714,48960,5,Loss/l_total,0.02446460723876953
1788145922.5280964,48960,5,LR,0.0008681980515339462
1788145938.0055082,49000,5,Loss/l_ce,0.038422584533691406
1788145938.0057337,49000,5,Loss/l_total,0.038422584533691406
1788145938.0057573,49000,5,LR,0.0008681980515339462
1788145953.2777278,49040,5,Loss/l_ce,0.15000367164611816
1788145953.2779424,49040,5,Loss/l_total,0.15000367164611816
1788145953.2779663,49040,5,LR,0.0008681980515339462
1788145969.1323097,49080,5,Loss/l_ce,0.07965874671936035
1788145969.1325495,49080,5,Loss/l_total,0.07965874671936035
1788145969.1325793,49080,5,LR,0.0008681980515339462
1788145984.891077,49120,5,Loss/l_ce,0.04544401168823242
1788145984.8912742,49120,5,Loss/l_total,0.04544401168823242
1788145984.8913052,49120,5,LR,0.0008681980515339462
1788146000.5508728,49160,5,Loss/l_ce,0.07890558242797852
1788146000.5511186,49160,5,Loss/l_total,0.07890558242797852
1788146000.5511496,49160,5,LR,0.0008681980515339462
1788146016.250088,49200,5,Loss/l_ce,0.10454344749450684
1788146016.2502837,49200,5,Loss/l_total,0.10454344749450684
1788146016.2503064,49200,5,LR,0.0008681980515339462
1788146031.6902494,49240,5,Loss/l_ce,0.15379762649536133
1788146031.6904323,49240,5,Loss/l_total,0.15379762649536133
1788146031.6904547,49240,5,LR,0.0008681980515339462
1788146047.4223573,49280,5,Loss/l_ce,0.022913694381713867
1788146047.422602,49280,5,Loss/l_total,0.022913694381713867
1788146047.4226255,49280,5,LR,0.0008681980515339462
1788146062.6479318,49320,5,Loss/l_ce,0.10576891899108887
1788146062.6482286,49320,5,Loss/l_total,0.10576891899108887
1788146062.6482534,49320,5,LR,0.0008681980515339462
1788146078.3582613,49360,5,Loss/l_ce,0.02588367462158203
1788146078.358489,49360,5,Loss/l_total,0.02588367462158203
1788146078.358514,49360,5,LR,0.0008681980515339462
1788146093.9225924,49400,5,Loss/l_ce,0.03881263732910156
1788146093.922913,49400,5,Loss/l_total,0.03881263732910156
1788146093.922937,49400,5,LR,0.0008681980515339462
1788146109.5902815,49440,5,Loss/l_ce,0.018270015716552734
1788146109.5905402,49440,5,Loss/l_total,0.018270015716552734
1788146109.5905652,49440,5,LR,0.0008681980515339462
1788146124.8751056,49480,5,Loss/l_ce,0.03506898880004883
1788146124.8754034,49480,5,Loss/l_total,0.03506898880004883
1788146124.8754287,49480,5,LR,0.0008681980515339462
1788146140.4793372,49520,5,Loss/l_ce,0.14090585708618164
1788146140.479621,49520,5,Loss/l_total,0.14090585708618164
1788146140.479647,49520,5,LR,0.0008681980515339462
1788146155.9775052,49560,5,Loss/l_ce,0.02825617790222168
1788146155.9777155,49560,5,Loss/l_total,0.02825617790222168
1788146155.9777403,49560,5,LR,0.0008681980515339462
1788146171.2262878,49600,5,Loss/l_ce,0.028174400329589844
1788146171.2265363,49600,5,Loss/l_total,0.028174400329589844
1788146171.2265587,49600,5,LR,0.0008681980515339462
1788146186.611168,49640,5,Loss/l_ce,0.2478489875793457
1788146186.6114376,49640,5,Loss/l_total,0.2478489875793457
1788146186.6114576,49640,5,LR,0.0008681980515339462
1788146202.121583,49680,5,Loss/l_ce,0.03573274612426758
1788146202.1218073,49680,5,Loss/l_total,0.03573274612426758
1788146202.1218348,49680,5,LR,0.0008681980515339462
1788146217.5997548,49720,5,Loss/l_ce,0.028215408325195312
1788146217.5999424,49720,5,Loss/l_total,0.028215408325195312
1788146217.5999649,49720,5,LR,0.0008681980515339462
1788146233.1466284,49760,5,Loss/l_ce,0.0245819091796875
1788146233.1468194,49760,5,Loss/l_total,0.0245819091796875
1788146233.1468453,49760,5,LR,0.0008681980515339462
1788146248.4068115,49800,5,Loss/l_ce,0.05078458786010742
1788146248.4070857,49800,5,Loss/l_total,0.05078458786010742
1788146248.4071143,49800,5,LR,0.0008681980515339462
1788146264.0436106,49840,5,Loss/l_ce,0.04443955421447754
1788146264.0438051,49840,5,Loss/l_total,0.04443955421447754
1788146264.043829,49840,5,LR,0.0008681980515339462
1788146279.669983,49880,5,Loss/l_ce,0.022396087646484375
1788146279.6702418,49880,5,Loss/l_total,0.022396087646484375
1788146279.6702693,49880,5,LR,0.0008681980515339462
1788146294.8913023,49920,5,Loss/l_ce,0.012160301208496094
1788146294.8914757,49920,5,Loss/l_total,0.012160301208496094
1788146294.8915007,49920,5,LR,0.0008681980515339462
1788146310.561523,49960,5,Loss/l_ce,0.06312942504882812
1788146310.561713,49960,5,Loss/l_total,0.06312942504882812
1788146310.5617378,49960,5,LR,0.0008681980515339462
1788146326.270264,50000,5,Loss/l_ce,0.07268047332763672
1788146326.270587,50000,5,Loss/l_total,0.07268047332763672
1788146326.2706106,50000,5,LR,0.0008681980515339462
1788146341.3655233,50040,5,Loss/l_ce,0.05771589279174805
1788146341.365686,50040,5,Loss/l_total,0.05771589279174805
1788146341.3657088,50040,5,LR,0.0008681980515339462
1788146356.7639282,50080,5,Loss/l_ce,0.02593374252319336
1788146356.7641833,50080,5,Loss/l_total,0.02593374252319336
1788146356.7642095,50080,5,LR,0.0008681980515339462
1788146372.025446,50120,5,Loss/l_ce,0.020435333251953125
1788146372.0256727,50120,5,Loss/l_total,0.020435333251953125
1788146372.0256975,50120,5,LR,0.0008681980515339462
1788146387.5932739,50160,5,Loss/l_ce,0.012109041213989258
1788146387.5935006,50160,5,Loss/l_total,0.012109041213989258
1788146387.5935256,50160,5,LR,0.0008681980515339462
1788146403.4660077,50200,5,Loss/l_ce,0.05628252029418945
1788146403.466403,50200,5,Loss/l_total,0.05628252029418945
1788146403.4664364,50200,5,LR,0.0008681980515339462
1788146418.9683626,50240,5,Loss/l_ce,0.04648399353027344
1788146418.9686806,50240,5,Loss/l_total,0.04648399353027344
1788146418.9687045,50240,5,LR,0.0008681980515339462
1788146434.5781674,50280,5,Loss/l_ce,0.05608057975769043
1788146434.578488,50280,5,Loss/l_total,0.05608057975769043
1788146434.578514,50280,5,LR,0.0008681980515339462
1788146449.9286127,50320,5,Loss/l_ce,0.026215076446533203
1788146449.9288476,50320,5,Loss/l_total,0.026215076446533203
1788146449.9288738,50320,5,LR,0.0008681980515339462
1788146465.5168455,50360,5,Loss/l_ce,0.1505897045135498
1788146465.5170746,50360,5,Loss/l_total,0.1505897045135498
1788146465.517102,50360,5,LR,0.0008681980515339462
1788146481.0345273,50400,5,Loss/l_ce,0.04304313659667969
1788146481.03469,50400,5,Loss/l_total,0.04304313659667969
1788146481.0347123,50400,5,LR,0.0008681980515339462
1788146496.2553825,50440,5,Loss/l_ce,0.021344661712646484
1788146496.2555535,50440,5,Loss/l_total,0.021344661712646484
1788146496.255577,50440,5,LR,0.0008681980515339462
1788146511.5009098,50480,5,Loss/l_ce,0.02296161651611328
1788146511.5011437,50480,5,Loss/l_total,0.02296161651611328
1788146511.50117,50480,5,LR,0.0008681980515339462
1788146527.29182,50520,5,Loss/l_ce,0.045983076095581055
1788146527.292104,50520,5,Loss/l_total,0.045983076095581055
1788146527.29213,50520,5,LR,0.0008681980515339462
1788146542.967913,50560,5,Loss/l_ce,0.025142192840576172
1788146542.968286,50560,5,Loss/l_total,0.025142192840576172
1788146542.9683216,50560,5,LR,0.0008681980515339462
1788146558.4528205,50600,5,Loss/l_ce,0.019585609436035156
1788146558.4531019,50600,5,Loss/l_total,0.019585609436035156
1788146558.453127,50600,5,LR,0.0008681980515339462
1788146573.8741186,50640,5,Loss/l_ce,0.06666111946105957
1788146573.8744156,50640,5,Loss/l_total,0.06666111946105957
1788146573.8744392,50640,5,LR,0.0008681980515339462
1788146589.4653141,50680,5,Loss/l_ce,0.10150957107543945
1788146589.4656074,50680,5,Loss/l_total,0.10150957107543945
1788146589.4656336,50680,5,LR,0.0008681980515339462
1788146605.249724,50720,5,Loss/l_ce,0.018246889114379883
1788146605.2500622,50720,5,Loss/l_total,0.018246889114379883
1788146605.2500956,50720,5,LR,0.0008681980515339462
1788146620.980936,50760,5,Loss/l_ce,0.03820610046386719
1788146620.9811902,50760,5,Loss/l_total,0.03820610046386719
1788146620.9812245,50760,5,LR,0.0008681980515339462
1788146636.4331026,50800,5,Loss/l_ce,0.021474838256835938
1788146636.43346,50800,5,Loss/l_total,0.021474838256835938
1788146636.4334884,50800,5,LR,0.0008681980515339462
1788146651.9667401,50840,5,Loss/l_ce,0.049437522888183594
1788146651.9670882,50840,5,Loss/l_total,0.049437522888183594
1788146651.9671168,50840,5,LR,0.0008681980515339462
1788146667.3105628,50880,5,Loss/l_ce,0.023270606994628906
1788146667.3108487,50880,5,Loss/l_total,0.023270606994628906
1788146667.3108761,50880,5,LR,0.0008681980515339462
1788146682.6062415,50920,5,Loss/l_ce,0.021132230758666992
1788146682.6064527,50920,5,Loss/l_total,0.021132230758666992
1788146682.6064754,50920,5,LR,0.0008681980515339462
1788146698.338573,50960,5,Loss/l_ce,0.021219491958618164
1788146698.338876,50960,5,Loss/l_total,0.021219491958618164
1788146698.3388996,50960,5,LR,0.0008681980515339462
1788146714.024402,51000,5,Loss/l_ce,0.14508414268493652
1788146714.024669,51000,5,Loss/l_total,0.14508414268493652
1788146714.0246952,51000,5,LR,0.0008681980515339462
1788146729.6836886,51040,5,Loss/l_ce,0.024692535400390625
1788146729.6839857,51040,5,Loss/l_total,0.024692535400390625
1788146729.684013,51040,5,LR,0.0008681980515339462
1788146745.1745389,51080,5,Loss/l_ce,0.03215622901916504
1788146745.1747134,51080,5,Loss/l_total,0.03215622901916504
1788146745.1747358,51080,5,LR,0.0008681980515339462
1788146760.9872444,51120,5,Loss/l_ce,0.06721639633178711
1788146760.9874141,51120,5,Loss/l_total,0.06721639633178711
1788146760.9874392,51120,5,LR,0.0008681980515339462
1788146776.3263829,51160,5,Loss/l_ce,0.020977020263671875
1788146776.3265598,51160,5,Loss/l_total,0.020977020263671875
1788146776.3265822,51160,5,LR,0.0008681980515339462
1788146791.7034483,51200,5,Loss/l_ce,0.022025346755981445
1788146791.70363,51200,5,Loss/l_total,0.022025346755981445
1788146791.703655,51200,5,LR,0.0008681980515339462
1788146807.2825441,51240,5,Loss/l_ce,0.020795583724975586
1788146807.2827673,51240,5,Loss/l_total,0.020795583724975586
1788146807.2827935,51240,5,LR,0.0008681980515339462
1788146822.9081771,51280,5,Loss/l_ce,0.007288455963134766
1788146822.9083812,51280,5,Loss/l_total,0.007288455963134766
1788146822.9084063,51280,5,LR,0.0008681980515339462
1788146838.4928627,51320,5,Loss/l_ce,0.021863460540771484
1788146838.4931843,51320,5,Loss/l_total,0.021863460540771484
1788146838.4932117,51320,5,LR,0.0008681980515339462
1788146854.2355509,51360,5,Loss/l_ce,0.02494025230407715
1788146854.2357967,51360,5,Loss/l_total,0.02494025230407715
1788146854.235824,51360,5,LR,0.0008681980515339462
1788146869.7007365,51400,5,Loss/l_ce,0.06055641174316406
1788146869.7009013,51400,5,Loss/l_total,0.06055641174316406
1788146869.700923,51400,5,LR,0.0008681980515339462
1788146885.00241,51440,5,Loss/l_ce,0.038880109786987305
1788146885.002594,51440,5,Loss/l_total,0.038880109786987305
1788146885.0026152,51440,5,LR,0.0008681980515339462
1788146900.6381454,51480,5,Loss/l_ce,0.06141233444213867
1788146900.6383498,51480,5,Loss/l_total,0.06141233444213867
1788146900.6383724,51480,5,LR,0.0008681980515339462
1788146916.2859597,51520,5,Loss/l_ce,0.10250234603881836
1788146916.2862198,51520,5,Loss/l_total,0.10250234603881836
1788146916.286265,51520,5,LR,0.0008681980515339462
1788146931.8281684,51560,5,Loss/l_ce,0.03813672065734863
1788146931.8284879,51560,5,Loss/l_total,0.03813672065734863
1788146931.828807,51560,5,LR,0.0008681980515339462
1788146947.2505248,51600,5,Loss/l_ce,0.10265827178955078
1788146947.2508311,51600,5,Loss/l_total,0.10265827178955078
1788146947.250862,51600,5,LR,0.0008681980515339462
1788146962.6833074,51640,5,Loss/l_ce,0.0601499080657959
1788146962.6836233,51640,5,Loss/l_total,0.0601499080657959
1788146962.6836486,51640,5,LR,0.0008681980515339462
1788146977.9777222,51680,5,Loss/l_ce,0.11559677124023438
1788146977.9779427,51680,5,Loss/l_total,0.11559677124023438
1788146977.9779654,51680,5,LR,0.0008681980515339462
1788146993.6211574,51720,5,Loss/l_ce,0.01857447624206543
1788146993.621409,51720,5,Loss/l_total,0.01857447624206543
1788146993.6214423,51720,5,LR,0.0008681980515339462
1788147009.0929134,51760,5,Loss/l_ce,0.04610562324523926
1788147009.0932434,51760,5,Loss/l_total,0.04610562324523926
1788147009.0932682,51760,5,LR,0.0008681980515339462
1788147024.314854,51800,5,Loss/l_ce,0.0577540397644043
1788147024.315075,51800,5,Loss/l_total,0.0577540397644043
1788147024.315101,51800,5,LR,0.0008681980515339462
1788147039.5052397,51840,5,Loss/l_ce,0.02226734161376953
1788147039.5054786,51840,5,Loss/l_total,0.02226734161376953
1788147039.5055022,51840,5,LR,0.0008681980515339462
1788147054.9407904,51880,5,Loss/l_ce,0.1217489242553711
1788147054.9410114,51880,5,Loss/l_total,0.1217489242553711
1788147054.9410589,51880,5,LR,0.0008681980515339462
1788147070.4932196,51920,5,Loss/l_ce,0.02912449836730957
1788147070.4934144,51920,5,Loss/l_total,0.02912449836730957
1788147070.4934416,51920,5,LR,0.0008681980515339462
1788147086.0112944,51960,5,Loss/l_ce,0.059987783432006836
1788147086.0114963,51960,5,Loss/l_total,0.059987783432006836
1788147086.011521,51960,5,LR,0.0008681980515339462
1788147101.5198565,52000,5,Loss/l_ce,0.04749250411987305
1788147101.5200822,52000,5,Loss/l_total,0.04749250411987305
1788147101.5201118,52000,5,LR,0.0008681980515339462
1788147116.8694363,52040,5,Loss/l_ce,0.04673886299133301
1788147116.8696513,52040,5,Loss/l_total,0.04673886299133301
1788147116.8696747,52040,5,LR,0.0008681980515339462
1788147132.2180698,52080,5,Loss/l_ce,0.07416415214538574
1788147132.218307,52080,5,Loss/l_total,0.07416415214538574
1788147132.2183344,52080,5,LR,0.0008681980515339462
1788147147.401434,52120,5,Loss/l_ce,0.06496310234069824
1788147147.4017699,52120,5,Loss/l_total,0.06496310234069824
1788147147.401797,52120,5,LR,0.0008681980515339462
1788147162.791834,52160,5,Loss/l_ce,0.03139519691467285
1788147162.7920785,52160,5,Loss/l_total,0.03139519691467285
1788147162.7921038,52160,5,LR,0.0008681980515339462
1788147178.0891511,52200,5,Loss/l_ce,0.15276503562927246
1788147178.0895028,52200,5,Loss/l_total,0.15276503562927246
1788147178.0895288,52200,5,LR,0.0008681980515339462
1788147221.8788998,52212,5,Val/dense_error,0.029362700879573822
1788147221.8792498,52212,5,Val/auc,0.7397944033583411
1788147221.8792748,52212,5,Val/pck_max,0.1
1788147221.8792949,52212,5,Val/pck_n,100.0
1788147235.6939552,52240,6,Loss/l_ce,0.019276142120361328
1788147235.6941643,52240,6,Loss/l_total,0.019276142120361328
1788147235.6941903,52240,6,LR,0.0008145033635316127
1788147251.0874143,52280,6,Loss/l_ce,0.024343490600585938
1788147251.087616,52280,6,Loss/l_total,0.024343490600585938
1788147251.0876374,52280,6,LR,0.0008145033635316127
1788147266.3479223,52320,6,Loss/l_ce,0.02221226692199707
1788147266.3481278,52320,6,Loss/l_total,0.02221226692199707
1788147266.3481538,52320,6,LR,0.0008145033635316127
1788147282.0795648,52360,6,Loss/l_ce,0.020853757858276367
1788147282.0797548,52360,6,Loss/l_total,0.020853757858276367
1788147282.0797772,52360,6,LR,0.0008145033635316127
1788147297.955791,52400,6,Loss/l_ce,0.024617910385131836
1788147297.9559634,52400,6,Loss/l_total,0.024617910385131836
1788147297.9559896,52400,6,LR,0.0008145033635316127
1788147313.7075465,52440,6,Loss/l_ce,0.05322766304016113
1788147313.7077377,52440,6,Loss/l_total,0.05322766304016113
1788147313.707784,52440,6,LR,0.0008145033635316127
1788147329.0743175,52480,6,Loss/l_ce,0.026407957077026367
1788147329.0744872,52480,6,Loss/l_total,0.026407957077026367
1788147329.074511,52480,6,LR,0.0008145033635316127
1788147344.8509467,52520,6,Loss/l_ce,0.025091171264648438
1788147344.8511734,52520,6,Loss/l_total,0.025091171264648438
1788147344.8511958,52520,6,LR,0.0008145033635316127
1788147360.8922772,52560,6,Loss/l_ce,0.03025364875793457
1788147360.8925195,52560,6,Loss/l_total,0.03025364875793457
1788147360.8925445,52560,6,LR,0.0008145033635316127
1788147376.966672,52600,6,Loss/l_ce,0.020590782165527344
1788147376.966864,52600,6,Loss/l_total,0.020590782165527344
1788147376.966888,52600,6,LR,0.0008145033635316127
1788147392.976912,52640,6,Loss/l_ce,0.08846759796142578
1788147392.9771304,52640,6,Loss/l_total,0.08846759796142578
1788147392.9771554,52640,6,LR,0.0008145033635316127
1788147409.0538046,52680,6,Loss/l_ce,0.058771610260009766
1788147409.0540006,52680,6,Loss/l_total,0.058771610260009766
1788147409.0540242,52680,6,LR,0.0008145033635316127
1788147424.7736669,52720,6,Loss/l_ce,0.08869743347167969
1788147424.7739139,52720,6,Loss/l_total,0.08869743347167969
1788147424.7739363,52720,6,LR,0.0008145033635316127
1788147440.702626,52760,6,Loss/l_ce,0.021401405334472656
1788147440.7028184,52760,6,Loss/l_total,0.021401405334472656
1788147440.7028434,52760,6,LR,0.0008145033635316127
1788147456.139342,52800,6,Loss/l_ce,0.041802167892456055
1788147456.139558,52800,6,Loss/l_total,0.041802167892456055
1788147456.1395829,52800,6,LR,0.0008145033635316127
1788147471.5318718,52840,6,Loss/l_ce,0.03822898864746094
1788147471.5322895,52840,6,Loss/l_total,0.03822898864746094
1788147471.5323548,52840,6,LR,0.0008145033635316127
1788147487.20516,52880,6,Loss/l_ce,0.03189563751220703
1788147487.2054532,52880,6,Loss/l_total,0.03189563751220703
1788147487.2054803,52880,6,LR,0.0008145033635316127
1788147502.701989,52920,6,Loss/l_ce,0.05999350547790527
1788147502.702326,52920,6,Loss/l_total,0.05999350547790527
1788147502.7023532,52920,6,LR,0.0008145033635316127
1788147518.1363766,52960,6,Loss/l_ce,0.025158405303955078
1788147518.1366935,52960,6,Loss/l_total,0.025158405303955078
1788147518.1367185,52960,6,LR,0.0008145033635316127
1788147533.869907,53000,6,Loss/l_ce,0.037201881408691406
1788147533.8702216,53000,6,Loss/l_total,0.037201881408691406
1788147533.8702583,53000,6,LR,0.0008145033635316127
1788147549.4972968,53040,6,Loss/l_ce,0.02773904800415039
1788147549.4974725,53040,6,Loss/l_total,0.02773904800415039
1788147549.4974937,53040,6,LR,0.0008145033635316127
1788147565.136308,53080,6,Loss/l_ce,0.041046142578125
1788147565.136506,53080,6,Loss/l_total,0.041046142578125
1788147565.13653,53080,6,LR,0.0008145033635316127
1788147580.3453186,53120,6,Loss/l_ce,0.06371831893920898
1788147580.3455002,53120,6,Loss/l_total,0.06371831893920898
1788147580.3455253,53120,6,LR,0.0008145033635316127
1788147595.7136726,53160,6,Loss/l_ce,0.06244993209838867
1788147595.7138317,53160,6,Loss/l_total,0.06244993209838867
1788147595.7138662,53160,6,LR,0.0008145033635316127
1788147610.9833257,53200,6,Loss/l_ce,0.02923750877380371
1788147610.9835193,53200,6,Loss/l_total,0.02923750877380371
1788147610.9835427,53200,6,LR,0.0008145033635316127
1788147626.5964026,53240,6,Loss/l_ce,0.02415919303894043
1788147626.59659,53240,6,Loss/l_total,0.02415919303894043
1788147626.596615,53240,6,LR,0.0008145033635316127
1788147642.1698987,53280,6,Loss/l_ce,0.02681446075439453
1788147642.170109,53280,6,Loss/l_total,0.02681446075439453
1788147642.1701374,53280,6,LR,0.0008145033635316127
1788147657.5776484,53320,6,Loss/l_ce,0.006207466125488281
1788147657.577899,53320,6,Loss/l_total,0.006207466125488281
1788147657.5779216,53320,6,LR,0.0008145033635316127
1788147673.049238,53360,6,Loss/l_ce,0.02555990219116211
1788147673.049574,53360,6,Loss/l_total,0.02555990219116211
1788147673.0496013,53360,6,LR,0.0008145033635316127
1788147688.5027163,53400,6,Loss/l_ce,0.035457611083984375
1788147688.5034132,53400,6,Loss/l_total,0.035457611083984375
1788147688.5034442,53400,6,LR,0.0008145033635316127
1788147703.541603,53440,6,Loss/l_ce,0.05520915985107422
1788147703.541825,53440,6,Loss/l_total,0.05520915985107422
1788147703.541849,53440,6,LR,0.0008145033635316127
1788147718.9490228,53480,6,Loss/l_ce,0.017841815948486328
1788147718.9492364,53480,6,Loss/l_total,0.017841815948486328
1788147718.9494798,53480,6,LR,0.0008145033635316127
1788147734.314582,53520,6,Loss/l_ce,0.046021223068237305
1788147734.3147993,53520,6,Loss/l_total,0.046021223068237305
1788147734.3148232,53520,6,LR,0.0008145033635316127
1788147749.9014652,53560,6,Loss/l_ce,0.05106329917907715
1788147749.901642,53560,6,Loss/l_total,0.05106329917907715
1788147749.9016669,53560,6,LR,0.0008145033635316127
1788147765.4293668,53600,6,Loss/l_ce,0.03939485549926758
1788147765.4297028,53600,6,Loss/l_total,0.03939485549926758
1788147765.4297278,53600,6,LR,0.0008145033635316127
1788147780.950933,53640,6,Loss/l_ce,0.018090248107910156
1788147780.951268,53640,6,Loss/l_total,0.018090248107910156
1788147780.9512975,53640,6,LR,0.0008145033635316127
1788147796.4713013,53680,6,Loss/l_ce,0.07136797904968262
1788147796.4715223,53680,6,Loss/l_total,0.07136797904968262
1788147796.471546,53680,6,LR,0.0008145033635316127
1788147812.0344753,53720,6,Loss/l_ce,0.02720046043395996
1788147812.034733,53720,6,Loss/l_total,0.02720046043395996
1788147812.0347579,53720,6,LR,0.0008145033635316127
1788147827.5054379,53760,6,Loss/l_ce,0.030573129653930664
1788147827.5057845,53760,6,Loss/l_total,0.030573129653930664
1788147827.5058093,53760,6,LR,0.0008145033635316127
1788147842.8557453,53800,6,Loss/l_ce,0.020078659057617188
1788147842.856061,53800,6,Loss/l_total,0.020078659057617188
1788147842.856087,53800,6,LR,0.0008145033635316127
1788147858.407483,53840,6,Loss/l_ce,0.03737497329711914
1788147858.4077406,53840,6,Loss/l_total,0.03737497329711914
1788147858.4077668,53840,6,LR,0.0008145033635316127
1788147873.8512638,53880,6,Loss/l_ce,0.004995822906494141
1788147873.8515499,53880,6,Loss/l_total,0.004995822906494141
1788147873.8515773,53880,6,LR,0.0008145033635316127
1788147889.2332041,53920,6,Loss/l_ce,0.02337813377380371
1788147889.2333825,53920,6,Loss/l_total,0.02337813377380371
1788147889.2334073,53920,6,LR,0.0008145033635316127
1788147904.6287534,53960,6,Loss/l_ce,0.12971258163452148
1788147904.6289327,53960,6,Loss/l_total,0.12971258163452148
1788147904.6289551,53960,6,LR,0.0008145033635316127
1788147919.8395393,54000,6,Loss/l_ce,0.0350492000579834
1788147919.8397057,54000,6,Loss/l_total,0.0350492000579834
1788147919.839729,54000,6,LR,0.0008145033635316127
1788147935.3918211,54040,6,Loss/l_ce,0.0047724246978759766
1788147935.3921201,54040,6,Loss/l_total,0.0047724246978759766
1788147935.3921497,54040,6,LR,0.0008145033635316127
1788147950.8637323,54080,6,Loss/l_ce,0.047785282135009766
1788147950.8640695,54080,6,Loss/l_total,0.047785282135009766
1788147950.8641086,54080,6,LR,0.0008145033635316127
1788147966.2238467,54120,6,Loss/l_ce,0.07476615905761719
1788147966.2240853,54120,6,Loss/l_total,0.07476615905761719
1788147966.2241092,54120,6,LR,0.0008145033635316127
1788147981.8966854,54160,6,Loss/l_ce,0.04348325729370117
1788147981.8968987,54160,6,Loss/l_total,0.04348325729370117
1788147981.8969202,54160,6,LR,0.0008145033635316127
1788147997.5915802,54200,6,Loss/l_ce,0.02060699462890625
1788147997.5919447,54200,6,Loss/l_total,0.02060699462890625
1788147997.5919766,54200,6,LR,0.0008145033635316127
1788148013.0049958,54240,6,Loss/l_ce,0.02166128158569336
1788148013.005288,54240,6,Loss/l_total,0.02166128158569336
1788148013.005314,54240,6,LR,0.0008145033635316127
1788148028.4199514,54280,6,Loss/l_ce,0.05996251106262207
1788148028.4202566,54280,6,Loss/l_total,0.05996251106262207
1788148028.4202826,54280,6,LR,0.0008145033635316127
1788148043.9244385,54320,6,Loss/l_ce,0.026958942413330078
1788148043.9247532,54320,6,Loss/l_total,0.026958942413330078
1788148043.924778,54320,6,LR,0.0008145033635316127
1788148059.2684543,54360,6,Loss/l_ce,0.024876832962036133
1788148059.268679,54360,6,Loss/l_total,0.024876832962036133
1788148059.2687001,54360,6,LR,0.0008145033635316127
1788148074.7690816,54400,6,Loss/l_ce,0.027176380157470703
1788148074.769286,54400,6,Loss/l_total,0.027176380157470703
1788148074.7693083,54400,6,LR,0.0008145033635316127
1788148090.2029805,54440,6,Loss/l_ce,0.04511237144470215
1788148090.2032893,54440,6,Loss/l_total,0.04511237144470215
1788148090.2033155,54440,6,LR,0.0008145033635316127
1788148105.4653628,54480,6,Loss/l_ce,0.020244598388671875
1788148105.4656286,54480,6,Loss/l_total,0.020244598388671875
1788148105.4656525,54480,6,LR,0.0008145033635316127
1788148121.0237212,54520,6,Loss/l_ce,0.0409853458404541
1788148121.0239346,54520,6,Loss/l_total,0.0409853458404541
1788148121.0239656,54520,6,LR,0.0008145033635316127
1788148136.4163272,54560,6,Loss/l_ce,0.02111077308654785
1788148136.4165099,54560,6,Loss/l_total,0.02111077308654785
1788148136.4165337,54560,6,LR,0.0008145033635316127
1788148151.8287573,54600,6,Loss/l_ce,0.09164714813232422
1788148151.8289592,54600,6,Loss/l_total,0.09164714813232422
1788148151.828983,54600,6,LR,0.0008145033635316127
1788148167.01255,54640,6,Loss/l_ce,0.16080212593078613
1788148167.0127614,54640,6,Loss/l_total,0.16080212593078613
1788148167.0127864,54640,6,LR,0.0008145033635316127
1788148183.9766426,54680,6,Loss/l_ce,0.022833824157714844
1788148183.9769833,54680,6,Loss/l_total,0.022833824157714844
1788148183.9770072,54680,6,LR,0.0008145033635316127
1788148201.329276,54720,6,Loss/l_ce,0.022826433181762695
1788148201.3294995,54720,6,Loss/l_total,0.022826433181762695
1788148201.3295255,54720,6,LR,0.0008145033635316127
1788148219.6715324,54760,6,Loss/l_ce,0.05112814903259277
1788148219.672176,54760,6,Loss/l_total,0.05112814903259277
1788148219.6722043,54760,6,LR,0.0008145033635316127
1788148237.8617458,54800,6,Loss/l_ce,0.03191351890563965
1788148237.8621736,54800,6,Loss/l_total,0.03191351890563965
1788148237.8622031,54800,6,LR,0.0008145033635316127
1788148256.3761885,54840,6,Loss/l_ce,0.01869368553161621
1788148256.3764853,54840,6,Loss/l_total,0.01869368553161621
1788148256.3765116,54840,6,LR,0.0008145033635316127
1788148274.3054488,54880,6,Loss/l_ce,0.1425189971923828
1788148274.305774,54880,6,Loss/l_total,0.1425189971923828
1788148274.3058038,54880,6,LR,0.0008145033635316127
1788148292.4833562,54920,6,Loss/l_ce,0.03866887092590332
1788148292.4836707,54920,6,Loss/l_total,0.03866887092590332
1788148292.4836943,54920,6,LR,0.0008145033635316127
1788148310.7262843,54960,6,Loss/l_ce,0.028039216995239258
1788148310.7264552,54960,6,Loss/l_total,0.028039216995239258
1788148310.726479,54960,6,LR,0.0008145033635316127
1788148328.476612,55000,6,Loss/l_ce,0.014014720916748047
1788148328.476852,55000,6,Loss/l_total,0.014014720916748047
1788148328.4768746,55000,6,LR,0.0008145033635316127
1788148346.708672,55040,6,Loss/l_ce,0.040991783142089844
1788148346.709066,55040,6,Loss/l_total,0.040991783142089844
1788148346.709097,55040,6,LR,0.0008145033635316127
1788148365.1237972,55080,6,Loss/l_ce,0.04008984565734863
1788148365.1240156,55080,6,Loss/l_total,0.04008984565734863
1788148365.1240704,55080,6,LR,0.0008145033635316127
1788148384.0983856,55120,6,Loss/l_ce,0.03471183776855469
1788148384.098672,55120,6,Loss/l_total,0.03471183776855469
1788148384.0986958,55120,6,LR,0.0008145033635316127
1788148402.3854256,55160,6,Loss/l_ce,0.012054204940795898
1788148402.3856952,55160,6,Loss/l_total,0.012054204940795898
1788148402.3857188,55160,6,LR,0.0008145033635316127
1788148420.2911882,55200,6,Loss/l_ce,0.08314990997314453
1788148420.291458,55200,6,Loss/l_total,0.08314990997314453
1788148420.2914827,55200,6,LR,0.0008145033635316127
1788148438.4566598,55240,6,Loss/l_ce,0.04799938201904297
1788148438.4568722,55240,6,Loss/l_total,0.04799938201904297
1788148438.4568946,55240,6,LR,0.0008145033635316127
1788148456.50592,55280,6,Loss/l_ce,0.04296064376831055
1788148456.5061445,55280,6,Loss/l_total,0.04296064376831055
1788148456.5061774,55280,6,LR,0.0008145033635316127
1788148473.821763,55320,6,Loss/l_ce,0.059351205825805664
1788148473.8220077,55320,6,Loss/l_total,0.059351205825805664
1788148473.822048,55320,6,LR,0.0008145033635316127
1788148491.3115575,55360,6,Loss/l_ce,0.03451824188232422
1788148491.3118083,55360,6,Loss/l_total,0.03451824188232422
1788148491.3118331,55360,6,LR,0.0008145033635316127
1788148508.865685,55400,6,Loss/l_ce,0.04460740089416504
1788148508.8659081,55400,6,Loss/l_total,0.04460740089416504
1788148508.8659294,55400,6,LR,0.0008145033635316127
1788148526.245155,55440,6,Loss/l_ce,0.023601055145263672
1788148526.2453902,55440,6,Loss/l_total,0.023601055145263672
1788148526.2454152,55440,6,LR,0.0008145033635316127
1788148543.4315758,55480,6,Loss/l_ce,0.18655180931091309
1788148543.4318595,55480,6,Loss/l_total,0.18655180931091309
1788148543.4318845,55480,6,LR,0.0008145033635316127
1788148560.9858763,55520,6,Loss/l_ce,0.14206171035766602
1788148560.9860687,55520,6,Loss/l_total,0.14206171035766602
1788148560.9860935,55520,6,LR,0.0008145033635316127
1788148578.3415542,55560,6,Loss/l_ce,0.026613712310791016
1788148578.3417418,55560,6,Loss/l_total,0.026613712310791016
1788148578.3417656,55560,6,LR,0.0008145033635316127
1788148596.3163056,55600,6,Loss/l_ce,0.09163784980773926
1788148596.3165054,55600,6,Loss/l_total,0.09163784980773926
1788148596.3165314,55600,6,LR,0.0008145033635316127
1788148613.4617848,55640,6,Loss/l_ce,0.018025875091552734
1788148613.46195,55640,6,Loss/l_total,0.018025875091552734
1788148613.4619725,55640,6,LR,0.0008145033635316127
1788148629.560441,55680,6,Loss/l_ce,0.017945289611816406
1788148629.5606358,55680,6,Loss/l_total,0.017945289611816406
1788148629.5606594,55680,6,LR,0.0008145033635316127
1788148646.5405738,55720,6,Loss/l_ce,0.023670673370361328
1788148646.5407922,55720,6,Loss/l_total,0.023670673370361328
1788148646.540816,55720,6,LR,0.0008145033635316127
1788148663.258229,55760,6,Loss/l_ce,0.016280412673950195
1788148663.2584414,55760,6,Loss/l_total,0.016280412673950195
1788148663.2584653,55760,6,LR,0.0008145033635316127
1788148680.3483076,55800,6,Loss/l_ce,0.1413271427154541
1788148680.3489738,55800,6,Loss/l_total,0.1413271427154541
1788148680.3490012,55800,6,LR,0.0008145033635316127
1788148696.6514115,55840,6,Loss/l_ce,0.02118825912475586
1788148696.6518435,55840,6,Loss/l_total,0.02118825912475586
1788148696.6518686,55840,6,LR,0.0008145033635316127
1788148713.6142502,55880,6,Loss/l_ce,0.033991336822509766
1788148713.6146693,55880,6,Loss/l_total,0.033991336822509766
1788148713.6146953,55880,6,LR,0.0008145033635316127
1788148730.0074127,55920,6,Loss/l_ce,0.024576187133789062
1788148730.0076478,55920,6,Loss/l_total,0.024576187133789062
1788148730.0076892,55920,6,LR,0.0008145033635316127
1788148745.7337058,55960,6,Loss/l_ce,0.1196131706237793
1788148745.7339134,55960,6,Loss/l_total,0.1196131706237793
1788148745.733943,55960,6,LR,0.0008145033635316127
1788148762.3377757,56000,6,Loss/l_ce,0.018966197967529297
1788148762.338183,56000,6,Loss/l_total,0.018966197967529297
1788148762.3382103,56000,6,LR,0.0008145033635316127
1788148780.6500173,56040,6,Loss/l_ce,0.09569883346557617
1788148780.6502843,56040,6,Loss/l_total,0.09569883346557617
1788148780.6503105,56040,6,LR,0.0008145033635316127
1788148798.5576806,56080,6,Loss/l_ce,0.04544639587402344
1788148798.5578697,56080,6,Loss/l_total,0.04544639587402344
1788148798.557893,56080,6,LR,0.0008145033635316127
1788148814.1681757,56120,6,Loss/l_ce,0.0432891845703125
1788148814.168457,56120,6,Loss/l_total,0.0432891845703125
1788148814.1684866,56120,6,LR,0.0008145033635316127
1788148830.46684,56160,6,Loss/l_ce,0.018598556518554688
1788148830.4671097,56160,6,Loss/l_total,0.018598556518554688
1788148830.4671357,56160,6,LR,0.0008145033635316127
1788148846.0860093,56200,6,Loss/l_ce,0.05885124206542969
1788148846.086388,56200,6,Loss/l_total,0.05885124206542969
1788148846.0864189,56200,6,LR,0.0008145033635316127
1788148861.6109848,56240,6,Loss/l_ce,0.01973867416381836
1788148861.611398,56240,6,Loss/l_total,0.01973867416381836
1788148861.6114442,56240,6,LR,0.0008145033635316127
1788148876.795726,56280,6,Loss/l_ce,0.024519681930541992
1788148876.796024,56280,6,Loss/l_total,0.024519681930541992
1788148876.7960775,56280,6,LR,0.0008145033635316127
1788148892.2360983,56320,6,Loss/l_ce,0.08502602577209473
1788148892.2363963,56320,6,Loss/l_total,0.08502602577209473
1788148892.2364247,56320,6,LR,0.0008145033635316127
1788148907.5892007,56360,6,Loss/l_ce,0.02062845230102539
1788148907.5895581,56360,6,Loss/l_total,0.02062845230102539
1788148907.589584,56360,6,LR,0.0008145033635316127
1788148923.149588,56400,6,Loss/l_ce,0.11716628074645996
1788148923.1498992,56400,6,Loss/l_total,0.11716628074645996
1788148923.1499267,56400,6,LR,0.0008145033635316127
1788148938.7695804,56440,6,Loss/l_ce,0.008190155029296875
1788148938.7697928,56440,6,Loss/l_total,0.008190155029296875
1788148938.7698214,56440,6,LR,0.0008145033635316127
1788148954.1499324,56480,6,Loss/l_ce,0.012682676315307617
1788148954.150292,56480,6,Loss/l_total,0.012682676315307617
1788148954.1503265,56480,6,LR,0.0008145033635316127
1788148969.9815588,56520,6,Loss/l_ce,0.021181344985961914
1788148969.9818876,56520,6,Loss/l_total,0.021181344985961914
1788148969.9819126,56520,6,LR,0.0008145033635316127
1788148985.2999706,56560,6,Loss/l_ce,0.053574562072753906
1788148985.3002994,56560,6,Loss/l_total,0.053574562072753906
1788148985.3003244,56560,6,LR,0.0008145033635316127
1788149000.7584038,56600,6,Loss/l_ce,0.03560018539428711
1788149000.7586308,56600,6,Loss/l_total,0.03560018539428711
1788149000.7586558,56600,6,LR,0.0008145033635316127
1788149016.2671123,56640,6,Loss/l_ce,0.026866674423217773
1788149016.2673886,56640,6,Loss/l_total,0.026866674423217773
1788149016.2674148,56640,6,LR,0.0008145033635316127
1788149031.6677206,56680,6,Loss/l_ce,0.021012306213378906
1788149031.6679094,56680,6,Loss/l_total,0.021012306213378906
1788149031.667933,56680,6,LR,0.0008145033635316127
1788149047.047504,56720,6,Loss/l_ce,0.017757654190063477
1788149047.0477495,56720,6,Loss/l_total,0.017757654190063477
1788149047.0477731,56720,6,LR,0.0008145033635316127
1788149062.7617316,56760,6,Loss/l_ce,0.024024486541748047
1788149062.7619298,56760,6,Loss/l_total,0.024024486541748047
1788149062.7619548,56760,6,LR,0.0008145033635316127
1788149078.148343,56800,6,Loss/l_ce,0.030560016632080078
1788149078.1486268,56800,6,Loss/l_total,0.030560016632080078
1788149078.1486504,56800,6,LR,0.0008145033635316127
1788149093.5043674,56840,6,Loss/l_ce,0.019934415817260742
1788149093.5046046,56840,6,Loss/l_total,0.019934415817260742
1788149093.5046272,56840,6,LR,0.0008145033635316127
1788149108.7437932,56880,6,Loss/l_ce,0.012994766235351562
1788149108.7441423,56880,6,Loss/l_total,0.012994766235351562
1788149108.7441792,56880,6,LR,0.0008145033635316127
1788149124.1548333,56920,6,Loss/l_ce,0.09008097648620605
1788149124.155194,56920,6,Loss/l_total,0.09008097648620605
1788149124.1552844,56920,6,LR,0.0008145033635316127
1788149139.922538,56960,6,Loss/l_ce,0.1197962760925293
1788149139.9228408,56960,6,Loss/l_total,0.1197962760925293
1788149139.9228656,56960,6,LR,0.0008145033635316127
1788149155.6448917,57000,6,Loss/l_ce,0.041309356689453125
1788149155.6452076,57000,6,Loss/l_total,0.041309356689453125
1788149155.6452346,57000,6,LR,0.0008145033635316127
1788149171.4573374,57040,6,Loss/l_ce,0.016615629196166992
1788149171.4576375,57040,6,Loss/l_total,0.016615629196166992
1788149171.4576628,57040,6,LR,0.0008145033635316127
1788149187.0193741,57080,6,Loss/l_ce,0.029245853424072266
1788149187.0196862,57080,6,Loss/l_total,0.029245853424072266
1788149187.01971,57080,6,LR,0.0008145033635316127
1788149202.7599976,57120,6,Loss/l_ce,0.027820348739624023
1788149202.7603621,57120,6,Loss/l_total,0.027820348739624023
1788149202.7603896,57120,6,LR,0.0008145033635316127
1788149218.3030245,57160,6,Loss/l_ce,0.022518634796142578
1788149218.3033986,57160,6,Loss/l_total,0.022518634796142578
1788149218.3034284,57160,6,LR,0.0008145033635316127
1788149234.1632793,57200,6,Loss/l_ce,0.026719093322753906
1788149234.1636178,57200,6,Loss/l_total,0.026719093322753906
1788149234.1636665,57200,6,LR,0.0008145033635316127
1788149249.8836024,57240,6,Loss/l_ce,0.0661325454711914
1788149249.883935,57240,6,Loss/l_total,0.0661325454711914
1788149249.8839598,57240,6,LR,0.0008145033635316127
1788149265.32929,57280,6,Loss/l_ce,0.2154698371887207
1788149265.3295999,57280,6,Loss/l_total,0.2154698371887207
1788149265.3296235,57280,6,LR,0.0008145033635316127
1788149280.912535,57320,6,Loss/l_ce,0.036649227142333984
1788149280.912877,57320,6,Loss/l_total,0.036649227142333984
1788149280.9129055,57320,6,LR,0.0008145033635316127
1788149296.2674892,57360,6,Loss/l_ce,0.1749744415283203
1788149296.2677507,57360,6,Loss/l_total,0.1749744415283203
1788149296.2677813,57360,6,LR,0.0008145033635316127
1788149311.694609,57400,6,Loss/l_ce,0.12927627563476562
1788149311.6949055,57400,6,Loss/l_total,0.12927627563476562
1788149311.6949365,57400,6,LR,0.0008145033635316127
1788149327.2882583,57440,6,Loss/l_ce,0.03518533706665039
1788149327.2884886,57440,6,Loss/l_total,0.03518533706665039
1788149327.2885184,57440,6,LR,0.0008145033635316127
1788149342.6367207,57480,6,Loss/l_ce,0.04655909538269043
1788149342.636939,57480,6,Loss/l_total,0.04655909538269043
1788149342.636964,57480,6,LR,0.0008145033635316127
1788149358.1166081,57520,6,Loss/l_ce,0.02832961082458496
1788149358.1168814,57520,6,Loss/l_total,0.02832961082458496
1788149358.1169062,57520,6,LR,0.0008145033635316127
1788149373.7048721,57560,6,Loss/l_ce,0.15546774864196777
1788149373.7051764,57560,6,Loss/l_total,0.15546774864196777
1788149373.7052035,57560,6,LR,0.0008145033635316127
1788149389.06209,57600,6,Loss/l_ce,0.08296346664428711
1788149389.0623605,57600,6,Loss/l_total,0.08296346664428711
1788149389.0623903,57600,6,LR,0.0008145033635316127
1788149404.5742376,57640,6,Loss/l_ce,0.02203536033630371
1788149404.5744336,57640,6,Loss/l_total,0.02203536033630371
1788149404.5744596,57640,6,LR,0.0008145033635316127
1788149420.1876605,57680,6,Loss/l_ce,0.021882057189941406
1788149420.187841,57680,6,Loss/l_total,0.021882057189941406
1788149420.1878717,57680,6,LR,0.0008145033635316127
1788149435.6205063,57720,6,Loss/l_ce,0.03485608100891113
1788149435.6207547,57720,6,Loss/l_total,0.03485608100891113
1788149435.621017,57720,6,LR,0.0008145033635316127
1788149451.2812502,57760,6,Loss/l_ce,0.03364276885986328
1788149451.2814214,57760,6,Loss/l_total,0.03364276885986328
1788149451.2814448,57760,6,LR,0.0008145033635316127
1788149466.4497476,57800,6,Loss/l_ce,0.026706933975219727
1788149466.449998,57800,6,Loss/l_total,0.026706933975219727
1788149466.450024,57800,6,LR,0.0008145033635316127
1788149481.6614418,57840,6,Loss/l_ce,0.07693362236022949
1788149481.6616375,57840,6,Loss/l_total,0.07693362236022949
1788149481.6616614,57840,6,LR,0.0008145033635316127
1788149496.9781537,57880,6,Loss/l_ce,0.04918932914733887
1788149496.9783676,57880,6,Loss/l_total,0.04918932914733887
1788149496.9783926,57880,6,LR,0.0008145033635316127
1788149512.3710227,57920,6,Loss/l_ce,0.08797001838684082
1788149512.3712528,57920,6,Loss/l_total,0.08797001838684082
1788149512.3712788,57920,6,LR,0.0008145033635316127
1788149527.910243,57960,6,Loss/l_ce,0.02277398109436035
1788149527.9104342,57960,6,Loss/l_total,0.02277398109436035
1788149527.9104652,57960,6,LR,0.0008145033635316127
1788149543.5871305,58000,6,Loss/l_ce,0.11925840377807617
1788149543.587354,58000,6,Loss/l_total,0.11925840377807617
1788149543.5873814,58000,6,LR,0.0008145033635316127
1788149559.1895466,58040,6,Loss/l_ce,0.0272369384765625
1788149559.1897793,58040,6,Loss/l_total,0.0272369384765625
1788149559.1898031,58040,6,LR,0.0008145033635316127
1788149574.4367187,58080,6,Loss/l_ce,0.13404250144958496
1788149574.4369228,58080,6,Loss/l_total,0.13404250144958496
1788149574.4369466,58080,6,LR,0.0008145033635316127
1788149589.8100848,58120,6,Loss/l_ce,0.052590370178222656
1788149589.8103545,58120,6,Loss/l_total,0.052590370178222656
1788149589.8103783,58120,6,LR,0.0008145033635316127
1788149604.9562185,58160,6,Loss/l_ce,0.07491636276245117
1788149604.9565105,58160,6,Loss/l_total,0.07491636276245117
1788149604.9565413,58160,6,LR,0.0008145033635316127
1788149620.5597444,58200,6,Loss/l_ce,0.018481016159057617
1788149620.560009,58200,6,Loss/l_total,0.018481016159057617
1788149620.5600598,58200,6,LR,0.0008145033635316127
1788149636.171993,58240,6,Loss/l_ce,0.1912980079650879
1788149636.1722343,58240,6,Loss/l_total,0.1912980079650879
1788149636.1722603,58240,6,LR,0.0008145033635316127
1788149651.6052396,58280,6,Loss/l_ce,0.03080129623413086
1788149651.6054366,58280,6,Loss/l_total,0.03080129623413086
1788149651.60561,58280,6,LR,0.0008145033635316127
1788149667.160477,58320,6,Loss/l_ce,0.032462120056152344
1788149667.160692,58320,6,Loss/l_total,0.032462120056152344
1788149667.160718,58320,6,LR,0.0008145033635316127
1788149682.443369,58360,6,Loss/l_ce,0.08317375183105469
1788149682.4436314,58360,6,Loss/l_total,0.08317375183105469
1788149682.4436564,58360,6,LR,0.0008145033635316127
1788149697.9555504,58400,6,Loss/l_ce,0.11613273620605469
1788149697.9557962,58400,6,Loss/l_total,0.11613273620605469
1788149697.95582,58400,6,LR,0.0008145033635316127
1788149713.4155798,58440,6,Loss/l_ce,0.02760767936706543
1788149713.4158068,58440,6,Loss/l_total,0.02760767936706543
1788149713.4158328,58440,6,LR,0.0008145033635316127
1788149729.0996425,58480,6,Loss/l_ce,0.05542159080505371
1788149729.0998836,58480,6,Loss/l_total,0.05542159080505371
1788149729.099906,58480,6,LR,0.0008145033635316127
1788149744.725511,58520,6,Loss/l_ce,0.0817558765411377
1788149744.7256808,58520,6,Loss/l_total,0.0817558765411377
1788149744.7257047,58520,6,LR,0.0008145033635316127
1788149759.9229643,58560,6,Loss/l_ce,0.032654762268066406
1788149759.9231791,58560,6,Loss/l_total,0.032654762268066406
1788149759.9232066,58560,6,LR,0.0008145033635316127
1788149775.6317358,58600,6,Loss/l_ce,0.05820822715759277
1788149775.631965,58600,6,Loss/l_total,0.05820822715759277
1788149775.6319876,58600,6,LR,0.0008145033635316127
1788149790.988276,58640,6,Loss/l_ce,0.11490893363952637
1788149790.988421,58640,6,Loss/l_total,0.11490893363952637
1788149790.9884458,58640,6,LR,0.0008145033635316127
1788149806.5723755,58680,6,Loss/l_ce,0.030354022979736328
1788149806.5725584,58680,6,Loss/l_total,0.030354022979736328
1788149806.5725868,58680,6,LR,0.0008145033635316127
1788149822.1272604,58720,6,Loss/l_ce,0.023709535598754883
1788149822.1274931,58720,6,Loss/l_total,0.023709535598754883
1788149822.1275156,58720,6,LR,0.0008145033635316127
1788149837.695703,58760,6,Loss/l_ce,0.02243185043334961
1788149837.6959121,58760,6,Loss/l_total,0.02243185043334961
1788149837.695937,58760,6,LR,0.0008145033635316127
1788149853.216952,58800,6,Loss/l_ce,0.0054171085357666016
1788149853.2172406,58800,6,Loss/l_total,0.0054171085357666016
1788149853.2172668,58800,6,LR,0.0008145033635316127
1788149868.77488,58840,6,Loss/l_ce,0.017056941986083984
1788149868.7751365,58840,6,Loss/l_total,0.017056941986083984
1788149868.7751627,58840,6,LR,0.0008145033635316127
1788149884.1508493,58880,6,Loss/l_ce,0.10999155044555664
1788149884.151171,58880,6,Loss/l_total,0.10999155044555664
1788149884.1511981,58880,6,LR,0.0008145033635316127
1788149899.5591164,58920,6,Loss/l_ce,0.1525130271911621
1788149899.559273,58920,6,Loss/l_total,0.1525130271911621
1788149899.559298,58920,6,LR,0.0008145033635316127
1788149915.0068517,58960,6,Loss/l_ce,0.02841329574584961
1788149915.0071316,58960,6,Loss/l_total,0.02841329574584961
1788149915.0071673,58960,6,LR,0.0008145033635316127
1788149930.0524678,59000,6,Loss/l_ce,0.03082442283630371
1788149930.0526824,59000,6,Loss/l_total,0.03082442283630371
1788149930.0527074,59000,6,LR,0.0008145033635316127
1788149945.2951248,59040,6,Loss/l_ce,0.02336740493774414
1788149945.2953384,59040,6,Loss/l_total,0.02336740493774414
1788149945.295361,59040,6,LR,0.0008145033635316127
1788149960.6918883,59080,6,Loss/l_ce,0.11238884925842285
1788149960.6922207,59080,6,Loss/l_total,0.11238884925842285
1788149960.6922457,59080,6,LR,0.0008145033635316127
1788149975.8803775,59120,6,Loss/l_ce,0.02298736572265625
1788149975.8807125,59120,6,Loss/l_total,0.02298736572265625
1788149975.880736,59120,6,LR,0.0008145033635316127
1788149991.0448906,59160,6,Loss/l_ce,0.041037559509277344
1788149991.0451908,59160,6,Loss/l_total,0.041037559509277344
1788149991.0452197,59160,6,LR,0.0008145033635316127
1788150006.2977502,59200,6,Loss/l_ce,0.03937935829162598
1788150006.2979414,59200,6,Loss/l_total,0.03937935829162598
1788150006.2979758,59200,6,LR,0.0008145033635316127
1788150021.5493288,59240,6,Loss/l_ce,0.09397578239440918
1788150021.549532,59240,6,Loss/l_total,0.09397578239440918
1788150021.549558,59240,6,LR,0.0008145033635316127
1788150037.0676537,59280,6,Loss/l_ce,0.044840097427368164
1788150037.0678437,59280,6,Loss/l_total,0.044840097427368164
1788150037.067871,59280,6,LR,0.0008145033635316127
1788150051.6406028,59320,6,Loss/l_ce,0.026741504669189453
1788150051.6408331,59320,6,Loss/l_total,0.026741504669189453
1788150051.6408582,59320,6,LR,0.0008145033635316127
1788150067.5042548,59360,6,Loss/l_ce,0.14360833168029785
1788150067.5044982,59360,6,Loss/l_total,0.14360833168029785
1788150067.5045314,59360,6,LR,0.0008145033635316127
1788150082.7991292,59400,6,Loss/l_ce,0.09636449813842773
1788150082.7993774,59400,6,Loss/l_total,0.09636449813842773
1788150082.7993999,59400,6,LR,0.0008145033635316127
1788150098.111405,59440,6,Loss/l_ce,0.02900075912475586
1788150098.1115758,59440,6,Loss/l_total,0.02900075912475586
1788150098.1116009,59440,6,LR,0.0008145033635316127
1788150113.338581,59480,6,Loss/l_ce,0.11145186424255371
1788150113.3387673,59480,6,Loss/l_total,0.11145186424255371
1788150113.3387887,59480,6,LR,0.0008145033635316127
1788150128.5856006,59520,6,Loss/l_ce,0.19782423973083496
1788150128.5857737,59520,6,Loss/l_total,0.19782423973083496
1788150128.585799,59520,6,LR,0.0008145033635316127
1788150144.0004954,59560,6,Loss/l_ce,0.02046060562133789
1788150144.0007029,59560,6,Loss/l_total,0.02046060562133789
1788150144.0007246,59560,6,LR,0.0008145033635316127
1788150159.580613,59600,6,Loss/l_ce,0.012729406356811523
1788150159.5808861,59600,6,Loss/l_total,0.012729406356811523
1788150159.580912,59600,6,LR,0.0008145033635316127
1788150175.1669102,59640,6,Loss/l_ce,0.0360417366027832
1788150175.1672013,59640,6,Loss/l_total,0.0360417366027832
1788150175.1672285,59640,6,LR,0.0008145033635316127
1788150190.5479376,59680,6,Loss/l_ce,0.018290042877197266
1788150190.5482402,59680,6,Loss/l_total,0.018290042877197266
1788150190.5482662,59680,6,LR,0.0008145033635316127
1788150206.2314935,59720,6,Loss/l_ce,0.04938626289367676
1788150206.2317805,59720,6,Loss/l_total,0.04938626289367676
1788150206.2318068,59720,6,LR,0.0008145033635316127
1788150221.849196,59760,6,Loss/l_ce,0.07048273086547852
1788150221.8494275,59760,6,Loss/l_total,0.07048273086547852
1788150221.8494499,59760,6,LR,0.0008145033635316127
1788150237.176916,59800,6,Loss/l_ce,0.018796682357788086
1788150237.1771631,59800,6,Loss/l_total,0.018796682357788086
1788150237.1771915,59800,6,LR,0.0008145033635316127
1788150252.586195,59840,6,Loss/l_ce,0.08077001571655273
1788150252.5863943,59840,6,Loss/l_total,0.08077001571655273
1788150252.5864215,59840,6,LR,0.0008145033635316127
1788150268.3649945,59880,6,Loss/l_ce,0.06944012641906738
1788150268.3653128,59880,6,Loss/l_total,0.06944012641906738
1788150268.3653412,59880,6,LR,0.0008145033635316127
1788150283.9600554,59920,6,Loss/l_ce,0.019689083099365234
1788150283.9603558,59920,6,Loss/l_total,0.019689083099365234
1788150283.9603856,59920,6,LR,0.0008145033635316127
1788150299.6246052,59960,6,Loss/l_ce,0.053191423416137695
1788150299.624915,59960,6,Loss/l_total,0.053191423416137695
1788150299.62494,59960,6,LR,0.0008145033635316127
1788150315.076128,60000,6,Loss/l_ce,0.029473304748535156
1788150315.0764534,60000,6,Loss/l_total,0.029473304748535156
1788150315.0764806,60000,6,LR,0.0008145033635316127
1788150330.512817,60040,6,Loss/l_ce,0.14855360984802246
1788150330.5131528,60040,6,Loss/l_total,0.14855360984802246
1788150330.5131788,60040,6,LR,0.0008145033635316127
1788150346.0257359,60080,6,Loss/l_ce,0.02943587303161621
1788150346.0259566,60080,6,Loss/l_total,0.02943587303161621
1788150346.0259793,60080,6,LR,0.0008145033635316127
1788150361.5287862,60120,6,Loss/l_ce,0.030416011810302734
1788150361.5290937,60120,6,Loss/l_total,0.030416011810302734
1788150361.5291233,60120,6,LR,0.0008145033635316127
1788150376.6821103,60160,6,Loss/l_ce,0.025895357131958008
1788150376.6823595,60160,6,Loss/l_total,0.025895357131958008
1788150376.682382,60160,6,LR,0.0008145033635316127
1788150392.0625973,60200,6,Loss/l_ce,0.03503870964050293
1788150392.062894,60200,6,Loss/l_total,0.03503870964050293
1788150392.062918,60200,6,LR,0.0008145033635316127
1788150407.5452821,60240,6,Loss/l_ce,0.038298845291137695
1788150407.5454469,60240,6,Loss/l_total,0.038298845291137695
1788150407.5454695,60240,6,LR,0.0008145033635316127
1788150422.9738414,60280,6,Loss/l_ce,0.019742727279663086
1788150422.9740777,60280,6,Loss/l_total,0.019742727279663086
1788150422.9741037,60280,6,LR,0.0008145033635316127
1788150438.266168,60320,6,Loss/l_ce,0.025083065032958984
1788150438.2663472,60320,6,Loss/l_total,0.025083065032958984
1788150438.2663698,60320,6,LR,0.0008145033635316127
1788150453.7815697,60360,6,Loss/l_ce,0.05420207977294922
1788150453.7817943,60360,6,Loss/l_total,0.05420207977294922
1788150453.7818227,60360,6,LR,0.0008145033635316127
1788150469.1117165,60400,6,Loss/l_ce,0.045565128326416016
1788150469.1118925,60400,6,Loss/l_total,0.045565128326416016
1788150469.1119163,60400,6,LR,0.0008145033635316127
1788150484.922336,60440,6,Loss/l_ce,0.02253556251525879
1788150484.9226458,60440,6,Loss/l_total,0.02253556251525879
1788150484.9226708,60440,6,LR,0.0008145033635316127
1788150500.3259466,60480,6,Loss/l_ce,0.02077031135559082
1788150500.3261652,60480,6,Loss/l_total,0.02077031135559082
1788150500.32619,60480,6,LR,0.0008145033635316127
1788150515.916059,60520,6,Loss/l_ce,0.03186988830566406
1788150515.916287,60520,6,Loss/l_total,0.03186988830566406
1788150515.9163132,60520,6,LR,0.0008145033635316127
1788150531.5059018,60560,6,Loss/l_ce,0.02240276336669922
1788150531.5061476,60560,6,Loss/l_total,0.02240276336669922
1788150531.506175,60560,6,LR,0.0008145033635316127
1788150547.0841117,60600,6,Loss/l_ce,0.11431479454040527
1788150547.084356,60600,6,Loss/l_total,0.11431479454040527
1788150547.084381,60600,6,LR,0.0008145033635316127
1788150562.532709,60640,6,Loss/l_ce,0.037039995193481445
1788150562.5328703,60640,6,Loss/l_total,0.037039995193481445
1788150562.5329013,60640,6,LR,0.0008145033635316127
1788150577.809729,60680,6,Loss/l_ce,0.04341268539428711
1788150577.809976,60680,6,Loss/l_total,0.04341268539428711
1788150577.8100035,60680,6,LR,0.0008145033635316127
1788150592.8874948,60720,6,Loss/l_ce,0.12578845024108887
1788150592.8876956,60720,6,Loss/l_total,0.12578845024108887
1788150592.8877194,60720,6,LR,0.0008145033635316127
1788150608.1773071,60760,6,Loss/l_ce,0.07838773727416992
1788150608.1774662,60760,6,Loss/l_total,0.07838773727416992
1788150608.17749,60760,6,LR,0.0008145033635316127
1788150623.384341,60800,6,Loss/l_ce,0.014275550842285156
1788150623.3846223,60800,6,Loss/l_total,0.014275550842285156
1788150623.3846507,60800,6,LR,0.0008145033635316127
1788150638.9555955,60840,6,Loss/l_ce,0.026252269744873047
1788150638.9558094,60840,6,Loss/l_total,0.026252269744873047
1788150638.9558342,60840,6,LR,0.0008145033635316127
1788150654.710463,60880,6,Loss/l_ce,0.017996549606323242
1788150654.7106457,60880,6,Loss/l_total,0.017996549606323242
1788150654.7106707,60880,6,LR,0.0008145033635316127
1788150706.1392045,60914,6,Val/dense_error,0.030064672231674194
1788150706.1395571,60914,6,Val/auc,0.7350818977515994
1788150706.139588,60914,6,Val/pck_max,0.1
1788150706.1396105,60914,6,Val/pck_n,100.0
1788150711.5497868,60920,7,Loss/l_ce,0.03885149955749512
1788150711.5499723,60920,7,Loss/l_total,0.03885149955749512
1788150711.5499957,60920,7,LR,0.0007542957248827959
1788150727.4264057,60960,7,Loss/l_ce,0.014627456665039062
1788150727.4266026,60960,7,Loss/l_total,0.014627456665039062
1788150727.4266465,60960,7,LR,0.0007542957248827959
1788150742.87276,61000,7,Loss/l_ce,0.0403590202331543
1788150742.8731508,61000,7,Loss/l_total,0.0403590202331543
1788150742.873178,61000,7,LR,0.0007542957248827959
1788150759.0354457,61040,7,Loss/l_ce,0.03432202339172363
1788150759.0357249,61040,7,Loss/l_total,0.03432202339172363
1788150759.0357487,61040,7,LR,0.0007542957248827959
1788150774.5048032,61080,7,Loss/l_ce,0.02439093589782715
1788150774.5050523,61080,7,Loss/l_total,0.02439093589782715
1788150774.505081,61080,7,LR,0.0007542957248827959
1788150790.03414,61120,7,Loss/l_ce,0.02760791778564453
1788150790.0344772,61120,7,Loss/l_total,0.02760791778564453
1788150790.034501,61120,7,LR,0.0007542957248827959
1788150805.7224813,61160,7,Loss/l_ce,0.053498268127441406
1788150805.7228324,61160,7,Loss/l_total,0.053498268127441406
1788150805.7228656,61160,7,LR,0.0007542957248827959
1788150821.2521896,61200,7,Loss/l_ce,0.025967836380004883
1788150821.2525449,61200,7,Loss/l_total,0.025967836380004883
1788150821.2525709,61200,7,LR,0.0007542957248827959
1788150836.8462703,61240,7,Loss/l_ce,0.03136730194091797
1788150836.846537,61240,7,Loss/l_total,0.03136730194091797
1788150836.846561,61240,7,LR,0.0007542957248827959
1788150852.3439279,61280,7,Loss/l_ce,0.055703163146972656
1788150852.3442569,61280,7,Loss/l_total,0.055703163146972656
1788150852.3442838,61280,7,LR,0.0007542957248827959
1788150867.46432,61320,7,Loss/l_ce,0.019093990325927734
1788150867.464542,61320,7,Loss/l_total,0.019093990325927734
1788150867.4645658,61320,7,LR,0.0007542957248827959
1788150883.3825853,61360,7,Loss/l_ce,0.06985306739807129
1788150883.3828027,61360,7,Loss/l_total,0.06985306739807129
1788150883.3828275,61360,7,LR,0.0007542957248827959
1788150900.0067372,61400,7,Loss/l_ce,0.021573543548583984
1788150900.0070257,61400,7,Loss/l_total,0.021573543548583984
1788150900.0070815,61400,7,LR,0.0007542957248827959
1788150915.4029453,61440,7,Loss/l_ce,0.027880430221557617
1788150915.403305,61440,7,Loss/l_total,0.027880430221557617
1788150915.403331,61440,7,LR,0.0007542957248827959
1788150930.761511,61480,7,Loss/l_ce,0.030248403549194336
1788150930.761725,61480,7,Loss/l_total,0.030248403549194336
1788150930.7617474,61480,7,LR,0.0007542957248827959
1788150946.2862573,61520,7,Loss/l_ce,0.03757452964782715
1788150946.2865443,61520,7,Loss/l_total,0.03757452964782715
1788150946.2865705,61520,7,LR,0.0007542957248827959
1788150962.0303724,61560,7,Loss/l_ce,0.03590059280395508
1788150962.0306883,61560,7,Loss/l_total,0.03590059280395508
1788150962.0307143,61560,7,LR,0.0007542957248827959
1788150976.9317677,61600,7,Loss/l_ce,0.07334589958190918
1788150976.93206,61600,7,Loss/l_total,0.07334589958190918
1788150976.932086,61600,7,LR,0.0007542957248827959
1788150992.3775656,61640,7,Loss/l_ce,0.019483566284179688
1788150992.3778758,61640,7,Loss/l_total,0.019483566284179688
1788150992.3779027,61640,7,LR,0.0007542957248827959
1788151007.7699008,61680,7,Loss/l_ce,0.1528034210205078
1788151007.7702308,61680,7,Loss/l_total,0.1528034210205078
1788151007.7702572,61680,7,LR,0.0007542957248827959
1788151023.1396072,61720,7,Loss/l_ce,0.023754596710205078
1788151023.1398423,61720,7,Loss/l_total,0.023754596710205078
1788151023.1398673,61720,7,LR,0.0007542957248827959
1788151038.815096,61760,7,Loss/l_ce,0.09403300285339355
1788151038.8153093,61760,7,Loss/l_total,0.09403300285339355
1788151038.8153307,61760,7,LR,0.0007542957248827959
1788151054.332965,61800,7,Loss/l_ce,0.016418933868408203
1788151054.333257,61800,7,Loss/l_total,0.016418933868408203
1788151054.3332841,61800,7,LR,0.0007542957248827959
1788151069.674334,61840,7,Loss/l_ce,0.01824021339416504
1788151069.6745903,61840,7,Loss/l_total,0.01824021339416504
1788151069.6746142,61840,7,LR,0.0007542957248827959
1788151085.6412654,61880,7,Loss/l_ce,0.027097463607788086
1788151085.641661,61880,7,Loss/l_total,0.027097463607788086
1788151085.6417072,61880,7,LR,0.0007542957248827959
1788151101.1995857,61920,7,Loss/l_ce,0.02211737632751465
1788151101.1998005,61920,7,Loss/l_total,0.02211737632751465
1788151101.1998599,61920,7,LR,0.0007542957248827959
1788151116.8953211,61960,7,Loss/l_ce,0.024994611740112305
1788151116.8955052,61960,7,Loss/l_total,0.024994611740112305
1788151116.89553,61960,7,LR,0.0007542957248827959
1788151132.3629427,62000,7,Loss/l_ce,0.021175861358642578
1788151132.3632073,62000,7,Loss/l_total,0.021175861358642578
1788151132.363243,62000,7,LR,0.0007542957248827959
1788151147.699103,62040,7,Loss/l_ce,0.03584027290344238
1788151147.6994488,62040,7,Loss/l_total,0.03584027290344238
1788151147.6994736,62040,7,LR,0.0007542957248827959
1788151163.1124856,62080,7,Loss/l_ce,0.05798649787902832
1788151163.1127408,62080,7,Loss/l_total,0.05798649787902832
1788151163.1127644,62080,7,LR,0.0007542957248827959
1788151178.624639,62120,7,Loss/l_ce,0.0470273494720459
1788151178.6249487,62120,7,Loss/l_total,0.0470273494720459
1788151178.6249712,62120,7,LR,0.0007542957248827959
1788151194.1878817,62160,7,Loss/l_ce,0.031083106994628906
1788151194.188156,62160,7,Loss/l_total,0.031083106994628906
1788151194.188182,62160,7,LR,0.0007542957248827959
1788151209.7074854,62200,7,Loss/l_ce,0.022072553634643555
1788151209.7078235,62200,7,Loss/l_total,0.022072553634643555
1788151209.7078524,62200,7,LR,0.0007542957248827959
1788151224.9347615,62240,7,Loss/l_ce,0.08128643035888672
1788151224.9350643,62240,7,Loss/l_total,0.08128643035888672
1788151224.9350927,62240,7,LR,0.0007542957248827959
1788151239.777223,62280,7,Loss/l_ce,0.157958984375
1788151239.777393,62280,7,Loss/l_total,0.157958984375
1788151239.7774167,62280,7,LR,0.0007542957248827959
1788151255.375148,62320,7,Loss/l_ce,0.007117509841918945
1788151255.3753393,62320,7,Loss/l_total,0.007117509841918945
1788151255.375364,62320,7,LR,0.0007542957248827959
1788151270.6037374,62360,7,Loss/l_ce,0.03971123695373535
1788151270.6039321,62360,7,Loss/l_total,0.03971123695373535
1788151270.6039534,62360,7,LR,0.0007542957248827959
1788151285.7882197,62400,7,Loss/l_ce,0.017967700958251953
1788151285.7885106,62400,7,Loss/l_total,0.017967700958251953
1788151285.7885377,62400,7,LR,0.0007542957248827959
1788151301.2002192,62440,7,Loss/l_ce,0.10123777389526367
1788151301.2005014,62440,7,Loss/l_total,0.10123777389526367
1788151301.2005253,62440,7,LR,0.0007542957248827959
1788151316.4373646,62480,7,Loss/l_ce,0.13060283660888672
1788151316.4376826,62480,7,Loss/l_total,0.13060283660888672
1788151316.437711,62480,7,LR,0.0007542957248827959
1788151332.0500004,62520,7,Loss/l_ce,0.018688678741455078
1788151332.0502567,62520,7,Loss/l_total,0.018688678741455078
1788151332.0502841,62520,7,LR,0.0007542957248827959
1788151347.6361856,62560,7,Loss/l_ce,0.022046804428100586
1788151347.6365037,62560,7,Loss/l_total,0.022046804428100586
1788151347.63653,62560,7,LR,0.0007542957248827959
1788151363.2364619,62600,7,Loss/l_ce,0.08246517181396484
1788151363.2366877,62600,7,Loss/l_total,0.08246517181396484
1788151363.2367148,62600,7,LR,0.0007542957248827959
1788151378.6467295,62640,7,Loss/l_ce,0.017101287841796875
1788151378.6470964,62640,7,Loss/l_total,0.017101287841796875
1788151378.6471295,62640,7,LR,0.0007542957248827959
1788151394.0486753,62680,7,Loss/l_ce,0.07828235626220703
1788151394.0489461,62680,7,Loss/l_total,0.07828235626220703
1788151394.0489924,62680,7,LR,0.0007542957248827959
1788151409.3248,62720,7,Loss/l_ce,0.025064468383789062
1788151409.3250885,62720,7,Loss/l_total,0.025064468383789062
1788151409.3251135,62720,7,LR,0.0007542957248827959
1788151424.8963027,62760,7,Loss/l_ce,0.03868675231933594
1788151424.896609,62760,7,Loss/l_total,0.03868675231933594
1788151424.8966362,62760,7,LR,0.0007542957248827959
1788151440.4540777,62800,7,Loss/l_ce,0.06504106521606445
1788151440.4543793,62800,7,Loss/l_total,0.06504106521606445
1788151440.4544053,62800,7,LR,0.0007542957248827959
1788151455.8398254,62840,7,Loss/l_ce,0.021177053451538086
1788151455.8400867,62840,7,Loss/l_total,0.021177053451538086
1788151455.8401165,62840,7,LR,0.0007542957248827959
1788151470.888916,62880,7,Loss/l_ce,0.1605539321899414
1788151470.8891711,62880,7,Loss/l_total,0.1605539321899414
1788151470.889195,62880,7,LR,0.0007542957248827959
1788151486.3362749,62920,7,Loss/l_ce,0.0626976490020752
1788151486.3365633,62920,7,Loss/l_total,0.0626976490020752
1788151486.3365862,62920,7,LR,0.0007542957248827959
1788151502.0557694,62960,7,Loss/l_ce,0.11232686042785645
1788151502.0559938,62960,7,Loss/l_total,0.11232686042785645
1788151502.0560222,62960,7,LR,0.0007542957248827959
1788151517.4535377,63000,7,Loss/l_ce,0.03945207595825195
1788151517.4537656,63000,7,Loss/l_total,0.03945207595825195
1788151517.4537919,63000,7,LR,0.0007542957248827959
1788151532.6154034,63040,7,Loss/l_ce,0.06532549858093262
1788151532.615679,63040,7,Loss/l_total,0.06532549858093262
1788151532.615704,63040,7,LR,0.0007542957248827959
1788151548.0588188,63080,7,Loss/l_ce,0.15067100524902344
1788151548.0589862,63080,7,Loss/l_total,0.15067100524902344
1788151548.05901,63080,7,LR,0.0007542957248827959
1788151563.4435022,63120,7,Loss/l_ce,0.046617984771728516
1788151563.443717,63120,7,Loss/l_total,0.046617984771728516
1788151563.4437406,63120,7,LR,0.0007542957248827959
1788151578.5613432,63160,7,Loss/l_ce,0.04132437705993652
1788151578.5616093,63160,7,Loss/l_total,0.04132437705993652
1788151578.561634,63160,7,LR,0.0007542957248827959
1788151594.0871332,63200,7,Loss/l_ce,0.14374923706054688
1788151594.0873632,63200,7,Loss/l_total,0.14374923706054688
1788151594.087393,63200,7,LR,0.0007542957248827959
1788151609.8619974,63240,7,Loss/l_ce,0.01573324203491211
1788151609.8621945,63240,7,Loss/l_total,0.01573324203491211
1788151609.8622181,63240,7,LR,0.0007542957248827959
1788151625.1824508,63280,7,Loss/l_ce,0.024293184280395508
1788151625.182682,63280,7,Loss/l_total,0.024293184280395508
1788151625.1827083,63280,7,LR,0.0007542957248827959
1788151640.7126205,63320,7,Loss/l_ce,0.01617121696472168
1788151640.712871,63320,7,Loss/l_total,0.01617121696472168
1788151640.7128937,63320,7,LR,0.0007542957248827959
1788151656.2789412,63360,7,Loss/l_ce,0.0654911994934082
1788151656.2792037,63360,7,Loss/l_total,0.0654911994934082
1788151656.279231,63360,7,LR,0.0007542957248827959
1788151671.606598,63400,7,Loss/l_ce,0.0656442642211914
1788151671.6067617,63400,7,Loss/l_total,0.0656442642211914
1788151671.6067867,63400,7,LR,0.0007542957248827959
1788151687.2673907,63440,7,Loss/l_ce,0.03717923164367676
1788151687.2676091,63440,7,Loss/l_total,0.03717923164367676
1788151687.2676342,63440,7,LR,0.0007542957248827959
1788151702.75926,63480,7,Loss/l_ce,0.036749839782714844
1788151702.7594724,63480,7,Loss/l_total,0.036749839782714844
1788151702.759495,63480,7,LR,0.0007542957248827959
1788151718.3336806,63520,7,Loss/l_ce,0.08115959167480469
1788151718.3338978,63520,7,Loss/l_total,0.08115959167480469
1788151718.3339214,63520,7,LR,0.0007542957248827959
1788151733.9402518,63560,7,Loss/l_ce,0.136749267578125
1788151733.9405038,63560,7,Loss/l_total,0.136749267578125
1788151733.940531,63560,7,LR,0.0007542957248827959
1788151749.5390089,63600,7,Loss/l_ce,0.09278416633605957
1788151749.5392473,63600,7,Loss/l_total,0.09278416633605957
1788151749.5392735,63600,7,LR,0.0007542957248827959
1788151765.0716355,63640,7,Loss/l_ce,0.034949302673339844
1788151765.0718312,63640,7,Loss/l_total,0.034949302673339844
1788151765.0718565,63640,7,LR,0.0007542957248827959
1788151781.032814,63680,7,Loss/l_ce,0.024366140365600586
1788151781.033453,63680,7,Loss/l_total,0.024366140365600586
1788151781.0334828,63680,7,LR,0.0007542957248827959
1788151798.7058554,63720,7,Loss/l_ce,0.01513981819152832
1788151798.706106,63720,7,Loss/l_total,0.01513981819152832
1788151798.706131,63720,7,LR,0.0007542957248827959
1788151815.1360905,63760,7,Loss/l_ce,0.05232357978820801
1788151815.1364052,63760,7,Loss/l_total,0.05232357978820801
1788151815.1364315,63760,7,LR,0.0007542957248827959
1788151830.8478723,63800,7,Loss/l_ce,0.041275978088378906
1788151830.8480895,63800,7,Loss/l_total,0.041275978088378906
1788151830.8481145,63800,7,LR,0.0007542957248827959
1788151846.455186,63840,7,Loss/l_ce,0.1593916416168213
1788151846.4557333,63840,7,Loss/l_total,0.1593916416168213
1788151846.4557877,63840,7,LR,0.0007542957248827959
1788151862.0041134,63880,7,Loss/l_ce,0.031042814254760742
1788151862.0043542,63880,7,Loss/l_total,0.031042814254760742
1788151862.004379,63880,7,LR,0.0007542957248827959
1788151877.4327118,63920,7,Loss/l_ce,0.05583953857421875
1788151877.4329505,63920,7,Loss/l_total,0.05583953857421875
1788151877.4329731,63920,7,LR,0.0007542957248827959
1788151892.5738652,63960,7,Loss/l_ce,0.04901933670043945
1788151892.5741012,63960,7,Loss/l_total,0.04901933670043945
1788151892.5741262,63960,7,LR,0.0007542957248827959
1788151907.801735,64000,7,Loss/l_ce,0.029806137084960938
1788151907.8019223,64000,7,Loss/l_total,0.029806137084960938
1788151907.8019462,64000,7,LR,0.0007542957248827959
1788151923.2721703,64040,7,Loss/l_ce,0.06076860427856445
1788151923.272498,64040,7,Loss/l_total,0.06076860427856445
1788151923.2725217,64040,7,LR,0.0007542957248827959
1788151938.70624,64080,7,Loss/l_ce,0.06714606285095215
1788151938.706685,64080,7,Loss/l_total,0.06714606285095215
1788151938.7067447,64080,7,LR,0.0007542957248827959
1788151954.289559,64120,7,Loss/l_ce,0.1385669708251953
1788151954.289896,64120,7,Loss/l_total,0.1385669708251953
1788151954.2899208,64120,7,LR,0.0007542957248827959
1788151969.8158255,64160,7,Loss/l_ce,0.02757406234741211
1788151969.8160522,64160,7,Loss/l_total,0.02757406234741211
1788151969.8160772,64160,7,LR,0.0007542957248827959
1788151985.2346966,64200,7,Loss/l_ce,0.04021930694580078
1788151985.2350054,64200,7,Loss/l_total,0.04021930694580078
1788151985.23506,64200,7,LR,0.0007542957248827959
1788152000.571102,64240,7,Loss/l_ce,0.0971837043762207
1788152000.5713468,64240,7,Loss/l_total,0.0971837043762207
1788152000.5713751,64240,7,LR,0.0007542957248827959
1788152015.5998945,64280,7,Loss/l_ce,0.05655717849731445
1788152015.600328,64280,7,Loss/l_total,0.05655717849731445
1788152015.600372,64280,7,LR,0.0007542957248827959
1788152030.744166,64320,7,Loss/l_ce,0.12346291542053223
1788152030.7444863,64320,7,Loss/l_total,0.12346291542053223
1788152030.744521,64320,7,LR,0.0007542957248827959
1788152046.0389876,64360,7,Loss/l_ce,0.02445840835571289
1788152046.0392046,64360,7,Loss/l_total,0.02445840835571289
1788152046.0392308,64360,7,LR,0.0007542957248827959
1788152063.0025823,64400,7,Loss/l_ce,0.07752561569213867
1788152063.00298,64400,7,Loss/l_total,0.07752561569213867
1788152063.0030584,64400,7,LR,0.0007542957248827959
1788152079.79912,64440,7,Loss/l_ce,0.021123409271240234
1788152079.7993183,64440,7,Loss/l_total,0.021123409271240234
1788152079.7993598,64440,7,LR,0.0007542957248827959
1788152096.085422,64480,7,Loss/l_ce,0.03153252601623535
1788152096.0856228,64480,7,Loss/l_total,0.03153252601623535
1788152096.085649,64480,7,LR,0.0007542957248827959
1788152112.1092548,64520,7,Loss/l_ce,0.03895378112792969
1788152112.1094723,64520,7,Loss/l_total,0.03895378112792969
1788152112.109497,64520,7,LR,0.0007542957248827959
1788152128.3680549,64560,7,Loss/l_ce,0.07619905471801758
1788152128.3682697,64560,7,Loss/l_total,0.07619905471801758
1788152128.3682969,64560,7,LR,0.0007542957248827959
1788152144.54022,64600,7,Loss/l_ce,0.0174558162689209
1788152144.5405903,64600,7,Loss/l_total,0.0174558162689209
1788152144.5406177,64600,7,LR,0.0007542957248827959
1788152160.2117693,64640,7,Loss/l_ce,0.021977901458740234
1788152160.212009,64640,7,Loss/l_total,0.021977901458740234
1788152160.2120566,64640,7,LR,0.0007542957248827959
1788152175.7359514,64680,7,Loss/l_ce,0.1298503875732422
1788152175.7362695,64680,7,Loss/l_total,0.1298503875732422
1788152175.7362947,64680,7,LR,0.0007542957248827959
1788152190.8402383,64720,7,Loss/l_ce,0.06441092491149902
1788152190.840528,64720,7,Loss/l_total,0.06441092491149902
1788152190.8405542,64720,7,LR,0.0007542957248827959
1788152206.2615,64760,7,Loss/l_ce,0.04695320129394531
1788152206.2618027,64760,7,Loss/l_total,0.04695320129394531
1788152206.261829,64760,7,LR,0.0007542957248827959
1788152221.5542748,64800,7,Loss/l_ce,0.08457422256469727
1788152221.5545988,64800,7,Loss/l_total,0.08457422256469727
1788152221.5546215,64800,7,LR,0.0007542957248827959
1788152236.8079922,64840,7,Loss/l_ce,0.021268367767333984
1788152236.8082938,64840,7,Loss/l_total,0.021268367767333984
1788152236.8083222,64840,7,LR,0.0007542957248827959
1788152252.333008,64880,7,Loss/l_ce,0.16558384895324707
1788152252.333344,64880,7,Loss/l_total,0.16558384895324707
1788152252.3333702,64880,7,LR,0.0007542957248827959
1788152267.8887522,64920,7,Loss/l_ce,0.020959138870239258
1788152267.8890717,64920,7,Loss/l_total,0.020959138870239258
1788152267.8890977,64920,7,LR,0.0007542957248827959
1788152283.7747068,64960,7,Loss/l_ce,0.06182074546813965
1788152283.7749481,64960,7,Loss/l_total,0.06182074546813965
1788152283.774974,64960,7,LR,0.0007542957248827959
1788152299.4698634,65000,7,Loss/l_ce,0.037435293197631836
1788152299.4702196,65000,7,Loss/l_total,0.037435293197631836
1788152299.4702518,65000,7,LR,0.0007542957248827959
1788152315.2924771,65040,7,Loss/l_ce,0.024397611618041992
1788152315.2927752,65040,7,Loss/l_total,0.024397611618041992
1788152315.2928,65040,7,LR,0.0007542957248827959
1788152330.4130158,65080,7,Loss/l_ce,0.11498498916625977
1788152330.4132094,65080,7,Loss/l_total,0.11498498916625977
1788152330.4132354,65080,7,LR,0.0007542957248827959
1788152345.82502,65120,7,Loss/l_ce,0.07164835929870605
1788152345.8252802,65120,7,Loss/l_total,0.07164835929870605
1788152345.8253028,65120,7,LR,0.0007542957248827959
1788152361.393193,65160,7,Loss/l_ce,0.04510855674743652
1788152361.393403,65160,7,Loss/l_total,0.04510855674743652
1788152361.3934329,65160,7,LR,0.0007542957248827959
1788152376.7504988,65200,7,Loss/l_ce,0.09400129318237305
1788152376.750786,65200,7,Loss/l_total,0.09400129318237305
1788152376.7508109,65200,7,LR,0.0007542957248827959
1788152392.0166473,65240,7,Loss/l_ce,0.019147396087646484
1788152392.0169346,65240,7,Loss/l_total,0.019147396087646484
1788152392.0169585,65240,7,LR,0.0007542957248827959
1788152407.5948577,65280,7,Loss/l_ce,0.03140521049499512
1788152407.5951533,65280,7,Loss/l_total,0.03140521049499512
1788152407.5951796,65280,7,LR,0.0007542957248827959
1788152422.905619,65320,7,Loss/l_ce,0.028252124786376953
1788152422.9059074,65320,7,Loss/l_total,0.028252124786376953
1788152422.9059324,65320,7,LR,0.0007542957248827959
1788152438.449622,65360,7,Loss/l_ce,0.117950439453125
1788152438.449951,65360,7,Loss/l_total,0.117950439453125
1788152438.449982,65360,7,LR,0.0007542957248827959
1788152453.973414,65400,7,Loss/l_ce,0.006218910217285156
1788152453.9736478,65400,7,Loss/l_total,0.006218910217285156
1788152453.973674,65400,7,LR,0.0007542957248827959
1788152469.3995745,65440,7,Loss/l_ce,0.0222012996673584
1788152469.3997395,65440,7,Loss/l_total,0.0222012996673584
1788152469.3997645,65440,7,LR,0.0007542957248827959
1788152484.8188949,65480,7,Loss/l_ce,0.14403653144836426
1788152484.8190815,65480,7,Loss/l_total,0.14403653144836426
1788152484.8191075,65480,7,LR,0.0007542957248827959
1788152500.3452477,65520,7,Loss/l_ce,0.07591104507446289
1788152500.34547,65520,7,Loss/l_total,0.07591104507446289
1788152500.3454936,65520,7,LR,0.0007542957248827959
1788152516.0037086,65560,7,Loss/l_ce,0.10542082786560059
1788152516.0039675,65560,7,Loss/l_total,0.10542082786560059
1788152516.0039914,65560,7,LR,0.0007542957248827959
1788152531.5093694,65600,7,Loss/l_ce,0.02747321128845215
1788152531.5096614,65600,7,Loss/l_total,0.02747321128845215
1788152531.5096862,65600,7,LR,0.0007542957248827959
1788152546.9382346,65640,7,Loss/l_ce,0.029695510864257812
1788152546.938516,65640,7,Loss/l_total,0.029695510864257812
1788152546.9385407,65640,7,LR,0.0007542957248827959
1788152562.1845129,65680,7,Loss/l_ce,0.04665827751159668
1788152562.1848226,65680,7,Loss/l_total,0.04665827751159668
1788152562.1848464,65680,7,LR,0.0007542957248827959
1788152577.505486,65720,7,Loss/l_ce,0.024063825607299805
1788152577.5057817,65720,7,Loss/l_total,0.024063825607299805
1788152577.5058053,65720,7,LR,0.0007542957248827959
1788152593.068701,65760,7,Loss/l_ce,0.04562664031982422
1788152593.0690048,65760,7,Loss/l_total,0.04562664031982422
1788152593.069051,65760,7,LR,0.0007542957248827959
1788152608.8339055,65800,7,Loss/l_ce,0.016910314559936523
1788152608.8342226,65800,7,Loss/l_total,0.016910314559936523
1788152608.8342474,65800,7,LR,0.0007542957248827959
1788152624.31689,65840,7,Loss/l_ce,0.020587921142578125
1788152624.317194,65840,7,Loss/l_total,0.020587921142578125
1788152624.317226,65840,7,LR,0.0007542957248827959
1788152639.627058,65880,7,Loss/l_ce,0.019899845123291016
1788152639.6273572,65880,7,Loss/l_total,0.019899845123291016
1788152639.6273808,65880,7,LR,0.0007542957248827959
1788152654.8266268,65920,7,Loss/l_ce,0.042467594146728516
1788152654.8268132,65920,7,Loss/l_total,0.042467594146728516
1788152654.826837,65920,7,LR,0.0007542957248827959
1788152670.3468819,65960,7,Loss/l_ce,0.026021957397460938
1788152670.3471904,65960,7,Loss/l_total,0.026021957397460938
1788152670.3472176,65960,7,LR,0.0007542957248827959
1788152685.644837,66000,7,Loss/l_ce,0.0327916145324707
1788152685.645002,66000,7,Loss/l_total,0.0327916145324707
1788152685.6450257,66000,7,LR,0.0007542957248827959
1788152700.9431639,66040,7,Loss/l_ce,0.1286153793334961
1788152700.943375,66040,7,Loss/l_total,0.1286153793334961
1788152700.943401,66040,7,LR,0.0007542957248827959
1788152716.4121287,66080,7,Loss/l_ce,0.02313232421875
1788152716.4123294,66080,7,Loss/l_total,0.02313232421875
1788152716.4123557,66080,7,LR,0.0007542957248827959
1788152732.0875564,66120,7,Loss/l_ce,0.15473675727844238
1788152732.0877357,66120,7,Loss/l_total,0.15473675727844238
1788152732.087758,66120,7,LR,0.0007542957248827959
1788152747.4715881,66160,7,Loss/l_ce,0.028773784637451172
1788152747.471834,66160,7,Loss/l_total,0.028773784637451172
1788152747.4718587,66160,7,LR,0.0007542957248827959
1788152762.6197352,66200,7,Loss/l_ce,0.025146961212158203
1788152762.6199086,66200,7,Loss/l_total,0.025146961212158203
1788152762.6199334,66200,7,LR,0.0007542957248827959
1788152778.0617533,66240,7,Loss/l_ce,0.039652109146118164
1788152778.0619695,66240,7,Loss/l_total,0.039652109146118164
1788152778.061992,66240,7,LR,0.0007542957248827959
1788152793.4200673,66280,7,Loss/l_ce,0.03153252601623535
1788152793.420269,66280,7,Loss/l_total,0.03153252601623535
1788152793.4202974,66280,7,LR,0.0007542957248827959
1788152808.9916527,66320,7,Loss/l_ce,0.036649465560913086
1788152808.9977553,66320,7,Loss/l_total,0.036649465560913086
1788152808.9978144,66320,7,LR,0.0007542957248827959
1788152824.19937,66360,7,Loss/l_ce,0.021044492721557617
1788152824.1995385,66360,7,Loss/l_total,0.021044492721557617
1788152824.1995623,66360,7,LR,0.0007542957248827959
1788152839.7477672,66400,7,Loss/l_ce,0.008507251739501953
1788152839.7479963,66400,7,Loss/l_total,0.008507251739501953
1788152839.7480252,66400,7,LR,0.0007542957248827959
1788152855.0057964,66440,7,Loss/l_ce,0.02463674545288086
1788152855.0060184,66440,7,Loss/l_total,0.02463674545288086
1788152855.0060706,66440,7,LR,0.0007542957248827959
1788152870.094422,66480,7,Loss/l_ce,0.03439807891845703
1788152870.094587,66480,7,Loss/l_total,0.03439807891845703
1788152870.094612,66480,7,LR,0.0007542957248827959
1788152885.4098544,66520,7,Loss/l_ce,0.09072589874267578
1788152885.4101143,66520,7,Loss/l_total,0.09072589874267578
1788152885.4101417,66520,7,LR,0.0007542957248827959
1788152900.6371777,66560,7,Loss/l_ce,0.021323204040527344
1788152900.637383,66560,7,Loss/l_total,0.021323204040527344
1788152900.637409,66560,7,LR,0.0007542957248827959
1788152916.1103158,66600,7,Loss/l_ce,0.28154516220092773
1788152916.1104858,66600,7,Loss/l_total,0.28154516220092773
1788152916.1105094,66600,7,LR,0.0007542957248827959
1788152931.4494786,66640,7,Loss/l_ce,0.021740436553955078
1788152931.449677,66640,7,Loss/l_total,0.021740436553955078
1788152931.4497032,66640,7,LR,0.0007542957248827959
1788152946.9833853,66680,7,Loss/l_ce,0.022585153579711914
1788152946.983593,66680,7,Loss/l_total,0.022585153579711914
1788152946.9836168,66680,7,LR,0.0007542957248827959
1788152962.4548912,66720,7,Loss/l_ce,0.03410506248474121
1788152962.4551466,66720,7,Loss/l_total,0.03410506248474121
1788152962.4551713,66720,7,LR,0.0007542957248827959
1788152977.6067936,66760,7,Loss/l_ce,0.06957840919494629
1788152977.6070051,66760,7,Loss/l_total,0.06957840919494629
1788152977.6070516,66760,7,LR,0.0007542957248827959
1788152993.2377236,66800,7,Loss/l_ce,0.018821239471435547
1788152993.2379553,66800,7,Loss/l_total,0.018821239471435547
1788152993.237979,66800,7,LR,0.0007542957248827959
1788153008.632738,66840,7,Loss/l_ce,0.013191938400268555
1788153008.6329968,66840,7,Loss/l_total,0.013191938400268555
1788153008.6330242,66840,7,LR,0.0007542957248827959
1788153023.9075625,66880,7,Loss/l_ce,0.10624527931213379
1788153023.9077406,66880,7,Loss/l_total,0.10624527931213379
1788153023.9077644,66880,7,LR,0.0007542957248827959
1788153039.426982,66920,7,Loss/l_ce,0.042966365814208984
1788153039.4272096,66920,7,Loss/l_total,0.042966365814208984
1788153039.4272418,66920,7,LR,0.0007542957248827959
1788153054.5628915,66960,7,Loss/l_ce,0.022590160369873047
1788153054.563103,66960,7,Loss/l_total,0.022590160369873047
1788153054.5631292,66960,7,LR,0.0007542957248827959
1788153069.6216924,67000,7,Loss/l_ce,0.021523475646972656
1788153069.621925,67000,7,Loss/l_total,0.021523475646972656
1788153069.62195,67000,7,LR,0.0007542957248827959
1788153084.9314172,67040,7,Loss/l_ce,0.02969837188720703
1788153084.9315884,67040,7,Loss/l_total,0.02969837188720703
1788153084.9316108,67040,7,LR,0.0007542957248827959
1788153100.4917521,67080,7,Loss/l_ce,0.04380679130554199
1788153100.4919527,67080,7,Loss/l_total,0.04380679130554199
1788153100.4919765,67080,7,LR,0.0007542957248827959
1788153115.90301,67120,7,Loss/l_ce,0.029913902282714844
1788153115.9032605,67120,7,Loss/l_total,0.029913902282714844
1788153115.90329,67120,7,LR,0.0007542957248827959
1788153131.2927077,67160,7,Loss/l_ce,0.030844688415527344
1788153131.292907,67160,7,Loss/l_total,0.030844688415527344
1788153131.2929332,67160,7,LR,0.0007542957248827959
1788153146.8007145,67200,7,Loss/l_ce,0.028414487838745117
1788153146.8009138,67200,7,Loss/l_total,0.028414487838745117
1788153146.8009412,67200,7,LR,0.0007542957248827959
1788153162.2747624,67240,7,Loss/l_ce,0.022243976593017578
1788153162.2749727,67240,7,Loss/l_total,0.022243976593017578
1788153162.275001,67240,7,LR,0.0007542957248827959
1788153177.393808,67280,7,Loss/l_ce,0.01615428924560547
1788153177.3939836,67280,7,Loss/l_total,0.01615428924560547
1788153177.3940072,67280,7,LR,0.0007542957248827959
1788153192.942222,67320,7,Loss/l_ce,0.04008316993713379
1788153192.9425309,67320,7,Loss/l_total,0.04008316993713379
1788153192.9425569,67320,7,LR,0.0007542957248827959
1788153208.1576247,67360,7,Loss/l_ce,0.015557050704956055
1788153208.1578836,67360,7,Loss/l_total,0.015557050704956055
1788153208.1579084,67360,7,LR,0.0007542957248827959
1788153223.7011604,67400,7,Loss/l_ce,0.06342792510986328
1788153223.7013931,67400,7,Loss/l_total,0.06342792510986328
1788153223.701418,67400,7,LR,0.0007542957248827959
1788153239.018383,67440,7,Loss/l_ce,0.011900663375854492
1788153239.018622,67440,7,Loss/l_total,0.011900663375854492
1788153239.0186467,67440,7,LR,0.0007542957248827959
1788153254.3639314,67480,7,Loss/l_ce,0.03396892547607422
1788153254.3641818,67480,7,Loss/l_total,0.03396892547607422
1788153254.3642068,67480,7,LR,0.0007542957248827959
1788153269.8046863,67520,7,Loss/l_ce,0.04951739311218262
1788153269.8049011,67520,7,Loss/l_total,0.04951739311218262
1788153269.804924,67520,7,LR,0.0007542957248827959
1788153285.2116795,67560,7,Loss/l_ce,0.09020614624023438
1788153285.2119253,67560,7,Loss/l_total,0.09020614624023438
1788153285.2119477,67560,7,LR,0.0007542957248827959
1788153300.9313385,67600,7,Loss/l_ce,0.06361961364746094
1788153300.9316113,67600,7,Loss/l_total,0.06361961364746094
1788153300.9316387,67600,7,LR,0.0007542957248827959
1788153316.3111827,67640,7,Loss/l_ce,0.039914608001708984
1788153316.3113585,67640,7,Loss/l_total,0.039914608001708984
1788153316.3113823,67640,7,LR,0.0007542957248827959
1788153331.317712,67680,7,Loss/l_ce,0.03572678565979004
1788153331.3178818,67680,7,Loss/l_total,0.03572678565979004
1788153331.317902,67680,7,LR,0.0007542957248827959
1788153346.8802018,67720,7,Loss/l_ce,0.006805419921875
1788153346.8804142,67720,7,Loss/l_total,0.006805419921875
1788153346.8804426,67720,7,LR,0.0007542957248827959
1788153362.4148645,67760,7,Loss/l_ce,0.025478601455688477
1788153362.4151163,67760,7,Loss/l_total,0.025478601455688477
1788153362.4151435,67760,7,LR,0.0007542957248827959
1788153378.1157346,67800,7,Loss/l_ce,0.02279520034790039
1788153378.1160135,67800,7,Loss/l_total,0.02279520034790039
1788153378.1160636,67800,7,LR,0.0007542957248827959
1788153393.81219,67840,7,Loss/l_ce,0.0661160945892334
1788153393.812424,67840,7,Loss/l_total,0.0661160945892334
1788153393.8124645,67840,7,LR,0.0007542957248827959
1788153409.3838868,67880,7,Loss/l_ce,0.02289414405822754
1788153409.3841717,67880,7,Loss/l_total,0.02289414405822754
1788153409.384198,67880,7,LR,0.0007542957248827959
1788153424.8058136,67920,7,Loss/l_ce,0.026140451431274414
1788153424.8060687,67920,7,Loss/l_total,0.026140451431274414
1788153424.806096,67920,7,LR,0.0007542957248827959
1788153440.2506096,67960,7,Loss/l_ce,0.04456496238708496
1788153440.250834,67960,7,Loss/l_total,0.04456496238708496
1788153440.2508566,67960,7,LR,0.0007542957248827959
1788153455.830755,68000,7,Loss/l_ce,0.023052453994750977
1788153455.831008,68000,7,Loss/l_total,0.023052453994750977
1788153455.831058,68000,7,LR,0.0007542957248827959
1788153471.9341464,68040,7,Loss/l_ce,0.029277801513671875
1788153471.9343505,68040,7,Loss/l_total,0.029277801513671875
1788153471.9343815,68040,7,LR,0.0007542957248827959
1788153486.9698918,68080,7,Loss/l_ce,0.016959190368652344
1788153486.97012,68080,7,Loss/l_total,0.016959190368652344
1788153486.9701436,68080,7,LR,0.0007542957248827959
1788153502.3432791,68120,7,Loss/l_ce,0.02528524398803711
1788153502.3434846,68120,7,Loss/l_total,0.02528524398803711
1788153502.3435082,68120,7,LR,0.0007542957248827959
1788153517.7593129,68160,7,Loss/l_ce,0.02188873291015625
1788153517.7595217,68160,7,Loss/l_total,0.02188873291015625
1788153517.7595491,68160,7,LR,0.0007542957248827959
1788153533.438531,68200,7,Loss/l_ce,0.15221762657165527
1788153533.438716,68200,7,Loss/l_total,0.15221762657165527
1788153533.4387398,68200,7,LR,0.0007542957248827959
1788153548.423987,68240,7,Loss/l_ce,0.024125337600708008
1788153548.4242718,68240,7,Loss/l_total,0.024125337600708008
1788153548.424298,68240,7,LR,0.0007542957248827959
1788153563.7950697,68280,7,Loss/l_ce,0.0755760669708252
1788153563.7954092,68280,7,Loss/l_total,0.0755760669708252
1788153563.795434,68280,7,LR,0.0007542957248827959
1788153579.2794545,68320,7,Loss/l_ce,0.021519184112548828
1788153579.2797728,68320,7,Loss/l_total,0.021519184112548828
1788153579.2798214,68320,7,LR,0.0007542957248827959
1788153594.632122,68360,7,Loss/l_ce,0.04287147521972656
1788153594.6322482,68360,7,Loss/l_total,0.04287147521972656
1788153594.6322715,68360,7,LR,0.0007542957248827959
1788153609.650604,68400,7,Loss/l_ce,0.01592707633972168
1788153609.6508021,68400,7,Loss/l_total,0.01592707633972168
1788153609.650826,68400,7,LR,0.0007542957248827959
1788153625.1238058,68440,7,Loss/l_ce,0.032399892807006836
1788153625.124003,68440,7,Loss/l_total,0.032399892807006836
1788153625.1240265,68440,7,LR,0.0007542957248827959
1788153640.4788501,68480,7,Loss/l_ce,0.02464151382446289
1788153640.479021,68480,7,Loss/l_total,0.02464151382446289
1788153640.4790673,68480,7,LR,0.0007542957248827959
1788153655.9801385,68520,7,Loss/l_ce,0.03803229331970215
1788153655.980306,68520,7,Loss/l_total,0.03803229331970215
1788153655.9803295,68520,7,LR,0.0007542957248827959
1788153671.3604603,68560,7,Loss/l_ce,0.02027583122253418
1788153671.3606443,68560,7,Loss/l_total,0.02027583122253418
1788153671.3606706,68560,7,LR,0.0007542957248827959
1788153687.7704809,68600,7,Loss/l_ce,0.020554065704345703
1788153687.7709937,68600,7,Loss/l_total,0.020554065704345703
1788153687.7710865,68600,7,LR,0.0007542957248827959
1788153703.645513,68640,7,Loss/l_ce,0.018932580947875977
1788153703.645697,68640,7,Loss/l_total,0.018932580947875977
1788153703.6457195,68640,7,LR,0.0007542957248827959
1788153719.3792593,68680,7,Loss/l_ce,0.0506136417388916
1788153719.3795657,68680,7,Loss/l_total,0.0506136417388916
1788153719.3795893,68680,7,LR,0.0007542957248827959
1788153734.9315052,68720,7,Loss/l_ce,0.13119983673095703
1788153734.9318044,68720,7,Loss/l_total,0.13119983673095703
1788153734.9318292,68720,7,LR,0.0007542957248827959
1788153750.6718006,68760,7,Loss/l_ce,0.020638465881347656
1788153750.6719656,68760,7,Loss/l_total,0.020638465881347656
1788153750.6719906,68760,7,LR,0.0007542957248827959
1788153765.7046947,68800,7,Loss/l_ce,0.035954952239990234
1788153765.7049239,68800,7,Loss/l_total,0.035954952239990234
1788153765.7049465,68800,7,LR,0.0007542957248827959
1788153781.1354086,68840,7,Loss/l_ce,0.030012130737304688
1788153781.13567,68840,7,Loss/l_total,0.030012130737304688
1788153781.1356997,68840,7,LR,0.0007542957248827959
1788153796.2604666,68880,7,Loss/l_ce,0.08653473854064941
1788153796.2606306,68880,7,Loss/l_total,0.08653473854064941
1788153796.2606554,68880,7,LR,0.0007542957248827959
1788153811.8251598,68920,7,Loss/l_ce,0.04982423782348633
1788153811.8253438,68920,7,Loss/l_total,0.04982423782348633
1788153811.8253698,68920,7,LR,0.0007542957248827959
1788153827.3942113,68960,7,Loss/l_ce,0.0404360294342041
1788153827.3944988,68960,7,Loss/l_total,0.0404360294342041
1788153827.3945262,68960,7,LR,0.0007542957248827959
1788153843.1063702,69000,7,Loss/l_ce,0.026826858520507812
1788153843.106603,69000,7,Loss/l_total,0.026826858520507812
1788153843.1066327,69000,7,LR,0.0007542957248827959
1788153858.603506,69040,7,Loss/l_ce,0.16105294227600098
1788153858.6038482,69040,7,Loss/l_total,0.16105294227600098
1788153858.6038756,69040,7,LR,0.0007542957248827959
1788153873.7315345,69080,7,Loss/l_ce,0.017213821411132812
1788153873.731765,69080,7,Loss/l_total,0.017213821411132812
1788153873.7317898,69080,7,LR,0.0007542957248827959
1788153889.0016809,69120,7,Loss/l_ce,0.017290592193603516
1788153889.0019314,69120,7,Loss/l_total,0.017290592193603516
1788153889.0019612,69120,7,LR,0.0007542957248827959
1788153904.7321143,69160,7,Loss/l_ce,0.044715166091918945
1788153904.7323341,69160,7,Loss/l_total,0.044715166091918945
1788153904.732358,69160,7,LR,0.0007542957248827959
1788153920.2277045,69200,7,Loss/l_ce,0.0345151424407959
1788153920.2279527,69200,7,Loss/l_total,0.0345151424407959
1788153920.2279837,69200,7,LR,0.0007542957248827959
1788153935.5752566,69240,7,Loss/l_ce,0.1819133758544922
1788153935.5754821,69240,7,Loss/l_total,0.1819133758544922
1788153935.5755048,69240,7,LR,0.0007542957248827959
1788153950.9482384,69280,7,Loss/l_ce,0.02054309844970703
1788153950.948517,69280,7,Loss/l_total,0.02054309844970703
1788153950.948542,69280,7,LR,0.0007542957248827959
1788153966.3488991,69320,7,Loss/l_ce,0.030962228775024414
1788153966.3491876,69320,7,Loss/l_total,0.030962228775024414
1788153966.3492198,69320,7,LR,0.0007542957248827959
1788153981.7879763,69360,7,Loss/l_ce,0.03202652931213379
1788153981.7882233,69360,7,Loss/l_total,0.03202652931213379
1788153981.7882493,69360,7,LR,0.0007542957248827959
1788153997.0617876,69400,7,Loss/l_ce,0.038642168045043945
1788153997.0619717,69400,7,Loss/l_total,0.038642168045043945
1788153997.0619955,69400,7,LR,0.0007542957248827959
1788154012.396861,69440,7,Loss/l_ce,0.07107806205749512
1788154012.3970714,69440,7,Loss/l_total,0.07107806205749512
1788154012.3970962,69440,7,LR,0.0007542957248827959
1788154027.2294273,69480,7,Loss/l_ce,0.01795673370361328
1788154027.2297754,69480,7,Loss/l_total,0.01795673370361328
1788154027.2298062,69480,7,LR,0.0007542957248827959
1788154041.8011959,69520,7,Loss/l_ce,0.024207592010498047
1788154041.8014095,69520,7,Loss/l_total,0.024207592010498047
1788154041.801433,69520,7,LR,0.0007542957248827959
1788154056.477776,69560,7,Loss/l_ce,0.03252553939819336
1788154056.4780078,69560,7,Loss/l_total,0.03252553939819336
1788154056.4780827,69560,7,LR,0.0007542957248827959
1788154071.4423053,69600,7,Loss/l_ce,0.017346620559692383
1788154071.442525,69600,7,Loss/l_total,0.017346620559692383
1788154071.4425514,69600,7,LR,0.0007542957248827959
1788154116.328267,69616,7,Val/dense_error,0.029904261231422424
1788154116.3286018,69616,7,Val/auc,0.7349529134749847
1788154116.3286352,69616,7,Val/pck_max,0.1
1788154116.328654,69616,7,Val/pck_n,100.0
1788154128.2123203,69640,8,Loss/l_ce,0.03769207000732422
1788154128.2125053,69640,8,Loss/l_total,0.03769207000732422
1788154128.2125304,69640,8,LR,0.0006890576474687263
1788154142.8737555,69680,8,Loss/l_ce,0.13388299942016602
1788154142.8739204,69680,8,Loss/l_total,0.13388299942016602
1788154142.873943,69680,8,LR,0.0006890576474687263
1788154157.6123102,69720,8,Loss/l_ce,0.04186511039733887
1788154157.612493,69720,8,Loss/l_total,0.04186511039733887
1788154157.6125157,69720,8,LR,0.0006890576474687263
1788154172.210624,69760,8,Loss/l_ce,0.020386934280395508
1788154172.2108033,69760,8,Loss/l_total,0.020386934280395508
1788154172.2108283,69760,8,LR,0.0006890576474687263
1788154186.712602,69800,8,Loss/l_ce,0.08109736442565918
1788154186.7128441,69800,8,Loss/l_total,0.08109736442565918
1788154186.7128665,69800,8,LR,0.0006890576474687263
1788154201.0497925,69840,8,Loss/l_ce,0.025675535202026367
1788154201.0499954,69840,8,Loss/l_total,0.025675535202026367
1788154201.0500216,69840,8,LR,0.0006890576474687263
1788154215.6692653,69880,8,Loss/l_ce,0.1189875602722168
1788154215.6694493,69880,8,Loss/l_total,0.1189875602722168
1788154215.6694753,69880,8,LR,0.0006890576474687263
1788154230.0548239,69920,8,Loss/l_ce,0.029860734939575195
1788154230.054989,69920,8,Loss/l_total,0.029860734939575195
1788154230.0550127,69920,8,LR,0.0006890576474687263
1788154244.6240263,69960,8,Loss/l_ce,0.04957246780395508
1788154244.6242518,69960,8,Loss/l_total,0.04957246780395508
1788154244.6242864,69960,8,LR,0.0006890576474687263
1788154259.3365033,70000,8,Loss/l_ce,0.028171062469482422
1788154259.3366694,70000,8,Loss/l_total,0.028171062469482422
1788154259.3366923,70000,8,LR,0.0006890576474687263
1788154274.07436,70040,8,Loss/l_ce,0.040514469146728516
1788154274.0745308,70040,8,Loss/l_total,0.040514469146728516
1788154274.0745559,70040,8,LR,0.0006890576474687263
1788154288.73589,70080,8,Loss/l_ce,0.21618986129760742
1788154288.7361166,70080,8,Loss/l_total,0.21618986129760742
1788154288.7361429,70080,8,LR,0.0006890576474687263
1788154303.3931482,70120,8,Loss/l_ce,0.02485036849975586
1788154303.3934484,70120,8,Loss/l_total,0.02485036849975586
1788154303.3934746,70120,8,LR,0.0006890576474687263
1788154318.1592612,70160,8,Loss/l_ce,0.031209707260131836
1788154318.1595187,70160,8,Loss/l_total,0.031209707260131836
1788154318.1595426,70160,8,LR,0.0006890576474687263
1788154332.6361833,70200,8,Loss/l_ce,0.03487110137939453
1788154332.6365006,70200,8,Loss/l_total,0.03487110137939453
1788154332.636529,70200,8,LR,0.0006890576474687263
1788154347.7929819,70240,8,Loss/l_ce,0.09200334548950195
1788154347.7932217,70240,8,Loss/l_total,0.09200334548950195
1788154347.7932477,70240,8,LR,0.0006890576474687263
1788154362.7364469,70280,8,Loss/l_ce,0.08398962020874023
1788154362.7367606,70280,8,Loss/l_total,0.08398962020874023
1788154362.7367854,70280,8,LR,0.0006890576474687263
1788154377.5799458,70320,8,Loss/l_ce,0.09492850303649902
1788154377.5802221,70320,8,Loss/l_total,0.09492850303649902
1788154377.5802507,70320,8,LR,0.0006890576474687263
1788154392.257611,70360,8,Loss/l_ce,0.044840097427368164
1788154392.2578402,70360,8,Loss/l_total,0.044840097427368164
1788154392.257864,70360,8,LR,0.0006890576474687263
1788154406.9420238,70400,8,Loss/l_ce,0.018288850784301758
1788154406.942292,70400,8,Loss/l_total,0.018288850784301758
1788154406.9423206,70400,8,LR,0.0006890576474687263
1788154421.5385506,70440,8,Loss/l_ce,0.08855891227722168
1788154421.538794,70440,8,Loss/l_total,0.08855891227722168
1788154421.5388224,70440,8,LR,0.0006890576474687263
1788154436.367438,70480,8,Loss/l_ce,0.027995824813842773
1788154436.3677528,70480,8,Loss/l_total,0.027995824813842773
1788154436.3677764,70480,8,LR,0.0006890576474687263
1788154451.157887,70520,8,Loss/l_ce,0.1369171142578125
1788154451.1581624,70520,8,Loss/l_total,0.1369171142578125
1788154451.1581886,70520,8,LR,0.0006890576474687263
1788154465.8288715,70560,8,Loss/l_ce,0.012067794799804688
1788154465.8291814,70560,8,Loss/l_total,0.012067794799804688
1788154465.8292077,70560,8,LR,0.0006890576474687263
1788154480.4129698,70600,8,Loss/l_ce,0.04732775688171387
1788154480.413308,70600,8,Loss/l_total,0.04732775688171387
1788154480.413333,70600,8,LR,0.0006890576474687263
1788154495.0345972,70640,8,Loss/l_ce,0.017764568328857422
1788154495.0348132,70640,8,Loss/l_total,0.017764568328857422
1788154495.0348368,70640,8,LR,0.0006890576474687263
1788154509.6866763,70680,8,Loss/l_ce,0.016768693923950195
1788154509.6869848,70680,8,Loss/l_total,0.016768693923950195
1788154509.6870098,70680,8,LR,0.0006890576474687263
1788154524.4446988,70720,8,Loss/l_ce,0.020685195922851562
1788154524.4450216,70720,8,Loss/l_total,0.020685195922851562
1788154524.4450753,70720,8,LR,0.0006890576474687263
1788154539.2617476,70760,8,Loss/l_ce,0.7578763961791992
1788154539.2619317,70760,8,Loss/l_total,0.7578763961791992
1788154539.2619543,70760,8,LR,0.0006890576474687263
1788154553.8622758,70800,8,Loss/l_ce,0.18541669845581055
1788154553.8625784,70800,8,Loss/l_total,0.18541669845581055
1788154553.8626046,70800,8,LR,0.0006890576474687263
1788154568.3970988,70840,8,Loss/l_ce,0.07391357421875
1788154568.3973053,70840,8,Loss/l_total,0.07391357421875
1788154568.397329,70840,8,LR,0.0006890576474687263
1788154583.1229053,70880,8,Loss/l_ce,0.10612797737121582
1788154583.1231556,70880,8,Loss/l_total,0.10612797737121582
1788154583.1231818,70880,8,LR,0.0006890576474687263
1788154597.7900655,70920,8,Loss/l_ce,0.1524357795715332
1788154597.79024,70920,8,Loss/l_total,0.1524357795715332
1788154597.790264,70920,8,LR,0.0006890576474687263
1788154612.6994884,70960,8,Loss/l_ce,0.06487631797790527
1788154612.6997163,70960,8,Loss/l_total,0.06487631797790527
1788154612.6997426,70960,8,LR,0.0006890576474687263
1788154627.2164793,71000,8,Loss/l_ce,0.08214211463928223
1788154627.2166789,71000,8,Loss/l_total,0.08214211463928223
1788154627.2167025,71000,8,LR,0.0006890576474687263
1788154642.0156405,71040,8,Loss/l_ce,0.09956240653991699
1788154642.0159552,71040,8,Loss/l_total,0.09956240653991699
1788154642.01598,71040,8,LR,0.0006890576474687263
1788154656.6913218,71080,8,Loss/l_ce,0.0792543888092041
1788154656.6915796,71080,8,Loss/l_total,0.0792543888092041
1788154656.6916032,71080,8,LR,0.0006890576474687263
1788154671.3304772,71120,8,Loss/l_ce,0.1695244312286377
1788154671.3306625,71120,8,Loss/l_total,0.1695244312286377
1788154671.330686,71120,8,LR,0.0006890576474687263
1788154686.245136,71160,8,Loss/l_ce,0.16706180572509766
1788154686.2454069,71160,8,Loss/l_total,0.16706180572509766
1788154686.245432,71160,8,LR,0.0006890576474687263
1788154701.2542825,71200,8,Loss/l_ce,0.12631988525390625
1788154701.254426,71200,8,Loss/l_total,0.12631988525390625
1788154701.2544498,71200,8,LR,0.0006890576474687263
1788154715.8351653,71240,8,Loss/l_ce,0.10863280296325684
1788154715.835494,71240,8,Loss/l_total,0.10863280296325684
1788154715.8355193,71240,8,LR,0.0006890576474687263
1788154730.613968,71280,8,Loss/l_ce,0.04975104331970215
1788154730.614191,71280,8,Loss/l_total,0.04975104331970215
1788154730.6143847,71280,8,LR,0.0006890576474687263
1788154745.302008,71320,8,Loss/l_ce,0.03460216522216797
1788154745.3023534,71320,8,Loss/l_total,0.03460216522216797
1788154745.3023782,71320,8,LR,0.0006890576474687263
1788154759.7848425,71360,8,Loss/l_ce,0.12717962265014648
1788154759.7850778,71360,8,Loss/l_total,0.12717962265014648
1788154759.7851038,71360,8,LR,0.0006890576474687263
1788154774.4274232,71400,8,Loss/l_ce,0.041640520095825195
1788154774.4276452,71400,8,Loss/l_total,0.041640520095825195
1788154774.4276702,71400,8,LR,0.0006890576474687263
1788154789.2036612,71440,8,Loss/l_ce,0.017754077911376953
1788154789.2038252,71440,8,Loss/l_total,0.017754077911376953
1788154789.2038453,71440,8,LR,0.0006890576474687263
1788154804.156024,71480,8,Loss/l_ce,0.03821206092834473
1788154804.156233,71480,8,Loss/l_total,0.03821206092834473
1788154804.1562555,71480,8,LR,0.0006890576474687263
1788154818.7464573,71520,8,Loss/l_ce,0.06541705131530762
1788154818.7466369,71520,8,Loss/l_total,0.06541705131530762
1788154818.7466593,71520,8,LR,0.0006890576474687263
1788154833.5415282,71560,8,Loss/l_ce,0.05681252479553223
1788154833.5416923,71560,8,Loss/l_total,0.05681252479553223
1788154833.5417159,71560,8,LR,0.0006890576474687263
1788154848.3553848,71600,8,Loss/l_ce,0.08732271194458008
1788154848.355551,71600,8,Loss/l_total,0.08732271194458008
1788154848.3555748,71600,8,LR,0.0006890576474687263
1788154863.1477356,71640,8,Loss/l_ce,0.03760409355163574
1788154863.147903,71640,8,Loss/l_total,0.03760409355163574
1788154863.1479256,71640,8,LR,0.0006890576474687263
1788154877.9752612,71680,8,Loss/l_ce,0.046473026275634766
1788154877.9754012,71680,8,Loss/l_total,0.046473026275634766
1788154877.9754262,71680,8,LR,0.0006890576474687263
1788154892.3057542,71720,8,Loss/l_ce,0.033467769622802734
1788154892.305957,71720,8,Loss/l_total,0.033467769622802734
1788154892.305981,71720,8,LR,0.0006890576474687263
1788154906.9390693,71760,8,Loss/l_ce,0.030745744705200195
1788154906.9393137,71760,8,Loss/l_total,0.030745744705200195
1788154906.9393375,71760,8,LR,0.0006890576474687263
1788154921.490894,71800,8,Loss/l_ce,0.08991622924804688
1788154921.4910994,71800,8,Loss/l_total,0.08991622924804688
1788154921.4911244,71800,8,LR,0.0006890576474687263
1788154936.3444452,71840,8,Loss/l_ce,0.07410478591918945
1788154936.344615,71840,8,Loss/l_total,0.07410478591918945
1788154936.3446436,71840,8,LR,0.0006890576474687263
1788154951.2501316,71880,8,Loss/l_ce,0.035659074783325195
1788154951.250451,71880,8,Loss/l_total,0.035659074783325195
1788154951.2504761,71880,8,LR,0.0006890576474687263
1788154965.7207444,71920,8,Loss/l_ce,0.032379865646362305
1788154965.7209952,71920,8,Loss/l_total,0.032379865646362305
1788154965.7210212,71920,8,LR,0.0006890576474687263
1788154980.1991293,71960,8,Loss/l_ce,0.07398867607116699
1788154980.1994283,71960,8,Loss/l_total,0.07398867607116699
1788154980.1994522,71960,8,LR,0.0006890576474687263
1788154994.7583368,72000,8,Loss/l_ce,0.04459047317504883
1788154994.7586622,72000,8,Loss/l_total,0.04459047317504883
1788154994.758687,72000,8,LR,0.0006890576474687263
1788155009.4387648,72040,8,Loss/l_ce,0.05023455619812012
1788155009.4389966,72040,8,Loss/l_total,0.05023455619812012
1788155009.4390213,72040,8,LR,0.0006890576474687263
1788155024.0550942,72080,8,Loss/l_ce,0.12692666053771973
1788155024.05525,72080,8,Loss/l_total,0.12692666053771973
1788155024.0552747,72080,8,LR,0.0006890576474687263
1788155038.8042738,72120,8,Loss/l_ce,0.021303176879882812
1788155038.8044593,72120,8,Loss/l_total,0.021303176879882812
1788155038.8044827,72120,8,LR,0.0006890576474687263
1788155053.6077306,72160,8,Loss/l_ce,0.03774666786193848
1788155053.6079054,72160,8,Loss/l_total,0.03774666786193848
1788155053.6079278,72160,8,LR,0.0006890576474687263
1788155068.3795092,72200,8,Loss/l_ce,0.11143255233764648
1788155068.3797216,72200,8,Loss/l_total,0.11143255233764648
1788155068.3797479,72200,8,LR,0.0006890576474687263
1788155083.1419165,72240,8,Loss/l_ce,0.02183699607849121
1788155083.142129,72240,8,Loss/l_total,0.02183699607849121
1788155083.142155,72240,8,LR,0.0006890576474687263
1788155097.5333853,72280,8,Loss/l_ce,0.02666330337524414
1788155097.5336075,72280,8,Loss/l_total,0.02666330337524414
1788155097.5336287,72280,8,LR,0.0006890576474687263
1788155112.3099785,72320,8,Loss/l_ce,0.026669740676879883
1788155112.3102264,72320,8,Loss/l_total,0.026669740676879883
1788155112.3102524,72320,8,LR,0.0006890576474687263
1788155127.0851786,72360,8,Loss/l_ce,0.04317450523376465
1788155127.0854194,72360,8,Loss/l_total,0.04317450523376465
1788155127.0854447,72360,8,LR,0.0006890576474687263
1788155141.6863794,72400,8,Loss/l_ce,0.023415088653564453
1788155141.6865554,72400,8,Loss/l_total,0.023415088653564453
1788155141.6865802,72400,8,LR,0.0006890576474687263
1788155156.170302,72440,8,Loss/l_ce,0.03505563735961914
1788155156.1704493,72440,8,Loss/l_total,0.03505563735961914
1788155156.1704717,72440,8,LR,0.0006890576474687263
1788155171.1659024,72480,8,Loss/l_ce,0.07755661010742188
1788155171.1661077,72480,8,Loss/l_total,0.07755661010742188
1788155171.1661375,72480,8,LR,0.0006890576474687263
1788155185.4701822,72520,8,Loss/l_ce,0.0756525993347168
1788155185.4703448,72520,8,Loss/l_total,0.0756525993347168
1788155185.4703686,72520,8,LR,0.0006890576474687263
1788155199.672307,72560,8,Loss/l_ce,0.09877896308898926
1788155199.6725159,72560,8,Loss/l_total,0.09877896308898926
1788155199.6725407,72560,8,LR,0.0006890576474687263
1788155214.3348222,72600,8,Loss/l_ce,0.044400930404663086
1788155214.3350976,72600,8,Loss/l_total,0.044400930404663086
1788155214.3351629,72600,8,LR,0.0006890576474687263
1788155229.0987942,72640,8,Loss/l_ce,0.03378582000732422
1788155229.0990877,72640,8,Loss/l_total,0.03378582000732422
1788155229.099117,72640,8,LR,0.0006890576474687263
1788155243.7679095,72680,8,Loss/l_ce,0.16319537162780762
1788155243.7681377,72680,8,Loss/l_total,0.16319537162780762
1788155243.768164,72680,8,LR,0.0006890576474687263
1788155258.7552536,72720,8,Loss/l_ce,0.02866959571838379
1788155258.7555385,72720,8,Loss/l_total,0.02866959571838379
1788155258.7555635,72720,8,LR,0.0006890576474687263
1788155273.3635306,72760,8,Loss/l_ce,0.03885221481323242
1788155273.36374,72760,8,Loss/l_total,0.03885221481323242
1788155273.363766,72760,8,LR,0.0006890576474687263
1788155287.895257,72800,8,Loss/l_ce,0.08913874626159668
1788155287.8955388,72800,8,Loss/l_total,0.08913874626159668
1788155287.8955672,72800,8,LR,0.0006890576474687263
1788155302.601002,72840,8,Loss/l_ce,0.12500786781311035
1788155302.6013095,72840,8,Loss/l_total,0.12500786781311035
1788155302.6013343,72840,8,LR,0.0006890576474687263
1788155317.0677168,72880,8,Loss/l_ce,0.033344268798828125
1788155317.0680776,72880,8,Loss/l_total,0.033344268798828125
1788155317.0681038,72880,8,LR,0.0006890576474687263
1788155331.7860088,72920,8,Loss/l_ce,0.08127355575561523
1788155331.7862854,72920,8,Loss/l_total,0.08127355575561523
1788155331.786309,72920,8,LR,0.0006890576474687263
1788155346.3519056,72960,8,Loss/l_ce,0.07540345191955566
1788155346.3522606,72960,8,Loss/l_total,0.07540345191955566
1788155346.3522854,72960,8,LR,0.0006890576474687263
1788155360.9427438,73000,8,Loss/l_ce,0.0279998779296875
1788155360.943025,73000,8,Loss/l_total,0.0279998779296875
1788155360.9430761,73000,8,LR,0.0006890576474687263
1788155375.7351637,73040,8,Loss/l_ce,0.03674912452697754
1788155375.7353725,73040,8,Loss/l_total,0.03674912452697754
1788155375.7353988,73040,8,LR,0.0006890576474687263
1788155390.3288584,73080,8,Loss/l_ce,0.09202003479003906
1788155390.3290272,73080,8,Loss/l_total,0.09202003479003906
1788155390.3290708,73080,8,LR,0.0006890576474687263
1788155405.2955968,73120,8,Loss/l_ce,0.022861003875732422
1788155405.2957606,73120,8,Loss/l_total,0.022861003875732422
1788155405.2957842,73120,8,LR,0.0006890576474687263
1788155419.8110077,73160,8,Loss/l_ce,0.17925381660461426
1788155419.8112261,73160,8,Loss/l_total,0.17925381660461426
1788155419.8112485,73160,8,LR,0.0006890576474687263
1788155434.3524444,73200,8,Loss/l_ce,0.03410029411315918
1788155434.3526177,73200,8,Loss/l_total,0.03410029411315918
1788155434.3526402,73200,8,LR,0.0006890576474687263
1788155448.9290667,73240,8,Loss/l_ce,0.04233503341674805
1788155448.929228,73240,8,Loss/l_total,0.04233503341674805
1788155448.929252,73240,8,LR,0.0006890576474687263
1788155463.717372,73280,8,Loss/l_ce,0.12125396728515625
1788155463.717551,73280,8,Loss/l_total,0.12125396728515625
1788155463.7175772,73280,8,LR,0.0006890576474687263
1788155478.3169463,73320,8,Loss/l_ce,0.034154415130615234
1788155478.3171384,73320,8,Loss/l_total,0.034154415130615234
1788155478.3171837,73320,8,LR,0.0006890576474687263
1788155492.827242,73360,8,Loss/l_ce,0.0374150276184082
1788155492.8274462,73360,8,Loss/l_total,0.0374150276184082
1788155492.8274674,73360,8,LR,0.0006890576474687263
1788155507.4098027,73400,8,Loss/l_ce,0.03882551193237305
1788155507.4100175,73400,8,Loss/l_total,0.03882551193237305
1788155507.4100688,73400,8,LR,0.0006890576474687263
1788155522.1028354,73440,8,Loss/l_ce,0.04001355171203613
1788155522.1031904,73440,8,Loss/l_total,0.04001355171203613
1788155522.1032166,73440,8,LR,0.0006890576474687263
1788155536.8704922,73480,8,Loss/l_ce,0.07409811019897461
1788155536.870733,73480,8,Loss/l_total,0.07409811019897461
1788155536.8707616,73480,8,LR,0.0006890576474687263
1788155551.6822999,73520,8,Loss/l_ce,0.08398771286010742
1788155551.6824577,73520,8,Loss/l_total,0.08398771286010742
1788155551.6824813,73520,8,LR,0.0006890576474687263
1788155566.041284,73560,8,Loss/l_ce,0.06693100929260254
1788155566.0415227,73560,8,Loss/l_total,0.06693100929260254
1788155566.0415466,73560,8,LR,0.0006890576474687263
1788155580.9566276,73600,8,Loss/l_ce,0.02553844451904297
1788155580.9568567,73600,8,Loss/l_total,0.02553844451904297
1788155580.9568803,73600,8,LR,0.0006890576474687263
1788155596.022987,73640,8,Loss/l_ce,0.03680920600891113
1788155596.0232575,73640,8,Loss/l_total,0.03680920600891113
1788155596.0232863,73640,8,LR,0.0006890576474687263
1788155610.5079708,73680,8,Loss/l_ce,0.058583974838256836
1788155610.5083852,73680,8,Loss/l_total,0.058583974838256836
1788155610.5084186,73680,8,LR,0.0006890576474687263
1788155625.363688,73720,8,Loss/l_ce,0.04544186592102051
1788155625.3640192,73720,8,Loss/l_total,0.04544186592102051
1788155625.3640616,73720,8,LR,0.0006890576474687263
1788155640.2271793,73760,8,Loss/l_ce,0.0695497989654541
1788155640.2274048,73760,8,Loss/l_total,0.0695497989654541
1788155640.2274299,73760,8,LR,0.0006890576474687263
1788155654.9754355,73800,8,Loss/l_ce,0.03379344940185547
1788155654.9757087,73800,8,Loss/l_total,0.03379344940185547
1788155654.9757311,73800,8,LR,0.0006890576474687263
1788155669.6074533,73840,8,Loss/l_ce,0.07846283912658691
1788155669.6077633,73840,8,Loss/l_total,0.07846283912658691
1788155669.6077883,73840,8,LR,0.0006890576474687263
1788155684.2226558,73880,8,Loss/l_ce,0.04697108268737793
1788155684.2229526,73880,8,Loss/l_total,0.04697108268737793
1788155684.2229776,73880,8,LR,0.0006890576474687263
1788155699.2149596,73920,8,Loss/l_ce,0.039902687072753906
1788155699.2153232,73920,8,Loss/l_total,0.039902687072753906
1788155699.2153516,73920,8,LR,0.0006890576474687263
1788155713.9593043,73960,8,Loss/l_ce,0.03531622886657715
1788155713.9595501,73960,8,Loss/l_total,0.03531622886657715
1788155713.959574,73960,8,LR,0.0006890576474687263
1788155728.5275853,74000,8,Loss/l_ce,0.03657817840576172
1788155728.5278249,74000,8,Loss/l_total,0.03657817840576172
1788155728.5278478,74000,8,LR,0.0006890576474687263
1788155743.219485,74040,8,Loss/l_ce,0.03924870491027832
1788155743.219911,74040,8,Loss/l_total,0.03924870491027832
1788155743.2199621,74040,8,LR,0.0006890576474687263
1788155757.9762218,74080,8,Loss/l_ce,0.15323424339294434
1788155757.976451,74080,8,Loss/l_total,0.15323424339294434
1788155757.9764745,74080,8,LR,0.0006890576474687263
1788155772.9324703,74120,8,Loss/l_ce,0.04035329818725586
1788155772.9328172,74120,8,Loss/l_total,0.04035329818725586
1788155772.9328444,74120,8,LR,0.0006890576474687263
1788155787.751887,74160,8,Loss/l_ce,0.03909134864807129
1788155787.7521353,74160,8,Loss/l_total,0.03909134864807129
1788155787.75216,74160,8,LR,0.0006890576474687263
1788155802.759337,74200,8,Loss/l_ce,0.0632319450378418
1788155802.759509,74200,8,Loss/l_total,0.0632319450378418
1788155802.7595315,74200,8,LR,0.0006890576474687263
1788155817.5303073,74240,8,Loss/l_ce,0.11842608451843262
1788155817.5306256,74240,8,Loss/l_total,0.11842608451843262
1788155817.5306494,74240,8,LR,0.0006890576474687263
1788155832.0163307,74280,8,Loss/l_ce,0.029289722442626953
1788155832.0165977,74280,8,Loss/l_total,0.029289722442626953
1788155832.0166392,74280,8,LR,0.0006890576474687263
1788155846.8275707,74320,8,Loss/l_ce,0.03859996795654297
1788155846.8277857,74320,8,Loss/l_total,0.03859996795654297
1788155846.827807,74320,8,LR,0.0006890576474687263
1788155862.0607708,74360,8,Loss/l_ce,0.03612470626831055
1788155862.0611424,74360,8,Loss/l_total,0.03612470626831055
1788155862.0611746,74360,8,LR,0.0006890576474687263
1788155876.6505687,74400,8,Loss/l_ce,0.22628092765808105
1788155876.6507766,74400,8,Loss/l_total,0.22628092765808105
1788155876.6508017,74400,8,LR,0.0006890576474687263
1788155891.538447,74440,8,Loss/l_ce,0.05589437484741211
1788155891.5387602,74440,8,Loss/l_total,0.05589437484741211
1788155891.5387864,74440,8,LR,0.0006890576474687263
1788155906.2548342,74480,8,Loss/l_ce,0.05820918083190918
1788155906.2551835,74480,8,Loss/l_total,0.05820918083190918
1788155906.2552118,74480,8,LR,0.0006890576474687263
1788155921.1087437,74520,8,Loss/l_ce,0.12615370750427246
1788155921.1090631,74520,8,Loss/l_total,0.12615370750427246
1788155921.109095,74520,8,LR,0.0006890576474687263
1788155935.7868092,74560,8,Loss/l_ce,0.12633681297302246
1788155935.7871687,74560,8,Loss/l_total,0.12633681297302246
1788155935.7871985,74560,8,LR,0.0006890576474687263
1788155950.48768,74600,8,Loss/l_ce,0.22541022300720215
1788155950.4880257,74600,8,Loss/l_total,0.22541022300720215
1788155950.48808,74600,8,LR,0.0006890576474687263
1788155965.2638302,74640,8,Loss/l_ce,0.13948512077331543
1788155965.2641187,74640,8,Loss/l_total,0.13948512077331543
1788155965.2641473,74640,8,LR,0.0006890576474687263
1788155979.8839512,74680,8,Loss/l_ce,0.0705568790435791
1788155979.884237,74680,8,Loss/l_total,0.0705568790435791
1788155979.8842645,74680,8,LR,0.0006890576474687263
1788155994.5210288,74720,8,Loss/l_ce,0.06905889511108398
1788155994.5212355,74720,8,Loss/l_total,0.06905889511108398
1788155994.5212638,74720,8,LR,0.0006890576474687263
1788156009.2724075,74760,8,Loss/l_ce,0.09324216842651367
1788156009.2726033,74760,8,Loss/l_total,0.09324216842651367
1788156009.2726285,74760,8,LR,0.0006890576474687263
1788156023.8088846,74800,8,Loss/l_ce,0.10814833641052246
1788156023.8091152,74800,8,Loss/l_total,0.10814833641052246
1788156023.80914,74800,8,LR,0.0006890576474687263
1788156038.2053537,74840,8,Loss/l_ce,0.08576083183288574
1788156038.205628,74840,8,Loss/l_total,0.08576083183288574
1788156038.205654,74840,8,LR,0.0006890576474687263
1788156052.955588,74880,8,Loss/l_ce,0.18905901908874512
1788156052.955802,74880,8,Loss/l_total,0.18905901908874512
1788156052.9558244,74880,8,LR,0.0006890576474687263
1788156067.716379,74920,8,Loss/l_ce,0.7207574844360352
1788156067.716558,74920,8,Loss/l_total,0.7207574844360352
1788156067.7165842,74920,8,LR,0.0006890576474687263
1788156082.4953933,74960,8,Loss/l_ce,0.8388621807098389
1788156082.4956272,74960,8,Loss/l_total,0.8388621807098389
1788156082.4956522,74960,8,LR,0.0006890576474687263
1788156097.3716402,75000,8,Loss/l_ce,0.04112124443054199
1788156097.3718386,75000,8,Loss/l_total,0.04112124443054199
1788156097.3718634,75000,8,LR,0.0006890576474687263
1788156111.9683053,75040,8,Loss/l_ce,0.2173769474029541
1788156111.9684656,75040,8,Loss/l_total,0.2173769474029541
1788156111.9684918,75040,8,LR,0.0006890576474687263
1788156126.6989222,75080,8,Loss/l_ce,0.05211782455444336
1788156126.6991005,75080,8,Loss/l_total,0.05211782455444336
1788156126.6991253,75080,8,LR,0.0006890576474687263
1788156141.656721,75120,8,Loss/l_ce,0.03912615776062012
1788156141.6569633,75120,8,Loss/l_total,0.03912615776062012
1788156141.6570024,75120,8,LR,0.0006890576474687263
1788156156.5829213,75160,8,Loss/l_ce,0.02183246612548828
1788156156.583198,75160,8,Loss/l_total,0.02183246612548828
1788156156.5832264,75160,8,LR,0.0006890576474687263
1788156171.146106,75200,8,Loss/l_ce,0.045606136322021484
1788156171.1462736,75200,8,Loss/l_total,0.045606136322021484
1788156171.1463056,75200,8,LR,0.0006890576474687263
1788156185.9260898,75240,8,Loss/l_ce,0.13621878623962402
1788156185.926263,75240,8,Loss/l_total,0.13621878623962402
1788156185.9263082,75240,8,LR,0.0006890576474687263
1788156200.5142992,75280,8,Loss/l_ce,0.03715038299560547
1788156200.5144498,75280,8,Loss/l_total,0.03715038299560547
1788156200.5144725,75280,8,LR,0.0006890576474687263
1788156215.4311283,75320,8,Loss/l_ce,0.11118626594543457
1788156215.4312742,75320,8,Loss/l_total,0.11118626594543457
1788156215.4312968,75320,8,LR,0.0006890576474687263
1788156230.0719764,75360,8,Loss/l_ce,0.1299290657043457
1788156230.0721796,75360,8,Loss/l_total,0.1299290657043457
1788156230.0722067,75360,8,LR,0.0006890576474687263
1788156244.7570279,75400,8,Loss/l_ce,0.13863396644592285
1788156244.7572048,75400,8,Loss/l_total,0.13863396644592285
1788156244.7572286,75400,8,LR,0.0006890576474687263
1788156259.3649642,75440,8,Loss/l_ce,0.0801234245300293
1788156259.3651602,75440,8,Loss/l_total,0.0801234245300293
1788156259.3651853,75440,8,LR,0.0006890576474687263
1788156273.8968403,75480,8,Loss/l_ce,0.061927080154418945
1788156273.8970745,75480,8,Loss/l_total,0.061927080154418945
1788156273.8971004,75480,8,LR,0.0006890576474687263
1788156288.5231588,75520,8,Loss/l_ce,0.24718594551086426
1788156288.5233083,75520,8,Loss/l_total,0.24718594551086426
1788156288.5233393,75520,8,LR,0.0006890576474687263
1788156303.365953,75560,8,Loss/l_ce,0.0537259578704834
1788156303.36618,75560,8,Loss/l_total,0.0537259578704834
1788156303.366212,75560,8,LR,0.0006890576474687263
1788156317.953968,75600,8,Loss/l_ce,0.0807344913482666
1788156317.9542162,75600,8,Loss/l_total,0.0807344913482666
1788156317.9542422,75600,8,LR,0.0006890576474687263
1788156332.561336,75640,8,Loss/l_ce,0.0852041244506836
1788156332.5616755,75640,8,Loss/l_total,0.0852041244506836
1788156332.5616994,75640,8,LR,0.0006890576474687263
1788156347.4958584,75680,8,Loss/l_ce,0.05147051811218262
1788156347.496209,75680,8,Loss/l_total,0.05147051811218262
1788156347.4962337,75680,8,LR,0.0006890576474687263
1788156362.2336667,75720,8,Loss/l_ce,0.13712048530578613
1788156362.2340047,75720,8,Loss/l_total,0.13712048530578613
1788156362.2340534,75720,8,LR,0.0006890576474687263
1788156377.429217,75760,8,Loss/l_ce,0.04669308662414551
1788156377.4295506,75760,8,Loss/l_total,0.04669308662414551
1788156377.4295757,75760,8,LR,0.0006890576474687263
1788156392.2741117,75800,8,Loss/l_ce,0.014501094818115234
1788156392.2744336,75800,8,Loss/l_total,0.014501094818115234
1788156392.2744586,75800,8,LR,0.0006890576474687263
1788156407.2882557,75840,8,Loss/l_ce,0.04246783256530762
1788156407.288587,75840,8,Loss/l_total,0.04246783256530762
1788156407.288613,75840,8,LR,0.0006890576474687263
1788156422.1032083,75880,8,Loss/l_ce,0.04514479637145996
1788156422.1035311,75880,8,Loss/l_total,0.04514479637145996
1788156422.1035573,75880,8,LR,0.0006890576474687263
1788156436.950352,75920,8,Loss/l_ce,0.07395124435424805
1788156436.9506986,75920,8,Loss/l_total,0.07395124435424805
1788156436.9507236,75920,8,LR,0.0006890576474687263
1788156451.5683904,75960,8,Loss/l_ce,0.03171062469482422
1788156451.5688045,75960,8,Loss/l_total,0.03171062469482422
1788156451.5688298,75960,8,LR,0.0006890576474687263
1788156466.2946684,76000,8,Loss/l_ce,0.022703170776367188
1788156466.2950058,76000,8,Loss/l_total,0.022703170776367188
1788156466.295052,76000,8,LR,0.0006890576474687263
1788156480.8165004,76040,8,Loss/l_ce,0.02874612808227539
1788156480.8167949,76040,8,Loss/l_total,0.02874612808227539
1788156480.8168178,76040,8,LR,0.0006890576474687263
1788156495.5639756,76080,8,Loss/l_ce,0.025110244750976562
1788156495.5642228,76080,8,Loss/l_total,0.025110244750976562
1788156495.5642498,76080,8,LR,0.0006890576474687263
1788156510.4428988,76120,8,Loss/l_ce,0.09352636337280273
1788156510.4430838,76120,8,Loss/l_total,0.09352636337280273
1788156510.4431076,76120,8,LR,0.0006890576474687263
1788156525.1156013,76160,8,Loss/l_ce,0.13958954811096191
1788156525.1158009,76160,8,Loss/l_total,0.13958954811096191
1788156525.1158247,76160,8,LR,0.0006890576474687263
1788156539.7571437,76200,8,Loss/l_ce,0.041025638580322266
1788156539.7574904,76200,8,Loss/l_total,0.041025638580322266
1788156539.757545,76200,8,LR,0.0006890576474687263
1788156554.3652756,76240,8,Loss/l_ce,0.04965853691101074
1788156554.365594,76240,8,Loss/l_total,0.04965853691101074
1788156554.3656163,76240,8,LR,0.0006890576474687263
1788156569.0364041,76280,8,Loss/l_ce,0.048215389251708984
1788156569.036714,76280,8,Loss/l_total,0.048215389251708984
1788156569.036739,76280,8,LR,0.0006890576474687263
1788156583.6634567,76320,8,Loss/l_ce,0.030687570571899414
1788156583.663706,76320,8,Loss/l_total,0.030687570571899414
1788156583.66373,76320,8,LR,0.0006890576474687263
1788156598.26832,76360,8,Loss/l_ce,0.027327775955200195
1788156598.2685647,76360,8,Loss/l_total,0.027327775955200195
1788156598.2685895,76360,8,LR,0.0006890576474687263
1788156613.2085812,76400,8,Loss/l_ce,0.016326904296875
1788156613.2088103,76400,8,Loss/l_total,0.016326904296875
1788156613.2088327,76400,8,LR,0.0006890576474687263
1788156627.9931972,76440,8,Loss/l_ce,0.04096531867980957
1788156627.9935122,76440,8,Loss/l_total,0.04096531867980957
1788156627.9935393,76440,8,LR,0.0006890576474687263
1788156642.6407049,76480,8,Loss/l_ce,0.02124190330505371
1788156642.6410208,76480,8,Loss/l_total,0.02124190330505371
1788156642.641073,76480,8,LR,0.0006890576474687263
1788156657.3823957,76520,8,Loss/l_ce,0.04407167434692383
1788156657.3825963,76520,8,Loss/l_total,0.04407167434692383
1788156657.3826213,76520,8,LR,0.0006890576474687263
1788156672.3390594,76560,8,Loss/l_ce,0.05858445167541504
1788156672.3393183,76560,8,Loss/l_total,0.05858445167541504
1788156672.3393517,76560,8,LR,0.0006890576474687263
1788156686.9172504,76600,8,Loss/l_ce,0.05312228202819824
1788156686.9174724,76600,8,Loss/l_total,0.05312228202819824
1788156686.9174972,76600,8,LR,0.0006890576474687263
1788156701.6134593,76640,8,Loss/l_ce,0.052669525146484375
1788156701.613622,76640,8,Loss/l_total,0.052669525146484375
1788156701.6136458,76640,8,LR,0.0006890576474687263
1788156716.338166,76680,8,Loss/l_ce,0.0713050365447998
1788156716.3383524,76680,8,Loss/l_total,0.0713050365447998
1788156716.3383799,76680,8,LR,0.0006890576474687263
1788156730.833929,76720,8,Loss/l_ce,0.01912522315979004
1788156730.8341177,76720,8,Loss/l_total,0.01912522315979004
1788156730.8341436,76720,8,LR,0.0006890576474687263
1788156745.3656561,76760,8,Loss/l_ce,0.03311872482299805
1788156745.3658068,76760,8,Loss/l_total,0.03311872482299805
1788156745.3658307,76760,8,LR,0.0006890576474687263
1788156760.2233956,76800,8,Loss/l_ce,0.05679655075073242
1788156760.2235715,76800,8,Loss/l_total,0.05679655075073242
1788156760.2235963,76800,8,LR,0.0006890576474687263
1788156775.087683,76840,8,Loss/l_ce,0.03350496292114258
1788156775.0878458,76840,8,Loss/l_total,0.03350496292114258
1788156775.0878685,76840,8,LR,0.0006890576474687263
1788156790.0470529,76880,8,Loss/l_ce,0.034496307373046875
1788156790.0473413,76880,8,Loss/l_total,0.034496307373046875
1788156790.0473697,76880,8,LR,0.0006890576474687263
1788156804.8403697,76920,8,Loss/l_ce,0.029176712036132812
1788156804.840694,76920,8,Loss/l_total,0.029176712036132812
1788156804.8407176,76920,8,LR,0.0006890576474687263
1788156819.4640732,76960,8,Loss/l_ce,0.01383662223815918
1788156819.4643202,76960,8,Loss/l_total,0.01383662223815918
1788156819.4643464,76960,8,LR,0.0006890576474687263
1788156834.1076012,77000,8,Loss/l_ce,0.02475118637084961
1788156834.1078374,77000,8,Loss/l_total,0.02475118637084961
1788156834.1078637,77000,8,LR,0.0006890576474687263
1788156848.6610262,77040,8,Loss/l_ce,0.031058788299560547
1788156848.6612532,77040,8,Loss/l_total,0.031058788299560547
1788156848.661278,77040,8,LR,0.0006890576474687263
1788156863.162732,77080,8,Loss/l_ce,0.023098468780517578
1788156863.162956,77080,8,Loss/l_total,0.023098468780517578
1788156863.1629798,77080,8,LR,0.0006890576474687263
1788156877.9831927,77120,8,Loss/l_ce,0.02225518226623535
1788156877.9833825,77120,8,Loss/l_total,0.02225518226623535
1788156877.9834087,77120,8,LR,0.0006890576474687263
1788156892.5152264,77160,8,Loss/l_ce,0.03493165969848633
1788156892.515459,77160,8,Loss/l_total,0.03493165969848633
1788156892.515483,77160,8,LR,0.0006890576474687263
1788156907.0584776,77200,8,Loss/l_ce,0.021294832229614258
1788156907.0586474,77200,8,Loss/l_total,0.021294832229614258
1788156907.0586689,77200,8,LR,0.0006890576474687263
1788156921.7245214,77240,8,Loss/l_ce,0.020021915435791016
1788156921.7247672,77240,8,Loss/l_total,0.020021915435791016
1788156921.7247899,77240,8,LR,0.0006890576474687263
1788156936.5173433,77280,8,Loss/l_ce,0.07977867126464844
1788156936.5175264,77280,8,Loss/l_total,0.07977867126464844
1788156936.5175512,77280,8,LR,0.0006890576474687263
1788156951.1805673,77320,8,Loss/l_ce,0.040059804916381836
1788156951.1807609,77320,8,Loss/l_total,0.040059804916381836
1788156951.1807868,77320,8,LR,0.0006890576474687263
1788156965.9913018,77360,8,Loss/l_ce,0.06653022766113281
1788156965.9914658,77360,8,Loss/l_total,0.06653022766113281
1788156965.9914896,77360,8,LR,0.0006890576474687263
1788156980.432764,77400,8,Loss/l_ce,0.027181625366210938
1788156980.432923,77400,8,Loss/l_total,0.027181625366210938
1788156980.4329457,77400,8,LR,0.0006890576474687263
1788156995.267772,77440,8,Loss/l_ce,0.014308452606201172
1788156995.2679605,77440,8,Loss/l_total,0.014308452606201172
1788156995.2679868,77440,8,LR,0.0006890576474687263
1788157009.8087769,77480,8,Loss/l_ce,0.03870224952697754
1788157009.8089466,77480,8,Loss/l_total,0.03870224952697754
1788157009.8089702,77480,8,LR,0.0006890576474687263
1788157024.3157635,77520,8,Loss/l_ce,0.049083709716796875
1788157024.3159583,77520,8,Loss/l_total,0.049083709716796875
1788157024.315981,77520,8,LR,0.0006890576474687263
1788157039.000963,77560,8,Loss/l_ce,0.046022653579711914
1788157039.0012813,77560,8,Loss/l_total,0.046022653579711914
1788157039.0013075,77560,8,LR,0.0006890576474687263
1788157053.7010207,77600,8,Loss/l_ce,0.023600101470947266
1788157053.7012994,77600,8,Loss/l_total,0.023600101470947266
1788157053.7013245,77600,8,LR,0.0006890576474687263
1788157068.2797637,77640,8,Loss/l_ce,0.008797883987426758
1788157068.2801318,77640,8,Loss/l_total,0.008797883987426758
1788157068.280158,77640,8,LR,0.0006890576474687263
1788157083.0738869,77680,8,Loss/l_ce,0.02974224090576172
1788157083.0740936,77680,8,Loss/l_total,0.02974224090576172
1788157083.0741186,77680,8,LR,0.0006890576474687263
1788157097.766765,77720,8,Loss/l_ce,0.2183077335357666
1788157097.7670214,77720,8,Loss/l_total,0.2183077335357666
1788157097.7670712,77720,8,LR,0.0006890576474687263
1788157112.3604336,77760,8,Loss/l_ce,0.053870201110839844
1788157112.3607044,77760,8,Loss/l_total,0.053870201110839844
1788157112.3607316,77760,8,LR,0.0006890576474687263
1788157127.4956386,77800,8,Loss/l_ce,0.03509044647216797
1788157127.4959579,77800,8,Loss/l_total,0.03509044647216797
1788157127.4959853,77800,8,LR,0.0006890576474687263
1788157142.5883548,77840,8,Loss/l_ce,0.02525472640991211
1788157142.5887275,77840,8,Loss/l_total,0.02525472640991211
1788157142.5887618,77840,8,LR,0.0006890576474687263
1788157157.2788355,77880,8,Loss/l_ce,0.019182443618774414
1788157157.2791324,77880,8,Loss/l_total,0.019182443618774414
1788157157.2791572,77880,8,LR,0.0006890576474687263
1788157171.5713017,77920,8,Loss/l_ce,0.040003061294555664
1788157171.5715985,77920,8,Loss/l_total,0.040003061294555664
1788157171.5716248,77920,8,LR,0.0006890576474687263
1788157186.4253502,77960,8,Loss/l_ce,0.020934104919433594
1788157186.4255545,77960,8,Loss/l_total,0.020934104919433594
1788157186.4255793,77960,8,LR,0.0006890576474687263
1788157201.0019362,78000,8,Loss/l_ce,0.023653507232666016
1788157201.0022628,78000,8,Loss/l_total,0.023653507232666016
1788157201.0022936,78000,8,LR,0.0006890576474687263
1788157215.6606188,78040,8,Loss/l_ce,0.16416120529174805
1788157215.6608348,78040,8,Loss/l_total,0.16416120529174805
1788157215.6608586,78040,8,LR,0.0006890576474687263
1788157230.230405,78080,8,Loss/l_ce,0.024629592895507812
1788157230.230753,78080,8,Loss/l_total,0.024629592895507812
1788157230.230784,78080,8,LR,0.0006890576474687263
1788157245.1290855,78120,8,Loss/l_ce,0.02274155616760254
1788157245.129374,78120,8,Loss/l_total,0.02274155616760254
1788157245.1294,78120,8,LR,0.0006890576474687263
1788157259.517105,78160,8,Loss/l_ce,0.021039485931396484
1788157259.5173128,78160,8,Loss/l_total,0.021039485931396484
1788157259.5173366,78160,8,LR,0.0006890576474687263
1788157274.2721474,78200,8,Loss/l_ce,0.017168521881103516
1788157274.2724323,78200,8,Loss/l_total,0.017168521881103516
1788157274.2724562,78200,8,LR,0.0006890576474687263
1788157289.0628908,78240,8,Loss/l_ce,0.03162813186645508
1788157289.063114,78240,8,Loss/l_total,0.03162813186645508
1788157289.0631387,78240,8,LR,0.0006890576474687263
1788157303.8511667,78280,8,Loss/l_ce,0.02012944221496582
1788157303.8514955,78280,8,Loss/l_total,0.02012944221496582
1788157303.8515215,78280,8,LR,0.0006890576474687263
1788157356.4685507,78318,8,Val/dense_error,0.02968735806643963
1788157356.46885,78318,8,Val/auc,0.7367560088070615
1788157356.4688747,78318,8,Val/pck_max,0.1
1788157356.468895,78318,8,Val/pck_n,100.0
1788157359.9175382,78320,9,Loss/l_ce,0.031165599822998047
1788157359.9177089,78320,9,Loss/l_total,0.031165599822998047
1788157359.9177315,78320,9,LR,0.0006203955092681039
1788157374.9025085,78360,9,Loss/l_ce,0.054529428482055664
1788157374.9027815,78360,9,Loss/l_total,0.054529428482055664
1788157374.9028075,78360,9,LR,0.0006203955092681039
1788157389.3805227,78400,9,Loss/l_ce,0.03059244155883789
1788157389.380751,78400,9,Loss/l_total,0.03059244155883789
1788157389.3807793,78400,9,LR,0.0006203955092681039
1788157403.7511985,78440,9,Loss/l_ce,0.03906106948852539
1788157403.7514122,78440,9,Loss/l_total,0.03906106948852539
1788157403.7514348,78440,9,LR,0.0006203955092681039
1788157418.8249085,78480,9,Loss/l_ce,0.03922581672668457
1788157418.8252244,78480,9,Loss/l_total,0.03922581672668457
1788157418.8252528,78480,9,LR,0.0006203955092681039
1788157433.7113051,78520,9,Loss/l_ce,0.015616416931152344
1788157433.7116387,78520,9,Loss/l_total,0.015616416931152344
1788157433.7116625,78520,9,LR,0.0006203955092681039
1788157448.2962644,78560,9,Loss/l_ce,0.02109241485595703
1788157448.296566,78560,9,Loss/l_total,0.02109241485595703
1788157448.296603,78560,9,LR,0.0006203955092681039
1788157462.8006043,78600,9,Loss/l_ce,0.13965749740600586
1788157462.8009095,78600,9,Loss/l_total,0.13965749740600586
1788157462.8009343,78600,9,LR,0.0006203955092681039
1788157477.507663,78640,9,Loss/l_ce,0.04335665702819824
1788157477.507891,78640,9,Loss/l_total,0.04335665702819824
1788157477.5079148,78640,9,LR,0.0006203955092681039
1788157492.4847639,78680,9,Loss/l_ce,0.008526325225830078
1788157492.48493,78680,9,Loss/l_total,0.008526325225830078
1788157492.4849513,78680,9,LR,0.0006203955092681039
1788157507.1850958,78720,9,Loss/l_ce,0.012035131454467773
1788157507.1853771,78720,9,Loss/l_total,0.012035131454467773
1788157507.1854067,78720,9,LR,0.0006203955092681039
1788157522.2059357,78760,9,Loss/l_ce,0.02790355682373047
1788157522.206261,78760,9,Loss/l_total,0.02790355682373047
1788157522.2062871,78760,9,LR,0.0006203955092681039
1788157537.0518506,78800,9,Loss/l_ce,0.02230525016784668
1788157537.0520048,78800,9,Loss/l_total,0.02230525016784668
1788157537.0520284,78800,9,LR,0.0006203955092681039
1788157551.5648835,78840,9,Loss/l_ce,0.02277660369873047
1788157551.5651782,78840,9,Loss/l_total,0.02277660369873047
1788157551.565203,78840,9,LR,0.0006203955092681039
1788157566.175553,78880,9,Loss/l_ce,0.027050256729125977
1788157566.1758366,78880,9,Loss/l_total,0.027050256729125977
1788157566.1758616,78880,9,LR,0.0006203955092681039
1788157580.7735872,78920,9,Loss/l_ce,0.02448105812072754
1788157580.7737856,78920,9,Loss/l_total,0.02448105812072754
1788157580.7738118,78920,9,LR,0.0006203955092681039
1788157595.2587907,78960,9,Loss/l_ce,0.12657570838928223
1788157595.2591195,78960,9,Loss/l_total,0.12657570838928223
1788157595.2591445,78960,9,LR,0.0006203955092681039
1788157609.9406497,79000,9,Loss/l_ce,0.02537369728088379
1788157609.9408813,79000,9,Loss/l_total,0.02537369728088379
1788157609.9409382,79000,9,LR,0.0006203955092681039
1788157624.4434576,79040,9,Loss/l_ce,0.08150482177734375
1788157624.443765,79040,9,Loss/l_total,0.08150482177734375
1788157624.4437861,79040,9,LR,0.0006203955092681039
1788157639.0808334,79080,9,Loss/l_ce,0.06339597702026367
1788157639.081078,79080,9,Loss/l_total,0.06339597702026367
1788157639.0811064,79080,9,LR,0.0006203955092681039
1788157653.90021,79120,9,Loss/l_ce,0.03678584098815918
1788157653.9004295,79120,9,Loss/l_total,0.03678584098815918
1788157653.9004557,79120,9,LR,0.0006203955092681039
1788157668.2198484,79160,9,Loss/l_ce,0.0381321907043457
1788157668.2201474,79160,9,Loss/l_total,0.0381321907043457
1788157668.2201834,79160,9,LR,0.0006203955092681039
1788157682.9882948,79200,9,Loss/l_ce,0.05490994453430176
1788157682.988605,79200,9,Loss/l_total,0.05490994453430176
1788157682.9886298,79200,9,LR,0.0006203955092681039
1788157697.6052501,79240,9,Loss/l_ce,0.046086788177490234
1788157697.6055517,79240,9,Loss/l_total,0.046086788177490234
1788157697.6055825,79240,9,LR,0.0006203955092681039
1788157712.4509246,79280,9,Loss/l_ce,0.24918603897094727
1788157712.4512224,79280,9,Loss/l_total,0.24918603897094727
1788157712.4512486,79280,9,LR,0.0006203955092681039
1788157727.2339694,79320,9,Loss/l_ce,0.0810704231262207
1788157727.234289,79320,9,Loss/l_total,0.0810704231262207
1788157727.234316,79320,9,LR,0.0006203955092681039
1788157742.0109248,79360,9,Loss/l_ce,0.22997045516967773
1788157742.01118,79360,9,Loss/l_total,0.22997045516967773
1788157742.0112085,79360,9,LR,0.0006203955092681039
1788157756.5427597,79400,9,Loss/l_ce,0.11765670776367188
1788157756.543023,79400,9,Loss/l_total,0.11765670776367188
1788157756.5432985,79400,9,LR,0.0006203955092681039
1788157771.1819546,79440,9,Loss/l_ce,0.14675283432006836
1788157771.182179,79440,9,Loss/l_total,0.14675283432006836
1788157771.1822088,79440,9,LR,0.0006203955092681039
1788157785.8362675,79480,9,Loss/l_ce,0.07521200180053711
1788157785.8365264,79480,9,Loss/l_total,0.07521200180053711
1788157785.8365512,79480,9,LR,0.0006203955092681039
1788157800.2553833,79520,9,Loss/l_ce,0.024497032165527344
1788157800.255592,79520,9,Loss/l_total,0.024497032165527344
1788157800.255616,79520,9,LR,0.0006203955092681039
1788157815.0053115,79560,9,Loss/l_ce,0.05955386161804199
1788157815.0055976,79560,9,Loss/l_total,0.05955386161804199
1788157815.0056229,79560,9,LR,0.0006203955092681039
1788157830.0518513,79600,9,Loss/l_ce,0.24474287033081055
1788157830.0522099,79600,9,Loss/l_total,0.24474287033081055
1788157830.0522466,79600,9,LR,0.0006203955092681039
1788157844.979379,79640,9,Loss/l_ce,0.059723854064941406
1788157844.9796531,79640,9,Loss/l_total,0.059723854064941406
1788157844.9796782,79640,9,LR,0.0006203955092681039
1788157859.6221044,79680,9,Loss/l_ce,0.07413983345031738
1788157859.6223392,79680,9,Loss/l_total,0.07413983345031738
1788157859.6223655,79680,9,LR,0.0006203955092681039
1788157874.2821667,79720,9,Loss/l_ce,0.04931902885437012
1788157874.2824433,79720,9,Loss/l_total,0.04931902885437012
1788157874.2824743,79720,9,LR,0.0006203955092681039
1788157888.7718985,79760,9,Loss/l_ce,0.09266901016235352
1788157888.772198,79760,9,Loss/l_total,0.09266901016235352
1788157888.772229,79760,9,LR,0.0006203955092681039
1788157903.5638413,79800,9,Loss/l_ce,0.04014921188354492
1788157903.5640762,79800,9,Loss/l_total,0.04014921188354492
1788157903.564105,79800,9,LR,0.0006203955092681039
1788157918.5009353,79840,9,Loss/l_ce,0.11377620697021484
1788157918.5011754,79840,9,Loss/l_total,0.11377620697021484
1788157918.5012002,79840,9,LR,0.0006203955092681039
1788157933.4692307,79880,9,Loss/l_ce,0.05335092544555664
1788157933.469474,79880,9,Loss/l_total,0.05335092544555664
1788157933.469499,79880,9,LR,0.0006203955092681039
1788157948.1354604,79920,9,Loss/l_ce,0.049442291259765625
1788157948.135717,79920,9,Loss/l_total,0.049442291259765625
1788157948.1357453,79920,9,LR,0.0006203955092681039
1788157962.9212801,79960,9,Loss/l_ce,0.03798532485961914
1788157962.9215903,79960,9,Loss/l_total,0.03798532485961914
1788157962.921639,79960,9,LR,0.0006203955092681039
1788157977.5717075,80000,9,Loss/l_ce,0.0299685001373291
1788157977.5719185,80000,9,Loss/l_total,0.0299685001373291
1788157977.5719402,80000,9,LR,0.0006203955092681039
1788157992.7160978,80040,9,Loss/l_ce,0.0892033576965332
1788157992.7164063,80040,9,Loss/l_total,0.0892033576965332
1788157992.7164302,80040,9,LR,0.0006203955092681039
1788158007.2745416,80080,9,Loss/l_ce,0.0449216365814209
1788158007.2748702,80080,9,Loss/l_total,0.0449216365814209
1788158007.2748928,80080,9,LR,0.0006203955092681039
1788158022.8591988,80120,9,Loss/l_ce,0.029854774475097656
1788158022.859459,80120,9,Loss/l_total,0.029854774475097656
1788158022.859485,80120,9,LR,0.0006203955092681039
1788158037.4897401,80160,9,Loss/l_ce,0.0710756778717041
1788158037.4900713,80160,9,Loss/l_total,0.0710756778717041
1788158037.4900975,80160,9,LR,0.0006203955092681039
1788158051.943303,80200,9,Loss/l_ce,0.05684518814086914
1788158051.9436011,80200,9,Loss/l_total,0.05684518814086914
1788158051.9436285,80200,9,LR,0.0006203955092681039
1788158066.525106,80240,9,Loss/l_ce,0.046595096588134766
1788158066.525329,80240,9,Loss/l_total,0.046595096588134766
1788158066.5253565,80240,9,LR,0.0006203955092681039
1788158081.150593,80280,9,Loss/l_ce,0.04307079315185547
1788158081.1507654,80280,9,Loss/l_total,0.04307079315185547
1788158081.1507914,80280,9,LR,0.0006203955092681039
1788158096.0451167,80320,9,Loss/l_ce,0.0557560920715332
1788158096.0453305,80320,9,Loss/l_total,0.0557560920715332
1788158096.0453575,80320,9,LR,0.0006203955092681039
1788158110.6227283,80360,9,Loss/l_ce,0.03928542137145996
1788158110.6229506,80360,9,Loss/l_total,0.03928542137145996
1788158110.6229777,80360,9,LR,0.0006203955092681039
1788158125.771567,80400,9,Loss/l_ce,0.1394340991973877
1788158125.7719626,80400,9,Loss/l_total,0.1394340991973877
1788158125.7720125,80400,9,LR,0.0006203955092681039
1788158140.3855116,80440,9,Loss/l_ce,0.08868932723999023
1788158140.385875,80440,9,Loss/l_total,0.08868932723999023
1788158140.3859046,80440,9,LR,0.0006203955092681039
1788158155.0799263,80480,9,Loss/l_ce,0.12019729614257812
1788158155.080304,80480,9,Loss/l_total,0.12019729614257812
1788158155.0803323,80480,9,LR,0.0006203955092681039
1788158169.7425013,80520,9,Loss/l_ce,0.36148524284362793
1788158169.7427256,80520,9,Loss/l_total,0.36148524284362793
1788158169.742753,80520,9,LR,0.0006203955092681039
1788158184.4147482,80560,9,Loss/l_ce,0.7581908702850342
1788158184.414989,80560,9,Loss/l_total,0.7581908702850342
1788158184.4150152,80560,9,LR,0.0006203955092681039
1788158198.950164,80600,9,Loss/l_ce,2.1272382736206055
1788158198.9503527,80600,9,Loss/l_total,2.1272382736206055
1788158198.95038,80600,9,LR,0.0006203955092681039
1788158213.5118926,80640,9,Loss/l_ce,1.121516227722168
1788158213.5121822,80640,9,Loss/l_total,1.121516227722168
1788158213.5122166,80640,9,LR,0.0006203955092681039
1788158228.1752229,80680,9,Loss/l_ce,11.184259414672852
1788158228.1755009,80680,9,Loss/l_total,11.184259414672852
1788158228.1755242,80680,9,LR,0.0006203955092681039
1788158242.959599,80720,9,Loss/l_ce,38.46063995361328
1788158242.959807,80720,9,Loss/l_total,38.46063995361328
1788158242.9598296,80720,9,LR,0.0006203955092681039
1788158257.7416923,80760,9,Loss/l_ce,267.70452880859375
1788158257.7420688,80760,9,Loss/l_total,267.70452880859375
1788158257.7420971,80760,9,LR,0.0006203955092681039
1788158272.1489077,80800,9,Loss/l_ce,29.02923011779785
1788158272.1491418,80800,9,Loss/l_total,29.02923011779785
1788158272.1491702,80800,9,LR,0.0006203955092681039
1788158286.487653,80840,9,Loss/l_ce,373.0098571777344
1788158286.487982,80840,9,Loss/l_total,373.0098571777344
1788158286.4880068,80840,9,LR,0.0006203955092681039
1788158301.2337406,80880,9,Loss/l_ce,4281.59912109375
1788158301.234023,80880,9,Loss/l_total,4281.59912109375
1788158301.2340825,80880,9,LR,0.0006203955092681039
1788158315.787313,80920,9,Loss/l_ce,1710.9747314453125
1788158315.7875123,80920,9,Loss/l_total,1710.9747314453125
1788158315.78756,80920,9,LR,0.0006203955092681039
1788158330.6671004,80960,9,Loss/l_ce,8.752416610717773
1788158330.667275,80960,9,Loss/l_total,8.752416610717773
1788158330.6672962,80960,9,LR,0.0006203955092681039
1788158345.430588,81000,9,Loss/l_ce,0.837437629699707
1788158345.4307933,81000,9,Loss/l_total,0.837437629699707
1788158345.4308157,81000,9,LR,0.0006203955092681039
1788158360.1125853,81040,9,Loss/l_ce,0.9788048267364502
1788158360.1128392,81040,9,Loss/l_total,0.9788048267364502
1788158360.1128616,81040,9,LR,0.0006203955092681039
1788158374.5499964,81080,9,Loss/l_ce,0.9619114398956299
1788158374.5501814,81080,9,Loss/l_total,0.9619114398956299
1788158374.5502064,81080,9,LR,0.0006203955092681039
1788158389.1759057,81120,9,Loss/l_ce,1.0300655364990234
1788158389.1761124,81120,9,Loss/l_total,1.0300655364990234
1788158389.1761372,81120,9,LR,0.0006203955092681039
1788158403.749768,81160,9,Loss/l_ce,1.5889286994934082
1788158403.7499485,81160,9,Loss/l_total,1.5889286994934082
1788158403.749971,81160,9,LR,0.0006203955092681039
1788158418.5811033,81200,9,Loss/l_ce,0.7156333923339844
1788158418.5812793,81200,9,Loss/l_total,0.7156333923339844
1788158418.581304,81200,9,LR,0.0006203955092681039
1788158433.2588825,81240,9,Loss/l_ce,0.9605274200439453
1788158433.2590797,81240,9,Loss/l_total,0.9605274200439453
1788158433.2591057,81240,9,LR,0.0006203955092681039
1788158448.2681308,81280,9,Loss/l_ce,3.1224749088287354
1788158448.2683244,81280,9,Loss/l_total,3.1224749088287354
1788158448.2683551,81280,9,LR,0.0006203955092681039
1788158462.9817364,81320,9,Loss/l_ce,1.0941383838653564
1788158462.9819002,81320,9,Loss/l_total,1.0941383838653564
1788158462.981924,81320,9,LR,0.0006203955092681039
1788158477.5950942,81360,9,Loss/l_ce,3.0767621994018555
1788158477.5952735,81360,9,Loss/l_total,3.0767621994018555
1788158477.5952973,81360,9,LR,0.0006203955092681039
1788158492.3045955,81400,9,Loss/l_ce,0.9285392761230469
1788158492.304807,81400,9,Loss/l_total,0.9285392761230469
1788158492.3048317,81400,9,LR,0.0006203955092681039
1788158507.0627215,81440,9,Loss/l_ce,1.453503131866455
1788158507.062914,81440,9,Loss/l_total,1.453503131866455
1788158507.0629387,81440,9,LR,0.0006203955092681039
1788158522.31847,81480,9,Loss/l_ce,0.23494553565979004
1788158522.3187988,81480,9,Loss/l_total,0.23494553565979004
1788158522.3188226,81480,9,LR,0.0006203955092681039
1788158537.3229668,81520,9,Loss/l_ce,0.5334320068359375
1788158537.323253,81520,9,Loss/l_total,0.5334320068359375
1788158537.3232777,81520,9,LR,0.0006203955092681039
1788158552.0874956,81560,9,Loss/l_ce,1.2496252059936523
1788158552.0877903,81560,9,Loss/l_total,1.2496252059936523
1788158552.0878236,81560,9,LR,0.0006203955092681039
1788158566.6975186,81600,9,Loss/l_ce,0.6277661323547363
1788158566.6977537,81600,9,Loss/l_total,0.6277661323547363
1788158566.6977787,81600,9,LR,0.0006203955092681039
1788158581.5867991,81640,9,Loss/l_ce,0.21823620796203613
1788158581.5870745,81640,9,Loss/l_total,0.21823620796203613
1788158581.5871007,81640,9,LR,0.0006203955092681039
1788158595.9957724,81680,9,Loss/l_ce,0.15128087997436523
1788158595.9959862,81680,9,Loss/l_total,0.15128087997436523
1788158595.9960086,81680,9,LR,0.0006203955092681039
1788158610.5508769,81720,9,Loss/l_ce,0.5918543338775635
1788158610.551182,81720,9,Loss/l_total,0.5918543338775635
1788158610.5512094,81720,9,LR,0.0006203955092681039
1788158625.2227116,81760,9,Loss/l_ce,0.18596506118774414
1788158625.222949,81760,9,Loss/l_total,0.18596506118774414
1788158625.2229753,81760,9,LR,0.0006203955092681039
1788158639.8142734,81800,9,Loss/l_ce,0.22212624549865723
1788158639.8144646,81800,9,Loss/l_total,0.22212624549865723
1788158639.8144884,81800,9,LR,0.0006203955092681039
1788158654.653576,81840,9,Loss/l_ce,0.14522600173950195
1788158654.6538405,81840,9,Loss/l_total,0.14522600173950195
1788158654.6538703,81840,9,LR,0.0006203955092681039
1788158669.1709733,81880,9,Loss/l_ce,0.25133395195007324
1788158669.1712368,81880,9,Loss/l_total,0.25133395195007324
1788158669.1712666,81880,9,LR,0.0006203955092681039
1788158683.9103022,81920,9,Loss/l_ce,0.13752365112304688
1788158683.910554,81920,9,Loss/l_total,0.13752365112304688
1788158683.9105778,81920,9,LR,0.0006203955092681039
1788158698.5246172,81960,9,Loss/l_ce,0.4037647247314453
1788158698.5248225,81960,9,Loss/l_total,0.4037647247314453
1788158698.5248463,81960,9,LR,0.0006203955092681039
1788158713.1654744,82000,9,Loss/l_ce,0.08415746688842773
1788158713.1657507,82000,9,Loss/l_total,0.08415746688842773
1788158713.1657782,82000,9,LR,0.0006203955092681039
1788158728.0288613,82040,9,Loss/l_ce,0.09482145309448242
1788158728.029158,82040,9,Loss/l_total,0.09482145309448242
1788158728.029183,82040,9,LR,0.0006203955092681039
1788158743.0114207,82080,9,Loss/l_ce,0.20484399795532227
1788158743.0116546,82080,9,Loss/l_total,0.20484399795532227
1788158743.0116866,82080,9,LR,0.0006203955092681039
1788158757.85365,82120,9,Loss/l_ce,0.31066203117370605
1788158757.853833,82120,9,Loss/l_total,0.31066203117370605
1788158757.853858,82120,9,LR,0.0006203955092681039
1788158772.5709088,82160,9,Loss/l_ce,0.04313254356384277
1788158772.5713017,82160,9,Loss/l_total,0.04313254356384277
1788158772.5713432,82160,9,LR,0.0006203955092681039
1788158787.1454837,82200,9,Loss/l_ce,0.0633385181427002
1788158787.1457772,82200,9,Loss/l_total,0.0633385181427002
1788158787.1458056,82200,9,LR,0.0006203955092681039
1788158801.7725432,82240,9,Loss/l_ce,0.04951739311218262
1788158801.7728698,82240,9,Loss/l_total,0.04951739311218262
1788158801.7728937,82240,9,LR,0.0006203955092681039
1788158816.4260073,82280,9,Loss/l_ce,0.10605907440185547
1788158816.4263551,82280,9,Loss/l_total,0.10605907440185547
1788158816.4263813,82280,9,LR,0.0006203955092681039
1788158831.4083602,82320,9,Loss/l_ce,0.18969488143920898
1788158831.408651,82320,9,Loss/l_total,0.18969488143920898
1788158831.4086747,82320,9,LR,0.0006203955092681039
1788158845.9688044,82360,9,Loss/l_ce,0.0684664249420166
1788158845.9690216,82360,9,Loss/l_total,0.0684664249420166
1788158845.9690714,82360,9,LR,0.0006203955092681039
1788158860.6865401,82400,9,Loss/l_ce,0.06810736656188965
1788158860.686788,82400,9,Loss/l_total,0.06810736656188965
1788158860.686812,82400,9,LR,0.0006203955092681039
1788158875.171712,82440,9,Loss/l_ce,0.08764290809631348
1788158875.1719127,82440,9,Loss/l_total,0.08764290809631348
1788158875.1719398,82440,9,LR,0.0006203955092681039
1788158891.350247,82480,9,Loss/l_ce,0.03604292869567871
1788158891.3505294,82480,9,Loss/l_total,0.03604292869567871
1788158891.3505533,82480,9,LR,0.0006203955092681039
1788158906.4497907,82520,9,Loss/l_ce,0.12752604484558105
1788158906.4501219,82520,9,Loss/l_total,0.12752604484558105
1788158906.4501493,82520,9,LR,0.0006203955092681039
1788158920.9428024,82560,9,Loss/l_ce,0.04238176345825195
1788158920.94309,82560,9,Loss/l_total,0.04238176345825195
1788158920.9431148,82560,9,LR,0.0006203955092681039
1788158935.3976095,82600,9,Loss/l_ce,0.03020167350769043
1788158935.3979123,82600,9,Loss/l_total,0.03020167350769043
1788158935.3979385,82600,9,LR,0.0006203955092681039
1788158949.9611323,82640,9,Loss/l_ce,0.09218382835388184
1788158949.9614623,82640,9,Loss/l_total,0.09218382835388184
1788158949.961486,82640,9,LR,0.0006203955092681039
1788158964.7317955,82680,9,Loss/l_ce,0.029440641403198242
1788158964.732014,82680,9,Loss/l_total,0.029440641403198242
1788158964.7320697,82680,9,LR,0.0006203955092681039
1788158979.584288,82720,9,Loss/l_ce,0.14611005783081055
1788158979.584517,82720,9,Loss/l_total,0.14611005783081055
1788158979.5845408,82720,9,LR,0.0006203955092681039
1788158994.049897,82760,9,Loss/l_ce,0.017893552780151367
1788158994.0500963,82760,9,Loss/l_total,0.017893552780151367
1788158994.0501237,82760,9,LR,0.0006203955092681039
1788159008.764077,82800,9,Loss/l_ce,0.03630495071411133
1788159008.7642715,82800,9,Loss/l_total,0.03630495071411133
1788159008.7644687,82800,9,LR,0.0006203955092681039
1788159023.3902783,82840,9,Loss/l_ce,0.03647589683532715
1788159023.390447,82840,9,Loss/l_total,0.03647589683532715
1788159023.3904707,82840,9,LR,0.0006203955092681039
1788159038.0501275,82880,9,Loss/l_ce,0.03366208076477051
1788159038.0503225,82880,9,Loss/l_total,0.03366208076477051
1788159038.050345,82880,9,LR,0.0006203955092681039
1788159052.724138,82920,9,Loss/l_ce,0.027203083038330078
1788159052.7243114,82920,9,Loss/l_total,0.027203083038330078
1788159052.7243338,82920,9,LR,0.0006203955092681039
1788159067.1352844,82960,9,Loss/l_ce,0.03973984718322754
1788159067.1354518,82960,9,Loss/l_total,0.03973984718322754
1788159067.1354768,82960,9,LR,0.0006203955092681039
1788159081.6825058,83000,9,Loss/l_ce,0.0356593132019043
1788159081.6826637,83000,9,Loss/l_total,0.0356593132019043
1788159081.6826887,83000,9,LR,0.0006203955092681039
1788159096.350176,83040,9,Loss/l_ce,0.04081273078918457
1788159096.3503444,83040,9,Loss/l_total,0.04081273078918457
1788159096.3503659,83040,9,LR,0.0006203955092681039
1788159111.0605457,83080,9,Loss/l_ce,0.0352625846862793
1788159111.060705,83080,9,Loss/l_total,0.0352625846862793
1788159111.0607312,83080,9,LR,0.0006203955092681039
1788159126.0373354,83120,9,Loss/l_ce,0.026801347732543945
1788159126.0375338,83120,9,Loss/l_total,0.026801347732543945
1788159126.0375586,83120,9,LR,0.0006203955092681039
1788159140.8390937,83160,9,Loss/l_ce,0.02581048011779785
1788159140.8392684,83160,9,Loss/l_total,0.02581048011779785
1788159140.8392909,83160,9,LR,0.0006203955092681039
1788159155.411937,83200,9,Loss/l_ce,0.02890157699584961
1788159155.4121318,83200,9,Loss/l_total,0.02890157699584961
1788159155.412158,83200,9,LR,0.0006203955092681039
1788159170.182909,83240,9,Loss/l_ce,0.03728485107421875
1788159170.1831226,83240,9,Loss/l_total,0.03728485107421875
1788159170.1831477,83240,9,LR,0.0006203955092681039
1788159184.5828905,83280,9,Loss/l_ce,0.06422924995422363
1788159184.5831053,83280,9,Loss/l_total,0.06422924995422363
1788159184.5831313,83280,9,LR,0.0006203955092681039
1788159199.3525243,83320,9,Loss/l_ce,0.008901596069335938
1788159199.3527057,83320,9,Loss/l_total,0.008901596069335938
1788159199.3527284,83320,9,LR,0.0006203955092681039
1788159214.0783553,83360,9,Loss/l_ce,0.09447050094604492
1788159214.0785143,83360,9,Loss/l_total,0.09447050094604492
1788159214.078543,83360,9,LR,0.0006203955092681039
1788159228.63458,83400,9,Loss/l_ce,0.025358200073242188
1788159228.634745,83400,9,Loss/l_total,0.025358200073242188
1788159228.6347675,83400,9,LR,0.0006203955092681039
1788159243.429934,83440,9,Loss/l_ce,0.05696821212768555
1788159243.4301407,83440,9,Loss/l_total,0.05696821212768555
1788159243.4301703,83440,9,LR,0.0006203955092681039
1788159257.8309495,83480,9,Loss/l_ce,0.04651808738708496
1788159257.831193,83480,9,Loss/l_total,0.04651808738708496
1788159257.831218,83480,9,LR,0.0006203955092681039
1788159272.4611976,83520,9,Loss/l_ce,0.037602901458740234
1788159272.4613817,83520,9,Loss/l_total,0.037602901458740234
1788159272.461404,83520,9,LR,0.0006203955092681039
1788159287.144864,83560,9,Loss/l_ce,0.030713558197021484
1788159287.1450124,83560,9,Loss/l_total,0.030713558197021484
1788159287.1450624,83560,9,LR,0.0006203955092681039
1788159301.776261,83600,9,Loss/l_ce,0.024471282958984375
1788159301.7764285,83600,9,Loss/l_total,0.024471282958984375
1788159301.7764537,83600,9,LR,0.0006203955092681039
1788159316.2359078,83640,9,Loss/l_ce,0.03251028060913086
1788159316.2361393,83640,9,Loss/l_total,0.03251028060913086
1788159316.2361653,83640,9,LR,0.0006203955092681039
1788159330.7877038,83680,9,Loss/l_ce,0.03155398368835449
1788159330.7879152,83680,9,Loss/l_total,0.03155398368835449
1788159330.7879415,83680,9,LR,0.0006203955092681039
1788159345.1722043,83720,9,Loss/l_ce,0.19483208656311035
1788159345.1725545,83720,9,Loss/l_total,0.19483208656311035
1788159345.1725807,83720,9,LR,0.0006203955092681039
1788159359.8115277,83760,9,Loss/l_ce,0.19300103187561035
1788159359.8117676,83760,9,Loss/l_total,0.19300103187561035
1788159359.811795,83760,9,LR,0.0006203955092681039
1788159374.5326798,83800,9,Loss/l_ce,0.05005049705505371
1788159374.5328648,83800,9,Loss/l_total,0.05005049705505371
1788159374.5329075,83800,9,LR,0.0006203955092681039
1788159389.2816215,83840,9,Loss/l_ce,0.1479814052581787
1788159389.2818897,83840,9,Loss/l_total,0.1479814052581787
1788159389.2819123,83840,9,LR,0.0006203955092681039
1788159403.8511486,83880,9,Loss/l_ce,0.06601142883300781
1788159403.85143,83880,9,Loss/l_total,0.06601142883300781
1788159403.8514524,83880,9,LR,0.0006203955092681039
1788159418.6126876,83920,9,Loss/l_ce,0.03803896903991699
1788159418.6129334,83920,9,Loss/l_total,0.03803896903991699
1788159418.6129558,83920,9,LR,0.0006203955092681039
1788159433.5052361,83960,9,Loss/l_ce,0.07437896728515625
1788159433.5054238,83960,9,Loss/l_total,0.07437896728515625
1788159433.5054476,83960,9,LR,0.0006203955092681039
1788159448.1746268,84000,9,Loss/l_ce,0.06027030944824219
1788159448.1747956,84000,9,Loss/l_total,0.06027030944824219
1788159448.1748204,84000,9,LR,0.0006203955092681039
1788159462.9049518,84040,9,Loss/l_ce,0.04482889175415039
1788159462.905149,84040,9,Loss/l_total,0.04482889175415039
1788159462.9051764,84040,9,LR,0.0006203955092681039
1788159477.5239725,84080,9,Loss/l_ce,0.07513141632080078
1788159477.5241933,84080,9,Loss/l_total,0.07513141632080078
1788159477.5242157,84080,9,LR,0.0006203955092681039
1788159491.8765645,84120,9,Loss/l_ce,0.05690789222717285
1788159491.8768115,84120,9,Loss/l_total,0.05690789222717285
1788159491.8768377,84120,9,LR,0.0006203955092681039
1788159506.4871821,84160,9,Loss/l_ce,0.03915143013000488
1788159506.487378,84160,9,Loss/l_total,0.03915143013000488
1788159506.4874089,84160,9,LR,0.0006203955092681039
1788159520.910504,84200,9,Loss/l_ce,0.025570154190063477
1788159520.9107323,84200,9,Loss/l_total,0.025570154190063477
1788159520.910756,84200,9,LR,0.0006203955092681039
1788159535.9438944,84240,9,Loss/l_ce,0.025150537490844727
1788159535.9440854,84240,9,Loss/l_total,0.025150537490844727
1788159535.9441104,84240,9,LR,0.0006203955092681039
1788159550.36174,84280,9,Loss/l_ce,0.09536623954772949
1788159550.3619406,84280,9,Loss/l_total,0.09536623954772949
1788159550.3619633,84280,9,LR,0.0006203955092681039
1788159565.1483977,84320,9,Loss/l_ce,0.02026653289794922
1788159565.1486068,84320,9,Loss/l_total,0.02026653289794922
1788159565.1486316,84320,9,LR,0.0006203955092681039
1788159579.807583,84360,9,Loss/l_ce,0.07473421096801758
1788159579.8078728,84360,9,Loss/l_total,0.07473421096801758
1788159579.8078976,84360,9,LR,0.0006203955092681039
1788159595.122053,84400,9,Loss/l_ce,0.034424543380737305
1788159595.1223035,84400,9,Loss/l_total,0.034424543380737305
1788159595.122327,84400,9,LR,0.0006203955092681039
1788159609.8054347,84440,9,Loss/l_ce,0.030495405197143555
1788159609.8057137,84440,9,Loss/l_total,0.030495405197143555
1788159609.8057384,84440,9,LR,0.0006203955092681039
1788159624.3386476,84480,9,Loss/l_ce,0.04174685478210449
1788159624.3388934,84480,9,Loss/l_total,0.04174685478210449
1788159624.3389184,84480,9,LR,0.0006203955092681039
1788159638.997472,84520,9,Loss/l_ce,0.0416264533996582
1788159638.9977841,84520,9,Loss/l_total,0.0416264533996582
1788159638.9978101,84520,9,LR,0.0006203955092681039
1788159653.9407735,84560,9,Loss/l_ce,0.05429983139038086
1788159653.9411106,84560,9,Loss/l_total,0.05429983139038086
1788159653.941138,84560,9,LR,0.0006203955092681039
1788159668.9631312,84600,9,Loss/l_ce,0.09476613998413086
1788159668.963354,84600,9,Loss/l_total,0.09476613998413086
1788159668.9633791,84600,9,LR,0.0006203955092681039
1788159683.6590936,84640,9,Loss/l_ce,0.0202791690826416
1788159683.6592703,84640,9,Loss/l_total,0.0202791690826416
1788159683.6592965,84640,9,LR,0.0006203955092681039
1788159698.3105242,84680,9,Loss/l_ce,0.1381511688232422
1788159698.3108294,84680,9,Loss/l_total,0.1381511688232422
1788159698.3108554,84680,9,LR,0.0006203955092681039
1788159713.096212,84720,9,Loss/l_ce,0.04529833793640137
1788159713.0964303,84720,9,Loss/l_total,0.04529833793640137
1788159713.0964553,84720,9,LR,0.0006203955092681039
1788159727.9596312,84760,9,Loss/l_ce,0.033705711364746094
1788159727.9598732,84760,9,Loss/l_total,0.033705711364746094
1788159727.9599233,84760,9,LR,0.0006203955092681039
1788159742.457385,84800,9,Loss/l_ce,0.022403240203857422
1788159742.457607,84800,9,Loss/l_total,0.022403240203857422
1788159742.457632,84800,9,LR,0.0006203955092681039
1788159757.0356874,84840,9,Loss/l_ce,0.043416500091552734
1788159757.036013,84840,9,Loss/l_total,0.043416500091552734
1788159757.0360675,84840,9,LR,0.0006203955092681039
1788159771.7239835,84880,9,Loss/l_ce,0.028984785079956055
1788159771.7243433,84880,9,Loss/l_total,0.028984785079956055
1788159771.7243695,84880,9,LR,0.0006203955092681039
1788159786.6309927,84920,9,Loss/l_ce,0.08959770202636719
1788159786.6311812,84920,9,Loss/l_total,0.08959770202636719
1788159786.631205,84920,9,LR,0.0006203955092681039
1788159801.1423051,84960,9,Loss/l_ce,0.053431034088134766
1788159801.142616,84960,9,Loss/l_total,0.053431034088134766
1788159801.1426435,84960,9,LR,0.0006203955092681039
1788159816.059613,85000,9,Loss/l_ce,0.044760704040527344
1788159816.0597804,85000,9,Loss/l_total,0.044760704040527344
1788159816.0598028,85000,9,LR,0.0006203955092681039
1788159830.8083065,85040,9,Loss/l_ce,0.04731011390686035
1788159830.8085487,85040,9,Loss/l_total,0.04731011390686035
1788159830.8085725,85040,9,LR,0.0006203955092681039
1788159845.377126,85080,9,Loss/l_ce,0.01980447769165039
1788159845.3773146,85080,9,Loss/l_total,0.01980447769165039
1788159845.3773384,85080,9,LR,0.0006203955092681039
1788159859.989168,85120,9,Loss/l_ce,0.03732442855834961
1788159859.9893389,85120,9,Loss/l_total,0.03732442855834961
1788159859.9893627,85120,9,LR,0.0006203955092681039
1788159875.02416,85160,9,Loss/l_ce,0.06728982925415039
1788159875.0243392,85160,9,Loss/l_total,0.06728982925415039
1788159875.0243642,85160,9,LR,0.0006203955092681039
1788159889.9935055,85200,9,Loss/l_ce,0.09543418884277344
1788159889.9936981,85200,9,Loss/l_total,0.09543418884277344
1788159889.9937215,85200,9,LR,0.0006203955092681039
1788159904.4408264,85240,9,Loss/l_ce,0.024083375930786133
1788159904.4410708,85240,9,Loss/l_total,0.024083375930786133
1788159904.4410958,85240,9,LR,0.0006203955092681039
1788159918.969072,85280,9,Loss/l_ce,0.035736083984375
1788159918.9692454,85280,9,Loss/l_total,0.035736083984375
1788159918.9692693,85280,9,LR,0.0006203955092681039
1788159933.5621192,85320,9,Loss/l_ce,0.05850028991699219
1788159933.562282,85320,9,Loss/l_total,0.05850028991699219
1788159933.5623057,85320,9,LR,0.0006203955092681039
1788159948.1642506,85360,9,Loss/l_ce,0.05490756034851074
1788159948.1644773,85360,9,Loss/l_total,0.05490756034851074
1788159948.1645048,85360,9,LR,0.0006203955092681039
1788159963.0254037,85400,9,Loss/l_ce,0.07739090919494629
1788159963.02568,85400,9,Loss/l_total,0.07739090919494629
1788159963.025704,85400,9,LR,0.0006203955092681039
1788159977.7643683,85440,9,Loss/l_ce,0.11456537246704102
1788159977.764575,85440,9,Loss/l_total,0.11456537246704102
1788159977.7645974,85440,9,LR,0.0006203955092681039
1788159992.4984906,85480,9,Loss/l_ce,0.02754044532775879
1788159992.4987826,85480,9,Loss/l_total,0.02754044532775879
1788159992.4988065,85480,9,LR,0.0006203955092681039
1788160007.2054083,85520,9,Loss/l_ce,0.048555612564086914
1788160007.2056327,85520,9,Loss/l_total,0.048555612564086914
1788160007.2056565,85520,9,LR,0.0006203955092681039
1788160022.3808756,85560,9,Loss/l_ce,0.04327058792114258
1788160022.381075,85560,9,Loss/l_total,0.04327058792114258
1788160022.3810997,85560,9,LR,0.0006203955092681039
1788160036.9115276,85600,9,Loss/l_ce,0.02475118637084961
1788160036.9118803,85600,9,Loss/l_total,0.02475118637084961
1788160036.911904,85600,9,LR,0.0006203955092681039
1788160051.5996876,85640,9,Loss/l_ce,0.048131704330444336
1788160051.6000154,85640,9,Loss/l_total,0.048131704330444336
1788160051.6000676,85640,9,LR,0.0006203955092681039
1788160065.9937859,85680,9,Loss/l_ce,0.019857406616210938
1788160065.993997,85680,9,Loss/l_total,0.019857406616210938
1788160065.994021,85680,9,LR,0.0006203955092681039
1788160080.5252447,85720,9,Loss/l_ce,0.18506622314453125
1788160080.5255828,85720,9,Loss/l_total,0.18506622314453125
1788160080.5256314,85720,9,LR,0.0006203955092681039
1788160095.0230057,85760,9,Loss/l_ce,0.023897409439086914
1788160095.0232809,85760,9,Loss/l_total,0.023897409439086914
1788160095.0233073,85760,9,LR,0.0006203955092681039
1788160109.3844,85800,9,Loss/l_ce,0.021410226821899414
1788160109.3846302,85800,9,Loss/l_total,0.021410226821899414
1788160109.384654,85800,9,LR,0.0006203955092681039
1788160123.8359897,85840,9,Loss/l_ce,0.1352226734161377
1788160123.8363066,85840,9,Loss/l_total,0.1352226734161377
1788160123.8363328,85840,9,LR,0.0006203955092681039
1788160138.5405586,85880,9,Loss/l_ce,0.06793642044067383
1788160138.5408664,85880,9,Loss/l_total,0.06793642044067383
1788160138.5408912,85880,9,LR,0.0006203955092681039
1788160153.279519,85920,9,Loss/l_ce,0.07289886474609375
1788160153.2798314,85920,9,Loss/l_total,0.07289886474609375
1788160153.2798789,85920,9,LR,0.0006203955092681039
1788160168.1296413,85960,9,Loss/l_ce,0.061388254165649414
1788160168.1299653,85960,9,Loss/l_total,0.061388254165649414
1788160168.1299915,85960,9,LR,0.0006203955092681039
1788160183.036991,86000,9,Loss/l_ce,0.02797842025756836
1788160183.0372498,86000,9,Loss/l_total,0.02797842025756836
1788160183.0372746,86000,9,LR,0.0006203955092681039
1788160198.05252,86040,9,Loss/l_ce,0.06623554229736328
1788160198.0527718,86040,9,Loss/l_total,0.06623554229736328
1788160198.0527966,86040,9,LR,0.0006203955092681039
1788160212.5486672,86080,9,Loss/l_ce,0.05162620544433594
1788160212.5489056,86080,9,Loss/l_total,0.05162620544433594
1788160212.5489306,86080,9,LR,0.0006203955092681039
1788160227.30008,86120,9,Loss/l_ce,0.0392765998840332
1788160227.3002534,86120,9,Loss/l_total,0.0392765998840332
1788160227.300276,86120,9,LR,0.0006203955092681039
1788160241.853448,86160,9,Loss/l_ce,0.050562143325805664
1788160241.8536603,86160,9,Loss/l_total,0.050562143325805664
1788160241.8536816,86160,9,LR,0.0006203955092681039
1788160256.3936222,86200,9,Loss/l_ce,0.08771467208862305
1788160256.3938742,86200,9,Loss/l_total,0.08771467208862305
1788160256.3938968,86200,9,LR,0.0006203955092681039
1788160270.9386318,86240,9,Loss/l_ce,0.11608266830444336
1788160270.9388392,86240,9,Loss/l_total,0.11608266830444336
1788160270.9388645,86240,9,LR,0.0006203955092681039
1788160285.749805,86280,9,Loss/l_ce,0.03236532211303711
1788160285.7501462,86280,9,Loss/l_total,0.03236532211303711
1788160285.750171,86280,9,LR,0.0006203955092681039
1788160300.590337,86320,9,Loss/l_ce,0.033910274505615234
1788160300.5905545,86320,9,Loss/l_total,0.033910274505615234
1788160300.5905793,86320,9,LR,0.0006203955092681039
1788160315.1867788,86360,9,Loss/l_ce,0.04777240753173828
1788160315.1871123,86360,9,Loss/l_total,0.04777240753173828
1788160315.1871397,86360,9,LR,0.0006203955092681039
1788160329.806903,86400,9,Loss/l_ce,0.09443426132202148
1788160329.8072457,86400,9,Loss/l_total,0.09443426132202148
1788160329.8072708,86400,9,LR,0.0006203955092681039
1788160344.6811457,86440,9,Loss/l_ce,0.07741117477416992
1788160344.6814008,86440,9,Loss/l_total,0.07741117477416992
1788160344.6814282,86440,9,LR,0.0006203955092681039
1788160359.429406,86480,9,Loss/l_ce,0.1085810661315918
1788160359.4297445,86480,9,Loss/l_total,0.1085810661315918
1788160359.4297678,86480,9,LR,0.0006203955092681039
1788160374.209608,86520,9,Loss/l_ce,0.10104799270629883
1788160374.2099166,86520,9,Loss/l_total,0.10104799270629883
1788160374.2099404,86520,9,LR,0.0006203955092681039
1788160389.1224844,86560,9,Loss/l_ce,0.021380186080932617
1788160389.1227303,86560,9,Loss/l_total,0.021380186080932617
1788160389.1227553,86560,9,LR,0.0006203955092681039
1788160403.7235727,86600,9,Loss/l_ce,0.03922843933105469
1788160403.7238576,86600,9,Loss/l_total,0.03922843933105469
1788160403.7238803,86600,9,LR,0.0006203955092681039
1788160418.4082952,86640,9,Loss/l_ce,0.021579504013061523
1788160418.4085634,86640,9,Loss/l_total,0.021579504013061523
1788160418.4085896,86640,9,LR,0.0006203955092681039
1788160433.121482,86680,9,Loss/l_ce,0.12108755111694336
1788160433.1217632,86680,9,Loss/l_total,0.12108755111694336
1788160433.121793,86680,9,LR,0.0006203955092681039
1788160447.6624587,86720,9,Loss/l_ce,0.17746639251708984
1788160447.6626225,86720,9,Loss/l_total,0.17746639251708984
1788160447.6626463,86720,9,LR,0.0006203955092681039
1788160462.4045372,86760,9,Loss/l_ce,0.03825521469116211
1788160462.4047341,86760,9,Loss/l_total,0.03825521469116211
1788160462.4047604,86760,9,LR,0.0006203955092681039
1788160476.9989102,86800,9,Loss/l_ce,0.026467323303222656
1788160476.9990942,86800,9,Loss/l_total,0.026467323303222656
1788160476.9991205,86800,9,LR,0.0006203955092681039
1788160491.3915396,86840,9,Loss/l_ce,0.021234989166259766
1788160491.3917115,86840,9,Loss/l_total,0.021234989166259766
1788160491.3917341,86840,9,LR,0.0006203955092681039
1788160505.9360082,86880,9,Loss/l_ce,0.06840205192565918
1788160505.9361875,86880,9,Loss/l_total,0.06840205192565918
1788160505.9362135,86880,9,LR,0.0006203955092681039
1788160520.4902732,86920,9,Loss/l_ce,0.1538066864013672
1788160520.4904394,86920,9,Loss/l_total,0.1538066864013672
1788160520.4904609,86920,9,LR,0.0006203955092681039
1788160534.8639975,86960,9,Loss/l_ce,0.02097296714782715
1788160534.8642526,86960,9,Loss/l_total,0.02097296714782715
1788160534.8642776,86960,9,LR,0.0006203955092681039
1788160549.5541284,87000,9,Loss/l_ce,0.052448272705078125
1788160549.5543003,87000,9,Loss/l_total,0.052448272705078125
1788160549.5543256,87000,9,LR,0.0006203955092681039
1788160595.517775,87020,9,Val/dense_error,0.03024144098162651
1788160595.5181217,87020,9,Val/auc,0.7364373380550927
1788160595.5181537,87020,9,Val/pck_max,0.1
1788160595.5181751,87020,9,Val/pck_n,100.0
1788160606.004609,87040,10,Loss/l_ce,0.031162738800048828
1788160606.004786,87040,10,Loss/l_total,0.031162738800048828
1788160606.0048108,87040,10,LR,0.0005499999999999999
1788160620.7406552,87080,10,Loss/l_ce,0.01750349998474121
1788160620.7409058,87080,10,Loss/l_total,0.01750349998474121
1788160620.7409353,87080,10,LR,0.0005499999999999999
1788160635.3577347,87120,10,Loss/l_ce,0.12653255462646484
1788160635.357914,87120,10,Loss/l_total,0.12653255462646484
1788160635.3579376,87120,10,LR,0.0005499999999999999
1788160649.9359694,87160,10,Loss/l_ce,0.022339344024658203
1788160649.9361913,87160,10,Loss/l_total,0.022339344024658203
1788160649.9362164,87160,10,LR,0.0005499999999999999
1788160664.4074244,87200,10,Loss/l_ce,0.14455795288085938
1788160664.4075909,87200,10,Loss/l_total,0.14455795288085938
1788160664.4076145,87200,10,LR,0.0005499999999999999
1788160679.1459358,87240,10,Loss/l_ce,0.013756990432739258
1788160679.1461957,87240,10,Loss/l_total,0.013756990432739258
1788160679.146222,87240,10,LR,0.0005499999999999999
1788160693.6876411,87280,10,Loss/l_ce,0.03051161766052246
1788160693.6877954,87280,10,Loss/l_total,0.03051161766052246
1788160693.6878192,87280,10,LR,0.0005499999999999999
1788160708.2544813,87320,10,Loss/l_ce,0.04069375991821289
1788160708.254683,87320,10,Loss/l_total,0.04069375991821289
1788160708.2547069,87320,10,LR,0.0005499999999999999
1788160722.8954148,87360,10,Loss/l_ce,0.026492595672607422
1788160722.8956475,87360,10,Loss/l_total,0.026492595672607422
1788160722.895677,87360,10,LR,0.0005499999999999999
1788160737.6352453,87400,10,Loss/l_ce,0.017140626907348633
1788160737.6354816,87400,10,Loss/l_total,0.017140626907348633
1788160737.635509,87400,10,LR,0.0005499999999999999
1788160752.2796092,87440,10,Loss/l_ce,0.01987171173095703
1788160752.2798252,87440,10,Loss/l_total,0.01987171173095703
1788160752.2798512,87440,10,LR,0.0005499999999999999
1788160767.0794573,87480,10,Loss/l_ce,0.13931608200073242
1788160767.0796423,87480,10,Loss/l_total,0.13931608200073242
1788160767.0796661,87480,10,LR,0.0005499999999999999
1788160781.5279565,87520,10,Loss/l_ce,0.023258686065673828
1788160781.5282247,87520,10,Loss/l_total,0.023258686065673828
1788160781.5282557,87520,10,LR,0.0005499999999999999
1788160796.1743007,87560,10,Loss/l_ce,0.02916264533996582
1788160796.1744785,87560,10,Loss/l_total,0.02916264533996582
1788160796.1745274,87560,10,LR,0.0005499999999999999
1788160810.7518446,87600,10,Loss/l_ce,0.01549983024597168
1788160810.7520854,87600,10,Loss/l_total,0.01549983024597168
1788160810.752114,87600,10,LR,0.0005499999999999999
1788160825.662577,87640,10,Loss/l_ce,0.0263669490814209
1788160825.6627467,87640,10,Loss/l_total,0.0263669490814209
1788160825.662769,87640,10,LR,0.0005499999999999999
1788160840.3235593,87680,10,Loss/l_ce,0.02318882942199707
1788160840.323741,87680,10,Loss/l_total,0.02318882942199707
1788160840.3237634,87680,10,LR,0.0005499999999999999
1788160855.2944577,87720,10,Loss/l_ce,0.04042506217956543
1788160855.2946417,87720,10,Loss/l_total,0.04042506217956543
1788160855.2946656,87720,10,LR,0.0005499999999999999
1788160869.909163,87760,10,Loss/l_ce,0.0454404354095459
1788160869.9093423,87760,10,Loss/l_total,0.0454404354095459
1788160869.9093647,87760,10,LR,0.0005499999999999999
1788160884.3745337,87800,10,Loss/l_ce,0.07039070129394531
1788160884.374701,87800,10,Loss/l_total,0.07039070129394531
1788160884.3747249,87800,10,LR,0.0005499999999999999
1788160899.2198117,87840,10,Loss/l_ce,0.027415752410888672
1788160899.2199707,87840,10,Loss/l_total,0.027415752410888672
1788160899.2199945,87840,10,LR,0.0005499999999999999
1788160913.919158,87880,10,Loss/l_ce,0.0281524658203125
1788160913.919316,87880,10,Loss/l_total,0.0281524658203125
1788160913.9193397,87880,10,LR,0.0005499999999999999
1788160928.5245776,87920,10,Loss/l_ce,0.04249930381774902
1788160928.524782,87920,10,Loss/l_total,0.04249930381774902
1788160928.5248044,87920,10,LR,0.0005499999999999999
1788160943.2621217,87960,10,Loss/l_ce,0.018486738204956055
1788160943.2622914,87960,10,Loss/l_total,0.018486738204956055
1788160943.2624495,87960,10,LR,0.0005499999999999999
1788160957.8604755,88000,10,Loss/l_ce,0.07384109497070312
1788160957.8606465,88000,10,Loss/l_total,0.07384109497070312
1788160957.8606691,88000,10,LR,0.0005499999999999999
1788160972.4880688,88040,10,Loss/l_ce,0.017554044723510742
1788160972.4882565,88040,10,Loss/l_total,0.017554044723510742
1788160972.4882803,88040,10,LR,0.0005499999999999999
1788160987.0699801,88080,10,Loss/l_ce,0.017976045608520508
1788160987.0701652,88080,10,Loss/l_total,0.017976045608520508
1788160987.0701904,88080,10,LR,0.0005499999999999999
1788161001.7476275,88120,10,Loss/l_ce,0.025236129760742188
1788161001.7478127,88120,10,Loss/l_total,0.025236129760742188
1788161001.7478364,88120,10,LR,0.0005499999999999999
1788161016.4578068,88160,10,Loss/l_ce,0.014962196350097656
1788161016.458003,88160,10,Loss/l_total,0.014962196350097656
1788161016.4580264,88160,10,LR,0.0005499999999999999
1788161031.318451,88200,10,Loss/l_ce,0.04337668418884277
1788161031.3186233,88200,10,Loss/l_total,0.04337668418884277
1788161031.3186471,88200,10,LR,0.0005499999999999999
1788161045.8994837,88240,10,Loss/l_ce,0.017184734344482422
1788161045.8996866,88240,10,Loss/l_total,0.017184734344482422
1788161045.8997092,88240,10,LR,0.0005499999999999999
1788161060.950958,88280,10,Loss/l_ce,0.023166179656982422
1788161060.9511611,88280,10,Loss/l_total,0.023166179656982422
1788161060.9511871,88280,10,LR,0.0005499999999999999
1788161075.6077888,88320,10,Loss/l_ce,0.1266622543334961
1788161075.607998,88320,10,Loss/l_total,0.1266622543334961
1788161075.6080215,88320,10,LR,0.0005499999999999999
1788161090.3863375,88360,10,Loss/l_ce,0.01702404022216797
1788161090.3865514,88360,10,Loss/l_total,0.01702404022216797
1788161090.3865747,88360,10,LR,0.0005499999999999999
1788161105.2288435,88400,10,Loss/l_ce,0.024957895278930664
1788161105.2290726,88400,10,Loss/l_total,0.024957895278930664
1788161105.2290988,88400,10,LR,0.0005499999999999999
1788161119.8481889,88440,10,Loss/l_ce,0.02615833282470703
1788161119.8484085,88440,10,Loss/l_total,0.02615833282470703
1788161119.8484335,88440,10,LR,0.0005499999999999999
1788161134.4258058,88480,10,Loss/l_ce,0.07555913925170898
1788161134.4259837,88480,10,Loss/l_total,0.07555913925170898
1788161134.4260075,88480,10,LR,0.0005499999999999999
1788161149.36098,88520,10,Loss/l_ce,0.07802772521972656
1788161149.36119,88520,10,Loss/l_total,0.07802772521972656
1788161149.3612163,88520,10,LR,0.0005499999999999999
1788161164.1638978,88560,10,Loss/l_ce,0.15065789222717285
1788161164.1641686,88560,10,Loss/l_total,0.15065789222717285
1788161164.1641958,88560,10,LR,0.0005499999999999999
1788161179.2684767,88600,10,Loss/l_ce,0.01987934112548828
1788161179.2686608,88600,10,Loss/l_total,0.01987934112548828
1788161179.2686846,88600,10,LR,0.0005499999999999999
1788161194.09785,88640,10,Loss/l_ce,0.07396674156188965
1788161194.0980802,88640,10,Loss/l_total,0.07396674156188965
1788161194.098109,88640,10,LR,0.0005499999999999999
1788161209.0499065,88680,10,Loss/l_ce,0.01972222328186035
1788161209.0500963,88680,10,Loss/l_total,0.01972222328186035
1788161209.050119,88680,10,LR,0.0005499999999999999
1788161223.7298362,88720,10,Loss/l_ce,0.016892194747924805
1788161223.7300048,88720,10,Loss/l_total,0.016892194747924805
1788161223.7300272,88720,10,LR,0.0005499999999999999
1788161238.2802036,88760,10,Loss/l_ce,0.025882482528686523
1788161238.2804053,88760,10,Loss/l_total,0.025882482528686523
1788161238.2804303,88760,10,LR,0.0005499999999999999
1788161253.1150146,88800,10,Loss/l_ce,0.019243240356445312
1788161253.115321,88800,10,Loss/l_total,0.019243240356445312
1788161253.115346,88800,10,LR,0.0005499999999999999
1788161268.0616927,88840,10,Loss/l_ce,0.09522271156311035
1788161268.0619574,88840,10,Loss/l_total,0.09522271156311035
1788161268.0619824,88840,10,LR,0.0005499999999999999
1788161283.1738548,88880,10,Loss/l_ce,0.012023210525512695
1788161283.1742265,88880,10,Loss/l_total,0.012023210525512695
1788161283.174255,88880,10,LR,0.0005499999999999999
1788161297.5549803,88920,10,Loss/l_ce,0.0215606689453125
1788161297.5552998,88920,10,Loss/l_total,0.0215606689453125
1788161297.5553234,88920,10,LR,0.0005499999999999999
1788161312.1946988,88960,10,Loss/l_ce,0.03256559371948242
1788161312.1949139,88960,10,Loss/l_total,0.03256559371948242
1788161312.1949387,88960,10,LR,0.0005499999999999999
1788161326.803848,89000,10,Loss/l_ce,0.14095687866210938
1788161326.8042161,89000,10,Loss/l_total,0.14095687866210938
1788161326.8042445,89000,10,LR,0.0005499999999999999
1788161341.4921458,89040,10,Loss/l_ce,0.017664432525634766
1788161341.492439,89040,10,Loss/l_total,0.017664432525634766
1788161341.4924688,89040,10,LR,0.0005499999999999999
1788161356.481981,89080,10,Loss/l_ce,0.11762332916259766
1788161356.4822326,89080,10,Loss/l_total,0.11762332916259766
1788161356.4822576,89080,10,LR,0.0005499999999999999
1788161371.3171067,89120,10,Loss/l_ce,0.04626274108886719
1788161371.3173182,89120,10,Loss/l_total,0.04626274108886719
1788161371.317342,89120,10,LR,0.0005499999999999999
1788161386.0356486,89160,10,Loss/l_ce,0.017949342727661133
1788161386.035842,89160,10,Loss/l_total,0.017949342727661133
1788161386.0358682,89160,10,LR,0.0005499999999999999
1788161400.4920878,89200,10,Loss/l_ce,0.025020122528076172
1788161400.4923396,89200,10,Loss/l_total,0.025020122528076172
1788161400.4923646,89200,10,LR,0.0005499999999999999
1788161415.0106406,89240,10,Loss/l_ce,0.05718708038330078
1788161415.010828,89240,10,Loss/l_total,0.05718708038330078
1788161415.0108495,89240,10,LR,0.0005499999999999999
1788161429.6511142,89280,10,Loss/l_ce,0.01804804801940918
1788161429.6512816,89280,10,Loss/l_total,0.01804804801940918
1788161429.6513052,89280,10,LR,0.0005499999999999999
1788161444.4374032,89320,10,Loss/l_ce,0.06049370765686035
1788161444.437568,89320,10,Loss/l_total,0.06049370765686035
1788161444.4375906,89320,10,LR,0.0005499999999999999
1788161459.4378657,89360,10,Loss/l_ce,0.02384328842163086
1788161459.4381638,89360,10,Loss/l_total,0.02384328842163086
1788161459.4381948,89360,10,LR,0.0005499999999999999
1788161474.4858274,89400,10,Loss/l_ce,0.05442667007446289
1788161474.4861004,89400,10,Loss/l_total,0.05442667007446289
1788161474.4861276,89400,10,LR,0.0005499999999999999
1788161489.1813877,89440,10,Loss/l_ce,0.07915019989013672
1788161489.181711,89440,10,Loss/l_total,0.07915019989013672
1788161489.1817644,89440,10,LR,0.0005499999999999999
1788161504.1092107,89480,10,Loss/l_ce,0.01329493522644043
1788161504.1094553,89480,10,Loss/l_total,0.01329493522644043
1788161504.1094801,89480,10,LR,0.0005499999999999999
1788161519.1604133,89520,10,Loss/l_ce,0.03287959098815918
1788161519.1607313,89520,10,Loss/l_total,0.03287959098815918
1788161519.160767,89520,10,LR,0.0005499999999999999
1788161534.005021,89560,10,Loss/l_ce,0.009076595306396484
1788161534.0052812,89560,10,Loss/l_total,0.009076595306396484
1788161534.0053074,89560,10,LR,0.0005499999999999999
1788161548.7206807,89600,10,Loss/l_ce,0.021244287490844727
1788161548.7209313,89600,10,Loss/l_total,0.021244287490844727
1788161548.720954,89600,10,LR,0.0005499999999999999
1788161563.2186058,89640,10,Loss/l_ce,0.020769119262695312
1788161563.2188292,89640,10,Loss/l_total,0.020769119262695312
1788161563.2191355,89640,10,LR,0.0005499999999999999
1788161578.0354505,89680,10,Loss/l_ce,0.018886566162109375
1788161578.0357542,89680,10,Loss/l_total,0.018886566162109375
1788161578.0357792,89680,10,LR,0.0005499999999999999
1788161592.7075057,89720,10,Loss/l_ce,0.09621262550354004
1788161592.7077227,89720,10,Loss/l_total,0.09621262550354004
1788161592.7077465,89720,10,LR,0.0005499999999999999
1788161607.443239,89760,10,Loss/l_ce,0.04099130630493164
1788161607.4434206,89760,10,Loss/l_total,0.04099130630493164
1788161607.4434469,89760,10,LR,0.0005499999999999999
1788161621.861167,89800,10,Loss/l_ce,0.017740249633789062
1788161621.861485,89800,10,Loss/l_total,0.017740249633789062
1788161621.8615112,89800,10,LR,0.0005499999999999999
1788161636.3445654,89840,10,Loss/l_ce,0.05616402626037598
1788161636.344854,89840,10,Loss/l_total,0.05616402626037598
1788161636.3448792,89840,10,LR,0.0005499999999999999
1788161651.082575,89880,10,Loss/l_ce,0.03050708770751953
1788161651.0828018,89880,10,Loss/l_total,0.03050708770751953
1788161651.0828235,89880,10,LR,0.0005499999999999999
1788161665.6215134,89920,10,Loss/l_ce,0.023634672164916992
1788161665.6217875,89920,10,Loss/l_total,0.023634672164916992
1788161665.6218102,89920,10,LR,0.0005499999999999999
1788161680.422401,89960,10,Loss/l_ce,0.01447916030883789
1788161680.4226456,89960,10,Loss/l_total,0.01447916030883789
1788161680.422673,89960,10,LR,0.0005499999999999999
1788161695.053965,90000,10,Loss/l_ce,0.04235482215881348
1788161695.054263,90000,10,Loss/l_total,0.04235482215881348
1788161695.0542903,90000,10,LR,0.0005499999999999999
1788161709.690392,90040,10,Loss/l_ce,0.04704475402832031
1788161709.6907115,90040,10,Loss/l_total,0.04704475402832031
1788161709.6907377,90040,10,LR,0.0005499999999999999
1788161724.4658062,90080,10,Loss/l_ce,0.02611064910888672
1788161724.4661317,90080,10,Loss/l_total,0.02611064910888672
1788161724.46616,90080,10,LR,0.0005499999999999999
1788161739.202141,90120,10,Loss/l_ce,0.03413891792297363
1788161739.202428,90120,10,Loss/l_total,0.03413891792297363
1788161739.2024531,90120,10,LR,0.0005499999999999999
1788161753.4441428,90160,10,Loss/l_ce,0.0709846019744873
1788161753.4443388,90160,10,Loss/l_total,0.0709846019744873
1788161753.4443624,90160,10,LR,0.0005499999999999999
1788161768.2098808,90200,10,Loss/l_ce,0.0649268627166748
1788161768.2101338,90200,10,Loss/l_total,0.0649268627166748
1788161768.2101612,90200,10,LR,0.0005499999999999999
1788161782.5821328,90240,10,Loss/l_ce,0.06897640228271484
1788161782.58237,90240,10,Loss/l_total,0.06897640228271484
1788161782.582394,90240,10,LR,0.0005499999999999999
1788161797.3574402,90280,10,Loss/l_ce,0.03639698028564453
1788161797.357757,90280,10,Loss/l_total,0.03639698028564453
1788161797.3577824,90280,10,LR,0.0005499999999999999
1788161811.8928716,90320,10,Loss/l_ce,0.04575347900390625
1788161811.8931386,90320,10,Loss/l_total,0.04575347900390625
1788161811.893166,90320,10,LR,0.0005499999999999999
1788161826.4646664,90360,10,Loss/l_ce,0.015447139739990234
1788161826.4649856,90360,10,Loss/l_total,0.015447139739990234
1788161826.4650095,90360,10,LR,0.0005499999999999999
1788161841.0205727,90400,10,Loss/l_ce,0.022921085357666016
1788161841.020822,90400,10,Loss/l_total,0.022921085357666016
1788161841.0208457,90400,10,LR,0.0005499999999999999
1788161855.6590505,90440,10,Loss/l_ce,0.048021793365478516
1788161855.6593237,90440,10,Loss/l_total,0.048021793365478516
1788161855.659345,90440,10,LR,0.0005499999999999999
1788161870.4740639,90480,10,Loss/l_ce,0.13432788848876953
1788161870.474383,90480,10,Loss/l_total,0.13432788848876953
1788161870.474409,90480,10,LR,0.0005499999999999999
1788161885.0827703,90520,10,Loss/l_ce,0.02187371253967285
1788161885.082971,90520,10,Loss/l_total,0.02187371253967285
1788161885.0829947,90520,10,LR,0.0005499999999999999
1788161900.0078342,90560,10,Loss/l_ce,0.13248658180236816
1788161900.0080597,90560,10,Loss/l_total,0.13248658180236816
1788161900.0080833,90560,10,LR,0.0005499999999999999
1788161914.7549152,90600,10,Loss/l_ce,0.017940998077392578
1788161914.7551491,90600,10,Loss/l_total,0.017940998077392578
1788161914.7551777,90600,10,LR,0.0005499999999999999
1788161929.4953735,90640,10,Loss/l_ce,0.016826391220092773
1788161929.4956741,90640,10,Loss/l_total,0.016826391220092773
1788161929.4956965,90640,10,LR,0.0005499999999999999
1788161944.2626388,90680,10,Loss/l_ce,0.12517786026000977
1788161944.2628512,90680,10,Loss/l_total,0.12517786026000977
1788161944.262874,90680,10,LR,0.0005499999999999999
1788161958.869764,90720,10,Loss/l_ce,0.020172595977783203
1788161958.8700144,90720,10,Loss/l_total,0.020172595977783203
1788161958.8700645,90720,10,LR,0.0005499999999999999
1788161973.664177,90760,10,Loss/l_ce,0.01995229721069336
1788161973.6643763,90760,10,Loss/l_total,0.01995229721069336
1788161973.6644034,90760,10,LR,0.0005499999999999999
1788161988.1975923,90800,10,Loss/l_ce,0.01829385757446289
1788161988.1978016,90800,10,Loss/l_total,0.01829385757446289
1788161988.1978276,90800,10,LR,0.0005499999999999999
1788162003.1049337,90840,10,Loss/l_ce,0.15629029273986816
1788162003.1051462,90840,10,Loss/l_total,0.15629029273986816
1788162003.1051722,90840,10,LR,0.0005499999999999999
1788162017.8565764,90880,10,Loss/l_ce,0.04248785972595215
1788162017.8568318,90880,10,Loss/l_total,0.04248785972595215
1788162017.8568556,90880,10,LR,0.0005499999999999999
1788162032.482233,90920,10,Loss/l_ce,0.03389310836791992
1788162032.482416,90920,10,Loss/l_total,0.03389310836791992
1788162032.4824398,90920,10,LR,0.0005499999999999999
1788162047.053614,90960,10,Loss/l_ce,0.11224126815795898
1788162047.05378,90960,10,Loss/l_total,0.11224126815795898
1788162047.0538049,90960,10,LR,0.0005499999999999999
1788162061.4547243,91000,10,Loss/l_ce,0.04375171661376953
1788162061.4548848,91000,10,Loss/l_total,0.04375171661376953
1788162061.4549084,91000,10,LR,0.0005499999999999999
1788162076.1504993,91040,10,Loss/l_ce,0.06403899192810059
1788162076.1506667,91040,10,Loss/l_total,0.06403899192810059
1788162076.1506903,91040,10,LR,0.0005499999999999999
1788162090.919554,91080,10,Loss/l_ce,0.046941518783569336
1788162090.9197273,91080,10,Loss/l_total,0.046941518783569336
1788162090.91975,91080,10,LR,0.0005499999999999999
1788162105.6347184,91120,10,Loss/l_ce,0.016019344329833984
1788162105.6348822,91120,10,Loss/l_total,0.016019344329833984
1788162105.6349072,91120,10,LR,0.0005499999999999999
1788162120.5008085,91160,10,Loss/l_ce,0.01670670509338379
1788162120.500957,91160,10,Loss/l_total,0.01670670509338379
1788162120.500984,91160,10,LR,0.0005499999999999999
1788162135.2375152,91200,10,Loss/l_ce,0.023768901824951172
1788162135.2378502,91200,10,Loss/l_total,0.023768901824951172
1788162135.237875,91200,10,LR,0.0005499999999999999
1788162149.7936192,91240,10,Loss/l_ce,0.05951809883117676
1788162149.7939267,91240,10,Loss/l_total,0.05951809883117676
1788162149.7939527,91240,10,LR,0.0005499999999999999
1788162164.5369964,91280,10,Loss/l_ce,0.040609121322631836
1788162164.5373526,91280,10,Loss/l_total,0.040609121322631836
1788162164.5373821,91280,10,LR,0.0005499999999999999
1788162179.3415227,91320,10,Loss/l_ce,0.01994776725769043
1788162179.3418481,91320,10,Loss/l_total,0.01994776725769043
1788162179.3418918,91320,10,LR,0.0005499999999999999
1788162193.6721983,91360,10,Loss/l_ce,0.026001691818237305
1788162193.6724608,91360,10,Loss/l_total,0.026001691818237305
1788162193.6724834,91360,10,LR,0.0005499999999999999
1788162208.4763627,91400,10,Loss/l_ce,0.04790616035461426
1788162208.476574,91400,10,Loss/l_total,0.04790616035461426
1788162208.4765978,91400,10,LR,0.0005499999999999999
1788162223.2725115,91440,10,Loss/l_ce,0.020755290985107422
1788162223.272762,91440,10,Loss/l_total,0.020755290985107422
1788162223.2727869,91440,10,LR,0.0005499999999999999
1788162238.1665766,91480,10,Loss/l_ce,0.010214567184448242
1788162238.1667845,91480,10,Loss/l_total,0.010214567184448242
1788162238.1668084,91480,10,LR,0.0005499999999999999
1788162252.861758,91520,10,Loss/l_ce,0.020239591598510742
1788162252.8619847,91520,10,Loss/l_total,0.020239591598510742
1788162252.8620095,91520,10,LR,0.0005499999999999999
1788162267.5586681,91560,10,Loss/l_ce,0.043845415115356445
1788162267.5588543,91560,10,Loss/l_total,0.043845415115356445
1788162267.5588841,91560,10,LR,0.0005499999999999999
1788162282.0099363,91600,10,Loss/l_ce,0.050724029541015625
1788162282.010144,91600,10,Loss/l_total,0.050724029541015625
1788162282.010176,91600,10,LR,0.0005499999999999999
1788162296.9434862,91640,10,Loss/l_ce,0.06725645065307617
1788162296.9436488,91640,10,Loss/l_total,0.06725645065307617
1788162296.9436738,91640,10,LR,0.0005499999999999999
1788162311.6950285,91680,10,Loss/l_ce,0.11325979232788086
1788162311.6952634,91680,10,Loss/l_total,0.11325979232788086
1788162311.6952884,91680,10,LR,0.0005499999999999999
1788162326.480024,91720,10,Loss/l_ce,0.018999814987182617
1788162326.4804347,91720,10,Loss/l_total,0.018999814987182617
1788162326.4804702,91720,10,LR,0.0005499999999999999
1788162341.3669558,91760,10,Loss/l_ce,0.019851207733154297
1788162341.3673215,91760,10,Loss/l_total,0.019851207733154297
1788162341.3673513,91760,10,LR,0.0005499999999999999
1788162356.0455863,91800,10,Loss/l_ce,0.18524980545043945
1788162356.0458808,91800,10,Loss/l_total,0.18524980545043945
1788162356.0459058,91800,10,LR,0.0005499999999999999
1788162370.8213627,91840,10,Loss/l_ce,0.1486499309539795
1788162370.8216286,91840,10,Loss/l_total,0.1486499309539795
1788162370.8216536,91840,10,LR,0.0005499999999999999
1788162385.4743109,91880,10,Loss/l_ce,0.08897113800048828
1788162385.474509,91880,10,Loss/l_total,0.08897113800048828
1788162385.4745338,91880,10,LR,0.0005499999999999999
1788162399.8909197,91920,10,Loss/l_ce,0.0341954231262207
1788162399.8911119,91920,10,Loss/l_total,0.0341954231262207
1788162399.8911393,91920,10,LR,0.0005499999999999999
1788162414.3243334,91960,10,Loss/l_ce,0.007864952087402344
1788162414.3245482,91960,10,Loss/l_total,0.007864952087402344
1788162414.3245718,91960,10,LR,0.0005499999999999999
1788162428.762729,92000,10,Loss/l_ce,0.02036261558532715
1788162428.7629013,92000,10,Loss/l_total,0.02036261558532715
1788162428.762926,92000,10,LR,0.0005499999999999999
1788162443.5727398,92040,10,Loss/l_ce,0.033570051193237305
1788162443.573089,92040,10,Loss/l_total,0.033570051193237305
1788162443.573122,92040,10,LR,0.0005499999999999999
1788162458.117854,92080,10,Loss/l_ce,0.008014917373657227
1788162458.1180716,92080,10,Loss/l_total,0.008014917373657227
1788162458.1180954,92080,10,LR,0.0005499999999999999
1788162472.7412305,92120,10,Loss/l_ce,0.009892702102661133
1788162472.7414489,92120,10,Loss/l_total,0.009892702102661133
1788162472.7414742,92120,10,LR,0.0005499999999999999
1788162487.7015564,92160,10,Loss/l_ce,0.07506299018859863
1788162487.7019067,92160,10,Loss/l_total,0.07506299018859863
1788162487.701933,92160,10,LR,0.0005499999999999999
1788162502.5835824,92200,10,Loss/l_ce,0.023728370666503906
1788162502.583799,92200,10,Loss/l_total,0.023728370666503906
1788162502.5841289,92200,10,LR,0.0005499999999999999
1788162517.092576,92240,10,Loss/l_ce,0.019122600555419922
1788162517.092918,92240,10,Loss/l_total,0.019122600555419922
1788162517.0929453,92240,10,LR,0.0005499999999999999
1788162531.8427365,92280,10,Loss/l_ce,0.0035686492919921875
1788162531.842917,92280,10,Loss/l_total,0.0035686492919921875
1788162531.8429406,92280,10,LR,0.0005499999999999999
1788162546.418259,92320,10,Loss/l_ce,0.08436393737792969
1788162546.418431,92320,10,Loss/l_total,0.08436393737792969
1788162546.418455,92320,10,LR,0.0005499999999999999
1788162561.2944245,92360,10,Loss/l_ce,0.03191041946411133
1788162561.2946715,92360,10,Loss/l_total,0.03191041946411133
1788162561.2946951,92360,10,LR,0.0005499999999999999
1788162575.8587353,92400,10,Loss/l_ce,0.032917022705078125
1788162575.8590071,92400,10,Loss/l_total,0.032917022705078125
1788162575.8590581,92400,10,LR,0.0005499999999999999
1788162591.0294416,92440,10,Loss/l_ce,0.019921064376831055
1788162591.0297182,92440,10,Loss/l_total,0.019921064376831055
1788162591.0297432,92440,10,LR,0.0005499999999999999
1788162605.6187973,92480,10,Loss/l_ce,0.052466630935668945
1788162605.6190927,92480,10,Loss/l_total,0.052466630935668945
1788162605.6191201,92480,10,LR,0.0005499999999999999
1788162620.4006062,92520,10,Loss/l_ce,0.07224917411804199
1788162620.4009018,92520,10,Loss/l_total,0.07224917411804199
1788162620.4009292,92520,10,LR,0.0005499999999999999
1788162634.9717984,92560,10,Loss/l_ce,0.04226255416870117
1788162634.971978,92560,10,Loss/l_total,0.04226255416870117
1788162634.9720016,92560,10,LR,0.0005499999999999999
1788162649.5396369,92600,10,Loss/l_ce,0.02991652488708496
1788162649.5398626,92600,10,Loss/l_total,0.02991652488708496
1788162649.5398874,92600,10,LR,0.0005499999999999999
1788162664.4225643,92640,10,Loss/l_ce,0.08736658096313477
1788162664.4227862,92640,10,Loss/l_total,0.08736658096313477
1788162664.42281,92640,10,LR,0.0005499999999999999
1788162679.0561347,92680,10,Loss/l_ce,0.16046476364135742
1788162679.0562925,92680,10,Loss/l_total,0.16046476364135742
1788162679.0563164,92680,10,LR,0.0005499999999999999
1788162693.7208586,92720,10,Loss/l_ce,0.069549560546875
1788162693.721121,92720,10,Loss/l_total,0.069549560546875
1788162693.721147,92720,10,LR,0.0005499999999999999
1788162708.2026074,92760,10,Loss/l_ce,0.07892775535583496
1788162708.2028675,92760,10,Loss/l_total,0.07892775535583496
1788162708.2028923,92760,10,LR,0.0005499999999999999
1788162722.9849365,92800,10,Loss/l_ce,0.05070948600769043
1788162722.9852583,92800,10,Loss/l_total,0.05070948600769043
1788162722.9852843,92800,10,LR,0.0005499999999999999
1788162737.5741436,92840,10,Loss/l_ce,0.040212154388427734
1788162737.5743513,92840,10,Loss/l_total,0.040212154388427734
1788162737.5743742,92840,10,LR,0.0005499999999999999
1788162752.0147347,92880,10,Loss/l_ce,0.035318613052368164
1788162752.0151172,92880,10,Loss/l_total,0.035318613052368164
1788162752.0151458,92880,10,LR,0.0005499999999999999
1788162766.7553923,92920,10,Loss/l_ce,0.030452728271484375
1788162766.7556925,92920,10,Loss/l_total,0.030452728271484375
1788162766.75572,92920,10,LR,0.0005499999999999999
1788162781.3121936,92960,10,Loss/l_ce,0.018424034118652344
1788162781.3124642,92960,10,Loss/l_total,0.018424034118652344
1788162781.3124866,92960,10,LR,0.0005499999999999999
1788162795.8356175,93000,10,Loss/l_ce,0.020725488662719727
1788162795.835805,93000,10,Loss/l_total,0.020725488662719727
1788162795.8358278,93000,10,LR,0.0005499999999999999
1788162810.5141294,93040,10,Loss/l_ce,0.0617985725402832
1788162810.5142815,93040,10,Loss/l_total,0.0617985725402832
1788162810.5143054,93040,10,LR,0.0005499999999999999
1788162825.1024392,93080,10,Loss/l_ce,0.04765033721923828
1788162825.1026611,93080,10,Loss/l_total,0.04765033721923828
1788162825.102685,93080,10,LR,0.0005499999999999999
1788162839.6491222,93120,10,Loss/l_ce,0.024400949478149414
1788162839.649304,93120,10,Loss/l_total,0.024400949478149414
1788162839.6493275,93120,10,LR,0.0005499999999999999
1788162854.2327967,93160,10,Loss/l_ce,0.1412978172302246
1788162854.2329726,93160,10,Loss/l_total,0.1412978172302246
1788162854.2329974,93160,10,LR,0.0005499999999999999
1788162868.9787283,93200,10,Loss/l_ce,0.017717361450195312
1788162868.9789681,93200,10,Loss/l_total,0.017717361450195312
1788162868.9789882,93200,10,LR,0.0005499999999999999
1788162884.6776397,93240,10,Loss/l_ce,0.04537343978881836
1788162884.6778936,93240,10,Loss/l_total,0.04537343978881836
1788162884.6779175,93240,10,LR,0.0005499999999999999
1788162900.1648586,93280,10,Loss/l_ce,0.07778143882751465
1788162900.1655235,93280,10,Loss/l_total,0.07778143882751465
1788162900.165582,93280,10,LR,0.0005499999999999999
1788162915.830806,93320,10,Loss/l_ce,0.16309905052185059
1788162915.831027,93320,10,Loss/l_total,0.16309905052185059
1788162915.8310707,93320,10,LR,0.0005499999999999999
1788162931.487172,93360,10,Loss/l_ce,0.035302162170410156
1788162931.4874022,93360,10,Loss/l_total,0.035302162170410156
1788162931.487427,93360,10,LR,0.0005499999999999999
1788162947.7508476,93400,10,Loss/l_ce,0.03818392753601074
1788162947.7511835,93400,10,Loss/l_total,0.03818392753601074
1788162947.7512085,93400,10,LR,0.0005499999999999999
1788162963.8376863,93440,10,Loss/l_ce,0.02957940101623535
1788162963.8380675,93440,10,Loss/l_total,0.02957940101623535
1788162963.8382263,93440,10,LR,0.0005499999999999999
1788162979.7386243,93480,10,Loss/l_ce,0.07695770263671875
1788162979.7389722,93480,10,Loss/l_total,0.07695770263671875
1788162979.7390077,93480,10,LR,0.0005499999999999999
1788162995.9492278,93520,10,Loss/l_ce,0.05768561363220215
1788162995.9495568,93520,10,Loss/l_total,0.05768561363220215
1788162995.9495864,93520,10,LR,0.0005499999999999999
1788163012.0711107,93560,10,Loss/l_ce,0.0454864501953125
1788163012.0714505,93560,10,Loss/l_total,0.0454864501953125
1788163012.0714753,93560,10,LR,0.0005499999999999999
1788163028.9368873,93600,10,Loss/l_ce,0.07757401466369629
1788163028.9372342,93600,10,Loss/l_total,0.07757401466369629
1788163028.9372625,93600,10,LR,0.0005499999999999999
1788163044.4491277,93640,10,Loss/l_ce,0.018219470977783203
1788163044.449511,93640,10,Loss/l_total,0.018219470977783203
1788163044.4495397,93640,10,LR,0.0005499999999999999
1788163060.7021415,93680,10,Loss/l_ce,0.03950905799865723
1788163060.702463,93680,10,Loss/l_total,0.03950905799865723
1788163060.7024918,93680,10,LR,0.0005499999999999999
1788163076.740498,93720,10,Loss/l_ce,0.020537853240966797
1788163076.740757,93720,10,Loss/l_total,0.020537853240966797
1788163076.740777,93720,10,LR,0.0005499999999999999
1788163093.2297704,93760,10,Loss/l_ce,0.015928268432617188
1788163093.230109,93760,10,Loss/l_total,0.015928268432617188
1788163093.2301362,93760,10,LR,0.0005499999999999999
1788163107.944761,93800,10,Loss/l_ce,0.018079757690429688
1788163107.9450853,93800,10,Loss/l_total,0.018079757690429688
1788163107.9451149,93800,10,LR,0.0005499999999999999
1788163122.5506287,93840,10,Loss/l_ce,0.0743405818939209
1788163122.550905,93840,10,Loss/l_total,0.0743405818939209
1788163122.5509348,93840,10,LR,0.0005499999999999999
1788163136.9281898,93880,10,Loss/l_ce,0.025025367736816406
1788163136.928445,93880,10,Loss/l_total,0.025025367736816406
1788163136.9284701,93880,10,LR,0.0005499999999999999
1788163151.4812903,93920,10,Loss/l_ce,0.0555570125579834
1788163151.4814553,93920,10,Loss/l_total,0.0555570125579834
1788163151.4814801,93920,10,LR,0.0005499999999999999
1788163166.0585368,93960,10,Loss/l_ce,0.017963647842407227
1788163166.058727,93960,10,Loss/l_total,0.017963647842407227
1788163166.0587482,93960,10,LR,0.0005499999999999999
1788163180.7012842,94000,10,Loss/l_ce,0.07081747055053711
1788163180.701456,94000,10,Loss/l_total,0.07081747055053711
1788163180.70148,94000,10,LR,0.0005499999999999999
1788163195.5392048,94040,10,Loss/l_ce,0.019263505935668945
1788163195.5393949,94040,10,Loss/l_total,0.019263505935668945
1788163195.5394173,94040,10,LR,0.0005499999999999999
1788163210.3023698,94080,10,Loss/l_ce,0.029228687286376953
1788163210.302529,94080,10,Loss/l_total,0.029228687286376953
1788163210.3025515,94080,10,LR,0.0005499999999999999
1788163225.2088046,94120,10,Loss/l_ce,0.017394304275512695
1788163225.2089734,94120,10,Loss/l_total,0.017394304275512695
1788163225.2090242,94120,10,LR,0.0005499999999999999
1788163240.0481987,94160,10,Loss/l_ce,0.0027952194213867188
1788163240.0483758,94160,10,Loss/l_total,0.0027952194213867188
1788163240.0484006,94160,10,LR,0.0005499999999999999
1788163255.241357,94200,10,Loss/l_ce,0.019598007202148438
1788163255.2416136,94200,10,Loss/l_total,0.019598007202148438
1788163255.2416408,94200,10,LR,0.0005499999999999999
1788163269.8318975,94240,10,Loss/l_ce,0.030710220336914062
1788163269.8322315,94240,10,Loss/l_total,0.030710220336914062
1788163269.83226,94240,10,LR,0.0005499999999999999
1788163284.6782765,94280,10,Loss/l_ce,0.062896728515625
1788163284.6785772,94280,10,Loss/l_total,0.062896728515625
1788163284.678602,94280,10,LR,0.0005499999999999999
1788163299.3341413,94320,10,Loss/l_ce,0.09455299377441406
1788163299.3344784,94320,10,Loss/l_total,0.09455299377441406
1788163299.3345022,94320,10,LR,0.0005499999999999999
1788163313.6559994,94360,10,Loss/l_ce,0.06927633285522461
1788163313.6562963,94360,10,Loss/l_total,0.06927633285522461
1788163313.656321,94360,10,LR,0.0005499999999999999
1788163328.4651093,94400,10,Loss/l_ce,0.042853355407714844
1788163328.465324,94400,10,Loss/l_total,0.042853355407714844
1788163328.4653492,94400,10,LR,0.0005499999999999999
1788163342.956575,94440,10,Loss/l_ce,0.053292036056518555
1788163342.9568136,94440,10,Loss/l_total,0.053292036056518555
1788163342.9568384,94440,10,LR,0.0005499999999999999
1788163357.5339425,94480,10,Loss/l_ce,0.025850772857666016
1788163357.5342274,94480,10,Loss/l_total,0.025850772857666016
1788163357.5342548,94480,10,LR,0.0005499999999999999
1788163372.412952,94520,10,Loss/l_ce,0.020829439163208008
1788163372.4131668,94520,10,Loss/l_total,0.020829439163208008
1788163372.4131906,94520,10,LR,0.0005499999999999999
1788163387.0448782,94560,10,Loss/l_ce,0.02403092384338379
1788163387.0452082,94560,10,Loss/l_total,0.02403092384338379
1788163387.045232,94560,10,LR,0.0005499999999999999
1788163401.7669392,94600,10,Loss/l_ce,0.04501795768737793
1788163401.7672384,94600,10,Loss/l_total,0.04501795768737793
1788163401.7672646,94600,10,LR,0.0005499999999999999
1788163416.4438615,94640,10,Loss/l_ce,0.026427745819091797
1788163416.4441001,94640,10,Loss/l_total,0.026427745819091797
1788163416.4441252,94640,10,LR,0.0005499999999999999
1788163431.1757095,94680,10,Loss/l_ce,0.01828289031982422
1788163431.175935,94680,10,Loss/l_total,0.01828289031982422
1788163431.1759598,94680,10,LR,0.0005499999999999999
1788163445.8622808,94720,10,Loss/l_ce,0.04967451095581055
1788163445.8624697,94720,10,Loss/l_total,0.04967451095581055
1788163445.8624911,94720,10,LR,0.0005499999999999999
1788163460.6447098,94760,10,Loss/l_ce,0.03694605827331543
1788163460.6450186,94760,10,Loss/l_total,0.03694605827331543
1788163460.645066,94760,10,LR,0.0005499999999999999
1788163475.3337271,94800,10,Loss/l_ce,0.011924028396606445
1788163475.3338969,94800,10,Loss/l_total,0.011924028396606445
1788163475.3339207,94800,10,LR,0.0005499999999999999
1788163490.0887687,94840,10,Loss/l_ce,0.05924558639526367
1788163490.0889802,94840,10,Loss/l_total,0.05924558639526367
1788163490.0890038,94840,10,LR,0.0005499999999999999
1788163504.95811,94880,10,Loss/l_ce,0.018961429595947266
1788163504.958406,94880,10,Loss/l_total,0.018961429595947266
1788163504.9584353,94880,10,LR,0.0005499999999999999
1788163519.8713222,94920,10,Loss/l_ce,0.06017661094665527
1788163519.8716273,94920,10,Loss/l_total,0.06017661094665527
1788163519.871651,94920,10,LR,0.0005499999999999999
1788163534.6793349,94960,10,Loss/l_ce,0.06171369552612305
1788163534.6796613,94960,10,Loss/l_total,0.06171369552612305
1788163534.6797123,94960,10,LR,0.0005499999999999999
1788163549.366493,95000,10,Loss/l_ce,0.07004880905151367
1788163549.3667672,95000,10,Loss/l_total,0.07004880905151367
1788163549.3667932,95000,10,LR,0.0005499999999999999
1788163563.962989,95040,10,Loss/l_ce,0.0811610221862793
1788163563.9633083,95040,10,Loss/l_total,0.0811610221862793
1788163563.9633367,95040,10,LR,0.0005499999999999999
1788163578.6801128,95080,10,Loss/l_ce,0.05025434494018555
1788163578.6803505,95080,10,Loss/l_total,0.05025434494018555
1788163578.680373,95080,10,LR,0.0005499999999999999
1788163593.4365895,95120,10,Loss/l_ce,0.03854966163635254
1788163593.4368165,95120,10,Loss/l_total,0.03854966163635254
1788163593.4368412,95120,10,LR,0.0005499999999999999
1788163608.745745,95160,10,Loss/l_ce,0.015018463134765625
1788163608.7461462,95160,10,Loss/l_total,0.015018463134765625
1788163608.7461832,95160,10,LR,0.0005499999999999999
1788163623.5270922,95200,10,Loss/l_ce,0.046521663665771484
1788163623.5274115,95200,10,Loss/l_total,0.046521663665771484
1788163623.5274365,95200,10,LR,0.0005499999999999999
1788163638.4990275,95240,10,Loss/l_ce,0.009497642517089844
1788163638.4993443,95240,10,Loss/l_total,0.009497642517089844
1788163638.4993691,95240,10,LR,0.0005499999999999999
1788163653.1811385,95280,10,Loss/l_ce,0.045660972595214844
1788163653.181484,95280,10,Loss/l_total,0.045660972595214844
1788163653.1815124,95280,10,LR,0.0005499999999999999
1788163667.822886,95320,10,Loss/l_ce,0.02025747299194336
1788163667.8231041,95320,10,Loss/l_total,0.02025747299194336
1788163667.8231294,95320,10,LR,0.0005499999999999999
1788163682.6743176,95360,10,Loss/l_ce,0.016690969467163086
1788163682.6745017,95360,10,Loss/l_total,0.016690969467163086
1788163682.674524,95360,10,LR,0.0005499999999999999
1788163697.21515,95400,10,Loss/l_ce,0.03028106689453125
1788163697.2153366,95400,10,Loss/l_total,0.03028106689453125
1788163697.2153625,95400,10,LR,0.0005499999999999999
1788163711.7326827,95440,10,Loss/l_ce,0.01966094970703125
1788163711.7328966,95440,10,Loss/l_total,0.01966094970703125
1788163711.7329204,95440,10,LR,0.0005499999999999999
1788163726.5300941,95480,10,Loss/l_ce,0.05298328399658203
1788163726.5303268,95480,10,Loss/l_total,0.05298328399658203
1788163726.5303516,95480,10,LR,0.0005499999999999999
1788163741.2706585,95520,10,Loss/l_ce,0.020836591720581055
1788163741.2708662,95520,10,Loss/l_total,0.020836591720581055
1788163741.2708924,95520,10,LR,0.0005499999999999999
1788163756.0490937,95560,10,Loss/l_ce,0.13842082023620605
1788163756.0493371,95560,10,Loss/l_total,0.13842082023620605
1788163756.0493631,95560,10,LR,0.0005499999999999999
1788163770.7871833,95600,10,Loss/l_ce,0.054436683654785156
1788163770.7874646,95600,10,Loss/l_total,0.054436683654785156
1788163770.7874897,95600,10,LR,0.0005499999999999999
1788163785.297599,95640,10,Loss/l_ce,0.09464597702026367
1788163785.297878,95640,10,Loss/l_total,0.09464597702026367
1788163785.2979004,95640,10,LR,0.0005499999999999999
1788163800.0549042,95680,10,Loss/l_ce,0.021401643753051758
1788163800.0550787,95680,10,Loss/l_total,0.021401643753051758
1788163800.0551074,95680,10,LR,0.0005499999999999999
1788163814.7020555,95720,10,Loss/l_ce,0.08406543731689453
1788163814.7023642,95720,10,Loss/l_total,0.08406543731689453
1788163814.7023916,95720,10,LR,0.0005499999999999999
1788163854.2130919,95722,10,Val/dense_error,0.036134883761405945
1788163854.2133946,95722,10,Val/auc,0.7309220284994613
1788163854.2134209,95722,10,Val/pck_max,0.1
1788163854.213442,95722,10,Val/pck_n,100.0
1788163871.381255,95760,11,Loss/l_ce,0.02031421661376953
1788163871.3815682,95760,11,Loss/l_total,0.02031421661376953
1788163871.3815944,95760,11,LR,0.00047960449073189616
1788163886.3561034,95800,11,Loss/l_ce,0.03455066680908203
1788163886.3563137,95800,11,Loss/l_total,0.03455066680908203
1788163886.3563397,95800,11,LR,0.00047960449073189616
1788163900.991398,95840,11,Loss/l_ce,0.02804398536682129
1788163900.991727,95840,11,Loss/l_total,0.02804398536682129
1788163900.991752,95840,11,LR,0.00047960449073189616
1788163915.8506012,95880,11,Loss/l_ce,0.06113433837890625
1788163915.8508906,95880,11,Loss/l_total,0.06113433837890625
1788163915.850916,95880,11,LR,0.00047960449073189616
1788163930.6381853,95920,11,Loss/l_ce,0.022072315216064453
1788163930.6384761,95920,11,Loss/l_total,0.022072315216064453
1788163930.6385033,95920,11,LR,0.00047960449073189616
1788163945.3817558,95960,11,Loss/l_ce,0.04651832580566406
1788163945.3820052,95960,11,Loss/l_total,0.04651832580566406
1788163945.3820288,95960,11,LR,0.00047960449073189616
1788163959.9700162,96000,11,Loss/l_ce,0.018819332122802734
1788163959.9703238,96000,11,Loss/l_total,0.018819332122802734
1788163959.9703498,96000,11,LR,0.00047960449073189616
1788163974.9558542,96040,11,Loss/l_ce,0.06060934066772461
1788163974.9560928,96040,11,Loss/l_total,0.06060934066772461
1788163974.956119,96040,11,LR,0.00047960449073189616
1788163989.5936303,96080,11,Loss/l_ce,0.03069305419921875
1788163989.5938785,96080,11,Loss/l_total,0.03069305419921875
1788163989.5939057,96080,11,LR,0.00047960449073189616
1788164004.0603657,96120,11,Loss/l_ce,0.06552743911743164
1788164004.0605843,96120,11,Loss/l_total,0.06552743911743164
1788164004.0606077,96120,11,LR,0.00047960449073189616
1788164019.2146804,96160,11,Loss/l_ce,0.016757726669311523
1788164019.214881,96160,11,Loss/l_total,0.016757726669311523
1788164019.2149045,96160,11,LR,0.00047960449073189616
1788164033.7914753,96200,11,Loss/l_ce,0.026460886001586914
1788164033.7916853,96200,11,Loss/l_total,0.026460886001586914
1788164033.7917092,96200,11,LR,0.00047960449073189616
1788164048.206749,96240,11,Loss/l_ce,0.12708806991577148
1788164048.2069175,96240,11,Loss/l_total,0.12708806991577148
1788164048.2069438,96240,11,LR,0.00047960449073189616
1788164062.9236646,96280,11,Loss/l_ce,0.039257049560546875
1788164062.923978,96280,11,Loss/l_total,0.039257049560546875
1788164062.9240043,96280,11,LR,0.00047960449073189616
1788164077.6177733,96320,11,Loss/l_ce,0.017982959747314453
1788164077.617943,96320,11,Loss/l_total,0.017982959747314453
1788164077.617967,96320,11,LR,0.00047960449073189616
1788164092.4389808,96360,11,Loss/l_ce,0.020414352416992188
1788164092.4392965,96360,11,Loss/l_total,0.020414352416992188
1788164092.4393203,96360,11,LR,0.00047960449073189616
1788164107.4040253,96400,11,Loss/l_ce,0.0154571533203125
1788164107.4043436,96400,11,Loss/l_total,0.0154571533203125
1788164107.4043756,96400,11,LR,0.00047960449073189616
1788164121.9692156,96440,11,Loss/l_ce,0.019013643264770508
1788164121.9693925,96440,11,Loss/l_total,0.019013643264770508
1788164121.9694164,96440,11,LR,0.00047960449073189616
1788164137.2507124,96480,11,Loss/l_ce,0.06345343589782715
1788164137.2509022,96480,11,Loss/l_total,0.06345343589782715
1788164137.2509272,96480,11,LR,0.00047960449073189616
1788164152.0151854,96520,11,Loss/l_ce,0.022180557250976562
1788164152.0153823,96520,11,Loss/l_total,0.022180557250976562
1788164152.0154037,96520,11,LR,0.00047960449073189616
1788164166.9230587,96560,11,Loss/l_ce,0.03489398956298828
1788164166.9233685,96560,11,Loss/l_total,0.03489398956298828
1788164166.9233959,96560,11,LR,0.00047960449073189616
1788164181.719238,96600,11,Loss/l_ce,0.018132686614990234
1788164181.7195408,96600,11,Loss/l_total,0.018132686614990234
1788164181.7195644,96600,11,LR,0.00047960449073189616
1788164196.3078117,96640,11,Loss/l_ce,0.03216099739074707
1788164196.3080766,96640,11,Loss/l_total,0.03216099739074707
1788164196.3081036,96640,11,LR,0.00047960449073189616
1788164211.4017303,96680,11,Loss/l_ce,0.005811452865600586
1788164211.4019036,96680,11,Loss/l_total,0.005811452865600586
1788164211.401931,96680,11,LR,0.00047960449073189616
1788164226.490674,96720,11,Loss/l_ce,0.01677846908569336
1788164226.4909053,96720,11,Loss/l_total,0.01677846908569336
1788164226.4909291,96720,11,LR,0.00047960449073189616
1788164241.1418319,96760,11,Loss/l_ce,0.02206254005432129
1788164241.1421442,96760,11,Loss/l_total,0.02206254005432129
1788164241.1421704,96760,11,LR,0.00047960449073189616
1788164255.7558749,96800,11,Loss/l_ce,0.03315615653991699
1788164255.7561183,96800,11,Loss/l_total,0.03315615653991699
1788164255.7561421,96800,11,LR,0.00047960449073189616
1788164270.5575235,96840,11,Loss/l_ce,0.0787668228149414
1788164270.5578039,96840,11,Loss/l_total,0.0787668228149414
1788164270.5578287,96840,11,LR,0.00047960449073189616
1788164285.2042704,96880,11,Loss/l_ce,0.062468528747558594
1788164285.204579,96880,11,Loss/l_total,0.062468528747558594
1788164285.2046087,96880,11,LR,0.00047960449073189616
1788164300.09167,96920,11,Loss/l_ce,0.01887369155883789
1788164300.0919788,96920,11,Loss/l_total,0.01887369155883789
1788164300.0920026,96920,11,LR,0.00047960449073189616
1788164314.864719,96960,11,Loss/l_ce,0.02695941925048828
1788164314.8649862,96960,11,Loss/l_total,0.02695941925048828
1788164314.8650086,96960,11,LR,0.00047960449073189616
1788164329.605542,97000,11,Loss/l_ce,0.05511212348937988
1788164329.6057606,97000,11,Loss/l_total,0.05511212348937988
1788164329.605783,97000,11,LR,0.00047960449073189616
1788164344.3095174,97040,11,Loss/l_ce,0.028826236724853516
1788164344.3098567,97040,11,Loss/l_total,0.028826236724853516
1788164344.3098876,97040,11,LR,0.00047960449073189616
1788164359.0883322,97080,11,Loss/l_ce,0.033300161361694336
1788164359.0885723,97080,11,Loss/l_total,0.033300161361694336
1788164359.0885973,97080,11,LR,0.00047960449073189616
1788164373.8719857,97120,11,Loss/l_ce,0.02248835563659668
1788164373.872292,97120,11,Loss/l_total,0.02248835563659668
1788164373.8723156,97120,11,LR,0.00047960449073189616
1788164388.6401815,97160,11,Loss/l_ce,0.025079727172851562
1788164388.6404452,97160,11,Loss/l_total,0.025079727172851562
1788164388.6404748,97160,11,LR,0.00047960449073189616
1788164403.3203094,97200,11,Loss/l_ce,0.03486919403076172
1788164403.3206124,97200,11,Loss/l_total,0.03486919403076172
1788164403.3206444,97200,11,LR,0.00047960449073189616
1788164418.1907148,97240,11,Loss/l_ce,0.004179954528808594
1788164418.1909974,97240,11,Loss/l_total,0.004179954528808594
1788164418.1910245,97240,11,LR,0.00047960449073189616
1788164432.97911,97280,11,Loss/l_ce,0.02146744728088379
1788164432.9793246,97280,11,Loss/l_total,0.02146744728088379
1788164432.9793472,97280,11,LR,0.00047960449073189616
1788164447.4082732,97320,11,Loss/l_ce,0.05762743949890137
1788164447.4084394,97320,11,Loss/l_total,0.05762743949890137
1788164447.4084618,97320,11,LR,0.00047960449073189616
1788164462.1114142,97360,11,Loss/l_ce,0.020904064178466797
1788164462.1116529,97360,11,Loss/l_total,0.020904064178466797
1788164462.111679,97360,11,LR,0.00047960449073189616
1788164478.3097675,97400,11,Loss/l_ce,0.06984853744506836
1788164478.30998,97400,11,Loss/l_total,0.06984853744506836
1788164478.310005,97400,11,LR,0.00047960449073189616
1788164495.1088517,97440,11,Loss/l_ce,0.026914596557617188
1788164495.1090844,97440,11,Loss/l_total,0.026914596557617188
1788164495.1091142,97440,11,LR,0.00047960449073189616
1788164511.619944,97480,11,Loss/l_ce,0.02705216407775879
1788164511.6201556,97480,11,Loss/l_total,0.02705216407775879
1788164511.6201818,97480,11,LR,0.00047960449073189616
1788164528.0011551,97520,11,Loss/l_ce,0.020659923553466797
1788164528.0013485,97520,11,Loss/l_total,0.020659923553466797
1788164528.001372,97520,11,LR,0.00047960449073189616
1788164544.411831,97560,11,Loss/l_ce,0.05192065238952637
1788164544.4121265,97560,11,Loss/l_total,0.05192065238952637
1788164544.412155,97560,11,LR,0.00047960449073189616
1788164560.5401855,97600,11,Loss/l_ce,0.027054309844970703
1788164560.5405805,97600,11,Loss/l_total,0.027054309844970703
1788164560.5406094,97600,11,LR,0.00047960449073189616
1788164576.9767272,97640,11,Loss/l_ce,0.017898082733154297
1788164576.9770288,97640,11,Loss/l_total,0.017898082733154297
1788164576.9773579,97640,11,LR,0.00047960449073189616
1788164592.9012814,97680,11,Loss/l_ce,0.07238316535949707
1788164592.901785,97680,11,Loss/l_total,0.07238316535949707
1788164592.9018192,97680,11,LR,0.00047960449073189616
1788164608.567392,97720,11,Loss/l_ce,0.01316523551940918
1788164608.567677,97720,11,Loss/l_total,0.01316523551940918
1788164608.5676985,97720,11,LR,0.00047960449073189616
1788164624.0717633,97760,11,Loss/l_ce,0.10439634323120117
1788164624.0720944,97760,11,Loss/l_total,0.10439634323120117
1788164624.072123,97760,11,LR,0.00047960449073189616
1788164640.7571979,97800,11,Loss/l_ce,0.07543611526489258
1788164640.7575161,97800,11,Loss/l_total,0.07543611526489258
1788164640.757572,97800,11,LR,0.00047960449073189616
1788164656.8979568,97840,11,Loss/l_ce,0.1212625503540039
1788164656.898268,97840,11,Loss/l_total,0.1212625503540039
1788164656.8982928,97840,11,LR,0.00047960449073189616
1788164673.0024652,97880,11,Loss/l_ce,0.09146356582641602
1788164673.00266,97880,11,Loss/l_total,0.09146356582641602
1788164673.0026827,97880,11,LR,0.00047960449073189616
1788164688.765193,97920,11,Loss/l_ce,0.01703953742980957
1788164688.7655551,97920,11,Loss/l_total,0.01703953742980957
1788164688.7656062,97920,11,LR,0.00047960449073189616
1788164704.7151,97960,11,Loss/l_ce,0.02151656150817871
1788164704.7155607,97960,11,Loss/l_total,0.02151656150817871
1788164704.7156012,97960,11,LR,0.00047960449073189616
1788164720.499916,98000,11,Loss/l_ce,0.023223400115966797
1788164720.5009692,98000,11,Loss/l_total,0.023223400115966797
1788164720.5010285,98000,11,LR,0.00047960449073189616
1788164736.6117156,98040,11,Loss/l_ce,0.039743900299072266
1788164736.6121192,98040,11,Loss/l_total,0.039743900299072266
1788164736.6121702,98040,11,LR,0.00047960449073189616
1788164751.9551737,98080,11,Loss/l_ce,0.04452323913574219
1788164751.9553409,98080,11,Loss/l_total,0.04452323913574219
1788164751.9553635,98080,11,LR,0.00047960449073189616
1788164766.6478095,98120,11,Loss/l_ce,0.020960330963134766
1788164766.648027,98120,11,Loss/l_total,0.020960330963134766
1788164766.6480813,98120,11,LR,0.00047960449073189616
1788164781.0910113,98160,11,Loss/l_ce,0.013402700424194336
1788164781.0912905,98160,11,Loss/l_total,0.013402700424194336
1788164781.0913153,98160,11,LR,0.00047960449073189616
1788164795.7292666,98200,11,Loss/l_ce,0.02071213722229004
1788164795.72951,98200,11,Loss/l_total,0.02071213722229004
1788164795.7295337,98200,11,LR,0.00047960449073189616
1788164810.4676275,98240,11,Loss/l_ce,0.0343475341796875
1788164810.467847,98240,11,Loss/l_total,0.0343475341796875
1788164810.467871,98240,11,LR,0.00047960449073189616
1788164825.0854056,98280,11,Loss/l_ce,0.03595304489135742
1788164825.0856528,98280,11,Loss/l_total,0.03595304489135742
1788164825.0856762,98280,11,LR,0.00047960449073189616
1788164840.2612944,98320,11,Loss/l_ce,0.025282859802246094
1788164840.261551,98320,11,Loss/l_total,0.025282859802246094
1788164840.2615733,98320,11,LR,0.00047960449073189616
1788164854.8852606,98360,11,Loss/l_ce,0.03744149208068848
1788164854.885491,98360,11,Loss/l_total,0.03744149208068848
1788164854.8855171,98360,11,LR,0.00047960449073189616
1788164869.5353045,98400,11,Loss/l_ce,0.05287313461303711
1788164869.5354683,98400,11,Loss/l_total,0.05287313461303711
1788164869.5354922,98400,11,LR,0.00047960449073189616
1788164884.678393,98440,11,Loss/l_ce,0.025406360626220703
1788164884.67863,98440,11,Loss/l_total,0.025406360626220703
1788164884.6786528,98440,11,LR,0.00047960449073189616
1788164899.263083,98480,11,Loss/l_ce,0.04239845275878906
1788164899.2633765,98480,11,Loss/l_total,0.04239845275878906
1788164899.2634,98480,11,LR,0.00047960449073189616
1788164913.6147985,98520,11,Loss/l_ce,0.03049945831298828
1788164913.615015,98520,11,Loss/l_total,0.03049945831298828
1788164913.615073,98520,11,LR,0.00047960449073189616
1788164928.3859417,98560,11,Loss/l_ce,0.021826982498168945
1788164928.3863347,98560,11,Loss/l_total,0.021826982498168945
1788164928.3863692,98560,11,LR,0.00047960449073189616
1788164943.019899,98600,11,Loss/l_ce,0.10551214218139648
1788164943.020091,98600,11,Loss/l_total,0.10551214218139648
1788164943.020115,98600,11,LR,0.00047960449073189616
1788164957.996089,98640,11,Loss/l_ce,0.026300430297851562
1788164957.9962504,98640,11,Loss/l_total,0.026300430297851562
1788164957.9962742,98640,11,LR,0.00047960449073189616
1788164972.6752203,98680,11,Loss/l_ce,0.017765283584594727
1788164972.6754196,98680,11,Loss/l_total,0.017765283584594727
1788164972.675447,98680,11,LR,0.00047960449073189616
1788164987.4315789,98720,11,Loss/l_ce,0.015767574310302734
1788164987.431737,98720,11,Loss/l_total,0.015767574310302734
1788164987.4317594,98720,11,LR,0.00047960449073189616
1788165002.353081,98760,11,Loss/l_ce,0.038804054260253906
1788165002.3533065,98760,11,Loss/l_total,0.038804054260253906
1788165002.3533292,98760,11,LR,0.00047960449073189616
1788165017.1781545,98800,11,Loss/l_ce,0.06459736824035645
1788165017.1784015,98800,11,Loss/l_total,0.06459736824035645
1788165017.178425,98800,11,LR,0.00047960449073189616
1788165031.9524994,98840,11,Loss/l_ce,0.0746011734008789
1788165031.9527156,98840,11,Loss/l_total,0.0746011734008789
1788165031.9527383,98840,11,LR,0.00047960449073189616
1788165046.5286314,98880,11,Loss/l_ce,0.05551028251647949
1788165046.5288641,98880,11,Loss/l_total,0.05551028251647949
1788165046.5288868,98880,11,LR,0.00047960449073189616
1788165061.1413631,98920,11,Loss/l_ce,0.087310791015625
1788165061.1415815,98920,11,Loss/l_total,0.087310791015625
1788165061.1416042,98920,11,LR,0.00047960449073189616
1788165075.7651958,98960,11,Loss/l_ce,0.038269996643066406
1788165075.765489,98960,11,Loss/l_total,0.038269996643066406
1788165075.7655153,98960,11,LR,0.00047960449073189616
1788165090.552963,99000,11,Loss/l_ce,0.024165630340576172
1788165090.5532658,99000,11,Loss/l_total,0.024165630340576172
1788165090.5532897,99000,11,LR,0.00047960449073189616
1788165105.0857291,99040,11,Loss/l_ce,0.01638317108154297
1788165105.086002,99040,11,Loss/l_total,0.01638317108154297
1788165105.0860271,99040,11,LR,0.00047960449073189616
1788165120.0575948,99080,11,Loss/l_ce,0.04645109176635742
1788165120.0579023,99080,11,Loss/l_total,0.04645109176635742
1788165120.0579486,99080,11,LR,0.00047960449073189616
1788165134.8734903,99120,11,Loss/l_ce,0.06395769119262695
1788165134.8737123,99120,11,Loss/l_total,0.06395769119262695
1788165134.8737361,99120,11,LR,0.00047960449073189616
1788165149.5499117,99160,11,Loss/l_ce,0.04312276840209961
1788165149.5502002,99160,11,Loss/l_total,0.04312276840209961
1788165149.5502276,99160,11,LR,0.00047960449073189616
1788165164.0393178,99200,11,Loss/l_ce,0.012556314468383789
1788165164.0395327,99200,11,Loss/l_total,0.012556314468383789
1788165164.0395577,99200,11,LR,0.00047960449073189616
1788165178.8495152,99240,11,Loss/l_ce,0.025165081024169922
1788165178.8496768,99240,11,Loss/l_total,0.025165081024169922
1788165178.8497016,99240,11,LR,0.00047960449073189616
1788165193.7245913,99280,11,Loss/l_ce,0.021574020385742188
1788165193.724861,99280,11,Loss/l_total,0.021574020385742188
1788165193.7248871,99280,11,LR,0.00047960449073189616
1788165208.4575758,99320,11,Loss/l_ce,0.062408447265625
1788165208.4578643,99320,11,Loss/l_total,0.062408447265625
1788165208.4578903,99320,11,LR,0.00047960449073189616
1788165223.1819365,99360,11,Loss/l_ce,0.12354874610900879
1788165223.1822796,99360,11,Loss/l_total,0.12354874610900879
1788165223.1823118,99360,11,LR,0.00047960449073189616
1788165237.6436841,99400,11,Loss/l_ce,0.027420759201049805
1788165237.6439073,99400,11,Loss/l_total,0.027420759201049805
1788165237.6439323,99400,11,LR,0.00047960449073189616
1788165252.0184639,99440,11,Loss/l_ce,0.0462498664855957
1788165252.0221288,99440,11,Loss/l_total,0.0462498664855957
1788165252.0221646,99440,11,LR,0.00047960449073189616
1788165266.7734473,99480,11,Loss/l_ce,0.05165457725524902
1788165266.7736752,99480,11,Loss/l_total,0.05165457725524902
1788165266.773699,99480,11,LR,0.00047960449073189616
1788165281.4614043,99520,11,Loss/l_ce,0.0579378604888916
1788165281.461605,99520,11,Loss/l_total,0.0579378604888916
1788165281.4616287,99520,11,LR,0.00047960449073189616
1788165296.0047216,99560,11,Loss/l_ce,0.022177457809448242
1788165296.0049934,99560,11,Loss/l_total,0.022177457809448242
1788165296.0050185,99560,11,LR,0.00047960449073189616
1788165310.5091443,99600,11,Loss/l_ce,0.025547266006469727
1788165310.5094671,99600,11,Loss/l_total,0.025547266006469727
1788165310.5094981,99600,11,LR,0.00047960449073189616
1788165325.401024,99640,11,Loss/l_ce,0.01772928237915039
1788165325.4013553,99640,11,Loss/l_total,0.01772928237915039
1788165325.4013827,99640,11,LR,0.00047960449073189616
1788165340.1055093,99680,11,Loss/l_ce,0.015807628631591797
1788165340.105773,99680,11,Loss/l_total,0.015807628631591797
1788165340.1057966,99680,11,LR,0.00047960449073189616
1788165354.7181847,99720,11,Loss/l_ce,0.038521528244018555
1788165354.7184403,99720,11,Loss/l_total,0.038521528244018555
1788165354.7184627,99720,11,LR,0.00047960449073189616
1788165369.460361,99760,11,Loss/l_ce,0.029318809509277344
1788165369.4606743,99760,11,Loss/l_total,0.029318809509277344
1788165369.460699,99760,11,LR,0.00047960449073189616
1788165383.9835227,99800,11,Loss/l_ce,0.015370368957519531
1788165383.9837172,99800,11,Loss/l_total,0.015370368957519531
1788165383.9837399,99800,11,LR,0.00047960449073189616
1788165398.5828323,99840,11,Loss/l_ce,0.020198583602905273
1788165398.5831387,99840,11,Loss/l_total,0.020198583602905273
1788165398.5831685,99840,11,LR,0.00047960449073189616
1788165413.3679528,99880,11,Loss/l_ce,0.007799625396728516
1788165413.3681762,99880,11,Loss/l_total,0.007799625396728516
1788165413.3682013,99880,11,LR,0.00047960449073189616
1788165430.4586678,99920,11,Loss/l_ce,0.0777585506439209
1788165430.4601886,99920,11,Loss/l_total,0.0777585506439209
1788165430.4602172,99920,11,LR,0.00047960449073189616
1788165448.1551478,99960,11,Loss/l_ce,0.13877391815185547
1788165448.1556168,99960,11,Loss/l_total,0.13877391815185547
1788165448.1556478,99960,11,LR,0.00047960449073189616
1788165465.4166956,100000,11,Loss/l_ce,0.0889902114868164
1788165465.4170575,100000,11,Loss/l_total,0.0889902114868164
1788165465.4170895,100000,11,LR,0.00047960449073189616
1788165482.5189874,100040,11,Loss/l_ce,0.018248558044433594
1788165482.5192761,100040,11,Loss/l_total,0.018248558044433594
1788165482.5193021,100040,11,LR,0.00047960449073189616
1788165498.8563647,100080,11,Loss/l_ce,0.02197408676147461
1788165498.8567128,100080,11,Loss/l_total,0.02197408676147461
1788165498.8567412,100080,11,LR,0.00047960449073189616
1788165545.743639,100120,11,Loss/l_ce,0.11529088020324707
1788165545.7443478,100120,11,Loss/l_total,0.11529088020324707
1788165545.7443786,100120,11,LR,0.00047960449073189616
1788165610.1566744,100160,11,Loss/l_ce,0.02761673927307129
1788165610.1569011,100160,11,Loss/l_total,0.02761673927307129
1788165610.1569273,100160,11,LR,0.00047960449073189616
1788165645.2260246,100200,11,Loss/l_ce,0.13673877716064453
1788165645.226445,100200,11,Loss/l_total,0.13673877716064453
1788165645.2264712,100200,11,LR,0.00047960449073189616
1788165664.3332472,100240,11,Loss/l_ce,0.08008456230163574
1788165664.3335938,100240,11,Loss/l_total,0.08008456230163574
1788165664.3336189,100240,11,LR,0.00047960449073189616
1788165679.4489858,100280,11,Loss/l_ce,0.15944123268127441
1788165679.4493823,100280,11,Loss/l_total,0.15944123268127441
1788165679.4494085,100280,11,LR,0.00047960449073189616
1788165694.098444,100320,11,Loss/l_ce,0.023017168045043945
1788165694.0987978,100320,11,Loss/l_total,0.023017168045043945
1788165694.0988252,100320,11,LR,0.00047960449073189616
1788165708.5749698,100360,11,Loss/l_ce,0.015668153762817383
1788165708.575249,100360,11,Loss/l_total,0.015668153762817383
1788165708.575275,100360,11,LR,0.00047960449073189616
1788165723.6007493,100400,11,Loss/l_ce,0.022229433059692383
1788165723.6009808,100400,11,Loss/l_total,0.022229433059692383
1788165723.6010046,100400,11,LR,0.00047960449073189616
1788165738.82179,100440,11,Loss/l_ce,0.0709543228149414
1788165738.8221438,100440,11,Loss/l_total,0.0709543228149414
1788165738.8221688,100440,11,LR,0.00047960449073189616
1788165753.7452784,100480,11,Loss/l_ce,0.01857137680053711
1788165753.7455194,100480,11,Loss/l_total,0.01857137680053711
1788165753.745549,100480,11,LR,0.00047960449073189616
1788165768.3767781,100520,11,Loss/l_ce,0.0558929443359375
1788165768.3770669,100520,11,Loss/l_total,0.0558929443359375
1788165768.3771071,100520,11,LR,0.00047960449073189616
1788165782.882581,100560,11,Loss/l_ce,0.06677627563476562
1788165782.882789,100560,11,Loss/l_total,0.06677627563476562
1788165782.882815,100560,11,LR,0.00047960449073189616
1788165797.4692562,100600,11,Loss/l_ce,0.04420328140258789
1788165797.4695137,100600,11,Loss/l_total,0.04420328140258789
1788165797.4695363,100600,11,LR,0.00047960449073189616
1788165812.0888157,100640,11,Loss/l_ce,0.016947031021118164
1788165812.0889854,100640,11,Loss/l_total,0.016947031021118164
1788165812.089009,100640,11,LR,0.00047960449073189616
1788165826.8340735,100680,11,Loss/l_ce,0.021477937698364258
1788165826.834385,100680,11,Loss/l_total,0.021477937698364258
1788165826.8344097,100680,11,LR,0.00047960449073189616
1788165841.479816,100720,11,Loss/l_ce,0.004266500473022461
1788165841.4799857,100720,11,Loss/l_total,0.004266500473022461
1788165841.4800131,100720,11,LR,0.00047960449073189616
1788165856.3881676,100760,11,Loss/l_ce,0.018092632293701172
1788165856.3884823,100760,11,Loss/l_total,0.018092632293701172
1788165856.3885155,100760,11,LR,0.00047960449073189616
1788165871.3536386,100800,11,Loss/l_ce,0.022657155990600586
1788165871.3539462,100800,11,Loss/l_total,0.022657155990600586
1788165871.3539712,100800,11,LR,0.00047960449073189616
1788165885.9678004,100840,11,Loss/l_ce,0.1656208038330078
1788165885.9680758,100840,11,Loss/l_total,0.1656208038330078
1788165885.9681008,100840,11,LR,0.00047960449073189616
1788165900.8715458,100880,11,Loss/l_ce,0.07389450073242188
1788165900.8717334,100880,11,Loss/l_total,0.07389450073242188
1788165900.871756,100880,11,LR,0.00047960449073189616
1788165915.263153,100920,11,Loss/l_ce,0.09152507781982422
1788165915.2633548,100920,11,Loss/l_total,0.09152507781982422
1788165915.2633786,100920,11,LR,0.00047960449073189616
1788165929.905067,100960,11,Loss/l_ce,0.013828039169311523
1788165929.9053414,100960,11,Loss/l_total,0.013828039169311523
1788165929.9053676,100960,11,LR,0.00047960449073189616
1788165944.4903944,101000,11,Loss/l_ce,0.015476703643798828
1788165944.4906068,101000,11,Loss/l_total,0.015476703643798828
1788165944.4906316,101000,11,LR,0.00047960449073189616
1788165959.087548,101040,11,Loss/l_ce,0.015403270721435547
1788165959.0877545,101040,11,Loss/l_total,0.015403270721435547
1788165959.0877771,101040,11,LR,0.00047960449073189616
1788165973.8029478,101080,11,Loss/l_ce,0.018071651458740234
1788165973.803203,101080,11,Loss/l_total,0.018071651458740234
1788165973.803228,101080,11,LR,0.00047960449073189616
1788165988.250624,101120,11,Loss/l_ce,0.05618119239807129
1788165988.2508175,101120,11,Loss/l_total,0.05618119239807129
1788165988.2508411,101120,11,LR,0.00047960449073189616
1788166002.7996926,101160,11,Loss/l_ce,0.017979860305786133
1788166002.799878,101160,11,Loss/l_total,0.017979860305786133
1788166002.7999005,101160,11,LR,0.00047960449073189616
1788166017.3425136,101200,11,Loss/l_ce,0.051853179931640625
1788166017.342701,101200,11,Loss/l_total,0.051853179931640625
1788166017.3427272,101200,11,LR,0.00047960449073189616
1788166032.028832,101240,11,Loss/l_ce,0.0833287239074707
1788166032.0289984,101240,11,Loss/l_total,0.0833287239074707
1788166032.029021,101240,11,LR,0.00047960449073189616
1788166046.5276265,101280,11,Loss/l_ce,0.026339054107666016
1788166046.5278022,101280,11,Loss/l_total,0.026339054107666016
1788166046.5278258,101280,11,LR,0.00047960449073189616
1788166061.2793896,101320,11,Loss/l_ce,0.11495304107666016
1788166061.2795618,101320,11,Loss/l_total,0.11495304107666016
1788166061.2795842,101320,11,LR,0.00047960449073189616
1788166076.0748165,101360,11,Loss/l_ce,0.09807419776916504
1788166076.0749815,101360,11,Loss/l_total,0.09807419776916504
1788166076.075004,101360,11,LR,0.00047960449073189616
1788166090.660214,101400,11,Loss/l_ce,0.12903404235839844
1788166090.6605916,101400,11,Loss/l_total,0.12903404235839844
1788166090.6606236,101400,11,LR,0.00047960449073189616
1788166105.277436,101440,11,Loss/l_ce,0.07189369201660156
1788166105.2776353,101440,11,Loss/l_total,0.07189369201660156
1788166105.277659,101440,11,LR,0.00047960449073189616
1788166119.869545,101480,11,Loss/l_ce,0.022081851959228516
1788166119.8698466,101480,11,Loss/l_total,0.022081851959228516
1788166119.8698702,101480,11,LR,0.00047960449073189616
1788166134.2422285,101520,11,Loss/l_ce,0.04659533500671387
1788166134.2425194,101520,11,Loss/l_total,0.04659533500671387
1788166134.2425418,101520,11,LR,0.00047960449073189616
1788166148.9828644,101560,11,Loss/l_ce,0.03451347351074219
1788166148.9832134,101560,11,Loss/l_total,0.03451347351074219
1788166148.9832952,101560,11,LR,0.00047960449073189616
1788166163.3662915,101600,11,Loss/l_ce,0.028737783432006836
1788166163.366549,101600,11,Loss/l_total,0.028737783432006836
1788166163.3665738,101600,11,LR,0.00047960449073189616
1788166177.781735,101640,11,Loss/l_ce,0.041165828704833984
1788166177.7819047,101640,11,Loss/l_total,0.041165828704833984
1788166177.7819307,101640,11,LR,0.00047960449073189616
1788166192.369638,101680,11,Loss/l_ce,0.12922048568725586
1788166192.369867,101680,11,Loss/l_total,0.12922048568725586
1788166192.3698895,101680,11,LR,0.00047960449073189616
1788166206.9236858,101720,11,Loss/l_ce,0.0641641616821289
1788166206.92392,101720,11,Loss/l_total,0.0641641616821289
1788166206.9239447,101720,11,LR,0.00047960449073189616
1788166221.504149,101760,11,Loss/l_ce,0.053342342376708984
1788166221.5043721,101760,11,Loss/l_total,0.053342342376708984
1788166221.5043948,101760,11,LR,0.00047960449073189616
1788166236.2762284,101800,11,Loss/l_ce,0.015633106231689453
1788166236.2765524,101800,11,Loss/l_total,0.015633106231689453
1788166236.2765834,101800,11,LR,0.00047960449073189616
1788166251.8610115,101840,11,Loss/l_ce,0.015607118606567383
1788166251.8613024,101840,11,Loss/l_total,0.015607118606567383
1788166251.861325,101840,11,LR,0.00047960449073189616
1788166268.1174026,101880,11,Loss/l_ce,0.06535840034484863
1788166268.1177268,101880,11,Loss/l_total,0.06535840034484863
1788166268.1177506,101880,11,LR,0.00047960449073189616
1788166284.3649936,101920,11,Loss/l_ce,0.022084951400756836
1788166284.3652856,101920,11,Loss/l_total,0.022084951400756836
1788166284.3653092,101920,11,LR,0.00047960449073189616
1788166300.5524654,101960,11,Loss/l_ce,0.02070164680480957
1788166300.5526483,101960,11,Loss/l_total,0.02070164680480957
1788166300.552673,101960,11,LR,0.00047960449073189616
1788166316.8725402,102000,11,Loss/l_ce,0.03797340393066406
1788166316.872761,102000,11,Loss/l_total,0.03797340393066406
1788166316.8727858,102000,11,LR,0.00047960449073189616
1788166332.9441745,102040,11,Loss/l_ce,0.0579071044921875
1788166332.9443753,102040,11,Loss/l_total,0.0579071044921875
1788166332.9444025,102040,11,LR,0.00047960449073189616
1788166349.309922,102080,11,Loss/l_ce,0.012051582336425781
1788166349.3102033,102080,11,Loss/l_total,0.012051582336425781
1788166349.3104897,102080,11,LR,0.00047960449073189616
1788166365.0716162,102120,11,Loss/l_ce,0.011113405227661133
1788166365.0719805,102120,11,Loss/l_total,0.011113405227661133
1788166365.072085,102120,11,LR,0.00047960449073189616
1788166382.6878517,102160,11,Loss/l_ce,0.026476621627807617
1788166382.6881213,102160,11,Loss/l_total,0.026476621627807617
1788166382.6881485,102160,11,LR,0.00047960449073189616
1788166399.9318533,102200,11,Loss/l_ce,0.06108212471008301
1788166399.9321086,102200,11,Loss/l_total,0.06108212471008301
1788166399.9321346,102200,11,LR,0.00047960449073189616
1788166417.1265464,102240,11,Loss/l_ce,0.04143095016479492
1788166417.1267614,102240,11,Loss/l_total,0.04143095016479492
1788166417.126784,102240,11,LR,0.00047960449073189616
1788166434.4342902,102280,11,Loss/l_ce,0.017591476440429688
1788166434.4345455,102280,11,Loss/l_total,0.017591476440429688
1788166434.4345706,102280,11,LR,0.00047960449073189616
1788166451.8726482,102320,11,Loss/l_ce,0.12112045288085938
1788166451.872907,102320,11,Loss/l_total,0.12112045288085938
1788166451.8729343,102320,11,LR,0.00047960449073189616
1788166471.0524473,102360,11,Loss/l_ce,0.02756214141845703
1788166471.052706,102360,11,Loss/l_total,0.02756214141845703
1788166471.0527287,102360,11,LR,0.00047960449073189616
1788166491.0439405,102400,11,Loss/l_ce,0.03469085693359375
1788166491.0442765,102400,11,Loss/l_total,0.03469085693359375
1788166491.044304,102400,11,LR,0.00047960449073189616
1788166510.0412564,102440,11,Loss/l_ce,0.056092262268066406
1788166510.0415926,102440,11,Loss/l_total,0.056092262268066406
1788166510.0416164,102440,11,LR,0.00047960449073189616
1788166530.81399,102480,11,Loss/l_ce,0.01934981346130371
1788166530.8143,102480,11,Loss/l_total,0.01934981346130371
1788166530.8143215,102480,11,LR,0.00047960449073189616
1788166551.1549861,102520,11,Loss/l_ce,0.0319514274597168
1788166551.1552806,102520,11,Loss/l_total,0.0319514274597168
1788166551.1553092,102520,11,LR,0.00047960449073189616
1788166570.0187562,102560,11,Loss/l_ce,0.045297861099243164
1788166570.0189507,102560,11,Loss/l_total,0.045297861099243164
1788166570.0189745,102560,11,LR,0.00047960449073189616
1788166589.3639526,102600,11,Loss/l_ce,0.05825471878051758
1788166589.3642056,102600,11,Loss/l_total,0.05825471878051758
1788166589.3642316,102600,11,LR,0.00047960449073189616
1788166608.7593434,102640,11,Loss/l_ce,0.012141942977905273
1788166608.7595716,102640,11,Loss/l_total,0.012141942977905273
1788166608.7596035,102640,11,LR,0.00047960449073189616
1788166628.938426,102680,11,Loss/l_ce,0.01619410514831543
1788166628.9392276,102680,11,Loss/l_total,0.01619410514831543
1788166628.939268,102680,11,LR,0.00047960449073189616
1788166647.9056113,102720,11,Loss/l_ce,0.02362346649169922
1788166647.9061148,102720,11,Loss/l_total,0.02362346649169922
1788166647.9061432,102720,11,LR,0.00047960449073189616
1788166667.707267,102760,11,Loss/l_ce,0.009409427642822266
1788166667.7075543,102760,11,Loss/l_total,0.009409427642822266
1788166667.7075803,102760,11,LR,0.00047960449073189616
1788166686.4656696,102800,11,Loss/l_ce,0.04579615592956543
1788166686.4659662,102800,11,Loss/l_total,0.04579615592956543
1788166686.4659889,102800,11,LR,0.00047960449073189616
1788166706.1944275,102840,11,Loss/l_ce,0.01979994773864746
1788166706.1947775,102840,11,Loss/l_total,0.01979994773864746
1788166706.1948109,102840,11,LR,0.00047960449073189616
1788166725.8529613,102880,11,Loss/l_ce,0.04994916915893555
1788166725.8532915,102880,11,Loss/l_total,0.04994916915893555
1788166725.8533223,102880,11,LR,0.00047960449073189616
1788166744.3689227,102920,11,Loss/l_ce,0.02532172203063965
1788166744.3692563,102920,11,Loss/l_total,0.02532172203063965
1788166744.3692822,102920,11,LR,0.00047960449073189616
1788166762.0921159,102960,11,Loss/l_ce,0.05674552917480469
1788166762.0927417,102960,11,Loss/l_total,0.05674552917480469
1788166762.0927713,102960,11,LR,0.00047960449073189616
1788166777.8770027,103000,11,Loss/l_ce,0.06075882911682129
1788166777.8772962,103000,11,Loss/l_total,0.06075882911682129
1788166777.8773222,103000,11,LR,0.00047960449073189616
1788166793.0375824,103040,11,Loss/l_ce,0.14968252182006836
1788166793.0380003,103040,11,Loss/l_total,0.14968252182006836
1788166793.0380526,103040,11,LR,0.00047960449073189616
1788166808.059867,103080,11,Loss/l_ce,0.034415245056152344
1788166808.0601969,103080,11,Loss/l_total,0.034415245056152344
1788166808.0602255,103080,11,LR,0.00047960449073189616
1788166823.0711296,103120,11,Loss/l_ce,0.011197090148925781
1788166823.0713506,103120,11,Loss/l_total,0.011197090148925781
1788166823.0713744,103120,11,LR,0.00047960449073189616
1788166838.126225,103160,11,Loss/l_ce,0.025237083435058594
1788166838.1264067,103160,11,Loss/l_total,0.025237083435058594
1788166838.1264327,103160,11,LR,0.00047960449073189616
1788166852.643029,103200,11,Loss/l_ce,0.023619651794433594
1788166852.6433055,103200,11,Loss/l_total,0.023619651794433594
1788166852.6433306,103200,11,LR,0.00047960449073189616
1788166867.4443681,103240,11,Loss/l_ce,0.09148454666137695
1788166867.444538,103240,11,Loss/l_total,0.09148454666137695
1788166867.4445643,103240,11,LR,0.00047960449073189616
1788166882.3487813,103280,11,Loss/l_ce,0.14016222953796387
1788166882.3489938,103280,11,Loss/l_total,0.14016222953796387
1788166882.3490212,103280,11,LR,0.00047960449073189616
1788166897.167156,103320,11,Loss/l_ce,0.024939775466918945
1788166897.1673186,103320,11,Loss/l_total,0.024939775466918945
1788166897.1673434,103320,11,LR,0.00047960449073189616
1788166912.1509347,103360,11,Loss/l_ce,0.007342338562011719
1788166912.1511476,103360,11,Loss/l_total,0.007342338562011719
1788166912.1511724,103360,11,LR,0.00047960449073189616
1788166926.976971,103400,11,Loss/l_ce,0.049239158630371094
1788166926.9771776,103400,11,Loss/l_total,0.049239158630371094
1788166926.9772024,103400,11,LR,0.00047960449073189616
1788166941.5793278,103440,11,Loss/l_ce,0.026726961135864258
1788166941.579634,103440,11,Loss/l_total,0.026726961135864258
1788166941.57966,103440,11,LR,0.00047960449073189616
1788166956.439655,103480,11,Loss/l_ce,0.06871557235717773
1788166956.4400778,103480,11,Loss/l_total,0.06871557235717773
1788166956.4401052,103480,11,LR,0.00047960449073189616
1788166971.2045336,103520,11,Loss/l_ce,0.02447366714477539
1788166971.2047305,103520,11,Loss/l_total,0.02447366714477539
1788166971.2047615,103520,11,LR,0.00047960449073189616
1788166985.8235064,103560,11,Loss/l_ce,0.13783836364746094
1788166985.8237722,103560,11,Loss/l_total,0.13783836364746094
1788166985.8237996,103560,11,LR,0.00047960449073189616
1788167000.523429,103600,11,Loss/l_ce,0.14036154747009277
1788167000.5237162,103600,11,Loss/l_total,0.14036154747009277
1788167000.5237422,103600,11,LR,0.00047960449073189616
1788167015.224787,103640,11,Loss/l_ce,0.03294801712036133
1788167015.2250931,103640,11,Loss/l_total,0.03294801712036133
1788167015.225119,103640,11,LR,0.00047960449073189616
1788167029.7421865,103680,11,Loss/l_ce,0.01871776580810547
1788167029.7424607,103680,11,Loss/l_total,0.01871776580810547
1788167029.7424846,103680,11,LR,0.00047960449073189616
1788167044.6251826,103720,11,Loss/l_ce,0.028239965438842773
1788167044.6253917,103720,11,Loss/l_total,0.028239965438842773
1788167044.625419,103720,11,LR,0.00047960449073189616
1788167060.1505177,103760,11,Loss/l_ce,0.042780160903930664
1788167060.1508253,103760,11,Loss/l_total,0.042780160903930664
1788167060.150849,103760,11,LR,0.00047960449073189616
1788167075.0273545,103800,11,Loss/l_ce,0.08222675323486328
1788167075.0276668,103800,11,Loss/l_total,0.08222675323486328
1788167075.027694,103800,11,LR,0.00047960449073189616
1788167089.6210685,103840,11,Loss/l_ce,0.11895465850830078
1788167089.621376,103840,11,Loss/l_total,0.11895465850830078
1788167089.6214008,103840,11,LR,0.00047960449073189616
1788167104.1938314,103880,11,Loss/l_ce,0.05801033973693848
1788167104.1940784,103880,11,Loss/l_total,0.05801033973693848
1788167104.1941047,103880,11,LR,0.00047960449073189616
1788167118.5764525,103920,11,Loss/l_ce,0.023975372314453125
1788167118.5767946,103920,11,Loss/l_total,0.023975372314453125
1788167118.5772138,103920,11,LR,0.00047960449073189616
1788167133.4159691,103960,11,Loss/l_ce,0.01386880874633789
1788167133.4162717,103960,11,Loss/l_total,0.01386880874633789
1788167133.4163003,103960,11,LR,0.00047960449073189616
1788167147.9793096,104000,11,Loss/l_ce,0.05441617965698242
1788167147.9794614,104000,11,Loss/l_total,0.05441617965698242
1788167147.979484,104000,11,LR,0.00047960449073189616
1788167162.4837105,104040,11,Loss/l_ce,0.05484437942504883
1788167162.483929,104040,11,Loss/l_total,0.05484437942504883
1788167162.4839525,104040,11,LR,0.00047960449073189616
1788167176.91365,104080,11,Loss/l_ce,0.02127361297607422
1788167176.913822,104080,11,Loss/l_total,0.02127361297607422
1788167176.9138448,104080,11,LR,0.00047960449073189616
1788167191.4984403,104120,11,Loss/l_ce,0.020659923553466797
1788167191.4986787,104120,11,Loss/l_total,0.020659923553466797
1788167191.498706,104120,11,LR,0.00047960449073189616
1788167206.0150807,104160,11,Loss/l_ce,0.03056788444519043
1788167206.0152895,104160,11,Loss/l_total,0.03056788444519043
1788167206.0153193,104160,11,LR,0.00047960449073189616
1788167220.7894473,104200,11,Loss/l_ce,0.03621697425842285
1788167220.789616,104200,11,Loss/l_total,0.03621697425842285
1788167220.789641,104200,11,LR,0.00047960449073189616
1788167235.244977,104240,11,Loss/l_ce,0.035703420639038086
1788167235.245238,104240,11,Loss/l_total,0.035703420639038086
1788167235.2452629,104240,11,LR,0.00047960449073189616
1788167249.9652565,104280,11,Loss/l_ce,0.029572010040283203
1788167249.9654343,104280,11,Loss/l_total,0.029572010040283203
1788167249.9654546,104280,11,LR,0.00047960449073189616
1788167264.6067328,104320,11,Loss/l_ce,0.004821300506591797
1788167264.607007,104320,11,Loss/l_total,0.004821300506591797
1788167264.6070497,104320,11,LR,0.00047960449073189616
1788167279.0508032,104360,11,Loss/l_ce,0.04019355773925781
1788167279.050972,104360,11,Loss/l_total,0.04019355773925781
1788167279.0509958,104360,11,LR,0.00047960449073189616
1788167293.60647,104400,11,Loss/l_ce,0.04758334159851074
1788167293.6066685,104400,11,Loss/l_total,0.04758334159851074
1788167293.6066923,104400,11,LR,0.00047960449073189616
1788167341.5364208,104424,11,Val/dense_error,0.02933821827173233
1788167341.536764,104424,11,Val/auc,0.73540268455316
1788167341.536795,104424,11,Val/pck_max,0.1
1788167341.5368187,104424,11,Val/pck_n,100.0
1788167350.494588,104440,12,Loss/l_ce,0.019933223724365234
1788167350.4947824,104440,12,Loss/l_total,0.019933223724365234
1788167350.4948063,104440,12,LR,0.0004109423525312736
1788167365.0905836,104480,12,Loss/l_ce,0.015485763549804688
1788167365.0907843,104480,12,Loss/l_total,0.015485763549804688
1788167365.0908115,104480,12,LR,0.0004109423525312736
1788167379.5825946,104520,12,Loss/l_ce,0.021880388259887695
1788167379.5827596,104520,12,Loss/l_total,0.021880388259887695
1788167379.5827835,104520,12,LR,0.0004109423525312736
1788167393.9722621,104560,12,Loss/l_ce,0.014886856079101562
1788167393.9724426,104560,12,Loss/l_total,0.014886856079101562
1788167393.9724665,104560,12,LR,0.0004109423525312736
1788167408.610624,104600,12,Loss/l_ce,0.016840219497680664
1788167408.6108067,104600,12,Loss/l_total,0.016840219497680664
1788167408.6108341,104600,12,LR,0.0004109423525312736
1788167423.1697636,104640,12,Loss/l_ce,0.021327733993530273
1788167423.1699288,104640,12,Loss/l_total,0.021327733993530273
1788167423.1699548,104640,12,LR,0.0004109423525312736
1788167437.831944,104680,12,Loss/l_ce,0.06401228904724121
1788167437.832229,104680,12,Loss/l_total,0.06401228904724121
1788167437.832256,104680,12,LR,0.0004109423525312736
1788167452.3156688,104720,12,Loss/l_ce,0.03525352478027344
1788167452.315823,104720,12,Loss/l_total,0.03525352478027344
1788167452.315847,104720,12,LR,0.0004109423525312736
1788167466.961215,104760,12,Loss/l_ce,0.034088134765625
1788167466.9614549,104760,12,Loss/l_total,0.034088134765625
1788167466.9614823,104760,12,LR,0.0004109423525312736
1788167481.6134443,104800,12,Loss/l_ce,0.12337398529052734
1788167481.613669,104800,12,Loss/l_total,0.12337398529052734
1788167481.6136937,104800,12,LR,0.0004109423525312736
1788167496.1739008,104840,12,Loss/l_ce,0.024711132049560547
1788167496.1742227,104840,12,Loss/l_total,0.024711132049560547
1788167496.1742532,104840,12,LR,0.0004109423525312736
1788167510.8766057,104880,12,Loss/l_ce,0.10091662406921387
1788167510.8768218,104880,12,Loss/l_total,0.10091662406921387
1788167510.876848,104880,12,LR,0.0004109423525312736
1788167525.602977,104920,12,Loss/l_ce,0.036069393157958984
1788167525.6033282,104920,12,Loss/l_total,0.036069393157958984
1788167525.6033545,104920,12,LR,0.0004109423525312736
1788167540.2864368,104960,12,Loss/l_ce,0.017281293869018555
1788167540.2867491,104960,12,Loss/l_total,0.017281293869018555
1788167540.2867742,104960,12,LR,0.0004109423525312736
1788167554.9475389,105000,12,Loss/l_ce,0.021491527557373047
1788167554.9478273,105000,12,Loss/l_total,0.021491527557373047
1788167554.9478526,105000,12,LR,0.0004109423525312736
1788167569.469762,105040,12,Loss/l_ce,0.049549102783203125
1788167569.4699318,105040,12,Loss/l_total,0.049549102783203125
1788167569.4699543,105040,12,LR,0.0004109423525312736
1788167584.1035385,105080,12,Loss/l_ce,0.0188748836517334
1788167584.1037319,105080,12,Loss/l_total,0.0188748836517334
1788167584.103757,105080,12,LR,0.0004109423525312736
1788167598.7932243,105120,12,Loss/l_ce,0.0185091495513916
1788167598.7934358,105120,12,Loss/l_total,0.0185091495513916
1788167598.7934823,105120,12,LR,0.0004109423525312736
1788167613.638159,105160,12,Loss/l_ce,0.1476750373840332
1788167613.6384392,105160,12,Loss/l_total,0.1476750373840332
1788167613.638462,105160,12,LR,0.0004109423525312736
1788167628.1585453,105200,12,Loss/l_ce,0.05611371994018555
1788167628.158753,105200,12,Loss/l_total,0.05611371994018555
1788167628.1587744,105200,12,LR,0.0004109423525312736
1788167642.9301097,105240,12,Loss/l_ce,0.04059314727783203
1788167642.9304266,105240,12,Loss/l_total,0.04059314727783203
1788167642.9304514,105240,12,LR,0.0004109423525312736
1788167661.0911875,105280,12,Loss/l_ce,0.09651947021484375
1788167661.091513,105280,12,Loss/l_total,0.09651947021484375
1788167661.0915365,105280,12,LR,0.0004109423525312736
1788167676.3177645,105320,12,Loss/l_ce,0.012436151504516602
1788167676.3180676,105320,12,Loss/l_total,0.012436151504516602
1788167676.3180935,105320,12,LR,0.0004109423525312736
1788167691.3709126,105360,12,Loss/l_ce,0.03195810317993164
1788167691.37134,105360,12,Loss/l_total,0.03195810317993164
1788167691.3713675,105360,12,LR,0.0004109423525312736
1788167705.8125963,105400,12,Loss/l_ce,0.02216196060180664
1788167705.8129215,105400,12,Loss/l_total,0.02216196060180664
1788167705.8129463,105400,12,LR,0.0004109423525312736
1788167720.3324018,105440,12,Loss/l_ce,0.01786971092224121
1788167720.3327355,105440,12,Loss/l_total,0.01786971092224121
1788167720.332765,105440,12,LR,0.0004109423525312736
1788167734.918069,105480,12,Loss/l_ce,0.10225129127502441
1788167734.9183514,105480,12,Loss/l_total,0.10225129127502441
1788167734.9183753,105480,12,LR,0.0004109423525312736
1788167749.5855942,105520,12,Loss/l_ce,0.015520334243774414
1788167749.5858529,105520,12,Loss/l_total,0.015520334243774414
1788167749.5858803,105520,12,LR,0.0004109423525312736
1788167764.1580136,105560,12,Loss/l_ce,0.03417515754699707
1788167764.1582952,105560,12,Loss/l_total,0.03417515754699707
1788167764.1583176,105560,12,LR,0.0004109423525312736
1788167778.9005225,105600,12,Loss/l_ce,0.024239301681518555
1788167778.900735,105600,12,Loss/l_total,0.024239301681518555
1788167778.9007602,105600,12,LR,0.0004109423525312736
1788167793.391965,105640,12,Loss/l_ce,0.015077590942382812
1788167793.392339,105640,12,Loss/l_total,0.015077590942382812
1788167793.392365,105640,12,LR,0.0004109423525312736
1788167807.946232,105680,12,Loss/l_ce,0.10512685775756836
1788167807.946441,105680,12,Loss/l_total,0.10512685775756836
1788167807.9464648,105680,12,LR,0.0004109423525312736
1788167822.3724256,105720,12,Loss/l_ce,0.019720077514648438
1788167822.3727117,105720,12,Loss/l_total,0.019720077514648438
1788167822.372738,105720,12,LR,0.0004109423525312736
1788167836.72944,105760,12,Loss/l_ce,0.015243291854858398
1788167836.7296786,105760,12,Loss/l_total,0.015243291854858398
1788167836.7297046,105760,12,LR,0.0004109423525312736
1788167851.2443626,105800,12,Loss/l_ce,0.14338350296020508
1788167851.244569,105800,12,Loss/l_total,0.14338350296020508
1788167851.2445905,105800,12,LR,0.0004109423525312736
1788167866.0817213,105840,12,Loss/l_ce,0.021173477172851562
1788167866.0819743,105840,12,Loss/l_total,0.021173477172851562
1788167866.0820014,105840,12,LR,0.0004109423525312736
1788167880.579921,105880,12,Loss/l_ce,0.09875202178955078
1788167880.5801322,105880,12,Loss/l_total,0.09875202178955078
1788167880.5801585,105880,12,LR,0.0004109423525312736
1788167895.4597313,105920,12,Loss/l_ce,0.09727716445922852
1788167895.4599462,105920,12,Loss/l_total,0.09727716445922852
1788167895.45997,105920,12,LR,0.0004109423525312736
1788167910.0317628,105960,12,Loss/l_ce,0.0593721866607666
1788167910.0320623,105960,12,Loss/l_total,0.0593721866607666
1788167910.0320883,105960,12,LR,0.0004109423525312736
1788167924.6896634,106000,12,Loss/l_ce,0.08737611770629883
1788167924.6898868,106000,12,Loss/l_total,0.08737611770629883
1788167924.6899116,106000,12,LR,0.0004109423525312736
1788167939.3735251,106040,12,Loss/l_ce,0.08250045776367188
1788167939.3738387,106040,12,Loss/l_total,0.08250045776367188
1788167939.373892,106040,12,LR,0.0004109423525312736
1788167953.9180012,106080,12,Loss/l_ce,0.12439990043640137
1788167953.9182384,106080,12,Loss/l_total,0.12439990043640137
1788167953.918261,106080,12,LR,0.0004109423525312736
1788167968.8431084,106120,12,Loss/l_ce,0.02237534523010254
1788167968.8432925,106120,12,Loss/l_total,0.02237534523010254
1788167968.843315,106120,12,LR,0.0004109423525312736
1788167983.881682,106160,12,Loss/l_ce,0.13831424713134766
1788167983.8819063,106160,12,Loss/l_total,0.13831424713134766
1788167983.8819313,106160,12,LR,0.0004109423525312736
1788167998.732715,106200,12,Loss/l_ce,0.03185439109802246
1788167998.73295,106200,12,Loss/l_total,0.03185439109802246
1788167998.732975,106200,12,LR,0.0004109423525312736
1788168013.3476236,106240,12,Loss/l_ce,0.0982961654663086
1788168013.3478434,106240,12,Loss/l_total,0.0982961654663086
1788168013.3478703,106240,12,LR,0.0004109423525312736
1788168027.8030748,106280,12,Loss/l_ce,0.03040480613708496
1788168027.8033218,106280,12,Loss/l_total,0.03040480613708496
1788168027.8033469,106280,12,LR,0.0004109423525312736
1788168042.4783967,106320,12,Loss/l_ce,0.02050638198852539
1788168042.4786305,106320,12,Loss/l_total,0.02050638198852539
1788168042.4786532,106320,12,LR,0.0004109423525312736
1788168056.7831864,106360,12,Loss/l_ce,0.038810014724731445
1788168056.7833502,106360,12,Loss/l_total,0.038810014724731445
1788168056.7833714,106360,12,LR,0.0004109423525312736
1788168071.384198,106400,12,Loss/l_ce,0.01677846908569336
1788168071.3845646,106400,12,Loss/l_total,0.01677846908569336
1788168071.3845944,106400,12,LR,0.0004109423525312736
1788168086.1278996,106440,12,Loss/l_ce,0.01771688461303711
1788168086.1281369,106440,12,Loss/l_total,0.01771688461303711
1788168086.1281667,106440,12,LR,0.0004109423525312736
1788168100.9456935,106480,12,Loss/l_ce,0.10900664329528809
1788168100.9458704,106480,12,Loss/l_total,0.10900664329528809
1788168100.9458952,106480,12,LR,0.0004109423525312736
1788168115.6337695,106520,12,Loss/l_ce,0.02358531951904297
1788168115.633988,106520,12,Loss/l_total,0.02358531951904297
1788168115.6340153,106520,12,LR,0.0004109423525312736
1788168130.085373,106560,12,Loss/l_ce,0.0677039623260498
1788168130.0856602,106560,12,Loss/l_total,0.0677039623260498
1788168130.085684,106560,12,LR,0.0004109423525312736
1788168144.815574,106600,12,Loss/l_ce,0.08001923561096191
1788168144.815764,106600,12,Loss/l_total,0.08001923561096191
1788168144.8157878,106600,12,LR,0.0004109423525312736
1788168159.3959837,106640,12,Loss/l_ce,0.025482654571533203
1788168159.3962674,106640,12,Loss/l_total,0.025482654571533203
1788168159.3962936,106640,12,LR,0.0004109423525312736
1788168173.7743692,106680,12,Loss/l_ce,0.027350425720214844
1788168173.7745817,106680,12,Loss/l_total,0.027350425720214844
1788168173.7746067,106680,12,LR,0.0004109423525312736
1788168188.2405314,106720,12,Loss/l_ce,0.04185175895690918
1788168188.2406952,106720,12,Loss/l_total,0.04185175895690918
1788168188.2407188,106720,12,LR,0.0004109423525312736
1788168202.7203393,106760,12,Loss/l_ce,0.07676935195922852
1788168202.7205956,106760,12,Loss/l_total,0.07676935195922852
1788168202.7206192,106760,12,LR,0.0004109423525312736
1788168217.3095183,106800,12,Loss/l_ce,0.013391971588134766
1788168217.3097618,106800,12,Loss/l_total,0.013391971588134766
1788168217.3097844,106800,12,LR,0.0004109423525312736
1788168231.9985585,106840,12,Loss/l_ce,0.02851390838623047
1788168231.9987757,106840,12,Loss/l_total,0.02851390838623047
1788168231.9987984,106840,12,LR,0.0004109423525312736
1788168246.830725,106880,12,Loss/l_ce,0.08980679512023926
1788168246.8310666,106880,12,Loss/l_total,0.08980679512023926
1788168246.8311,106880,12,LR,0.0004109423525312736
1788168261.5612738,106920,12,Loss/l_ce,0.029201745986938477
1788168261.5614593,106920,12,Loss/l_total,0.029201745986938477
1788168261.5614817,106920,12,LR,0.0004109423525312736
1788168275.8733573,106960,12,Loss/l_ce,0.02977299690246582
1788168275.8735485,106960,12,Loss/l_total,0.02977299690246582
1788168275.8735723,106960,12,LR,0.0004109423525312736
1788168290.5697982,107000,12,Loss/l_ce,0.0231170654296875
1788168290.5699844,107000,12,Loss/l_total,0.0231170654296875
1788168290.5700083,107000,12,LR,0.0004109423525312736
1788168305.232922,107040,12,Loss/l_ce,0.06764554977416992
1788168305.2331774,107040,12,Loss/l_total,0.06764554977416992
1788168305.2332058,107040,12,LR,0.0004109423525312736
1788168319.9160032,107080,12,Loss/l_ce,0.015472173690795898
1788168319.9162738,107080,12,Loss/l_total,0.015472173690795898
1788168319.9163036,107080,12,LR,0.0004109423525312736
1788168334.6642196,107120,12,Loss/l_ce,0.09733176231384277
1788168334.664482,107120,12,Loss/l_total,0.09733176231384277
1788168334.664506,107120,12,LR,0.0004109423525312736
1788168349.266009,107160,12,Loss/l_ce,0.11974954605102539
1788168349.266212,107160,12,Loss/l_total,0.11974954605102539
1788168349.2662382,107160,12,LR,0.0004109423525312736
1788168363.7223313,107200,12,Loss/l_ce,0.019680023193359375
1788168363.722538,107200,12,Loss/l_total,0.019680023193359375
1788168363.7225628,107200,12,LR,0.0004109423525312736
1788168378.463634,107240,12,Loss/l_ce,0.018822193145751953
1788168378.4639308,107240,12,Loss/l_total,0.018822193145751953
1788168378.4639544,107240,12,LR,0.0004109423525312736
1788168393.3645222,107280,12,Loss/l_ce,0.03459310531616211
1788168393.3648121,107280,12,Loss/l_total,0.03459310531616211
1788168393.3648427,107280,12,LR,0.0004109423525312736
1788168408.2645829,107320,12,Loss/l_ce,0.04628348350524902
1788168408.2649074,107320,12,Loss/l_total,0.04628348350524902
1788168408.2649333,107320,12,LR,0.0004109423525312736
1788168422.713182,107360,12,Loss/l_ce,0.018114566802978516
1788168422.7135167,107360,12,Loss/l_total,0.018114566802978516
1788168422.713543,107360,12,LR,0.0004109423525312736
1788168437.5285575,107400,12,Loss/l_ce,0.058605194091796875
1788168437.528832,107400,12,Loss/l_total,0.058605194091796875
1788168437.5288568,107400,12,LR,0.0004109423525312736
1788168452.0984662,107440,12,Loss/l_ce,0.03896808624267578
1788168452.0986953,107440,12,Loss/l_total,0.03896808624267578
1788168452.098719,107440,12,LR,0.0004109423525312736
1788168466.6887221,107480,12,Loss/l_ce,0.03807997703552246
1788168466.6889882,107480,12,Loss/l_total,0.03807997703552246
1788168466.689012,107480,12,LR,0.0004109423525312736
1788168481.277884,107520,12,Loss/l_ce,0.010156631469726562
1788168481.2781167,107520,12,Loss/l_total,0.010156631469726562
1788168481.2781415,107520,12,LR,0.0004109423525312736
1788168495.8485045,107560,12,Loss/l_ce,0.11289453506469727
1788168495.8487895,107560,12,Loss/l_total,0.11289453506469727
1788168495.8488123,107560,12,LR,0.0004109423525312736
1788168510.2873487,107600,12,Loss/l_ce,0.052300214767456055
1788168510.2876337,107600,12,Loss/l_total,0.052300214767456055
1788168510.2876587,107600,12,LR,0.0004109423525312736
1788168525.0899765,107640,12,Loss/l_ce,0.031743526458740234
1788168525.0902877,107640,12,Loss/l_total,0.031743526458740234
1788168525.0903187,107640,12,LR,0.0004109423525312736
1788168539.570458,107680,12,Loss/l_ce,0.06577157974243164
1788168539.5706563,107680,12,Loss/l_total,0.06577157974243164
1788168539.5706801,107680,12,LR,0.0004109423525312736
1788168554.0377579,107720,12,Loss/l_ce,0.012843847274780273
1788168554.0380538,107720,12,Loss/l_total,0.012843847274780273
1788168554.0380797,107720,12,LR,0.0004109423525312736
1788168568.5754504,107760,12,Loss/l_ce,0.027790069580078125
1788168568.5756724,107760,12,Loss/l_total,0.027790069580078125
1788168568.575695,107760,12,LR,0.0004109423525312736
1788168583.1542885,107800,12,Loss/l_ce,0.015706539154052734
1788168583.154558,107800,12,Loss/l_total,0.015706539154052734
1788168583.1545818,107800,12,LR,0.0004109423525312736
1788168597.7732108,107840,12,Loss/l_ce,0.02442646026611328
1788168597.7733877,107840,12,Loss/l_total,0.02442646026611328
1788168597.7734094,107840,12,LR,0.0004109423525312736
1788168612.367104,107880,12,Loss/l_ce,0.018281936645507812
1788168612.3673973,107880,12,Loss/l_total,0.018281936645507812
1788168612.3674235,107880,12,LR,0.0004109423525312736
1788168626.7188127,107920,12,Loss/l_ce,0.03794550895690918
1788168626.7189846,107920,12,Loss/l_total,0.03794550895690918
1788168626.7190049,107920,12,LR,0.0004109423525312736
1788168641.2976758,107960,12,Loss/l_ce,0.03323101997375488
1788168641.2979121,107960,12,Loss/l_total,0.03323101997375488
1788168641.297938,107960,12,LR,0.0004109423525312736
1788168656.0138128,108000,12,Loss/l_ce,0.055603981018066406
1788168656.0141869,108000,12,Loss/l_total,0.055603981018066406
1788168656.014214,108000,12,LR,0.0004109423525312736
1788168670.6408896,108040,12,Loss/l_ce,0.05370521545410156
1788168670.641133,108040,12,Loss/l_total,0.05370521545410156
1788168670.6411602,108040,12,LR,0.0004109423525312736
1788168685.1713872,108080,12,Loss/l_ce,0.014912128448486328
1788168685.1717288,108080,12,Loss/l_total,0.014912128448486328
1788168685.1717527,108080,12,LR,0.0004109423525312736
1788168699.8544853,108120,12,Loss/l_ce,0.015301704406738281
1788168699.8548331,108120,12,Loss/l_total,0.015301704406738281
1788168699.854858,108120,12,LR,0.0004109423525312736
1788168714.5002835,108160,12,Loss/l_ce,0.06131696701049805
1788168714.5005944,108160,12,Loss/l_total,0.06131696701049805
1788168714.5006182,108160,12,LR,0.0004109423525312736
1788168729.0063746,108200,12,Loss/l_ce,0.029838085174560547
1788168729.0067167,108200,12,Loss/l_total,0.029838085174560547
1788168729.0067427,108200,12,LR,0.0004109423525312736
1788168744.0006382,108240,12,Loss/l_ce,0.06339240074157715
1788168744.000877,108240,12,Loss/l_total,0.06339240074157715
1788168744.0009005,108240,12,LR,0.0004109423525312736
1788168758.5681198,108280,12,Loss/l_ce,0.03840923309326172
1788168758.5684738,108280,12,Loss/l_total,0.03840923309326172
1788168758.5685046,108280,12,LR,0.0004109423525312736
1788168773.2242641,108320,12,Loss/l_ce,0.13053274154663086
1788168773.2245955,108320,12,Loss/l_total,0.13053274154663086
1788168773.2246275,108320,12,LR,0.0004109423525312736
1788168788.0405614,108360,12,Loss/l_ce,0.021579265594482422
1788168788.040881,108360,12,Loss/l_total,0.021579265594482422
1788168788.0409129,108360,12,LR,0.0004109423525312736
1788168802.9238138,108400,12,Loss/l_ce,0.022362232208251953
1788168802.9240232,108400,12,Loss/l_total,0.022362232208251953
1788168802.9240825,108400,12,LR,0.0004109423525312736
1788168817.6286469,108440,12,Loss/l_ce,0.01863837242126465
1788168817.6289103,108440,12,Loss/l_total,0.01863837242126465
1788168817.6289341,108440,12,LR,0.0004109423525312736
1788168833.2602363,108480,12,Loss/l_ce,0.020891189575195312
1788168833.2605972,108480,12,Loss/l_total,0.020891189575195312
1788168833.260627,108480,12,LR,0.0004109423525312736
1788168848.5496137,108520,12,Loss/l_ce,0.16191959381103516
1788168848.5498834,108520,12,Loss/l_total,0.16191959381103516
1788168848.5499141,108520,12,LR,0.0004109423525312736
1788168863.050779,108560,12,Loss/l_ce,0.016442298889160156
1788168863.0511365,108560,12,Loss/l_total,0.016442298889160156
1788168863.051164,108560,12,LR,0.0004109423525312736
1788168877.8752463,108600,12,Loss/l_ce,0.022631168365478516
1788168877.875504,108600,12,Loss/l_total,0.022631168365478516
1788168877.8755348,108600,12,LR,0.0004109423525312736
1788168892.5269253,108640,12,Loss/l_ce,0.02447795867919922
1788168892.5272706,108640,12,Loss/l_total,0.02447795867919922
1788168892.527298,108640,12,LR,0.0004109423525312736
1788168907.2637985,108680,12,Loss/l_ce,0.13197612762451172
1788168907.2641547,108680,12,Loss/l_total,0.13197612762451172
1788168907.2641807,108680,12,LR,0.0004109423525312736
1788168921.8478596,108720,12,Loss/l_ce,0.03444027900695801
1788168921.8481982,108720,12,Loss/l_total,0.03444027900695801
1788168921.8482277,108720,12,LR,0.0004109423525312736
1788168936.6809812,108760,12,Loss/l_ce,0.020621299743652344
1788168936.6813195,108760,12,Loss/l_total,0.020621299743652344
1788168936.681347,108760,12,LR,0.0004109423525312736
1788168951.700566,108800,12,Loss/l_ce,0.01392817497253418
1788168951.7007465,108800,12,Loss/l_total,0.01392817497253418
1788168951.7007716,108800,12,LR,0.0004109423525312736
1788168966.3386183,108840,12,Loss/l_ce,0.013396501541137695
1788168966.3388474,108840,12,Loss/l_total,0.013396501541137695
1788168966.33887,108840,12,LR,0.0004109423525312736
1788168980.8125284,108880,12,Loss/l_ce,0.10286760330200195
1788168980.8127315,108880,12,Loss/l_total,0.10286760330200195
1788168980.812761,108880,12,LR,0.0004109423525312736
1788168995.405708,108920,12,Loss/l_ce,0.02946329116821289
1788168995.4058836,108920,12,Loss/l_total,0.02946329116821289
1788168995.4059086,108920,12,LR,0.0004109423525312736
1788169009.8597662,108960,12,Loss/l_ce,0.02319025993347168
1788169009.8599408,108960,12,Loss/l_total,0.02319025993347168
1788169009.8599646,108960,12,LR,0.0004109423525312736
1788169024.0184708,109000,12,Loss/l_ce,0.03396749496459961
1788169024.0186107,109000,12,Loss/l_total,0.03396749496459961
1788169024.0186367,109000,12,LR,0.0004109423525312736
1788169038.5572248,109040,12,Loss/l_ce,0.01739788055419922
1788169038.557391,109040,12,Loss/l_total,0.01739788055419922
1788169038.5574124,109040,12,LR,0.0004109423525312736
1788169053.563753,109080,12,Loss/l_ce,0.008821487426757812
1788169053.5639536,109080,12,Loss/l_total,0.008821487426757812
1788169053.5639856,109080,12,LR,0.0004109423525312736
1788169068.8391206,109120,12,Loss/l_ce,0.06015348434448242
1788169068.8393083,109120,12,Loss/l_total,0.06015348434448242
1788169068.839333,109120,12,LR,0.0004109423525312736
1788169083.4313803,109160,12,Loss/l_ce,0.02564096450805664
1788169083.4316747,109160,12,Loss/l_total,0.02564096450805664
1788169083.4316995,109160,12,LR,0.0004109423525312736
1788169097.8027198,109200,12,Loss/l_ce,0.034150123596191406
1788169097.8029702,109200,12,Loss/l_total,0.034150123596191406
1788169097.8029952,109200,12,LR,0.0004109423525312736
1788169112.35636,109240,12,Loss/l_ce,0.02176690101623535
1788169112.356512,109240,12,Loss/l_total,0.02176690101623535
1788169112.3565369,109240,12,LR,0.0004109423525312736
1788169126.8861997,109280,12,Loss/l_ce,0.013370752334594727
1788169126.8864338,109280,12,Loss/l_total,0.013370752334594727
1788169126.8864613,109280,12,LR,0.0004109423525312736
1788169141.3347113,109320,12,Loss/l_ce,0.05492687225341797
1788169141.3349357,109320,12,Loss/l_total,0.05492687225341797
1788169141.334958,109320,12,LR,0.0004109423525312736
1788169155.981053,109360,12,Loss/l_ce,0.04723620414733887
1788169155.9812694,109360,12,Loss/l_total,0.04723620414733887
1788169155.981293,109360,12,LR,0.0004109423525312736
1788169170.5608046,109400,12,Loss/l_ce,0.019728660583496094
1788169170.5609639,109400,12,Loss/l_total,0.019728660583496094
1788169170.5609863,109400,12,LR,0.0004109423525312736
1788169185.1547859,109440,12,Loss/l_ce,0.018856287002563477
1788169185.1549628,109440,12,Loss/l_total,0.018856287002563477
1788169185.1549852,109440,12,LR,0.0004109423525312736
1788169199.9417038,109480,12,Loss/l_ce,0.015475034713745117
1788169199.9418724,109480,12,Loss/l_total,0.015475034713745117
1788169199.9418972,109480,12,LR,0.0004109423525312736
1788169214.6365027,109520,12,Loss/l_ce,0.021708965301513672
1788169214.6366751,109520,12,Loss/l_total,0.021708965301513672
1788169214.6366975,109520,12,LR,0.0004109423525312736
1788169229.3979309,109560,12,Loss/l_ce,0.016186952590942383
1788169229.3982012,109560,12,Loss/l_total,0.016186952590942383
1788169229.3982286,109560,12,LR,0.0004109423525312736
1788169244.0008724,109600,12,Loss/l_ce,0.017472267150878906
1788169244.0010684,109600,12,Loss/l_total,0.017472267150878906
1788169244.0010955,109600,12,LR,0.0004109423525312736
1788169258.4147704,109640,12,Loss/l_ce,0.015768051147460938
1788169258.4149792,109640,12,Loss/l_total,0.015768051147460938
1788169258.4152596,109640,12,LR,0.0004109423525312736
1788169273.139651,109680,12,Loss/l_ce,0.025450944900512695
1788169273.1398077,109680,12,Loss/l_total,0.025450944900512695
1788169273.1398313,109680,12,LR,0.0004109423525312736
1788169287.581446,109720,12,Loss/l_ce,0.016387939453125
1788169287.581625,109720,12,Loss/l_total,0.016387939453125
1788169287.5816512,109720,12,LR,0.0004109423525312736
1788169302.1662478,109760,12,Loss/l_ce,0.04775404930114746
1788169302.1664166,109760,12,Loss/l_total,0.04775404930114746
1788169302.166439,109760,12,LR,0.0004109423525312736
1788169316.524882,109800,12,Loss/l_ce,0.025378704071044922
1788169316.5251067,109800,12,Loss/l_total,0.025378704071044922
1788169316.5251315,109800,12,LR,0.0004109423525312736
1788169331.1636398,109840,12,Loss/l_ce,0.09785175323486328
1788169331.1639485,109840,12,Loss/l_total,0.09785175323486328
1788169331.1639736,109840,12,LR,0.0004109423525312736
1788169345.466799,109880,12,Loss/l_ce,0.019602298736572266
1788169345.467147,109880,12,Loss/l_total,0.019602298736572266
1788169345.467173,109880,12,LR,0.0004109423525312736
1788169360.288779,109920,12,Loss/l_ce,0.02174210548400879
1788169360.28907,109920,12,Loss/l_total,0.02174210548400879
1788169360.2890973,109920,12,LR,0.0004109423525312736
1788169374.6261475,109960,12,Loss/l_ce,0.03120255470275879
1788169374.6264124,109960,12,Loss/l_total,0.03120255470275879
1788169374.6264396,109960,12,LR,0.0004109423525312736
1788169389.4262776,110000,12,Loss/l_ce,0.019111156463623047
1788169389.4265697,110000,12,Loss/l_total,0.019111156463623047
1788169389.426597,110000,12,LR,0.0004109423525312736
1788169404.0091019,110040,12,Loss/l_ce,0.029726028442382812
1788169404.0093226,110040,12,Loss/l_total,0.029726028442382812
1788169404.0093477,110040,12,LR,0.0004109423525312736
1788169418.7918487,110080,12,Loss/l_ce,0.06696581840515137
1788169418.7922335,110080,12,Loss/l_total,0.06696581840515137
1788169418.7922714,110080,12,LR,0.0004109423525312736
1788169433.372024,110120,12,Loss/l_ce,0.04273581504821777
1788169433.3722887,110120,12,Loss/l_total,0.04273581504821777
1788169433.3723114,110120,12,LR,0.0004109423525312736
1788169448.1244202,110160,12,Loss/l_ce,0.11007285118103027
1788169448.1247003,110160,12,Loss/l_total,0.11007285118103027
1788169448.1247275,110160,12,LR,0.0004109423525312736
1788169462.579463,110200,12,Loss/l_ce,0.05973052978515625
1788169462.5797217,110200,12,Loss/l_total,0.05973052978515625
1788169462.5797536,110200,12,LR,0.0004109423525312736
1788169477.327535,110240,12,Loss/l_ce,0.01576852798461914
1788169477.3278198,110240,12,Loss/l_total,0.01576852798461914
1788169477.3278472,110240,12,LR,0.0004109423525312736
1788169491.957193,110280,12,Loss/l_ce,0.007902145385742188
1788169491.9574742,110280,12,Loss/l_total,0.007902145385742188
1788169491.9574971,110280,12,LR,0.0004109423525312736
1788169506.4308527,110320,12,Loss/l_ce,0.03072214126586914
1788169506.4311707,110320,12,Loss/l_total,0.03072214126586914
1788169506.4311993,110320,12,LR,0.0004109423525312736
1788169521.1687422,110360,12,Loss/l_ce,0.020586490631103516
1788169521.1689928,110360,12,Loss/l_total,0.020586490631103516
1788169521.1690176,110360,12,LR,0.0004109423525312736
1788169536.086151,110400,12,Loss/l_ce,0.016468524932861328
1788169536.0864325,110400,12,Loss/l_total,0.016468524932861328
1788169536.0864587,110400,12,LR,0.0004109423525312736
1788169550.973006,110440,12,Loss/l_ce,0.10947585105895996
1788169550.9733753,110440,12,Loss/l_total,0.10947585105895996
1788169550.9734013,110440,12,LR,0.0004109423525312736
1788169566.0984564,110480,12,Loss/l_ce,0.026232004165649414
1788169566.0986319,110480,12,Loss/l_total,0.026232004165649414
1788169566.0986557,110480,12,LR,0.0004109423525312736
1788169580.6781862,110520,12,Loss/l_ce,0.0185391902923584
1788169580.6784818,110520,12,Loss/l_total,0.0185391902923584
1788169580.678508,110520,12,LR,0.0004109423525312736
1788169595.1286566,110560,12,Loss/l_ce,0.013240814208984375
1788169595.1289299,110560,12,Loss/l_total,0.013240814208984375
1788169595.1289537,110560,12,LR,0.0004109423525312736
1788169609.5375042,110600,12,Loss/l_ce,0.03644728660583496
1788169609.5377095,110600,12,Loss/l_total,0.03644728660583496
1788169609.5377333,110600,12,LR,0.0004109423525312736
1788169624.1028302,110640,12,Loss/l_ce,0.03167581558227539
1788169624.1030557,110640,12,Loss/l_total,0.03167581558227539
1788169624.1030853,110640,12,LR,0.0004109423525312736
1788169638.7347548,110680,12,Loss/l_ce,0.06733131408691406
1788169638.7349246,110680,12,Loss/l_total,0.06733131408691406
1788169638.7349484,110680,12,LR,0.0004109423525312736
1788169653.6183991,110720,12,Loss/l_ce,0.06785988807678223
1788169653.6185856,110720,12,Loss/l_total,0.06785988807678223
1788169653.618613,110720,12,LR,0.0004109423525312736
1788169667.789764,110760,12,Loss/l_ce,0.02281475067138672
1788169667.7899303,110760,12,Loss/l_total,0.02281475067138672
1788169667.7899537,110760,12,LR,0.0004109423525312736
1788169682.4139369,110800,12,Loss/l_ce,0.04309844970703125
1788169682.4141445,110800,12,Loss/l_total,0.04309844970703125
1788169682.4141731,110800,12,LR,0.0004109423525312736
1788169697.2376728,110840,12,Loss/l_ce,0.017252683639526367
1788169697.2378805,110840,12,Loss/l_total,0.017252683639526367
1788169697.2379055,110840,12,LR,0.0004109423525312736
1788169711.7489104,110880,12,Loss/l_ce,0.01818561553955078
1788169711.7491038,110880,12,Loss/l_total,0.01818561553955078
1788169711.74913,110880,12,LR,0.0004109423525312736
1788169726.8373327,110920,12,Loss/l_ce,0.11550617218017578
1788169726.837498,110920,12,Loss/l_total,0.11550617218017578
1788169726.8375216,110920,12,LR,0.0004109423525312736
1788169741.530881,110960,12,Loss/l_ce,0.14403676986694336
1788169741.5310674,110960,12,Loss/l_total,0.14403676986694336
1788169741.5310936,110960,12,LR,0.0004109423525312736
1788169755.9654078,111000,12,Loss/l_ce,0.07357621192932129
1788169755.965575,111000,12,Loss/l_total,0.07357621192932129
1788169755.9655988,111000,12,LR,0.0004109423525312736
1788169770.5853033,111040,12,Loss/l_ce,0.04562950134277344
1788169770.585516,111040,12,Loss/l_total,0.04562950134277344
1788169770.5855396,111040,12,LR,0.0004109423525312736
1788169785.2247283,111080,12,Loss/l_ce,0.017048120498657227
1788169785.224897,111080,12,Loss/l_total,0.017048120498657227
1788169785.2249184,111080,12,LR,0.0004109423525312736
1788169799.8434403,111120,12,Loss/l_ce,0.08656072616577148
1788169799.8436673,111120,12,Loss/l_total,0.08656072616577148
1788169799.8436897,111120,12,LR,0.0004109423525312736
1788169814.473551,111160,12,Loss/l_ce,0.05432438850402832
1788169814.4737375,111160,12,Loss/l_total,0.05432438850402832
1788169814.4737613,111160,12,LR,0.0004109423525312736
1788169829.2950146,111200,12,Loss/l_ce,0.03322958946228027
1788169829.2952595,111200,12,Loss/l_total,0.03322958946228027
1788169829.2952914,111200,12,LR,0.0004109423525312736
1788169844.2133882,111240,12,Loss/l_ce,0.05800366401672363
1788169844.213583,111240,12,Loss/l_total,0.05800366401672363
1788169844.213608,111240,12,LR,0.0004109423525312736
1788169858.9862442,111280,12,Loss/l_ce,0.1152200698852539
1788169858.9864056,111280,12,Loss/l_total,0.1152200698852539
1788169858.9864318,111280,12,LR,0.0004109423525312736
1788169873.5493722,111320,12,Loss/l_ce,0.039025068283081055
1788169873.549536,111320,12,Loss/l_total,0.039025068283081055
1788169873.5495634,111320,12,LR,0.0004109423525312736
1788169887.819929,111360,12,Loss/l_ce,0.019271135330200195
1788169887.8201141,111360,12,Loss/l_total,0.019271135330200195
1788169887.8201404,111360,12,LR,0.0004109423525312736
1788169902.466932,111400,12,Loss/l_ce,0.022153854370117188
1788169902.4671218,111400,12,Loss/l_total,0.022153854370117188
1788169902.467149,111400,12,LR,0.0004109423525312736
1788169916.9832833,111440,12,Loss/l_ce,0.06975078582763672
1788169916.983453,111440,12,Loss/l_total,0.06975078582763672
1788169916.9834778,111440,12,LR,0.0004109423525312736
1788169931.6615472,111480,12,Loss/l_ce,0.1422863006591797
1788169931.6617112,111480,12,Loss/l_total,0.1422863006591797
1788169931.661736,111480,12,LR,0.0004109423525312736
1788169946.2141545,111520,12,Loss/l_ce,0.1022191047668457
1788169946.2144086,111520,12,Loss/l_total,0.1022191047668457
1788169946.2144325,111520,12,LR,0.0004109423525312736
1788169960.6980145,111560,12,Loss/l_ce,0.1229405403137207
1788169960.6982625,111560,12,Loss/l_total,0.1229405403137207
1788169960.6982899,111560,12,LR,0.0004109423525312736
1788169975.5275958,111600,12,Loss/l_ce,0.019771337509155273
1788169975.5278997,111600,12,Loss/l_total,0.019771337509155273
1788169975.5279248,111600,12,LR,0.0004109423525312736
1788169990.095162,111640,12,Loss/l_ce,0.017340660095214844
1788169990.0954835,111640,12,Loss/l_total,0.017340660095214844
1788169990.0955074,111640,12,LR,0.0004109423525312736
1788170004.9029999,111680,12,Loss/l_ce,0.02429795265197754
1788170004.903223,111680,12,Loss/l_total,0.02429795265197754
1788170004.9032469,111680,12,LR,0.0004109423525312736
1788170019.5636837,111720,12,Loss/l_ce,0.018037796020507812
1788170019.5640104,111720,12,Loss/l_total,0.018037796020507812
1788170019.5640533,111720,12,LR,0.0004109423525312736
1788170034.0700116,111760,12,Loss/l_ce,0.0397038459777832
1788170034.0703466,111760,12,Loss/l_total,0.0397038459777832
1788170034.070375,111760,12,LR,0.0004109423525312736
1788170048.7746835,111800,12,Loss/l_ce,0.09320950508117676
1788170048.7748852,111800,12,Loss/l_total,0.09320950508117676
1788170048.774909,111800,12,LR,0.0004109423525312736
1788170063.2577064,111840,12,Loss/l_ce,0.01842188835144043
1788170063.2579262,111840,12,Loss/l_total,0.01842188835144043
1788170063.257951,111840,12,LR,0.0004109423525312736
1788170078.0275161,111880,12,Loss/l_ce,0.04221630096435547
1788170078.0277047,111880,12,Loss/l_total,0.04221630096435547
1788170078.027731,111880,12,LR,0.0004109423525312736
1788170092.6183116,111920,12,Loss/l_ce,0.08769512176513672
1788170092.6185422,111920,12,Loss/l_total,0.08769512176513672
1788170092.618567,111920,12,LR,0.0004109423525312736
1788170107.177915,111960,12,Loss/l_ce,0.002051830291748047
1788170107.1781633,111960,12,Loss/l_total,0.002051830291748047
1788170107.178192,111960,12,LR,0.0004109423525312736
1788170121.805127,112000,12,Loss/l_ce,0.01880192756652832
1788170121.8053465,112000,12,Loss/l_total,0.01880192756652832
1788170121.8053727,112000,12,LR,0.0004109423525312736
1788170136.331786,112040,12,Loss/l_ce,0.01652050018310547
1788170136.3320565,112040,12,Loss/l_total,0.01652050018310547
1788170136.3320863,112040,12,LR,0.0004109423525312736
1788170151.2689948,112080,12,Loss/l_ce,0.00553131103515625
1788170151.2692194,112080,12,Loss/l_total,0.00553131103515625
1788170151.2692432,112080,12,LR,0.0004109423525312736
1788170165.9181786,112120,12,Loss/l_ce,0.018998384475708008
1788170165.918352,112120,12,Loss/l_total,0.018998384475708008
1788170165.9183767,112120,12,LR,0.0004109423525312736
1788170180.4367623,112160,12,Loss/l_ce,0.005373239517211914
1788170180.4369974,112160,12,Loss/l_total,0.005373239517211914
1788170180.4370213,112160,12,LR,0.0004109423525312736
1788170194.9992478,112200,12,Loss/l_ce,0.03844499588012695
1788170194.999451,112200,12,Loss/l_total,0.03844499588012695
1788170194.9994745,112200,12,LR,0.0004109423525312736
1788170209.6253593,112240,12,Loss/l_ce,0.03567051887512207
1788170209.62556,112240,12,Loss/l_total,0.03567051887512207
1788170209.625584,112240,12,LR,0.0004109423525312736
1788170224.518515,112280,12,Loss/l_ce,0.023876667022705078
1788170224.5187087,112280,12,Loss/l_total,0.023876667022705078
1788170224.5187325,112280,12,LR,0.0004109423525312736
1788170239.1384785,112320,12,Loss/l_ce,0.07992982864379883
1788170239.1386957,112320,12,Loss/l_total,0.07992982864379883
1788170239.1387196,112320,12,LR,0.0004109423525312736
1788170253.7731977,112360,12,Loss/l_ce,0.07988691329956055
1788170253.7733817,112360,12,Loss/l_total,0.07988691329956055
1788170253.7734077,112360,12,LR,0.0004109423525312736
1788170268.5796165,112400,12,Loss/l_ce,0.0745079517364502
1788170268.579848,112400,12,Loss/l_total,0.0745079517364502
1788170268.5798728,112400,12,LR,0.0004109423525312736
1788170283.3299608,112440,12,Loss/l_ce,0.14637398719787598
1788170283.3301485,112440,12,Loss/l_total,0.14637398719787598
1788170283.3301733,112440,12,LR,0.0004109423525312736
1788170297.8844976,112480,12,Loss/l_ce,0.0432124137878418
1788170297.884658,112480,12,Loss/l_total,0.0432124137878418
1788170297.8846793,112480,12,LR,0.0004109423525312736
1788170312.7463923,112520,12,Loss/l_ce,0.06186223030090332
1788170312.746562,112520,12,Loss/l_total,0.06186223030090332
1788170312.7465858,112520,12,LR,0.0004109423525312736
1788170327.263002,112560,12,Loss/l_ce,0.043341875076293945
1788170327.2632132,112560,12,Loss/l_total,0.043341875076293945
1788170327.2632391,112560,12,LR,0.0004109423525312736
1788170341.5119584,112600,12,Loss/l_ce,0.03722095489501953
1788170341.5121567,112600,12,Loss/l_total,0.03722095489501953
1788170341.512185,112600,12,LR,0.0004109423525312736
1788170356.0601985,112640,12,Loss/l_ce,0.12087869644165039
1788170356.0603578,112640,12,Loss/l_total,0.12087869644165039
1788170356.0603817,112640,12,LR,0.0004109423525312736
1788170370.7641401,112680,12,Loss/l_ce,0.015787363052368164
1788170370.7643218,112680,12,Loss/l_total,0.015787363052368164
1788170370.7643454,112680,12,LR,0.0004109423525312736
1788170385.3906817,112720,12,Loss/l_ce,0.018110990524291992
1788170385.3908873,112720,12,Loss/l_total,0.018110990524291992
1788170385.3909109,112720,12,LR,0.0004109423525312736
1788170399.8455017,112760,12,Loss/l_ce,0.023959875106811523
1788170399.8457024,112760,12,Loss/l_total,0.023959875106811523
1788170399.8457263,112760,12,LR,0.0004109423525312736
1788170414.4588578,112800,12,Loss/l_ce,0.04447197914123535
1788170414.4591048,112800,12,Loss/l_total,0.04447197914123535
1788170414.4591286,112800,12,LR,0.0004109423525312736
1788170429.4186106,112840,12,Loss/l_ce,0.054208993911743164
1788170429.4187949,112840,12,Loss/l_total,0.054208993911743164
1788170429.4188173,112840,12,LR,0.0004109423525312736
1788170444.0483897,112880,12,Loss/l_ce,0.10746455192565918
1788170444.0485961,112880,12,Loss/l_total,0.10746455192565918
1788170444.04862,112880,12,LR,0.0004109423525312736
1788170458.5412145,112920,12,Loss/l_ce,0.07374072074890137
1788170458.5415184,112920,12,Loss/l_total,0.07374072074890137
1788170458.541542,112920,12,LR,0.0004109423525312736
1788170473.4970818,112960,12,Loss/l_ce,0.04679441452026367
1788170473.4973123,112960,12,Loss/l_total,0.04679441452026367
1788170473.4973397,112960,12,LR,0.0004109423525312736
1788170488.5641146,113000,12,Loss/l_ce,0.019285202026367188
1788170488.5643284,113000,12,Loss/l_total,0.019285202026367188
1788170488.5643547,113000,12,LR,0.0004109423525312736
1788170503.1306329,113040,12,Loss/l_ce,0.013842582702636719
1788170503.1308548,113040,12,Loss/l_total,0.013842582702636719
1788170503.130881,113040,12,LR,0.0004109423525312736
1788170517.875148,113080,12,Loss/l_ce,0.0923757553100586
1788170517.8753905,113080,12,Loss/l_total,0.0923757553100586
1788170517.875413,113080,12,LR,0.0004109423525312736
1788170532.2182128,113120,12,Loss/l_ce,0.12761688232421875
1788170532.2184231,113120,12,Loss/l_total,0.12761688232421875
1788170532.2184467,113120,12,LR,0.0004109423525312736
1788170573.057919,113126,12,Val/dense_error,0.02860932983458042
1788170573.0582218,113126,12,Val/auc,0.7428472944284666
1788170573.0582492,113126,12,Val/pck_max,0.1
1788170573.0582705,113126,12,Val/pck_n,100.0
1788170588.5915859,113160,13,Loss/l_ce,0.02588176727294922
1788170588.5918612,113160,13,Loss/l_total,0.02588176727294922
1788170588.5918875,113160,13,LR,0.0003457042751172039
1788170602.939169,113200,13,Loss/l_ce,0.03796505928039551
1788170602.939328,113200,13,Loss/l_total,0.03796505928039551
1788170602.939353,113200,13,LR,0.0003457042751172039
1788170617.4957292,113240,13,Loss/l_ce,0.01524806022644043
1788170617.4958954,113240,13,Loss/l_total,0.01524806022644043
1788170617.4959264,113240,13,LR,0.0003457042751172039
1788170631.8931303,113280,13,Loss/l_ce,0.008628606796264648
1788170631.8933058,113280,13,Loss/l_total,0.008628606796264648
1788170631.8933296,113280,13,LR,0.0003457042751172039
1788170646.6080723,113320,13,Loss/l_ce,0.04196429252624512
1788170646.6082504,113320,13,Loss/l_total,0.04196429252624512
1788170646.6082764,113320,13,LR,0.0003457042751172039
1788170661.2924902,113360,13,Loss/l_ce,0.11054587364196777
1788170661.2926493,113360,13,Loss/l_total,0.11054587364196777
1788170661.2926943,113360,13,LR,0.0003457042751172039
1788170675.5529797,113400,13,Loss/l_ce,0.04445457458496094
1788170675.5531662,113400,13,Loss/l_total,0.04445457458496094
1788170675.5531912,113400,13,LR,0.0003457042751172039
1788170690.0794616,113440,13,Loss/l_ce,0.014743328094482422
1788170690.0796704,113440,13,Loss/l_total,0.014743328094482422
1788170690.0796943,113440,13,LR,0.0003457042751172039
1788170704.8752172,113480,13,Loss/l_ce,0.04501152038574219
1788170704.8753822,113480,13,Loss/l_total,0.04501152038574219
1788170704.8754034,113480,13,LR,0.0003457042751172039
1788170719.4867332,113520,13,Loss/l_ce,0.01907515525817871
1788170719.486928,113520,13,Loss/l_total,0.01907515525817871
1788170719.486953,113520,13,LR,0.0003457042751172039
1788170733.928731,113560,13,Loss/l_ce,0.04955291748046875
1788170733.9289744,113560,13,Loss/l_total,0.04955291748046875
1788170733.9289994,113560,13,LR,0.0003457042751172039
1788170748.6156073,113600,13,Loss/l_ce,0.03617405891418457
1788170748.6157815,113600,13,Loss/l_total,0.03617405891418457
1788170748.6158054,113600,13,LR,0.0003457042751172039
1788170763.2741418,113640,13,Loss/l_ce,0.01331782341003418
1788170763.2743187,113640,13,Loss/l_total,0.01331782341003418
1788170763.2743435,113640,13,LR,0.0003457042751172039
1788170777.8977802,113680,13,Loss/l_ce,0.011242866516113281
1788170777.8979368,113680,13,Loss/l_total,0.011242866516113281
1788170777.8979595,113680,13,LR,0.0003457042751172039
1788170792.7407837,113720,13,Loss/l_ce,0.015614032745361328
1788170792.7409642,113720,13,Loss/l_total,0.015614032745361328
1788170792.740988,113720,13,LR,0.0003457042751172039
1788170807.2577202,113760,13,Loss/l_ce,0.021004915237426758
1788170807.2578914,113760,13,Loss/l_total,0.021004915237426758
1788170807.2579138,113760,13,LR,0.0003457042751172039
1788170821.7312057,113800,13,Loss/l_ce,0.04530978202819824
1788170821.7314456,113800,13,Loss/l_total,0.04530978202819824
1788170821.7314694,113800,13,LR,0.0003457042751172039
1788170836.536123,113840,13,Loss/l_ce,0.014895200729370117
1788170836.536305,113840,13,Loss/l_total,0.014895200729370117
1788170836.5363297,113840,13,LR,0.0003457042751172039
1788170851.179172,113880,13,Loss/l_ce,0.03278160095214844
1788170851.179444,113880,13,Loss/l_total,0.03278160095214844
1788170851.1794677,113880,13,LR,0.0003457042751172039
1788170865.908813,113920,13,Loss/l_ce,0.0372316837310791
1788170865.9092286,113920,13,Loss/l_total,0.0372316837310791
1788170865.9092572,113920,13,LR,0.0003457042751172039
1788170880.8035462,113960,13,Loss/l_ce,0.10585546493530273
1788170880.8037872,113960,13,Loss/l_total,0.10585546493530273
1788170880.803812,113960,13,LR,0.0003457042751172039
1788170895.292271,114000,13,Loss/l_ce,0.03623604774475098
1788170895.2925582,114000,13,Loss/l_total,0.03623604774475098
1788170895.292583,114000,13,LR,0.0003457042751172039
1788170909.9959755,114040,13,Loss/l_ce,0.013695240020751953
1788170909.996239,114040,13,Loss/l_total,0.013695240020751953
1788170909.9962661,114040,13,LR,0.0003457042751172039
1788170924.5414078,114080,13,Loss/l_ce,0.018770217895507812
1788170924.5416594,114080,13,Loss/l_total,0.018770217895507812
1788170924.541682,114080,13,LR,0.0003457042751172039
1788170939.022289,114120,13,Loss/l_ce,0.0546722412109375
1788170939.0225277,114120,13,Loss/l_total,0.0546722412109375
1788170939.022555,114120,13,LR,0.0003457042751172039
1788170953.7157867,114160,13,Loss/l_ce,0.01251983642578125
1788170953.7162156,114160,13,Loss/l_total,0.01251983642578125
1788170953.71625,114160,13,LR,0.0003457042751172039
1788170968.267296,114200,13,Loss/l_ce,0.015460491180419922
1788170968.2675464,114200,13,Loss/l_total,0.015460491180419922
1788170968.2675724,114200,13,LR,0.0003457042751172039
1788170982.909759,114240,13,Loss/l_ce,0.047298431396484375
1788170982.9100034,114240,13,Loss/l_total,0.047298431396484375
1788170982.9100583,114240,13,LR,0.0003457042751172039
1788170997.4253335,114280,13,Loss/l_ce,0.11319303512573242
1788170997.4255543,114280,13,Loss/l_total,0.11319303512573242
1788170997.4255793,114280,13,LR,0.0003457042751172039
1788171012.2242417,114320,13,Loss/l_ce,0.05283927917480469
1788171012.2244554,114320,13,Loss/l_total,0.05283927917480469
1788171012.2244806,114320,13,LR,0.0003457042751172039
1788171026.9888444,114360,13,Loss/l_ce,0.022731781005859375
1788171026.9890144,114360,13,Loss/l_total,0.022731781005859375
1788171026.9890666,114360,13,LR,0.0003457042751172039
1788171041.9939396,114400,13,Loss/l_ce,0.012060165405273438
1788171041.9942186,114400,13,Loss/l_total,0.012060165405273438
1788171041.994246,114400,13,LR,0.0003457042751172039
1788171056.9326165,114440,13,Loss/l_ce,0.04120635986328125
1788171056.9327767,114440,13,Loss/l_total,0.04120635986328125
1788171056.932804,114440,13,LR,0.0003457042751172039
1788171071.4956985,114480,13,Loss/l_ce,0.024309635162353516
1788171071.4959905,114480,13,Loss/l_total,0.024309635162353516
1788171071.4960701,114480,13,LR,0.0003457042751172039
1788171086.0234883,114520,13,Loss/l_ce,0.016870737075805664
1788171086.0236485,114520,13,Loss/l_total,0.016870737075805664
1788171086.0236712,114520,13,LR,0.0003457042751172039
1788171100.9902625,114560,13,Loss/l_ce,0.02352452278137207
1788171100.990456,114560,13,Loss/l_total,0.02352452278137207
1788171100.9904785,114560,13,LR,0.0003457042751172039
1788171115.444498,114600,13,Loss/l_ce,0.05516695976257324
1788171115.4446597,114600,13,Loss/l_total,0.05516695976257324
1788171115.4446833,114600,13,LR,0.0003457042751172039
1788171130.2096615,114640,13,Loss/l_ce,0.01670098304748535
1788171130.2098312,114640,13,Loss/l_total,0.01670098304748535
1788171130.209854,114640,13,LR,0.0003457042751172039
1788171144.6225781,114680,13,Loss/l_ce,0.01996445655822754
1788171144.6227505,114680,13,Loss/l_total,0.01996445655822754
1788171144.6227741,114680,13,LR,0.0003457042751172039
1788171159.3232574,114720,13,Loss/l_ce,0.11809515953063965
1788171159.323427,114720,13,Loss/l_total,0.11809515953063965
1788171159.3234508,114720,13,LR,0.0003457042751172039
1788171174.0587695,114760,13,Loss/l_ce,0.03898143768310547
1788171174.0589342,114760,13,Loss/l_total,0.03898143768310547
1788171174.0589592,114760,13,LR,0.0003457042751172039
1788171188.5266697,114800,13,Loss/l_ce,0.04093575477600098
1788171188.526918,114800,13,Loss/l_total,0.04093575477600098
1788171188.5269454,114800,13,LR,0.0003457042751172039
1788171203.223964,114840,13,Loss/l_ce,0.01916646957397461
1788171203.2242632,114840,13,Loss/l_total,0.01916646957397461
1788171203.224288,114840,13,LR,0.0003457042751172039
1788171217.955831,114880,13,Loss/l_ce,0.015326499938964844
1788171217.9562109,114880,13,Loss/l_total,0.015326499938964844
1788171217.9562407,114880,13,LR,0.0003457042751172039
1788171232.7643926,114920,13,Loss/l_ce,0.018481016159057617
1788171232.7646408,114920,13,Loss/l_total,0.018481016159057617
1788171232.7646658,114920,13,LR,0.0003457042751172039
1788171247.3865445,114960,13,Loss/l_ce,0.020063400268554688
1788171247.3868067,114960,13,Loss/l_total,0.020063400268554688
1788171247.3868306,114960,13,LR,0.0003457042751172039
1788171262.162548,115000,13,Loss/l_ce,0.04807639122009277
1788171262.162788,115000,13,Loss/l_total,0.04807639122009277
1788171262.162813,115000,13,LR,0.0003457042751172039
1788171276.8223429,115040,13,Loss/l_ce,0.021380901336669922
1788171276.8224854,115040,13,Loss/l_total,0.021380901336669922
1788171276.822509,115040,13,LR,0.0003457042751172039
1788171291.4361408,115080,13,Loss/l_ce,0.018167495727539062
1788171291.4364307,115080,13,Loss/l_total,0.018167495727539062
1788171291.4364567,115080,13,LR,0.0003457042751172039
1788171305.9242423,115120,13,Loss/l_ce,0.057558536529541016
1788171305.924437,115120,13,Loss/l_total,0.057558536529541016
1788171305.924461,115120,13,LR,0.0003457042751172039
1788171320.536993,115160,13,Loss/l_ce,0.009048223495483398
1788171320.5371807,115160,13,Loss/l_total,0.009048223495483398
1788171320.537207,115160,13,LR,0.0003457042751172039
1788171335.0561767,115200,13,Loss/l_ce,0.04343676567077637
1788171335.0564404,115200,13,Loss/l_total,0.04343676567077637
1788171335.0564663,115200,13,LR,0.0003457042751172039
1788171349.5920641,115240,13,Loss/l_ce,0.0658566951751709
1788171349.5922577,115240,13,Loss/l_total,0.0658566951751709
1788171349.5922828,115240,13,LR,0.0003457042751172039
1788171364.2171097,115280,13,Loss/l_ce,0.015630722045898438
1788171364.2173388,115280,13,Loss/l_total,0.015630722045898438
1788171364.2173636,115280,13,LR,0.0003457042751172039
1788171378.9118078,115320,13,Loss/l_ce,0.053903818130493164
1788171378.9119716,115320,13,Loss/l_total,0.053903818130493164
1788171378.9119942,115320,13,LR,0.0003457042751172039
1788171393.6816816,115360,13,Loss/l_ce,0.017240524291992188
1788171393.6818776,115360,13,Loss/l_total,0.017240524291992188
1788171393.6819012,115360,13,LR,0.0003457042751172039
1788171407.9912307,115400,13,Loss/l_ce,0.07804131507873535
1788171407.9914145,115400,13,Loss/l_total,0.07804131507873535
1788171407.991442,115400,13,LR,0.0003457042751172039
1788171422.4917097,115440,13,Loss/l_ce,0.009599685668945312
1788171422.4919472,115440,13,Loss/l_total,0.009599685668945312
1788171422.491977,115440,13,LR,0.0003457042751172039
1788171437.1391523,115480,13,Loss/l_ce,0.03418111801147461
1788171437.1393375,115480,13,Loss/l_total,0.03418111801147461
1788171437.139367,115480,13,LR,0.0003457042751172039
1788171451.773885,115520,13,Loss/l_ce,0.022907733917236328
1788171451.7741022,115520,13,Loss/l_total,0.022907733917236328
1788171451.774127,115520,13,LR,0.0003457042751172039
1788171466.4822094,115560,13,Loss/l_ce,0.020254850387573242
1788171466.482428,115560,13,Loss/l_total,0.020254850387573242
1788171466.4824543,115560,13,LR,0.0003457042751172039
1788171481.2928042,115600,13,Loss/l_ce,0.020366907119750977
1788171481.293087,115600,13,Loss/l_total,0.020366907119750977
1788171481.2931108,115600,13,LR,0.0003457042751172039
1788171495.7337396,115640,13,Loss/l_ce,0.0201566219329834
1788171495.733938,115640,13,Loss/l_total,0.0201566219329834
1788171495.7339628,115640,13,LR,0.0003457042751172039
1788171510.329783,115680,13,Loss/l_ce,0.02129077911376953
1788171510.3300147,115680,13,Loss/l_total,0.02129077911376953
1788171510.3300633,115680,13,LR,0.0003457042751172039
1788171524.7836232,115720,13,Loss/l_ce,0.01931929588317871
1788171524.7838273,115720,13,Loss/l_total,0.01931929588317871
1788171524.783851,115720,13,LR,0.0003457042751172039
1788171539.2758982,115760,13,Loss/l_ce,0.014908075332641602
1788171539.2761393,115760,13,Loss/l_total,0.014908075332641602
1788171539.2761655,115760,13,LR,0.0003457042751172039
1788171553.9100692,115800,13,Loss/l_ce,0.06849074363708496
1788171553.910384,115800,13,Loss/l_total,0.06849074363708496
1788171553.910415,115800,13,LR,0.0003457042751172039
1788171568.5754855,115840,13,Loss/l_ce,0.030840635299682617
1788171568.5757182,115840,13,Loss/l_total,0.030840635299682617
1788171568.575743,115840,13,LR,0.0003457042751172039
1788171583.115877,115880,13,Loss/l_ce,0.017220258712768555
1788171583.1160834,115880,13,Loss/l_total,0.017220258712768555
1788171583.1161082,115880,13,LR,0.0003457042751172039
1788171597.8894386,115920,13,Loss/l_ce,0.06511068344116211
1788171597.889648,115920,13,Loss/l_total,0.06511068344116211
1788171597.8896728,115920,13,LR,0.0003457042751172039
1788171612.792903,115960,13,Loss/l_ce,0.018707990646362305
1788171612.7931023,115960,13,Loss/l_total,0.018707990646362305
1788171612.793126,115960,13,LR,0.0003457042751172039
1788171627.4407814,116000,13,Loss/l_ce,0.08793902397155762
1788171627.4409463,116000,13,Loss/l_total,0.08793902397155762
1788171627.4409726,116000,13,LR,0.0003457042751172039
1788171641.8745277,116040,13,Loss/l_ce,0.02225518226623535
1788171641.874701,116040,13,Loss/l_total,0.02225518226623535
1788171641.8747272,116040,13,LR,0.0003457042751172039
1788171656.2244177,116080,13,Loss/l_ce,0.030402660369873047
1788171656.2245934,116080,13,Loss/l_total,0.030402660369873047
1788171656.2246172,116080,13,LR,0.0003457042751172039
1788171670.7825012,116120,13,Loss/l_ce,0.07560348510742188
1788171670.7826748,116120,13,Loss/l_total,0.07560348510742188
1788171670.7826996,116120,13,LR,0.0003457042751172039
1788171685.3998284,116160,13,Loss/l_ce,0.03164267539978027
1788171685.4000194,116160,13,Loss/l_total,0.03164267539978027
1788171685.4000788,116160,13,LR,0.0003457042751172039
1788171699.8897696,116200,13,Loss/l_ce,0.017165660858154297
1788171699.8899972,116200,13,Loss/l_total,0.017165660858154297
1788171699.8900225,116200,13,LR,0.0003457042751172039
1788171714.5360844,116240,13,Loss/l_ce,0.018674373626708984
1788171714.5363123,116240,13,Loss/l_total,0.018674373626708984
1788171714.5363362,116240,13,LR,0.0003457042751172039
1788171729.2143495,116280,13,Loss/l_ce,0.08583807945251465
1788171729.2145715,116280,13,Loss/l_total,0.08583807945251465
1788171729.214599,116280,13,LR,0.0003457042751172039
1788171743.8728604,116320,13,Loss/l_ce,0.08760643005371094
1788171743.8730977,116320,13,Loss/l_total,0.08760643005371094
1788171743.873125,116320,13,LR,0.0003457042751172039
1788171758.5683177,116360,13,Loss/l_ce,0.013709068298339844
1788171758.5686908,116360,13,Loss/l_total,0.013709068298339844
1788171758.5687191,116360,13,LR,0.0003457042751172039
1788171773.3897264,116400,13,Loss/l_ce,0.030024290084838867
1788171773.3900623,116400,13,Loss/l_total,0.030024290084838867
1788171773.3900862,116400,13,LR,0.0003457042751172039
1788171787.67293,116440,13,Loss/l_ce,0.013227224349975586
1788171787.6732826,116440,13,Loss/l_total,0.013227224349975586
1788171787.67331,116440,13,LR,0.0003457042751172039
1788171802.3362167,116480,13,Loss/l_ce,0.020812034606933594
1788171802.3364813,116480,13,Loss/l_total,0.020812034606933594
1788171802.3365052,116480,13,LR,0.0003457042751172039
1788171816.5946765,116520,13,Loss/l_ce,0.015837669372558594
1788171816.5948484,116520,13,Loss/l_total,0.015837669372558594
1788171816.5948758,116520,13,LR,0.0003457042751172039
1788171831.337707,116560,13,Loss/l_ce,0.06156134605407715
1788171831.3379931,116560,13,Loss/l_total,0.06156134605407715
1788171831.338018,116560,13,LR,0.0003457042751172039
1788171845.9609957,116600,13,Loss/l_ce,0.02021503448486328
1788171845.9612758,116600,13,Loss/l_total,0.02021503448486328
1788171845.961302,116600,13,LR,0.0003457042751172039
1788171860.4652703,116640,13,Loss/l_ce,0.08188557624816895
1788171860.4655623,116640,13,Loss/l_total,0.08188557624816895
1788171860.465586,116640,13,LR,0.0003457042751172039
1788171875.1290116,116680,13,Loss/l_ce,0.023902416229248047
1788171875.129298,116680,13,Loss/l_total,0.023902416229248047
1788171875.1293228,116680,13,LR,0.0003457042751172039
1788171889.8309202,116720,13,Loss/l_ce,0.026768207550048828
1788171889.8312798,116720,13,Loss/l_total,0.026768207550048828
1788171889.8313143,116720,13,LR,0.0003457042751172039
1788171905.0065618,116760,13,Loss/l_ce,0.020043134689331055
1788171905.0067291,116760,13,Loss/l_total,0.020043134689331055
1788171905.0067554,116760,13,LR,0.0003457042751172039
1788171919.5030248,116800,13,Loss/l_ce,0.04308295249938965
1788171919.5033133,116800,13,Loss/l_total,0.04308295249938965
1788171919.5033371,116800,13,LR,0.0003457042751172039
1788171934.3572416,116840,13,Loss/l_ce,0.07111406326293945
1788171934.3574588,116840,13,Loss/l_total,0.07111406326293945
1788171934.357485,116840,13,LR,0.0003457042751172039
1788171949.0080936,116880,13,Loss/l_ce,0.03956174850463867
1788171949.0082731,116880,13,Loss/l_total,0.03956174850463867
1788171949.0082943,116880,13,LR,0.0003457042751172039
1788171963.6804934,116920,13,Loss/l_ce,0.11626648902893066
1788171963.6806986,116920,13,Loss/l_total,0.11626648902893066
1788171963.680732,116920,13,LR,0.0003457042751172039
1788171978.272156,116960,13,Loss/l_ce,0.10841155052185059
1788171978.2724087,116960,13,Loss/l_total,0.10841155052185059
1788171978.272441,116960,13,LR,0.0003457042751172039
1788171992.947359,117000,13,Loss/l_ce,0.0725865364074707
1788171992.9475772,117000,13,Loss/l_total,0.0725865364074707
1788171992.9476035,117000,13,LR,0.0003457042751172039
1788172007.9867554,117040,13,Loss/l_ce,0.13817644119262695
1788172007.9869204,117040,13,Loss/l_total,0.13817644119262695
1788172007.9869442,117040,13,LR,0.0003457042751172039
1788172022.5803528,117080,13,Loss/l_ce,0.12445569038391113
1788172022.5806258,117080,13,Loss/l_total,0.12445569038391113
1788172022.5806494,117080,13,LR,0.0003457042751172039
1788172037.2033892,117120,13,Loss/l_ce,0.01762676239013672
1788172037.2035766,117120,13,Loss/l_total,0.01762676239013672
1788172037.203604,117120,13,LR,0.0003457042751172039
1788172051.7382262,117160,13,Loss/l_ce,0.07316946983337402
1788172051.7384043,117160,13,Loss/l_total,0.07316946983337402
1788172051.738428,117160,13,LR,0.0003457042751172039
1788172066.197592,117200,13,Loss/l_ce,0.01777935028076172
1788172066.197774,117200,13,Loss/l_total,0.01777935028076172
1788172066.1977975,117200,13,LR,0.0003457042751172039
1788172080.9326408,117240,13,Loss/l_ce,0.059979915618896484
1788172080.9328105,117240,13,Loss/l_total,0.059979915618896484
1788172080.9328344,117240,13,LR,0.0003457042751172039
1788172095.614798,117280,13,Loss/l_ce,0.02277541160583496
1788172095.6150534,117280,13,Loss/l_total,0.02277541160583496
1788172095.6152303,117280,13,LR,0.0003457042751172039
1788172110.2459078,117320,13,Loss/l_ce,0.05500221252441406
1788172110.2462533,117320,13,Loss/l_total,0.05500221252441406
1788172110.2462795,117320,13,LR,0.0003457042751172039
1788172125.0304873,117360,13,Loss/l_ce,0.015644073486328125
1788172125.0308077,117360,13,Loss/l_total,0.015644073486328125
1788172125.030834,117360,13,LR,0.0003457042751172039
1788172139.650812,117400,13,Loss/l_ce,0.11374711990356445
1788172139.6511004,117400,13,Loss/l_total,0.11374711990356445
1788172139.6511278,117400,13,LR,0.0003457042751172039
1788172154.2067544,117440,13,Loss/l_ce,0.015809297561645508
1788172154.2071416,117440,13,Loss/l_total,0.015809297561645508
1788172154.207175,117440,13,LR,0.0003457042751172039
1788172169.0350935,117480,13,Loss/l_ce,0.019981861114501953
1788172169.035343,117480,13,Loss/l_total,0.019981861114501953
1788172169.0353668,117480,13,LR,0.0003457042751172039
1788172183.8528194,117520,13,Loss/l_ce,0.023547887802124023
1788172183.8530688,117520,13,Loss/l_total,0.023547887802124023
1788172183.8530948,117520,13,LR,0.0003457042751172039
1788172198.1717806,117560,13,Loss/l_ce,0.021734237670898438
1788172198.1719637,117560,13,Loss/l_total,0.021734237670898438
1788172198.1719885,117560,13,LR,0.0003457042751172039
1788172212.8336425,117600,13,Loss/l_ce,0.016779422760009766
1788172212.8338645,117600,13,Loss/l_total,0.016779422760009766
1788172212.8338907,117600,13,LR,0.0003457042751172039
1788172227.3235292,117640,13,Loss/l_ce,0.02935934066772461
1788172227.3237646,117640,13,Loss/l_total,0.02935934066772461
1788172227.3237894,117640,13,LR,0.0003457042751172039
1788172241.821212,117680,13,Loss/l_ce,0.017995834350585938
1788172241.8214104,117680,13,Loss/l_total,0.017995834350585938
1788172241.821434,117680,13,LR,0.0003457042751172039
1788172256.5416589,117720,13,Loss/l_ce,0.07828903198242188
1788172256.5418892,117720,13,Loss/l_total,0.07828903198242188
1788172256.541913,117720,13,LR,0.0003457042751172039
1788172272.1983387,117760,13,Loss/l_ce,0.11578059196472168
1788172272.1986523,117760,13,Loss/l_total,0.11578059196472168
1788172272.1986759,117760,13,LR,0.0003457042751172039
1788172287.7406206,117800,13,Loss/l_ce,0.01782083511352539
1788172287.7409232,117800,13,Loss/l_total,0.01782083511352539
1788172287.7409492,117800,13,LR,0.0003457042751172039
1788172304.478007,117840,13,Loss/l_ce,0.029179811477661133
1788172304.478241,117840,13,Loss/l_total,0.029179811477661133
1788172304.4782648,117840,13,LR,0.0003457042751172039
1788172322.5617979,117880,13,Loss/l_ce,0.02161264419555664
1788172322.562115,117880,13,Loss/l_total,0.02161264419555664
1788172322.5621412,117880,13,LR,0.0003457042751172039
1788172341.2088192,117920,13,Loss/l_ce,0.016568660736083984
1788172341.209008,117920,13,Loss/l_total,0.016568660736083984
1788172341.2090614,117920,13,LR,0.0003457042751172039
1788172360.9936395,117960,13,Loss/l_ce,0.020091533660888672
1788172360.99396,117960,13,Loss/l_total,0.020091533660888672
1788172360.9939897,117960,13,LR,0.0003457042751172039
1788172382.020915,118000,13,Loss/l_ce,0.0962071418762207
1788172382.021156,118000,13,Loss/l_total,0.0962071418762207
1788172382.0211809,118000,13,LR,0.0003457042751172039
1788172403.3376334,118040,13,Loss/l_ce,0.022210121154785156
1788172403.337892,118040,13,Loss/l_total,0.022210121154785156
1788172403.3379157,118040,13,LR,0.0003457042751172039
1788172422.436092,118080,13,Loss/l_ce,0.03074049949645996
1788172422.436396,118080,13,Loss/l_total,0.03074049949645996
1788172422.4364219,118080,13,LR,0.0003457042751172039
1788172441.6273553,118120,13,Loss/l_ce,0.12642502784729004
1788172441.62758,118120,13,Loss/l_total,0.12642502784729004
1788172441.6276047,118120,13,LR,0.0003457042751172039
1788172458.192734,118160,13,Loss/l_ce,0.1251068115234375
1788172458.192944,118160,13,Loss/l_total,0.1251068115234375
1788172458.1929667,118160,13,LR,0.0003457042751172039
1788172475.9820876,118200,13,Loss/l_ce,0.016290664672851562
1788172475.9823158,118200,13,Loss/l_total,0.016290664672851562
1788172475.9823406,118200,13,LR,0.0003457042751172039
1788172494.9463944,118240,13,Loss/l_ce,0.017686843872070312
1788172494.9466674,118240,13,Loss/l_total,0.017686843872070312
1788172494.9466937,118240,13,LR,0.0003457042751172039
1788172509.9252317,118280,13,Loss/l_ce,0.04730725288391113
1788172509.925437,118280,13,Loss/l_total,0.04730725288391113
1788172509.925463,118280,13,LR,0.0003457042751172039
1788172528.4619997,118320,13,Loss/l_ce,0.09951543807983398
1788172528.4622583,118320,13,Loss/l_total,0.09951543807983398
1788172528.4622846,118320,13,LR,0.0003457042751172039
1788172546.2001016,118360,13,Loss/l_ce,0.05379056930541992
1788172546.2002501,118360,13,Loss/l_total,0.05379056930541992
1788172546.2002726,118360,13,LR,0.0003457042751172039
1788172561.7325711,118400,13,Loss/l_ce,0.11182069778442383
1788172561.7327704,118400,13,Loss/l_total,0.11182069778442383
1788172561.732793,118400,13,LR,0.0003457042751172039
1788172579.9421282,118440,13,Loss/l_ce,0.015386819839477539
1788172579.9423869,118440,13,Loss/l_total,0.015386819839477539
1788172579.942413,118440,13,LR,0.0003457042751172039
1788172598.4567556,118480,13,Loss/l_ce,0.017441511154174805
1788172598.4570181,118480,13,Loss/l_total,0.017441511154174805
1788172598.457073,118480,13,LR,0.0003457042751172039
1788172615.3491647,118520,13,Loss/l_ce,0.0067861080169677734
1788172615.3494523,118520,13,Loss/l_total,0.0067861080169677734
1788172615.349477,118520,13,LR,0.0003457042751172039
1788172631.3246095,118560,13,Loss/l_ce,0.02318286895751953
1788172631.3248959,118560,13,Loss/l_total,0.02318286895751953
1788172631.3249218,118560,13,LR,0.0003457042751172039
1788172649.3849595,118600,13,Loss/l_ce,0.013388872146606445
1788172649.3852184,118600,13,Loss/l_total,0.013388872146606445
1788172649.3852434,118600,13,LR,0.0003457042751172039
1788172667.9063551,118640,13,Loss/l_ce,0.027260541915893555
1788172667.906531,118640,13,Loss/l_total,0.027260541915893555
1788172667.906556,118640,13,LR,0.0003457042751172039
1788172684.1944337,118680,13,Loss/l_ce,0.01984262466430664
1788172684.1946464,118680,13,Loss/l_total,0.01984262466430664
1788172684.194676,118680,13,LR,0.0003457042751172039
1788172700.3414383,118720,13,Loss/l_ce,0.01694488525390625
1788172700.3416412,118720,13,Loss/l_total,0.01694488525390625
1788172700.3416638,118720,13,LR,0.0003457042751172039
1788172717.5035477,118760,13,Loss/l_ce,0.07016777992248535
1788172717.5037282,118760,13,Loss/l_total,0.07016777992248535
1788172717.5037494,118760,13,LR,0.0003457042751172039
1788172737.0815365,118800,13,Loss/l_ce,0.06880640983581543
1788172737.081743,118800,13,Loss/l_total,0.06880640983581543
1788172737.0817657,118800,13,LR,0.0003457042751172039
1788172753.0899348,118840,13,Loss/l_ce,0.09284567832946777
1788172753.0902448,118840,13,Loss/l_total,0.09284567832946777
1788172753.090272,118840,13,LR,0.0003457042751172039
1788172769.6254058,118880,13,Loss/l_ce,0.06643223762512207
1788172769.6255744,118880,13,Loss/l_total,0.06643223762512207
1788172769.6255956,118880,13,LR,0.0003457042751172039
1788172786.3030672,118920,13,Loss/l_ce,0.004740476608276367
1788172786.3033566,118920,13,Loss/l_total,0.004740476608276367
1788172786.3033829,118920,13,LR,0.0003457042751172039
1788172803.376398,118960,13,Loss/l_ce,0.020676851272583008
1788172803.376677,118960,13,Loss/l_total,0.020676851272583008
1788172803.376702,118960,13,LR,0.0003457042751172039
1788172819.4168537,119000,13,Loss/l_ce,0.042031049728393555
1788172819.4171603,119000,13,Loss/l_total,0.042031049728393555
1788172819.4171872,119000,13,LR,0.0003457042751172039
1788172837.70065,119040,13,Loss/l_ce,0.029529571533203125
1788172837.7009206,119040,13,Loss/l_total,0.029529571533203125
1788172837.700943,119040,13,LR,0.0003457042751172039
1788172855.2945292,119080,13,Loss/l_ce,0.07286930084228516
1788172855.2947881,119080,13,Loss/l_total,0.07286930084228516
1788172855.294814,119080,13,LR,0.0003457042751172039
1788172871.6515806,119120,13,Loss/l_ce,0.021600723266601562
1788172871.6517565,119120,13,Loss/l_total,0.021600723266601562
1788172871.6517813,119120,13,LR,0.0003457042751172039
1788172888.214292,119160,13,Loss/l_ce,0.014054059982299805
1788172888.2144606,119160,13,Loss/l_total,0.014054059982299805
1788172888.2144833,119160,13,LR,0.0003457042751172039
1788172906.2984695,119200,13,Loss/l_ce,0.013358831405639648
1788172906.2986324,119200,13,Loss/l_total,0.013358831405639648
1788172906.2986572,119200,13,LR,0.0003457042751172039
1788172922.059662,119240,13,Loss/l_ce,0.03603315353393555
1788172922.0598414,119240,13,Loss/l_total,0.03603315353393555
1788172922.0598664,119240,13,LR,0.0003457042751172039
1788172942.2917857,119280,13,Loss/l_ce,0.07253742218017578
1788172942.2919652,119280,13,Loss/l_total,0.07253742218017578
1788172942.2919877,119280,13,LR,0.0003457042751172039
1788172963.0683281,119320,13,Loss/l_ce,0.03415393829345703
1788172963.0685349,119320,13,Loss/l_total,0.03415393829345703
1788172963.06856,119320,13,LR,0.0003457042751172039
1788172980.8883781,119360,13,Loss/l_ce,0.01023244857788086
1788172980.88865,119360,13,Loss/l_total,0.01023244857788086
1788172980.8886747,119360,13,LR,0.0003457042751172039
1788173001.0051324,119400,13,Loss/l_ce,0.04028940200805664
1788173001.0053997,119400,13,Loss/l_total,0.04028940200805664
1788173001.005427,119400,13,LR,0.0003457042751172039
1788173017.424558,119440,13,Loss/l_ce,0.06611156463623047
1788173017.4248216,119440,13,Loss/l_total,0.06611156463623047
1788173017.4248464,119440,13,LR,0.0003457042751172039
1788173038.6734114,119480,13,Loss/l_ce,0.04150676727294922
1788173038.6736536,119480,13,Loss/l_total,0.04150676727294922
1788173038.6736808,119480,13,LR,0.0003457042751172039
1788173056.8938787,119520,13,Loss/l_ce,0.015072345733642578
1788173056.8940809,119520,13,Loss/l_total,0.015072345733642578
1788173056.8941069,119520,13,LR,0.0003457042751172039
1788173074.3814507,119560,13,Loss/l_ce,0.08974123001098633
1788173074.3816383,119560,13,Loss/l_total,0.08974123001098633
1788173074.381662,119560,13,LR,0.0003457042751172039
1788173092.0501645,119600,13,Loss/l_ce,0.014552593231201172
1788173092.0503426,119600,13,Loss/l_total,0.014552593231201172
1788173092.0503664,119600,13,LR,0.0003457042751172039
1788173107.8819644,119640,13,Loss/l_ce,0.05031752586364746
1788173107.8822198,119640,13,Loss/l_total,0.05031752586364746
1788173107.8822458,119640,13,LR,0.0003457042751172039
1788173126.47269,119680,13,Loss/l_ce,0.019440412521362305
1788173126.472917,119680,13,Loss/l_total,0.019440412521362305
1788173126.4729445,119680,13,LR,0.0003457042751172039
1788173143.281095,119720,13,Loss/l_ce,0.07591938972473145
1788173143.2812755,119720,13,Loss/l_total,0.07591938972473145
1788173143.2813005,119720,13,LR,0.0003457042751172039
1788173160.0314863,119760,13,Loss/l_ce,0.050882577896118164
1788173160.031643,119760,13,Loss/l_total,0.050882577896118164
1788173160.0316713,119760,13,LR,0.0003457042751172039
1788173178.5284455,119800,13,Loss/l_ce,0.07216548919677734
1788173178.528672,119800,13,Loss/l_total,0.07216548919677734
1788173178.528697,119800,13,LR,0.0003457042751172039
1788173194.6689243,119840,13,Loss/l_ce,0.014777898788452148
1788173194.6692507,119840,13,Loss/l_total,0.014777898788452148
1788173194.669283,119840,13,LR,0.0003457042751172039
1788173212.2952056,119880,13,Loss/l_ce,0.0328524112701416
1788173212.295524,119880,13,Loss/l_total,0.0328524112701416
1788173212.2955499,119880,13,LR,0.0003457042751172039
1788173227.0720608,119920,13,Loss/l_ce,0.015018224716186523
1788173227.0723376,119920,13,Loss/l_total,0.015018224716186523
1788173227.0723624,119920,13,LR,0.0003457042751172039
1788173247.5712757,119960,13,Loss/l_ce,0.018774032592773438
1788173247.5714514,119960,13,Loss/l_total,0.018774032592773438
1788173247.571473,119960,13,LR,0.0003457042751172039
1788173268.1221666,120000,13,Loss/l_ce,0.025227069854736328
1788173268.12238,120000,13,Loss/l_total,0.025227069854736328
1788173268.1224027,120000,13,LR,0.0003457042751172039
1788173284.9035783,120040,13,Loss/l_ce,0.022750139236450195
1788173284.90376,120040,13,Loss/l_total,0.022750139236450195
1788173284.9037814,120040,13,LR,0.0003457042751172039
1788173299.7848659,120080,13,Loss/l_ce,0.06764793395996094
1788173299.785058,120080,13,Loss/l_total,0.06764793395996094
1788173299.7850864,120080,13,LR,0.0003457042751172039
1788173317.1097572,120120,13,Loss/l_ce,0.0202329158782959
1788173317.1099281,120120,13,Loss/l_total,0.0202329158782959
1788173317.1099517,120120,13,LR,0.0003457042751172039
1788173333.981134,120160,13,Loss/l_ce,0.12151861190795898
1788173333.9813085,120160,13,Loss/l_total,0.12151861190795898
1788173333.9813309,120160,13,LR,0.0003457042751172039
1788173349.4271548,120200,13,Loss/l_ce,0.06508946418762207
1788173349.427377,120200,13,Loss/l_total,0.06508946418762207
1788173349.427403,120200,13,LR,0.0003457042751172039
1788173366.2017386,120240,13,Loss/l_ce,0.028256654739379883
1788173366.2019238,120240,13,Loss/l_total,0.028256654739379883
1788173366.2019536,120240,13,LR,0.0003457042751172039
1788173385.2782607,120280,13,Loss/l_ce,0.014713525772094727
1788173385.278422,120280,13,Loss/l_total,0.014713525772094727
1788173385.2784448,120280,13,LR,0.0003457042751172039
1788173404.7262921,120320,13,Loss/l_ce,0.005236387252807617
1788173404.7264726,120320,13,Loss/l_total,0.005236387252807617
1788173404.7264962,120320,13,LR,0.0003457042751172039
1788173419.6238718,120360,13,Loss/l_ce,0.05492448806762695
1788173419.6240997,120360,13,Loss/l_total,0.05492448806762695
1788173419.6241329,120360,13,LR,0.0003457042751172039
1788173437.5321147,120400,13,Loss/l_ce,0.01750349998474121
1788173437.5322762,120400,13,Loss/l_total,0.01750349998474121
1788173437.532301,120400,13,LR,0.0003457042751172039
1788173458.1419818,120440,13,Loss/l_ce,0.01881694793701172
1788173458.1422172,120440,13,Loss/l_total,0.01881694793701172
1788173458.1422434,120440,13,LR,0.0003457042751172039
1788173473.749551,120480,13,Loss/l_ce,0.09403610229492188
1788173473.7497888,120480,13,Loss/l_total,0.09403610229492188
1788173473.7498121,120480,13,LR,0.0003457042751172039
1788173491.8721483,120520,13,Loss/l_ce,0.07544279098510742
1788173491.8723714,120520,13,Loss/l_total,0.07544279098510742
1788173491.8723962,120520,13,LR,0.0003457042751172039
1788173508.4650795,120560,13,Loss/l_ce,0.021207809448242188
1788173508.4653027,120560,13,Loss/l_total,0.021207809448242188
1788173508.4653265,120560,13,LR,0.0003457042751172039
1788173525.157016,120600,13,Loss/l_ce,0.03728294372558594
1788173525.157275,120600,13,Loss/l_total,0.03728294372558594
1788173525.1573045,120600,13,LR,0.0003457042751172039
1788173540.9203677,120640,13,Loss/l_ce,0.042697906494140625
1788173540.9206004,120640,13,Loss/l_total,0.042697906494140625
1788173540.9206254,120640,13,LR,0.0003457042751172039
1788173560.9760072,120680,13,Loss/l_ce,0.09982800483703613
1788173560.9762516,120680,13,Loss/l_total,0.09982800483703613
1788173560.9762764,120680,13,LR,0.0003457042751172039
1788173577.2987351,120720,13,Loss/l_ce,0.011483192443847656
1788173577.2989678,120720,13,Loss/l_total,0.011483192443847656
1788173577.2989917,120720,13,LR,0.0003457042751172039
1788173594.8391564,120760,13,Loss/l_ce,0.015356063842773438
1788173594.839319,120760,13,Loss/l_total,0.015356063842773438
1788173594.839344,120760,13,LR,0.0003457042751172039
1788173612.1844113,120800,13,Loss/l_ce,0.012666702270507812
1788173612.184586,120800,13,Loss/l_total,0.012666702270507812
1788173612.1846085,120800,13,LR,0.0003457042751172039
1788173631.570408,120840,13,Loss/l_ce,0.03300189971923828
1788173631.5706184,120840,13,Loss/l_total,0.03300189971923828
1788173631.570711,120840,13,LR,0.0003457042751172039
1788173648.3322988,120880,13,Loss/l_ce,0.016977310180664062
1788173648.332498,120880,13,Loss/l_total,0.016977310180664062
1788173648.332522,120880,13,LR,0.0003457042751172039
1788173667.5443652,120920,13,Loss/l_ce,0.04532909393310547
1788173667.5445874,120920,13,Loss/l_total,0.04532909393310547
1788173667.5446098,120920,13,LR,0.0003457042751172039
1788173682.6871214,120960,13,Loss/l_ce,0.04490208625793457
1788173682.6872983,120960,13,Loss/l_total,0.04490208625793457
1788173682.6873221,120960,13,LR,0.0003457042751172039
1788173700.0867202,121000,13,Loss/l_ce,0.0470428466796875
1788173700.0868924,121000,13,Loss/l_total,0.0470428466796875
1788173700.0869172,121000,13,LR,0.0003457042751172039
1788173718.4868655,121040,13,Loss/l_ce,0.09512829780578613
1788173718.4871018,121040,13,Loss/l_total,0.09512829780578613
1788173718.4871268,121040,13,LR,0.0003457042751172039
1788173733.6773427,121080,13,Loss/l_ce,0.014452457427978516
1788173733.6775196,121080,13,Loss/l_total,0.014452457427978516
1788173733.6775434,121080,13,LR,0.0003457042751172039
1788173748.552967,121120,13,Loss/l_ce,0.020620346069335938
1788173748.5532093,121120,13,Loss/l_total,0.020620346069335938
1788173748.553232,121120,13,LR,0.0003457042751172039
1788173766.2819548,121160,13,Loss/l_ce,0.03896808624267578
1788173766.2821958,121160,13,Loss/l_total,0.03896808624267578
1788173766.2822194,121160,13,LR,0.0003457042751172039
1788173783.508288,121200,13,Loss/l_ce,0.06551504135131836
1788173783.508491,121200,13,Loss/l_total,0.06551504135131836
1788173783.5085125,121200,13,LR,0.0003457042751172039
1788173804.576417,121240,13,Loss/l_ce,0.016515731811523438
1788173804.5766213,121240,13,Loss/l_total,0.016515731811523438
1788173804.576644,121240,13,LR,0.0003457042751172039
1788173822.7988756,121280,13,Loss/l_ce,0.0411829948425293
1788173822.7991061,121280,13,Loss/l_total,0.0411829948425293
1788173822.7991335,121280,13,LR,0.0003457042751172039
1788173837.8684728,121320,13,Loss/l_ce,0.04214882850646973
1788173837.868638,121320,13,Loss/l_total,0.04214882850646973
1788173837.8686593,121320,13,LR,0.0003457042751172039
1788173855.8950107,121360,13,Loss/l_ce,0.07798433303833008
1788173855.8952425,121360,13,Loss/l_total,0.07798433303833008
1788173855.8952663,121360,13,LR,0.0003457042751172039
1788173872.7362912,121400,13,Loss/l_ce,0.03276705741882324
1788173872.7365012,121400,13,Loss/l_total,0.03276705741882324
1788173872.7365248,121400,13,LR,0.0003457042751172039
1788173887.4219744,121440,13,Loss/l_ce,0.026007652282714844
1788173887.42218,121440,13,Loss/l_total,0.026007652282714844
1788173887.4222035,121440,13,LR,0.0003457042751172039
1788173902.0285668,121480,13,Loss/l_ce,0.10815763473510742
1788173902.028752,121480,13,Loss/l_total,0.10815763473510742
1788173902.028777,121480,13,LR,0.0003457042751172039
1788173916.6100898,121520,13,Loss/l_ce,0.034668684005737305
1788173916.6102536,121520,13,Loss/l_total,0.034668684005737305
1788173916.6102774,121520,13,LR,0.0003457042751172039
1788173931.3008096,121560,13,Loss/l_ce,0.009916067123413086
1788173931.300964,121560,13,Loss/l_total,0.009916067123413086
1788173931.3009865,121560,13,LR,0.0003457042751172039
1788173946.005817,121600,13,Loss/l_ce,0.019263267517089844
1788173946.0059876,121600,13,Loss/l_total,0.019263267517089844
1788173946.0060127,121600,13,LR,0.0003457042751172039
1788173960.5093617,121640,13,Loss/l_ce,0.06790351867675781
1788173960.509522,121640,13,Loss/l_total,0.06790351867675781
1788173960.5095458,121640,13,LR,0.0003457042751172039
1788173975.0882325,121680,13,Loss/l_ce,0.023682117462158203
1788173975.0884237,121680,13,Loss/l_total,0.023682117462158203
1788173975.0884485,121680,13,LR,0.0003457042751172039
1788173990.781539,121720,13,Loss/l_ce,0.016628265380859375
1788173990.7817814,121720,13,Loss/l_total,0.016628265380859375
1788173990.781805,121720,13,LR,0.0003457042751172039
1788174005.5545201,121760,13,Loss/l_ce,0.04302263259887695
1788174005.5547433,121760,13,Loss/l_total,0.04302263259887695
1788174005.5547707,121760,13,LR,0.0003457042751172039
1788174021.099805,121800,13,Loss/l_ce,0.022099018096923828
1788174021.0999856,121800,13,Loss/l_total,0.022099018096923828
1788174021.1000104,121800,13,LR,0.0003457042751172039
1788174070.8486097,121828,13,Val/dense_error,0.02967238426208496
1788174070.8489208,121828,13,Val/auc,0.742525212730887
1788174070.848947,121828,13,Val/pck_max,0.1
1788174070.848966,121828,13,Val/pck_n,100.0
1788174081.6590788,121840,14,Loss/l_ce,0.059804439544677734
1788174081.65925,121840,14,Loss/l_total,0.059804439544677734
1788174081.6592715,121840,14,LR,0.0002854966364683871
1788174096.7277586,121880,14,Loss/l_ce,0.10087347030639648
1788174096.7279627,121880,14,Loss/l_total,0.10087347030639648
1788174096.7279887,121880,14,LR,0.0002854966364683871
1788174112.4194388,121920,14,Loss/l_ce,0.021671056747436523
1788174112.4197273,121920,14,Loss/l_total,0.021671056747436523
1788174112.4197536,121920,14,LR,0.0002854966364683871
1788174127.6755974,121960,14,Loss/l_ce,0.12663984298706055
1788174127.6758015,121960,14,Loss/l_total,0.12663984298706055
1788174127.6758277,121960,14,LR,0.0002854966364683871
1788174142.864763,122000,14,Loss/l_ce,0.040265798568725586
1788174142.864972,122000,14,Loss/l_total,0.040265798568725586
1788174142.8650005,122000,14,LR,0.0002854966364683871
1788174158.6389787,122040,14,Loss/l_ce,0.06680417060852051
1788174158.639176,122040,14,Loss/l_total,0.06680417060852051
1788174158.639202,122040,14,LR,0.0002854966364683871
1788174174.6806307,122080,14,Loss/l_ce,0.023472309112548828
1788174174.6808052,122080,14,Loss/l_total,0.023472309112548828
1788174174.6808279,122080,14,LR,0.0002854966364683871
1788174190.018266,122120,14,Loss/l_ce,0.042615652084350586
1788174190.0184832,122120,14,Loss/l_total,0.042615652084350586
1788174190.018508,122120,14,LR,0.0002854966364683871
1788174204.5493548,122160,14,Loss/l_ce,0.023345232009887695
1788174204.5496716,122160,14,Loss/l_total,0.023345232009887695
1788174204.5496964,122160,14,LR,0.0002854966364683871
1788174219.3676417,122200,14,Loss/l_ce,0.017620325088500977
1788174219.367904,122200,14,Loss/l_total,0.017620325088500977
1788174219.3679278,122200,14,LR,0.0002854966364683871
1788174233.646882,122240,14,Loss/l_ce,0.050571441650390625
1788174233.6471846,122240,14,Loss/l_total,0.050571441650390625
1788174233.647212,122240,14,LR,0.0002854966364683871
1788174247.8025618,122280,14,Loss/l_ce,0.030823945999145508
1788174247.8027864,122280,14,Loss/l_total,0.030823945999145508
1788174247.80281,122280,14,LR,0.0002854966364683871
1788174262.3883405,122320,14,Loss/l_ce,0.022278785705566406
1788174262.3886752,122320,14,Loss/l_total,0.022278785705566406
1788174262.3887002,122320,14,LR,0.0002854966364683871
1788174276.6725512,122360,14,Loss/l_ce,0.10395145416259766
1788174276.6727185,122360,14,Loss/l_total,0.10395145416259766
1788174276.6727424,122360,14,LR,0.0002854966364683871
1788174290.9524987,122400,14,Loss/l_ce,0.038660526275634766
1788174290.952786,122400,14,Loss/l_total,0.038660526275634766
1788174290.9528098,122400,14,LR,0.0002854966364683871
1788174305.358215,122440,14,Loss/l_ce,0.08843421936035156
1788174305.3583968,122440,14,Loss/l_total,0.08843421936035156
1788174305.3584204,122440,14,LR,0.0002854966364683871
1788174319.6370006,122480,14,Loss/l_ce,0.10048580169677734
1788174319.637302,122480,14,Loss/l_total,0.10048580169677734
1788174319.637327,122480,14,LR,0.0002854966364683871
1788174334.2173684,122520,14,Loss/l_ce,0.025484561920166016
1788174334.2175817,122520,14,Loss/l_total,0.025484561920166016
1788174334.2176223,122520,14,LR,0.0002854966364683871
1788174349.044126,122560,14,Loss/l_ce,0.017322063446044922
1788174349.0443408,122560,14,Loss/l_total,0.017322063446044922
1788174349.0443645,122560,14,LR,0.0002854966364683871
1788174363.5438077,122600,14,Loss/l_ce,0.08423852920532227
1788174363.5441084,122600,14,Loss/l_total,0.08423852920532227
1788174363.544139,122600,14,LR,0.0002854966364683871
1788174378.0879707,122640,14,Loss/l_ce,0.022853851318359375
1788174378.088221,122640,14,Loss/l_total,0.022853851318359375
1788174378.0882485,122640,14,LR,0.0002854966364683871
1788174392.6225808,122680,14,Loss/l_ce,0.05695533752441406
1788174392.6228776,122680,14,Loss/l_total,0.05695533752441406
1788174392.6229026,122680,14,LR,0.0002854966364683871
1788174407.1611304,122720,14,Loss/l_ce,0.04455852508544922
1788174407.1614096,122720,14,Loss/l_total,0.04455852508544922
1788174407.161433,122720,14,LR,0.0002854966364683871
1788174421.8101118,122760,14,Loss/l_ce,0.05927228927612305
1788174421.8103063,122760,14,Loss/l_total,0.05927228927612305
1788174421.8103287,122760,14,LR,0.0002854966364683871
1788174436.2295997,122800,14,Loss/l_ce,0.01381540298461914
1788174436.2298145,122800,14,Loss/l_total,0.01381540298461914
1788174436.2298384,122800,14,LR,0.0002854966364683871
1788174450.6500235,122840,14,Loss/l_ce,0.017732858657836914
1788174450.6503167,122840,14,Loss/l_total,0.017732858657836914
1788174450.6503394,122840,14,LR,0.0002854966364683871
1788174465.494918,122880,14,Loss/l_ce,0.08561372756958008
1788174465.4951973,122880,14,Loss/l_total,0.08561372756958008
1788174465.4952245,122880,14,LR,0.0002854966364683871
1788174480.3449123,122920,14,Loss/l_ce,0.01959991455078125
1788174480.3451297,122920,14,Loss/l_total,0.01959991455078125
1788174480.3451536,122920,14,LR,0.0002854966364683871
1788174494.9264846,122960,14,Loss/l_ce,0.01429605484008789
1788174494.9267683,122960,14,Loss/l_total,0.01429605484008789
1788174494.9267945,122960,14,LR,0.0002854966364683871
1788174509.3365438,123000,14,Loss/l_ce,0.03493928909301758
1788174509.336787,123000,14,Loss/l_total,0.03493928909301758
1788174509.3368144,123000,14,LR,0.0002854966364683871
1788174523.9260852,123040,14,Loss/l_ce,0.0358121395111084
1788174523.9262905,123040,14,Loss/l_total,0.0358121395111084
1788174523.926313,123040,14,LR,0.0002854966364683871
1788174538.3905368,123080,14,Loss/l_ce,0.021659135818481445
1788174538.3907554,123080,14,Loss/l_total,0.021659135818481445
1788174538.3907802,123080,14,LR,0.0002854966364683871
1788174553.197688,123120,14,Loss/l_ce,0.02565455436706543
1788174553.1979458,123120,14,Loss/l_total,0.02565455436706543
1788174553.1979685,123120,14,LR,0.0002854966364683871
1788174567.7425828,123160,14,Loss/l_ce,0.01830768585205078
1788174567.7428582,123160,14,Loss/l_total,0.01830768585205078
1788174567.7428844,123160,14,LR,0.0002854966364683871
1788174582.5448508,123200,14,Loss/l_ce,0.02528548240661621
1788174582.545175,123200,14,Loss/l_total,0.02528548240661621
1788174582.545199,123200,14,LR,0.0002854966364683871
1788174597.120123,123240,14,Loss/l_ce,0.019110441207885742
1788174597.1203759,123240,14,Loss/l_total,0.019110441207885742
1788174597.1203995,123240,14,LR,0.0002854966364683871
1788174611.6137636,123280,14,Loss/l_ce,0.10921955108642578
1788174611.614141,123280,14,Loss/l_total,0.10921955108642578
1788174611.6144083,123280,14,LR,0.0002854966364683871
1788174626.1789353,123320,14,Loss/l_ce,0.0020427703857421875
1788174626.179188,123320,14,Loss/l_total,0.0020427703857421875
1788174626.179219,123320,14,LR,0.0002854966364683871
1788174641.1004367,123360,14,Loss/l_ce,0.00743412971496582
1788174641.1006835,123360,14,Loss/l_total,0.00743412971496582
1788174641.1007097,123360,14,LR,0.0002854966364683871
1788174655.7118037,123400,14,Loss/l_ce,0.02691507339477539
1788174655.7119853,123400,14,Loss/l_total,0.02691507339477539
1788174655.712008,123400,14,LR,0.0002854966364683871
1788174670.34577,123440,14,Loss/l_ce,0.004803657531738281
1788174670.345942,123440,14,Loss/l_total,0.004803657531738281
1788174670.3461666,123440,14,LR,0.0002854966364683871
1788174685.050258,123480,14,Loss/l_ce,0.028362274169921875
1788174685.0504086,123480,14,Loss/l_total,0.028362274169921875
1788174685.0504303,123480,14,LR,0.0002854966364683871
1788174699.6763692,123520,14,Loss/l_ce,0.10103297233581543
1788174699.6765876,123520,14,Loss/l_total,0.10103297233581543
1788174699.6766114,123520,14,LR,0.0002854966364683871
1788174714.057652,123560,14,Loss/l_ce,0.042379140853881836
1788174714.0579405,123560,14,Loss/l_total,0.042379140853881836
1788174714.057968,123560,14,LR,0.0002854966364683871
1788174729.0479019,123600,14,Loss/l_ce,0.04609799385070801
1788174729.0483649,123600,14,Loss/l_total,0.04609799385070801
1788174729.0484111,123600,14,LR,0.0002854966364683871
1788174743.4063792,123640,14,Loss/l_ce,0.0503239631652832
1788174743.4066713,123640,14,Loss/l_total,0.0503239631652832
1788174743.4066951,123640,14,LR,0.0002854966364683871
1788174758.0373185,123680,14,Loss/l_ce,0.05968666076660156
1788174758.0376165,123680,14,Loss/l_total,0.05968666076660156
1788174758.03764,123680,14,LR,0.0002854966364683871
1788174772.7913017,123720,14,Loss/l_ce,0.014389991760253906
1788174772.7915273,123720,14,Loss/l_total,0.014389991760253906
1788174772.7915497,123720,14,LR,0.0002854966364683871
1788174787.4529228,123760,14,Loss/l_ce,0.01825857162475586
1788174787.4531295,123760,14,Loss/l_total,0.01825857162475586
1788174787.4531567,123760,14,LR,0.0002854966364683871
1788174801.9559667,123800,14,Loss/l_ce,0.020200252532958984
1788174801.9561603,123800,14,Loss/l_total,0.020200252532958984
1788174801.956184,123800,14,LR,0.0002854966364683871
1788174816.7111633,123840,14,Loss/l_ce,0.024512767791748047
1788174816.7113569,123840,14,Loss/l_total,0.024512767791748047
1788174816.7113807,123840,14,LR,0.0002854966364683871
1788174831.6023018,123880,14,Loss/l_ce,0.05883288383483887
1788174831.6024837,123880,14,Loss/l_total,0.05883288383483887
1788174831.602505,123880,14,LR,0.0002854966364683871
1788174846.2376428,123920,14,Loss/l_ce,0.017385244369506836
1788174846.23791,123920,14,Loss/l_total,0.017385244369506836
1788174846.2379336,123920,14,LR,0.0002854966364683871
1788174860.8001645,123960,14,Loss/l_ce,0.023651599884033203
1788174860.8004043,123960,14,Loss/l_total,0.023651599884033203
1788174860.8004293,123960,14,LR,0.0002854966364683871
1788174875.4048328,124000,14,Loss/l_ce,0.02066779136657715
1788174875.405056,124000,14,Loss/l_total,0.02066779136657715
1788174875.4050844,124000,14,LR,0.0002854966364683871
1788174890.0422134,124040,14,Loss/l_ce,0.021298885345458984
1788174890.0423772,124040,14,Loss/l_total,0.021298885345458984
1788174890.0423996,124040,14,LR,0.0002854966364683871
1788174904.752666,124080,14,Loss/l_ce,0.05300641059875488
1788174904.7528348,124080,14,Loss/l_total,0.05300641059875488
1788174904.7528586,124080,14,LR,0.0002854966364683871
1788174919.6205425,124120,14,Loss/l_ce,0.02191925048828125
1788174919.6207216,124120,14,Loss/l_total,0.02191925048828125
1788174919.6207442,124120,14,LR,0.0002854966364683871
1788174934.5573268,124160,14,Loss/l_ce,0.05220389366149902
1788174934.5575037,124160,14,Loss/l_total,0.05220389366149902
1788174934.557531,124160,14,LR,0.0002854966364683871
1788174949.1996424,124200,14,Loss/l_ce,0.02387857437133789
1788174949.1998036,124200,14,Loss/l_total,0.02387857437133789
1788174949.1998274,124200,14,LR,0.0002854966364683871
1788174964.8914669,124240,14,Loss/l_ce,0.021924257278442383
1788174964.8916388,124240,14,Loss/l_total,0.021924257278442383
1788174964.8916616,124240,14,LR,0.0002854966364683871
1788174980.9382353,124280,14,Loss/l_ce,0.024181365966796875
1788174980.938398,124280,14,Loss/l_total,0.024181365966796875
1788174980.9384208,124280,14,LR,0.0002854966364683871
1788174997.0173852,124320,14,Loss/l_ce,0.030289173126220703
1788174997.0175443,124320,14,Loss/l_total,0.030289173126220703
1788174997.0175703,124320,14,LR,0.0002854966364683871
1788175012.7979054,124360,14,Loss/l_ce,0.015045881271362305
1788175012.7980967,124360,14,Loss/l_total,0.015045881271362305
1788175012.7987592,124360,14,LR,0.0002854966364683871
1788175028.7666087,124400,14,Loss/l_ce,0.014126777648925781
1788175028.7667878,124400,14,Loss/l_total,0.014126777648925781
1788175028.7668104,124400,14,LR,0.0002854966364683871
1788175044.943994,124440,14,Loss/l_ce,0.0150146484375
1788175044.9441688,124440,14,Loss/l_total,0.0150146484375
1788175044.9441922,124440,14,LR,0.0002854966364683871
1788175060.9697561,124480,14,Loss/l_ce,0.013722896575927734
1788175060.9699793,124480,14,Loss/l_total,0.013722896575927734
1788175060.9700067,124480,14,LR,0.0002854966364683871
1788175077.2839656,124520,14,Loss/l_ce,0.01720452308654785
1788175077.2842102,124520,14,Loss/l_total,0.01720452308654785
1788175077.2842362,124520,14,LR,0.0002854966364683871
1788175093.171256,124560,14,Loss/l_ce,0.019328832626342773
1788175093.1715198,124560,14,Loss/l_total,0.019328832626342773
1788175093.1715446,124560,14,LR,0.0002854966364683871
1788175109.1625667,124600,14,Loss/l_ce,0.11003232002258301
1788175109.1627553,124600,14,Loss/l_total,0.11003232002258301
1788175109.162778,124600,14,LR,0.0002854966364683871
1788175125.0984435,124640,14,Loss/l_ce,0.06807422637939453
1788175125.0986192,124640,14,Loss/l_total,0.06807422637939453
1788175125.0986428,124640,14,LR,0.0002854966364683871
1788175141.339593,124680,14,Loss/l_ce,0.014860153198242188
1788175141.3397486,124680,14,Loss/l_total,0.014860153198242188
1788175141.3397725,124680,14,LR,0.0002854966364683871
1788175157.376808,124720,14,Loss/l_ce,0.025044679641723633
1788175157.3770123,124720,14,Loss/l_total,0.025044679641723633
1788175157.3770669,124720,14,LR,0.0002854966364683871
1788175173.5382164,124760,14,Loss/l_ce,0.019690752029418945
1788175173.538447,124760,14,Loss/l_total,0.019690752029418945
1788175173.5384717,124760,14,LR,0.0002854966364683871
1788175189.5624127,124800,14,Loss/l_ce,0.028844833374023438
1788175189.5626004,124800,14,Loss/l_total,0.028844833374023438
1788175189.5626242,124800,14,LR,0.0002854966364683871
1788175205.6027377,124840,14,Loss/l_ce,0.0962376594543457
1788175205.6029146,124840,14,Loss/l_total,0.0962376594543457
1788175205.6029382,124840,14,LR,0.0002854966364683871
1788175221.3748014,124880,14,Loss/l_ce,0.021775484085083008
1788175221.3749735,124880,14,Loss/l_total,0.021775484085083008
1788175221.3749971,124880,14,LR,0.0002854966364683871
1788175237.2563596,124920,14,Loss/l_ce,0.006104946136474609
1788175237.2565594,124920,14,Loss/l_total,0.006104946136474609
1788175237.2565842,124920,14,LR,0.0002854966364683871
1788175253.3623774,124960,14,Loss/l_ce,0.025664329528808594
1788175253.3626232,124960,14,Loss/l_total,0.025664329528808594
1788175253.362647,124960,14,LR,0.0002854966364683871
1788175269.5623946,125000,14,Loss/l_ce,0.04472088813781738
1788175269.5625741,125000,14,Loss/l_total,0.04472088813781738
1788175269.5625975,125000,14,LR,0.0002854966364683871
1788175285.438367,125040,14,Loss/l_ce,0.1251845359802246
1788175285.4386117,125040,14,Loss/l_total,0.1251845359802246
1788175285.4386342,125040,14,LR,0.0002854966364683871
1788175300.4961,125080,14,Loss/l_ce,0.01620006561279297
1788175300.4963028,125080,14,Loss/l_total,0.01620006561279297
1788175300.4963276,125080,14,LR,0.0002854966364683871
1788175315.123595,125120,14,Loss/l_ce,0.017739295959472656
1788175315.1237552,125120,14,Loss/l_total,0.017739295959472656
1788175315.12378,125120,14,LR,0.0002854966364683871
1788175329.5827732,125160,14,Loss/l_ce,0.01607060432434082
1788175329.5829442,125160,14,Loss/l_total,0.01607060432434082
1788175329.582968,125160,14,LR,0.0002854966364683871
1788175344.5581293,125200,14,Loss/l_ce,0.05468583106994629
1788175344.5583313,125200,14,Loss/l_total,0.05468583106994629
1788175344.558362,125200,14,LR,0.0002854966364683871
1788175359.277969,125240,14,Loss/l_ce,0.061467647552490234
1788175359.278159,125240,14,Loss/l_total,0.061467647552490234
1788175359.2781825,125240,14,LR,0.0002854966364683871
1788175373.9398744,125280,14,Loss/l_ce,0.08759784698486328
1788175373.9400666,125280,14,Loss/l_total,0.08759784698486328
1788175373.9401116,125280,14,LR,0.0002854966364683871
1788175388.4675572,125320,14,Loss/l_ce,0.0384516716003418
1788175388.4677174,125320,14,Loss/l_total,0.0384516716003418
1788175388.4677413,125320,14,LR,0.0002854966364683871
1788175403.091316,125360,14,Loss/l_ce,0.017821550369262695
1788175403.0914645,125360,14,Loss/l_total,0.017821550369262695
1788175403.0914893,125360,14,LR,0.0002854966364683871
1788175417.8595617,125400,14,Loss/l_ce,0.027202129364013672
1788175417.8597813,125400,14,Loss/l_total,0.027202129364013672
1788175417.8598075,125400,14,LR,0.0002854966364683871
1788175432.5175135,125440,14,Loss/l_ce,0.08166289329528809
1788175432.517676,125440,14,Loss/l_total,0.08166289329528809
1788175432.5176985,125440,14,LR,0.0002854966364683871
1788175447.471262,125480,14,Loss/l_ce,0.08730030059814453
1788175447.4714293,125480,14,Loss/l_total,0.08730030059814453
1788175447.4714556,125480,14,LR,0.0002854966364683871
1788175462.061759,125520,14,Loss/l_ce,0.07234954833984375
1788175462.0619273,125520,14,Loss/l_total,0.07234954833984375
1788175462.0619526,125520,14,LR,0.0002854966364683871
1788175476.7532244,125560,14,Loss/l_ce,0.03230094909667969
1788175476.7534606,125560,14,Loss/l_total,0.03230094909667969
1788175476.7534845,125560,14,LR,0.0002854966364683871
1788175491.612963,125600,14,Loss/l_ce,0.12592411041259766
1788175491.6132338,125600,14,Loss/l_total,0.12592411041259766
1788175491.613267,125600,14,LR,0.0002854966364683871
1788175506.7024825,125640,14,Loss/l_ce,0.01659083366394043
1788175506.7026463,125640,14,Loss/l_total,0.01659083366394043
1788175506.7026725,125640,14,LR,0.0002854966364683871
1788175521.4131763,125680,14,Loss/l_ce,0.020633220672607422
1788175521.4133615,125680,14,Loss/l_total,0.020633220672607422
1788175521.4133887,125680,14,LR,0.0002854966364683871
1788175535.927302,125720,14,Loss/l_ce,0.06264996528625488
1788175535.927487,125720,14,Loss/l_total,0.06264996528625488
1788175535.9275095,125720,14,LR,0.0002854966364683871
1788175550.554498,125760,14,Loss/l_ce,0.03575778007507324
1788175550.5546808,125760,14,Loss/l_total,0.03575778007507324
1788175550.5547047,125760,14,LR,0.0002854966364683871
1788175565.3588955,125800,14,Loss/l_ce,0.04685163497924805
1788175565.3591652,125800,14,Loss/l_total,0.04685163497924805
1788175565.3591912,125800,14,LR,0.0002854966364683871
1788175580.0606112,125840,14,Loss/l_ce,0.03178095817565918
1788175580.0608692,125840,14,Loss/l_total,0.03178095817565918
1788175580.0608952,125840,14,LR,0.0002854966364683871
1788175594.6420565,125880,14,Loss/l_ce,0.020749807357788086
1788175594.6422548,125880,14,Loss/l_total,0.020749807357788086
1788175594.642276,125880,14,LR,0.0002854966364683871
1788175609.1477153,125920,14,Loss/l_ce,0.015776634216308594
1788175609.1479316,125920,14,Loss/l_total,0.015776634216308594
1788175609.1479564,125920,14,LR,0.0002854966364683871
1788175623.8493292,125960,14,Loss/l_ce,0.0069844722747802734
1788175623.8496568,125960,14,Loss/l_total,0.0069844722747802734
1788175623.849683,125960,14,LR,0.0002854966364683871
1788175638.81255,126000,14,Loss/l_ce,0.07506465911865234
1788175638.812816,126000,14,Loss/l_total,0.07506465911865234
1788175638.8128374,126000,14,LR,0.0002854966364683871
1788175653.750737,126040,14,Loss/l_ce,0.01597738265991211
1788175653.750947,126040,14,Loss/l_total,0.01597738265991211
1788175653.7509768,126040,14,LR,0.0002854966364683871
1788175668.5789862,126080,14,Loss/l_ce,0.01374673843383789
1788175668.5792487,126080,14,Loss/l_total,0.01374673843383789
1788175668.5792735,126080,14,LR,0.0002854966364683871
1788175683.7241411,126120,14,Loss/l_ce,0.022951364517211914
1788175683.7243738,126120,14,Loss/l_total,0.022951364517211914
1788175683.7243998,126120,14,LR,0.0002854966364683871
1788175698.8352125,126160,14,Loss/l_ce,0.024523258209228516
1788175698.8353727,126160,14,Loss/l_total,0.024523258209228516
1788175698.8353963,126160,14,LR,0.0002854966364683871
1788175713.6338542,126200,14,Loss/l_ce,0.016901493072509766
1788175713.6340656,126200,14,Loss/l_total,0.016901493072509766
1788175713.6342294,126200,14,LR,0.0002854966364683871
1788175728.2470253,126240,14,Loss/l_ce,0.0040836334228515625
1788175728.2472022,126240,14,Loss/l_total,0.0040836334228515625
1788175728.2472258,126240,14,LR,0.0002854966364683871
1788175743.0982296,126280,14,Loss/l_ce,0.02491021156311035
1788175743.0983958,126280,14,Loss/l_total,0.02491021156311035
1788175743.0984197,126280,14,LR,0.0002854966364683871
1788175757.599979,126320,14,Loss/l_ce,0.03356432914733887
1788175757.6001701,126320,14,Loss/l_total,0.03356432914733887
1788175757.6001952,126320,14,LR,0.0002854966364683871
1788175772.4001536,126360,14,Loss/l_ce,0.0309598445892334
1788175772.4003234,126360,14,Loss/l_total,0.0309598445892334
1788175772.4003458,126360,14,LR,0.0002854966364683871
1788175787.1288447,126400,14,Loss/l_ce,0.029407024383544922
1788175787.1290631,126400,14,Loss/l_total,0.029407024383544922
1788175787.1290894,126400,14,LR,0.0002854966364683871
1788175802.1405928,126440,14,Loss/l_ce,0.016457796096801758
1788175802.1407986,126440,14,Loss/l_total,0.016457796096801758
1788175802.1408234,126440,14,LR,0.0002854966364683871
1788175816.878209,126480,14,Loss/l_ce,0.08621883392333984
1788175816.8784394,126480,14,Loss/l_total,0.08621883392333984
1788175816.8784633,126480,14,LR,0.0002854966364683871
1788175831.5791247,126520,14,Loss/l_ce,0.10730433464050293
1788175831.5792813,126520,14,Loss/l_total,0.10730433464050293
1788175831.579303,126520,14,LR,0.0002854966364683871
1788175846.1437426,126560,14,Loss/l_ce,0.02187061309814453
1788175846.1439824,126560,14,Loss/l_total,0.02187061309814453
1788175846.1440072,126560,14,LR,0.0002854966364683871
1788175861.0266635,126600,14,Loss/l_ce,0.06122183799743652
1788175861.0268536,126600,14,Loss/l_total,0.06122183799743652
1788175861.0268772,126600,14,LR,0.0002854966364683871
1788175875.797052,126640,14,Loss/l_ce,0.010752201080322266
1788175875.7972739,126640,14,Loss/l_total,0.010752201080322266
1788175875.7972977,126640,14,LR,0.0002854966364683871
1788175890.702487,126680,14,Loss/l_ce,0.1157522201538086
1788175890.702714,126680,14,Loss/l_total,0.1157522201538086
1788175890.702739,126680,14,LR,0.0002854966364683871
1788175905.9343596,126720,14,Loss/l_ce,0.09605813026428223
1788175905.9345841,126720,14,Loss/l_total,0.09605813026428223
1788175905.934608,126720,14,LR,0.0002854966364683871
1788175921.2439137,126760,14,Loss/l_ce,0.01945185661315918
1788175921.2441974,126760,14,Loss/l_total,0.01945185661315918
1788175921.2442212,126760,14,LR,0.0002854966364683871
1788175936.4689674,126800,14,Loss/l_ce,0.01780390739440918
1788175936.4692225,126800,14,Loss/l_total,0.01780390739440918
1788175936.4692478,126800,14,LR,0.0002854966364683871
1788175951.1764567,126840,14,Loss/l_ce,0.015039682388305664
1788175951.1766741,126840,14,Loss/l_total,0.015039682388305664
1788175951.1766965,126840,14,LR,0.0002854966364683871
1788175965.6773183,126880,14,Loss/l_ce,0.11240291595458984
1788175965.677475,126880,14,Loss/l_total,0.11240291595458984
1788175965.6774988,126880,14,LR,0.0002854966364683871
1788175980.5276496,126920,14,Loss/l_ce,0.11065006256103516
1788175980.5278099,126920,14,Loss/l_total,0.11065006256103516
1788175980.5278347,126920,14,LR,0.0002854966364683871
1788175995.262004,126960,14,Loss/l_ce,0.024047136306762695
1788175995.262194,126960,14,Loss/l_total,0.024047136306762695
1788175995.2622201,126960,14,LR,0.0002854966364683871
1788176010.0691528,127000,14,Loss/l_ce,0.01590585708618164
1788176010.0694935,127000,14,Loss/l_total,0.01590585708618164
1788176010.069522,127000,14,LR,0.0002854966364683871
1788176024.838881,127040,14,Loss/l_ce,0.03958916664123535
1788176024.8390841,127040,14,Loss/l_total,0.03958916664123535
1788176024.8391125,127040,14,LR,0.0002854966364683871
1788176039.511343,127080,14,Loss/l_ce,0.04227161407470703
1788176039.511534,127080,14,Loss/l_total,0.04227161407470703
1788176039.5115578,127080,14,LR,0.0002854966364683871
1788176054.3092155,127120,14,Loss/l_ce,0.03431510925292969
1788176054.30939,127120,14,Loss/l_total,0.03431510925292969
1788176054.3094378,127120,14,LR,0.0002854966364683871
1788176069.2982616,127160,14,Loss/l_ce,0.14034199714660645
1788176069.2984304,127160,14,Loss/l_total,0.14034199714660645
1788176069.2984517,127160,14,LR,0.0002854966364683871
1788176084.009541,127200,14,Loss/l_ce,0.13257312774658203
1788176084.009705,127200,14,Loss/l_total,0.13257312774658203
1788176084.0097287,127200,14,LR,0.0002854966364683871
1788176098.8950634,127240,14,Loss/l_ce,0.1196129322052002
1788176098.8952582,127240,14,Loss/l_total,0.1196129322052002
1788176098.8952816,127240,14,LR,0.0002854966364683871
1788176113.8468425,127280,14,Loss/l_ce,0.04082298278808594
1788176113.8470838,127280,14,Loss/l_total,0.04082298278808594
1788176113.8471098,127280,14,LR,0.0002854966364683871
1788176128.7306414,127320,14,Loss/l_ce,0.019091367721557617
1788176128.7308812,127320,14,Loss/l_total,0.019091367721557617
1788176128.730905,127320,14,LR,0.0002854966364683871
1788176143.510107,127360,14,Loss/l_ce,0.07778310775756836
1788176143.5103672,127360,14,Loss/l_total,0.07778310775756836
1788176143.5103898,127360,14,LR,0.0002854966364683871
1788176158.3342714,127400,14,Loss/l_ce,0.04272150993347168
1788176158.3344674,127400,14,Loss/l_total,0.04272150993347168
1788176158.3344913,127400,14,LR,0.0002854966364683871
1788176173.2869318,127440,14,Loss/l_ce,0.03290891647338867
1788176173.2871184,127440,14,Loss/l_total,0.03290891647338867
1788176173.2871432,127440,14,LR,0.0002854966364683871
1788176188.2851813,127480,14,Loss/l_ce,0.01923656463623047
1788176188.2853532,127480,14,Loss/l_total,0.01923656463623047
1788176188.2853782,127480,14,LR,0.0002854966364683871
1788176202.917844,127520,14,Loss/l_ce,0.007018089294433594
1788176202.9180055,127520,14,Loss/l_total,0.007018089294433594
1788176202.9180565,127520,14,LR,0.0002854966364683871
1788176217.6916206,127560,14,Loss/l_ce,0.01651763916015625
1788176217.6917903,127560,14,Loss/l_total,0.01651763916015625
1788176217.6918151,127560,14,LR,0.0002854966364683871
1788176232.2945123,127600,14,Loss/l_ce,0.018787622451782227
1788176232.294718,127600,14,Loss/l_total,0.018787622451782227
1788176232.2947404,127600,14,LR,0.0002854966364683871
1788176246.9457061,127640,14,Loss/l_ce,0.046085357666015625
1788176246.945971,127640,14,Loss/l_total,0.046085357666015625
1788176246.9459949,127640,14,LR,0.0002854966364683871
1788176261.8341763,127680,14,Loss/l_ce,0.0011262893676757812
1788176261.8344908,127680,14,Loss/l_total,0.0011262893676757812
1788176261.834518,127680,14,LR,0.0002854966364683871
1788176276.5393317,127720,14,Loss/l_ce,0.01979970932006836
1788176276.539625,127720,14,Loss/l_total,0.01979970932006836
1788176276.5396488,127720,14,LR,0.0002854966364683871
1788176291.4343169,127760,14,Loss/l_ce,0.02159571647644043
1788176291.4345531,127760,14,Loss/l_total,0.02159571647644043
1788176291.434578,127760,14,LR,0.0002854966364683871
1788176306.1619625,127800,14,Loss/l_ce,0.01999187469482422
1788176306.162213,127800,14,Loss/l_total,0.01999187469482422
1788176306.1622415,127800,14,LR,0.0002854966364683871
1788176321.1741006,127840,14,Loss/l_ce,0.01741170883178711
1788176321.1743894,127840,14,Loss/l_total,0.01741170883178711
1788176321.1744368,127840,14,LR,0.0002854966364683871
1788176335.7448685,127880,14,Loss/l_ce,0.1282954216003418
1788176335.745123,127880,14,Loss/l_total,0.1282954216003418
1788176335.7451477,127880,14,LR,0.0002854966364683871
1788176350.6146307,127920,14,Loss/l_ce,0.016032695770263672
1788176350.6148882,127920,14,Loss/l_total,0.016032695770263672
1788176350.6149106,127920,14,LR,0.0002854966364683871
1788176365.400888,127960,14,Loss/l_ce,0.029514074325561523
1788176365.4012098,127960,14,Loss/l_total,0.029514074325561523
1788176365.401237,127960,14,LR,0.0002854966364683871
1788176380.132441,128000,14,Loss/l_ce,0.05339765548706055
1788176380.132657,128000,14,Loss/l_total,0.05339765548706055
1788176380.132681,128000,14,LR,0.0002854966364683871
1788176394.936463,128040,14,Loss/l_ce,0.14220023155212402
1788176394.9367113,128040,14,Loss/l_total,0.14220023155212402
1788176394.936734,128040,14,LR,0.0002854966364683871
1788176409.5485702,128080,14,Loss/l_ce,0.1049654483795166
1788176409.5487862,128080,14,Loss/l_total,0.1049654483795166
1788176409.54881,128080,14,LR,0.0002854966364683871
1788176424.281843,128120,14,Loss/l_ce,0.0377652645111084
1788176424.2820888,128120,14,Loss/l_total,0.0377652645111084
1788176424.2821136,128120,14,LR,0.0002854966364683871
1788176439.328158,128160,14,Loss/l_ce,0.023803234100341797
1788176439.3283954,128160,14,Loss/l_total,0.023803234100341797
1788176439.3284204,128160,14,LR,0.0002854966364683871
1788176454.8250084,128200,14,Loss/l_ce,0.03294682502746582
1788176454.8252447,128200,14,Loss/l_total,0.03294682502746582
1788176454.825271,128200,14,LR,0.0002854966364683871
1788176470.247119,128240,14,Loss/l_ce,0.0522003173828125
1788176470.247366,128240,14,Loss/l_total,0.0522003173828125
1788176470.247392,128240,14,LR,0.0002854966364683871
1788176485.0596943,128280,14,Loss/l_ce,0.07640671730041504
1788176485.0599294,128280,14,Loss/l_total,0.07640671730041504
1788176485.0599542,128280,14,LR,0.0002854966364683871
1788176500.5505292,128320,14,Loss/l_ce,0.026215791702270508
1788176500.55073,128320,14,Loss/l_total,0.026215791702270508
1788176500.5507512,128320,14,LR,0.0002854966364683871
1788176516.3837647,128360,14,Loss/l_ce,0.029804706573486328
1788176516.3840544,128360,14,Loss/l_total,0.029804706573486328
1788176516.3840795,128360,14,LR,0.0002854966364683871
1788176531.1052883,128400,14,Loss/l_ce,0.07531976699829102
1788176531.1054485,128400,14,Loss/l_total,0.07531976699829102
1788176531.1054733,128400,14,LR,0.0002854966364683871
1788176545.9508483,128440,14,Loss/l_ce,0.025316476821899414
1788176545.9510274,128440,14,Loss/l_total,0.025316476821899414
1788176545.9510822,128440,14,LR,0.0002854966364683871
1788176560.6580472,128480,14,Loss/l_ce,0.04370903968811035
1788176560.6582823,128480,14,Loss/l_total,0.04370903968811035
1788176560.6583047,128480,14,LR,0.0002854966364683871
1788176575.599979,128520,14,Loss/l_ce,0.01964259147644043
1788176575.6001847,128520,14,Loss/l_total,0.01964259147644043
1788176575.6002116,128520,14,LR,0.0002854966364683871
1788176590.2206364,128560,14,Loss/l_ce,0.0815134048461914
1788176590.2208073,128560,14,Loss/l_total,0.0815134048461914
1788176590.2208323,128560,14,LR,0.0002854966364683871
1788176604.9342067,128600,14,Loss/l_ce,0.017481327056884766
1788176604.9343827,128600,14,Loss/l_total,0.017481327056884766
1788176604.9344065,128600,14,LR,0.0002854966364683871
1788176619.7128813,128640,14,Loss/l_ce,0.04848146438598633
1788176619.7130654,128640,14,Loss/l_total,0.04848146438598633
1788176619.7130904,128640,14,LR,0.0002854966364683871
1788176634.718288,128680,14,Loss/l_ce,0.02692246437072754
1788176634.7184598,128680,14,Loss/l_total,0.02692246437072754
1788176634.7184825,128680,14,LR,0.0002854966364683871
1788176649.7494135,128720,14,Loss/l_ce,0.02756643295288086
1788176649.7495773,128720,14,Loss/l_total,0.02756643295288086
1788176649.7496035,128720,14,LR,0.0002854966364683871
1788176665.0380206,128760,14,Loss/l_ce,0.019654035568237305
1788176665.0382023,128760,14,Loss/l_total,0.019654035568237305
1788176665.0382261,128760,14,LR,0.0002854966364683871
1788176679.6743453,128800,14,Loss/l_ce,0.042557477951049805
1788176679.6745884,128800,14,Loss/l_total,0.042557477951049805
1788176679.6746109,128800,14,LR,0.0002854966364683871
1788176694.3829937,128840,14,Loss/l_ce,0.018189191818237305
1788176694.383193,128840,14,Loss/l_total,0.018189191818237305
1788176694.3832169,128840,14,LR,0.0002854966364683871
1788176709.2714472,128880,14,Loss/l_ce,0.01805877685546875
1788176709.2716565,128880,14,Loss/l_total,0.01805877685546875
1788176709.2716813,128880,14,LR,0.0002854966364683871
1788176723.9183962,128920,14,Loss/l_ce,0.07412219047546387
1788176723.9186263,128920,14,Loss/l_total,0.07412219047546387
1788176723.9186513,128920,14,LR,0.0002854966364683871
1788176739.0415697,128960,14,Loss/l_ce,0.07295465469360352
1788176739.041735,128960,14,Loss/l_total,0.07295465469360352
1788176739.0417573,128960,14,LR,0.0002854966364683871
1788176753.912143,129000,14,Loss/l_ce,0.018326282501220703
1788176753.912376,129000,14,Loss/l_total,0.018326282501220703
1788176753.9123983,129000,14,LR,0.0002854966364683871
1788176768.7322366,129040,14,Loss/l_ce,0.017026424407958984
1788176768.7325094,129040,14,Loss/l_total,0.017026424407958984
1788176768.7325346,129040,14,LR,0.0002854966364683871
1788176783.5375955,129080,14,Loss/l_ce,0.05552196502685547
1788176783.5378816,129080,14,Loss/l_total,0.05552196502685547
1788176783.5379066,129080,14,LR,0.0002854966364683871
1788176798.4565527,129120,14,Loss/l_ce,0.05904579162597656
1788176798.4567924,129120,14,Loss/l_total,0.05904579162597656
1788176798.4568174,129120,14,LR,0.0002854966364683871
1788176813.2148285,129160,14,Loss/l_ce,0.038344383239746094
1788176813.2152784,129160,14,Loss/l_total,0.038344383239746094
1788176813.215315,129160,14,LR,0.0002854966364683871
1788176827.9075217,129200,14,Loss/l_ce,0.019130229949951172
1788176827.9078484,129200,14,Loss/l_total,0.019130229949951172
1788176827.9078746,129200,14,LR,0.0002854966364683871
1788176842.2985806,129240,14,Loss/l_ce,0.0397036075592041
1788176842.2988098,129240,14,Loss/l_total,0.0397036075592041
1788176842.298836,129240,14,LR,0.0002854966364683871
1788176856.7982368,129280,14,Loss/l_ce,0.041217803955078125
1788176856.798422,129280,14,Loss/l_total,0.041217803955078125
1788176856.798446,129280,14,LR,0.0002854966364683871
1788176871.3861885,129320,14,Loss/l_ce,0.03815150260925293
1788176871.3863952,129320,14,Loss/l_total,0.03815150260925293
1788176871.3864167,129320,14,LR,0.0002854966364683871
1788176885.9455943,129360,14,Loss/l_ce,0.04880499839782715
1788176885.9458354,129360,14,Loss/l_total,0.04880499839782715
1788176885.9458628,129360,14,LR,0.0002854966364683871
1788176900.5786586,129400,14,Loss/l_ce,0.015625476837158203
1788176900.5788925,129400,14,Loss/l_total,0.015625476837158203
1788176900.578916,129400,14,LR,0.0002854966364683871
1788176915.2517037,129440,14,Loss/l_ce,0.01331472396850586
1788176915.251971,129440,14,Loss/l_total,0.01331472396850586
1788176915.2519972,129440,14,LR,0.0002854966364683871
1788176929.6514318,129480,14,Loss/l_ce,0.10138654708862305
1788176929.6516976,129480,14,Loss/l_total,0.10138654708862305
1788176929.651726,129480,14,LR,0.0002854966364683871
1788176944.4479985,129520,14,Loss/l_ce,0.011934518814086914
1788176944.448268,129520,14,Loss/l_total,0.011934518814086914
1788176944.4482918,129520,14,LR,0.0002854966364683871
1788176959.3495328,129560,14,Loss/l_ce,0.10936784744262695
1788176959.3496978,129560,14,Loss/l_total,0.10936784744262695
1788176959.3497217,129560,14,LR,0.0002854966364683871
1788176974.3630815,129600,14,Loss/l_ce,0.01570868492126465
1788176974.3634245,129600,14,Loss/l_total,0.01570868492126465
1788176974.3634505,129600,14,LR,0.0002854966364683871
1788176988.995048,129640,14,Loss/l_ce,0.03925776481628418
1788176988.9952486,129640,14,Loss/l_total,0.03925776481628418
1788176988.9952698,129640,14,LR,0.0002854966364683871
1788177003.6521564,129680,14,Loss/l_ce,0.042255401611328125
1788177003.6524012,129680,14,Loss/l_total,0.042255401611328125
1788177003.652426,129680,14,LR,0.0002854966364683871
1788177018.1674998,129720,14,Loss/l_ce,0.025487184524536133
1788177018.1677315,129720,14,Loss/l_total,0.025487184524536133
1788177018.1677554,129720,14,LR,0.0002854966364683871
1788177032.9583738,129760,14,Loss/l_ce,0.10910701751708984
1788177032.9586327,129760,14,Loss/l_total,0.10910701751708984
1788177032.958665,129760,14,LR,0.0002854966364683871
1788177051.1784573,129800,14,Loss/l_ce,0.020952224731445312
1788177051.1788955,129800,14,Loss/l_total,0.020952224731445312
1788177051.1789322,129800,14,LR,0.0002854966364683871
1788177066.6303566,129840,14,Loss/l_ce,0.01880359649658203
1788177066.6307235,129840,14,Loss/l_total,0.01880359649658203
1788177066.6307685,129840,14,LR,0.0002854966364683871
1788177081.5230129,129880,14,Loss/l_ce,0.020370960235595703
1788177081.5233324,129880,14,Loss/l_total,0.020370960235595703
1788177081.5233572,129880,14,LR,0.0002854966364683871
1788177096.307522,129920,14,Loss/l_ce,0.047788143157958984
1788177096.3078117,129920,14,Loss/l_total,0.047788143157958984
1788177096.3078368,129920,14,LR,0.0002854966364683871
1788177110.8574064,129960,14,Loss/l_ce,0.06584548950195312
1788177110.8576453,129960,14,Loss/l_total,0.06584548950195312
1788177110.8576715,129960,14,LR,0.0002854966364683871
1788177125.810127,130000,14,Loss/l_ce,0.020345687866210938
1788177125.8104143,130000,14,Loss/l_total,0.020345687866210938
1788177125.8104382,130000,14,LR,0.0002854966364683871
1788177140.4385417,130040,14,Loss/l_ce,0.02174997329711914
1788177140.4387863,130040,14,Loss/l_total,0.02174997329711914
1788177140.438811,130040,14,LR,0.0002854966364683871
1788177155.5575998,130080,14,Loss/l_ce,0.017667531967163086
1788177155.5578895,130080,14,Loss/l_total,0.017667531967163086
1788177155.5579133,130080,14,LR,0.0002854966364683871
1788177170.3311517,130120,14,Loss/l_ce,0.015221595764160156
1788177170.3314545,130120,14,Loss/l_total,0.015221595764160156
1788177170.3314784,130120,14,LR,0.0002854966364683871
1788177185.0006967,130160,14,Loss/l_ce,0.058587074279785156
1788177185.0009923,130160,14,Loss/l_total,0.058587074279785156
1788177185.0010147,130160,14,LR,0.0002854966364683871
1788177199.538172,130200,14,Loss/l_ce,0.05124258995056152
1788177199.5383985,130200,14,Loss/l_total,0.05124258995056152
1788177199.5384247,130200,14,LR,0.0002854966364683871
1788177214.1482632,130240,14,Loss/l_ce,0.013115882873535156
1788177214.1485562,130240,14,Loss/l_total,0.013115882873535156
1788177214.1485908,130240,14,LR,0.0002854966364683871
1788177228.985085,130280,14,Loss/l_ce,0.11047554016113281
1788177228.9852965,130280,14,Loss/l_total,0.11047554016113281
1788177228.985319,130280,14,LR,0.0002854966364683871
1788177243.5072107,130320,14,Loss/l_ce,0.03191041946411133
1788177243.507453,130320,14,Loss/l_total,0.03191041946411133
1788177243.5074768,130320,14,LR,0.0002854966364683871
1788177258.3623183,130360,14,Loss/l_ce,0.05730175971984863
1788177258.3624952,130360,14,Loss/l_total,0.05730175971984863
1788177258.3625188,130360,14,LR,0.0002854966364683871
1788177273.1276069,130400,14,Loss/l_ce,0.11719489097595215
1788177273.1277697,130400,14,Loss/l_total,0.11719489097595215
1788177273.1277921,130400,14,LR,0.0002854966364683871
1788177316.2993603,130440,14,Loss/l_ce,0.026088476181030273
1788177316.2995312,130440,14,Loss/l_total,0.026088476181030273
1788177316.299555,130440,14,LR,0.0002854966364683871
1788177341.3375275,130480,14,Loss/l_ce,0.02801036834716797
1788177341.3378646,130480,14,Loss/l_total,0.02801036834716797
1788177341.3378873,130480,14,LR,0.0002854966364683871
1788177356.4070902,130520,14,Loss/l_ce,0.08185338973999023
1788177356.407316,130520,14,Loss/l_total,0.08185338973999023
1788177356.4073384,130520,14,LR,0.0002854966364683871
1788177407.946939,130530,14,Val/dense_error,0.029533376917243004
1788177407.9473155,130530,14,Val/auc,0.7393205029982528
1788177407.9473403,130530,14,Val/pck_max,0.1
1788177407.9473581,130530,14,Val/pck_n,100.0
1788177422.415898,130560,15,Loss/l_ce,0.021010160446166992
1788177422.4162045,130560,15,Loss/l_total,0.021010160446166992
1788177422.4162295,130560,15,LR,0.00023180194846605365
1788177437.2315488,130600,15,Loss/l_ce,0.07774806022644043
1788177437.2318075,130600,15,Loss/l_total,0.07774806022644043
1788177437.2318337,130600,15,LR,0.00023180194846605365
1788177452.0476787,130640,15,Loss/l_ce,0.021874189376831055
1788177452.0479496,130640,15,Loss/l_total,0.021874189376831055
1788177452.0479758,130640,15,LR,0.00023180194846605365
1788177466.7031598,130680,15,Loss/l_ce,0.03581571578979492
1788177466.7033806,130680,15,Loss/l_total,0.03581571578979492
1788177466.703402,130680,15,LR,0.00023180194846605365
1788177481.3373168,130720,15,Loss/l_ce,0.029576539993286133
1788177481.337609,130720,15,Loss/l_total,0.029576539993286133
1788177481.3376338,130720,15,LR,0.00023180194846605365
1788177496.1877503,130760,15,Loss/l_ce,0.017561912536621094
1788177496.1880922,130760,15,Loss/l_total,0.017561912536621094
1788177496.188142,130760,15,LR,0.00023180194846605365
1788177510.8830674,130800,15,Loss/l_ce,0.055695533752441406
1788177510.8832834,130800,15,Loss/l_total,0.055695533752441406
1788177510.8833082,130800,15,LR,0.00023180194846605365
1788177525.625684,130840,15,Loss/l_ce,0.0263822078704834
1788177525.6259913,130840,15,Loss/l_total,0.0263822078704834
1788177525.6260176,130840,15,LR,0.00023180194846605365
1788177540.2425745,130880,15,Loss/l_ce,0.07025551795959473
1788177540.2428534,130880,15,Loss/l_total,0.07025551795959473
1788177540.2428782,130880,15,LR,0.00023180194846605365
1788177555.1119263,130920,15,Loss/l_ce,0.07033872604370117
1788177555.112173,130920,15,Loss/l_total,0.07033872604370117
1788177555.1121993,130920,15,LR,0.00023180194846605365
1788177569.869885,130960,15,Loss/l_ce,0.029246807098388672
1788177569.8702092,130960,15,Loss/l_total,0.029246807098388672
1788177569.8702364,130960,15,LR,0.00023180194846605365
1788177584.4288342,131000,15,Loss/l_ce,0.07127952575683594
1788177584.4291062,131000,15,Loss/l_total,0.07127952575683594
1788177584.429131,131000,15,LR,0.00023180194846605365
1788177599.2106056,131040,15,Loss/l_ce,0.018812894821166992
1788177599.2107978,131040,15,Loss/l_total,0.018812894821166992
1788177599.2108204,131040,15,LR,0.00023180194846605365
1788177613.6552112,131080,15,Loss/l_ce,0.028711318969726562
1788177613.6554403,131080,15,Loss/l_total,0.028711318969726562
1788177613.6554666,131080,15,LR,0.00023180194846605365
1788177628.4814124,131120,15,Loss/l_ce,0.07054710388183594
1788177628.4816258,131120,15,Loss/l_total,0.07054710388183594
1788177628.4816487,131120,15,LR,0.00023180194846605365
1788177643.6771693,131160,15,Loss/l_ce,0.10482311248779297
1788177643.677371,131160,15,Loss/l_total,0.10482311248779297
1788177643.6773949,131160,15,LR,0.00023180194846605365
1788177658.8500178,131200,15,Loss/l_ce,0.052359580993652344
1788177658.850229,131200,15,Loss/l_total,0.052359580993652344
1788177658.8502514,131200,15,LR,0.00023180194846605365
1788177674.0021062,131240,15,Loss/l_ce,0.0279388427734375
1788177674.002334,131240,15,Loss/l_total,0.0279388427734375
1788177674.0023603,131240,15,LR,0.00023180194846605365
1788177689.0361552,131280,15,Loss/l_ce,0.018706560134887695
1788177689.0363736,131280,15,Loss/l_total,0.018706560134887695
1788177689.036396,131280,15,LR,0.00023180194846605365
1788177703.6671531,131320,15,Loss/l_ce,0.014508485794067383
1788177703.6673608,131320,15,Loss/l_total,0.014508485794067383
1788177703.6673903,131320,15,LR,0.00023180194846605365
1788177718.5047345,131360,15,Loss/l_ce,0.02454853057861328
1788177718.5049956,131360,15,Loss/l_total,0.02454853057861328
1788177718.5050206,131360,15,LR,0.00023180194846605365
1788177732.9098356,131400,15,Loss/l_ce,0.03125596046447754
1788177732.9100194,131400,15,Loss/l_total,0.03125596046447754
1788177732.9100668,131400,15,LR,0.00023180194846605365
1788177747.7633455,131440,15,Loss/l_ce,0.05347084999084473
1788177747.7635794,131440,15,Loss/l_total,0.05347084999084473
1788177747.763602,131440,15,LR,0.00023180194846605365
1788177762.5863886,131480,15,Loss/l_ce,0.030364513397216797
1788177762.5866687,131480,15,Loss/l_total,0.030364513397216797
1788177762.5866935,131480,15,LR,0.00023180194846605365
1788177777.2690732,131520,15,Loss/l_ce,0.09815073013305664
1788177777.269301,131520,15,Loss/l_total,0.09815073013305664
1788177777.2693272,131520,15,LR,0.00023180194846605365
1788177792.2701285,131560,15,Loss/l_ce,0.05794405937194824
1788177792.2703776,131560,15,Loss/l_total,0.05794405937194824
1788177792.2704012,131560,15,LR,0.00023180194846605365
1788177806.959641,131600,15,Loss/l_ce,0.02933192253112793
1788177806.9598951,131600,15,Loss/l_total,0.02933192253112793
1788177806.9599223,131600,15,LR,0.00023180194846605365
1788177822.0632951,131640,15,Loss/l_ce,0.016583919525146484
1788177822.0636086,131640,15,Loss/l_total,0.016583919525146484
1788177822.0636325,131640,15,LR,0.00023180194846605365
1788177837.2178333,131680,15,Loss/l_ce,0.01891803741455078
1788177837.2181633,131680,15,Loss/l_total,0.01891803741455078
1788177837.2181892,131680,15,LR,0.00023180194846605365
1788177852.0509162,131720,15,Loss/l_ce,0.013080120086669922
1788177852.0512698,131720,15,Loss/l_total,0.013080120086669922
1788177852.051302,131720,15,LR,0.00023180194846605365
1788177866.808171,131760,15,Loss/l_ce,0.0648186206817627
1788177866.8084536,131760,15,Loss/l_total,0.0648186206817627
1788177866.8084762,131760,15,LR,0.00023180194846605365
1788177881.6744435,131800,15,Loss/l_ce,0.01410675048828125
1788177881.6745944,131800,15,Loss/l_total,0.01410675048828125
1788177881.6746168,131800,15,LR,0.00023180194846605365
1788177896.5629113,131840,15,Loss/l_ce,0.0571444034576416
1788177896.5631273,131840,15,Loss/l_total,0.0571444034576416
1788177896.563152,131840,15,LR,0.00023180194846605365
1788177911.5437865,131880,15,Loss/l_ce,0.0419917106628418
1788177911.5439548,131880,15,Loss/l_total,0.0419917106628418
1788177911.5439765,131880,15,LR,0.00023180194846605365
1788177927.151597,131920,15,Loss/l_ce,0.013584375381469727
1788177927.1518688,131920,15,Loss/l_total,0.013584375381469727
1788177927.1518924,131920,15,LR,0.00023180194846605365
1788177943.4408634,131960,15,Loss/l_ce,0.02001953125
1788177943.4411259,131960,15,Loss/l_total,0.02001953125
1788177943.4411542,131960,15,LR,0.00023180194846605365
1788177959.4001987,132000,15,Loss/l_ce,0.014470815658569336
1788177959.4005263,132000,15,Loss/l_total,0.014470815658569336
1788177959.4005537,132000,15,LR,0.00023180194846605365
1788177975.3671613,132040,15,Loss/l_ce,0.04651355743408203
1788177975.3674405,132040,15,Loss/l_total,0.04651355743408203
1788177975.3674629,132040,15,LR,0.00023180194846605365
1788177991.4859707,132080,15,Loss/l_ce,0.013967752456665039
1788177991.4863222,132080,15,Loss/l_total,0.013967752456665039
1788177991.4863484,132080,15,LR,0.00023180194846605365
1788178007.5825684,132120,15,Loss/l_ce,0.01438140869140625
1788178007.582838,132120,15,Loss/l_total,0.01438140869140625
1788178007.5828652,132120,15,LR,0.00023180194846605365
1788178022.9710934,132160,15,Loss/l_ce,0.08674740791320801
1788178022.9713204,132160,15,Loss/l_total,0.08674740791320801
1788178022.9713428,132160,15,LR,0.00023180194846605365
1788178037.8935664,132200,15,Loss/l_ce,0.012752294540405273
1788178037.8937802,132200,15,Loss/l_total,0.012752294540405273
1788178037.8938026,132200,15,LR,0.00023180194846605365
1788178053.8719587,132240,15,Loss/l_ce,0.030863523483276367
1788178053.8722591,132240,15,Loss/l_total,0.030863523483276367
1788178053.872284,132240,15,LR,0.00023180194846605365
1788178069.8926828,132280,15,Loss/l_ce,0.05870962142944336
1788178069.8929737,132280,15,Loss/l_total,0.05870962142944336
1788178069.8929987,132280,15,LR,0.00023180194846605365
1788178085.9882112,132320,15,Loss/l_ce,0.01753854751586914
1788178085.988496,132320,15,Loss/l_total,0.01753854751586914
1788178085.9885209,132320,15,LR,0.00023180194846605365
1788178100.8265457,132360,15,Loss/l_ce,0.028990983963012695
1788178100.8267725,132360,15,Loss/l_total,0.028990983963012695
1788178100.8267963,132360,15,LR,0.00023180194846605365
1788178115.615558,132400,15,Loss/l_ce,0.07685041427612305
1788178115.6157253,132400,15,Loss/l_total,0.07685041427612305
1788178115.6157491,132400,15,LR,0.00023180194846605365
1788178130.2816508,132440,15,Loss/l_ce,0.01979970932006836
1788178130.2819118,132440,15,Loss/l_total,0.01979970932006836
1788178130.2819393,132440,15,LR,0.00023180194846605365
1788178145.224097,132480,15,Loss/l_ce,0.03542780876159668
1788178145.2243404,132480,15,Loss/l_total,0.03542780876159668
1788178145.2243652,132480,15,LR,0.00023180194846605365
1788178159.914539,132520,15,Loss/l_ce,0.02286815643310547
1788178159.9147515,132520,15,Loss/l_total,0.02286815643310547
1788178159.9147825,132520,15,LR,0.00023180194846605365
1788178174.476651,132560,15,Loss/l_ce,0.029587745666503906
1788178174.4806926,132560,15,Loss/l_total,0.029587745666503906
1788178174.4807296,132560,15,LR,0.00023180194846605365
1788178189.0727057,132600,15,Loss/l_ce,0.010904550552368164
1788178189.072948,132600,15,Loss/l_total,0.010904550552368164
1788178189.0729718,132600,15,LR,0.00023180194846605365
1788178203.5398962,132640,15,Loss/l_ce,0.05260038375854492
1788178203.540104,132640,15,Loss/l_total,0.05260038375854492
1788178203.540129,132640,15,LR,0.00023180194846605365
1788178218.1460168,132680,15,Loss/l_ce,0.02114582061767578
1788178218.1462092,132680,15,Loss/l_total,0.02114582061767578
1788178218.1462305,132680,15,LR,0.00023180194846605365
1788178232.742054,132720,15,Loss/l_ce,0.027930021286010742
1788178232.74222,132720,15,Loss/l_total,0.027930021286010742
1788178232.7422426,132720,15,LR,0.00023180194846605365
1788178247.3147616,132760,15,Loss/l_ce,0.029097557067871094
1788178247.3149269,132760,15,Loss/l_total,0.029097557067871094
1788178247.3149493,132760,15,LR,0.00023180194846605365
1788178262.0174227,132800,15,Loss/l_ce,0.09505367279052734
1788178262.0176032,132800,15,Loss/l_total,0.09505367279052734
1788178262.0176291,132800,15,LR,0.00023180194846605365
1788178276.4520245,132840,15,Loss/l_ce,0.09492111206054688
1788178276.4522407,132840,15,Loss/l_total,0.09492111206054688
1788178276.452263,132840,15,LR,0.00023180194846605365
1788178290.9252968,132880,15,Loss/l_ce,0.021834611892700195
1788178290.9254856,132880,15,Loss/l_total,0.021834611892700195
1788178290.925513,132880,15,LR,0.00023180194846605365
1788178305.7085004,132920,15,Loss/l_ce,0.018157958984375
1788178305.7087188,132920,15,Loss/l_total,0.018157958984375
1788178305.7087426,132920,15,LR,0.00023180194846605365
1788178320.5454302,132960,15,Loss/l_ce,0.02798151969909668
1788178320.545612,132960,15,Loss/l_total,0.02798151969909668
1788178320.5456357,132960,15,LR,0.00023180194846605365
1788178335.2642114,133000,15,Loss/l_ce,0.05194711685180664
1788178335.264519,133000,15,Loss/l_total,0.05194711685180664
1788178335.2645438,133000,15,LR,0.00023180194846605365
1788178349.8451073,133040,15,Loss/l_ce,0.0201265811920166
1788178349.8453305,133040,15,Loss/l_total,0.0201265811920166
1788178349.84536,133040,15,LR,0.00023180194846605365
1788178364.4706702,133080,15,Loss/l_ce,0.014332056045532227
1788178364.4709435,133080,15,Loss/l_total,0.014332056045532227
1788178364.4709697,133080,15,LR,0.00023180194846605365
1788178379.1514452,133120,15,Loss/l_ce,0.09522604942321777
1788178379.1517217,133120,15,Loss/l_total,0.09522604942321777
1788178379.1517467,133120,15,LR,0.00023180194846605365
1788178393.7045002,133160,15,Loss/l_ce,0.0631861686706543
1788178393.7047486,133160,15,Loss/l_total,0.0631861686706543
1788178393.7047722,133160,15,LR,0.00023180194846605365
1788178408.284368,133200,15,Loss/l_ce,0.020659685134887695
1788178408.2845688,133200,15,Loss/l_total,0.020659685134887695
1788178408.2845914,133200,15,LR,0.00023180194846605365
1788178422.7593424,133240,15,Loss/l_ce,0.05879855155944824
1788178422.7595286,133240,15,Loss/l_total,0.05879855155944824
1788178422.7595513,133240,15,LR,0.00023180194846605365
1788178437.5148396,133280,15,Loss/l_ce,0.01741766929626465
1788178437.5150902,133280,15,Loss/l_total,0.01741766929626465
1788178437.5151162,133280,15,LR,0.00023180194846605365
1788178452.2855117,133320,15,Loss/l_ce,0.03390932083129883
1788178452.285741,133320,15,Loss/l_total,0.03390932083129883
1788178452.2857635,133320,15,LR,0.00023180194846605365
1788178466.7046,133360,15,Loss/l_ce,0.02022862434387207
1788178466.7048101,133360,15,Loss/l_total,0.02022862434387207
1788178466.7048352,133360,15,LR,0.00023180194846605365
1788178481.4045606,133400,15,Loss/l_ce,0.02906060218811035
1788178481.4048123,133400,15,Loss/l_total,0.02906060218811035
1788178481.4048362,133400,15,LR,0.00023180194846605365
1788178496.2282302,133440,15,Loss/l_ce,0.03701591491699219
1788178496.2283998,133440,15,Loss/l_total,0.03701591491699219
1788178496.2284236,133440,15,LR,0.00023180194846605365
1788178511.5139368,133480,15,Loss/l_ce,0.05414319038391113
1788178511.5141776,133480,15,Loss/l_total,0.05414319038391113
1788178511.5142026,133480,15,LR,0.00023180194846605365
1788178527.4712992,133520,15,Loss/l_ce,0.010238885879516602
1788178527.4726431,133520,15,Loss/l_total,0.010238885879516602
1788178527.4726691,133520,15,LR,0.00023180194846605365
1788178543.3157144,133560,15,Loss/l_ce,0.05344843864440918
1788178543.3160183,133560,15,Loss/l_total,0.05344843864440918
1788178543.316067,133560,15,LR,0.00023180194846605365
1788178559.1155384,133600,15,Loss/l_ce,0.027843236923217773
1788178559.1158414,133600,15,Loss/l_total,0.027843236923217773
1788178559.1158638,133600,15,LR,0.00023180194846605365
1788178574.9354932,133640,15,Loss/l_ce,0.024038314819335938
1788178574.935834,133640,15,Loss/l_total,0.024038314819335938
1788178574.935867,133640,15,LR,0.00023180194846605365
1788178590.21682,133680,15,Loss/l_ce,0.015833139419555664
1788178590.217156,133680,15,Loss/l_total,0.015833139419555664
1788178590.217183,133680,15,LR,0.00023180194846605365
1788178605.7949867,133720,15,Loss/l_ce,0.10427188873291016
1788178605.7951958,133720,15,Loss/l_total,0.10427188873291016
1788178605.7952197,133720,15,LR,0.00023180194846605365
1788178621.6854992,133760,15,Loss/l_ce,0.027106285095214844
1788178621.68574,133760,15,Loss/l_total,0.027106285095214844
1788178621.6857648,133760,15,LR,0.00023180194846605365
1788178638.405283,133800,15,Loss/l_ce,0.044592857360839844
1788178638.4055192,133800,15,Loss/l_total,0.044592857360839844
1788178638.4055464,133800,15,LR,0.00023180194846605365
1788178654.2617745,133840,15,Loss/l_ce,0.04990959167480469
1788178654.262057,133840,15,Loss/l_total,0.04990959167480469
1788178654.2620893,133840,15,LR,0.00023180194846605365
1788178670.0379753,133880,15,Loss/l_ce,0.02913069725036621
1788178670.0382507,133880,15,Loss/l_total,0.02913069725036621
1788178670.0382755,133880,15,LR,0.00023180194846605365
1788178686.131356,133920,15,Loss/l_ce,0.041205406188964844
1788178686.131661,133920,15,Loss/l_total,0.041205406188964844
1788178686.131686,133920,15,LR,0.00023180194846605365
1788178702.2812266,133960,15,Loss/l_ce,0.07118487358093262
1788178702.2814927,133960,15,Loss/l_total,0.07118487358093262
1788178702.2815247,133960,15,LR,0.00023180194846605365
1788178718.1488373,134000,15,Loss/l_ce,0.09894227981567383
1788178718.1490948,134000,15,Loss/l_total,0.09894227981567383
1788178718.149121,134000,15,LR,0.00023180194846605365
1788178734.2405972,134040,15,Loss/l_ce,0.033829450607299805
1788178734.2409155,134040,15,Loss/l_total,0.033829450607299805
1788178734.240938,134040,15,LR,0.00023180194846605365
1788178750.3989954,134080,15,Loss/l_ce,0.09112071990966797
1788178750.3991878,134080,15,Loss/l_total,0.09112071990966797
1788178750.3992128,134080,15,LR,0.00023180194846605365
1788178766.6468396,134120,15,Loss/l_ce,0.07478904724121094
1788178766.6470842,134120,15,Loss/l_total,0.07478904724121094
1788178766.647109,134120,15,LR,0.00023180194846605365
1788178782.3839383,134160,15,Loss/l_ce,0.014147758483886719
1788178782.384132,134160,15,Loss/l_total,0.014147758483886719
1788178782.3841567,134160,15,LR,0.00023180194846605365
1788178797.5188577,134200,15,Loss/l_ce,0.001638650894165039
1788178797.519247,134200,15,Loss/l_total,0.001638650894165039
1788178797.519279,134200,15,LR,0.00023180194846605365
1788178812.9438605,134240,15,Loss/l_ce,0.01797652244567871
1788178812.944098,134240,15,Loss/l_total,0.01797652244567871
1788178812.9441216,134240,15,LR,0.00023180194846605365
1788178828.4678433,134280,15,Loss/l_ce,0.03193926811218262
1788178828.4680843,134280,15,Loss/l_total,0.03193926811218262
1788178828.4681106,134280,15,LR,0.00023180194846605365
1788178844.1287367,134320,15,Loss/l_ce,0.032224178314208984
1788178844.1289196,134320,15,Loss/l_total,0.032224178314208984
1788178844.1289492,134320,15,LR,0.00023180194846605365
1788178859.0754085,134360,15,Loss/l_ce,0.016943931579589844
1788178859.0755672,134360,15,Loss/l_total,0.016943931579589844
1788178859.07559,134360,15,LR,0.00023180194846605365
1788178873.8983128,134400,15,Loss/l_ce,0.04228615760803223
1788178873.8984897,134400,15,Loss/l_total,0.04228615760803223
1788178873.8988163,134400,15,LR,0.00023180194846605365
1788178888.5976603,134440,15,Loss/l_ce,0.10327792167663574
1788178888.597887,134440,15,Loss/l_total,0.10327792167663574
1788178888.597911,134440,15,LR,0.00023180194846605365
1788178903.573848,134480,15,Loss/l_ce,0.017960071563720703
1788178903.5740583,134480,15,Loss/l_total,0.017960071563720703
1788178903.5740938,134480,15,LR,0.00023180194846605365
1788178920.869898,134520,15,Loss/l_ce,0.015970706939697266
1788178920.8701258,134520,15,Loss/l_total,0.015970706939697266
1788178920.8701506,134520,15,LR,0.00023180194846605365
1788178936.7588718,134560,15,Loss/l_ce,0.11519217491149902
1788178936.7591236,134560,15,Loss/l_total,0.11519217491149902
1788178936.7591522,134560,15,LR,0.00023180194846605365
1788178953.2344134,134600,15,Loss/l_ce,0.01676344871520996
1788178953.2345939,134600,15,Loss/l_total,0.01676344871520996
1788178953.2346187,134600,15,LR,0.00023180194846605365
1788178969.3634083,134640,15,Loss/l_ce,0.02565288543701172
1788178969.3635936,134640,15,Loss/l_total,0.02565288543701172
1788178969.3636222,134640,15,LR,0.00023180194846605365
1788178985.87078,134680,15,Loss/l_ce,0.08847284317016602
1788178985.870984,134680,15,Loss/l_total,0.08847284317016602
1788178985.871009,134680,15,LR,0.00023180194846605365
1788179002.247515,134720,15,Loss/l_ce,0.05348920822143555
1788179002.2476847,134720,15,Loss/l_total,0.05348920822143555
1788179002.247706,134720,15,LR,0.00023180194846605365
1788179018.523839,134760,15,Loss/l_ce,0.034372806549072266
1788179018.5240645,134760,15,Loss/l_total,0.034372806549072266
1788179018.5241027,134760,15,LR,0.00023180194846605365
1788179034.5459528,134800,15,Loss/l_ce,0.0773477554321289
1788179034.5463147,134800,15,Loss/l_total,0.0773477554321289
1788179034.5463445,134800,15,LR,0.00023180194846605365
1788179051.2585127,134840,15,Loss/l_ce,0.07359552383422852
1788179051.2588165,134840,15,Loss/l_total,0.07359552383422852
1788179051.2588415,134840,15,LR,0.00023180194846605365
1788179067.7689903,134880,15,Loss/l_ce,0.014597892761230469
1788179067.7693512,134880,15,Loss/l_total,0.014597892761230469
1788179067.7693787,134880,15,LR,0.00023180194846605365
1788179084.5452213,134920,15,Loss/l_ce,0.06748843193054199
1788179084.5454707,134920,15,Loss/l_total,0.06748843193054199
1788179084.5455015,134920,15,LR,0.00023180194846605365
1788179100.8181345,134960,15,Loss/l_ce,0.021205425262451172
1788179100.818392,134960,15,Loss/l_total,0.021205425262451172
1788179100.8184195,134960,15,LR,0.00023180194846605365
1788179117.019702,135000,15,Loss/l_ce,0.018490076065063477
1788179117.0199335,135000,15,Loss/l_total,0.018490076065063477
1788179117.0199573,135000,15,LR,0.00023180194846605365
1788179132.9484565,135040,15,Loss/l_ce,0.007586956024169922
1788179132.9487283,135040,15,Loss/l_total,0.007586956024169922
1788179132.948753,135040,15,LR,0.00023180194846605365
1788179148.8914974,135080,15,Loss/l_ce,0.13641071319580078
1788179148.8918476,135080,15,Loss/l_total,0.13641071319580078
1788179148.891875,135080,15,LR,0.00023180194846605365
1788179164.5360007,135120,15,Loss/l_ce,0.09245109558105469
1788179164.536326,135120,15,Loss/l_total,0.09245109558105469
1788179164.5363605,135120,15,LR,0.00023180194846605365
1788179180.243143,135160,15,Loss/l_ce,0.04130887985229492
1788179180.2433188,135160,15,Loss/l_total,0.04130887985229492
1788179180.2433448,135160,15,LR,0.00023180194846605365
1788179195.9574509,135200,15,Loss/l_ce,0.02257061004638672
1788179195.957636,135200,15,Loss/l_total,0.02257061004638672
1788179195.9576585,135200,15,LR,0.00023180194846605365
1788179211.0130143,135240,15,Loss/l_ce,0.04210829734802246
1788179211.0132554,135240,15,Loss/l_total,0.04210829734802246
1788179211.013278,135240,15,LR,0.00023180194846605365
1788179225.8698757,135280,15,Loss/l_ce,0.02613210678100586
1788179225.8701205,135280,15,Loss/l_total,0.02613210678100586
1788179225.870149,135280,15,LR,0.00023180194846605365
1788179240.8107133,135320,15,Loss/l_ce,0.014454841613769531
1788179240.8109438,135320,15,Loss/l_total,0.014454841613769531
1788179240.8109674,135320,15,LR,0.00023180194846605365
1788179256.9331632,135360,15,Loss/l_ce,0.05337667465209961
1788179256.9334266,135360,15,Loss/l_total,0.05337667465209961
1788179256.933452,135360,15,LR,0.00023180194846605365
1788179272.218765,135400,15,Loss/l_ce,0.019427061080932617
1788179272.2189965,135400,15,Loss/l_total,0.019427061080932617
1788179272.2190216,135400,15,LR,0.00023180194846605365
1788179288.358832,135440,15,Loss/l_ce,0.018444538116455078
1788179288.3590183,135440,15,Loss/l_total,0.018444538116455078
1788179288.359067,135440,15,LR,0.00023180194846605365
1788179303.4844303,135480,15,Loss/l_ce,0.026154041290283203
1788179303.4846334,135480,15,Loss/l_total,0.026154041290283203
1788179303.4846559,135480,15,LR,0.00023180194846605365
1788179319.8231874,135520,15,Loss/l_ce,0.10573267936706543
1788179319.8233702,135520,15,Loss/l_total,0.10573267936706543
1788179319.8233929,135520,15,LR,0.00023180194846605365
1788179335.3505843,135560,15,Loss/l_ce,0.06928062438964844
1788179335.3508039,135560,15,Loss/l_total,0.06928062438964844
1788179335.35083,135560,15,LR,0.00023180194846605365
1788179351.2404504,135600,15,Loss/l_ce,0.012286186218261719
1788179351.2406664,135600,15,Loss/l_total,0.012286186218261719
1788179351.2409134,135600,15,LR,0.00023180194846605365
1788179366.7967625,135640,15,Loss/l_ce,0.02099895477294922
1788179366.7970855,135640,15,Loss/l_total,0.02099895477294922
1788179366.797116,135640,15,LR,0.00023180194846605365
1788179382.7024765,135680,15,Loss/l_ce,0.0787968635559082
1788179382.702759,135680,15,Loss/l_total,0.0787968635559082
1788179382.702784,135680,15,LR,0.00023180194846605365
1788179398.2256346,135720,15,Loss/l_ce,0.050125837326049805
1788179398.2258983,135720,15,Loss/l_total,0.050125837326049805
1788179398.225923,135720,15,LR,0.00023180194846605365
1788179414.3436358,135760,15,Loss/l_ce,0.039238691329956055
1788179414.3438542,135760,15,Loss/l_total,0.039238691329956055
1788179414.3438766,135760,15,LR,0.00023180194846605365
1788179429.801888,135800,15,Loss/l_ce,0.014346122741699219
1788179429.8021278,135800,15,Loss/l_total,0.014346122741699219
1788179429.8021588,135800,15,LR,0.00023180194846605365
1788179446.362166,135840,15,Loss/l_ce,0.08102583885192871
1788179446.3623726,135840,15,Loss/l_total,0.08102583885192871
1788179446.3623974,135840,15,LR,0.00023180194846605365
1788179461.9192,135880,15,Loss/l_ce,0.03452253341674805
1788179461.9194386,135880,15,Loss/l_total,0.03452253341674805
1788179461.9194636,135880,15,LR,0.00023180194846605365
1788179477.3957937,135920,15,Loss/l_ce,0.029367923736572266
1788179477.3959494,135920,15,Loss/l_total,0.029367923736572266
1788179477.3959732,135920,15,LR,0.00023180194846605365
1788179493.4940953,135960,15,Loss/l_ce,0.025101900100708008
1788179493.4943056,135960,15,Loss/l_total,0.025101900100708008
1788179493.4943304,135960,15,LR,0.00023180194846605365
1788179508.9583852,136000,15,Loss/l_ce,0.07275223731994629
1788179508.9586165,136000,15,Loss/l_total,0.07275223731994629
1788179508.9586427,136000,15,LR,0.00023180194846605365
1788179524.967757,136040,15,Loss/l_ce,0.07758736610412598
1788179524.9679196,136040,15,Loss/l_total,0.07758736610412598
1788179524.9679446,136040,15,LR,0.00023180194846605365
1788179539.653552,136080,15,Loss/l_ce,0.11243152618408203
1788179539.6537075,136080,15,Loss/l_total,0.11243152618408203
1788179539.653729,136080,15,LR,0.00023180194846605365
1788179555.7911425,136120,15,Loss/l_ce,0.057286977767944336
1788179555.7913432,136120,15,Loss/l_total,0.057286977767944336
1788179555.7913716,136120,15,LR,0.00023180194846605365
1788179572.023981,136160,15,Loss/l_ce,0.017611980438232422
1788179572.0241804,136160,15,Loss/l_total,0.017611980438232422
1788179572.0242066,136160,15,LR,0.00023180194846605365
1788179586.9008486,136200,15,Loss/l_ce,0.02172708511352539
1788179586.9010503,136200,15,Loss/l_total,0.02172708511352539
1788179586.9010766,136200,15,LR,0.00023180194846605365
1788179601.8148403,136240,15,Loss/l_ce,0.023085355758666992
1788179601.8150923,136240,15,Loss/l_total,0.023085355758666992
1788179601.815122,136240,15,LR,0.00023180194846605365
1788179616.8980184,136280,15,Loss/l_ce,0.023112773895263672
1788179616.8982248,136280,15,Loss/l_total,0.023112773895263672
1788179616.8982532,136280,15,LR,0.00023180194846605365
1788179631.9569466,136320,15,Loss/l_ce,0.1047372817993164
1788179631.95717,136320,15,Loss/l_total,0.1047372817993164
1788179631.957202,136320,15,LR,0.00023180194846605365
1788179647.0518727,136360,15,Loss/l_ce,0.07633852958679199
1788179647.052121,136360,15,Loss/l_total,0.07633852958679199
1788179647.052146,136360,15,LR,0.00023180194846605365
1788179661.5757174,136400,15,Loss/l_ce,0.020223617553710938
1788179661.575938,136400,15,Loss/l_total,0.020223617553710938
1788179661.575983,136400,15,LR,0.00023180194846605365
1788179676.2733924,136440,15,Loss/l_ce,0.04554891586303711
1788179676.2736168,136440,15,Loss/l_total,0.04554891586303711
1788179676.2736418,136440,15,LR,0.00023180194846605365
1788179691.1463797,136480,15,Loss/l_ce,0.05565023422241211
1788179691.1465485,136480,15,Loss/l_total,0.05565023422241211
1788179691.146571,136480,15,LR,0.00023180194846605365
1788179706.269826,136520,15,Loss/l_ce,0.04581761360168457
1788179706.2700953,136520,15,Loss/l_total,0.04581761360168457
1788179706.2701204,136520,15,LR,0.00023180194846605365
1788179721.5749602,136560,15,Loss/l_ce,0.016872882843017578
1788179721.5751762,136560,15,Loss/l_total,0.016872882843017578
1788179721.5752013,136560,15,LR,0.00023180194846605365
1788179736.9734192,136600,15,Loss/l_ce,0.042523860931396484
1788179736.973602,136600,15,Loss/l_total,0.042523860931396484
1788179736.9736245,136600,15,LR,0.00023180194846605365
1788179751.7280204,136640,15,Loss/l_ce,0.028701305389404297
1788179751.7282164,136640,15,Loss/l_total,0.028701305389404297
1788179751.72824,136640,15,LR,0.00023180194846605365
1788179766.6419199,136680,15,Loss/l_ce,0.058995723724365234
1788179766.6421146,136680,15,Loss/l_total,0.058995723724365234
1788179766.6421416,136680,15,LR,0.00023180194846605365
1788179781.6996515,136720,15,Loss/l_ce,0.03006458282470703
1788179781.6998713,136720,15,Loss/l_total,0.03006458282470703
1788179781.6998947,136720,15,LR,0.00023180194846605365
1788179796.7595499,136760,15,Loss/l_ce,0.01732778549194336
1788179796.7597697,136760,15,Loss/l_total,0.01732778549194336
1788179796.7597947,136760,15,LR,0.00023180194846605365
1788179811.4403431,136800,15,Loss/l_ce,0.006656169891357422
1788179811.4406424,136800,15,Loss/l_total,0.006656169891357422
1788179811.440666,136800,15,LR,0.00023180194846605365
1788179826.2239153,136840,15,Loss/l_ce,0.03172111511230469
1788179826.224281,136840,15,Loss/l_total,0.03172111511230469
1788179826.2243094,136840,15,LR,0.00023180194846605365
1788179841.3239315,136880,15,Loss/l_ce,0.014124870300292969
1788179841.3241925,136880,15,Loss/l_total,0.014124870300292969
1788179841.3242185,136880,15,LR,0.00023180194846605365
1788179856.6809847,136920,15,Loss/l_ce,0.059606313705444336
1788179856.6812162,136920,15,Loss/l_total,0.059606313705444336
1788179856.68124,136920,15,LR,0.00023180194846605365
1788179871.533298,136960,15,Loss/l_ce,0.01929497718811035
1788179871.5335653,136960,15,Loss/l_total,0.01929497718811035
1788179871.53359,136960,15,LR,0.00023180194846605365
1788179886.2350943,137000,15,Loss/l_ce,0.06800699234008789
1788179886.2353032,137000,15,Loss/l_total,0.06800699234008789
1788179886.235327,137000,15,LR,0.00023180194846605365
1788179900.8934853,137040,15,Loss/l_ce,0.0814204216003418
1788179900.8936563,137040,15,Loss/l_total,0.0814204216003418
1788179900.893679,137040,15,LR,0.00023180194846605365
1788179916.4165561,137080,15,Loss/l_ce,0.055789947509765625
1788179916.4167922,137080,15,Loss/l_total,0.055789947509765625
1788179916.4168172,137080,15,LR,0.00023180194846605365
1788179932.4831746,137120,15,Loss/l_ce,0.05191397666931152
1788179932.483361,137120,15,Loss/l_total,0.05191397666931152
1788179932.4833848,137120,15,LR,0.00023180194846605365
1788179947.9517863,137160,15,Loss/l_ce,0.10718631744384766
1788179947.951956,137160,15,Loss/l_total,0.10718631744384766
1788179947.9519787,137160,15,LR,0.00023180194846605365
1788179964.1746423,137200,15,Loss/l_ce,0.10889053344726562
1788179964.1748536,137200,15,Loss/l_total,0.10889053344726562
1788179964.1748738,137200,15,LR,0.00023180194846605365
1788179980.0036001,137240,15,Loss/l_ce,0.10768318176269531
1788179980.0037746,137240,15,Loss/l_total,0.10768318176269531
1788179980.0037994,137240,15,LR,0.00023180194846605365
1788179996.0071025,137280,15,Loss/l_ce,0.01772451400756836
1788179996.0072615,137280,15,Loss/l_total,0.01772451400756836
1788179996.0072854,137280,15,LR,0.00023180194846605365
1788180011.5896556,137320,15,Loss/l_ce,0.028530120849609375
1788180011.5898254,137320,15,Loss/l_total,0.028530120849609375
1788180011.589849,137320,15,LR,0.00023180194846605365
1788180027.7728217,137360,15,Loss/l_ce,0.017584800720214844
1788180027.773058,137360,15,Loss/l_total,0.017584800720214844
1788180027.7730854,137360,15,LR,0.00023180194846605365
1788180043.5176227,137400,15,Loss/l_ce,0.02247023582458496
1788180043.5178435,137400,15,Loss/l_total,0.02247023582458496
1788180043.5178685,137400,15,LR,0.00023180194846605365
1788180059.3472216,137440,15,Loss/l_ce,0.03469443321228027
1788180059.3474233,137440,15,Loss/l_total,0.03469443321228027
1788180059.3474472,137440,15,LR,0.00023180194846605365
1788180075.147847,137480,15,Loss/l_ce,0.05265617370605469
1788180075.1481152,137480,15,Loss/l_total,0.05265617370605469
1788180075.1481414,137480,15,LR,0.00023180194846605365
1788180091.177335,137520,15,Loss/l_ce,0.0416417121887207
1788180091.1776843,137520,15,Loss/l_total,0.0416417121887207
1788180091.1777174,137520,15,LR,0.00023180194846605365
1788180107.2092578,137560,15,Loss/l_ce,0.014396429061889648
1788180107.209526,137560,15,Loss/l_total,0.014396429061889648
1788180107.2095535,137560,15,LR,0.00023180194846605365
1788180123.600883,137600,15,Loss/l_ce,0.034418582916259766
1788180123.60113,137600,15,Loss/l_total,0.034418582916259766
1788180123.6011548,137600,15,LR,0.00023180194846605365
1788180140.251589,137640,15,Loss/l_ce,0.06941032409667969
1788180140.2522206,137640,15,Loss/l_total,0.06941032409667969
1788180140.252255,137640,15,LR,0.00023180194846605365
1788180157.2746818,137680,15,Loss/l_ce,0.0979299545288086
1788180157.2751293,137680,15,Loss/l_total,0.0979299545288086
1788180157.2751577,137680,15,LR,0.00023180194846605365
1788180173.59166,137720,15,Loss/l_ce,0.014749765396118164
1788180173.5918677,137720,15,Loss/l_total,0.014749765396118164
1788180173.5918937,137720,15,LR,0.00023180194846605365
1788180189.4483802,137760,15,Loss/l_ce,0.01945662498474121
1788180189.4485486,137760,15,Loss/l_total,0.01945662498474121
1788180189.4485724,137760,15,LR,0.00023180194846605365
1788180206.0267866,137800,15,Loss/l_ce,0.017490863800048828
1788180206.0269635,137800,15,Loss/l_total,0.017490863800048828
1788180206.0269873,137800,15,LR,0.00023180194846605365
1788180221.811405,137840,15,Loss/l_ce,0.013554573059082031
1788180221.811596,137840,15,Loss/l_total,0.013554573059082031
1788180221.8116221,137840,15,LR,0.00023180194846605365
1788180238.2419899,137880,15,Loss/l_ce,0.0035004615783691406
1788180238.242346,137880,15,Loss/l_total,0.0035004615783691406
1788180238.2423735,137880,15,LR,0.00023180194846605365
1788180253.9767766,137920,15,Loss/l_ce,0.021038293838500977
1788180253.9770188,137920,15,Loss/l_total,0.021038293838500977
1788180253.9770925,137920,15,LR,0.00023180194846605365
1788180269.882947,137960,15,Loss/l_ce,0.04060029983520508
1788180269.8832831,137960,15,Loss/l_total,0.04060029983520508
1788180269.8833103,137960,15,LR,0.00023180194846605365
1788180285.976848,138000,15,Loss/l_ce,0.019390106201171875
1788180285.9771626,138000,15,Loss/l_total,0.019390106201171875
1788180285.9771874,138000,15,LR,0.00023180194846605365
1788180301.2484024,138040,15,Loss/l_ce,0.016282320022583008
1788180301.2487102,138040,15,Loss/l_total,0.016282320022583008
1788180301.248735,138040,15,LR,0.00023180194846605365
1788180317.561973,138080,15,Loss/l_ce,0.05544614791870117
1788180317.562201,138080,15,Loss/l_total,0.05544614791870117
1788180317.5622272,138080,15,LR,0.00023180194846605365
1788180332.9305477,138120,15,Loss/l_ce,0.06235837936401367
1788180332.9308398,138120,15,Loss/l_total,0.06235837936401367
1788180332.9308636,138120,15,LR,0.00023180194846605365
1788180347.3487172,138160,15,Loss/l_ce,0.04549717903137207
1788180347.3490663,138160,15,Loss/l_total,0.04549717903137207
1788180347.3491008,138160,15,LR,0.00023180194846605365
1788180362.5466743,138200,15,Loss/l_ce,0.02128314971923828
1788180362.547515,138200,15,Loss/l_total,0.02128314971923828
1788180362.5475433,138200,15,LR,0.00023180194846605365
1788180378.6087832,138240,15,Loss/l_ce,0.023539066314697266
1788180378.6090255,138240,15,Loss/l_total,0.023539066314697266
1788180378.6090827,138240,15,LR,0.00023180194846605365
1788180394.6064737,138280,15,Loss/l_ce,0.11051559448242188
1788180394.6067443,138280,15,Loss/l_total,0.11051559448242188
1788180394.6067705,138280,15,LR,0.00023180194846605365
1788180410.4603863,138320,15,Loss/l_ce,0.01881098747253418
1788180410.4605784,138320,15,Loss/l_total,0.01881098747253418
1788180410.4606023,138320,15,LR,0.00023180194846605365
1788180426.1315613,138360,15,Loss/l_ce,0.018038034439086914
1788180426.1317296,138360,15,Loss/l_total,0.018038034439086914
1788180426.1317534,138360,15,LR,0.00023180194846605365
1788180441.4098427,138400,15,Loss/l_ce,0.0066165924072265625
1788180441.4099913,138400,15,Loss/l_total,0.0066165924072265625
1788180441.4100137,138400,15,LR,0.00023180194846605365
1788180457.1592937,138440,15,Loss/l_ce,0.0836329460144043
1788180457.1594625,138440,15,Loss/l_total,0.0836329460144043
1788180457.1594872,138440,15,LR,0.00023180194846605365
1788180472.4449272,138480,15,Loss/l_ce,0.033861398696899414
1788180472.4451325,138480,15,Loss/l_total,0.033861398696899414
1788180472.4451573,138480,15,LR,0.00023180194846605365
1788180488.234086,138520,15,Loss/l_ce,0.020297765731811523
1788180488.2342796,138520,15,Loss/l_total,0.020297765731811523
1788180488.2343047,138520,15,LR,0.00023180194846605365
1788180503.7270937,138560,15,Loss/l_ce,0.02941131591796875
1788180503.7273881,138560,15,Loss/l_total,0.02941131591796875
1788180503.7274132,138560,15,LR,0.00023180194846605365
1788180519.6627011,138600,15,Loss/l_ce,0.01841259002685547
1788180519.6629658,138600,15,Loss/l_total,0.01841259002685547
1788180519.6629896,138600,15,LR,0.00023180194846605365
1788180535.1500654,138640,15,Loss/l_ce,0.06010150909423828
1788180535.150321,138640,15,Loss/l_total,0.06010150909423828
1788180535.1503434,138640,15,LR,0.00023180194846605365
1788180551.1156638,138680,15,Loss/l_ce,0.018522262573242188
1788180551.115956,138680,15,Loss/l_total,0.018522262573242188
1788180551.1159797,138680,15,LR,0.00023180194846605365
1788180567.0064428,138720,15,Loss/l_ce,0.054677486419677734
1788180567.0066743,138720,15,Loss/l_total,0.054677486419677734
1788180567.006698,138720,15,LR,0.00023180194846605365
1788180582.5554173,138760,15,Loss/l_ce,0.028505325317382812
1788180582.5556915,138760,15,Loss/l_total,0.028505325317382812
1788180582.5557153,138760,15,LR,0.00023180194846605365
1788180597.952689,138800,15,Loss/l_ce,0.01386260986328125
1788180597.9529963,138800,15,Loss/l_total,0.01386260986328125
1788180597.9530237,138800,15,LR,0.00023180194846605365
1788180613.3173099,138840,15,Loss/l_ce,0.06822848320007324
1788180613.3176222,138840,15,Loss/l_total,0.06822848320007324
1788180613.3176475,138840,15,LR,0.00023180194846605365
1788180629.3866737,138880,15,Loss/l_ce,0.0960550308227539
1788180629.3869915,138880,15,Loss/l_total,0.0960550308227539
1788180629.387018,138880,15,LR,0.00023180194846605365
1788180644.8093593,138920,15,Loss/l_ce,0.041817426681518555
1788180644.8096645,138920,15,Loss/l_total,0.041817426681518555
1788180644.8096893,138920,15,LR,0.00023180194846605365
1788180660.9937718,138960,15,Loss/l_ce,0.01927804946899414
1788180660.9941065,138960,15,Loss/l_total,0.01927804946899414
1788180660.9941328,138960,15,LR,0.00023180194846605365
1788180675.7692719,139000,15,Loss/l_ce,0.07571649551391602
1788180675.7695997,139000,15,Loss/l_total,0.07571649551391602
1788180675.769646,139000,15,LR,0.00023180194846605365
1788180690.8820112,139040,15,Loss/l_ce,0.007657051086425781
1788180690.882346,139040,15,Loss/l_total,0.007657051086425781
1788180690.8823707,139040,15,LR,0.00023180194846605365
1788180706.8803973,139080,15,Loss/l_ce,0.016268491744995117
1788180706.8807049,139080,15,Loss/l_total,0.016268491744995117
1788180706.8807309,139080,15,LR,0.00023180194846605365
1788180722.2804155,139120,15,Loss/l_ce,0.02612590789794922
1788180722.2807314,139120,15,Loss/l_total,0.02612590789794922
1788180722.2807562,139120,15,LR,0.00023180194846605365
1788180738.4767997,139160,15,Loss/l_ce,0.021290302276611328
1788180738.477086,139160,15,Loss/l_total,0.021290302276611328
1788180738.4771109,139160,15,LR,0.00023180194846605365
1788180754.5017743,139200,15,Loss/l_ce,0.045577287673950195
1788180754.501982,139200,15,Loss/l_total,0.045577287673950195
1788180754.5020058,139200,15,LR,0.00023180194846605365
1788180807.2865882,139232,15,Val/dense_error,0.02863479033112526
1788180807.2869244,139232,15,Val/auc,0.7397965825735925
1788180807.2869492,139232,15,Val/pck_max,0.1
1788180807.2869694,139232,15,Val/pck_n,100.0
1788180814.0253212,139240,16,Loss/l_ce,0.0230715274810791
1788180814.0254886,139240,16,Loss/l_total,0.0230715274810791
1788180814.0255134,139240,16,LR,0.0001859423525312737
1788180830.5387986,139280,16,Loss/l_ce,0.02332925796508789
1788180830.5389602,139280,16,Loss/l_total,0.02332925796508789
1788180830.5389826,139280,16,LR,0.0001859423525312737
1788180845.9850268,139320,16,Loss/l_ce,0.01897406578063965
1788180845.9852178,139320,16,Loss/l_total,0.01897406578063965
1788180845.9852428,139320,16,LR,0.0001859423525312737
1788180862.3174894,139360,16,Loss/l_ce,0.032959699630737305
1788180862.3176877,139360,16,Loss/l_total,0.032959699630737305
1788180862.3177114,139360,16,LR,0.0001859423525312737
1788180877.7061634,139400,16,Loss/l_ce,0.06082916259765625
1788180877.7063417,139400,16,Loss/l_total,0.06082916259765625
1788180877.706375,139400,16,LR,0.0001859423525312737
1788180893.6339831,139440,16,Loss/l_ce,0.014820575714111328
1788180893.6341686,139440,16,Loss/l_total,0.014820575714111328
1788180893.6341946,139440,16,LR,0.0001859423525312737
1788180909.236132,139480,16,Loss/l_ce,0.021960973739624023
1788180909.2363431,139480,16,Loss/l_total,0.021960973739624023
1788180909.2363667,139480,16,LR,0.0001859423525312737
1788180924.9347205,139520,16,Loss/l_ce,0.062073469161987305
1788180924.9349782,139520,16,Loss/l_total,0.062073469161987305
1788180924.9350054,139520,16,LR,0.0001859423525312737
1788180941.0367877,139560,16,Loss/l_ce,0.06581330299377441
1788180941.0370276,139560,16,Loss/l_total,0.06581330299377441
1788180941.0370858,139560,16,LR,0.0001859423525312737
1788180956.279319,139600,16,Loss/l_ce,0.04501771926879883
1788180956.2795577,139600,16,Loss/l_total,0.04501771926879883
1788180956.2795827,139600,16,LR,0.0001859423525312737
1788180972.4841135,139640,16,Loss/l_ce,0.015257120132446289
1788180972.484327,139640,16,Loss/l_total,0.015257120132446289
1788180972.484351,139640,16,LR,0.0001859423525312737
1788180988.1711762,139680,16,Loss/l_ce,0.04116964340209961
1788180988.1713994,139680,16,Loss/l_total,0.04116964340209961
1788180988.1714242,139680,16,LR,0.0001859423525312737
1788181002.7229075,139720,16,Loss/l_ce,0.016638755798339844
1788181002.7231665,139720,16,Loss/l_total,0.016638755798339844
1788181002.7231927,139720,16,LR,0.0001859423525312737
1788181017.2227485,139760,16,Loss/l_ce,0.0814363956451416
1788181017.2229717,139760,16,Loss/l_total,0.0814363956451416
1788181017.2229965,139760,16,LR,0.0001859423525312737
1788181031.824509,139800,16,Loss/l_ce,0.019789934158325195
1788181031.824713,139800,16,Loss/l_total,0.019789934158325195
1788181031.8247368,139800,16,LR,0.0001859423525312737
1788181046.608601,139840,16,Loss/l_ce,0.05596446990966797
1788181046.608811,139840,16,Loss/l_total,0.05596446990966797
1788181046.6088347,139840,16,LR,0.0001859423525312737
1788181061.493934,139880,16,Loss/l_ce,0.017844676971435547
1788181061.4942188,139880,16,Loss/l_total,0.017844676971435547
1788181061.4942448,139880,16,LR,0.0001859423525312737
1788181076.2422407,139920,16,Loss/l_ce,0.07320737838745117
1788181076.242419,139920,16,Loss/l_total,0.07320737838745117
1788181076.2424428,139920,16,LR,0.0001859423525312737
1788181090.8958602,139960,16,Loss/l_ce,0.08763265609741211
1788181090.896024,139960,16,Loss/l_total,0.08763265609741211
1788181090.896075,139960,16,LR,0.0001859423525312737
1788181105.7011695,140000,16,Loss/l_ce,0.06641983985900879
1788181105.7013333,140000,16,Loss/l_total,0.06641983985900879
1788181105.701358,140000,16,LR,0.0001859423525312737
1788181120.0334556,140040,16,Loss/l_ce,0.014770030975341797
1788181120.0336158,140040,16,Loss/l_total,0.014770030975341797
1788181120.0336385,140040,16,LR,0.0001859423525312737
1788181135.2225447,140080,16,Loss/l_ce,0.014282703399658203
1788181135.2227454,140080,16,Loss/l_total,0.014282703399658203
1788181135.2227693,140080,16,LR,0.0001859423525312737
1788181150.0241616,140120,16,Loss/l_ce,0.017215967178344727
1788181150.0243394,140120,16,Loss/l_total,0.017215967178344727
1788181150.0243623,140120,16,LR,0.0001859423525312737
1788181164.5755122,140160,16,Loss/l_ce,0.0170440673828125
1788181164.5757031,140160,16,Loss/l_total,0.0170440673828125
1788181164.5757267,140160,16,LR,0.0001859423525312737
1788181179.3377142,140200,16,Loss/l_ce,0.080169677734375
1788181179.3379717,140200,16,Loss/l_total,0.080169677734375
1788181179.3379955,140200,16,LR,0.0001859423525312737
1788181193.9935846,140240,16,Loss/l_ce,0.04018402099609375
1788181193.9938161,140240,16,Loss/l_total,0.04018402099609375
1788181193.99384,140240,16,LR,0.0001859423525312737
1788181208.865488,140280,16,Loss/l_ce,0.02455449104309082
1788181208.8657303,140280,16,Loss/l_total,0.02455449104309082
1788181208.865755,140280,16,LR,0.0001859423525312737
1788181223.7201426,140320,16,Loss/l_ce,0.008790254592895508
1788181223.7204227,140320,16,Loss/l_total,0.008790254592895508
1788181223.7204502,140320,16,LR,0.0001859423525312737
1788181238.3433006,140360,16,Loss/l_ce,0.02992415428161621
1788181238.3435192,140360,16,Loss/l_total,0.02992415428161621
1788181238.3435454,140360,16,LR,0.0001859423525312737
1788181252.9992402,140400,16,Loss/l_ce,0.023224353790283203
1788181252.9995263,140400,16,Loss/l_total,0.023224353790283203
1788181252.9995522,140400,16,LR,0.0001859423525312737
1788181267.7358906,140440,16,Loss/l_ce,0.016623497009277344
1788181267.7361896,140440,16,Loss/l_total,0.016623497009277344
1788181267.7362158,140440,16,LR,0.0001859423525312737
1788181282.243315,140480,16,Loss/l_ce,0.045050621032714844
1788181282.2435274,140480,16,Loss/l_total,0.045050621032714844
1788181282.2435558,140480,16,LR,0.0001859423525312737
1788181297.0099518,140520,16,Loss/l_ce,0.0423121452331543
1788181297.0101643,140520,16,Loss/l_total,0.0423121452331543
1788181297.0101893,140520,16,LR,0.0001859423525312737
1788181311.6265597,140560,16,Loss/l_ce,0.014854907989501953
1788181311.6268268,140560,16,Loss/l_total,0.014854907989501953
1788181311.6268518,140560,16,LR,0.0001859423525312737
1788181326.0917222,140600,16,Loss/l_ce,0.014673233032226562
1788181326.0918875,140600,16,Loss/l_total,0.014673233032226562
1788181326.0919123,140600,16,LR,0.0001859423525312737
1788181340.764107,140640,16,Loss/l_ce,0.01947760581970215
1788181340.7643266,140640,16,Loss/l_total,0.01947760581970215
1788181340.7643492,140640,16,LR,0.0001859423525312737
1788181355.4008303,140680,16,Loss/l_ce,0.0404973030090332
1788181355.4011102,140680,16,Loss/l_total,0.0404973030090332
1788181355.4011364,140680,16,LR,0.0001859423525312737
1788181370.2150953,140720,16,Loss/l_ce,0.01820063591003418
1788181370.2152948,140720,16,Loss/l_total,0.01820063591003418
1788181370.2153172,140720,16,LR,0.0001859423525312737
1788181385.056718,140760,16,Loss/l_ce,0.031215667724609375
1788181385.05706,140760,16,Loss/l_total,0.031215667724609375
1788181385.0570922,140760,16,LR,0.0001859423525312737
1788181399.7793992,140800,16,Loss/l_ce,0.020013093948364258
1788181399.7797067,140800,16,Loss/l_total,0.020013093948364258
1788181399.779728,140800,16,LR,0.0001859423525312737
1788181414.5901809,140840,16,Loss/l_ce,0.05385231971740723
1788181414.5903826,140840,16,Loss/l_total,0.05385231971740723
1788181414.5904052,140840,16,LR,0.0001859423525312737
1788181429.4746969,140880,16,Loss/l_ce,0.027604103088378906
1788181429.4749641,140880,16,Loss/l_total,0.027604103088378906
1788181429.4749904,140880,16,LR,0.0001859423525312737
1788181443.9816277,140920,16,Loss/l_ce,0.052130937576293945
1788181443.9818285,140920,16,Loss/l_total,0.052130937576293945
1788181443.9818518,140920,16,LR,0.0001859423525312737
1788181458.6356864,140960,16,Loss/l_ce,0.020961284637451172
1788181458.6358597,140960,16,Loss/l_total,0.020961284637451172
1788181458.6358821,140960,16,LR,0.0001859423525312737
1788181473.4298081,141000,16,Loss/l_ce,0.027391910552978516
1788181473.4301205,141000,16,Loss/l_total,0.027391910552978516
1788181473.4301476,141000,16,LR,0.0001859423525312737
1788181488.0131662,141040,16,Loss/l_ce,0.02256035804748535
1788181488.0133843,141040,16,Loss/l_total,0.02256035804748535
1788181488.0134106,141040,16,LR,0.0001859423525312737
1788181502.9523373,141080,16,Loss/l_ce,0.03509402275085449
1788181502.9525163,141080,16,Loss/l_total,0.03509402275085449
1788181502.952541,141080,16,LR,0.0001859423525312737
1788181519.0494623,141120,16,Loss/l_ce,0.058424949645996094
1788181519.0496473,141120,16,Loss/l_total,0.058424949645996094
1788181519.0496757,141120,16,LR,0.0001859423525312737
1788181534.405028,141160,16,Loss/l_ce,0.05314445495605469
1788181534.405205,141160,16,Loss/l_total,0.05314445495605469
1788181534.4052274,141160,16,LR,0.0001859423525312737
1788181549.9948688,141200,16,Loss/l_ce,0.02225184440612793
1788181549.9951146,141200,16,Loss/l_total,0.02225184440612793
1788181549.9951453,141200,16,LR,0.0001859423525312737
1788181566.0289366,141240,16,Loss/l_ce,0.025957345962524414
1788181566.0291493,141240,16,Loss/l_total,0.025957345962524414
1788181566.029174,141240,16,LR,0.0001859423525312737
1788181581.7138603,141280,16,Loss/l_ce,0.030173540115356445
1788181581.7140837,141280,16,Loss/l_total,0.030173540115356445
1788181581.7141087,141280,16,LR,0.0001859423525312737
1788181597.5130591,141320,16,Loss/l_ce,0.03868865966796875
1788181597.5133274,141320,16,Loss/l_total,0.03868865966796875
1788181597.5133512,141320,16,LR,0.0001859423525312737
1788181613.3228734,141360,16,Loss/l_ce,0.015995502471923828
1788181613.3231094,141360,16,Loss/l_total,0.015995502471923828
1788181613.3231428,141360,16,LR,0.0001859423525312737
1788181629.1515417,141400,16,Loss/l_ce,0.031893253326416016
1788181629.1518087,141400,16,Loss/l_total,0.031893253326416016
1788181629.151835,141400,16,LR,0.0001859423525312737
1788181645.047018,141440,16,Loss/l_ce,0.05824995040893555
1788181645.0472767,141440,16,Loss/l_total,0.05824995040893555
1788181645.0473006,141440,16,LR,0.0001859423525312737
1788181660.9689698,141480,16,Loss/l_ce,0.060959577560424805
1788181660.9693308,141480,16,Loss/l_total,0.060959577560424805
1788181660.9693568,141480,16,LR,0.0001859423525312737
1788181676.3754196,141520,16,Loss/l_ce,0.02648639678955078
1788181676.3757153,141520,16,Loss/l_total,0.02648639678955078
1788181676.37574,141520,16,LR,0.0001859423525312737
1788181692.161392,141560,16,Loss/l_ce,0.03989577293395996
1788181692.1616435,141560,16,Loss/l_total,0.03989577293395996
1788181692.1616683,141560,16,LR,0.0001859423525312737
1788181707.657391,141600,16,Loss/l_ce,0.0536041259765625
1788181707.6575952,141600,16,Loss/l_total,0.0536041259765625
1788181707.6576211,141600,16,LR,0.0001859423525312737
1788181723.1595666,141640,16,Loss/l_ce,0.03727602958679199
1788181723.1597767,141640,16,Loss/l_total,0.03727602958679199
1788181723.1598005,141640,16,LR,0.0001859423525312737
1788181738.9516034,141680,16,Loss/l_ce,0.02329874038696289
1788181738.9517696,141680,16,Loss/l_total,0.02329874038696289
1788181738.9517934,141680,16,LR,0.0001859423525312737
1788181754.6273282,141720,16,Loss/l_ce,0.019130706787109375
1788181754.6285641,141720,16,Loss/l_total,0.019130706787109375
1788181754.6285949,141720,16,LR,0.0001859423525312737
1788181769.7765815,141760,16,Loss/l_ce,0.05617380142211914
1788181769.7768962,141760,16,Loss/l_total,0.05617380142211914
1788181769.776921,141760,16,LR,0.0001859423525312737
1788181785.5977595,141800,16,Loss/l_ce,0.015063762664794922
1788181785.598085,141800,16,Loss/l_total,0.015063762664794922
1788181785.5981097,141800,16,LR,0.0001859423525312737
1788181801.4470158,141840,16,Loss/l_ce,0.030802249908447266
1788181801.4472613,141840,16,Loss/l_total,0.030802249908447266
1788181801.4472852,141840,16,LR,0.0001859423525312737
1788181816.7350008,141880,16,Loss/l_ce,0.08081746101379395
1788181816.7352037,141880,16,Loss/l_total,0.08081746101379395
1788181816.735229,141880,16,LR,0.0001859423525312737
1788181832.5425367,141920,16,Loss/l_ce,0.014312744140625
1788181832.5428278,141920,16,Loss/l_total,0.014312744140625
1788181832.5428512,141920,16,LR,0.0001859423525312737
1788181848.392211,141960,16,Loss/l_ce,0.02793598175048828
1788181848.3923843,141960,16,Loss/l_total,0.02793598175048828
1788181848.3924067,141960,16,LR,0.0001859423525312737
1788181863.6765773,142000,16,Loss/l_ce,0.03159928321838379
1788181863.6768148,142000,16,Loss/l_total,0.03159928321838379
1788181863.6768386,142000,16,LR,0.0001859423525312737
1788181879.8559892,142040,16,Loss/l_ce,0.006525516510009766
1788181879.8561792,142040,16,Loss/l_total,0.006525516510009766
1788181879.856203,142040,16,LR,0.0001859423525312737
1788181895.947799,142080,16,Loss/l_ce,0.06477689743041992
1788181895.9479628,142080,16,Loss/l_total,0.06477689743041992
1788181895.9479854,142080,16,LR,0.0001859423525312737
1788181911.7127147,142120,16,Loss/l_ce,0.018977880477905273
1788181911.7129283,142120,16,Loss/l_total,0.018977880477905273
1788181911.713268,142120,16,LR,0.0001859423525312737
1788181927.7187173,142160,16,Loss/l_ce,0.10372591018676758
1788181927.7189195,142160,16,Loss/l_total,0.10372591018676758
1788181927.71895,142160,16,LR,0.0001859423525312737
1788181943.697644,142200,16,Loss/l_ce,0.014862775802612305
1788181943.6978269,142200,16,Loss/l_total,0.014862775802612305
1788181943.697852,142200,16,LR,0.0001859423525312737
1788181959.0774086,142240,16,Loss/l_ce,0.06502580642700195
1788181959.0775795,142240,16,Loss/l_total,0.06502580642700195
1788181959.077603,142240,16,LR,0.0001859423525312737
1788181975.1489406,142280,16,Loss/l_ce,0.016246795654296875
1788181975.149141,142280,16,Loss/l_total,0.016246795654296875
1788181975.149165,142280,16,LR,0.0001859423525312737
1788181990.8026364,142320,16,Loss/l_ce,0.022294044494628906
1788181990.8028274,142320,16,Loss/l_total,0.022294044494628906
1788181990.8028524,142320,16,LR,0.0001859423525312737
1788182005.423317,142360,16,Loss/l_ce,0.09097576141357422
1788182005.4235246,142360,16,Loss/l_total,0.09097576141357422
1788182005.4235485,142360,16,LR,0.0001859423525312737
1788182020.6383336,142400,16,Loss/l_ce,0.013369560241699219
1788182020.6385436,142400,16,Loss/l_total,0.013369560241699219
1788182020.6385686,142400,16,LR,0.0001859423525312737
1788182036.438235,142440,16,Loss/l_ce,0.01330256462097168
1788182036.4385557,142440,16,Loss/l_total,0.01330256462097168
1788182036.4385831,142440,16,LR,0.0001859423525312737
1788182052.2791708,142480,16,Loss/l_ce,0.07261133193969727
1788182052.2795033,142480,16,Loss/l_total,0.07261133193969727
1788182052.2795281,142480,16,LR,0.0001859423525312737
1788182067.6555765,142520,16,Loss/l_ce,0.03372621536254883
1788182067.6558578,142520,16,Loss/l_total,0.03372621536254883
1788182067.6558816,142520,16,LR,0.0001859423525312737
1788182083.9593518,142560,16,Loss/l_ce,0.019951820373535156
1788182083.9596012,142560,16,Loss/l_total,0.019951820373535156
1788182083.959626,142560,16,LR,0.0001859423525312737
1788182099.6861045,142600,16,Loss/l_ce,0.032378196716308594
1788182099.686285,142600,16,Loss/l_total,0.032378196716308594
1788182099.6863062,142600,16,LR,0.0001859423525312737
1788182115.262586,142640,16,Loss/l_ce,0.04502439498901367
1788182115.2642114,142640,16,Loss/l_total,0.04502439498901367
1788182115.2642398,142640,16,LR,0.0001859423525312737
1788182131.3259747,142680,16,Loss/l_ce,0.07122063636779785
1788182131.3261588,142680,16,Loss/l_total,0.07122063636779785
1788182131.3261838,142680,16,LR,0.0001859423525312737
1788182146.7138178,142720,16,Loss/l_ce,0.031215667724609375
1788182146.7139888,142720,16,Loss/l_total,0.031215667724609375
1788182146.714014,142720,16,LR,0.0001859423525312737
1788182162.095269,142760,16,Loss/l_ce,0.027712345123291016
1788182162.0954278,142760,16,Loss/l_total,0.027712345123291016
1788182162.095453,142760,16,LR,0.0001859423525312737
1788182177.8426864,142800,16,Loss/l_ce,0.018320083618164062
1788182177.8428597,142800,16,Loss/l_total,0.018320083618164062
1788182177.8428812,142800,16,LR,0.0001859423525312737
1788182192.9230146,142840,16,Loss/l_ce,0.017777204513549805
1788182192.9231915,142840,16,Loss/l_total,0.017777204513549805
1788182192.9232154,142840,16,LR,0.0001859423525312737
1788182208.921303,142880,16,Loss/l_ce,0.023696184158325195
1788182208.9214704,142880,16,Loss/l_total,0.023696184158325195
1788182208.921493,142880,16,LR,0.0001859423525312737
1788182225.0200722,142920,16,Loss/l_ce,0.023492813110351562
1788182225.0202491,142920,16,Loss/l_total,0.023492813110351562
1788182225.0202715,142920,16,LR,0.0001859423525312737
1788182240.4559596,142960,16,Loss/l_ce,0.021703720092773438
1788182240.456158,142960,16,Loss/l_total,0.021703720092773438
1788182240.456185,142960,16,LR,0.0001859423525312737
1788182256.577444,143000,16,Loss/l_ce,0.017558574676513672
1788182256.5776246,143000,16,Loss/l_total,0.017558574676513672
1788182256.5776484,143000,16,LR,0.0001859423525312737
1788182271.935983,143040,16,Loss/l_ce,0.027666330337524414
1788182271.9361706,143040,16,Loss/l_total,0.027666330337524414
1788182271.9361954,143040,16,LR,0.0001859423525312737
1788182287.890457,143080,16,Loss/l_ce,0.035173654556274414
1788182287.8906279,143080,16,Loss/l_total,0.035173654556274414
1788182287.8906515,143080,16,LR,0.0001859423525312737
1788182303.5166023,143120,16,Loss/l_ce,0.019840478897094727
1788182303.516817,143120,16,Loss/l_total,0.019840478897094727
1788182303.516841,143120,16,LR,0.0001859423525312737
1788182319.0434105,143160,16,Loss/l_ce,0.026202678680419922
1788182319.0436075,143160,16,Loss/l_total,0.026202678680419922
1788182319.0436301,143160,16,LR,0.0001859423525312737
1788182334.7904391,143200,16,Loss/l_ce,0.03687429428100586
1788182334.7907786,143200,16,Loss/l_total,0.03687429428100586
1788182334.7908046,143200,16,LR,0.0001859423525312737
1788182350.4838448,143240,16,Loss/l_ce,0.035722970962524414
1788182350.4840775,143240,16,Loss/l_total,0.035722970962524414
1788182350.4841027,143240,16,LR,0.0001859423525312737
1788182365.8757622,143280,16,Loss/l_ce,0.020648956298828125
1788182365.8761184,143280,16,Loss/l_total,0.020648956298828125
1788182365.8761435,143280,16,LR,0.0001859423525312737
1788182381.6947923,143320,16,Loss/l_ce,0.12120532989501953
1788182381.695063,143320,16,Loss/l_total,0.12120532989501953
1788182381.695096,143320,16,LR,0.0001859423525312737
1788182397.0025306,143360,16,Loss/l_ce,0.03650474548339844
1788182397.0028179,143360,16,Loss/l_total,0.03650474548339844
1788182397.0028427,143360,16,LR,0.0001859423525312737
1788182411.6516373,143400,16,Loss/l_ce,0.029437541961669922
1788182411.6519756,143400,16,Loss/l_total,0.029437541961669922
1788182411.6520019,143400,16,LR,0.0001859423525312737
1788182426.1732419,143440,16,Loss/l_ce,0.020095348358154297
1788182426.173465,143440,16,Loss/l_total,0.020095348358154297
1788182426.1734903,143440,16,LR,0.0001859423525312737
1788182441.6200707,143480,16,Loss/l_ce,0.006930351257324219
1788182441.62037,143480,16,Loss/l_total,0.006930351257324219
1788182441.6203935,143480,16,LR,0.0001859423525312737
1788182457.26835,143520,16,Loss/l_ce,0.014534235000610352
1788182457.2685874,143520,16,Loss/l_total,0.014534235000610352
1788182457.2686124,143520,16,LR,0.0001859423525312737
1788182472.5357025,143560,16,Loss/l_ce,0.02041006088256836
1788182472.5360122,143560,16,Loss/l_total,0.02041006088256836
1788182472.5360587,143560,16,LR,0.0001859423525312737
1788182488.3197134,143600,16,Loss/l_ce,0.01964259147644043
1788182488.319933,143600,16,Loss/l_total,0.01964259147644043
1788182488.3199558,143600,16,LR,0.0001859423525312737
1788182504.1926823,143640,16,Loss/l_ce,0.0254364013671875
1788182504.192985,143640,16,Loss/l_total,0.0254364013671875
1788182504.1930099,143640,16,LR,0.0001859423525312737
1788182519.6273687,143680,16,Loss/l_ce,0.03772306442260742
1788182519.6275847,143680,16,Loss/l_total,0.03772306442260742
1788182519.6276095,143680,16,LR,0.0001859423525312737
1788182535.9204986,143720,16,Loss/l_ce,0.11840629577636719
1788182535.9206743,143720,16,Loss/l_total,0.11840629577636719
1788182535.9206994,143720,16,LR,0.0001859423525312737
1788182551.7892182,143760,16,Loss/l_ce,0.0824882984161377
1788182551.7894177,143760,16,Loss/l_total,0.0824882984161377
1788182551.7894428,143760,16,LR,0.0001859423525312737
1788182567.0987022,143800,16,Loss/l_ce,0.02540302276611328
1788182567.0988753,143800,16,Loss/l_total,0.02540302276611328
1788182567.0989006,143800,16,LR,0.0001859423525312737
1788182583.2133937,143840,16,Loss/l_ce,0.07748222351074219
1788182583.2136087,143840,16,Loss/l_total,0.07748222351074219
1788182583.2136335,143840,16,LR,0.0001859423525312737
1788182598.5258195,143880,16,Loss/l_ce,0.0222625732421875
1788182598.5261009,143880,16,Loss/l_total,0.0222625732421875
1788182598.5261247,143880,16,LR,0.0001859423525312737
1788182614.3863316,143920,16,Loss/l_ce,0.016899585723876953
1788182614.386588,143920,16,Loss/l_total,0.016899585723876953
1788182614.386612,143920,16,LR,0.0001859423525312737
1788182630.360601,143960,16,Loss/l_ce,0.02296137809753418
1788182630.3608859,143960,16,Loss/l_total,0.02296137809753418
1788182630.3609083,143960,16,LR,0.0001859423525312737
1788182645.5070193,144000,16,Loss/l_ce,0.024823427200317383
1788182645.5073504,144000,16,Loss/l_total,0.024823427200317383
1788182645.5073814,144000,16,LR,0.0001859423525312737
1788182662.089189,144040,16,Loss/l_ce,0.0355525016784668
1788182662.0894635,144040,16,Loss/l_total,0.0355525016784668
1788182662.0894861,144040,16,LR,0.0001859423525312737
1788182677.9710631,144080,16,Loss/l_ce,0.038431406021118164
1788182677.9713469,144080,16,Loss/l_total,0.038431406021118164
1788182677.971372,144080,16,LR,0.0001859423525312737
1788182693.2242255,144120,16,Loss/l_ce,0.07061100006103516
1788182693.2244642,144120,16,Loss/l_total,0.07061100006103516
1788182693.224488,144120,16,LR,0.0001859423525312737
1788182709.3322291,144160,16,Loss/l_ce,0.023822546005249023
1788182709.332482,144160,16,Loss/l_total,0.023822546005249023
1788182709.332508,144160,16,LR,0.0001859423525312737
1788182725.442878,144200,16,Loss/l_ce,0.04191303253173828
1788182725.4431727,144200,16,Loss/l_total,0.04191303253173828
1788182725.4431996,144200,16,LR,0.0001859423525312737
1788182741.1221356,144240,16,Loss/l_ce,0.024095535278320312
1788182741.1223562,144240,16,Loss/l_total,0.024095535278320312
1788182741.12238,144240,16,LR,0.0001859423525312737
1788182757.0912733,144280,16,Loss/l_ce,0.015733957290649414
1788182757.0915046,144280,16,Loss/l_total,0.015733957290649414
1788182757.0915284,144280,16,LR,0.0001859423525312737
1788182773.317554,144320,16,Loss/l_ce,0.05394124984741211
1788182773.3178735,144320,16,Loss/l_total,0.05394124984741211
1788182773.3178983,144320,16,LR,0.0001859423525312737
1788182788.4879026,144360,16,Loss/l_ce,0.021314144134521484
1788182788.4881413,144360,16,Loss/l_total,0.021314144134521484
1788182788.4881651,144360,16,LR,0.0001859423525312737
1788182804.6680214,144400,16,Loss/l_ce,0.022082805633544922
1788182804.6683362,144400,16,Loss/l_total,0.022082805633544922
1788182804.668361,144400,16,LR,0.0001859423525312737
1788182820.6812353,144440,16,Loss/l_ce,0.015703678131103516
1788182820.6814454,144440,16,Loss/l_total,0.015703678131103516
1788182820.6814692,144440,16,LR,0.0001859423525312737
1788182836.1080015,144480,16,Loss/l_ce,0.09050941467285156
1788182836.1085691,144480,16,Loss/l_total,0.09050941467285156
1788182836.1086,144480,16,LR,0.0001859423525312737
1788182852.2902753,144520,16,Loss/l_ce,0.02801799774169922
1788182852.290451,144520,16,Loss/l_total,0.02801799774169922
1788182852.290477,144520,16,LR,0.0001859423525312737
1788182868.2567582,144560,16,Loss/l_ce,0.0853116512298584
1788182868.2569187,144560,16,Loss/l_total,0.0853116512298584
1788182868.2569437,144560,16,LR,0.0001859423525312737
1788182883.5489306,144600,16,Loss/l_ce,0.016018152236938477
1788182883.5491397,144600,16,Loss/l_total,0.016018152236938477
1788182883.5491657,144600,16,LR,0.0001859423525312737
1788182899.5889442,144640,16,Loss/l_ce,0.06643009185791016
1788182899.5891519,144640,16,Loss/l_total,0.06643009185791016
1788182899.5891805,144640,16,LR,0.0001859423525312737
1788182915.07018,144680,16,Loss/l_ce,0.014866352081298828
1788182915.0703568,144680,16,Loss/l_total,0.014866352081298828
1788182915.0703855,144680,16,LR,0.0001859423525312737
1788182931.4529452,144720,16,Loss/l_ce,0.014797210693359375
1788182931.4531422,144720,16,Loss/l_total,0.014797210693359375
1788182931.4531693,144720,16,LR,0.0001859423525312737
1788182947.466627,144760,16,Loss/l_ce,0.12552595138549805
1788182947.466927,144760,16,Loss/l_total,0.12552595138549805
1788182947.4669569,144760,16,LR,0.0001859423525312737
1788182962.0571163,144800,16,Loss/l_ce,0.044023752212524414
1788182962.0573654,144800,16,Loss/l_total,0.044023752212524414
1788182962.0573916,144800,16,LR,0.0001859423525312737
1788182977.0214717,144840,16,Loss/l_ce,0.013748884201049805
1788182977.02174,144840,16,Loss/l_total,0.013748884201049805
1788182977.0217664,144840,16,LR,0.0001859423525312737
1788182991.641113,144880,16,Loss/l_ce,0.015571355819702148
1788182991.64134,144880,16,Loss/l_total,0.015571355819702148
1788182991.6421115,144880,16,LR,0.0001859423525312737
1788183006.3734286,144920,16,Loss/l_ce,0.045394182205200195
1788183006.3737135,144920,16,Loss/l_total,0.045394182205200195
1788183006.3737385,144920,16,LR,0.0001859423525312737
1788183021.02026,144960,16,Loss/l_ce,0.026628732681274414
1788183021.0204937,144960,16,Loss/l_total,0.026628732681274414
1788183021.02052,144960,16,LR,0.0001859423525312737
1788183035.7274632,145000,16,Loss/l_ce,0.06700658798217773
1788183035.7276244,145000,16,Loss/l_total,0.06700658798217773
1788183035.7276483,145000,16,LR,0.0001859423525312737
1788183050.1914275,145040,16,Loss/l_ce,0.061823129653930664
1788183050.1916518,145040,16,Loss/l_total,0.061823129653930664
1788183050.1916757,145040,16,LR,0.0001859423525312737
1788183064.9289932,145080,16,Loss/l_ce,0.10503625869750977
1788183064.92934,145080,16,Loss/l_total,0.10503625869750977
1788183064.9293709,145080,16,LR,0.0001859423525312737
1788183079.5710814,145120,16,Loss/l_ce,0.021730899810791016
1788183079.5712726,145120,16,Loss/l_total,0.021730899810791016
1788183079.5713034,145120,16,LR,0.0001859423525312737
1788183094.3840013,145160,16,Loss/l_ce,0.02303600311279297
1788183094.3841994,145160,16,Loss/l_total,0.02303600311279297
1788183094.3842232,145160,16,LR,0.0001859423525312737
1788183109.0830166,145200,16,Loss/l_ce,0.040085554122924805
1788183109.0832126,145200,16,Loss/l_total,0.040085554122924805
1788183109.0832353,145200,16,LR,0.0001859423525312737
1788183123.9059443,145240,16,Loss/l_ce,0.13141655921936035
1788183123.9061592,145240,16,Loss/l_total,0.13141655921936035
1788183123.9061842,145240,16,LR,0.0001859423525312737
1788183138.602558,145280,16,Loss/l_ce,0.01647043228149414
1788183138.6027656,145280,16,Loss/l_total,0.01647043228149414
1788183138.6027906,145280,16,LR,0.0001859423525312737
1788183153.2957938,145320,16,Loss/l_ce,0.0237886905670166
1788183153.2959647,145320,16,Loss/l_total,0.0237886905670166
1788183153.2959895,145320,16,LR,0.0001859423525312737
1788183168.1057203,145360,16,Loss/l_ce,0.028296709060668945
1788183168.1059208,145360,16,Loss/l_total,0.028296709060668945
1788183168.1059458,145360,16,LR,0.0001859423525312737
1788183182.8489447,145400,16,Loss/l_ce,0.005486726760864258
1788183182.8492665,145400,16,Loss/l_total,0.005486726760864258
1788183182.8492925,145400,16,LR,0.0001859423525312737
1788183197.3788157,145440,16,Loss/l_ce,0.015921592712402344
1788183197.3790736,145440,16,Loss/l_total,0.015921592712402344
1788183197.379096,145440,16,LR,0.0001859423525312737
1788183211.886639,145480,16,Loss/l_ce,0.0716249942779541
1788183211.8869193,145480,16,Loss/l_total,0.0716249942779541
1788183211.8869417,145480,16,LR,0.0001859423525312737
1788183226.5363996,145520,16,Loss/l_ce,0.01544046401977539
1788183226.5366063,145520,16,Loss/l_total,0.01544046401977539
1788183226.5366287,145520,16,LR,0.0001859423525312737
1788183241.1516066,145560,16,Loss/l_ce,0.10760855674743652
1788183241.15178,145560,16,Loss/l_total,0.10760855674743652
1788183241.1518118,145560,16,LR,0.0001859423525312737
1788183255.8124979,145600,16,Loss/l_ce,0.027127981185913086
1788183255.8126986,145600,16,Loss/l_total,0.027127981185913086
1788183255.8127213,145600,16,LR,0.0001859423525312737
1788183270.5837936,145640,16,Loss/l_ce,0.057344913482666016
1788183270.5840251,145640,16,Loss/l_total,0.057344913482666016
1788183270.584075,145640,16,LR,0.0001859423525312737
1788183285.268095,145680,16,Loss/l_ce,0.03555154800415039
1788183285.2683182,145680,16,Loss/l_total,0.03555154800415039
1788183285.2683465,145680,16,LR,0.0001859423525312737
1788183299.7284563,145720,16,Loss/l_ce,0.022623300552368164
1788183299.7287056,145720,16,Loss/l_total,0.022623300552368164
1788183299.7287316,145720,16,LR,0.0001859423525312737
1788183314.148499,145760,16,Loss/l_ce,0.015069961547851562
1788183314.1486888,145760,16,Loss/l_total,0.015069961547851562
1788183314.1487117,145760,16,LR,0.0001859423525312737
1788183328.86308,145800,16,Loss/l_ce,0.031792640686035156
1788183328.8633175,145800,16,Loss/l_total,0.031792640686035156
1788183328.8633637,145800,16,LR,0.0001859423525312737
1788183343.7327075,145840,16,Loss/l_ce,0.02156209945678711
1788183343.732876,145840,16,Loss/l_total,0.02156209945678711
1788183343.7328985,145840,16,LR,0.0001859423525312737
1788183358.2350621,145880,16,Loss/l_ce,0.04000663757324219
1788183358.235265,145880,16,Loss/l_total,0.04000663757324219
1788183358.2352889,145880,16,LR,0.0001859423525312737
1788183372.924805,145920,16,Loss/l_ce,0.06622552871704102
1788183372.9249828,145920,16,Loss/l_total,0.06622552871704102
1788183372.9250052,145920,16,LR,0.0001859423525312737
1788183387.5764391,145960,16,Loss/l_ce,0.027737855911254883
1788183387.5766563,145960,16,Loss/l_total,0.027737855911254883
1788183387.57668,145960,16,LR,0.0001859423525312737
1788183402.198988,146000,16,Loss/l_ce,0.051167964935302734
1788183402.1992397,146000,16,Loss/l_total,0.051167964935302734
1788183402.199266,146000,16,LR,0.0001859423525312737
1788183417.08581,146040,16,Loss/l_ce,0.012082815170288086
1788183417.085988,146040,16,Loss/l_total,0.012082815170288086
1788183417.0860093,146040,16,LR,0.0001859423525312737
1788183431.6182957,146080,16,Loss/l_ce,0.020287513732910156
1788183431.6185153,146080,16,Loss/l_total,0.020287513732910156
1788183431.6185403,146080,16,LR,0.0001859423525312737
1788183446.2221165,146120,16,Loss/l_ce,0.0899667739868164
1788183446.2223644,146120,16,Loss/l_total,0.0899667739868164
1788183446.2223883,146120,16,LR,0.0001859423525312737
1788183460.9639826,146160,16,Loss/l_ce,0.05045795440673828
1788183460.9642072,146160,16,Loss/l_total,0.05045795440673828
1788183460.964232,146160,16,LR,0.0001859423525312737
1788183475.6234457,146200,16,Loss/l_ce,0.016105175018310547
1788183475.6237094,146200,16,Loss/l_total,0.016105175018310547
1788183475.6237333,146200,16,LR,0.0001859423525312737
1788183490.30211,146240,16,Loss/l_ce,0.04887580871582031
1788183490.3023164,146240,16,Loss/l_total,0.04887580871582031
1788183490.3023417,146240,16,LR,0.0001859423525312737
1788183504.8984911,146280,16,Loss/l_ce,0.013065099716186523
1788183504.8986764,146280,16,Loss/l_total,0.013065099716186523
1788183504.8987002,146280,16,LR,0.0001859423525312737
1788183519.4668736,146320,16,Loss/l_ce,0.009109020233154297
1788183519.4670908,146320,16,Loss/l_total,0.009109020233154297
1788183519.4671266,146320,16,LR,0.0001859423525312737
1788183534.2709992,146360,16,Loss/l_ce,0.015454530715942383
1788183534.2711856,146360,16,Loss/l_total,0.015454530715942383
1788183534.2712092,146360,16,LR,0.0001859423525312737
1788183550.0282621,146400,16,Loss/l_ce,0.05327272415161133
1788183550.0284488,146400,16,Loss/l_total,0.05327272415161133
1788183550.0284736,146400,16,LR,0.0001859423525312737
1788183565.9768639,146440,16,Loss/l_ce,0.0482790470123291
1788183565.977131,146440,16,Loss/l_total,0.0482790470123291
1788183565.9771643,146440,16,LR,0.0001859423525312737
1788183581.9954267,146480,16,Loss/l_ce,0.07471799850463867
1788183581.9956462,146480,16,Loss/l_total,0.07471799850463867
1788183581.9956748,146480,16,LR,0.0001859423525312737
1788183600.3710253,146520,16,Loss/l_ce,0.017345190048217773
1788183600.371334,146520,16,Loss/l_total,0.017345190048217773
1788183600.371358,146520,16,LR,0.0001859423525312737
1788183619.2043872,146560,16,Loss/l_ce,0.02815532684326172
1788183619.2048323,146560,16,Loss/l_total,0.02815532684326172
1788183619.2048643,146560,16,LR,0.0001859423525312737
1788183637.3436453,146600,16,Loss/l_ce,0.04583334922790527
1788183637.3438995,146600,16,Loss/l_total,0.04583334922790527
1788183637.343923,146600,16,LR,0.0001859423525312737
1788183655.4186807,146640,16,Loss/l_ce,0.012435436248779297
1788183655.4189906,146640,16,Loss/l_total,0.012435436248779297
1788183655.4190145,146640,16,LR,0.0001859423525312737
1788183672.8309896,146680,16,Loss/l_ce,0.039090633392333984
1788183672.8313375,146680,16,Loss/l_total,0.039090633392333984
1788183672.8313694,146680,16,LR,0.0001859423525312737
1788183688.6724818,146720,16,Loss/l_ce,0.02242732048034668
1788183688.6727226,146720,16,Loss/l_total,0.02242732048034668
1788183688.67275,146720,16,LR,0.0001859423525312737
1788183704.745774,146760,16,Loss/l_ce,0.019348621368408203
1788183704.745995,146760,16,Loss/l_total,0.019348621368408203
1788183704.7460198,146760,16,LR,0.0001859423525312737
1788183720.5457954,146800,16,Loss/l_ce,0.01252126693725586
1788183720.5460565,146800,16,Loss/l_total,0.01252126693725586
1788183720.546086,146800,16,LR,0.0001859423525312737
1788183735.9476488,146840,16,Loss/l_ce,0.015610456466674805
1788183735.947877,146840,16,Loss/l_total,0.015610456466674805
1788183735.9479043,146840,16,LR,0.0001859423525312737
1788183751.8927932,146880,16,Loss/l_ce,0.027303695678710938
1788183751.8931315,146880,16,Loss/l_total,0.027303695678710938
1788183751.8931634,146880,16,LR,0.0001859423525312737
1788183767.0793462,146920,16,Loss/l_ce,0.06229996681213379
1788183767.07956,146920,16,Loss/l_total,0.06229996681213379
1788183767.0795825,146920,16,LR,0.0001859423525312737
1788183782.4373403,146960,16,Loss/l_ce,0.02222919464111328
1788183782.4375467,146960,16,Loss/l_total,0.02222919464111328
1788183782.4375703,146960,16,LR,0.0001859423525312737
1788183798.009276,147000,16,Loss/l_ce,0.0541839599609375
1788183798.0095086,147000,16,Loss/l_total,0.0541839599609375
1788183798.0095336,147000,16,LR,0.0001859423525312737
1788183813.3629787,147040,16,Loss/l_ce,0.016217470169067383
1788183813.3632803,147040,16,Loss/l_total,0.016217470169067383
1788183813.3633056,147040,16,LR,0.0001859423525312737
1788183829.107975,147080,16,Loss/l_ce,0.0666506290435791
1788183829.1082184,147080,16,Loss/l_total,0.0666506290435791
1788183829.1082444,147080,16,LR,0.0001859423525312737
1788183844.274495,147120,16,Loss/l_ce,0.08228206634521484
1788183844.2746909,147120,16,Loss/l_total,0.08228206634521484
1788183844.2747133,147120,16,LR,0.0001859423525312737
1788183859.1931243,147160,16,Loss/l_ce,0.023415803909301758
1788183859.1933668,147160,16,Loss/l_total,0.023415803909301758
1788183859.1933963,147160,16,LR,0.0001859423525312737
1788183874.6773646,147200,16,Loss/l_ce,0.03223013877868652
1788183874.6775377,147200,16,Loss/l_total,0.03223013877868652
1788183874.6775627,147200,16,LR,0.0001859423525312737
1788183890.362674,147240,16,Loss/l_ce,0.03583717346191406
1788183890.3628664,147240,16,Loss/l_total,0.03583717346191406
1788183890.3628912,147240,16,LR,0.0001859423525312737
1788183906.2153149,147280,16,Loss/l_ce,0.016946077346801758
1788183906.2155511,147280,16,Loss/l_total,0.016946077346801758
1788183906.2155774,147280,16,LR,0.0001859423525312737
1788183921.614471,147320,16,Loss/l_ce,0.0450284481048584
1788183921.6146467,147320,16,Loss/l_total,0.0450284481048584
1788183921.6146703,147320,16,LR,0.0001859423525312737
1788183937.3229175,147360,16,Loss/l_ce,0.0454561710357666
1788183937.323105,147360,16,Loss/l_total,0.0454561710357666
1788183937.3231344,147360,16,LR,0.0001859423525312737
1788183952.6074283,147400,16,Loss/l_ce,0.016597270965576172
1788183952.6076088,147400,16,Loss/l_total,0.016597270965576172
1788183952.6076324,147400,16,LR,0.0001859423525312737
1788183968.6261492,147440,16,Loss/l_ce,0.015542268753051758
1788183968.6263368,147440,16,Loss/l_total,0.015542268753051758
1788183968.6263592,147440,16,LR,0.0001859423525312737
1788183984.087015,147480,16,Loss/l_ce,0.03349900245666504
1788183984.0872273,147480,16,Loss/l_total,0.03349900245666504
1788183984.0872536,147480,16,LR,0.0001859423525312737
1788183999.8933074,147520,16,Loss/l_ce,0.028543472290039062
1788183999.893483,147520,16,Loss/l_total,0.028543472290039062
1788183999.8935046,147520,16,LR,0.0001859423525312737
1788184015.1475008,147560,16,Loss/l_ce,0.017200946807861328
1788184015.1476884,147560,16,Loss/l_total,0.017200946807861328
1788184015.147882,147560,16,LR,0.0001859423525312737
1788184031.4629717,147600,16,Loss/l_ce,0.02655196189880371
1788184031.4631639,147600,16,Loss/l_total,0.02655196189880371
1788184031.4631886,147600,16,LR,0.0001859423525312737
1788184046.64551,147640,16,Loss/l_ce,0.020638227462768555
1788184046.6457033,147640,16,Loss/l_total,0.020638227462768555
1788184046.6457272,147640,16,LR,0.0001859423525312737
1788184062.4757214,147680,16,Loss/l_ce,0.02083563804626465
1788184062.4769979,147680,16,Loss/l_total,0.02083563804626465
1788184062.4770226,147680,16,LR,0.0001859423525312737
1788184078.0299933,147720,16,Loss/l_ce,0.023294925689697266
1788184078.0302212,147720,16,Loss/l_total,0.023294925689697266
1788184078.0302439,147720,16,LR,0.0001859423525312737
1788184093.892164,147760,16,Loss/l_ce,0.05520915985107422
1788184093.8923352,147760,16,Loss/l_total,0.05520915985107422
1788184093.8923585,147760,16,LR,0.0001859423525312737
1788184109.4821148,147800,16,Loss/l_ce,0.01595282554626465
1788184109.4822857,147800,16,Loss/l_total,0.01595282554626465
1788184109.4823108,147800,16,LR,0.0001859423525312737
1788184125.094317,147840,16,Loss/l_ce,0.02042412757873535
1788184125.094526,147840,16,Loss/l_total,0.02042412757873535
1788184125.0945508,147840,16,LR,0.0001859423525312737
1788184141.270098,147880,16,Loss/l_ce,0.05733013153076172
1788184141.2702653,147880,16,Loss/l_total,0.05733013153076172
1788184141.2702882,147880,16,LR,0.0001859423525312737
1788184160.9685059,147920,16,Loss/l_ce,0.015354394912719727
1788184160.968804,147920,16,Loss/l_total,0.015354394912719727
1788184160.9688277,147920,16,LR,0.0001859423525312737
1788184204.956347,147934,16,Val/dense_error,0.029059618711471558
1788184204.9567184,147934,16,Val/auc,0.7409320800508509
1788184204.9567444,147934,16,Val/pck_max,0.1
1788184204.9567635,147934,16,Val/pck_n,100.0
1788184218.1741655,147960,17,Loss/l_ce,0.01798224449157715
1788184218.1744528,147960,17,Loss/l_total,0.01798224449157715
1788184218.1744812,147960,17,LR,0.0001490470641152345
1788184233.1388316,148000,17,Loss/l_ce,0.029575824737548828
1788184233.1391165,148000,17,Loss/l_total,0.029575824737548828
1788184233.1391413,148000,17,LR,0.0001490470641152345
1788184247.8587112,148040,17,Loss/l_ce,0.019603252410888672
1788184247.858904,148040,17,Loss/l_total,0.019603252410888672
1788184247.8589263,148040,17,LR,0.0001490470641152345
1788184262.4039133,148080,17,Loss/l_ce,0.026251792907714844
1788184262.4041932,148080,17,Loss/l_total,0.026251792907714844
1788184262.4042253,148080,17,LR,0.0001490470641152345
1788184276.7599874,148120,17,Loss/l_ce,0.003183603286743164
1788184276.760624,148120,17,Loss/l_total,0.003183603286743164
1788184276.76065,148120,17,LR,0.0001490470641152345
1788184291.7118533,148160,17,Loss/l_ce,0.04195761680603027
1788184291.712194,148160,17,Loss/l_total,0.04195761680603027
1788184291.7122214,148160,17,LR,0.0001490470641152345
1788184306.4013593,148200,17,Loss/l_ce,0.01755237579345703
1788184306.4015281,148200,17,Loss/l_total,0.01755237579345703
1788184306.4015505,148200,17,LR,0.0001490470641152345
1788184320.9469347,148240,17,Loss/l_ce,0.017877578735351562
1788184320.9472542,148240,17,Loss/l_total,0.017877578735351562
1788184320.9472792,148240,17,LR,0.0001490470641152345
1788184335.1519446,148280,17,Loss/l_ce,0.06221914291381836
1788184335.152188,148280,17,Loss/l_total,0.06221914291381836
1788184335.1522143,148280,17,LR,0.0001490470641152345
1788184349.3487482,148320,17,Loss/l_ce,0.013728141784667969
1788184349.3489347,148320,17,Loss/l_total,0.013728141784667969
1788184349.3489559,148320,17,LR,0.0001490470641152345
1788184364.0134027,148360,17,Loss/l_ce,0.02171945571899414
1788184364.013633,148360,17,Loss/l_total,0.02171945571899414
1788184364.0136592,148360,17,LR,0.0001490470641152345
1788184378.7264726,148400,17,Loss/l_ce,0.018453359603881836
1788184378.7266567,148400,17,Loss/l_total,0.018453359603881836
1788184378.726682,148400,17,LR,0.0001490470641152345
1788184393.274616,148440,17,Loss/l_ce,0.05154061317443848
1788184393.2747788,148440,17,Loss/l_total,0.05154061317443848
1788184393.2748015,148440,17,LR,0.0001490470641152345
1788184407.9535851,148480,17,Loss/l_ce,0.0329279899597168
1788184407.9537525,148480,17,Loss/l_total,0.0329279899597168
1788184407.9537764,148480,17,LR,0.0001490470641152345
1788184422.5150135,148520,17,Loss/l_ce,0.017600297927856445
1788184422.5152438,148520,17,Loss/l_total,0.017600297927856445
1788184422.5152676,148520,17,LR,0.0001490470641152345
1788184437.3453603,148560,17,Loss/l_ce,0.010535478591918945
1788184437.345657,148560,17,Loss/l_total,0.010535478591918945
1788184437.3456821,148560,17,LR,0.0001490470641152345
1788184452.2297685,148600,17,Loss/l_ce,0.04808950424194336
1788184452.2301068,148600,17,Loss/l_total,0.04808950424194336
1788184452.2301316,148600,17,LR,0.0001490470641152345
1788184466.774098,148640,17,Loss/l_ce,0.016582489013671875
1788184466.7743793,148640,17,Loss/l_total,0.016582489013671875
1788184466.7747462,148640,17,LR,0.0001490470641152345
1788184481.5469542,148680,17,Loss/l_ce,0.013703107833862305
1788184481.5472865,148680,17,Loss/l_total,0.013703107833862305
1788184481.5473104,148680,17,LR,0.0001490470641152345
1788184496.5445557,148720,17,Loss/l_ce,0.0489199161529541
1788184496.5447447,148720,17,Loss/l_total,0.0489199161529541
1788184496.5447707,148720,17,LR,0.0001490470641152345
1788184511.3002942,148760,17,Loss/l_ce,0.014389276504516602
1788184511.3005779,148760,17,Loss/l_total,0.014389276504516602
1788184511.3006053,148760,17,LR,0.0001490470641152345
1788184525.8656294,148800,17,Loss/l_ce,0.04511308670043945
1788184525.8657994,148800,17,Loss/l_total,0.04511308670043945
1788184525.865823,148800,17,LR,0.0001490470641152345
1788184540.5109901,148840,17,Loss/l_ce,0.03595280647277832
1788184540.5112085,148840,17,Loss/l_total,0.03595280647277832
1788184540.5112336,148840,17,LR,0.0001490470641152345
1788184555.0598354,148880,17,Loss/l_ce,0.01338815689086914
1788184555.0600207,148880,17,Loss/l_total,0.01338815689086914
1788184555.0602512,148880,17,LR,0.0001490470641152345
1788184569.5098662,148920,17,Loss/l_ce,0.0186917781829834
1788184569.5100715,148920,17,Loss/l_total,0.0186917781829834
1788184569.5100954,148920,17,LR,0.0001490470641152345
1788184584.1244535,148960,17,Loss/l_ce,0.1245431900024414
1788184584.1247885,148960,17,Loss/l_total,0.1245431900024414
1788184584.1248217,148960,17,LR,0.0001490470641152345
1788184598.5832384,149000,17,Loss/l_ce,0.026239633560180664
1788184598.5835304,149000,17,Loss/l_total,0.026239633560180664
1788184598.5835552,149000,17,LR,0.0001490470641152345
1788184614.2141082,149040,17,Loss/l_ce,0.016321659088134766
1788184614.2144845,149040,17,Loss/l_total,0.016321659088134766
1788184614.214507,149040,17,LR,0.0001490470641152345
1788184629.9307327,149080,17,Loss/l_ce,0.048538923263549805
1788184629.9309502,149080,17,Loss/l_total,0.048538923263549805
1788184629.930975,149080,17,LR,0.0001490470641152345
1788184645.0030925,149120,17,Loss/l_ce,0.004656791687011719
1788184645.0033085,149120,17,Loss/l_total,0.004656791687011719
1788184645.0033324,149120,17,LR,0.0001490470641152345
1788184659.6834376,149160,17,Loss/l_ce,0.009440183639526367
1788184659.6836667,149160,17,Loss/l_total,0.009440183639526367
1788184659.683689,149160,17,LR,0.0001490470641152345
1788184674.8289695,149200,17,Loss/l_ce,0.01414942741394043
1788184674.829335,149200,17,Loss/l_total,0.01414942741394043
1788184674.829367,149200,17,LR,0.0001490470641152345
1788184689.8719013,149240,17,Loss/l_ce,0.0528566837310791
1788184689.8721578,149240,17,Loss/l_total,0.0528566837310791
1788184689.8721838,149240,17,LR,0.0001490470641152345
1788184705.0315905,149280,17,Loss/l_ce,0.019929885864257812
1788184705.0318825,149280,17,Loss/l_total,0.019929885864257812
1788184705.0319064,149280,17,LR,0.0001490470641152345
1788184720.2958791,149320,17,Loss/l_ce,0.11574864387512207
1788184720.2961843,149320,17,Loss/l_total,0.11574864387512207
1788184720.296214,149320,17,LR,0.0001490470641152345
1788184735.598773,149360,17,Loss/l_ce,0.0789492130279541
1788184735.598995,149360,17,Loss/l_total,0.0789492130279541
1788184735.59902,149360,17,LR,0.0001490470641152345
1788184750.5206997,149400,17,Loss/l_ce,0.012830734252929688
1788184750.520975,149400,17,Loss/l_total,0.012830734252929688
1788184750.520999,149400,17,LR,0.0001490470641152345
1788184765.184933,149440,17,Loss/l_ce,0.02407050132751465
1788184765.1852474,149440,17,Loss/l_total,0.02407050132751465
1788184765.185271,149440,17,LR,0.0001490470641152345
1788184780.0279188,149480,17,Loss/l_ce,0.06312155723571777
1788184780.028173,149480,17,Loss/l_total,0.06312155723571777
1788184780.0281992,149480,17,LR,0.0001490470641152345
1788184795.284328,149520,17,Loss/l_ce,0.05139517784118652
1788184795.284536,149520,17,Loss/l_total,0.05139517784118652
1788184795.2845573,149520,17,LR,0.0001490470641152345
1788184810.4766412,149560,17,Loss/l_ce,0.027687788009643555
1788184810.4768395,149560,17,Loss/l_total,0.027687788009643555
1788184810.4768631,149560,17,LR,0.0001490470641152345
1788184825.5931077,149600,17,Loss/l_ce,0.08829307556152344
1788184825.5932837,149600,17,Loss/l_total,0.08829307556152344
1788184825.593307,149600,17,LR,0.0001490470641152345
1788184840.8717859,149640,17,Loss/l_ce,0.0664680004119873
1788184840.872007,149640,17,Loss/l_total,0.0664680004119873
1788184840.872052,149640,17,LR,0.0001490470641152345
1788184856.2387257,149680,17,Loss/l_ce,0.02519845962524414
1788184856.238938,149680,17,Loss/l_total,0.02519845962524414
1788184856.238963,149680,17,LR,0.0001490470641152345
1788184871.2726064,149720,17,Loss/l_ce,0.022637367248535156
1788184871.272819,149720,17,Loss/l_total,0.022637367248535156
1788184871.2731621,149720,17,LR,0.0001490470641152345
1788184886.625681,149760,17,Loss/l_ce,0.03074479103088379
1788184886.6259184,149760,17,Loss/l_total,0.03074479103088379
1788184886.625942,149760,17,LR,0.0001490470641152345
1788184901.9513254,149800,17,Loss/l_ce,0.021260738372802734
1788184901.9515438,149800,17,Loss/l_total,0.021260738372802734
1788184901.95157,149800,17,LR,0.0001490470641152345
1788184916.7503207,149840,17,Loss/l_ce,0.10925126075744629
1788184916.7505426,149840,17,Loss/l_total,0.10925126075744629
1788184916.7505665,149840,17,LR,0.0001490470641152345
1788184931.7001698,149880,17,Loss/l_ce,0.024778366088867188
1788184931.7003384,149880,17,Loss/l_total,0.024778366088867188
1788184931.700361,149880,17,LR,0.0001490470641152345
1788184947.7204885,149920,17,Loss/l_ce,0.014885425567626953
1788184947.7207782,149920,17,Loss/l_total,0.014885425567626953
1788184947.720808,149920,17,LR,0.0001490470641152345
1788184963.2798033,149960,17,Loss/l_ce,0.019988298416137695
1788184963.2804077,149960,17,Loss/l_total,0.019988298416137695
1788184963.2804327,149960,17,LR,0.0001490470641152345
1788184978.2932894,150000,17,Loss/l_ce,0.025608062744140625
1788184978.293489,150000,17,Loss/l_total,0.025608062744140625
1788184978.2935102,150000,17,LR,0.0001490470641152345
1788184994.6343427,150040,17,Loss/l_ce,0.015362739562988281
1788184994.63463,150040,17,Loss/l_total,0.015362739562988281
1788184994.6346538,150040,17,LR,0.0001490470641152345
1788185009.961532,150080,17,Loss/l_ce,0.07693886756896973
1788185009.9617743,150080,17,Loss/l_total,0.07693886756896973
1788185009.9618003,150080,17,LR,0.0001490470641152345
1788185025.4704478,150120,17,Loss/l_ce,0.07048654556274414
1788185025.4707315,150120,17,Loss/l_total,0.07048654556274414
1788185025.4707577,150120,17,LR,0.0001490470641152345
1788185040.9865751,150160,17,Loss/l_ce,0.10843491554260254
1788185040.986739,150160,17,Loss/l_total,0.10843491554260254
1788185040.9867628,150160,17,LR,0.0001490470641152345
1788185056.4069095,150200,17,Loss/l_ce,0.03119945526123047
1788185056.4071264,150200,17,Loss/l_total,0.03119945526123047
1788185056.4071517,150200,17,LR,0.0001490470641152345
1788185071.5842113,150240,17,Loss/l_ce,0.014089584350585938
1788185071.5845108,150240,17,Loss/l_total,0.014089584350585938
1788185071.5845428,150240,17,LR,0.0001490470641152345
1788185086.1507766,150280,17,Loss/l_ce,0.10554075241088867
1788185086.1510925,150280,17,Loss/l_total,0.10554075241088867
1788185086.1511185,150280,17,LR,0.0001490470641152345
1788185100.8685436,150320,17,Loss/l_ce,0.017649412155151367
1788185100.8687778,150320,17,Loss/l_total,0.017649412155151367
1788185100.8688052,150320,17,LR,0.0001490470641152345
1788185115.3263164,150360,17,Loss/l_ce,0.020912647247314453
1788185115.3265383,150360,17,Loss/l_total,0.020912647247314453
1788185115.3265607,150360,17,LR,0.0001490470641152345
1788185129.8334348,150400,17,Loss/l_ce,0.018359899520874023
1788185129.8337436,150400,17,Loss/l_total,0.018359899520874023
1788185129.8337708,150400,17,LR,0.0001490470641152345
1788185144.5463688,150440,17,Loss/l_ce,0.04675936698913574
1788185144.546669,150440,17,Loss/l_total,0.04675936698913574
1788185144.5466964,150440,17,LR,0.0001490470641152345
1788185159.0438466,150480,17,Loss/l_ce,0.04670286178588867
1788185159.0441222,150480,17,Loss/l_total,0.04670286178588867
1788185159.0441506,150480,17,LR,0.0001490470641152345
1788185173.6609502,150520,17,Loss/l_ce,0.05807828903198242
1788185173.6611772,150520,17,Loss/l_total,0.05807828903198242
1788185173.6612031,150520,17,LR,0.0001490470641152345
1788185188.4326828,150560,17,Loss/l_ce,0.0352780818939209
1788185188.4330115,150560,17,Loss/l_total,0.0352780818939209
1788185188.4330792,150560,17,LR,0.0001490470641152345
1788185202.9591603,150600,17,Loss/l_ce,0.21793770790100098
1788185202.9593291,150600,17,Loss/l_total,0.21793770790100098
1788185202.959355,150600,17,LR,0.0001490470641152345
1788185217.4889445,150640,17,Loss/l_ce,0.00542902946472168
1788185217.489187,150640,17,Loss/l_total,0.00542902946472168
1788185217.4892118,150640,17,LR,0.0001490470641152345
1788185232.0887985,150680,17,Loss/l_ce,0.03662252426147461
1788185232.0893483,150680,17,Loss/l_total,0.03662252426147461
1788185232.0893779,150680,17,LR,0.0001490470641152345
1788185246.8275893,150720,17,Loss/l_ce,0.012689590454101562
1788185246.8279302,150720,17,Loss/l_total,0.012689590454101562
1788185246.8279598,150720,17,LR,0.0001490470641152345
1788185261.4650996,150760,17,Loss/l_ce,0.028837203979492188
1788185261.4653654,150760,17,Loss/l_total,0.028837203979492188
1788185261.465388,150760,17,LR,0.0001490470641152345
1788185276.1255457,150800,17,Loss/l_ce,0.018780231475830078
1788185276.1258569,150800,17,Loss/l_total,0.018780231475830078
1788185276.125882,150800,17,LR,0.0001490470641152345
1788185290.596227,150840,17,Loss/l_ce,0.04337811470031738
1788185290.59645,150840,17,Loss/l_total,0.04337811470031738
1788185290.5964725,150840,17,LR,0.0001490470641152345
1788185305.1231334,150880,17,Loss/l_ce,0.029613256454467773
1788185305.1233969,150880,17,Loss/l_total,0.029613256454467773
1788185305.1234207,150880,17,LR,0.0001490470641152345
1788185320.046519,150920,17,Loss/l_ce,0.01920008659362793
1788185320.0467374,150920,17,Loss/l_total,0.01920008659362793
1788185320.0467634,150920,17,LR,0.0001490470641152345
1788185334.8310008,150960,17,Loss/l_ce,0.01622772216796875
1788185334.8312654,150960,17,Loss/l_total,0.01622772216796875
1788185334.8312907,150960,17,LR,0.0001490470641152345
1788185349.5278804,151000,17,Loss/l_ce,0.01876354217529297
1788185349.5280633,151000,17,Loss/l_total,0.01876354217529297
1788185349.5280871,151000,17,LR,0.0001490470641152345
1788185363.9678833,151040,17,Loss/l_ce,0.0602872371673584
1788185363.9680886,151040,17,Loss/l_total,0.0602872371673584
1788185363.9681134,151040,17,LR,0.0001490470641152345
1788185378.608559,151080,17,Loss/l_ce,0.026051998138427734
1788185378.608751,151080,17,Loss/l_total,0.026051998138427734
1788185378.6087759,151080,17,LR,0.0001490470641152345
1788185393.5623748,151120,17,Loss/l_ce,0.11844754219055176
1788185393.562572,151120,17,Loss/l_total,0.11844754219055176
1788185393.5626018,151120,17,LR,0.0001490470641152345
1788185408.2348309,151160,17,Loss/l_ce,0.046297311782836914
1788185408.2351122,151160,17,Loss/l_total,0.046297311782836914
1788185408.2353034,151160,17,LR,0.0001490470641152345
1788185422.5231733,151200,17,Loss/l_ce,0.02609992027282715
1788185422.5233371,151200,17,Loss/l_total,0.02609992027282715
1788185422.523361,151200,17,LR,0.0001490470641152345
1788185437.2112129,151240,17,Loss/l_ce,0.036339759826660156
1788185437.2114203,151240,17,Loss/l_total,0.036339759826660156
1788185437.2114477,151240,17,LR,0.0001490470641152345
1788185452.0189466,151280,17,Loss/l_ce,0.10606765747070312
1788185452.0191507,151280,17,Loss/l_total,0.10606765747070312
1788185452.0191746,151280,17,LR,0.0001490470641152345
1788185466.5517817,151320,17,Loss/l_ce,0.02449631690979004
1788185466.551943,151320,17,Loss/l_total,0.02449631690979004
1788185466.5519717,151320,17,LR,0.0001490470641152345
1788185481.1147122,151360,17,Loss/l_ce,0.026932239532470703
1788185481.1148975,151360,17,Loss/l_total,0.026932239532470703
1788185481.1149259,151360,17,LR,0.0001490470641152345
1788185495.6964033,151400,17,Loss/l_ce,0.06305193901062012
1788185495.6966395,151400,17,Loss/l_total,0.06305193901062012
1788185495.6966634,151400,17,LR,0.0001490470641152345
1788185510.2096312,151440,17,Loss/l_ce,0.02609419822692871
1788185510.2098675,151440,17,Loss/l_total,0.02609419822692871
1788185510.2098937,151440,17,LR,0.0001490470641152345
1788185524.5709665,151480,17,Loss/l_ce,0.016996145248413086
1788185524.5712752,151480,17,Loss/l_total,0.016996145248413086
1788185524.5713024,151480,17,LR,0.0001490470641152345
1788185538.8598957,151520,17,Loss/l_ce,0.03122091293334961
1788185538.86012,151520,17,Loss/l_total,0.03122091293334961
1788185538.86017,151520,17,LR,0.0001490470641152345
1788185553.220941,151560,17,Loss/l_ce,0.02841663360595703
1788185553.2212322,151560,17,Loss/l_total,0.02841663360595703
1788185553.2212582,151560,17,LR,0.0001490470641152345
1788185567.55501,151600,17,Loss/l_ce,0.15095782279968262
1788185567.5552905,151600,17,Loss/l_total,0.15095782279968262
1788185567.5553164,151600,17,LR,0.0001490470641152345
1788185582.4806974,151640,17,Loss/l_ce,0.05608797073364258
1788185582.4809477,151640,17,Loss/l_total,0.05608797073364258
1788185582.4809763,151640,17,LR,0.0001490470641152345
1788185598.0173826,151680,17,Loss/l_ce,0.05075716972351074
1788185598.0175524,151680,17,Loss/l_total,0.05075716972351074
1788185598.017575,151680,17,LR,0.0001490470641152345
1788185613.6619718,151720,17,Loss/l_ce,0.05021095275878906
1788185613.6622102,151720,17,Loss/l_total,0.05021095275878906
1788185613.6622365,151720,17,LR,0.0001490470641152345
1788185628.9456139,151760,17,Loss/l_ce,0.018688440322875977
1788185628.9458466,151760,17,Loss/l_total,0.018688440322875977
1788185628.9458716,151760,17,LR,0.0001490470641152345
1788185644.1645308,151800,17,Loss/l_ce,0.013978242874145508
1788185644.1647468,151800,17,Loss/l_total,0.013978242874145508
1788185644.1647692,151800,17,LR,0.0001490470641152345
1788185659.4606786,151840,17,Loss/l_ce,0.017956018447875977
1788185659.4608984,151840,17,Loss/l_total,0.017956018447875977
1788185659.460922,151840,17,LR,0.0001490470641152345
1788185674.5726619,151880,17,Loss/l_ce,0.023445606231689453
1788185674.57291,151880,17,Loss/l_total,0.023445606231689453
1788185674.5729349,151880,17,LR,0.0001490470641152345
1788185689.783435,151920,17,Loss/l_ce,0.04021906852722168
1788185689.7836285,151920,17,Loss/l_total,0.04021906852722168
1788185689.7836523,151920,17,LR,0.0001490470641152345
1788185705.0688238,151960,17,Loss/l_ce,0.024002790451049805
1788185705.0690625,151960,17,Loss/l_total,0.024002790451049805
1788185705.0690863,151960,17,LR,0.0001490470641152345
1788185720.8549442,152000,17,Loss/l_ce,0.0442967414855957
1788185720.8551297,152000,17,Loss/l_total,0.0442967414855957
1788185720.8551521,152000,17,LR,0.0001490470641152345
1788185736.374319,152040,17,Loss/l_ce,0.03184199333190918
1788185736.3746004,152040,17,Loss/l_total,0.03184199333190918
1788185736.374623,152040,17,LR,0.0001490470641152345
1788185751.6045735,152080,17,Loss/l_ce,0.027395963668823242
1788185751.6048276,152080,17,Loss/l_total,0.027395963668823242
1788185751.6048503,152080,17,LR,0.0001490470641152345
1788185767.0018044,152120,17,Loss/l_ce,0.03440666198730469
1788185767.0020108,152120,17,Loss/l_total,0.03440666198730469
1788185767.0020573,152120,17,LR,0.0001490470641152345
1788185782.17045,152160,17,Loss/l_ce,0.01634693145751953
1788185782.1707304,152160,17,Loss/l_total,0.01634693145751953
1788185782.170944,152160,17,LR,0.0001490470641152345
1788185797.1733778,152200,17,Loss/l_ce,0.02484893798828125
1788185797.1736534,152200,17,Loss/l_total,0.02484893798828125
1788185797.1736758,152200,17,LR,0.0001490470641152345
1788185812.2170835,152240,17,Loss/l_ce,0.02043461799621582
1788185812.2172544,152240,17,Loss/l_total,0.02043461799621582
1788185812.2172768,152240,17,LR,0.0001490470641152345
1788185826.9649842,152280,17,Loss/l_ce,0.05422711372375488
1788185826.9652333,152280,17,Loss/l_total,0.05422711372375488
1788185826.9652596,152280,17,LR,0.0001490470641152345
1788185841.9202363,152320,17,Loss/l_ce,0.07158756256103516
1788185841.920487,152320,17,Loss/l_total,0.07158756256103516
1788185841.9205093,152320,17,LR,0.0001490470641152345
1788185857.4368057,152360,17,Loss/l_ce,0.04326272010803223
1788185857.4370146,152360,17,Loss/l_total,0.04326272010803223
1788185857.4370668,152360,17,LR,0.0001490470641152345
1788185873.1017451,152400,17,Loss/l_ce,0.014591693878173828
1788185873.1019175,152400,17,Loss/l_total,0.014591693878173828
1788185873.1019423,152400,17,LR,0.0001490470641152345
1788185888.6598566,152440,17,Loss/l_ce,0.02780294418334961
1788185888.6600695,152440,17,Loss/l_total,0.02780294418334961
1788185888.6600943,152440,17,LR,0.0001490470641152345
1788185904.103436,152480,17,Loss/l_ce,0.05228590965270996
1788185904.1035976,152480,17,Loss/l_total,0.05228590965270996
1788185904.1036224,152480,17,LR,0.0001490470641152345
1788185919.4577153,152520,17,Loss/l_ce,0.01649618148803711
1788185919.4579444,152520,17,Loss/l_total,0.01649618148803711
1788185919.4579704,152520,17,LR,0.0001490470641152345
1788185934.865017,152560,17,Loss/l_ce,0.0041675567626953125
1788185934.8653219,152560,17,Loss/l_total,0.0041675567626953125
1788185934.8653455,152560,17,LR,0.0001490470641152345
1788185950.17144,152600,17,Loss/l_ce,0.05528759956359863
1788185950.1717484,152600,17,Loss/l_total,0.05528759956359863
1788185950.1717734,152600,17,LR,0.0001490470641152345
1788185964.763995,152640,17,Loss/l_ce,0.01924586296081543
1788185964.7642643,152640,17,Loss/l_total,0.01924586296081543
1788185964.7642882,152640,17,LR,0.0001490470641152345
1788185979.5744128,152680,17,Loss/l_ce,0.020431041717529297
1788185979.574668,152680,17,Loss/l_total,0.020431041717529297
1788185979.574695,152680,17,LR,0.0001490470641152345
1788185994.9278514,152720,17,Loss/l_ce,0.014880657196044922
1788185994.929155,152720,17,Loss/l_total,0.014880657196044922
1788185994.929181,152720,17,LR,0.0001490470641152345
1788186010.1766136,152760,17,Loss/l_ce,0.03650951385498047
1788186010.176775,152760,17,Loss/l_total,0.03650951385498047
1788186010.176801,152760,17,LR,0.0001490470641152345
1788186025.9542558,152800,17,Loss/l_ce,0.01315164566040039
1788186025.9544413,152800,17,Loss/l_total,0.01315164566040039
1788186025.954466,152800,17,LR,0.0001490470641152345
1788186041.617918,152840,17,Loss/l_ce,0.012537717819213867
1788186041.6182315,152840,17,Loss/l_total,0.012537717819213867
1788186041.6182578,152840,17,LR,0.0001490470641152345
1788186056.8529396,152880,17,Loss/l_ce,0.04862499237060547
1788186056.8532104,152880,17,Loss/l_total,0.04862499237060547
1788186056.8532364,152880,17,LR,0.0001490470641152345
1788186072.2308295,152920,17,Loss/l_ce,0.016212940216064453
1788186072.2311132,152920,17,Loss/l_total,0.016212940216064453
1788186072.2311358,152920,17,LR,0.0001490470641152345
1788186087.7652547,152960,17,Loss/l_ce,0.03330731391906738
1788186087.765536,152960,17,Loss/l_total,0.03330731391906738
1788186087.765561,152960,17,LR,0.0001490470641152345
1788186103.3701482,153000,17,Loss/l_ce,0.08806109428405762
1788186103.3704333,153000,17,Loss/l_total,0.08806109428405762
1788186103.3704581,153000,17,LR,0.0001490470641152345
1788186118.6706362,153040,17,Loss/l_ce,0.032378196716308594
1788186118.6709437,153040,17,Loss/l_total,0.032378196716308594
1788186118.6709666,153040,17,LR,0.0001490470641152345
1788186134.1676028,153080,17,Loss/l_ce,0.020652294158935547
1788186134.167819,153080,17,Loss/l_total,0.020652294158935547
1788186134.1678402,153080,17,LR,0.0001490470641152345
1788186149.5549524,153120,17,Loss/l_ce,0.015196800231933594
1788186149.5552423,153120,17,Loss/l_total,0.015196800231933594
1788186149.555267,153120,17,LR,0.0001490470641152345
1788186164.8346918,153160,17,Loss/l_ce,0.017806053161621094
1788186164.8350172,153160,17,Loss/l_total,0.017806053161621094
1788186164.8350623,153160,17,LR,0.0001490470641152345
1788186179.4790013,153200,17,Loss/l_ce,0.01828145980834961
1788186179.4792507,153200,17,Loss/l_total,0.01828145980834961
1788186179.4792778,153200,17,LR,0.0001490470641152345
1788186194.2804348,153240,17,Loss/l_ce,0.03352093696594238
1788186194.280678,153240,17,Loss/l_total,0.03352093696594238
1788186194.2807019,153240,17,LR,0.0001490470641152345
1788186209.0965006,153280,17,Loss/l_ce,0.12384867668151855
1788186209.0966527,153280,17,Loss/l_total,0.12384867668151855
1788186209.0966754,153280,17,LR,0.0001490470641152345
1788186223.6698482,153320,17,Loss/l_ce,0.04429316520690918
1788186223.6700833,153320,17,Loss/l_total,0.04429316520690918
1788186223.6701083,153320,17,LR,0.0001490470641152345
1788186238.2965078,153360,17,Loss/l_ce,0.07294726371765137
1788186238.296724,153360,17,Loss/l_total,0.07294726371765137
1788186238.2967474,153360,17,LR,0.0001490470641152345
1788186252.8105693,153400,17,Loss/l_ce,0.04223990440368652
1788186252.810802,153400,17,Loss/l_total,0.04223990440368652
1788186252.8110204,153400,17,LR,0.0001490470641152345
1788186267.5486612,153440,17,Loss/l_ce,0.015407562255859375
1788186267.5488157,153440,17,Loss/l_total,0.015407562255859375
1788186267.5488405,153440,17,LR,0.0001490470641152345
1788186282.538753,153480,17,Loss/l_ce,0.01373744010925293
1788186282.538937,153480,17,Loss/l_total,0.01373744010925293
1788186282.5389633,153480,17,LR,0.0001490470641152345
1788186297.1424446,153520,17,Loss/l_ce,0.03127598762512207
1788186297.1426299,153520,17,Loss/l_total,0.03127598762512207
1788186297.1426537,153520,17,LR,0.0001490470641152345
1788186311.6636147,153560,17,Loss/l_ce,0.008324146270751953
1788186311.6638014,153560,17,Loss/l_total,0.008324146270751953
1788186311.6638298,153560,17,LR,0.0001490470641152345
1788186326.3484535,153600,17,Loss/l_ce,0.015454530715942383
1788186326.3486211,153600,17,Loss/l_total,0.015454530715942383
1788186326.3486423,153600,17,LR,0.0001490470641152345
1788186340.998425,153640,17,Loss/l_ce,0.020411014556884766
1788186340.9986556,153640,17,Loss/l_total,0.020411014556884766
1788186340.998684,153640,17,LR,0.0001490470641152345
1788186355.4676788,153680,17,Loss/l_ce,0.08777117729187012
1788186355.4678533,153680,17,Loss/l_total,0.08777117729187012
1788186355.467877,153680,17,LR,0.0001490470641152345
1788186370.1973193,153720,17,Loss/l_ce,0.014662742614746094
1788186370.197484,153720,17,Loss/l_total,0.014662742614746094
1788186370.1975079,153720,17,LR,0.0001490470641152345
1788186384.8879592,153760,17,Loss/l_ce,0.014503240585327148
1788186384.888142,153760,17,Loss/l_total,0.014503240585327148
1788186384.888168,153760,17,LR,0.0001490470641152345
1788186399.4888034,153800,17,Loss/l_ce,0.017441511154174805
1788186399.4890764,153800,17,Loss/l_total,0.017441511154174805
1788186399.4891095,153800,17,LR,0.0001490470641152345
1788186414.0163262,153840,17,Loss/l_ce,0.09769392013549805
1788186414.016598,153840,17,Loss/l_total,0.09769392013549805
1788186414.0166218,153840,17,LR,0.0001490470641152345
1788186428.5097034,153880,17,Loss/l_ce,0.11641383171081543
1788186428.5099483,153880,17,Loss/l_total,0.11641383171081543
1788186428.509973,153880,17,LR,0.0001490470641152345
1788186443.3511424,153920,17,Loss/l_ce,0.013432502746582031
1788186443.3513668,153920,17,Loss/l_total,0.013432502746582031
1788186443.351394,153920,17,LR,0.0001490470641152345
1788186457.9188588,153960,17,Loss/l_ce,0.08942627906799316
1788186457.9192102,153960,17,Loss/l_total,0.08942627906799316
1788186457.9192376,153960,17,LR,0.0001490470641152345
1788186472.5774102,154000,17,Loss/l_ce,0.020960330963134766
1788186472.5777168,154000,17,Loss/l_total,0.020960330963134766
1788186472.5777442,154000,17,LR,0.0001490470641152345
1788186487.1744106,154040,17,Loss/l_ce,0.04419589042663574
1788186487.1746216,154040,17,Loss/l_total,0.04419589042663574
1788186487.1746469,154040,17,LR,0.0001490470641152345
1788186501.6164212,154080,17,Loss/l_ce,0.017858028411865234
1788186501.6167383,154080,17,Loss/l_total,0.017858028411865234
1788186501.6167643,154080,17,LR,0.0001490470641152345
1788186516.3233838,154120,17,Loss/l_ce,0.017456531524658203
1788186516.3236034,154120,17,Loss/l_total,0.017456531524658203
1788186516.3236272,154120,17,LR,0.0001490470641152345
1788186530.9741364,154160,17,Loss/l_ce,0.027058124542236328
1788186530.9743595,154160,17,Loss/l_total,0.027058124542236328
1788186530.9743845,154160,17,LR,0.0001490470641152345
1788186545.7558274,154200,17,Loss/l_ce,0.013594627380371094
1788186545.7560673,154200,17,Loss/l_total,0.013594627380371094
1788186545.7560945,154200,17,LR,0.0001490470641152345
1788186560.3815684,154240,17,Loss/l_ce,0.021297216415405273
1788186560.3818274,154240,17,Loss/l_total,0.021297216415405273
1788186560.3818533,154240,17,LR,0.0001490470641152345
1788186575.1813293,154280,17,Loss/l_ce,0.06257414817810059
1788186575.1815429,154280,17,Loss/l_total,0.06257414817810059
1788186575.1815667,154280,17,LR,0.0001490470641152345
1788186589.7861612,154320,17,Loss/l_ce,0.03677773475646973
1788186589.7863202,154320,17,Loss/l_total,0.03677773475646973
1788186589.786345,154320,17,LR,0.0001490470641152345
1788186604.3984659,154360,17,Loss/l_ce,0.04007863998413086
1788186604.3986485,154360,17,Loss/l_total,0.04007863998413086
1788186604.3986738,154360,17,LR,0.0001490470641152345
1788186618.9467647,154400,17,Loss/l_ce,0.024263620376586914
1788186618.9470606,154400,17,Loss/l_total,0.024263620376586914
1788186618.9470854,154400,17,LR,0.0001490470641152345
1788186633.5548973,154440,17,Loss/l_ce,0.08254480361938477
1788186633.555103,154440,17,Loss/l_total,0.08254480361938477
1788186633.55513,154440,17,LR,0.0001490470641152345
1788186648.2187085,154480,17,Loss/l_ce,0.022052764892578125
1788186648.2189174,154480,17,Loss/l_total,0.022052764892578125
1788186648.2189412,154480,17,LR,0.0001490470641152345
1788186663.102456,154520,17,Loss/l_ce,0.017281770706176758
1788186663.1026413,154520,17,Loss/l_total,0.017281770706176758
1788186663.102664,154520,17,LR,0.0001490470641152345
1788186677.740275,154560,17,Loss/l_ce,0.020055294036865234
1788186677.7404816,154560,17,Loss/l_total,0.020055294036865234
1788186677.7405064,154560,17,LR,0.0001490470641152345
1788186692.6107702,154600,17,Loss/l_ce,0.04633355140686035
1788186692.611016,154600,17,Loss/l_total,0.04633355140686035
1788186692.6110623,154600,17,LR,0.0001490470641152345
1788186707.1857016,154640,17,Loss/l_ce,0.02525472640991211
1788186707.186015,154640,17,Loss/l_total,0.02525472640991211
1788186707.1860685,154640,17,LR,0.0001490470641152345
1788186721.940374,154680,17,Loss/l_ce,0.1328721046447754
1788186721.9405806,154680,17,Loss/l_total,0.1328721046447754
1788186721.9406054,154680,17,LR,0.0001490470641152345
1788186736.430663,154720,17,Loss/l_ce,0.07836437225341797
1788186736.4309769,154720,17,Loss/l_total,0.07836437225341797
1788186736.4310038,154720,17,LR,0.0001490470641152345
1788186751.2824206,154760,17,Loss/l_ce,0.024721622467041016
1788186751.2827344,154760,17,Loss/l_total,0.024721622467041016
1788186751.2827628,154760,17,LR,0.0001490470641152345
1788186766.0768049,154800,17,Loss/l_ce,0.021252155303955078
1788186766.077073,154800,17,Loss/l_total,0.021252155303955078
1788186766.077098,154800,17,LR,0.0001490470641152345
1788186780.7840223,154840,17,Loss/l_ce,0.016136646270751953
1788186780.7843084,154840,17,Loss/l_total,0.016136646270751953
1788186780.7843347,154840,17,LR,0.0001490470641152345
1788186795.1892898,154880,17,Loss/l_ce,0.06655764579772949
1788186795.1894915,154880,17,Loss/l_total,0.06655764579772949
1788186795.1895201,154880,17,LR,0.0001490470641152345
1788186809.6546402,154920,17,Loss/l_ce,0.014228105545043945
1788186809.6548574,154920,17,Loss/l_total,0.014228105545043945
1788186809.6548822,154920,17,LR,0.0001490470641152345
1788186824.1672888,154960,17,Loss/l_ce,0.08471155166625977
1788186824.1674764,154960,17,Loss/l_total,0.08471155166625977
1788186824.1675048,154960,17,LR,0.0001490470641152345
1788186838.6335664,155000,17,Loss/l_ce,0.01259160041809082
1788186838.6338098,155000,17,Loss/l_total,0.01259160041809082
1788186838.6338325,155000,17,LR,0.0001490470641152345
1788186853.021096,155040,17,Loss/l_ce,0.017745018005371094
1788186853.0213368,155040,17,Loss/l_total,0.017745018005371094
1788186853.0213606,155040,17,LR,0.0001490470641152345
1788186867.7643483,155080,17,Loss/l_ce,0.017161130905151367
1788186867.7645688,155080,17,Loss/l_total,0.017161130905151367
1788186867.7645938,155080,17,LR,0.0001490470641152345
1788186882.391503,155120,17,Loss/l_ce,0.021192073822021484
1788186882.391743,155120,17,Loss/l_total,0.021192073822021484
1788186882.3917668,155120,17,LR,0.0001490470641152345
1788186897.2209897,155160,17,Loss/l_ce,0.021330595016479492
1788186897.221226,155160,17,Loss/l_total,0.021330595016479492
1788186897.2212486,155160,17,LR,0.0001490470641152345
1788186911.7983403,155200,17,Loss/l_ce,0.018276691436767578
1788186911.7984993,155200,17,Loss/l_total,0.018276691436767578
1788186911.7985241,155200,17,LR,0.0001490470641152345
1788186926.396288,155240,17,Loss/l_ce,0.003699064254760742
1788186926.3965135,155240,17,Loss/l_total,0.003699064254760742
1788186926.3965373,155240,17,LR,0.0001490470641152345
1788186940.8466206,155280,17,Loss/l_ce,0.019119739532470703
1788186940.846788,155280,17,Loss/l_total,0.019119739532470703
1788186940.846813,155280,17,LR,0.0001490470641152345
1788186955.4589047,155320,17,Loss/l_ce,0.045824527740478516
1788186955.4591565,155320,17,Loss/l_total,0.045824527740478516
1788186955.459184,155320,17,LR,0.0001490470641152345
1788186970.186542,155360,17,Loss/l_ce,0.0452268123626709
1788186970.186783,155360,17,Loss/l_total,0.0452268123626709
1788186970.1868067,155360,17,LR,0.0001490470641152345
1788186984.7164068,155400,17,Loss/l_ce,0.021389484405517578
1788186984.7165718,155400,17,Loss/l_total,0.021389484405517578
1788186984.7165945,155400,17,LR,0.0001490470641152345
1788186999.3019366,155440,17,Loss/l_ce,0.018372058868408203
1788186999.3021824,155440,17,Loss/l_total,0.018372058868408203
1788186999.3022075,155440,17,LR,0.0001490470641152345
1788187013.9262187,155480,17,Loss/l_ce,0.0009255409240722656
1788187013.9264574,155480,17,Loss/l_total,0.0009255409240722656
1788187013.9264798,155480,17,LR,0.0001490470641152345
1788187028.6055498,155520,17,Loss/l_ce,0.014935970306396484
1788187028.605729,155520,17,Loss/l_total,0.014935970306396484
1788187028.605753,155520,17,LR,0.0001490470641152345
1788187043.3437207,155560,17,Loss/l_ce,0.05559229850769043
1788187043.3439355,155560,17,Loss/l_total,0.05559229850769043
1788187043.343957,155560,17,LR,0.0001490470641152345
1788187057.845372,155600,17,Loss/l_ce,0.05815887451171875
1788187057.8455453,155600,17,Loss/l_total,0.05815887451171875
1788187057.8455713,155600,17,LR,0.0001490470641152345
1788187072.8987942,155640,17,Loss/l_ce,0.022748947143554688
1788187072.8989713,155640,17,Loss/l_total,0.022748947143554688
1788187072.8989975,155640,17,LR,0.0001490470641152345
1788187087.6762183,155680,17,Loss/l_ce,0.06513690948486328
1788187087.6764002,155680,17,Loss/l_total,0.06513690948486328
1788187087.676425,155680,17,LR,0.0001490470641152345
1788187102.2157075,155720,17,Loss/l_ce,0.017925024032592773
1788187102.2159534,155720,17,Loss/l_total,0.017925024032592773
1788187102.2159796,155720,17,LR,0.0001490470641152345
1788187116.758368,155760,17,Loss/l_ce,0.00904226303100586
1788187116.758544,155760,17,Loss/l_total,0.00904226303100586
1788187116.75857,155760,17,LR,0.0001490470641152345
1788187131.5863261,155800,17,Loss/l_ce,0.0445866584777832
1788187131.5865264,155800,17,Loss/l_total,0.0445866584777832
1788187131.5865574,155800,17,LR,0.0001490470641152345
1788187146.4625401,155840,17,Loss/l_ce,0.01835155487060547
1788187146.4627159,155840,17,Loss/l_total,0.01835155487060547
1788187146.4627385,155840,17,LR,0.0001490470641152345
1788187161.0706751,155880,17,Loss/l_ce,0.01495814323425293
1788187161.0708404,155880,17,Loss/l_total,0.01495814323425293
1788187161.070864,155880,17,LR,0.0001490470641152345
1788187175.792065,155920,17,Loss/l_ce,0.06100177764892578
1788187175.792255,155920,17,Loss/l_total,0.06100177764892578
1788187175.7922776,155920,17,LR,0.0001490470641152345
1788187190.4775834,155960,17,Loss/l_ce,0.025490283966064453
1788187190.4778242,155960,17,Loss/l_total,0.025490283966064453
1788187190.477849,155960,17,LR,0.0001490470641152345
1788187205.0062704,156000,17,Loss/l_ce,0.05585527420043945
1788187205.0066075,156000,17,Loss/l_total,0.05585527420043945
1788187205.0066364,156000,17,LR,0.0001490470641152345
1788187219.302589,156040,17,Loss/l_ce,0.029388904571533203
1788187219.3028395,156040,17,Loss/l_total,0.029388904571533203
1788187219.3028657,156040,17,LR,0.0001490470641152345
1788187233.9188735,156080,17,Loss/l_ce,0.011940717697143555
1788187233.9191122,156080,17,Loss/l_total,0.011940717697143555
1788187233.9191372,156080,17,LR,0.0001490470641152345
1788187248.3776731,156120,17,Loss/l_ce,0.001667022705078125
1788187248.377912,156120,17,Loss/l_total,0.001667022705078125
1788187248.3779368,156120,17,LR,0.0001490470641152345
1788187262.877189,156160,17,Loss/l_ce,0.014388561248779297
1788187262.877411,156160,17,Loss/l_total,0.014388561248779297
1788187262.877436,156160,17,LR,0.0001490470641152345
1788187277.6709814,156200,17,Loss/l_ce,0.019836902618408203
1788187277.671297,156200,17,Loss/l_total,0.019836902618408203
1788187277.6713245,156200,17,LR,0.0001490470641152345
1788187292.5124981,156240,17,Loss/l_ce,0.017026662826538086
1788187292.5127997,156240,17,Loss/l_total,0.017026662826538086
1788187292.5128272,156240,17,LR,0.0001490470641152345
1788187307.1247106,156280,17,Loss/l_ce,0.10815548896789551
1788187307.1249197,156280,17,Loss/l_total,0.10815548896789551
1788187307.1249456,156280,17,LR,0.0001490470641152345
1788187321.8946762,156320,17,Loss/l_ce,0.011202335357666016
1788187321.894991,156320,17,Loss/l_total,0.011202335357666016
1788187321.8950171,156320,17,LR,0.0001490470641152345
1788187336.6825109,156360,17,Loss/l_ce,0.12182950973510742
1788187336.6828516,156360,17,Loss/l_total,0.12182950973510742
1788187336.682885,156360,17,LR,0.0001490470641152345
1788187351.0986407,156400,17,Loss/l_ce,0.022498369216918945
1788187351.098883,156400,17,Loss/l_total,0.022498369216918945
1788187351.0989053,156400,17,LR,0.0001490470641152345
1788187365.8737795,156440,17,Loss/l_ce,0.030085325241088867
1788187365.87417,156440,17,Loss/l_total,0.030085325241088867
1788187365.8741972,156440,17,LR,0.0001490470641152345
1788187380.3562324,156480,17,Loss/l_ce,0.014963626861572266
1788187380.3565245,156480,17,Loss/l_total,0.014963626861572266
1788187380.356552,156480,17,LR,0.0001490470641152345
1788187394.89143,156520,17,Loss/l_ce,0.07026290893554688
1788187394.89169,156520,17,Loss/l_total,0.07026290893554688
1788187394.891716,156520,17,LR,0.0001490470641152345
1788187409.2477129,156560,17,Loss/l_ce,0.030884981155395508
1788187409.2478848,156560,17,Loss/l_total,0.030884981155395508
1788187409.2479122,156560,17,LR,0.0001490470641152345
1788187423.988971,156600,17,Loss/l_ce,0.061220645904541016
1788187423.9892194,156600,17,Loss/l_total,0.061220645904541016
1788187423.9892464,156600,17,LR,0.0001490470641152345
1788187475.7874901,156636,17,Val/dense_error,0.029065145179629326
1788187475.7878559,156636,17,Val/auc,0.7401620590792203
1788187475.787882,156636,17,Val/pck_max,0.1
1788187475.787902,156636,17,Val/pck_n,100.0
1788187480.2844777,156640,18,Loss/l_ce,0.029902219772338867
1788187480.2846713,156640,18,Loss/l_total,0.029902219772338867
1788187480.2846973,156640,18,LR,0.00012202456766718092
1788187495.1208348,156680,18,Loss/l_ce,0.015354394912719727
1788187495.121166,156680,18,Loss/l_total,0.015354394912719727
1788187495.1211932,156680,18,LR,0.00012202456766718092
1788187509.923856,156720,18,Loss/l_ce,0.02674102783203125
1788187509.9240627,156720,18,Loss/l_total,0.02674102783203125
1788187509.9240875,156720,18,LR,0.00012202456766718092
1788187524.5829206,156760,18,Loss/l_ce,0.05089378356933594
1788187524.5831058,156760,18,Loss/l_total,0.05089378356933594
1788187524.5831296,156760,18,LR,0.00012202456766718092
1788187539.2178402,156800,18,Loss/l_ce,0.013275384902954102
1788187539.2180252,156800,18,Loss/l_total,0.013275384902954102
1788187539.2180765,156800,18,LR,0.00012202456766718092
1788187553.848623,156840,18,Loss/l_ce,0.04847288131713867
1788187553.8487918,156840,18,Loss/l_total,0.04847288131713867
1788187553.8488142,156840,18,LR,0.00012202456766718092
1788187568.680934,156880,18,Loss/l_ce,0.03043341636657715
1788187568.6811156,156880,18,Loss/l_total,0.03043341636657715
1788187568.6811419,156880,18,LR,0.00012202456766718092
1788187583.2130728,156920,18,Loss/l_ce,0.023494720458984375
1788187583.2132452,156920,18,Loss/l_total,0.023494720458984375
1788187583.21327,156920,18,LR,0.00012202456766718092
1788187597.8899636,156960,18,Loss/l_ce,0.014839649200439453
1788187597.8902164,156960,18,Loss/l_total,0.014839649200439453
1788187597.8902414,156960,18,LR,0.00012202456766718092
1788187612.5169032,157000,18,Loss/l_ce,0.05192375183105469
1788187612.5170863,157000,18,Loss/l_total,0.05192375183105469
1788187612.5171134,157000,18,LR,0.00012202456766718092
1788187627.2674346,157040,18,Loss/l_ce,0.07917428016662598
1788187627.2676065,157040,18,Loss/l_total,0.07917428016662598
1788187627.2676291,157040,18,LR,0.00012202456766718092
1788187642.2813253,157080,18,Loss/l_ce,0.03554844856262207
1788187642.2814891,157080,18,Loss/l_total,0.03554844856262207
1788187642.281513,157080,18,LR,0.00012202456766718092
1788187656.8014276,157120,18,Loss/l_ce,0.048282623291015625
1788187656.8016093,157120,18,Loss/l_total,0.048282623291015625
1788187656.801632,157120,18,LR,0.00012202456766718092
1788187671.2042112,157160,18,Loss/l_ce,0.04635143280029297
1788187671.2043786,157160,18,Loss/l_total,0.04635143280029297
1788187671.2044022,157160,18,LR,0.00012202456766718092
1788187685.6817787,157200,18,Loss/l_ce,0.045073509216308594
1788187685.681946,157200,18,Loss/l_total,0.045073509216308594
1788187685.6819723,157200,18,LR,0.00012202456766718092
1788187700.2756286,157240,18,Loss/l_ce,0.0818169116973877
1788187700.275796,157240,18,Loss/l_total,0.0818169116973877
1788187700.2758172,157240,18,LR,0.00012202456766718092
1788187714.8830245,157280,18,Loss/l_ce,0.06126880645751953
1788187714.8832178,157280,18,Loss/l_total,0.06126880645751953
1788187714.8832393,157280,18,LR,0.00012202456766718092
1788187729.5648613,157320,18,Loss/l_ce,0.02376580238342285
1788187729.5650547,157320,18,Loss/l_total,0.02376580238342285
1788187729.5650795,157320,18,LR,0.00012202456766718092
1788187744.1862934,157360,18,Loss/l_ce,0.07595634460449219
1788187744.1864865,157360,18,Loss/l_total,0.07595634460449219
1788187744.186508,157360,18,LR,0.00012202456766718092
1788187758.9560943,157400,18,Loss/l_ce,0.017804622650146484
1788187758.9562626,157400,18,Loss/l_total,0.017804622650146484
1788187758.9562879,157400,18,LR,0.00012202456766718092
1788187773.4943705,157440,18,Loss/l_ce,0.0394587516784668
1788187773.4945414,157440,18,Loss/l_total,0.0394587516784668
1788187773.494565,157440,18,LR,0.00012202456766718092
1788187788.0943232,157480,18,Loss/l_ce,0.015268325805664062
1788187788.094487,157480,18,Loss/l_total,0.015268325805664062
1788187788.0945132,157480,18,LR,0.00012202456766718092
1788187802.6257796,157520,18,Loss/l_ce,0.0246889591217041
1788187802.6260183,157520,18,Loss/l_total,0.0246889591217041
1788187802.6260705,157520,18,LR,0.00012202456766718092
1788187817.4181998,157560,18,Loss/l_ce,0.024393558502197266
1788187817.418405,157560,18,Loss/l_total,0.024393558502197266
1788187817.418428,157560,18,LR,0.00012202456766718092
1788187832.0959785,157600,18,Loss/l_ce,0.03339695930480957
1788187832.0961685,157600,18,Loss/l_total,0.03339695930480957
1788187832.0961933,157600,18,LR,0.00012202456766718092
1788187846.928611,157640,18,Loss/l_ce,0.08392524719238281
1788187846.928826,157640,18,Loss/l_total,0.08392524719238281
1788187846.92885,157640,18,LR,0.00012202456766718092
1788187861.8229642,157680,18,Loss/l_ce,0.025490522384643555
1788187861.8232324,157680,18,Loss/l_total,0.025490522384643555
1788187861.8232586,157680,18,LR,0.00012202456766718092
1788187876.364229,157720,18,Loss/l_ce,0.021406173706054688
1788187876.3644867,157720,18,Loss/l_total,0.021406173706054688
1788187876.364509,157720,18,LR,0.00012202456766718092
1788187890.7936103,157760,18,Loss/l_ce,0.016714096069335938
1788187890.7938213,157760,18,Loss/l_total,0.016714096069335938
1788187890.7938452,157760,18,LR,0.00012202456766718092
1788187905.509285,157800,18,Loss/l_ce,0.013318538665771484
1788187905.5095391,157800,18,Loss/l_total,0.013318538665771484
1788187905.509565,157800,18,LR,0.00012202456766718092
1788187920.1869674,157840,18,Loss/l_ce,0.02422046661376953
1788187920.187231,157840,18,Loss/l_total,0.02422046661376953
1788187920.1872594,157840,18,LR,0.00012202456766718092
1788187934.854191,157880,18,Loss/l_ce,0.007657051086425781
1788187934.8544688,157880,18,Loss/l_total,0.007657051086425781
1788187934.8545008,157880,18,LR,0.00012202456766718092
1788187949.5841465,157920,18,Loss/l_ce,0.021573305130004883
1788187949.584434,157920,18,Loss/l_total,0.021573305130004883
1788187949.5844576,157920,18,LR,0.00012202456766718092
1788187964.224757,157960,18,Loss/l_ce,0.03737473487854004
1788187964.2249932,157960,18,Loss/l_total,0.03737473487854004
1788187964.2250144,157960,18,LR,0.00012202456766718092
1788187978.9979098,158000,18,Loss/l_ce,0.019054174423217773
1788187978.9981604,158000,18,Loss/l_total,0.019054174423217773
1788187978.9981866,158000,18,LR,0.00012202456766718092
1788187993.876231,158040,18,Loss/l_ce,0.023170948028564453
1788187993.87646,158040,18,Loss/l_total,0.023170948028564453
1788187993.8764825,158040,18,LR,0.00012202456766718092
1788188008.5330145,158080,18,Loss/l_ce,0.017003297805786133
1788188008.533195,158080,18,Loss/l_total,0.017003297805786133
1788188008.5332174,158080,18,LR,0.00012202456766718092
1788188023.1148183,158120,18,Loss/l_ce,0.013717412948608398
1788188023.1150036,158120,18,Loss/l_total,0.013717412948608398
1788188023.1150262,158120,18,LR,0.00012202456766718092
1788188037.621983,158160,18,Loss/l_ce,0.09291744232177734
1788188037.6221943,158160,18,Loss/l_total,0.09291744232177734
1788188037.622243,158160,18,LR,0.00012202456766718092
1788188052.0024962,158200,18,Loss/l_ce,0.1041104793548584
1788188052.002742,158200,18,Loss/l_total,0.1041104793548584
1788188052.0027635,158200,18,LR,0.00012202456766718092
1788188066.6787076,158240,18,Loss/l_ce,0.09207367897033691
1788188066.6789372,158240,18,Loss/l_total,0.09207367897033691
1788188066.6789596,158240,18,LR,0.00012202456766718092
1788188081.0819912,158280,18,Loss/l_ce,0.014712810516357422
1788188081.0822737,158280,18,Loss/l_total,0.014712810516357422
1788188081.0823,158280,18,LR,0.00012202456766718092
1788188095.4167807,158320,18,Loss/l_ce,0.03752636909484863
1788188095.4169447,158320,18,Loss/l_total,0.03752636909484863
1788188095.416972,158320,18,LR,0.00012202456766718092
1788188110.1865487,158360,18,Loss/l_ce,0.01141214370727539
1788188110.186716,158360,18,Loss/l_total,0.01141214370727539
1788188110.1867387,158360,18,LR,0.00012202456766718092
1788188124.7214828,158400,18,Loss/l_ce,0.09371113777160645
1788188124.7217166,158400,18,Loss/l_total,0.09371113777160645
1788188124.7217417,158400,18,LR,0.00012202456766718092
1788188139.558689,158440,18,Loss/l_ce,0.020364761352539062
1788188139.5588932,158440,18,Loss/l_total,0.020364761352539062
1788188139.5589159,158440,18,LR,0.00012202456766718092
1788188153.9785469,158480,18,Loss/l_ce,0.04640769958496094
1788188153.978719,158480,18,Loss/l_total,0.04640769958496094
1788188153.9787414,158480,18,LR,0.00012202456766718092
1788188168.2832448,158520,18,Loss/l_ce,0.039469003677368164
1788188168.2834656,158520,18,Loss/l_total,0.039469003677368164
1788188168.2834883,158520,18,LR,0.00012202456766718092
1788188182.6540787,158560,18,Loss/l_ce,0.040483713150024414
1788188182.654297,158560,18,Loss/l_total,0.040483713150024414
1788188182.654323,158560,18,LR,0.00012202456766718092
1788188197.3485951,158600,18,Loss/l_ce,0.017071008682250977
1788188197.3487685,158600,18,Loss/l_total,0.017071008682250977
1788188197.3487911,158600,18,LR,0.00012202456766718092
1788188212.1176643,158640,18,Loss/l_ce,0.022818803787231445
1788188212.1178956,158640,18,Loss/l_total,0.022818803787231445
1788188212.1179218,158640,18,LR,0.00012202456766718092
1788188226.5154142,158680,18,Loss/l_ce,0.052387237548828125
1788188226.5156424,158680,18,Loss/l_total,0.052387237548828125
1788188226.5156672,158680,18,LR,0.00012202456766718092
1788188240.9724665,158720,18,Loss/l_ce,0.057578086853027344
1788188240.9726195,158720,18,Loss/l_total,0.057578086853027344
1788188240.9726434,158720,18,LR,0.00012202456766718092
1788188255.233456,158760,18,Loss/l_ce,0.09475231170654297
1788188255.2336185,158760,18,Loss/l_total,0.09475231170654297
1788188255.2336423,158760,18,LR,0.00012202456766718092
1788188269.5743787,158800,18,Loss/l_ce,0.01575779914855957
1788188269.5745723,158800,18,Loss/l_total,0.01575779914855957
1788188269.574602,158800,18,LR,0.00012202456766718092
1788188284.1377866,158840,18,Loss/l_ce,0.04853463172912598
1788188284.1379883,158840,18,Loss/l_total,0.04853463172912598
1788188284.1380134,158840,18,LR,0.00012202456766718092
1788188298.578275,158880,18,Loss/l_ce,0.0882878303527832
1788188298.5785244,158880,18,Loss/l_total,0.0882878303527832
1788188298.5785482,158880,18,LR,0.00012202456766718092
1788188313.1729825,158920,18,Loss/l_ce,0.015586137771606445
1788188313.1732175,158920,18,Loss/l_total,0.015586137771606445
1788188313.1732473,158920,18,LR,0.00012202456766718092
1788188327.549115,158960,18,Loss/l_ce,0.03848886489868164
1788188327.5493083,158960,18,Loss/l_total,0.03848886489868164
1788188327.5493336,158960,18,LR,0.00012202456766718092
1788188342.1411915,159000,18,Loss/l_ce,0.03560972213745117
1788188342.1413813,159000,18,Loss/l_total,0.03560972213745117
1788188342.141404,159000,18,LR,0.00012202456766718092
1788188356.530597,159040,18,Loss/l_ce,0.03972768783569336
1788188356.530775,159040,18,Loss/l_total,0.03972768783569336
1788188356.5307999,159040,18,LR,0.00012202456766718092
1788188370.5644484,159080,18,Loss/l_ce,0.08499336242675781
1788188370.5646071,159080,18,Loss/l_total,0.08499336242675781
1788188370.5651252,159080,18,LR,0.00012202456766718092
1788188384.991333,159120,18,Loss/l_ce,0.05412578582763672
1788188384.99149,159120,18,Loss/l_total,0.05412578582763672
1788188384.9915159,159120,18,LR,0.00012202456766718092
1788188399.3470244,159160,18,Loss/l_ce,0.018537282943725586
1788188399.3472846,159160,18,Loss/l_total,0.018537282943725586
1788188399.3473094,159160,18,LR,0.00012202456766718092
1788188413.6978433,159200,18,Loss/l_ce,0.12068367004394531
1788188413.6980238,159200,18,Loss/l_total,0.12068367004394531
1788188413.6980724,159200,18,LR,0.00012202456766718092
1788188428.4138072,159240,18,Loss/l_ce,0.005040884017944336
1788188428.4139721,159240,18,Loss/l_total,0.005040884017944336
1788188428.4139957,159240,18,LR,0.00012202456766718092
1788188442.8846972,159280,18,Loss/l_ce,0.020380258560180664
1788188442.884856,159280,18,Loss/l_total,0.020380258560180664
1788188442.8848786,159280,18,LR,0.00012202456766718092
1788188457.4765317,159320,18,Loss/l_ce,0.008809089660644531
1788188457.4767241,159320,18,Loss/l_total,0.008809089660644531
1788188457.4767468,159320,18,LR,0.00012202456766718092
1788188471.9545422,159360,18,Loss/l_ce,0.035752296447753906
1788188471.9547107,159360,18,Loss/l_total,0.035752296447753906
1788188471.9547334,159360,18,LR,0.00012202456766718092
1788188486.510738,159400,18,Loss/l_ce,0.046395301818847656
1788188486.5108972,159400,18,Loss/l_total,0.046395301818847656
1788188486.5109184,159400,18,LR,0.00012202456766718092
1788188501.1791546,159440,18,Loss/l_ce,0.044919490814208984
1788188501.1793494,159440,18,Loss/l_total,0.044919490814208984
1788188501.1793742,159440,18,LR,0.00012202456766718092
1788188515.4451478,159480,18,Loss/l_ce,0.03043055534362793
1788188515.4453294,159480,18,Loss/l_total,0.03043055534362793
1788188515.4453566,159480,18,LR,0.00012202456766718092
1788188530.0555532,159520,18,Loss/l_ce,0.02290177345275879
1788188530.055729,159520,18,Loss/l_total,0.02290177345275879
1788188530.0557563,159520,18,LR,0.00012202456766718092
1788188544.4580626,159560,18,Loss/l_ce,0.02122974395751953
1788188544.4582467,159560,18,Loss/l_total,0.02122974395751953
1788188544.4582705,159560,18,LR,0.00012202456766718092
1788188559.0858645,159600,18,Loss/l_ce,0.02128124237060547
1788188559.0860615,159600,18,Loss/l_total,0.02128124237060547
1788188559.0860868,159600,18,LR,0.00012202456766718092
1788188573.6152174,159640,18,Loss/l_ce,0.014967679977416992
1788188573.615373,159640,18,Loss/l_total,0.014967679977416992
1788188573.6153953,159640,18,LR,0.00012202456766718092
1788188587.8148098,159680,18,Loss/l_ce,0.014146089553833008
1788188587.8149867,159680,18,Loss/l_total,0.014146089553833008
1788188587.8150141,159680,18,LR,0.00012202456766718092
1788188602.3968003,159720,18,Loss/l_ce,0.022542953491210938
1788188602.397027,159720,18,Loss/l_total,0.022542953491210938
1788188602.397242,159720,18,LR,0.00012202456766718092
1788188616.7408712,159760,18,Loss/l_ce,0.017464399337768555
1788188616.7410803,159760,18,Loss/l_total,0.017464399337768555
1788188616.741105,159760,18,LR,0.00012202456766718092
1788188631.432613,159800,18,Loss/l_ce,0.06441092491149902
1788188631.4327848,159800,18,Loss/l_total,0.06441092491149902
1788188631.4328077,159800,18,LR,0.00012202456766718092
1788188645.680545,159840,18,Loss/l_ce,0.07016229629516602
1788188645.6807148,159840,18,Loss/l_total,0.07016229629516602
1788188645.6807363,159840,18,LR,0.00012202456766718092
1788188660.186784,159880,18,Loss/l_ce,0.06150054931640625
1788188660.186962,159880,18,Loss/l_total,0.06150054931640625
1788188660.186987,159880,18,LR,0.00012202456766718092
1788188674.5447807,159920,18,Loss/l_ce,0.019463300704956055
1788188674.5449433,159920,18,Loss/l_total,0.019463300704956055
1788188674.5449662,159920,18,LR,0.00012202456766718092
1788188688.9364138,159960,18,Loss/l_ce,0.060103654861450195
1788188688.9366062,159960,18,Loss/l_total,0.060103654861450195
1788188688.9366288,159960,18,LR,0.00012202456766718092
1788188703.5538192,160000,18,Loss/l_ce,0.054523468017578125
1788188703.5539758,160000,18,Loss/l_total,0.054523468017578125
1788188703.5540268,160000,18,LR,0.00012202456766718092
1788188717.826801,160040,18,Loss/l_ce,0.017135143280029297
1788188717.8269637,160040,18,Loss/l_total,0.017135143280029297
1788188717.8269851,160040,18,LR,0.00012202456766718092
1788188732.3286176,160080,18,Loss/l_ce,0.023932933807373047
1788188732.3288026,160080,18,Loss/l_total,0.023932933807373047
1788188732.3288276,160080,18,LR,0.00012202456766718092
1788188746.5897017,160120,18,Loss/l_ce,0.060712575912475586
1788188746.589906,160120,18,Loss/l_total,0.060712575912475586
1788188746.5899284,160120,18,LR,0.00012202456766718092
1788188761.322511,160160,18,Loss/l_ce,0.03040599822998047
1788188761.3227818,160160,18,Loss/l_total,0.03040599822998047
1788188761.3228066,160160,18,LR,0.00012202456766718092
1788188776.0938978,160200,18,Loss/l_ce,0.01571178436279297
1788188776.0941412,160200,18,Loss/l_total,0.01571178436279297
1788188776.0941672,160200,18,LR,0.00012202456766718092
1788188790.707353,160240,18,Loss/l_ce,0.021065950393676758
1788188790.7076,160240,18,Loss/l_total,0.021065950393676758
1788188790.707624,160240,18,LR,0.00012202456766718092
1788188805.439405,160280,18,Loss/l_ce,0.015851497650146484
1788188805.439581,160280,18,Loss/l_total,0.015851497650146484
1788188805.4396045,160280,18,LR,0.00012202456766718092
1788188820.4638495,160320,18,Loss/l_ce,0.021557331085205078
1788188820.46403,160320,18,Loss/l_total,0.021557331085205078
1788188820.4640894,160320,18,LR,0.00012202456766718092
1788188835.0127983,160360,18,Loss/l_ce,0.03689718246459961
1788188835.0129833,160360,18,Loss/l_total,0.03689718246459961
1788188835.0130072,160360,18,LR,0.00012202456766718092
1788188849.4615676,160400,18,Loss/l_ce,0.0013041496276855469
1788188849.461785,160400,18,Loss/l_total,0.0013041496276855469
1788188849.4618087,160400,18,LR,0.00012202456766718092
1788188864.2072618,160440,18,Loss/l_ce,0.012685298919677734
1788188864.2075515,160440,18,Loss/l_total,0.012685298919677734
1788188864.2075741,160440,18,LR,0.00012202456766718092
1788188879.1278133,160480,18,Loss/l_ce,0.03301239013671875
1788188879.1281257,160480,18,Loss/l_total,0.03301239013671875
1788188879.1281528,160480,18,LR,0.00012202456766718092
1788188893.9675472,160520,18,Loss/l_ce,0.08628487586975098
1788188893.9677784,160520,18,Loss/l_total,0.08628487586975098
1788188893.9678047,160520,18,LR,0.00012202456766718092
1788188908.6805954,160560,18,Loss/l_ce,0.014891624450683594
1788188908.6808114,160560,18,Loss/l_total,0.014891624450683594
1788188908.680835,160560,18,LR,0.00012202456766718092
1788188923.7179377,160600,18,Loss/l_ce,0.11903715133666992
1788188923.718384,160600,18,Loss/l_total,0.11903715133666992
1788188923.7187817,160600,18,LR,0.00012202456766718092
1788188938.458911,160640,18,Loss/l_ce,0.018059730529785156
1788188938.4592283,160640,18,Loss/l_total,0.018059730529785156
1788188938.4592543,160640,18,LR,0.00012202456766718092
1788188952.8713233,160680,18,Loss/l_ce,0.016900062561035156
1788188952.871543,160680,18,Loss/l_total,0.016900062561035156
1788188952.8715703,160680,18,LR,0.00012202456766718092
1788188967.4861042,160720,18,Loss/l_ce,0.0302886962890625
1788188967.4862573,160720,18,Loss/l_total,0.0302886962890625
1788188967.4862812,160720,18,LR,0.00012202456766718092
1788188982.352252,160760,18,Loss/l_ce,0.04049873352050781
1788188982.3524346,160760,18,Loss/l_total,0.04049873352050781
1788188982.3524585,160760,18,LR,0.00012202456766718092
1788188997.4390569,160800,18,Loss/l_ce,0.0389406681060791
1788188997.4392755,160800,18,Loss/l_total,0.0389406681060791
1788188997.439299,160800,18,LR,0.00012202456766718092
1788189012.0893915,160840,18,Loss/l_ce,0.013409137725830078
1788189012.0895598,160840,18,Loss/l_total,0.013409137725830078
1788189012.0895836,160840,18,LR,0.00012202456766718092
1788189027.1604505,160880,18,Loss/l_ce,0.03296065330505371
1788189027.1606739,160880,18,Loss/l_total,0.03296065330505371
1788189027.1606977,160880,18,LR,0.00012202456766718092
1788189042.4296646,160920,18,Loss/l_ce,0.013396978378295898
1788189042.429872,160920,18,Loss/l_total,0.013396978378295898
1788189042.429895,160920,18,LR,0.00012202456766718092
1788189057.0123065,160960,18,Loss/l_ce,0.03500866889953613
1788189057.012481,160960,18,Loss/l_total,0.03500866889953613
1788189057.0125048,160960,18,LR,0.00012202456766718092
1788189071.8697503,161000,18,Loss/l_ce,0.02301621437072754
1788189071.8699129,161000,18,Loss/l_total,0.02301621437072754
1788189071.8699343,161000,18,LR,0.00012202456766718092
1788189086.9069004,161040,18,Loss/l_ce,0.025096654891967773
1788189086.9071486,161040,18,Loss/l_total,0.025096654891967773
1788189086.9071782,161040,18,LR,0.00012202456766718092
1788189101.5469291,161080,18,Loss/l_ce,0.019391775131225586
1788189101.5471632,161080,18,Loss/l_total,0.019391775131225586
1788189101.5471916,161080,18,LR,0.00012202456766718092
1788189116.7311258,161120,18,Loss/l_ce,0.014573335647583008
1788189116.731489,161120,18,Loss/l_total,0.014573335647583008
1788189116.7315152,161120,18,LR,0.00012202456766718092
1788189131.5530102,161160,18,Loss/l_ce,0.02160167694091797
1788189131.5533497,161160,18,Loss/l_total,0.02160167694091797
1788189131.5533721,161160,18,LR,0.00012202456766718092
1788189146.5767024,161200,18,Loss/l_ce,0.020369768142700195
1788189146.5770216,161200,18,Loss/l_total,0.020369768142700195
1788189146.5770774,161200,18,LR,0.00012202456766718092
1788189161.0601532,161240,18,Loss/l_ce,0.022741317749023438
1788189161.0604239,161240,18,Loss/l_total,0.022741317749023438
1788189161.0604477,161240,18,LR,0.00012202456766718092
1788189175.3376682,161280,18,Loss/l_ce,0.016458988189697266
1788189175.3378947,161280,18,Loss/l_total,0.016458988189697266
1788189175.3379173,161280,18,LR,0.00012202456766718092
1788189190.0849807,161320,18,Loss/l_ce,0.011612892150878906
1788189190.0853038,161320,18,Loss/l_total,0.011612892150878906
1788189190.0853286,161320,18,LR,0.00012202456766718092
1788189204.8493454,161360,18,Loss/l_ce,0.014750480651855469
1788189204.8495343,161360,18,Loss/l_total,0.014750480651855469
1788189204.8495638,161360,18,LR,0.00012202456766718092
1788189219.3559642,161400,18,Loss/l_ce,0.0689694881439209
1788189219.3563013,161400,18,Loss/l_total,0.0689694881439209
1788189219.356331,161400,18,LR,0.00012202456766718092
1788189233.6621747,161440,18,Loss/l_ce,0.015621662139892578
1788189233.662424,161440,18,Loss/l_total,0.015621662139892578
1788189233.6624477,161440,18,LR,0.00012202456766718092
1788189248.2467782,161480,18,Loss/l_ce,0.06789970397949219
1788189248.247017,161480,18,Loss/l_total,0.06789970397949219
1788189248.2470634,161480,18,LR,0.00012202456766718092
1788189262.8098469,161520,18,Loss/l_ce,0.04476475715637207
1788189262.8102198,161520,18,Loss/l_total,0.04476475715637207
1788189262.8102481,161520,18,LR,0.00012202456766718092
1788189277.3388793,161560,18,Loss/l_ce,0.027055025100708008
1788189277.3392568,161560,18,Loss/l_total,0.027055025100708008
1788189277.339289,161560,18,LR,0.00012202456766718092
1788189291.9548383,161600,18,Loss/l_ce,0.04583477973937988
1788189291.955116,161600,18,Loss/l_total,0.04583477973937988
1788189291.9551423,161600,18,LR,0.00012202456766718092
1788189306.4642696,161640,18,Loss/l_ce,0.10926675796508789
1788189306.4645,161640,18,Loss/l_total,0.10926675796508789
1788189306.4645226,161640,18,LR,0.00012202456766718092
1788189320.9876623,161680,18,Loss/l_ce,0.01499319076538086
1788189320.9879475,161680,18,Loss/l_total,0.01499319076538086
1788189320.987971,161680,18,LR,0.00012202456766718092
1788189335.685412,161720,18,Loss/l_ce,0.013288736343383789
1788189335.685623,161720,18,Loss/l_total,0.013288736343383789
1788189335.6856456,161720,18,LR,0.00012202456766718092
1788189350.3781757,161760,18,Loss/l_ce,0.016791582107543945
1788189350.3784904,161760,18,Loss/l_total,0.016791582107543945
1788189350.3785129,161760,18,LR,0.00012202456766718092
1788189365.0704267,161800,18,Loss/l_ce,0.10821199417114258
1788189365.0707152,161800,18,Loss/l_total,0.10821199417114258
1788189365.070739,161800,18,LR,0.00012202456766718092
1788189379.5416024,161840,18,Loss/l_ce,0.023590564727783203
1788189379.5418422,161840,18,Loss/l_total,0.023590564727783203
1788189379.5418634,161840,18,LR,0.00012202456766718092
1788189394.1422026,161880,18,Loss/l_ce,0.050649166107177734
1788189394.142535,161880,18,Loss/l_total,0.050649166107177734
1788189394.14256,161880,18,LR,0.00012202456766718092
1788189409.034267,161920,18,Loss/l_ce,0.08390092849731445
1788189409.0345175,161920,18,Loss/l_total,0.08390092849731445
1788189409.0345423,161920,18,LR,0.00012202456766718092
1788189423.618055,161960,18,Loss/l_ce,0.0706319808959961
1788189423.6182973,161960,18,Loss/l_total,0.0706319808959961
1788189423.6183236,161960,18,LR,0.00012202456766718092
1788189438.12574,162000,18,Loss/l_ce,0.0160369873046875
1788189438.1259074,162000,18,Loss/l_total,0.0160369873046875
1788189438.12593,162000,18,LR,0.00012202456766718092
1788189452.7647684,162040,18,Loss/l_ce,0.013142824172973633
1788189452.7650793,162040,18,Loss/l_total,0.013142824172973633
1788189452.765103,162040,18,LR,0.00012202456766718092
1788189467.4309404,162080,18,Loss/l_ce,0.05181884765625
1788189467.4311554,162080,18,Loss/l_total,0.05181884765625
1788189467.4311817,162080,18,LR,0.00012202456766718092
1788189482.4138875,162120,18,Loss/l_ce,0.013158082962036133
1788189482.4142318,162120,18,Loss/l_total,0.013158082962036133
1788189482.4142601,162120,18,LR,0.00012202456766718092
1788189497.5347507,162160,18,Loss/l_ce,0.04639697074890137
1788189497.534999,162160,18,Loss/l_total,0.04639697074890137
1788189497.535025,162160,18,LR,0.00012202456766718092
1788189512.3401008,162200,18,Loss/l_ce,0.05794835090637207
1788189512.340368,162200,18,Loss/l_total,0.05794835090637207
1788189512.3403907,162200,18,LR,0.00012202456766718092
1788189526.980529,162240,18,Loss/l_ce,0.002887725830078125
1788189526.980788,162240,18,Loss/l_total,0.002887725830078125
1788189526.9808118,162240,18,LR,0.00012202456766718092
1788189541.6789386,162280,18,Loss/l_ce,0.019745588302612305
1788189541.6791809,162280,18,Loss/l_total,0.019745588302612305
1788189541.679206,162280,18,LR,0.00012202456766718092
1788189556.2714133,162320,18,Loss/l_ce,0.02349090576171875
1788189556.2716792,162320,18,Loss/l_total,0.02349090576171875
1788189556.2717028,162320,18,LR,0.00012202456766718092
1788189570.8729858,162360,18,Loss/l_ce,0.04695415496826172
1788189570.8733063,162360,18,Loss/l_total,0.04695415496826172
1788189570.8733408,162360,18,LR,0.00012202456766718092
1788189585.5621974,162400,18,Loss/l_ce,0.012565374374389648
1788189585.5623662,162400,18,Loss/l_total,0.012565374374389648
1788189585.5623887,162400,18,LR,0.00012202456766718092
1788189600.2230601,162440,18,Loss/l_ce,0.0070116519927978516
1788189600.2232656,162440,18,Loss/l_total,0.0070116519927978516
1788189600.223287,162440,18,LR,0.00012202456766718092
1788189614.8460007,162480,18,Loss/l_ce,0.030022144317626953
1788189614.846193,162480,18,Loss/l_total,0.030022144317626953
1788189614.8462179,162480,18,LR,0.00012202456766718092
1788189629.4535336,162520,18,Loss/l_ce,0.04438495635986328
1788189629.4536989,162520,18,Loss/l_total,0.04438495635986328
1788189629.4537225,162520,18,LR,0.00012202456766718092
1788189643.9704833,162560,18,Loss/l_ce,0.028599262237548828
1788189643.9707303,162560,18,Loss/l_total,0.028599262237548828
1788189643.9707515,162560,18,LR,0.00012202456766718092
1788189658.234818,162600,18,Loss/l_ce,0.014954090118408203
1788189658.2350638,162600,18,Loss/l_total,0.014954090118408203
1788189658.2350912,162600,18,LR,0.00012202456766718092
1788189672.409802,162640,18,Loss/l_ce,0.11950969696044922
1788189672.4101048,162640,18,Loss/l_total,0.11950969696044922
1788189672.4101295,162640,18,LR,0.00012202456766718092
1788189686.792382,162680,18,Loss/l_ce,0.04796457290649414
1788189686.792616,162680,18,Loss/l_total,0.04796457290649414
1788189686.7926385,162680,18,LR,0.00012202456766718092
1788189701.2750258,162720,18,Loss/l_ce,0.019694805145263672
1788189701.2753594,162720,18,Loss/l_total,0.019694805145263672
1788189701.2753844,162720,18,LR,0.00012202456766718092
1788189715.6913497,162760,18,Loss/l_ce,0.1241922378540039
1788189715.691591,162760,18,Loss/l_total,0.1241922378540039
1788189715.6916194,162760,18,LR,0.00012202456766718092
1788189730.3360155,162800,18,Loss/l_ce,0.10071420669555664
1788189730.3363302,162800,18,Loss/l_total,0.10071420669555664
1788189730.3363528,162800,18,LR,0.00012202456766718092
1788189744.8895314,162840,18,Loss/l_ce,0.017571210861206055
1788189744.8897285,162840,18,Loss/l_total,0.017571210861206055
1788189744.889751,162840,18,LR,0.00012202456766718092
1788189759.5259237,162880,18,Loss/l_ce,0.11549830436706543
1788189759.5262506,162880,18,Loss/l_total,0.11549830436706543
1788189759.5262825,162880,18,LR,0.00012202456766718092
1788189774.1855376,162920,18,Loss/l_ce,0.06409335136413574
1788189774.1857405,162920,18,Loss/l_total,0.06409335136413574
1788189774.1857657,162920,18,LR,0.00012202456766718092
1788189788.6448476,162960,18,Loss/l_ce,0.11337137222290039
1788189788.6451483,162960,18,Loss/l_total,0.11337137222290039
1788189788.645173,162960,18,LR,0.00012202456766718092
1788189803.3188798,163000,18,Loss/l_ce,0.01063084602355957
1788189803.3191552,163000,18,Loss/l_total,0.01063084602355957
1788189803.3191838,163000,18,LR,0.00012202456766718092
1788189818.1453974,163040,18,Loss/l_ce,0.07467460632324219
1788189818.1456113,163040,18,Loss/l_total,0.07467460632324219
1788189818.145636,163040,18,LR,0.00012202456766718092
1788189833.0635931,163080,18,Loss/l_ce,0.024897098541259766
1788189833.0638187,163080,18,Loss/l_total,0.024897098541259766
1788189833.0638413,163080,18,LR,0.00012202456766718092
1788189847.8559844,163120,18,Loss/l_ce,0.013390779495239258
1788189847.8561924,163120,18,Loss/l_total,0.013390779495239258
1788189847.8562193,163120,18,LR,0.00012202456766718092
1788189862.6952643,163160,18,Loss/l_ce,0.09597492218017578
1788189862.6955183,163160,18,Loss/l_total,0.09597492218017578
1788189862.6955433,163160,18,LR,0.00012202456766718092
1788189877.4181466,163200,18,Loss/l_ce,0.03461742401123047
1788189877.4183483,163200,18,Loss/l_total,0.03461742401123047
1788189877.4183733,163200,18,LR,0.00012202456766718092
1788189892.008585,163240,18,Loss/l_ce,0.020250558853149414
1788189892.0087428,163240,18,Loss/l_total,0.020250558853149414
1788189892.0087655,163240,18,LR,0.00012202456766718092
1788189906.5654252,163280,18,Loss/l_ce,0.025028705596923828
1788189906.56562,163280,18,Loss/l_total,0.025028705596923828
1788189906.5656426,163280,18,LR,0.00012202456766718092
1788189921.4294508,163320,18,Loss/l_ce,0.016582012176513672
1788189921.4296548,163320,18,Loss/l_total,0.016582012176513672
1788189921.4296787,163320,18,LR,0.00012202456766718092
1788189935.985188,163360,18,Loss/l_ce,0.014217615127563477
1788189935.9853957,163360,18,Loss/l_total,0.014217615127563477
1788189935.9854243,163360,18,LR,0.00012202456766718092
1788189950.5568304,163400,18,Loss/l_ce,0.12962913513183594
1788189950.5571532,163400,18,Loss/l_total,0.12962913513183594
1788189950.5571783,163400,18,LR,0.00012202456766718092
1788189964.9686081,163440,18,Loss/l_ce,0.050179243087768555
1788189964.9688292,163440,18,Loss/l_total,0.050179243087768555
1788189964.968853,163440,18,LR,0.00012202456766718092
1788189979.6922138,163480,18,Loss/l_ce,0.0478823184967041
1788189979.6925094,163480,18,Loss/l_total,0.0478823184967041
1788189979.692533,163480,18,LR,0.00012202456766718092
1788189994.062999,163520,18,Loss/l_ce,0.015699386596679688
1788189994.0632925,163520,18,Loss/l_total,0.015699386596679688
1788189994.0633185,163520,18,LR,0.00012202456766718092
1788190008.6691632,163560,18,Loss/l_ce,0.02054619789123535
1788190008.6694102,163560,18,Loss/l_total,0.02054619789123535
1788190008.669434,163560,18,LR,0.00012202456766718092
1788190023.1262188,163600,18,Loss/l_ce,0.04235029220581055
1788190023.1263907,163600,18,Loss/l_total,0.04235029220581055
1788190023.1264145,163600,18,LR,0.00012202456766718092
1788190037.8778276,163640,18,Loss/l_ce,0.015031099319458008
1788190037.8780138,163640,18,Loss/l_total,0.015031099319458008
1788190037.8780675,163640,18,LR,0.00012202456766718092
1788190053.9571996,163680,18,Loss/l_ce,0.005744218826293945
1788190053.9574013,163680,18,Loss/l_total,0.005744218826293945
1788190053.957425,163680,18,LR,0.00012202456766718092
1788190068.577755,163720,18,Loss/l_ce,0.03403186798095703
1788190068.5779426,163720,18,Loss/l_total,0.03403186798095703
1788190068.5779665,163720,18,LR,0.00012202456766718092
1788190083.1685722,163760,18,Loss/l_ce,0.011505365371704102
1788190083.1687644,163760,18,Loss/l_total,0.011505365371704102
1788190083.1687891,163760,18,LR,0.00012202456766718092
1788190097.4233031,163800,18,Loss/l_ce,0.022628068923950195
1788190097.423468,163800,18,Loss/l_total,0.022628068923950195
1788190097.4234905,163800,18,LR,0.00012202456766718092
1788190112.0897853,163840,18,Loss/l_ce,0.04982566833496094
1788190112.0899515,163840,18,Loss/l_total,0.04982566833496094
1788190112.0899765,163840,18,LR,0.00012202456766718092
1788190126.8101065,163880,18,Loss/l_ce,0.013339042663574219
1788190126.8102894,163880,18,Loss/l_total,0.013339042663574219
1788190126.8103144,163880,18,LR,0.00012202456766718092
1788190141.3712902,163920,18,Loss/l_ce,0.019240140914916992
1788190141.3715322,163920,18,Loss/l_total,0.019240140914916992
1788190141.3715575,163920,18,LR,0.00012202456766718092
1788190156.2321277,163960,18,Loss/l_ce,0.10695409774780273
1788190156.2324257,163960,18,Loss/l_total,0.10695409774780273
1788190156.2324567,163960,18,LR,0.00012202456766718092
1788190170.733189,164000,18,Loss/l_ce,0.014039993286132812
1788190170.733442,164000,18,Loss/l_total,0.014039993286132812
1788190170.733468,164000,18,LR,0.00012202456766718092
1788190185.618878,164040,18,Loss/l_ce,0.01952219009399414
1788190185.6191523,164040,18,Loss/l_total,0.01952219009399414
1788190185.6191795,164040,18,LR,0.00012202456766718092
1788190200.410216,164080,18,Loss/l_ce,0.03647327423095703
1788190200.4105592,164080,18,Loss/l_total,0.03647327423095703
1788190200.410583,164080,18,LR,0.00012202456766718092
1788190214.938322,164120,18,Loss/l_ce,0.07741260528564453
1788190214.938542,164120,18,Loss/l_total,0.07741260528564453
1788190214.938563,164120,18,LR,0.00012202456766718092
1788190229.4739223,164160,18,Loss/l_ce,0.0149993896484375
1788190229.4742715,164160,18,Loss/l_total,0.0149993896484375
1788190229.4742987,164160,18,LR,0.00012202456766718092
1788190243.910596,164200,18,Loss/l_ce,0.0164487361907959
1788190243.910851,164200,18,Loss/l_total,0.0164487361907959
1788190243.9108748,164200,18,LR,0.00012202456766718092
1788190258.7170024,164240,18,Loss/l_ce,0.03372764587402344
1788190258.717197,164240,18,Loss/l_total,0.03372764587402344
1788190258.7172244,164240,18,LR,0.00012202456766718092
1788190273.201342,164280,18,Loss/l_ce,0.021508455276489258
1788190273.2016628,164280,18,Loss/l_total,0.021508455276489258
1788190273.2016852,164280,18,LR,0.00012202456766718092
1788190287.7954237,164320,18,Loss/l_ce,0.015689849853515625
1788190287.7956944,164320,18,Loss/l_total,0.015689849853515625
1788190287.7957191,164320,18,LR,0.00012202456766718092
1788190302.1312327,164360,18,Loss/l_ce,0.014137029647827148
1788190302.1314073,164360,18,Loss/l_total,0.014137029647827148
1788190302.131429,164360,18,LR,0.00012202456766718092
1788190316.6464067,164400,18,Loss/l_ce,0.0367436408996582
1788190316.6466227,164400,18,Loss/l_total,0.0367436408996582
1788190316.6466475,164400,18,LR,0.00012202456766718092
1788190331.2306678,164440,18,Loss/l_ce,0.01877737045288086
1788190331.2308922,164440,18,Loss/l_total,0.01877737045288086
1788190331.2309172,164440,18,LR,0.00012202456766718092
1788190345.900115,164480,18,Loss/l_ce,0.0836031436920166
1788190345.9003336,164480,18,Loss/l_total,0.0836031436920166
1788190345.9003584,164480,18,LR,0.00012202456766718092
1788190360.7010005,164520,18,Loss/l_ce,0.022655248641967773
1788190360.7012866,164520,18,Loss/l_total,0.022655248641967773
1788190360.7013116,164520,18,LR,0.00012202456766718092
1788190375.2873132,164560,18,Loss/l_ce,0.050519466400146484
1788190375.2875292,164560,18,Loss/l_total,0.050519466400146484
1788190375.287553,164560,18,LR,0.00012202456766718092
1788190389.9348748,164600,18,Loss/l_ce,0.10244560241699219
1788190389.9351099,164600,18,Loss/l_total,0.10244560241699219
1788190389.935136,164600,18,LR,0.00012202456766718092
1788190404.4951766,164640,18,Loss/l_ce,0.02210068702697754
1788190404.4954543,164640,18,Loss/l_total,0.02210068702697754
1788190404.495479,164640,18,LR,0.00012202456766718092
1788190419.2472258,164680,18,Loss/l_ce,0.02305889129638672
1788190419.2474751,164680,18,Loss/l_total,0.02305889129638672
1788190419.2475014,164680,18,LR,0.00012202456766718092
1788190433.8886466,164720,18,Loss/l_ce,0.01982903480529785
1788190433.8888915,164720,18,Loss/l_total,0.01982903480529785
1788190433.8889163,164720,18,LR,0.00012202456766718092
1788190448.3994818,164760,18,Loss/l_ce,0.013860225677490234
1788190448.3997028,164760,18,Loss/l_total,0.013860225677490234
1788190448.3999543,164760,18,LR,0.00012202456766718092
1788190463.128303,164800,18,Loss/l_ce,0.016671419143676758
1788190463.128563,164800,18,Loss/l_total,0.016671419143676758
1788190463.128588,164800,18,LR,0.00012202456766718092
1788190478.1004934,164840,18,Loss/l_ce,0.016258716583251953
1788190478.100693,164840,18,Loss/l_total,0.016258716583251953
1788190478.1007192,164840,18,LR,0.00012202456766718092
1788190492.6878827,164880,18,Loss/l_ce,0.0611109733581543
1788190492.6882463,164880,18,Loss/l_total,0.0611109733581543
1788190492.688276,164880,18,LR,0.00012202456766718092
1788190507.4978912,164920,18,Loss/l_ce,0.02697443962097168
1788190507.4982178,164920,18,Loss/l_total,0.02697443962097168
1788190507.4982462,164920,18,LR,0.00012202456766718092
1788190522.1470637,164960,18,Loss/l_ce,0.014592885971069336
1788190522.1473546,164960,18,Loss/l_total,0.014592885971069336
1788190522.1473784,164960,18,LR,0.00012202456766718092
1788190536.5903249,165000,18,Loss/l_ce,0.01842045783996582
1788190536.5905805,165000,18,Loss/l_total,0.01842045783996582
1788190536.5906053,165000,18,LR,0.00012202456766718092
1788190551.1679263,165040,18,Loss/l_ce,0.021312475204467773
1788190551.168216,165040,18,Loss/l_total,0.021312475204467773
1788190551.1682413,165040,18,LR,0.00012202456766718092
1788190565.9294264,165080,18,Loss/l_ce,0.09219598770141602
1788190565.929671,165080,18,Loss/l_total,0.09219598770141602
1788190565.9296947,165080,18,LR,0.00012202456766718092
1788190580.693059,165120,18,Loss/l_ce,0.06547141075134277
1788190580.6932905,165120,18,Loss/l_total,0.06547141075134277
1788190580.6933131,165120,18,LR,0.00012202456766718092
1788190594.932945,165160,18,Loss/l_ce,0.021831274032592773
1788190594.9331932,165160,18,Loss/l_total,0.021831274032592773
1788190594.9332194,165160,18,LR,0.00012202456766718092
1788190609.6208804,165200,18,Loss/l_ce,0.03994035720825195
1788190609.62119,165200,18,Loss/l_total,0.03994035720825195
1788190609.6212163,165200,18,LR,0.00012202456766718092
1788190624.327938,165240,18,Loss/l_ce,0.16817831993103027
1788190624.328215,165240,18,Loss/l_total,0.16817831993103027
1788190624.3282468,165240,18,LR,0.00012202456766718092
1788190639.4785419,165280,18,Loss/l_ce,0.014959335327148438
1788190639.4788399,165280,18,Loss/l_total,0.014959335327148438
1788190639.4788682,165280,18,LR,0.00012202456766718092
1788190654.3827856,165320,18,Loss/l_ce,0.013519763946533203
1788190654.383011,165320,18,Loss/l_total,0.013519763946533203
1788190654.383068,165320,18,LR,0.00012202456766718092
1788190700.0363996,165338,18,Val/dense_error,0.028994590044021606
1788190700.0367286,165338,18,Val/auc,0.7406266740873683
1788190700.0367522,165338,18,Val/pck_max,0.1
1788190700.03677,165338,18,Val/pck_n,100.0
1788190711.9492102,165360,19,Loss/l_ce,0.015265941619873047
1788190711.9493856,165360,19,Loss/l_total,0.015265941619873047
1788190711.9494107,165360,19,LR,0.00010554024673218806
1788190726.738908,165400,19,Loss/l_ce,0.061069488525390625
1788190726.7392228,165400,19,Loss/l_total,0.061069488525390625
1788190726.7392502,165400,19,LR,0.00010554024673218806
1788190741.5737593,165440,19,Loss/l_ce,0.04742765426635742
1788190741.5739884,165440,19,Loss/l_total,0.04742765426635742
1788190741.5740595,165440,19,LR,0.00010554024673218806
1788190756.607953,165480,19,Loss/l_ce,0.030393362045288086
1788190756.608204,165480,19,Loss/l_total,0.030393362045288086
1788190756.6082335,165480,19,LR,0.00010554024673218806
1788190771.8185031,165520,19,Loss/l_ce,0.08031821250915527
1788190771.8186731,165520,19,Loss/l_total,0.08031821250915527
1788190771.8186932,165520,19,LR,0.00010554024673218806
1788190787.2321982,165560,19,Loss/l_ce,0.008183002471923828
1788190787.2324097,165560,19,Loss/l_total,0.008183002471923828
1788190787.232433,165560,19,LR,0.00010554024673218806
1788190802.5206585,165600,19,Loss/l_ce,0.01592731475830078
1788190802.5208235,165600,19,Loss/l_total,0.01592731475830078
1788190802.521081,165600,19,LR,0.00010554024673218806
1788190817.556898,165640,19,Loss/l_ce,0.0073108673095703125
1788190817.5570846,165640,19,Loss/l_total,0.0073108673095703125
1788190817.5571096,165640,19,LR,0.00010554024673218806
1788190832.8816621,165680,19,Loss/l_ce,0.0829017162322998
1788190832.8863106,165680,19,Loss/l_total,0.0829017162322998
1788190832.8863428,165680,19,LR,0.00010554024673218806
1788190847.8148568,165720,19,Loss/l_ce,0.011495828628540039
1788190847.8150253,165720,19,Loss/l_total,0.011495828628540039
1788190847.8150775,165720,19,LR,0.00010554024673218806
1788190862.649849,165760,19,Loss/l_ce,0.017399072647094727
1788190862.6500258,165760,19,Loss/l_total,0.017399072647094727
1788190862.6500852,165760,19,LR,0.00010554024673218806
1788190877.5635848,165800,19,Loss/l_ce,0.03218793869018555
1788190877.5638103,165800,19,Loss/l_total,0.03218793869018555
1788190877.5638328,165800,19,LR,0.00010554024673218806
1788190892.447681,165840,19,Loss/l_ce,0.018577098846435547
1788190892.4478412,165840,19,Loss/l_total,0.018577098846435547
1788190892.4478626,165840,19,LR,0.00010554024673218806
1788190907.3193498,165880,19,Loss/l_ce,0.042626380920410156
1788190907.3195124,165880,19,Loss/l_total,0.042626380920410156
1788190907.3195398,165880,19,LR,0.00010554024673218806
1788190922.125264,165920,19,Loss/l_ce,0.01309347152709961
1788190922.1254206,165920,19,Loss/l_total,0.01309347152709961
1788190922.1254456,165920,19,LR,0.00010554024673218806
1788190937.312792,165960,19,Loss/l_ce,0.015318870544433594
1788190937.3129559,165960,19,Loss/l_total,0.015318870544433594
1788190937.3129797,165960,19,LR,0.00010554024673218806
1788190952.08635,166000,19,Loss/l_ce,0.03706812858581543
1788190952.0865304,166000,19,Loss/l_total,0.03706812858581543
1788190952.086554,166000,19,LR,0.00010554024673218806
1788190967.0370238,166040,19,Loss/l_ce,0.02908039093017578
1788190967.0372114,166040,19,Loss/l_total,0.02908039093017578
1788190967.0372338,166040,19,LR,0.00010554024673218806
1788190981.7657173,166080,19,Loss/l_ce,0.015362262725830078
1788190981.7659607,166080,19,Loss/l_total,0.015362262725830078
1788190981.765989,166080,19,LR,0.00010554024673218806
1788190996.2338567,166120,19,Loss/l_ce,0.001232147216796875
1788190996.2340207,166120,19,Loss/l_total,0.001232147216796875
1788190996.23408,166120,19,LR,0.00010554024673218806
1788191010.750255,166160,19,Loss/l_ce,0.02289128303527832
1788191010.7505317,166160,19,Loss/l_total,0.02289128303527832
1788191010.7505553,166160,19,LR,0.00010554024673218806
1788191025.2832243,166200,19,Loss/l_ce,0.015851974487304688
1788191025.2834296,166200,19,Loss/l_total,0.015851974487304688
1788191025.2834547,166200,19,LR,0.00010554024673218806
1788191040.173803,166240,19,Loss/l_ce,0.015464067459106445
1788191040.1741464,166240,19,Loss/l_total,0.015464067459106445
1788191040.174184,166240,19,LR,0.00010554024673218806
1788191054.9898129,166280,19,Loss/l_ce,0.017894983291625977
1788191054.990075,166280,19,Loss/l_total,0.017894983291625977
1788191054.9901094,166280,19,LR,0.00010554024673218806
1788191070.0651119,166320,19,Loss/l_ce,0.014193534851074219
1788191070.065328,166320,19,Loss/l_total,0.014193534851074219
1788191070.0653517,166320,19,LR,0.00010554024673218806
1788191084.4517672,166360,19,Loss/l_ce,0.017406940460205078
1788191084.4520843,166360,19,Loss/l_total,0.017406940460205078
1788191084.4521093,166360,19,LR,0.00010554024673218806
1788191099.5192695,166400,19,Loss/l_ce,0.0407254695892334
1788191099.5195296,166400,19,Loss/l_total,0.0407254695892334
1788191099.5195556,166400,19,LR,0.00010554024673218806
1788191114.2685115,166440,19,Loss/l_ce,0.09034848213195801
1788191114.2687204,166440,19,Loss/l_total,0.09034848213195801
1788191114.2687442,166440,19,LR,0.00010554024673218806
1788191128.930364,166480,19,Loss/l_ce,0.02065587043762207
1788191128.9305432,166480,19,Loss/l_total,0.02065587043762207
1788191128.9305656,166480,19,LR,0.00010554024673218806
1788191143.6179903,166520,19,Loss/l_ce,0.03744316101074219
1788191143.6182716,166520,19,Loss/l_total,0.03744316101074219
1788191143.6182964,166520,19,LR,0.00010554024673218806
1788191158.312252,166560,19,Loss/l_ce,0.019789695739746094
1788191158.3124242,166560,19,Loss/l_total,0.019789695739746094
1788191158.3124468,166560,19,LR,0.00010554024673218806
1788191173.276208,166600,19,Loss/l_ce,0.02366018295288086
1788191173.2763932,166600,19,Loss/l_total,0.02366018295288086
1788191173.276418,166600,19,LR,0.00010554024673218806
1788191188.102237,166640,19,Loss/l_ce,0.019376754760742188
1788191188.1024222,166640,19,Loss/l_total,0.019376754760742188
1788191188.102447,166640,19,LR,0.00010554024673218806
1788191202.9953563,166680,19,Loss/l_ce,0.08206486701965332
1788191202.9955287,166680,19,Loss/l_total,0.08206486701965332
1788191202.9955525,166680,19,LR,0.00010554024673218806
1788191217.7178476,166720,19,Loss/l_ce,0.07055807113647461
1788191217.718054,166720,19,Loss/l_total,0.07055807113647461
1788191217.7181077,166720,19,LR,0.00010554024673218806
1788191232.3852708,166760,19,Loss/l_ce,0.034441471099853516
1788191232.3854666,166760,19,Loss/l_total,0.034441471099853516
1788191232.3854928,166760,19,LR,0.00010554024673218806
1788191247.260982,166800,19,Loss/l_ce,0.06916666030883789
1788191247.261166,166800,19,Loss/l_total,0.06916666030883789
1788191247.2611947,166800,19,LR,0.00010554024673218806
1788191262.116151,166840,19,Loss/l_ce,0.013728618621826172
1788191262.1163218,166840,19,Loss/l_total,0.013728618621826172
1788191262.1163456,166840,19,LR,0.00010554024673218806
1788191276.973921,166880,19,Loss/l_ce,0.024854183197021484
1788191276.9741478,166880,19,Loss/l_total,0.024854183197021484
1788191276.9741726,166880,19,LR,0.00010554024673218806
1788191291.5215378,166920,19,Loss/l_ce,0.01408529281616211
1788191291.5218203,166920,19,Loss/l_total,0.01408529281616211
1788191291.5218465,166920,19,LR,0.00010554024673218806
1788191306.3176804,166960,19,Loss/l_ce,0.02212977409362793
1788191306.3179297,166960,19,Loss/l_total,0.02212977409362793
1788191306.3179557,166960,19,LR,0.00010554024673218806
1788191321.2616873,167000,19,Loss/l_ce,0.027531147003173828
1788191321.261939,167000,19,Loss/l_total,0.027531147003173828
1788191321.261964,167000,19,LR,0.00010554024673218806
1788191336.4274025,167040,19,Loss/l_ce,0.04147601127624512
1788191336.4276197,167040,19,Loss/l_total,0.04147601127624512
1788191336.4276469,167040,19,LR,0.00010554024673218806
1788191351.3262825,167080,19,Loss/l_ce,0.03163743019104004
1788191351.326545,167080,19,Loss/l_total,0.03163743019104004
1788191351.3265686,167080,19,LR,0.00010554024673218806
1788191366.0232537,167120,19,Loss/l_ce,0.0364990234375
1788191366.0235045,167120,19,Loss/l_total,0.0364990234375
1788191366.023526,167120,19,LR,0.00010554024673218806
1788191380.3909433,167160,19,Loss/l_ce,0.016776084899902344
1788191380.391239,167160,19,Loss/l_total,0.016776084899902344
1788191380.391265,167160,19,LR,0.00010554024673218806
1788191395.2083254,167200,19,Loss/l_ce,0.042586326599121094
1788191395.2086518,167200,19,Loss/l_total,0.042586326599121094
1788191395.2086756,167200,19,LR,0.00010554024673218806
1788191409.816778,167240,19,Loss/l_ce,0.027853965759277344
1788191409.817172,167240,19,Loss/l_total,0.027853965759277344
1788191409.8172066,167240,19,LR,0.00010554024673218806
1788191424.338781,167280,19,Loss/l_ce,0.06707620620727539
1788191424.3391469,167280,19,Loss/l_total,0.06707620620727539
1788191424.339172,167280,19,LR,0.00010554024673218806
1788191442.0494094,167320,19,Loss/l_ce,0.06912541389465332
1788191442.0497441,167320,19,Loss/l_total,0.06912541389465332
1788191442.0497704,167320,19,LR,0.00010554024673218806
1788191459.5461264,167360,19,Loss/l_ce,0.01803898811340332
1788191459.5464635,167360,19,Loss/l_total,0.01803898811340332
1788191459.5464883,167360,19,LR,0.00010554024673218806
1788191477.0049982,167400,19,Loss/l_ce,0.017848491668701172
1788191477.0055895,167400,19,Loss/l_total,0.017848491668701172
1788191477.0056193,167400,19,LR,0.00010554024673218806
1788191494.234815,167440,19,Loss/l_ce,0.05629539489746094
1788191494.2351842,167440,19,Loss/l_total,0.05629539489746094
1788191494.2352102,167440,19,LR,0.00010554024673218806
1788191508.9518657,167480,19,Loss/l_ce,0.04526972770690918
1788191508.952362,167480,19,Loss/l_total,0.04526972770690918
1788191508.9523904,167480,19,LR,0.00010554024673218806
1788191523.6875572,167520,19,Loss/l_ce,0.025611400604248047
1788191523.6878645,167520,19,Loss/l_total,0.025611400604248047
1788191523.687893,167520,19,LR,0.00010554024673218806
1788191538.2203612,167560,19,Loss/l_ce,0.028708457946777344
1788191538.2206745,167560,19,Loss/l_total,0.028708457946777344
1788191538.2206984,167560,19,LR,0.00010554024673218806
1788191552.7905104,167600,19,Loss/l_ce,0.015838623046875
1788191552.790807,167600,19,Loss/l_total,0.015838623046875
1788191552.7908368,167600,19,LR,0.00010554024673218806
1788191567.377822,167640,19,Loss/l_ce,0.013335704803466797
1788191567.378051,167640,19,Loss/l_total,0.013335704803466797
1788191567.3780785,167640,19,LR,0.00010554024673218806
1788191581.9376795,167680,19,Loss/l_ce,0.012449502944946289
1788191581.9379253,167680,19,Loss/l_total,0.012449502944946289
1788191581.9379504,167680,19,LR,0.00010554024673218806
1788191596.4080737,167720,19,Loss/l_ce,0.013221025466918945
1788191596.4082422,167720,19,Loss/l_total,0.013221025466918945
1788191596.4082646,167720,19,LR,0.00010554024673218806
1788191610.6359305,167760,19,Loss/l_ce,0.04689598083496094
1788191610.6361241,167760,19,Loss/l_total,0.04689598083496094
1788191610.636149,167760,19,LR,0.00010554024673218806
1788191625.068958,167800,19,Loss/l_ce,0.01445770263671875
1788191625.0691493,167800,19,Loss/l_total,0.01445770263671875
1788191625.069173,167800,19,LR,0.00010554024673218806
1788191639.6457062,167840,19,Loss/l_ce,0.00680851936340332
1788191639.645883,167840,19,Loss/l_total,0.00680851936340332
1788191639.6459057,167840,19,LR,0.00010554024673218806
1788191654.1955514,167880,19,Loss/l_ce,0.01772284507751465
1788191654.1957378,167880,19,Loss/l_total,0.01772284507751465
1788191654.1957629,167880,19,LR,0.00010554024673218806
1788191668.8027065,167920,19,Loss/l_ce,0.09167814254760742
1788191668.802864,167920,19,Loss/l_total,0.09167814254760742
1788191668.802888,167920,19,LR,0.00010554024673218806
1788191683.288459,167960,19,Loss/l_ce,0.01767134666442871
1788191683.2886786,167960,19,Loss/l_total,0.01767134666442871
1788191683.2887025,167960,19,LR,0.00010554024673218806
1788191697.9097712,168000,19,Loss/l_ce,0.02246236801147461
1788191697.9100773,168000,19,Loss/l_total,0.02246236801147461
1788191697.9101062,168000,19,LR,0.00010554024673218806
1788191712.501877,168040,19,Loss/l_ce,0.04875493049621582
1788191712.5021524,168040,19,Loss/l_total,0.04875493049621582
1788191712.5021844,168040,19,LR,0.00010554024673218806
1788191727.3203166,168080,19,Loss/l_ce,0.0358433723449707
1788191727.3205543,168080,19,Loss/l_total,0.0358433723449707
1788191727.3208842,168080,19,LR,0.00010554024673218806
1788191742.0108352,168120,19,Loss/l_ce,0.0784451961517334
1788191742.0111175,168120,19,Loss/l_total,0.0784451961517334
1788191742.0111463,168120,19,LR,0.00010554024673218806
1788191756.6344516,168160,19,Loss/l_ce,0.028011798858642578
1788191756.6346962,168160,19,Loss/l_total,0.028011798858642578
1788191756.6347222,168160,19,LR,0.00010554024673218806
1788191771.3844166,168200,19,Loss/l_ce,0.015094995498657227
1788191771.384647,168200,19,Loss/l_total,0.015094995498657227
1788191771.3846684,168200,19,LR,0.00010554024673218806
1788191785.8797712,168240,19,Loss/l_ce,0.046233415603637695
1788191785.87993,168240,19,Loss/l_total,0.046233415603637695
1788191785.8799539,168240,19,LR,0.00010554024673218806
1788191800.5570261,168280,19,Loss/l_ce,0.05005645751953125
1788191800.5572636,168280,19,Loss/l_total,0.05005645751953125
1788191800.557293,168280,19,LR,0.00010554024673218806
1788191815.0688019,168320,19,Loss/l_ce,0.014271020889282227
1788191815.0689988,168320,19,Loss/l_total,0.014271020889282227
1788191815.0690215,168320,19,LR,0.00010554024673218806
1788191829.67227,168360,19,Loss/l_ce,0.06129765510559082
1788191829.6724293,168360,19,Loss/l_total,0.06129765510559082
1788191829.6724553,168360,19,LR,0.00010554024673218806
1788191844.3508477,168400,19,Loss/l_ce,0.08213639259338379
1788191844.3510697,168400,19,Loss/l_total,0.08213639259338379
1788191844.3510962,168400,19,LR,0.00010554024673218806
1788191858.906753,168440,19,Loss/l_ce,0.06551170349121094
1788191858.9069347,168440,19,Loss/l_total,0.06551170349121094
1788191858.9069583,168440,19,LR,0.00010554024673218806
1788191873.5999773,168480,19,Loss/l_ce,0.019162654876708984
1788191873.6001933,168480,19,Loss/l_total,0.019162654876708984
1788191873.600217,168480,19,LR,0.00010554024673218806
1788191888.2415338,168520,19,Loss/l_ce,0.058501482009887695
1788191888.241795,168520,19,Loss/l_total,0.058501482009887695
1788191888.2418199,168520,19,LR,0.00010554024673218806
1788191902.8517065,168560,19,Loss/l_ce,0.0345311164855957
1788191902.8519573,168560,19,Loss/l_total,0.0345311164855957
1788191902.851982,168560,19,LR,0.00010554024673218806
1788191917.2806664,168600,19,Loss/l_ce,0.01373600959777832
1788191917.280829,168600,19,Loss/l_total,0.01373600959777832
1788191917.280855,168600,19,LR,0.00010554024673218806
1788191931.7531524,168640,19,Loss/l_ce,0.024976730346679688
1788191931.753354,168640,19,Loss/l_total,0.024976730346679688
1788191931.753379,168640,19,LR,0.00010554024673218806
1788191946.5111017,168680,19,Loss/l_ce,0.01223611831665039
1788191946.5113177,168680,19,Loss/l_total,0.01223611831665039
1788191946.5113428,168680,19,LR,0.00010554024673218806
1788191960.8997788,168720,19,Loss/l_ce,0.008025169372558594
1788191960.9000127,168720,19,Loss/l_total,0.008025169372558594
1788191960.9000638,168720,19,LR,0.00010554024673218806
1788191975.5705156,168760,19,Loss/l_ce,0.044432640075683594
1788191975.5706868,168760,19,Loss/l_total,0.044432640075683594
1788191975.5707138,168760,19,LR,0.00010554024673218806
1788191990.68794,168800,19,Loss/l_ce,0.13390111923217773
1788191990.6881878,168800,19,Loss/l_total,0.13390111923217773
1788191990.6882117,168800,19,LR,0.00010554024673218806
1788192005.3674507,168840,19,Loss/l_ce,0.0155487060546875
1788192005.3677285,168840,19,Loss/l_total,0.0155487060546875
1788192005.367752,168840,19,LR,0.00010554024673218806
1788192020.246839,168880,19,Loss/l_ce,0.01495981216430664
1788192020.2471738,168880,19,Loss/l_total,0.01495981216430664
1788192020.2472045,168880,19,LR,0.00010554024673218806
1788192035.1016905,168920,19,Loss/l_ce,0.013934850692749023
1788192035.1020503,168920,19,Loss/l_total,0.013934850692749023
1788192035.102079,168920,19,LR,0.00010554024673218806
1788192050.2375062,168960,19,Loss/l_ce,0.02133965492248535
1788192050.2378016,168960,19,Loss/l_total,0.02133965492248535
1788192050.2378254,168960,19,LR,0.00010554024673218806
1788192065.1448467,169000,19,Loss/l_ce,0.014523029327392578
1788192065.1452017,169000,19,Loss/l_total,0.014523029327392578
1788192065.1452267,169000,19,LR,0.00010554024673218806
1788192080.239831,169040,19,Loss/l_ce,0.0720672607421875
1788192080.2400043,169040,19,Loss/l_total,0.0720672607421875
1788192080.240052,169040,19,LR,0.00010554024673218806
1788192094.8845646,169080,19,Loss/l_ce,0.01853346824645996
1788192094.8847358,169080,19,Loss/l_total,0.01853346824645996
1788192094.8847573,169080,19,LR,0.00010554024673218806
1788192109.5230856,169120,19,Loss/l_ce,0.019886255264282227
1788192109.5233395,169120,19,Loss/l_total,0.019886255264282227
1788192109.5233645,169120,19,LR,0.00010554024673218806
1788192124.1683476,169160,19,Loss/l_ce,0.015531539916992188
1788192124.1685174,169160,19,Loss/l_total,0.015531539916992188
1788192124.1685412,169160,19,LR,0.00010554024673218806
1788192138.737141,169200,19,Loss/l_ce,0.06319761276245117
1788192138.7373416,169200,19,Loss/l_total,0.06319761276245117
1788192138.73737,169200,19,LR,0.00010554024673218806
1788192153.7220833,169240,19,Loss/l_ce,0.038593292236328125
1788192153.7223444,169240,19,Loss/l_total,0.038593292236328125
1788192153.7223692,169240,19,LR,0.00010554024673218806
1788192168.9597614,169280,19,Loss/l_ce,0.0754694938659668
1788192168.9601068,169280,19,Loss/l_total,0.0754694938659668
1788192168.960132,169280,19,LR,0.00010554024673218806
1788192183.8253531,169320,19,Loss/l_ce,0.020122051239013672
1788192183.825669,169320,19,Loss/l_total,0.020122051239013672
1788192183.8256953,169320,19,LR,0.00010554024673218806
1788192198.9725394,169360,19,Loss/l_ce,0.022035598754882812
1788192198.9727185,169360,19,Loss/l_total,0.022035598754882812
1788192198.9727411,169360,19,LR,0.00010554024673218806
1788192213.9944053,169400,19,Loss/l_ce,0.03276777267456055
1788192213.994625,169400,19,Loss/l_total,0.03276777267456055
1788192213.99465,169400,19,LR,0.00010554024673218806
1788192229.0208638,169440,19,Loss/l_ce,0.06624674797058105
1788192229.0210893,169440,19,Loss/l_total,0.06624674797058105
1788192229.0211203,169440,19,LR,0.00010554024673218806
1788192243.9062982,169480,19,Loss/l_ce,0.023077011108398438
1788192243.906461,169480,19,Loss/l_total,0.023077011108398438
1788192243.9064858,169480,19,LR,0.00010554024673218806
1788192258.5091836,169520,19,Loss/l_ce,0.013882160186767578
1788192258.5093594,169520,19,Loss/l_total,0.013882160186767578
1788192258.5093832,169520,19,LR,0.00010554024673218806
1788192273.2815685,169560,19,Loss/l_ce,0.019159317016601562
1788192273.28175,169560,19,Loss/l_total,0.019159317016601562
1788192273.2817738,169560,19,LR,0.00010554024673218806
1788192287.8038483,169600,19,Loss/l_ce,0.015212535858154297
1788192287.8040075,169600,19,Loss/l_total,0.015212535858154297
1788192287.804031,169600,19,LR,0.00010554024673218806
1788192302.3872936,169640,19,Loss/l_ce,0.10784649848937988
1788192302.3875384,169640,19,Loss/l_total,0.10784649848937988
1788192302.3875647,169640,19,LR,0.00010554024673218806
1788192317.093832,169680,19,Loss/l_ce,0.06118583679199219
1788192317.094002,169680,19,Loss/l_total,0.06118583679199219
1788192317.0940244,169680,19,LR,0.00010554024673218806
1788192332.1501803,169720,19,Loss/l_ce,0.021811962127685547
1788192332.1503787,169720,19,Loss/l_total,0.021811962127685547
1788192332.1504014,169720,19,LR,0.00010554024673218806
1788192346.7102656,169760,19,Loss/l_ce,0.01741933822631836
1788192346.7104235,169760,19,Loss/l_total,0.01741933822631836
1788192346.7104461,169760,19,LR,0.00010554024673218806
1788192361.9825766,169800,19,Loss/l_ce,0.02166891098022461
1788192361.9827547,169800,19,Loss/l_total,0.02166891098022461
1788192361.9827797,169800,19,LR,0.00010554024673218806
1788192377.2053156,169840,19,Loss/l_ce,0.018311500549316406
1788192377.205482,169840,19,Loss/l_total,0.018311500549316406
1788192377.205508,169840,19,LR,0.00010554024673218806
1788192392.269432,169880,19,Loss/l_ce,0.020890474319458008
1788192392.2696764,169880,19,Loss/l_total,0.020890474319458008
1788192392.2697039,169880,19,LR,0.00010554024673218806
1788192407.6660976,169920,19,Loss/l_ce,0.004923582077026367
1788192407.6662817,169920,19,Loss/l_total,0.004923582077026367
1788192407.6663065,169920,19,LR,0.00010554024673218806
1788192423.1008658,169960,19,Loss/l_ce,0.024044275283813477
1788192423.1010296,169960,19,Loss/l_total,0.024044275283813477
1788192423.1010795,169960,19,LR,0.00010554024673218806
1788192438.482716,170000,19,Loss/l_ce,0.08519291877746582
1788192438.4829974,170000,19,Loss/l_total,0.08519291877746582
1788192438.4830248,170000,19,LR,0.00010554024673218806
1788192453.751074,170040,19,Loss/l_ce,0.048487186431884766
1788192453.7512913,170040,19,Loss/l_total,0.048487186431884766
1788192453.7513163,170040,19,LR,0.00010554024673218806
1788192468.871114,170080,19,Loss/l_ce,0.06688547134399414
1788192468.871438,170080,19,Loss/l_total,0.06688547134399414
1788192468.8714678,170080,19,LR,0.00010554024673218806
1788192483.4406884,170120,19,Loss/l_ce,0.035419464111328125
1788192483.4408915,170120,19,Loss/l_total,0.035419464111328125
1788192483.4409163,170120,19,LR,0.00010554024673218806
1788192497.9115024,170160,19,Loss/l_ce,0.05555295944213867
1788192497.9118085,170160,19,Loss/l_total,0.05555295944213867
1788192497.9118323,170160,19,LR,0.00010554024673218806
1788192512.514557,170200,19,Loss/l_ce,0.1301882266998291
1788192512.5147693,170200,19,Loss/l_total,0.1301882266998291
1788192512.5147946,170200,19,LR,0.00010554024673218806
1788192526.914398,170240,19,Loss/l_ce,0.1016073226928711
1788192526.9146113,170240,19,Loss/l_total,0.1016073226928711
1788192526.9146352,170240,19,LR,0.00010554024673218806
1788192541.5114934,170280,19,Loss/l_ce,0.01615762710571289
1788192541.511669,170280,19,Loss/l_total,0.01615762710571289
1788192541.5116928,170280,19,LR,0.00010554024673218806
1788192555.8004503,170320,19,Loss/l_ce,0.017782211303710938
1788192555.8006165,170320,19,Loss/l_total,0.017782211303710938
1788192555.800644,170320,19,LR,0.00010554024673218806
1788192570.195252,170360,19,Loss/l_ce,0.023474693298339844
1788192570.1954193,170360,19,Loss/l_total,0.023474693298339844
1788192570.1954432,170360,19,LR,0.00010554024673218806
1788192584.658105,170400,19,Loss/l_ce,0.07057857513427734
1788192584.658284,170400,19,Loss/l_total,0.07057857513427734
1788192584.6583052,170400,19,LR,0.00010554024673218806
1788192599.2670884,170440,19,Loss/l_ce,0.03283262252807617
1788192599.267269,170440,19,Loss/l_total,0.03283262252807617
1788192599.267295,170440,19,LR,0.00010554024673218806
1788192613.8360138,170480,19,Loss/l_ce,0.07865691184997559
1788192613.8362942,170480,19,Loss/l_total,0.07865691184997559
1788192613.8363202,170480,19,LR,0.00010554024673218806
1788192628.4291387,170520,19,Loss/l_ce,0.03299379348754883
1788192628.4293072,170520,19,Loss/l_total,0.03299379348754883
1788192628.4293299,170520,19,LR,0.00010554024673218806
1788192643.3198054,170560,19,Loss/l_ce,0.08035922050476074
1788192643.3201568,170560,19,Loss/l_total,0.08035922050476074
1788192643.320184,170560,19,LR,0.00010554024673218806
1788192658.0225923,170600,19,Loss/l_ce,0.0986928939819336
1788192658.022863,170600,19,Loss/l_total,0.0986928939819336
1788192658.0228877,170600,19,LR,0.00010554024673218806
1788192672.6443436,170640,19,Loss/l_ce,0.022001028060913086
1788192672.6445608,170640,19,Loss/l_total,0.022001028060913086
1788192672.644586,170640,19,LR,0.00010554024673218806
1788192687.4482238,170680,19,Loss/l_ce,0.041872501373291016
1788192687.448486,170680,19,Loss/l_total,0.041872501373291016
1788192687.4485133,170680,19,LR,0.00010554024673218806
1788192702.1511729,170720,19,Loss/l_ce,0.013350725173950195
1788192702.1514685,170720,19,Loss/l_total,0.013350725173950195
1788192702.151496,170720,19,LR,0.00010554024673218806
1788192716.6944346,170760,19,Loss/l_ce,0.02491307258605957
1788192716.6946638,170760,19,Loss/l_total,0.02491307258605957
1788192716.6946864,170760,19,LR,0.00010554024673218806
1788192731.2215278,170800,19,Loss/l_ce,0.09742522239685059
1788192731.2217793,170800,19,Loss/l_total,0.09742522239685059
1788192731.2218056,170800,19,LR,0.00010554024673218806
1788192745.5376527,170840,19,Loss/l_ce,0.01750349998474121
1788192745.5378737,170840,19,Loss/l_total,0.01750349998474121
1788192745.5378985,170840,19,LR,0.00010554024673218806
1788192759.9691792,170880,19,Loss/l_ce,0.018732786178588867
1788192759.9694996,170880,19,Loss/l_total,0.018732786178588867
1788192759.9695284,170880,19,LR,0.00010554024673218806
1788192774.3629663,170920,19,Loss/l_ce,0.017789840698242188
1788192774.3632987,170920,19,Loss/l_total,0.017789840698242188
1788192774.3633273,170920,19,LR,0.00010554024673218806
1788192788.9173965,170960,19,Loss/l_ce,0.012969732284545898
1788192788.9177003,170960,19,Loss/l_total,0.012969732284545898
1788192788.9177241,170960,19,LR,0.00010554024673218806
1788192803.3005974,171000,19,Loss/l_ce,0.07570767402648926
1788192803.3008623,171000,19,Loss/l_total,0.07570767402648926
1788192803.300886,171000,19,LR,0.00010554024673218806
1788192817.5501983,171040,19,Loss/l_ce,0.002959728240966797
1788192817.5503585,171040,19,Loss/l_total,0.002959728240966797
1788192817.550386,171040,19,LR,0.00010554024673218806
1788192831.8899539,171080,19,Loss/l_ce,0.018085956573486328
1788192831.8902266,171080,19,Loss/l_total,0.018085956573486328
1788192831.8902576,171080,19,LR,0.00010554024673218806
1788192846.329107,171120,19,Loss/l_ce,0.04543328285217285
1788192846.329378,171120,19,Loss/l_total,0.04543328285217285
1788192846.3294015,171120,19,LR,0.00010554024673218806
1788192860.902528,171160,19,Loss/l_ce,0.08272361755371094
1788192860.9027,171160,19,Loss/l_total,0.08272361755371094
1788192860.9027238,171160,19,LR,0.00010554024673218806
1788192875.439988,171200,19,Loss/l_ce,0.0652163028717041
1788192875.4401922,171200,19,Loss/l_total,0.0652163028717041
1788192875.440217,171200,19,LR,0.00010554024673218806
1788192889.8349347,171240,19,Loss/l_ce,0.035421133041381836
1788192889.8351293,171240,19,Loss/l_total,0.035421133041381836
1788192889.835153,171240,19,LR,0.00010554024673218806
1788192904.415808,171280,19,Loss/l_ce,0.016730308532714844
1788192904.416023,171280,19,Loss/l_total,0.016730308532714844
1788192904.4160717,171280,19,LR,0.00010554024673218806
1788192919.3176417,171320,19,Loss/l_ce,0.12268257141113281
1788192919.3179219,171320,19,Loss/l_total,0.12268257141113281
1788192919.317947,171320,19,LR,0.00010554024673218806
1788192934.1114051,171360,19,Loss/l_ce,0.02604198455810547
1788192934.1117187,171360,19,Loss/l_total,0.02604198455810547
1788192934.1117449,171360,19,LR,0.00010554024673218806
1788192948.6449707,171400,19,Loss/l_ce,0.02012014389038086
1788192948.6452556,171400,19,Loss/l_total,0.02012014389038086
1788192948.6452806,171400,19,LR,0.00010554024673218806
1788192963.6467211,171440,19,Loss/l_ce,0.017319202423095703
1788192963.6470046,171440,19,Loss/l_total,0.017319202423095703
1788192963.64707,171440,19,LR,0.00010554024673218806
1788192978.4395132,171480,19,Loss/l_ce,0.02382063865661621
1788192978.4397173,171480,19,Loss/l_total,0.02382063865661621
1788192978.4397411,171480,19,LR,0.00010554024673218806
1788192993.1881263,171520,19,Loss/l_ce,0.09571123123168945
1788192993.188399,171520,19,Loss/l_total,0.09571123123168945
1788192993.1884253,171520,19,LR,0.00010554024673218806
1788193008.111079,171560,19,Loss/l_ce,0.017250776290893555
1788193008.1113462,171560,19,Loss/l_total,0.017250776290893555
1788193008.11137,171560,19,LR,0.00010554024673218806
1788193023.00311,171600,19,Loss/l_ce,0.015761375427246094
1788193023.003319,171600,19,Loss/l_total,0.015761375427246094
1788193023.0033453,171600,19,LR,0.00010554024673218806
1788193037.6826487,171640,19,Loss/l_ce,0.057666778564453125
1788193037.6829512,171640,19,Loss/l_total,0.057666778564453125
1788193037.6829772,171640,19,LR,0.00010554024673218806
1788193052.5721123,171680,19,Loss/l_ce,0.0677497386932373
1788193052.5723689,171680,19,Loss/l_total,0.0677497386932373
1788193052.5723927,171680,19,LR,0.00010554024673218806
1788193067.4619942,171720,19,Loss/l_ce,0.014107704162597656
1788193067.4622295,171720,19,Loss/l_total,0.014107704162597656
1788193067.4622557,171720,19,LR,0.00010554024673218806
1788193082.4174812,171760,19,Loss/l_ce,0.016721010208129883
1788193082.4176643,171760,19,Loss/l_total,0.016721010208129883
1788193082.4176867,171760,19,LR,0.00010554024673218806
1788193096.850181,171800,19,Loss/l_ce,0.07740640640258789
1788193096.8504746,171800,19,Loss/l_total,0.07740640640258789
1788193096.850505,171800,19,LR,0.00010554024673218806
1788193111.8917863,171840,19,Loss/l_ce,0.0919504165649414
1788193111.8919654,171840,19,Loss/l_total,0.0919504165649414
1788193111.8919892,171840,19,LR,0.00010554024673218806
1788193126.9091737,171880,19,Loss/l_ce,0.09129977226257324
1788193126.9093792,171880,19,Loss/l_total,0.09129977226257324
1788193126.9094005,171880,19,LR,0.00010554024673218806
1788193141.4894972,171920,19,Loss/l_ce,0.0314333438873291
1788193141.4896798,171920,19,Loss/l_total,0.0314333438873291
1788193141.4897072,171920,19,LR,0.00010554024673218806
1788193156.4553657,171960,19,Loss/l_ce,0.03532099723815918
1788193156.4555342,171960,19,Loss/l_total,0.03532099723815918
1788193156.4555593,171960,19,LR,0.00010554024673218806
1788193171.2541926,172000,19,Loss/l_ce,0.050069332122802734
1788193171.254367,172000,19,Loss/l_total,0.050069332122802734
1788193171.2543898,172000,19,LR,0.00010554024673218806
1788193186.0872347,172040,19,Loss/l_ce,0.06728649139404297
1788193186.087433,172040,19,Loss/l_total,0.06728649139404297
1788193186.0874546,172040,19,LR,0.00010554024673218806
1788193200.3983617,172080,19,Loss/l_ce,0.024808406829833984
1788193200.3986726,172080,19,Loss/l_total,0.024808406829833984
1788193200.3986976,172080,19,LR,0.00010554024673218806
1788193215.206611,172120,19,Loss/l_ce,0.0160675048828125
1788193215.2068555,172120,19,Loss/l_total,0.0160675048828125
1788193215.2068803,172120,19,LR,0.00010554024673218806
1788193229.9198897,172160,19,Loss/l_ce,0.01636219024658203
1788193229.9202566,172160,19,Loss/l_total,0.01636219024658203
1788193229.9202826,172160,19,LR,0.00010554024673218806
1788193244.6953516,172200,19,Loss/l_ce,0.02819204330444336
1788193244.6955237,172200,19,Loss/l_total,0.02819204330444336
1788193244.6955464,172200,19,LR,0.00010554024673218806
1788193259.6105452,172240,19,Loss/l_ce,0.0785665512084961
1788193259.6108444,172240,19,Loss/l_total,0.0785665512084961
1788193259.610868,172240,19,LR,0.00010554024673218806
1788193274.4262612,172280,19,Loss/l_ce,0.013484001159667969
1788193274.426482,172280,19,Loss/l_total,0.013484001159667969
1788193274.426507,172280,19,LR,0.00010554024673218806
1788193289.426105,172320,19,Loss/l_ce,0.032312870025634766
1788193289.4262714,172320,19,Loss/l_total,0.032312870025634766
1788193289.4262962,172320,19,LR,0.00010554024673218806
1788193303.9881818,172360,19,Loss/l_ce,0.021012306213378906
1788193303.9885094,172360,19,Loss/l_total,0.021012306213378906
1788193303.9885416,172360,19,LR,0.00010554024673218806
1788193318.8270228,172400,19,Loss/l_ce,0.041275739669799805
1788193318.827303,172400,19,Loss/l_total,0.041275739669799805
1788193318.827336,172400,19,LR,0.00010554024673218806
1788193333.6641836,172440,19,Loss/l_ce,0.09275698661804199
1788193333.6643581,172440,19,Loss/l_total,0.09275698661804199
1788193333.6643832,172440,19,LR,0.00010554024673218806
1788193348.3034225,172480,19,Loss/l_ce,0.025876998901367188
1788193348.3037004,172480,19,Loss/l_total,0.025876998901367188
1788193348.3037252,172480,19,LR,0.00010554024673218806
1788193363.2204313,172520,19,Loss/l_ce,0.017724037170410156
1788193363.2207685,172520,19,Loss/l_total,0.017724037170410156
1788193363.2207947,172520,19,LR,0.00010554024673218806
1788193377.8377445,172560,19,Loss/l_ce,0.018162012100219727
1788193377.8379047,172560,19,Loss/l_total,0.018162012100219727
1788193377.837927,172560,19,LR,0.00010554024673218806
1788193392.5517318,172600,19,Loss/l_ce,0.0678253173828125
1788193392.55198,172600,19,Loss/l_total,0.0678253173828125
1788193392.5520072,172600,19,LR,0.00010554024673218806
1788193407.340355,172640,19,Loss/l_ce,0.008497953414916992
1788193407.3405223,172640,19,Loss/l_total,0.008497953414916992
1788193407.3405507,172640,19,LR,0.00010554024673218806
1788193422.2345507,172680,19,Loss/l_ce,0.11069679260253906
1788193422.2347407,172680,19,Loss/l_total,0.11069679260253906
1788193422.2347631,172680,19,LR,0.00010554024673218806
1788193437.1170082,172720,19,Loss/l_ce,0.018097400665283203
1788193437.1173038,172720,19,Loss/l_total,0.018097400665283203
1788193437.1173286,172720,19,LR,0.00010554024673218806
1788193451.7881982,172760,19,Loss/l_ce,0.1305069923400879
1788193451.7884426,172760,19,Loss/l_total,0.1305069923400879
1788193451.788488,172760,19,LR,0.00010554024673218806
1788193468.1996446,172800,19,Loss/l_ce,0.01439046859741211
1788193468.1999264,172800,19,Loss/l_total,0.01439046859741211
1788193468.1999524,172800,19,LR,0.00010554024673218806
1788193483.067707,172840,19,Loss/l_ce,0.012375116348266602
1788193483.067928,172840,19,Loss/l_total,0.012375116348266602
1788193483.0679505,172840,19,LR,0.00010554024673218806
1788193497.777596,172880,19,Loss/l_ce,0.05949068069458008
1788193497.77783,172880,19,Loss/l_total,0.05949068069458008
1788193497.7778547,172880,19,LR,0.00010554024673218806
1788193514.2966743,172920,19,Loss/l_ce,0.02181386947631836
1788193514.2969332,172920,19,Loss/l_total,0.02181386947631836
1788193514.2969642,172920,19,LR,0.00010554024673218806
1788193534.4557502,172960,19,Loss/l_ce,0.0269014835357666
1788193534.4560614,172960,19,Loss/l_total,0.0269014835357666
1788193534.4561327,172960,19,LR,0.00010554024673218806
1788193554.7207043,173000,19,Loss/l_ce,0.03465414047241211
1788193554.720968,173000,19,Loss/l_total,0.03465414047241211
1788193554.721006,173000,19,LR,0.00010554024673218806
1788193575.1070771,173040,19,Loss/l_ce,0.014420032501220703
1788193575.1072516,173040,19,Loss/l_total,0.014420032501220703
1788193575.1072752,173040,19,LR,0.00010554024673218806
1788193595.1002533,173080,19,Loss/l_ce,0.07904410362243652
1788193595.1004317,173080,19,Loss/l_total,0.07904410362243652
1788193595.1004565,173080,19,LR,0.00010554024673218806
1788193614.3704534,173120,19,Loss/l_ce,0.014072656631469727
1788193614.3707347,173120,19,Loss/l_total,0.014072656631469727
1788193614.3707583,173120,19,LR,0.00010554024673218806
1788193633.8487308,173160,19,Loss/l_ce,0.09056425094604492
1788193633.8489554,173160,19,Loss/l_total,0.09056425094604492
1788193633.8489826,173160,19,LR,0.00010554024673218806
1788193653.8879838,173200,19,Loss/l_ce,0.031033992767333984
1788193653.8882792,173200,19,Loss/l_total,0.031033992767333984
1788193653.8883116,173200,19,LR,0.00010554024673218806
1788193674.2260597,173240,19,Loss/l_ce,0.017661571502685547
1788193674.226245,173240,19,Loss/l_total,0.017661571502685547
1788193674.2262745,173240,19,LR,0.00010554024673218806
1788193692.6160848,173280,19,Loss/l_ce,0.09984087944030762
1788193692.616454,173280,19,Loss/l_total,0.09984087944030762
1788193692.6165051,173280,19,LR,0.00010554024673218806
1788193712.3326595,173320,19,Loss/l_ce,0.08363461494445801
1788193712.3328981,173320,19,Loss/l_total,0.08363461494445801
1788193712.3329277,173320,19,LR,0.00010554024673218806
1788193732.5347438,173360,19,Loss/l_ce,0.021440982818603516
1788193732.5350738,173360,19,Loss/l_total,0.021440982818603516
1788193732.5351188,173360,19,LR,0.00010554024673218806
1788193752.8046284,173400,19,Loss/l_ce,0.05212998390197754
1788193752.8048494,173400,19,Loss/l_total,0.05212998390197754
1788193752.8048778,173400,19,LR,0.00010554024673218806
1788193773.1825547,173440,19,Loss/l_ce,0.01919698715209961
1788193773.1828089,173440,19,Loss/l_total,0.01919698715209961
1788193773.1828313,173440,19,LR,0.00010554024673218806
1788193793.8165731,173480,19,Loss/l_ce,0.04252910614013672
1788193793.8169496,173480,19,Loss/l_total,0.04252910614013672
1788193793.8169851,173480,19,LR,0.00010554024673218806
1788193814.2194693,173520,19,Loss/l_ce,0.0029489994049072266
1788193814.2197435,173520,19,Loss/l_total,0.0029489994049072266
1788193814.2197804,173520,19,LR,0.00010554024673218806
1788193834.8621716,173560,19,Loss/l_ce,0.0172879695892334
1788193834.8649628,173560,19,Loss/l_total,0.0172879695892334
1788193834.8661847,173560,19,LR,0.00010554024673218806
1788193855.270344,173600,19,Loss/l_ce,0.01561594009399414
1788193855.2705896,173600,19,Loss/l_total,0.01561594009399414
1788193855.2706134,173600,19,LR,0.00010554024673218806
1788193874.0925336,173640,19,Loss/l_ce,0.13579440116882324
1788193874.092733,173640,19,Loss/l_total,0.13579440116882324
1788193874.0927613,173640,19,LR,0.00010554024673218806
1788193893.8351429,173680,19,Loss/l_ce,0.04957151412963867
1788193893.8353922,173680,19,Loss/l_total,0.04957151412963867
1788193893.83544,173680,19,LR,0.00010554024673218806
1788193914.2596004,173720,19,Loss/l_ce,0.005754947662353516
1788193914.2598736,173720,19,Loss/l_total,0.005754947662353516
1788193914.2599041,173720,19,LR,0.00010554024673218806
1788193934.3043005,173760,19,Loss/l_ce,0.037529706954956055
1788193934.3045154,173760,19,Loss/l_total,0.037529706954956055
1788193934.3045378,173760,19,LR,0.00010554024673218806
1788193954.479718,173800,19,Loss/l_ce,0.03640604019165039
1788193954.479915,173800,19,Loss/l_total,0.03640604019165039
1788193954.4799411,173800,19,LR,0.00010554024673218806
1788193977.3679938,173840,19,Loss/l_ce,0.03349041938781738
1788193977.3683336,173840,19,Loss/l_total,0.03349041938781738
1788193977.3683634,173840,19,LR,0.00010554024673218806
1788193998.2969577,173880,19,Loss/l_ce,0.01375579833984375
1788193998.2972782,173880,19,Loss/l_total,0.01375579833984375
1788193998.2973053,173880,19,LR,0.00010554024673218806
1788194019.7938397,173920,19,Loss/l_ce,0.03887534141540527
1788194019.794102,173920,19,Loss/l_total,0.03887534141540527
1788194019.7941353,173920,19,LR,0.00010554024673218806
1788194040.6919706,173960,19,Loss/l_ce,0.01846027374267578
1788194040.6921628,173960,19,Loss/l_total,0.01846027374267578
1788194040.6921854,173960,19,LR,0.00010554024673218806
1788194061.4164011,174000,19,Loss/l_ce,0.06632041931152344
1788194061.4166102,174000,19,Loss/l_total,0.06632041931152344
1788194061.416633,174000,19,LR,0.00010554024673218806
1788194078.8532994,174040,19,Loss/l_ce,0.016174793243408203
1788194078.8536294,174040,19,Loss/l_total,0.016174793243408203
1788194078.8536532,174040,19,LR,0.00010554024673218806
1788194131.2721434,174040,19,Val/dense_error,0.02873522974550724
1788194131.2725637,174040,19,Val/auc,0.7406858918931107
1788194131.2725992,174040,19,Val/pck_max,0.1
1788194131.2726681,174040,19,Val/pck_n,100.0
