{
  "name": "faust_matrix_diffusion_gcn_512_FMD",
  "checkpoint": "/data2/home/jrr25/Documents/shape-match-diffusion/experiments/faust_matrix_diffusion_gcn_512_FMD/models/final.pth",
  "fps_metric": "geodesic",
  "n_pairs": 380,
  "flip_thresh": 0.2,
  "default_lm_weight": 5.0,
  "weights": [
    0.0,
    0.5,
    1.0,
    2.0,
    5.0,
    10.0,
    20.0,
    50.0
  ],
  "model_landmarks": {
    "0.0": {
      "mean": 0.3109908998012543,
      "flip_rate": 0.45863631578947367
    },
    "0.5": {
      "mean": 0.01599392294883728,
      "flip_rate": 0.0012336842105263159
    },
    "1.0": {
      "mean": 0.0161304734647274,
      "flip_rate": 0.0012884210526315789
    },
    "2.0": {
      "mean": 0.016225693747401237,
      "flip_rate": 0.0013173684210526315
    },
    "5.0": {
      "mean": 0.016305871307849884,
      "flip_rate": 0.0013242105263157895
    },
    "10.0": {
      "mean": 0.016363782808184624,
      "flip_rate": 0.0013373684210526316
    },
    "20.0": {
      "mean": 0.016398172825574875,
      "flip_rate": 0.0013421052631578947
    },
    "50.0": {
      "mean": 0.016425468027591705,
      "flip_rate": 0.0013505263157894737
    }
  },
  "gt_landmarks": {
    "0.0": {
      "mean": 0.3109908998012543,
      "flip_rate": 0.45863631578947367
    },
    "0.5": {
      "mean": 0.01242416724562645,
      "flip_rate": 0.0009442105263157895
    },
    "1.0": {
      "mean": 0.012407499365508556,
      "flip_rate": 0.0009436842105263158
    },
    "2.0": {
      "mean": 0.012398992665112019,
      "flip_rate": 0.0009436842105263158
    },
    "5.0": {
      "mean": 0.012396934442222118,
      "flip_rate": 0.0009431578947368421
    },
    "10.0": {
      "mean": 0.012398606166243553,
      "flip_rate": 0.0009431578947368421
    },
    "20.0": {
      "mean": 0.01239896472543478,
      "flip_rate": 0.0009431578947368421
    },
    "50.0": {
      "mean": 0.012398428283631802,
      "flip_rate": 0.0009431578947368421
    }
  }
}