{
  "name": "faust_matrix_diffusion_gcn_512_FMD",
  "checkpoint": "/data2/home/jrr25/Documents/shape-match-diffusion/experiments/faust_matrix_diffusion_gcn_512_FMD/models/final.pth",
  "fps_metric": "euclidean",
  "n_pairs": 380,
  "flip_thresh": 0.2,
  "acc_tol": 0.05,
  "independent_sparse": {
    "avg_error": 0.06790395081043243,
    "acc_at_tol": 0.8585526315789473,
    "flip_rate": 0.06832853618421053,
    "gross_gt_0.1": 0.08008840460526316
  },
  "bijective_reference": {
    "sparse_acc": 0.9627724095394737,
    "sparse_avg_error": 0.004623861517757177
  }
}