{
  "name": "faust_diffusionnet_512_FMD",
  "checkpoint": "experiments/scape_diffusionnet_512_FMD/models/final.pth",
  "n_pairs": 380,
  "fps_metric": "euclidean",
  "feat_source": "diffnet",
  "nn_baseline": {
    "dense_MGE": 0.019004404544830322,
    "median": 0.016829291358590126,
    "p90": 0.03704172000288963,
    "gross_gt_0.1": 0.005248947368421053
  },
  "diffusion": {
    "dense_MGE": 0.020037980750203133,
    "median": 0.01719227060675621,
    "p90": 0.03882871940732002,
    "gross_gt_0.1": 0.006278947368421052
  },
  "delta_MGE_nn_minus_diffusion": -0.0010335762053728104
}