{
  "dataset": "SMAL_r",
  "dataset_opts": {
    "name": "Smal_r",
    "type": "PairSmalDataset",
    "phase": "test",
    "ret_evecs": true
  },
  "num_pairs": 400,
  "num_correspondences": 1477820,
  "pck_max": 0.25,
  "pck_n": 100,
  "mge": 0.07471644133329391,
  "auc": 0.795047178419646,
  "geodesic_distortion_sum": 2786549.785855263,
  "geodesic_distortion_mean": 0.10251193367140858,
  "dirichlet_energy": 38.487923915135234
}