{
  "name": "runA_patch64_geo",
  "checkpoint": "/data2/home/jrr25/Documents/shape-match-diffusion/experiments/runA_patch64_geo/models/final.pth",
  "n_pairs": 8,
  "n_samples": 8,
  "t_bins": 10,
  "t_repeats": 16,
  "divergence_mean": 0.04521833147321429,
  "divergence_median": 0.04729352678571429,
  "divergence_max": 0.06431361607142858,
  "slope_mean": 0.02383468099754724,
  "per_pair": [
    {
      "pair": 0,
      "trajectory_divergence": 0.013811383928571428,
      "loss_t_slope": 0.0005584697473261034,
      "loss_vs_t": {
        "0.05": 2.684816224896025e-08,
        "0.15": 8.83300493859096e-09,
        "0.25": 5.995385896073735e-09,
        "0.35": 1.5803357122923245e-08,
        "0.45": 2.8958303290027576e-09,
        "0.55": 1.4464571485017785e-08,
        "0.65": 1.9218823632538573e-07,
        "0.75": 2.29757091751992e-05,
        "0.85": 0.0005905563120904844,
        "0.95": 0.0021786704382975586
      }
    },
    {
      "pair": 54,
      "trajectory_divergence": 0.061244419642857144,
      "loss_t_slope": 0.015798963523699572,
      "loss_vs_t": {
        "0.05": 1.447914405039441e-08,
        "0.15": 1.0288196294894192e-08,
        "0.25": 1.6516387590925774e-08,
        "0.35": 3.0864474309666434e-08,
        "0.45": 3.7064666592812046e-05,
        "0.55": 1.5469752486119148e-05,
        "0.65": 0.0001421168622357527,
        "0.75": 0.003497570802210248,
        "0.85": 0.01626395598577801,
        "0.95": 0.059112841030582786
      }
    },
    {
      "pair": 108,
      "trajectory_divergence": 0.04408482142857143,
      "loss_t_slope": 0.011965773989251827,
      "loss_vs_t": {
        "0.05": 2.5858644780996087e-08,
        "0.15": 8.377344151710986e-08,
        "0.25": 1.3493444162016033e-07,
        "0.35": 2.437702024682409e-07,
        "0.45": 1.9439446131697125e-06,
        "0.55": 4.529563777166956e-06,
        "0.65": 5.751371975293296e-05,
        "0.75": 0.0001621665147126805,
        "0.85": 0.008622472545539495,
        "0.95": 0.050984619883820415
      }
    },
    {
      "pair": 162,
      "trajectory_divergence": 0.044224330357142856,
      "loss_t_slope": 0.04837427347632913,
      "loss_vs_t": {
        "0.05": 1.5323157187552283e-08,
        "0.15": 1.5177628265305998e-08,
        "0.25": 2.616421013179604e-08,
        "0.35": 1.2198024335052793e-07,
        "0.45": 1.5048600784939303e-07,
        "0.55": 3.192674458141198e-08,
        "0.65": 1.739746813300691e-05,
        "0.75": 0.0031849170732130005,
        "0.85": 0.047500459710136056,
        "0.95": 0.19116889033466578
      }
    },
    {
      "pair": 217,
      "trajectory_divergence": 0.05036272321428571,
      "loss_t_slope": 0.05635285157227668,
      "loss_vs_t": {
        "0.05": 2.597514336954987e-08,
        "0.15": 2.027080375777146e-08,
        "0.25": 1.7811515456989113e-08,
        "0.35": 4.31898310448986e-08,
        "0.45": 4.154766227171258e-07,
        "0.55": 1.2818098388378552e-05,
        "0.65": 0.0001267601028906995,
        "0.75": 0.008743448990571778,
        "0.85": 0.06246721057686955,
        "0.95": 0.21041454281657934
      }
    },
    {
      "pair": 271,
      "trajectory_divergence": 0.030133928571428572,
      "loss_t_slope": 0.016177025885574715,
      "loss_vs_t": {
        "0.05": 6.0244919053431545e-09,
        "0.15": 5.3551038603494305e-09,
        "0.25": 5.005857894868626e-09,
        "0.35": 1.4362723260719079e-08,
        "0.45": 9.997155853147532e-09,
        "0.55": 5.244356798828065e-08,
        "0.65": 6.279207291903788e-07,
        "0.75": 0.00027503903731940227,
        "0.85": 0.013697652801056392,
        "0.95": 0.06691179797053337
      }
    },
    {
      "pair": 325,
      "trajectory_divergence": 0.05357142857142857,
      "loss_t_slope": 0.032748558387838224,
      "loss_vs_t": {
        "0.05": 2.147859601286939e-08,
        "0.15": 2.239534274695032e-08,
        "0.25": 4.1734646405444664e-08,
        "0.35": 5.727605167926697e-08,
        "0.45": 1.4455795394496818e-05,
        "0.55": 2.8095437327513295e-05,
        "0.65": 0.0019149499221953192,
        "0.75": 0.015953056727084913,
        "0.85": 0.04467043234035373,
        "0.95": 0.10119085619226098
      }
    },
    {
      "pair": 379,
      "trajectory_divergence": 0.06431361607142858,
      "loss_t_slope": 0.008701531398081669,
      "loss_vs_t": {
        "0.05": 1.8189862061035456e-08,
        "0.15": 1.3213128868816426e-08,
        "0.25": 9.400527106739887e-09,
        "0.35": 2.1813261585901245e-08,
        "0.45": 4.707482964549925e-08,
        "0.55": 3.79945569450868e-08,
        "0.65": 1.0219947798373319e-05,
        "0.75": 0.00017952162174594832,
        "0.85": 0.00237010361161083,
        "0.95": 0.040947883506305516
      }
    }
  ]
}