{
  "name": "faust_matrix_diffusion_v2",
  "checkpoint": "/Users/james/Documents/Imperial/ShapeMatching/Code/Ideas/diffusion-transformer/experiments/faust_matrix_diffusion_v2/models/final.pth",
  "num_pairs": 30,
  "samples_per_pair": 16,
  "steps": 50,
  "endpoint_divergence": 0.01895724826388889,
  "per_point_entropy_nats": 0.03143390077726211,
  "per_point_entropy_norm": 0.011337383191787948,
  "mean_error": 0.0017904956222385712,
  "best_of_k_error": 0.00038878477741188057,
  "worst_of_k_error": 0.004134339276545992,
  "per_step_t": [
    1.0,
    0.9800000190734863,
    0.9599999785423279,
    0.9399999976158142,
    0.9200000166893005,
    0.8999999761581421,
    0.8799999952316284,
    0.8600000143051147,
    0.8400000333786011,
    0.8199999928474426,
    0.800000011920929,
    0.7800000309944153,
    0.7599999904632568,
    0.7400000095367432,
    0.7200000286102295,
    0.699999988079071,
    0.6800000071525574,
    0.6600000262260437,
    0.6399999856948853,
    0.6200000047683716,
    0.6000000238418579,
    0.5799999833106995,
    0.5600000023841858,
    0.5400000214576721,
    0.5199999809265137,
    0.5,
    0.47999998927116394,
    0.4599999785423279,
    0.4399999976158142,
    0.41999998688697815,
    0.3999999761581421,
    0.3799999952316284,
    0.35999998450279236,
    0.3400000035762787,
    0.3199999928474426,
    0.29999998211860657,
    0.2800000011920929,
    0.25999999046325684,
    0.23999999463558197,
    0.2199999988079071,
    0.19999998807907104,
    0.17999999225139618,
    0.1599999964237213,
    0.14000000059604645,
    0.11999999731779099,
    0.09999999403953552,
    0.07999999821186066,
    0.05999999865889549,
    0.03999999910593033,
    0.019999999552965164
  ],
  "per_step_divergence_mean": [
    0.002454427083333333,
    0.004411892361111111,
    0.016063368055555558,
    0.024945746527777774,
    0.027798394097222224,
    0.026795789930555557,
    0.025672743055555558,
    0.022989366319444444,
    0.021525607638888892,
    0.020366753472222224,
    0.019135199652777782,
    0.01852973090277778,
    0.018597005208333336,
    0.018128255208333336,
    0.017296006944444445,
    0.017770182291666665,
    0.017529296875000003,
    0.01749457465277778,
    0.01745008680555556,
    0.017264539930555555,
    0.017022569444444448,
    0.016987847222222227,
    0.01709526909722223,
    0.01711805555555556,
    0.016992187500000002,
    0.01710394965277778,
    0.017043185763888895,
    0.01703233506944445,
    0.01705946180555556,
    0.017042100694444447,
    0.016967230902777783,
    0.016956380208333337,
    0.01703233506944445,
    0.017046440972222226,
    0.017067057291666674,
    0.017056206597222227,
    0.017065972222222225,
    0.01700846354166667,
    0.016991102430555557,
    0.017036675347222228,
    0.017055121527777783,
    0.017007378472222223,
    0.01695203993055556,
    0.01696397569444445,
    0.01697699652777778,
    0.01699435763888889,
    0.016968315972222224,
    0.016950954861111114,
    0.01694010416666667,
    0.016943359375000005
  ],
  "per_step_divergence_std": [
    0.003761013482644072,
    0.004992756247005162,
    0.013177609059720966,
    0.01870025503652423,
    0.02137726067203786,
    0.02011107134946823,
    0.019414124237029852,
    0.01761754454143661,
    0.017167706498878308,
    0.015896997636809157,
    0.014770027494565735,
    0.014101342286626215,
    0.014589634457437994,
    0.0143994128666791,
    0.01365778077807126,
    0.014324557370319273,
    0.013760908917768436,
    0.013806071624218414,
    0.013743577820972686,
    0.013588167822383453,
    0.013428142574112494,
    0.013419235218806735,
    0.013562348268954406,
    0.013547927148325546,
    0.013457337291747896,
    0.013430488020823434,
    0.013422759056513491,
    0.013419571996561824,
    0.01343607875022753,
    0.013410272429926422,
    0.01325682060619481,
    0.013245808570883736,
    0.013330295225445725,
    0.013441554554969709,
    0.013470664485963063,
    0.013310438960262207,
    0.0133184172943962,
    0.013305173781264059,
    0.01335017910588178,
    0.013468981874253329,
    0.013483938254920542,
    0.013391374075091028,
    0.013264276122720239,
    0.01329892575627965,
    0.013394451816535187,
    0.013423493867807152,
    0.013372008428699003,
    0.013352727912908655,
    0.013313891223214224,
    0.01331406406268158
  ]
}