{
  "name": "runB_patch48_euc",
  "checkpoint": "/data2/home/jrr25/Documents/shape-match-diffusion/experiments/runB_patch48_euc/models/final.pth",
  "fps_metric": "geodesic",
  "n_pairs": 380,
  "flip_thresh": 0.2,
  "acc_tol": 0.05,
  "independent_sparse": {
    "avg_error": 0.16924886405467987,
    "acc_at_tol": 0.6669767680921053,
    "flip_rate": 0.24188425164473684,
    "gross_gt_0.1": 0.2781198601973684
  },
  "bijective_reference": {
    "sparse_acc": 0.9448756167763158,
    "sparse_avg_error": 0.006028757430613041
  }
}