{
  "name": "faust_matrix_diffusion_gcn_512_FMD",
  "checkpoint": "/data2/home/jrr25/Documents/shape-match-diffusion/experiments/faust_matrix_diffusion_gcn_512_FMD/models/final.pth",
  "n_pairs": 8,
  "n_samples": 8,
  "t_bins": 10,
  "t_repeats": 16,
  "divergence_mean": 0.047119140625,
  "divergence_median": 0.049700055803571425,
  "divergence_max": 0.08217075892857142,
  "slope_mean": 0.012374460616546998,
  "per_pair": [
    {
      "pair": 0,
      "trajectory_divergence": 0.009207589285714286,
      "loss_t_slope": 0.0008144945561052878,
      "loss_vs_t": {
        "0.05": 2.4359772754500852e-08,
        "0.15": 8.934862474885286e-09,
        "0.25": 7.785251662090209e-09,
        "0.35": 4.802129603687089e-09,
        "0.45": 2.5218414911876152e-08,
        "0.55": 4.0439488147026026e-08,
        "0.65": 3.9342331970004807e-07,
        "0.75": 2.3183874453991393e-05,
        "0.85": 0.00047694260047137504,
        "0.95": 0.0035719835432246327
      }
    },
    {
      "pair": 54,
      "trajectory_divergence": 0.05859375,
      "loss_t_slope": 0.010823001131623544,
      "loss_vs_t": {
        "0.05": 1.3053059355616625e-08,
        "0.15": 6.72298278159289e-09,
        "0.25": 1.2689252204545198e-08,
        "0.35": 2.242443103428471e-08,
        "0.45": 2.307828093073283e-07,
        "0.55": 5.322372009786136e-07,
        "0.65": 2.3614610356048615e-05,
        "0.75": 0.0005222468743113495,
        "0.85": 0.007661067953449674,
        "0.95": 0.04590782965533435
      }
    },
    {
      "pair": 108,
      "trajectory_divergence": 0.027483258928571428,
      "loss_t_slope": 0.003695715378431432,
      "loss_vs_t": {
        "0.05": 3.1723172422282175e-09,
        "0.15": 3.4342508004048256e-09,
        "0.25": 2.080923062336426e-09,
        "0.35": 9.66245011779776e-09,
        "0.45": 1.0395361382808943e-07,
        "0.55": 3.2171440800254913e-07,
        "0.65": 9.742532728340692e-06,
        "0.75": 9.848881664709097e-05,
        "0.85": 0.0015524119044130202,
        "0.95": 0.016817734227515757
      }
    },
    {
      "pair": 162,
      "trajectory_divergence": 0.08217075892857142,
      "loss_t_slope": 0.011224038318547812,
      "loss_vs_t": {
        "0.05": 3.0389877192504855e-07,
        "0.15": 5.685366111229939e-08,
        "0.25": 5.513662870715308e-08,
        "0.35": 2.984268274719426e-07,
        "0.45": 1.053704891340601e-06,
        "0.55": 8.335885290922107e-07,
        "0.65": 3.2462856864867717e-06,
        "0.75": 0.0007261456589731097,
        "0.85": 0.009311270514444914,
        "0.95": 0.04608046356588602
      }
    },
    {
      "pair": 217,
      "trajectory_divergence": 0.06563895089285714,
      "loss_t_slope": 0.016271369119412293,
      "loss_vs_t": {
        "0.05": 7.278807823141165e-08,
        "0.15": 2.703738188891691e-08,
        "0.25": 2.9249232647021728e-08,
        "0.35": 4.160369443395595e-08,
        "0.45": 1.5856831958593887e-07,
        "0.55": 5.606962341087041e-07,
        "0.65": 1.527617650864954e-05,
        "0.75": 0.0009915460304910084,
        "0.85": 0.01036438942537643,
        "0.95": 0.06998540251515806
      }
    },
    {
      "pair": 271,
      "trajectory_divergence": 0.034458705357142856,
      "loss_t_slope": 0.0158013127142827,
      "loss_vs_t": {
        "0.05": 1.6676485525835005e-08,
        "0.15": 1.3955260114162371e-08,
        "0.25": 1.827710605084576e-08,
        "0.35": 7.3923667465169984e-09,
        "0.45": 1.3373197632615685e-08,
        "0.55": 7.508671051592586e-08,
        "0.65": 2.5203352617797492e-05,
        "0.75": 0.0005393059720972815,
        "0.85": 0.00976569959311746,
        "0.95": 0.06867634924128652
      }
    },
    {
      "pair": 325,
      "trajectory_divergence": 0.049107142857142856,
      "loss_t_slope": 0.02739028004159323,
      "loss_vs_t": {
        "0.05": 1.503766720034605e-07,
        "0.15": 5.12370057492717e-08,
        "0.25": 4.825360977456228e-08,
        "0.35": 4.607103476494956e-08,
        "0.45": 1.8544133473241686e-07,
        "0.55": 1.7250678752134263e-07,
        "0.65": 0.0013781711651743578,
        "0.75": 0.009670581127465994,
        "0.85": 0.030489046563161537,
        "0.95": 0.09541391022503376
      }
    },
    {
      "pair": 379,
      "trajectory_divergence": 0.05029296875,
      "loss_t_slope": 0.012975473672379677,
      "loss_vs_t": {
        "0.05": 3.450254082437709e-08,
        "0.15": 6.801546215129406e-08,
        "0.25": 1.202554109624998e-07,
        "0.35": 3.611228081012996e-07,
        "0.45": 8.734865257764568e-07,
        "0.55": 8.501389320514363e-06,
        "0.65": 6.109814174237727e-05,
        "0.75": 0.00040020896358328173,
        "0.85": 0.009914476810081396,
        "0.95": 0.05449454043991864
      }
    }
  ]
}