wall_time,iter,epoch,tag,value
1788130393.652951,40,0,Loss/l_ce,0.23266267776489258
1788130393.6533725,40,0,Loss/l_total,0.23266267776489258
1788130393.6534116,40,0,LR,0.001
1788130420.9855802,80,0,Loss/l_ce,4.257080078125
1788130420.9859188,80,0,Loss/l_total,4.257080078125
1788130420.9859498,80,0,LR,0.001
1788130440.089461,120,0,Loss/l_ce,0.7342004776000977
1788130440.0897484,120,0,Loss/l_total,0.7342004776000977
1788130440.0897746,120,0,LR,0.001
1788130475.6260602,160,0,Loss/l_ce,0.2802410125732422
1788130475.6263618,160,0,Loss/l_total,0.2802410125732422
1788130475.626389,160,0,LR,0.001
1788130495.2316291,200,0,Loss/l_ce,1.633751392364502
1788130495.2319689,200,0,Loss/l_total,1.633751392364502
1788130495.2322574,200,0,LR,0.001
1788130524.1410003,240,0,Loss/l_ce,0.27252984046936035
1788130524.1413112,240,0,Loss/l_total,0.27252984046936035
1788130524.141336,240,0,LR,0.001
1788130551.5511801,280,0,Loss/l_ce,0.25113534927368164
1788130551.5514722,280,0,Loss/l_total,0.25113534927368164
1788130551.551497,280,0,LR,0.001
1788130573.582515,320,0,Loss/l_ce,0.1929912567138672
1788130573.582838,320,0,Loss/l_total,0.1929912567138672
1788130573.5828652,320,0,LR,0.001
1788130611.495948,360,0,Loss/l_ce,0.1877760887145996
1788130611.4962568,360,0,Loss/l_total,0.1877760887145996
1788130611.4962888,360,0,LR,0.001
1788130628.7246592,400,0,Loss/l_ce,0.4722864627838135
1788130628.724974,400,0,Loss/l_total,0.4722864627838135
1788130628.7250035,400,0,LR,0.001
1788130653.5754628,440,0,Loss/l_ce,0.1348552703857422
1788130653.575825,440,0,Loss/l_total,0.1348552703857422
1788130653.5758605,440,0,LR,0.001
1788130676.4094253,480,0,Loss/l_ce,2.6937897205352783
1788130676.4097087,480,0,Loss/l_total,2.6937897205352783
1788130676.4097302,480,0,LR,0.001
1788130700.1073492,520,0,Loss/l_ce,0.7045853137969971
1788130700.1076937,520,0,Loss/l_total,0.7045853137969971
1788130700.1077292,520,0,LR,0.001
1788130718.6500547,560,0,Loss/l_ce,1.7076416015625
1788130718.6503847,560,0,Loss/l_total,1.7076416015625
1788130718.6504166,560,0,LR,0.001
1788130752.315834,600,0,Loss/l_ce,2.2167038917541504
1788130752.3161178,600,0,Loss/l_total,2.2167038917541504
1788130752.3161488,600,0,LR,0.001
1788130773.3983393,640,0,Loss/l_ce,0.03171253204345703
1788130773.39868,640,0,Loss/l_total,0.03171253204345703
1788130773.3987074,640,0,LR,0.001
1788130799.62581,680,0,Loss/l_ce,0.18056178092956543
1788130799.6259904,680,0,Loss/l_total,0.18056178092956543
1788130799.626013,680,0,LR,0.001
1788130827.7918026,720,0,Loss/l_ce,0.1398930549621582
1788130827.792002,720,0,Loss/l_total,0.1398930549621582
1788130827.7920592,720,0,LR,0.001
1788130850.666367,760,0,Loss/l_ce,0.22849106788635254
1788130850.6665971,760,0,Loss/l_total,0.22849106788635254
1788130850.6666257,760,0,LR,0.001
1788130869.225324,800,0,Loss/l_ce,0.2379012107849121
1788130869.2254891,800,0,Loss/l_total,0.2379012107849121
1788130869.225521,800,0,LR,0.001
1788131003.0363102,812,0,Val/dense_error,0.4238929748535156
1788131003.0365858,812,0,Val/auc,0.11800156359168958
1788131003.0366108,812,0,Val/pck_max,0.1
1788131003.0366309,812,0,Val/pck_n,100.0
1788131050.6744373,840,1,Loss/l_ce,1.5060815811157227
1788131050.6748362,840,1,Loss/l_total,1.5060815811157227
1788131050.6748707,840,1,LR,0.0009997779521645793
1788131099.542932,880,1,Loss/l_ce,1.223665714263916
1788131099.5432372,880,1,Loss/l_total,1.223665714263916
1788131099.5432632,880,1,LR,0.0009997779521645793
1788131150.4769902,920,1,Loss/l_ce,0.11714458465576172
1788131150.4772954,920,1,Loss/l_total,0.11714458465576172
1788131150.4773238,920,1,LR,0.0009997779521645793
1788131183.4266353,960,1,Loss/l_ce,0.2254040241241455
1788131183.4268703,960,1,Loss/l_total,0.2254040241241455
1788131183.4268978,960,1,LR,0.0009997779521645793
1788131234.435823,1000,1,Loss/l_ce,911.59814453125
1788131234.4361339,1000,1,Loss/l_total,911.59814453125
1788131234.4361625,1000,1,LR,0.0009997779521645793
1788131257.0951858,1040,1,Loss/l_ce,0.17857074737548828
1788131257.095436,1040,1,Loss/l_total,0.17857074737548828
1788131257.0954611,1040,1,LR,0.0009997779521645793
1788131315.4067223,1080,1,Loss/l_ce,32.634368896484375
1788131315.4069335,1080,1,Loss/l_total,32.634368896484375
1788131315.4069574,1080,1,LR,0.0009997779521645793
1788131362.467218,1120,1,Loss/l_ce,0.9875888824462891
1788131362.4674885,1120,1,Loss/l_total,0.9875888824462891
1788131362.467518,1120,1,LR,0.0009997779521645793
1788131398.5734842,1160,1,Loss/l_ce,0.5039851665496826
1788131398.5737016,1160,1,Loss/l_total,0.5039851665496826
1788131398.5737278,1160,1,LR,0.0009997779521645793
1788131443.964047,1200,1,Loss/l_ce,1.193019151687622
1788131443.964294,1200,1,Loss/l_total,1.193019151687622
1788131443.9643214,1200,1,LR,0.0009997779521645793
1788131488.46995,1240,1,Loss/l_ce,0.5218472480773926
1788131488.4702349,1240,1,Loss/l_total,0.5218472480773926
1788131488.4702682,1240,1,LR,0.0009997779521645793
1788131537.2597666,1280,1,Loss/l_ce,1.2482621669769287
1788131537.265411,1280,1,Loss/l_total,1.2482621669769287
1788131537.2656686,1280,1,LR,0.0009997779521645793
1788131548.3973625,1320,1,Loss/l_ce,0.38895630836486816
1788131548.3976555,1320,1,Loss/l_total,0.38895630836486816
1788131548.39769,1320,1,LR,0.0009997779521645793
1788131559.4982195,1360,1,Loss/l_ce,0.4466075897216797
1788131559.4985151,1360,1,Loss/l_total,0.4466075897216797
1788131559.4985673,1360,1,LR,0.0009997779521645793
1788131570.441835,1400,1,Loss/l_ce,1.3567943572998047
1788131570.4420915,1400,1,Loss/l_total,1.3567943572998047
1788131570.4421234,1400,1,LR,0.0009997779521645793
1788131581.495299,1440,1,Loss/l_ce,0.13555192947387695
1788131581.495538,1440,1,Loss/l_total,0.13555192947387695
1788131581.495564,1440,1,LR,0.0009997779521645793
1788131592.125091,1480,1,Loss/l_ce,0.8078391551971436
1788131592.125389,1480,1,Loss/l_total,0.8078391551971436
1788131592.1254272,1480,1,LR,0.0009997779521645793
1788131602.4007673,1520,1,Loss/l_ce,0.09745025634765625
1788131602.4009953,1520,1,Loss/l_total,0.09745025634765625
1788131602.40102,1520,1,LR,0.0009997779521645793
1788131613.4260902,1560,1,Loss/l_ce,0.35306668281555176
1788131613.4263182,1560,1,Loss/l_total,0.35306668281555176
1788131613.4263465,1560,1,LR,0.0009997779521645793
1788131623.498784,1600,1,Loss/l_ce,0.13301587104797363
1788131623.4990761,1600,1,Loss/l_total,0.13301587104797363
1788131623.4991045,1600,1,LR,0.0009997779521645793
1788131660.8198104,1624,1,Val/dense_error,0.40624719858169556
1788131660.82017,1624,1,Val/auc,0.1513115859027404
1788131660.8202024,1624,1,Val/pck_max,0.1
1788131660.820245,1624,1,Val/pck_n,100.0
1788131666.7047548,1640,2,Loss/l_ce,2.0786380767822266
1788131666.7049568,1640,2,Loss/l_total,2.0786380767822266
1788131666.7049851,1640,2,LR,0.0009991120277927223
1788131677.2133975,1680,2,Loss/l_ce,2.1690168380737305
1788131677.2135556,1680,2,Loss/l_total,2.1690168380737305
1788131677.2135816,1680,2,LR,0.0009991120277927223
1788131687.3086288,1720,2,Loss/l_ce,0.04998302459716797
1788131687.3088317,1720,2,Loss/l_total,0.04998302459716797
1788131687.308858,1720,2,LR,0.0009991120277927223
1788131697.619215,1760,2,Loss/l_ce,1.8675765991210938
1788131697.6193779,1760,2,Loss/l_total,1.8675765991210938
1788131697.6194026,1760,2,LR,0.0009991120277927223
1788131707.9680848,1800,2,Loss/l_ce,2.068047046661377
1788131707.9682841,1800,2,Loss/l_total,2.068047046661377
1788131707.9683175,1800,2,LR,0.0009991120277927223
1788131718.2770052,1840,2,Loss/l_ce,0.2647252082824707
1788131718.2772489,1840,2,Loss/l_total,0.2647252082824707
1788131718.2772737,1840,2,LR,0.0009991120277927223
1788131728.6620114,1880,2,Loss/l_ce,0.1611497402191162
1788131728.662236,1880,2,Loss/l_total,0.1611497402191162
1788131728.662262,1880,2,LR,0.0009991120277927223
1788131739.0960076,1920,2,Loss/l_ce,0.13586759567260742
1788131739.0962226,1920,2,Loss/l_total,0.13586759567260742
1788131739.0962465,1920,2,LR,0.0009991120277927223
1788131749.875456,1960,2,Loss/l_ce,0.7543423175811768
1788131749.875627,1960,2,Loss/l_total,0.7543423175811768
1788131749.875651,1960,2,LR,0.0009991120277927223
1788131760.1334832,2000,2,Loss/l_ce,1.3828270435333252
1788131760.1338015,2000,2,Loss/l_total,1.3828270435333252
1788131760.1338277,2000,2,LR,0.0009991120277927223
1788131770.4744694,2040,2,Loss/l_ce,1.731086015701294
1788131770.4746392,2040,2,Loss/l_total,1.731086015701294
1788131770.4746616,2040,2,LR,0.0009991120277927223
1788131780.6726413,2080,2,Loss/l_ce,1.8353407382965088
1788131780.6728504,2080,2,Loss/l_total,1.8353407382965088
1788131780.6728752,2080,2,LR,0.0009991120277927223
1788131791.0987234,2120,2,Loss/l_ce,0.15114974975585938
1788131791.0989404,2120,2,Loss/l_total,0.15114974975585938
1788131791.098975,2120,2,LR,0.0009991120277927223
1788131802.0667818,2160,2,Loss/l_ce,7.4898295402526855
1788131802.0670004,2160,2,Loss/l_total,7.4898295402526855
1788131802.0670252,2160,2,LR,0.0009991120277927223
1788131812.6442404,2200,2,Loss/l_ce,0.2238783836364746
1788131812.6444576,2200,2,Loss/l_total,0.2238783836364746
1788131812.6444812,2200,2,LR,0.0009991120277927223
1788131822.9127882,2240,2,Loss/l_ce,0.004049539566040039
1788131822.9129531,2240,2,Loss/l_total,0.004049539566040039
1788131822.9129758,2240,2,LR,0.0009991120277927223
1788131833.4136448,2280,2,Loss/l_ce,4304.04638671875
1788131833.4138277,2280,2,Loss/l_total,4304.04638671875
1788131833.4138536,2280,2,LR,0.0009991120277927223
1788131843.560794,2320,2,Loss/l_ce,25.2081241607666
1788131843.5609746,2320,2,Loss/l_total,25.2081241607666
1788131843.5609984,2320,2,LR,0.0009991120277927223
1788131854.2461329,2360,2,Loss/l_ce,15.260821342468262
1788131854.24642,2360,2,Loss/l_total,15.260821342468262
1788131854.246451,2360,2,LR,0.0009991120277927223
1788131864.489314,2400,2,Loss/l_ce,5.544678688049316
1788131864.48958,2400,2,Loss/l_total,5.544678688049316
1788131864.4896085,2400,2,LR,0.0009991120277927223
1788131905.3111129,2436,2,Val/dense_error,0.619952380657196
1788131905.3113303,2436,2,Val/auc,0.03727464929573441
1788131905.311355,2436,2,Val/pck_max,0.1
1788131905.3113742,2436,2,Val/pck_n,100.0
1788131908.2848408,2440,3,Loss/l_ce,0.44124722480773926
1788131908.2850296,2440,3,Loss/l_total,0.44124722480773926
1788131908.2850926,2440,3,LR,0.000998002884071386
1788131918.7087047,2480,3,Loss/l_ce,4.195637226104736
1788131918.7088902,2480,3,Loss/l_total,4.195637226104736
1788131918.7089136,2480,3,LR,0.000998002884071386
1788131928.8864567,2520,3,Loss/l_ce,4.402817249298096
1788131928.886673,2520,3,Loss/l_total,4.402817249298096
1788131928.8867,2520,3,LR,0.000998002884071386
1788131938.9780228,2560,3,Loss/l_ce,0.9711370468139648
1788131938.9782913,2560,3,Loss/l_total,0.9711370468139648
1788131938.978449,2560,3,LR,0.000998002884071386
1788131948.8982978,2600,3,Loss/l_ce,1.3347735404968262
1788131948.89845,2600,3,Loss/l_total,1.3347735404968262
1788131948.8984737,2600,3,LR,0.000998002884071386
1788131958.6664174,2640,3,Loss/l_ce,0.3189821243286133
1788131958.6665826,2640,3,Loss/l_total,0.3189821243286133
1788131958.6666086,2640,3,LR,0.000998002884071386
1788131968.473828,2680,3,Loss/l_ce,0.3298790454864502
1788131968.4740145,2680,3,Loss/l_total,0.3298790454864502
1788131968.4740715,2680,3,LR,0.000998002884071386
1788131978.3640838,2720,3,Loss/l_ce,2.257756233215332
1788131978.3642557,2720,3,Loss/l_total,2.257756233215332
1788131978.3642783,2720,3,LR,0.000998002884071386
1788131988.30814,2760,3,Loss/l_ce,0.5021226406097412
1788131988.3082993,2760,3,Loss/l_total,0.5021226406097412
1788131988.3083217,2760,3,LR,0.000998002884071386
1788131998.2909179,2800,3,Loss/l_ce,0.20037150382995605
1788131998.291108,2800,3,Loss/l_total,0.20037150382995605
1788131998.2911353,2800,3,LR,0.000998002884071386
1788132008.4004872,2840,3,Loss/l_ce,0.1263275146484375
1788132008.4006772,2840,3,Loss/l_total,0.1263275146484375
1788132008.4007056,2840,3,LR,0.000998002884071386
1788132018.6935196,2880,3,Loss/l_ce,0.5124597549438477
1788132018.6936846,2880,3,Loss/l_total,0.5124597549438477
1788132018.6937072,2880,3,LR,0.000998002884071386
1788132028.937075,2920,3,Loss/l_ce,0.09932875633239746
1788132028.9372413,2920,3,Loss/l_total,0.09932875633239746
1788132028.9378576,2920,3,LR,0.000998002884071386
1788132039.3520024,2960,3,Loss/l_ce,0.1736288070678711
1788132039.352159,2960,3,Loss/l_total,0.1736288070678711
1788132039.3521829,2960,3,LR,0.000998002884071386
1788132049.5153787,3000,3,Loss/l_ce,2.4309778213500977
1788132049.5155768,3000,3,Loss/l_total,2.4309778213500977
1788132049.5156052,3000,3,LR,0.000998002884071386
1788132059.7948427,3040,3,Loss/l_ce,0.2433178424835205
1788132059.7950623,3040,3,Loss/l_total,0.2433178424835205
1788132059.7950933,3040,3,LR,0.000998002884071386
1788132069.9294968,3080,3,Loss/l_ce,0.5202770233154297
1788132069.9296808,3080,3,Loss/l_total,0.5202770233154297
1788132069.9297035,3080,3,LR,0.000998002884071386
1788132080.1861756,3120,3,Loss/l_ce,0.22839808464050293
1788132080.1863942,3120,3,Loss/l_total,0.22839808464050293
1788132080.1864226,3120,3,LR,0.000998002884071386
1788132090.420564,3160,3,Loss/l_ce,2.1200151443481445
1788132090.4207551,3160,3,Loss/l_total,2.1200151443481445
1788132090.4207814,3160,3,LR,0.000998002884071386
1788132100.5480008,3200,3,Loss/l_ce,0.36229729652404785
1788132100.548229,3200,3,Loss/l_total,0.36229729652404785
1788132100.548256,3200,3,LR,0.000998002884071386
1788132110.34737,3240,3,Loss/l_ce,0.13568806648254395
1788132110.3476086,3240,3,Loss/l_total,0.13568806648254395
1788132110.3476348,3240,3,LR,0.000998002884071386
1788132143.7289743,3248,3,Val/dense_error,0.5564155578613281
1788132143.7292345,3248,3,Val/auc,0.06699483910849298
1788132143.7292628,3248,3,Val/pck_max,0.1
1788132143.72946,3248,3,Val/pck_n,100.0
1788132153.371712,3280,4,Loss/l_ce,0.2978515625
1788132153.3718638,3280,4,Loss/l_total,0.2978515625
1788132153.3718865,3280,4,LR,0.000996451615591515
1788132163.4294972,3320,4,Loss/l_ce,1.3361027240753174
1788132163.4297063,3320,4,Loss/l_total,1.3361027240753174
1788132163.4297404,3320,4,LR,0.000996451615591515
1788132173.8073988,3360,4,Loss/l_ce,1.256786823272705
1788132173.8075542,3360,4,Loss/l_total,1.256786823272705
1788132173.807577,3360,4,LR,0.000996451615591515
1788132183.988239,3400,4,Loss/l_ce,4720.59619140625
1788132183.9884315,3400,4,Loss/l_total,4720.59619140625
1788132183.9884598,3400,4,LR,0.000996451615591515
1788132194.0108342,3440,4,Loss/l_ce,0.12103652954101562
1788132194.0109897,3440,4,Loss/l_total,0.12103652954101562
1788132194.0110147,3440,4,LR,0.000996451615591515
1788132204.2567961,3480,4,Loss/l_ce,2.3538033962249756
1788132204.2569578,3480,4,Loss/l_total,2.3538033962249756
1788132204.2569792,3480,4,LR,0.000996451615591515
1788132214.2270956,3520,4,Loss/l_ce,528.9888305664062
1788132214.2272787,3520,4,Loss/l_total,528.9888305664062
1788132214.2273047,3520,4,LR,0.000996451615591515
1788132224.0163693,3560,4,Loss/l_ce,115609.5546875
1788132224.0165248,3560,4,Loss/l_total,115609.5546875
1788132224.0165462,3560,4,LR,0.000996451615591515
1788132234.2155402,3600,4,Loss/l_ce,344200.46875
1788132234.215735,3600,4,Loss/l_total,344200.46875
1788132234.2157693,3600,4,LR,0.000996451615591515
1788132244.5971165,3640,4,Loss/l_ce,116662.9140625
1788132244.597361,3640,4,Loss/l_total,116662.9140625
1788132244.5973978,3640,4,LR,0.000996451615591515
1788132255.015665,3680,4,Loss/l_ce,200856.078125
1788132255.015873,3680,4,Loss/l_total,200856.078125
1788132255.0158966,3680,4,LR,0.000996451615591515
1788132265.0178008,3720,4,Loss/l_ce,188485.796875
1788132265.0180986,3720,4,Loss/l_total,188485.796875
1788132265.0181248,3720,4,LR,0.000996451615591515
1788132275.0221257,3760,4,Loss/l_ce,42560.06640625
1788132275.0223784,3760,4,Loss/l_total,42560.06640625
1788132275.0224023,3760,4,LR,0.000996451615591515
1788132285.1713448,3800,4,Loss/l_ce,503.6346435546875
1788132285.171568,3800,4,Loss/l_total,503.6346435546875
1788132285.1715953,3800,4,LR,0.000996451615591515
1788132295.3863933,3840,4,Loss/l_ce,835.1367797851562
1788132295.3865974,3840,4,Loss/l_total,835.1367797851562
1788132295.3866224,3840,4,LR,0.000996451615591515
1788132305.7526667,3880,4,Loss/l_ce,25321.388671875
1788132305.752866,3880,4,Loss/l_total,25321.388671875
1788132305.7529075,3880,4,LR,0.000996451615591515
1788132316.061344,3920,4,Loss/l_ce,217213.203125
1788132316.061547,3920,4,Loss/l_total,217213.203125
1788132316.061571,3920,4,LR,0.000996451615591515
1788132326.1633027,3960,4,Loss/l_ce,0.28557682037353516
1788132326.163515,3960,4,Loss/l_total,0.28557682037353516
1788132326.1635425,3960,4,LR,0.000996451615591515
1788132335.9343932,4000,4,Loss/l_ce,25703.6953125
1788132335.934608,4000,4,Loss/l_total,25703.6953125
1788132335.9346294,4000,4,LR,0.000996451615591515
1788132345.9504235,4040,4,Loss/l_ce,2.3016695976257324
1788132345.9506242,4040,4,Loss/l_total,2.3016695976257324
1788132345.9506598,4040,4,LR,0.000996451615591515
1788132381.829736,4060,4,Val/dense_error,0.6257533431053162
1788132381.8299222,4060,4,Val/auc,0.01258321190823119
1788132381.829946,4060,4,Val/pck_max,0.1
1788132381.8299663,4060,4,Val/pck_n,100.0
1788132388.5115318,4080,5,Loss/l_ce,52.308231353759766
1788132388.511724,4080,5,Loss/l_total,52.308231353759766
1788132388.5117514,4080,5,LR,0.000994459753267812
1788132398.8985267,4120,5,Loss/l_ce,21.38079833984375
1788132398.8986812,4120,5,Loss/l_total,21.38079833984375
1788132398.8987086,4120,5,LR,0.000994459753267812
1788132409.1123881,4160,5,Loss/l_ce,0.674468994140625
1788132409.1125708,4160,5,Loss/l_total,0.674468994140625
1788132409.112597,4160,5,LR,0.000994459753267812
1788132418.900408,4200,5,Loss/l_ce,0.281919002532959
1788132418.9005682,4200,5,Loss/l_total,0.281919002532959
1788132418.90059,4200,5,LR,0.000994459753267812
1788132428.8233535,4240,5,Loss/l_ce,0.07310795783996582
1788132428.82354,4240,5,Loss/l_total,0.07310795783996582
1788132428.8235648,4240,5,LR,0.000994459753267812
1788132438.9932327,4280,5,Loss/l_ce,0.07108545303344727
1788132438.9934452,4280,5,Loss/l_total,0.07108545303344727
1788132438.993477,4280,5,LR,0.000994459753267812
1788132449.0830014,4320,5,Loss/l_ce,1.586761474609375
1788132449.0831735,4320,5,Loss/l_total,1.586761474609375
1788132449.083197,4320,5,LR,0.000994459753267812
1788132459.166848,4360,5,Loss/l_ce,0.5219686031341553
1788132459.1671007,4360,5,Loss/l_total,0.5219686031341553
1788132459.1671305,4360,5,LR,0.000994459753267812
1788132469.4691246,4400,5,Loss/l_ce,0.11931657791137695
1788132469.4693468,4400,5,Loss/l_total,0.11931657791137695
1788132469.4693801,4400,5,LR,0.000994459753267812
1788132479.4947996,4440,5,Loss/l_ce,0.04123568534851074
1788132479.49501,4440,5,Loss/l_total,0.04123568534851074
1788132479.4950714,4440,5,LR,0.000994459753267812
1788132489.416363,4480,5,Loss/l_ce,0.372577428817749
1788132489.4165912,4480,5,Loss/l_total,0.372577428817749
1788132489.4166207,4480,5,LR,0.000994459753267812
1788132499.48768,4520,5,Loss/l_ce,1.6589293479919434
1788132499.4878488,4520,5,Loss/l_total,1.6589293479919434
1788132499.4878736,4520,5,LR,0.000994459753267812
1788132509.466236,4560,5,Loss/l_ce,1.242922306060791
1788132509.4663951,4560,5,Loss/l_total,1.242922306060791
1788132509.4664166,4560,5,LR,0.000994459753267812
1788132519.7767098,4600,5,Loss/l_ce,1.6185517311096191
1788132519.7768774,4600,5,Loss/l_total,1.6185517311096191
1788132519.7769048,4600,5,LR,0.000994459753267812
1788132530.0178483,4640,5,Loss/l_ce,4.706742286682129
1788132530.0179956,4640,5,Loss/l_total,4.706742286682129
1788132530.0180194,4640,5,LR,0.000994459753267812
1788132540.2354672,4680,5,Loss/l_ce,1.7969834804534912
1788132540.2357192,4680,5,Loss/l_total,1.7969834804534912
1788132540.2357452,4680,5,LR,0.000994459753267812
1788132550.4717996,4720,5,Loss/l_ce,0.04578709602355957
1788132550.4720025,4720,5,Loss/l_total,0.04578709602355957
1788132550.4720666,4720,5,LR,0.000994459753267812
1788132560.9505122,4760,5,Loss/l_ce,0.29444456100463867
1788132560.9507058,4760,5,Loss/l_total,0.29444456100463867
1788132560.9507291,4760,5,LR,0.000994459753267812
1788132571.0934525,4800,5,Loss/l_ce,7.020794868469238
1788132571.0936558,4800,5,Loss/l_total,7.020794868469238
1788132571.0936852,4800,5,LR,0.000994459753267812
1788132581.1259081,4840,5,Loss/l_ce,3.4216344356536865
1788132581.1260946,4840,5,Loss/l_total,3.4216344356536865
1788132581.1273353,4840,5,LR,0.000994459753267812
1788132620.2507029,4872,5,Val/dense_error,0.4686935544013977
1788132620.2509606,4872,5,Val/auc,0.08163338190337419
1788132620.2509854,4872,5,Val/pck_max,0.1
1788132620.2512455,4872,5,Val/pck_n,100.0
1788132624.2396066,4880,6,Loss/l_ce,0.14855146408081055
1788132624.2398608,4880,6,Loss/l_total,0.14855146408081055
1788132624.239894,4880,6,LR,0.0009920292628279098
1788132634.7915716,4920,6,Loss/l_ce,0.3036684989929199
1788132634.791721,4920,6,Loss/l_total,0.3036684989929199
1788132634.7917428,4920,6,LR,0.0009920292628279098
1788132645.097102,4960,6,Loss/l_ce,0.6985297203063965
1788132645.0972586,4960,6,Loss/l_total,0.6985297203063965
1788132645.097286,4960,6,LR,0.0009920292628279098
1788132655.463679,5000,6,Loss/l_ce,0.13856172561645508
1788132655.4638643,5000,6,Loss/l_total,0.13856172561645508
1788132655.4638891,5000,6,LR,0.0009920292628279098
1788132665.6259441,5040,6,Loss/l_ce,0.34691834449768066
1788132665.6262019,5040,6,Loss/l_total,0.34691834449768066
1788132665.6262279,5040,6,LR,0.0009920292628279098
1788132676.0762875,5080,6,Loss/l_ce,0.23605775833129883
1788132676.0764608,5080,6,Loss/l_total,0.23605775833129883
1788132676.0764847,5080,6,LR,0.0009920292628279098
1788132685.9857523,5120,6,Loss/l_ce,0.31420350074768066
1788132685.9860017,5120,6,Loss/l_total,0.31420350074768066
1788132685.9860728,5120,6,LR,0.0009920292628279098
1788132696.093776,5160,6,Loss/l_ce,1.1738348007202148
1788132696.093943,5160,6,Loss/l_total,1.1738348007202148
1788132696.093967,5160,6,LR,0.0009920292628279098
1788132706.151338,5200,6,Loss/l_ce,1.2181477546691895
1788132706.1515126,5200,6,Loss/l_total,1.2181477546691895
1788132706.1515362,5200,6,LR,0.0009920292628279098
1788132717.1554835,5240,6,Loss/l_ce,1.1919186115264893
1788132717.1556926,5240,6,Loss/l_total,1.1919186115264893
1788132717.1557386,5240,6,LR,0.0009920292628279098
1788132727.6505618,5280,6,Loss/l_ce,0.06744503974914551
1788132727.6507838,5280,6,Loss/l_total,0.06744503974914551
1788132727.6508121,5280,6,LR,0.0009920292628279098
1788132738.0679042,5320,6,Loss/l_ce,1.730295181274414
1788132738.0682793,5320,6,Loss/l_total,1.730295181274414
1788132738.0685358,5320,6,LR,0.0009920292628279098
1788132747.9163232,5360,6,Loss/l_ce,3.887241840362549
1788132747.916545,5360,6,Loss/l_total,3.887241840362549
1788132747.9165747,5360,6,LR,0.0009920292628279098
1788132757.9401507,5400,6,Loss/l_ce,0.1974639892578125
1788132757.940401,5400,6,Loss/l_total,0.1974639892578125
1788132757.940432,5400,6,LR,0.0009920292628279098
1788132768.2337863,5440,6,Loss/l_ce,0.10882759094238281
1788132768.2339528,5440,6,Loss/l_total,0.10882759094238281
1788132768.2339764,5440,6,LR,0.0009920292628279098
1788132778.0837796,5480,6,Loss/l_ce,0.2147064208984375
1788132778.0839708,5480,6,Loss/l_total,0.2147064208984375
1788132778.0839946,5480,6,LR,0.0009920292628279098
1788132787.99837,5520,6,Loss/l_ce,1.5740880966186523
1788132787.998541,5520,6,Loss/l_total,1.5740880966186523
1788132787.9985635,5520,6,LR,0.0009920292628279098
1788132797.9720273,5560,6,Loss/l_ce,0.04198813438415527
1788132797.9722233,5560,6,Loss/l_total,0.04198813438415527
1788132797.9722471,5560,6,LR,0.0009920292628279098
1788132807.8637364,5600,6,Loss/l_ce,1.6674833297729492
1788132807.8639205,5600,6,Loss/l_total,1.6674833297729492
1788132807.8639429,5600,6,LR,0.0009920292628279098
1788132817.923546,5640,6,Loss/l_ce,1.2265701293945312
1788132817.9237168,5640,6,Loss/l_total,1.2265701293945312
1788132817.923743,5640,6,LR,0.0009920292628279098
1788132827.8246558,5680,6,Loss/l_ce,0.1369011402130127
1788132827.824815,5680,6,Loss/l_total,0.1369011402130127
1788132827.8248413,5680,6,LR,0.0009920292628279098
1788132859.8399503,5684,6,Val/dense_error,0.28678691387176514
1788132859.8402114,5684,6,Val/auc,0.17211235523140897
1788132859.8402364,5684,6,Val/pck_max,0.1
1788132859.8402555,5684,6,Val/pck_n,100.0
1788132870.273552,5720,7,Loss/l_ce,0.7229623794555664
1788132870.273699,5720,7,Loss/l_total,0.7229623794555664
1788132870.2741385,5720,7,LR,0.000989162542872436
1788132880.5469425,5760,7,Loss/l_ce,1.6561861038208008
1788132880.5471835,5760,7,Loss/l_total,1.6561861038208008
1788132880.5472133,5760,7,LR,0.000989162542872436
1788132890.650009,5800,7,Loss/l_ce,0.1202385425567627
1788132890.65027,5800,7,Loss/l_total,0.1202385425567627
1788132890.6503022,5800,7,LR,0.000989162542872436
1788132900.6536012,5840,7,Loss/l_ce,3.9992239475250244
1788132900.6537688,5840,7,Loss/l_total,3.9992239475250244
1788132900.6537948,5840,7,LR,0.000989162542872436
1788132910.5362384,5880,7,Loss/l_ce,71.12122344970703
1788132910.5364165,5880,7,Loss/l_total,71.12122344970703
1788132910.5364425,5880,7,LR,0.000989162542872436
1788132920.3193495,5920,7,Loss/l_ce,0.2883338928222656
1788132920.3195431,5920,7,Loss/l_total,0.2883338928222656
1788132920.319575,5920,7,LR,0.000989162542872436
1788132930.23381,5960,7,Loss/l_ce,0.030934572219848633
1788132930.2339892,5960,7,Loss/l_total,0.030934572219848633
1788132930.234014,5960,7,LR,0.000989162542872436
1788132940.1315308,6000,7,Loss/l_ce,0.14735960960388184
1788132940.1317112,6000,7,Loss/l_total,0.14735960960388184
1788132940.1317348,6000,7,LR,0.000989162542872436
1788132950.0248315,6040,7,Loss/l_ce,3.5191292762756348
1788132950.0250723,6040,7,Loss/l_total,3.5191292762756348
1788132950.0250998,6040,7,LR,0.000989162542872436
1788132960.1207821,6080,7,Loss/l_ce,0.17643308639526367
1788132960.1209626,6080,7,Loss/l_total,0.17643308639526367
1788132960.1209865,6080,7,LR,0.000989162542872436
1788132969.9996207,6120,7,Loss/l_ce,0.21813249588012695
1788132969.9998024,6120,7,Loss/l_total,0.21813249588012695
1788132969.999826,6120,7,LR,0.000989162542872436
1788132979.789847,6160,7,Loss/l_ce,0.0962686538696289
1788132979.7900853,6160,7,Loss/l_total,0.0962686538696289
1788132979.79011,6160,7,LR,0.000989162542872436
1788132990.0558007,6200,7,Loss/l_ce,0.1673598289489746
1788132990.0559833,6200,7,Loss/l_total,0.1673598289489746
1788132990.0562375,6200,7,LR,0.000989162542872436
1788133000.2193348,6240,7,Loss/l_ce,0.23742103576660156
1788133000.2195249,6240,7,Loss/l_total,0.23742103576660156
1788133000.2195568,6240,7,LR,0.000989162542872436
1788133009.985741,6280,7,Loss/l_ce,0.23839473724365234
1788133009.98592,6280,7,Loss/l_total,0.23839473724365234
1788133009.9859438,6280,7,LR,0.000989162542872436
1788133019.7777603,6320,7,Loss/l_ce,1.9833660125732422
1788133019.7779145,6320,7,Loss/l_total,1.9833660125732422
1788133019.778222,6320,7,LR,0.000989162542872436
1788133029.8097272,6360,7,Loss/l_ce,1.5817322731018066
1788133029.8099163,6360,7,Loss/l_total,1.5817322731018066
1788133029.8099446,6360,7,LR,0.000989162542872436
1788133039.927486,6400,7,Loss/l_ce,0.11966967582702637
1788133039.9276497,6400,7,Loss/l_total,0.11966967582702637
1788133039.9276736,6400,7,LR,0.000989162542872436
1788133049.7828171,6440,7,Loss/l_ce,0.15772533416748047
1788133049.783014,6440,7,Loss/l_total,0.15772533416748047
1788133049.7830722,6440,7,LR,0.000989162542872436
1788133059.479603,6480,7,Loss/l_ce,0.14377522468566895
1788133059.4798272,6480,7,Loss/l_total,0.14377522468566895
1788133059.479851,6480,7,LR,0.000989162542872436
1788133095.5405996,6496,7,Val/dense_error,0.24035146832466125
1788133095.540844,6496,7,Val/auc,0.2713595195981413
1788133095.5408666,6496,7,Val/pck_max,0.1
1788133095.540888,6496,7,Val/pck_n,100.0
1788133103.250627,6520,8,Loss/l_ce,0.29076290130615234
1788133103.2507792,6520,8,Loss/l_total,0.29076290130615234
1788133103.250804,6520,8,LR,0.0009858624225078836
1788133114.2550952,6560,8,Loss/l_ce,0.15821313858032227
1788133114.2553077,6560,8,Loss/l_total,0.15821313858032227
1788133114.2553577,6560,8,LR,0.0009858624225078836
1788133124.982025,6600,8,Loss/l_ce,1.4302711486816406
1788133124.9822779,6600,8,Loss/l_total,1.4302711486816406
1788133124.9823112,6600,8,LR,0.0009858624225078836
1788133135.5313356,6640,8,Loss/l_ce,0.2667653560638428
1788133135.531559,6640,8,Loss/l_total,0.2667653560638428
1788133135.5315814,6640,8,LR,0.0009858624225078836
1788133145.9997463,6680,8,Loss/l_ce,0.8158016204833984
1788133146.0000956,6680,8,Loss/l_total,0.8158016204833984
1788133146.0002487,6680,8,LR,0.0009858624225078836
1788133156.4450028,6720,8,Loss/l_ce,0.19208407402038574
1788133156.4453077,6720,8,Loss/l_total,0.19208407402038574
1788133156.4453328,6720,8,LR,0.0009858624225078836
1788133166.7858353,6760,8,Loss/l_ce,0.09206914901733398
1788133166.7860217,6760,8,Loss/l_total,0.09206914901733398
1788133166.7860656,6760,8,LR,0.0009858624225078836
1788133177.1953778,6800,8,Loss/l_ce,0.3400847911834717
1788133177.1956105,6800,8,Loss/l_total,0.3400847911834717
1788133177.1956332,6800,8,LR,0.0009858624225078836
1788133187.7641878,6840,8,Loss/l_ce,0.1329967975616455
1788133187.7643933,6840,8,Loss/l_total,0.1329967975616455
1788133187.7644217,6840,8,LR,0.0009858624225078836
1788133198.2581198,6880,8,Loss/l_ce,0.07565045356750488
1788133198.25833,6880,8,Loss/l_total,0.07565045356750488
1788133198.2583563,6880,8,LR,0.0009858624225078836
1788133208.8187,6920,8,Loss/l_ce,0.10894632339477539
1788133208.8188734,6920,8,Loss/l_total,0.10894632339477539
1788133208.818897,6920,8,LR,0.0009858624225078836
1788133219.1173496,6960,8,Loss/l_ce,5.0915069580078125
1788133219.1175609,6960,8,Loss/l_total,5.0915069580078125
1788133219.1175895,6960,8,LR,0.0009858624225078836
1788133229.9001534,7000,8,Loss/l_ce,0.3305826187133789
1788133229.900373,7000,8,Loss/l_total,0.3305826187133789
1788133229.9003978,7000,8,LR,0.0009858624225078836
1788133240.381973,7040,8,Loss/l_ce,0.3792109489440918
1788133240.3822129,7040,8,Loss/l_total,0.3792109489440918
1788133240.3822403,7040,8,LR,0.0009858624225078836
1788133250.9216828,7080,8,Loss/l_ce,0.16055679321289062
1788133250.9219205,7080,8,Loss/l_total,0.16055679321289062
1788133250.9219477,7080,8,LR,0.0009858624225078836
1788133261.1989176,7120,8,Loss/l_ce,0.20890259742736816
1788133261.199198,7120,8,Loss/l_total,0.20890259742736816
1788133261.199224,7120,8,LR,0.0009858624225078836
1788133271.587541,7160,8,Loss/l_ce,0.7192597389221191
1788133271.587813,7160,8,Loss/l_total,0.7192597389221191
1788133271.5878413,7160,8,LR,0.0009858624225078836
1788133282.1091127,7200,8,Loss/l_ce,0.18851852416992188
1788133282.109323,7200,8,Loss/l_total,0.18851852416992188
1788133282.1093516,7200,8,LR,0.0009858624225078836
1788133292.314976,7240,8,Loss/l_ce,0.11641883850097656
1788133292.3152087,7240,8,Loss/l_total,0.11641883850097656
1788133292.3152385,7240,8,LR,0.0009858624225078836
1788133302.8228111,7280,8,Loss/l_ce,2.395069122314453
1788133302.8231483,7280,8,Loss/l_total,2.395069122314453
1788133302.823191,7280,8,LR,0.0009858624225078836
1788133342.3893964,7308,8,Val/dense_error,0.22578373551368713
1788133342.3896341,7308,8,Val/auc,0.3061933295412339
1788133342.3896575,7308,8,Val/pck_max,0.1
1788133342.3896778,7308,8,Val/pck_n,100.0
1788133347.2536693,7320,9,Loss/l_ce,3.4633522033691406
1788133347.2538915,7320,9,Loss/l_total,3.4633522033691406
1788133347.2539248,7320,9,LR,0.000982132158554624
1788133357.8096948,7360,9,Loss/l_ce,0.10351276397705078
1788133357.8098385,7360,9,Loss/l_total,0.10351276397705078
1788133357.8098633,7360,9,LR,0.000982132158554624
1788133368.506017,7400,9,Loss/l_ce,0.09382867813110352
1788133368.5062807,7400,9,Loss/l_total,0.09382867813110352
1788133368.5063078,7400,9,LR,0.000982132158554624
1788133379.4757235,7440,9,Loss/l_ce,0.33363986015319824
1788133379.4759216,7440,9,Loss/l_total,0.33363986015319824
1788133379.4759443,7440,9,LR,0.000982132158554624
1788133390.4981992,7480,9,Loss/l_ce,0.14352774620056152
1788133390.4984617,7480,9,Loss/l_total,0.14352774620056152
1788133390.498496,7480,9,LR,0.000982132158554624
1788133401.607863,7520,9,Loss/l_ce,0.1667778491973877
1788133401.6082654,7520,9,Loss/l_total,0.1667778491973877
1788133401.6083,7520,9,LR,0.000982132158554624
1788133412.2135675,7560,9,Loss/l_ce,0.275707483291626
1788133412.213925,7560,9,Loss/l_total,0.275707483291626
1788133412.2139544,7560,9,LR,0.000982132158554624
1788133422.7985017,7600,9,Loss/l_ce,0.35173964500427246
1788133422.7987285,7600,9,Loss/l_total,0.35173964500427246
1788133422.798776,7600,9,LR,0.000982132158554624
1788133433.2667544,7640,9,Loss/l_ce,0.10734033584594727
1788133433.2670844,7640,9,Loss/l_total,0.10734033584594727
1788133433.267121,7640,9,LR,0.000982132158554624
1788133443.7744966,7680,9,Loss/l_ce,0.21218109130859375
1788133443.77483,7680,9,Loss/l_total,0.21218109130859375
1788133443.774861,7680,9,LR,0.000982132158554624
1788133454.2749214,7720,9,Loss/l_ce,0.25369739532470703
1788133454.27521,7720,9,Loss/l_total,0.25369739532470703
1788133454.2752335,7720,9,LR,0.000982132158554624
1788133464.7679803,7760,9,Loss/l_ce,0.08135652542114258
1788133464.7682025,7760,9,Loss/l_total,0.08135652542114258
1788133464.7682273,7760,9,LR,0.000982132158554624
1788133475.1598072,7800,9,Loss/l_ce,0.2918686866760254
1788133475.1601715,7800,9,Loss/l_total,0.2918686866760254
1788133475.1602013,7800,9,LR,0.000982132158554624
1788133485.7820582,7840,9,Loss/l_ce,0.14166545867919922
1788133485.7823858,7840,9,Loss/l_total,0.14166545867919922
1788133485.7824166,7840,9,LR,0.000982132158554624
1788133496.1898553,7880,9,Loss/l_ce,0.08165121078491211
1788133496.1901665,7880,9,Loss/l_total,0.08165121078491211
1788133496.1901927,7880,9,LR,0.000982132158554624
1788133506.2393625,7920,9,Loss/l_ce,1.0214769840240479
1788133506.2395797,7920,9,Loss/l_total,1.0214769840240479
1788133506.2396047,7920,9,LR,0.000982132158554624
1788133516.6165845,7960,9,Loss/l_ce,0.1429438591003418
1788133516.6168208,7960,9,Loss/l_total,0.1429438591003418
1788133516.6168468,7960,9,LR,0.000982132158554624
1788133527.3908439,8000,9,Loss/l_ce,0.017887115478515625
1788133527.3910198,8000,9,Loss/l_total,0.017887115478515625
1788133527.391078,8000,9,LR,0.000982132158554624
1788133538.0210252,8040,9,Loss/l_ce,0.14376378059387207
1788133538.0212698,8040,9,Loss/l_total,0.14376378059387207
1788133538.0212948,8040,9,LR,0.000982132158554624
1788133548.46655,8080,9,Loss/l_ce,0.28646087646484375
1788133548.46686,8080,9,Loss/l_total,0.28646087646484375
1788133548.466884,8080,9,LR,0.000982132158554624
1788133558.6998627,8120,9,Loss/l_ce,0.09202051162719727
1788133558.700201,8120,9,Loss/l_total,0.09202051162719727
1788133558.7002285,8120,9,LR,0.000982132158554624
1788133589.401395,8120,9,Val/dense_error,0.15362109243869781
1788133589.4016469,8120,9,Val/auc,0.3980133684492131
1788133589.401674,8120,9,Val/pck_max,0.1
1788133589.4018319,8120,9,Val/pck_n,100.0
1788133601.6371772,8160,10,Loss/l_ce,0.11829137802124023
1788133601.6374574,8160,10,Loss/l_total,0.11829137802124023
1788133601.6374896,8160,10,LR,0.0009779754323328187
1788133611.7073402,8200,10,Loss/l_ce,0.0832664966583252
1788133611.7075977,8200,10,Loss/l_total,0.0832664966583252
1788133611.7076252,8200,10,LR,0.0009779754323328187
1788133622.1497843,8240,10,Loss/l_ce,0.13166475296020508
1788133622.1502168,8240,10,Loss/l_total,0.13166475296020508
1788133622.1504018,8240,10,LR,0.0009779754323328187
1788133632.2950747,8280,10,Loss/l_ce,0.13315725326538086
1788133632.2953894,8280,10,Loss/l_total,0.13315725326538086
1788133632.2954166,8280,10,LR,0.0009779754323328187
1788133642.4683816,8320,10,Loss/l_ce,0.16298198699951172
1788133642.4686158,8320,10,Loss/l_total,0.16298198699951172
1788133642.4686394,8320,10,LR,0.0009779754323328187
1788133652.4493895,8360,10,Loss/l_ce,0.2937288284301758
1788133652.4495618,8360,10,Loss/l_total,0.2937288284301758
1788133652.4495866,8360,10,LR,0.0009779754323328187
1788133662.6943939,8400,10,Loss/l_ce,0.24547672271728516
1788133662.6946027,8400,10,Loss/l_total,0.24547672271728516
1788133662.6946325,8400,10,LR,0.0009779754323328187
1788133673.0977252,8440,10,Loss/l_ce,0.3427467346191406
1788133673.097908,8440,10,Loss/l_total,0.3427467346191406
1788133673.097934,8440,10,LR,0.0009779754323328187
1788133683.8721123,8480,10,Loss/l_ce,0.11109423637390137
1788133683.8723342,8480,10,Loss/l_total,0.11109423637390137
1788133683.872358,8480,10,LR,0.0009779754323328187
1788133694.3167925,8520,10,Loss/l_ce,0.08614158630371094
1788133694.316954,8520,10,Loss/l_total,0.08614158630371094
1788133694.316998,8520,10,LR,0.0009779754323328187
1788133704.2085872,8560,10,Loss/l_ce,0.9700558185577393
1788133704.2087533,8560,10,Loss/l_total,0.9700558185577393
1788133704.2087736,8560,10,LR,0.0009779754323328187
1788133714.6772153,8600,10,Loss/l_ce,0.09848928451538086
1788133714.67738,8600,10,Loss/l_total,0.09848928451538086
1788133714.6774004,8600,10,LR,0.0009779754323328187
1788133724.8331132,8640,10,Loss/l_ce,0.10175776481628418
1788133724.8333256,8640,10,Loss/l_total,0.10175776481628418
1788133724.833347,8640,10,LR,0.0009779754323328187
1788133735.1647747,8680,10,Loss/l_ce,0.2077336311340332
1788133735.1649399,8680,10,Loss/l_total,0.2077336311340332
1788133735.1649668,8680,10,LR,0.0009779754323328187
1788133745.4215536,8720,10,Loss/l_ce,0.3697681427001953
1788133745.421741,8720,10,Loss/l_total,0.3697681427001953
1788133745.421764,8720,10,LR,0.0009779754323328187
1788133755.5134528,8760,10,Loss/l_ce,0.09100198745727539
1788133755.513626,8760,10,Loss/l_total,0.09100198745727539
1788133755.5136487,8760,10,LR,0.0009779754323328187
1788133766.6089098,8800,10,Loss/l_ce,0.0949552059173584
1788133766.6091163,8800,10,Loss/l_total,0.0949552059173584
1788133766.609146,8800,10,LR,0.0009779754323328187
1788133777.3621292,8840,10,Loss/l_ce,0.016936779022216797
1788133777.3622954,8840,10,Loss/l_total,0.016936779022216797
1788133777.3623178,8840,10,LR,0.0009779754323328187
1788133787.883244,8880,10,Loss/l_ce,0.16849827766418457
1788133787.8834057,8880,10,Loss/l_total,0.16849827766418457
1788133787.883428,8880,10,LR,0.0009779754323328187
1788133798.0318415,8920,10,Loss/l_ce,0.21402525901794434
1788133798.03206,8920,10,Loss/l_total,0.21402525901794434
1788133798.0320861,8920,10,LR,0.0009779754323328187
1788133831.0207837,8932,10,Val/dense_error,0.1549118161201477
1788133831.021,8932,10,Val/auc,0.39108531964021803
1788133831.0210247,8932,10,Val/pck_max,0.1
1788133831.0210688,8932,10,Val/pck_n,100.0
1788133840.5097983,8960,11,Loss/l_ce,0.07483482360839844
1788133840.5099838,8960,11,Loss/l_total,0.07483482360839844
1788133840.5100074,8960,11,LR,0.0009733963460294011
1788133851.047366,9000,11,Loss/l_ce,0.020218849182128906
1788133851.047544,9000,11,Loss/l_total,0.020218849182128906
1788133851.0475688,9000,11,LR,0.0009733963460294011
1788133861.431967,9040,11,Loss/l_ce,0.27788734436035156
1788133861.4322731,9040,11,Loss/l_total,0.27788734436035156
1788133861.432303,9040,11,LR,0.0009733963460294011
1788133871.5256035,9080,11,Loss/l_ce,0.5451231002807617
1788133871.525784,9080,11,Loss/l_total,0.5451231002807617
1788133871.5258067,9080,11,LR,0.0009733963460294011
1788133881.735899,9120,11,Loss/l_ce,1.0002026557922363
1788133881.7360866,9120,11,Loss/l_total,1.0002026557922363
1788133881.7361126,9120,11,LR,0.0009733963460294011
1788133892.1194682,9160,11,Loss/l_ce,0.1378629207611084
1788133892.119663,9160,11,Loss/l_total,0.1378629207611084
1788133892.1196964,9160,11,LR,0.0009733963460294011
1788133902.174213,9200,11,Loss/l_ce,0.09727001190185547
1788133902.1744063,9200,11,Loss/l_total,0.09727001190185547
1788133902.174435,9200,11,LR,0.0009733963460294011
1788133912.6739614,9240,11,Loss/l_ce,0.35118770599365234
1788133912.6741478,9240,11,Loss/l_total,0.35118770599365234
1788133912.6741776,9240,11,LR,0.0009733963460294011
1788133922.9559577,9280,11,Loss/l_ce,0.10844850540161133
1788133922.9562013,9280,11,Loss/l_total,0.10844850540161133
1788133922.9562333,9280,11,LR,0.0009733963460294011
1788133933.5189276,9320,11,Loss/l_ce,0.17420673370361328
1788133933.5191352,9320,11,Loss/l_total,0.17420673370361328
1788133933.5191638,9320,11,LR,0.0009733963460294011
1788133943.9193778,9360,11,Loss/l_ce,0.20315909385681152
1788133943.9195776,9360,11,Loss/l_total,0.20315909385681152
1788133943.9196084,9360,11,LR,0.0009733963460294011
1788133954.180123,9400,11,Loss/l_ce,0.0626835823059082
1788133954.180307,9400,11,Loss/l_total,0.0626835823059082
1788133954.180332,9400,11,LR,0.0009733963460294011
1788133964.6213534,9440,11,Loss/l_ce,0.15861177444458008
1788133964.6215708,9440,11,Loss/l_total,0.15861177444458008
1788133964.621718,9440,11,LR,0.0009733963460294011
1788133975.370806,9480,11,Loss/l_ce,0.061287879943847656
1788133975.3709733,9480,11,Loss/l_total,0.061287879943847656
1788133975.3709948,9480,11,LR,0.0009733963460294011
1788133985.78906,9520,11,Loss/l_ce,0.3426952362060547
1788133985.7892618,9520,11,Loss/l_total,0.3426952362060547
1788133985.789288,9520,11,LR,0.0009733963460294011
1788133996.7173345,9560,11,Loss/l_ce,0.1247105598449707
1788133996.7175033,9560,11,Loss/l_total,0.1247105598449707
1788133996.7175257,9560,11,LR,0.0009733963460294011
1788134007.4159484,9600,11,Loss/l_ce,0.26087450981140137
1788134007.416149,9600,11,Loss/l_total,0.26087450981140137
1788134007.416176,9600,11,LR,0.0009733963460294011
1788134017.9297473,9640,11,Loss/l_ce,0.2350013256072998
1788134017.9299314,9640,11,Loss/l_total,0.2350013256072998
1788134017.9299552,9640,11,LR,0.0009733963460294011
1788134028.2902813,9680,11,Loss/l_ce,0.08558344841003418
1788134028.290457,9680,11,Loss/l_total,0.08558344841003418
1788134028.2904782,9680,11,LR,0.0009733963460294011
1788134038.9149373,9720,11,Loss/l_ce,0.062097787857055664
1788134038.9151592,9720,11,Loss/l_total,0.062097787857055664
1788134038.9151914,9720,11,LR,0.0009733963460294011
1788134076.9500644,9744,11,Val/dense_error,0.07526680082082748
1788134076.9502852,9744,11,Val/auc,0.48470433312294975
1788134076.950315,9744,11,Val/pck_max,0.1
1788134076.9503434,9744,11,Val/pck_n,100.0
1788134082.8252826,9760,12,Loss/l_ce,0.08525419235229492
1788134082.8254642,9760,12,Loss/l_total,0.08525419235229492
1788134082.825494,9760,12,LR,0.0009683994186497127
1788134093.7757006,9800,12,Loss/l_ce,0.23302268981933594
1788134093.775875,9800,12,Loss/l_total,0.23302268981933594
1788134093.7758987,9800,12,LR,0.0009683994186497127
1788134104.1202877,9840,12,Loss/l_ce,0.42166829109191895
1788134104.1204705,9840,12,Loss/l_total,0.42166829109191895
1788134104.1204967,9840,12,LR,0.0009683994186497127
1788134114.4088204,9880,12,Loss/l_ce,0.35251498222351074
1788134114.4089928,9880,12,Loss/l_total,0.35251498222351074
1788134114.4090226,9880,12,LR,0.0009683994186497127
1788134125.1099205,9920,12,Loss/l_ce,0.2321157455444336
1788134125.1101663,9920,12,Loss/l_total,0.2321157455444336
1788134125.1101995,9920,12,LR,0.0009683994186497127
1788134135.4098668,9960,12,Loss/l_ce,0.4639468193054199
1788134135.4100935,9960,12,Loss/l_total,0.4639468193054199
1788134135.410122,9960,12,LR,0.0009683994186497127
1788134145.595061,10000,12,Loss/l_ce,0.3823356628417969
1788134145.5952532,10000,12,Loss/l_total,0.3823356628417969
1788134145.5952747,10000,12,LR,0.0009683994186497127
1788134156.4194605,10040,12,Loss/l_ce,0.07277584075927734
1788134156.4196446,10040,12,Loss/l_total,0.07277584075927734
1788134156.4196694,10040,12,LR,0.0009683994186497127
1788134166.8325384,10080,12,Loss/l_ce,0.08072137832641602
1788134166.8327816,10080,12,Loss/l_total,0.08072137832641602
1788134166.8328161,10080,12,LR,0.0009683994186497127
1788134177.1597614,10120,12,Loss/l_ce,0.05869412422180176
1788134177.1599338,10120,12,Loss/l_total,0.05869412422180176
1788134177.1599586,10120,12,LR,0.0009683994186497127
1788134187.4901178,10160,12,Loss/l_ce,0.4260287284851074
1788134187.4903176,10160,12,Loss/l_total,0.4260287284851074
1788134187.4903436,10160,12,LR,0.0009683994186497127
1788134197.751895,10200,12,Loss/l_ce,0.07458734512329102
1788134197.7521052,10200,12,Loss/l_total,0.07458734512329102
1788134197.7521303,10200,12,LR,0.0009683994186497127
1788134208.3472013,10240,12,Loss/l_ce,0.43805480003356934
1788134208.347389,10240,12,Loss/l_total,0.43805480003356934
1788134208.3474164,10240,12,LR,0.0009683994186497127
1788134218.7529216,10280,12,Loss/l_ce,0.07756710052490234
1788134218.7531364,10280,12,Loss/l_total,0.07756710052490234
1788134218.7531602,10280,12,LR,0.0009683994186497127
1788134229.139328,10320,12,Loss/l_ce,0.39862585067749023
1788134229.139558,10320,12,Loss/l_total,0.39862585067749023
1788134229.139582,10320,12,LR,0.0009683994186497127
1788134239.311906,10360,12,Loss/l_ce,0.10504531860351562
1788134239.312096,10360,12,Loss/l_total,0.10504531860351562
1788134239.3121233,10360,12,LR,0.0009683994186497127
1788134249.9789202,10400,12,Loss/l_ce,0.057413339614868164
1788134249.9792385,10400,12,Loss/l_total,0.057413339614868164
1788134249.9792657,10400,12,LR,0.0009683994186497127
1788134260.206698,10440,12,Loss/l_ce,0.2520570755004883
1788134260.2069793,10440,12,Loss/l_total,0.2520570755004883
1788134260.2070103,10440,12,LR,0.0009683994186497127
1788134270.6445498,10480,12,Loss/l_ce,0.03493165969848633
1788134270.6448314,10480,12,Loss/l_total,0.03493165969848633
1788134270.6448586,10480,12,LR,0.0009683994186497127
1788134281.2278254,10520,12,Loss/l_ce,0.5987062454223633
1788134281.228006,10520,12,Loss/l_total,0.5987062454223633
1788134281.228051,10520,12,LR,0.0009683994186497127
1788134320.5028737,10556,12,Val/dense_error,0.0673278346657753
1788134320.5030801,10556,12,Val/auc,0.5076427037149588
1788134320.5031064,10556,12,Val/pck_max,0.1
1788134320.5031266,10556,12,Val/pck_n,100.0
1788134323.2065635,10560,13,Loss/l_ce,0.20621132850646973
1788134323.2067275,10560,13,Loss/l_total,0.20621132850646973
1788134323.2067502,10560,13,LR,0.000962989581557791
1788134333.3553355,10600,13,Loss/l_ce,0.11257195472717285
1788134333.3555398,10600,13,Loss/l_total,0.11257195472717285
1788134333.3555753,10600,13,LR,0.000962989581557791
1788134343.6360998,10640,13,Loss/l_ce,0.06772208213806152
1788134343.6362567,10640,13,Loss/l_total,0.06772208213806152
1788134343.636283,10640,13,LR,0.000962989581557791
1788134353.8061976,10680,13,Loss/l_ce,0.08893299102783203
1788134353.8063772,10680,13,Loss/l_total,0.08893299102783203
1788134353.8064034,10680,13,LR,0.000962989581557791
1788134364.51697,10720,13,Loss/l_ce,0.08889389038085938
1788134364.5172598,10720,13,Loss/l_total,0.08889389038085938
1788134364.5172892,10720,13,LR,0.000962989581557791
1788134374.7667212,10760,13,Loss/l_ce,0.20109963417053223
1788134374.7668946,10760,13,Loss/l_total,0.20109963417053223
1788134374.766923,10760,13,LR,0.000962989581557791
1788134385.2646825,10800,13,Loss/l_ce,0.07611417770385742
1788134385.2648654,10800,13,Loss/l_total,0.07611417770385742
1788134385.2648938,10800,13,LR,0.000962989581557791
1788134395.6725185,10840,13,Loss/l_ce,0.056795358657836914
1788134395.6727216,10840,13,Loss/l_total,0.056795358657836914
1788134395.6727479,10840,13,LR,0.000962989581557791
1788134406.120446,10880,13,Loss/l_ce,0.24732303619384766
1788134406.1207001,10880,13,Loss/l_total,0.24732303619384766
1788134406.120725,10880,13,LR,0.000962989581557791
1788134416.3627076,10920,13,Loss/l_ce,0.004598855972290039
1788134416.3628788,10920,13,Loss/l_total,0.004598855972290039
1788134416.3629048,10920,13,LR,0.000962989581557791
1788134426.4101913,10960,13,Loss/l_ce,0.1376650333404541
1788134426.4103813,10960,13,Loss/l_total,0.1376650333404541
1788134426.4104052,10960,13,LR,0.000962989581557791
1788134436.5501227,11000,13,Loss/l_ce,0.07362914085388184
1788134436.5503528,11000,13,Loss/l_total,0.07362914085388184
1788134436.5503862,11000,13,LR,0.000962989581557791
1788134446.6265786,11040,13,Loss/l_ce,0.06005287170410156
1788134446.6267889,11040,13,Loss/l_total,0.06005287170410156
1788134446.626918,11040,13,LR,0.000962989581557791
1788134457.121224,11080,13,Loss/l_ce,0.10386943817138672
1788134457.1213984,11080,13,Loss/l_total,0.10386943817138672
1788134457.1214247,11080,13,LR,0.000962989581557791
1788134467.5577128,11120,13,Loss/l_ce,0.28977489471435547
1788134467.5579338,11120,13,Loss/l_total,0.28977489471435547
1788134467.5579565,11120,13,LR,0.000962989581557791
1788134477.826277,11160,13,Loss/l_ce,0.3489654064178467
1788134477.826454,11160,13,Loss/l_total,0.3489654064178467
1788134477.826481,11160,13,LR,0.000962989581557791
1788134488.2086434,11200,13,Loss/l_ce,0.24675703048706055
1788134488.2088606,11200,13,Loss/l_total,0.24675703048706055
1788134488.2088926,11200,13,LR,0.000962989581557791
1788134498.467297,11240,13,Loss/l_ce,0.09015703201293945
1788134498.4674714,11240,13,Loss/l_total,0.09015703201293945
1788134498.4675226,11240,13,LR,0.000962989581557791
1788134509.1062534,11280,13,Loss/l_ce,0.2092583179473877
1788134509.106524,11280,13,Loss/l_total,0.2092583179473877
1788134509.1065514,11280,13,LR,0.000962989581557791
1788134519.4866343,11320,13,Loss/l_ce,0.172379732131958
1788134519.4868386,11320,13,Loss/l_total,0.172379732131958
1788134519.4868696,11320,13,LR,0.000962989581557791
1788134529.5247526,11360,13,Loss/l_ce,0.2502632141113281
1788134529.52492,11360,13,Loss/l_total,0.2502632141113281
1788134529.5249486,11360,13,LR,0.000962989581557791
1788134562.2862515,11368,13,Val/dense_error,0.06780176609754562
1788134562.286527,11368,13,Val/auc,0.5181995449480664
1788134562.286552,11368,13,Val/pck_max,0.1
1788134562.286572,11368,13,Val/pck_n,100.0
1788134571.97197,11400,14,Loss/l_ce,0.06629490852355957
1788134571.9721978,11400,14,Loss/l_total,0.06629490852355957
1788134571.972223,11400,14,LR,0.0009571721736097084
1788134582.2666676,11440,14,Loss/l_ce,0.062264204025268555
1788134582.2668564,11440,14,Loss/l_total,0.062264204025268555
1788134582.266892,11440,14,LR,0.0009571721736097084
1788134592.5859387,11480,14,Loss/l_ce,0.29096484184265137
1788134592.5861607,11480,14,Loss/l_total,0.29096484184265137
1788134592.5861845,11480,14,LR,0.0009571721736097084
1788134602.7815816,11520,14,Loss/l_ce,0.08125424385070801
1788134602.781775,11520,14,Loss/l_total,0.08125424385070801
1788134602.7817976,11520,14,LR,0.0009571721736097084
1788134613.2462618,11560,14,Loss/l_ce,0.13732266426086426
1788134613.2464921,11560,14,Loss/l_total,0.13732266426086426
1788134613.2465196,11560,14,LR,0.0009571721736097084
1788134623.655954,11600,14,Loss/l_ce,0.12107563018798828
1788134623.6561735,11600,14,Loss/l_total,0.12107563018798828
1788134623.656203,11600,14,LR,0.0009571721736097084
1788134634.1232924,11640,14,Loss/l_ce,0.288466215133667
1788134634.1235085,11640,14,Loss/l_total,0.288466215133667
1788134634.123537,11640,14,LR,0.0009571721736097084
1788134644.427916,11680,14,Loss/l_ce,0.08739423751831055
1788134644.4282684,11680,14,Loss/l_total,0.08739423751831055
1788134644.4283102,11680,14,LR,0.0009571721736097084
1788134655.0310113,11720,14,Loss/l_ce,0.07520866394042969
1788134655.0313413,11720,14,Loss/l_total,0.07520866394042969
1788134655.031366,11720,14,LR,0.0009571721736097084
1788134665.3074484,11760,14,Loss/l_ce,0.15763521194458008
1788134665.307795,11760,14,Loss/l_total,0.15763521194458008
1788134665.3078222,11760,14,LR,0.0009571721736097084
1788134675.862489,11800,14,Loss/l_ce,0.2936434745788574
1788134675.8627124,11800,14,Loss/l_total,0.2936434745788574
1788134675.862736,11800,14,LR,0.0009571721736097084
1788134686.1455348,11840,14,Loss/l_ce,0.1757667064666748
1788134686.145746,11840,14,Loss/l_total,0.1757667064666748
1788134686.145778,11840,14,LR,0.0009571721736097084
1788134696.4738803,11880,14,Loss/l_ce,0.45792531967163086
1788134696.4744835,11880,14,Loss/l_total,0.45792531967163086
1788134696.474513,11880,14,LR,0.0009571721736097084
1788134706.67079,11920,14,Loss/l_ce,0.11279559135437012
1788134706.670974,11920,14,Loss/l_total,0.11279559135437012
1788134706.6709979,11920,14,LR,0.0009571721736097084
1788134716.8425028,11960,14,Loss/l_ce,0.05370330810546875
1788134716.8426857,11960,14,Loss/l_total,0.05370330810546875
1788134716.842707,11960,14,LR,0.0009571721736097084
1788134727.1406295,12000,14,Loss/l_ce,0.29825425148010254
1788134727.1408288,12000,14,Loss/l_total,0.29825425148010254
1788134727.1408515,12000,14,LR,0.0009571721736097084
1788134737.651408,12040,14,Loss/l_ce,0.07208728790283203
1788134737.6516798,12040,14,Loss/l_total,0.07208728790283203
1788134737.6517034,12040,14,LR,0.0009571721736097084
1788134747.6700723,12080,14,Loss/l_ce,0.04747819900512695
1788134747.6702611,12080,14,Loss/l_total,0.04747819900512695
1788134747.6702862,12080,14,LR,0.0009571721736097084
1788134757.830024,12120,14,Loss/l_ce,0.04445934295654297
1788134757.8302698,12120,14,Loss/l_total,0.04445934295654297
1788134757.8302958,12120,14,LR,0.0009571721736097084
1788134768.1554773,12160,14,Loss/l_ce,0.14922261238098145
1788134768.155741,12160,14,Loss/l_total,0.14922261238098145
1788134768.1557825,12160,14,LR,0.0009571721736097084
1788134804.6249204,12180,14,Val/dense_error,0.06306954473257065
1788134804.6252348,12180,14,Val/auc,0.5329847069304513
1788134804.625261,12180,14,Val/pck_max,0.1
1788134804.62531,12180,14,Val/pck_n,100.0
1788134811.482335,12200,15,Loss/l_ce,0.11222648620605469
1788134811.4825866,12200,15,Loss/l_total,0.11222648620605469
1788134811.482614,12200,15,LR,0.0009509529358847651
1788134821.7363536,12240,15,Loss/l_ce,0.15434527397155762
1788134821.7365794,12240,15,Loss/l_total,0.15434527397155762
1788134821.7366028,12240,15,LR,0.0009509529358847651
1788134832.0164347,12280,15,Loss/l_ce,0.11967253684997559
1788134832.0167458,12280,15,Loss/l_total,0.11967253684997559
1788134832.0167706,12280,15,LR,0.0009509529358847651
1788134842.5862489,12320,15,Loss/l_ce,0.13228917121887207
1788134842.5864592,12320,15,Loss/l_total,0.13228917121887207
1788134842.5864816,12320,15,LR,0.0009509529358847651
1788134852.8753867,12360,15,Loss/l_ce,0.3550140857696533
1788134852.8756108,12360,15,Loss/l_total,0.3550140857696533
1788134852.8756394,12360,15,LR,0.0009509529358847651
1788134863.413399,12400,15,Loss/l_ce,0.37699151039123535
1788134863.4137092,12400,15,Loss/l_total,0.37699151039123535
1788134863.413741,12400,15,LR,0.0009509529358847651
1788134873.870607,12440,15,Loss/l_ce,0.05688643455505371
1788134873.8709238,12440,15,Loss/l_total,0.05688643455505371
1788134873.8709486,12440,15,LR,0.0009509529358847651
1788134884.3433537,12480,15,Loss/l_ce,0.36161088943481445
1788134884.3435614,12480,15,Loss/l_total,0.36161088943481445
1788134884.343584,12480,15,LR,0.0009509529358847651
1788134894.7332215,12520,15,Loss/l_ce,0.010568618774414062
1788134894.73358,12520,15,Loss/l_total,0.010568618774414062
1788134894.7336228,12520,15,LR,0.0009509529358847651
1788134905.0933096,12560,15,Loss/l_ce,0.06703734397888184
1788134905.0934722,12560,15,Loss/l_total,0.06703734397888184
1788134905.093497,12560,15,LR,0.0009509529358847651
1788134915.3962283,12600,15,Loss/l_ce,0.04381442070007324
1788134915.3964207,12600,15,Loss/l_total,0.04381442070007324
1788134915.3964539,12600,15,LR,0.0009509529358847651
1788134925.6746435,12640,15,Loss/l_ce,0.03996849060058594
1788134925.674812,12640,15,Loss/l_total,0.03996849060058594
1788134925.6748357,12640,15,LR,0.0009509529358847651
1788134936.2466803,12680,15,Loss/l_ce,0.07354116439819336
1788134936.2468622,12680,15,Loss/l_total,0.07354116439819336
1788134936.246887,12680,15,LR,0.0009509529358847651
1788134946.7012215,12720,15,Loss/l_ce,0.027599811553955078
1788134946.7014315,12720,15,Loss/l_total,0.027599811553955078
1788134946.701467,12720,15,LR,0.0009509529358847651
1788134957.0767658,12760,15,Loss/l_ce,0.08244872093200684
1788134957.0769331,12760,15,Loss/l_total,0.08244872093200684
1788134957.076958,12760,15,LR,0.0009509529358847651
1788134967.4963362,12800,15,Loss/l_ce,0.18083882331848145
1788134967.4965153,12800,15,Loss/l_total,0.18083882331848145
1788134967.4965367,12800,15,LR,0.0009509529358847651
1788134977.8501718,12840,15,Loss/l_ce,0.24378037452697754
1788134977.850369,12840,15,Loss/l_total,0.24378037452697754
1788134977.8503962,12840,15,LR,0.0009509529358847651
1788134988.1797252,12880,15,Loss/l_ce,0.05631113052368164
1788134988.179891,12880,15,Loss/l_total,0.05631113052368164
1788134988.1799173,12880,15,LR,0.0009509529358847651
1788134998.5321515,12920,15,Loss/l_ce,0.06685018539428711
1788134998.5323226,12920,15,Loss/l_total,0.06685018539428711
1788134998.532345,12920,15,LR,0.0009509529358847651
1788135008.545172,12960,15,Loss/l_ce,0.09083008766174316
1788135008.5453498,12960,15,Loss/l_total,0.09083008766174316
1788135008.5453725,12960,15,LR,0.0009509529358847651
1788135047.7699335,12992,15,Val/dense_error,0.059060487896203995
1788135047.7702117,12992,15,Val/auc,0.5341753222635197
1788135047.7702386,12992,15,Val/pck_max,0.1
1788135047.7702568,12992,15,Val/pck_n,100.0
1788135051.2798212,13000,16,Loss/l_ce,0.17330574989318848
1788135051.2799969,13000,16,Loss/l_total,0.17330574989318848
1788135051.2800205,13000,16,LR,0.0009443380060197382
1788135061.5613291,13040,16,Loss/l_ce,0.18841195106506348
1788135061.56148,13040,16,Loss/l_total,0.18841195106506348
1788135061.561505,13040,16,LR,0.0009443380060197382
1788135072.1402657,13080,16,Loss/l_ce,0.06665682792663574
1788135072.1404617,13080,16,Loss/l_total,0.06665682792663574
1788135072.1404865,13080,16,LR,0.0009443380060197382
1788135082.374332,13120,16,Loss/l_ce,0.29558849334716797
1788135082.3745813,13120,16,Loss/l_total,0.29558849334716797
1788135082.3746142,13120,16,LR,0.0009443380060197382
1788135092.6777763,13160,16,Loss/l_ce,0.05489778518676758
1788135092.6779437,13160,16,Loss/l_total,0.05489778518676758
1788135092.6779675,13160,16,LR,0.0009443380060197382
1788135102.9074605,13200,16,Loss/l_ce,0.05378580093383789
1788135102.9076824,13200,16,Loss/l_total,0.05378580093383789
1788135102.9077075,13200,16,LR,0.0009443380060197382
1788135113.1858103,13240,16,Loss/l_ce,0.2750236988067627
1788135113.1859825,13240,16,Loss/l_total,0.2750236988067627
1788135113.1860049,13240,16,LR,0.0009443380060197382
1788135123.3734937,13280,16,Loss/l_ce,0.17257356643676758
1788135123.3736694,13280,16,Loss/l_total,0.17257356643676758
1788135123.3736942,13280,16,LR,0.0009443380060197382
1788135133.7942634,13320,16,Loss/l_ce,0.03819537162780762
1788135133.794515,13320,16,Loss/l_total,0.03819537162780762
1788135133.7945397,13320,16,LR,0.0009443380060197382
1788135144.1716611,13360,16,Loss/l_ce,0.11224699020385742
1788135144.1718497,13360,16,Loss/l_total,0.11224699020385742
1788135144.1718745,13360,16,LR,0.0009443380060197382
1788135154.4047642,13400,16,Loss/l_ce,0.274430513381958
1788135154.4049447,13400,16,Loss/l_total,0.274430513381958
1788135154.4049673,13400,16,LR,0.0009443380060197382
1788135164.7255886,13440,16,Loss/l_ce,0.13318753242492676
1788135164.7257679,13440,16,Loss/l_total,0.13318753242492676
1788135164.725793,13440,16,LR,0.0009443380060197382
1788135175.3062086,13480,16,Loss/l_ce,0.0397489070892334
1788135175.3063557,13480,16,Loss/l_total,0.0397489070892334
1788135175.3063805,13480,16,LR,0.0009443380060197382
1788135186.0994837,13520,16,Loss/l_ce,0.27572131156921387
1788135186.0996356,13520,16,Loss/l_total,0.27572131156921387
1788135186.0996594,13520,16,LR,0.0009443380060197382
1788135197.9112127,13560,16,Loss/l_ce,0.10342764854431152
1788135197.9114075,13560,16,Loss/l_total,0.10342764854431152
1788135197.9114406,13560,16,LR,0.0009443380060197382
1788135207.674311,13600,16,Loss/l_ce,0.19820165634155273
1788135207.6744819,13600,16,Loss/l_total,0.19820165634155273
1788135207.674508,13600,16,LR,0.0009443380060197382
1788135217.102524,13640,16,Loss/l_ce,0.04020190238952637
1788135217.102714,13640,16,Loss/l_total,0.04020190238952637
1788135217.1027353,13640,16,LR,0.0009443380060197382
1788135226.282222,13680,16,Loss/l_ce,0.3069186210632324
1788135226.2824798,13680,16,Loss/l_total,0.3069186210632324
1788135226.2825024,13680,16,LR,0.0009443380060197382
1788135235.5631502,13720,16,Loss/l_ce,0.14753198623657227
1788135235.5633852,13720,16,Loss/l_total,0.14753198623657227
1788135235.5634089,13720,16,LR,0.0009443380060197382
1788135245.3432562,13760,16,Loss/l_ce,0.05510711669921875
1788135245.343501,13760,16,Loss/l_total,0.05510711669921875
1788135245.3435247,13760,16,LR,0.0009443380060197382
1788135254.5002058,13800,16,Loss/l_ce,0.07694292068481445
1788135254.5003483,13800,16,Loss/l_total,0.07694292068481445
1788135254.500371,13800,16,LR,0.0009443380060197382
1788135284.9694796,13804,16,Val/dense_error,0.062256600707769394
1788135284.9697506,13804,16,Val/auc,0.5480650552841347
1788135284.9697766,13804,16,Val/pck_max,0.1
1788135284.969797,13804,16,Val/pck_n,100.0
1788135294.8827198,13840,17,Loss/l_ce,0.03970909118652344
1788135294.8829322,13840,17,Loss/l_total,0.03970909118652344
1788135294.882956,13840,17,LR,0.0009373339121517743
1788135304.2558463,13880,17,Loss/l_ce,0.054155826568603516
1788135304.2561834,13880,17,Loss/l_total,0.054155826568603516
1788135304.2562094,13880,17,LR,0.0009373339121517743
1788135313.5401008,13920,17,Loss/l_ce,0.12720751762390137
1788135313.540362,13920,17,Loss/l_total,0.12720751762390137
1788135313.5403836,13920,17,LR,0.0009373339121517743
1788135323.1882155,13960,17,Loss/l_ce,0.14953327178955078
1788135323.18851,13960,17,Loss/l_total,0.14953327178955078
1788135323.1885338,13960,17,LR,0.0009373339121517743
1788135332.6411495,14000,17,Loss/l_ce,0.08904623985290527
1788135332.6413143,14000,17,Loss/l_total,0.08904623985290527
1788135332.641338,14000,17,LR,0.0009373339121517743
1788135341.9154227,14040,17,Loss/l_ce,0.04396557807922363
1788135341.9156199,14040,17,Loss/l_total,0.04396557807922363
1788135341.9156446,14040,17,LR,0.0009373339121517743
1788135351.40131,14080,17,Loss/l_ce,0.26224184036254883
1788135351.4014857,14080,17,Loss/l_total,0.26224184036254883
1788135351.401508,14080,17,LR,0.0009373339121517743
1788135360.845548,14120,17,Loss/l_ce,0.16805577278137207
1788135360.845776,14120,17,Loss/l_total,0.16805577278137207
1788135360.8458009,14120,17,LR,0.0009373339121517743
1788135370.286481,14160,17,Loss/l_ce,0.09676718711853027
1788135370.2866554,14160,17,Loss/l_total,0.09676718711853027
1788135370.286679,14160,17,LR,0.0009373339121517743
1788135379.7199788,14200,17,Loss/l_ce,0.049166202545166016
1788135379.7201734,14200,17,Loss/l_total,0.049166202545166016
1788135379.7201984,14200,17,LR,0.0009373339121517743
1788135389.397637,14240,17,Loss/l_ce,0.12888383865356445
1788135389.3978553,14240,17,Loss/l_total,0.12888383865356445
1788135389.3978791,14240,17,LR,0.0009373339121517743
1788135399.0511239,14280,17,Loss/l_ce,0.12579035758972168
1788135399.0512784,14280,17,Loss/l_total,0.12579035758972168
1788135399.0512996,14280,17,LR,0.0009373339121517743
1788135408.428015,14320,17,Loss/l_ce,0.0835881233215332
1788135408.4282289,14320,17,Loss/l_total,0.0835881233215332
1788135408.4282537,14320,17,LR,0.0009373339121517743
1788135417.8592868,14360,17,Loss/l_ce,0.046947479248046875
1788135417.8594825,14360,17,Loss/l_total,0.046947479248046875
1788135417.8595254,14360,17,LR,0.0009373339121517743
1788135427.4669573,14400,17,Loss/l_ce,0.08496451377868652
1788135427.4671602,14400,17,Loss/l_total,0.08496451377868652
1788135427.4671855,14400,17,LR,0.0009373339121517743
1788135436.925963,14440,17,Loss/l_ce,0.0499577522277832
1788135436.9261708,14440,17,Loss/l_total,0.0499577522277832
1788135436.9261982,14440,17,LR,0.0009373339121517743
1788135446.4279382,14480,17,Loss/l_ce,0.05113649368286133
1788135446.4281318,14480,17,Loss/l_total,0.05113649368286133
1788135446.428158,14480,17,LR,0.0009373339121517743
1788135456.0595696,14520,17,Loss/l_ce,0.09191751480102539
1788135456.0597298,14520,17,Loss/l_total,0.09191751480102539
1788135456.0597515,14520,17,LR,0.0009373339121517743
1788135465.543017,14560,17,Loss/l_ce,0.03695797920227051
1788135465.5432131,14560,17,Loss/l_total,0.03695797920227051
1788135465.5432365,14560,17,LR,0.0009373339121517743
1788135475.13275,14600,17,Loss/l_ce,0.05930137634277344
1788135475.1329389,14600,17,Loss/l_total,0.05930137634277344
1788135475.1329648,14600,17,LR,0.0009373339121517743
1788135508.2061548,14616,17,Val/dense_error,0.057016585022211075
1788135508.206423,14616,17,Val/auc,0.5426129383316319
1788135508.2064455,14616,17,Val/pck_max,0.1
1788135508.2064657,14616,17,Val/pck_n,100.0
1788135515.3544426,14640,18,Loss/l_ce,0.2740604877471924
1788135515.3546312,14640,18,Loss/l_total,0.2740604877471924
1788135515.3546562,14640,18,LR,0.0009299475664759064
1788135525.2388313,14680,18,Loss/l_ce,0.05103564262390137
1788135525.2391684,14680,18,Loss/l_total,0.05103564262390137
1788135525.2392159,14680,18,LR,0.0009299475664759064
1788135534.9423084,14720,18,Loss/l_ce,0.21624517440795898
1788135534.9425411,14720,18,Loss/l_total,0.21624517440795898
1788135534.9425647,14720,18,LR,0.0009299475664759064
1788135544.263398,14760,18,Loss/l_ce,0.1424102783203125
1788135544.2636483,14760,18,Loss/l_total,0.1424102783203125
1788135544.26371,14760,18,LR,0.0009299475664759064
1788135553.8505092,14800,18,Loss/l_ce,0.041507720947265625
1788135553.850666,14800,18,Loss/l_total,0.041507720947265625
1788135553.8506908,14800,18,LR,0.0009299475664759064
1788135563.190745,14840,18,Loss/l_ce,0.06751561164855957
1788135563.1909041,14840,18,Loss/l_total,0.06751561164855957
1788135563.1909266,14840,18,LR,0.0009299475664759064
1788135572.585848,14880,18,Loss/l_ce,0.041871070861816406
1788135572.5860581,14880,18,Loss/l_total,0.041871070861816406
1788135572.586088,14880,18,LR,0.0009299475664759064
1788135581.6440623,14920,18,Loss/l_ce,0.24259543418884277
1788135581.6442378,14920,18,Loss/l_total,0.24259543418884277
1788135581.6442604,14920,18,LR,0.0009299475664759064
1788135591.2423437,14960,18,Loss/l_ce,0.052294015884399414
1788135591.2425728,14960,18,Loss/l_total,0.052294015884399414
1788135591.2425966,14960,18,LR,0.0009299475664759064
1788135600.6342611,15000,18,Loss/l_ce,0.05209922790527344
1788135600.6344156,15000,18,Loss/l_total,0.05209922790527344
1788135600.6344395,15000,18,LR,0.0009299475664759064
1788135610.268995,15040,18,Loss/l_ce,0.059253692626953125
1788135610.2692358,15040,18,Loss/l_total,0.059253692626953125
1788135610.2692597,15040,18,LR,0.0009299475664759064
1788135619.7222223,15080,18,Loss/l_ce,0.10522937774658203
1788135619.7224061,15080,18,Loss/l_total,0.10522937774658203
1788135619.7224407,15080,18,LR,0.0009299475664759064
1788135629.3831644,15120,18,Loss/l_ce,0.1372833251953125
1788135629.383326,15120,18,Loss/l_total,0.1372833251953125
1788135629.3833508,15120,18,LR,0.0009299475664759064
1788135638.7395463,15160,18,Loss/l_ce,0.14253973960876465
1788135638.7397113,15160,18,Loss/l_total,0.14253973960876465
1788135638.7397337,15160,18,LR,0.0009299475664759064
1788135648.4034176,15200,18,Loss/l_ce,0.004139900207519531
1788135648.4035954,15200,18,Loss/l_total,0.004139900207519531
1788135648.4036193,15200,18,LR,0.0009299475664759064
1788135657.8986857,15240,18,Loss/l_ce,0.041498661041259766
1788135657.8989587,15240,18,Loss/l_total,0.041498661041259766
1788135657.8989847,15240,18,LR,0.0009299475664759064
1788135667.4917738,15280,18,Loss/l_ce,0.0637977123260498
1788135667.4919198,15280,18,Loss/l_total,0.0637977123260498
1788135667.4919436,15280,18,LR,0.0009299475664759064
1788135676.7329261,15320,18,Loss/l_ce,0.16957759857177734
1788135676.7332053,15320,18,Loss/l_total,0.16957759857177734
1788135676.7332385,15320,18,LR,0.0009299475664759064
1788135686.3578613,15360,18,Loss/l_ce,0.06983280181884766
1788135686.3581262,15360,18,Loss/l_total,0.06983280181884766
1788135686.3581607,15360,18,LR,0.0009299475664759064
1788135695.877912,15400,18,Loss/l_ce,0.17277121543884277
1788135695.878197,15400,18,Loss/l_total,0.17277121543884277
1788135695.8782253,15400,18,LR,0.0009299475664759064
1788135732.3393497,15428,18,Val/dense_error,0.0575198270380497
1788135732.339592,15428,18,Val/auc,0.5540150151554111
1788135732.3396158,15428,18,Val/pck_max,0.1
1788135732.339632,15428,18,Val/pck_n,100.0
1788135736.6863008,15440,19,Loss/l_ce,0.08662796020507812
1788135736.6864574,15440,19,Loss/l_total,0.08662796020507812
1788135736.686487,15440,19,LR,0.0009221862584235525
1788135745.9623275,15480,19,Loss/l_ce,0.04310965538024902
1788135745.9624996,15480,19,Loss/l_total,0.04310965538024902
1788135745.9625247,15480,19,LR,0.0009221862584235525
1788135755.533852,15520,19,Loss/l_ce,0.019780635833740234
1788135755.5341167,15520,19,Loss/l_total,0.019780635833740234
1788135755.5341632,15520,19,LR,0.0009221862584235525
1788135765.0600958,15560,19,Loss/l_ce,0.042845964431762695
1788135765.0603309,15560,19,Loss/l_total,0.042845964431762695
1788135765.0603557,15560,19,LR,0.0009221862584235525
1788135774.527277,15600,19,Loss/l_ce,0.12939739227294922
1788135774.5274444,15600,19,Loss/l_total,0.12939739227294922
1788135774.5274682,15600,19,LR,0.0009221862584235525
1788135784.0045116,15640,19,Loss/l_ce,0.046263933181762695
1788135784.0046704,15640,19,Loss/l_total,0.046263933181762695
1788135784.0046942,15640,19,LR,0.0009221862584235525
1788135793.5993116,15680,19,Loss/l_ce,0.0577235221862793
1788135793.5995064,15680,19,Loss/l_total,0.0577235221862793
1788135793.599529,15680,19,LR,0.0009221862584235525
1788135803.0341287,15720,19,Loss/l_ce,0.013596296310424805
1788135803.034288,15720,19,Loss/l_total,0.013596296310424805
1788135803.0343118,15720,19,LR,0.0009221862584235525
1788135812.519464,15760,19,Loss/l_ce,0.15907621383666992
1788135812.519643,15760,19,Loss/l_total,0.15907621383666992
1788135812.5196695,15760,19,LR,0.0009221862584235525
1788135822.0182548,15800,19,Loss/l_ce,0.09536170959472656
1788135822.0184174,15800,19,Loss/l_total,0.09536170959472656
1788135822.0184388,15800,19,LR,0.0009221862584235525
1788135831.4489448,15840,19,Loss/l_ce,0.07360386848449707
1788135831.4491384,15840,19,Loss/l_total,0.07360386848449707
1788135831.4491646,15840,19,LR,0.0009221862584235525
1788135840.901634,15880,19,Loss/l_ce,0.04861569404602051
1788135840.901855,15880,19,Loss/l_total,0.04861569404602051
1788135840.901881,15880,19,LR,0.0009221862584235525
1788135850.4767158,15920,19,Loss/l_ce,0.04698014259338379
1788135850.4768858,15920,19,Loss/l_total,0.04698014259338379
1788135850.4769094,15920,19,LR,0.0009221862584235525
1788135859.9732175,15960,19,Loss/l_ce,0.05328512191772461
1788135859.9733768,15960,19,Loss/l_total,0.05328512191772461
1788135859.9733994,15960,19,LR,0.0009221862584235525
1788135869.369216,16000,19,Loss/l_ce,0.04756760597229004
1788135869.3693717,16000,19,Loss/l_total,0.04756760597229004
1788135869.3693964,16000,19,LR,0.0009221862584235525
1788135878.6895006,16040,19,Loss/l_ce,0.19806909561157227
1788135878.6896691,16040,19,Loss/l_total,0.19806909561157227
1788135878.689693,16040,19,LR,0.0009221862584235525
1788135888.1400077,16080,19,Loss/l_ce,0.044794559478759766
1788135888.140194,16080,19,Loss/l_total,0.044794559478759766
1788135888.1402192,16080,19,LR,0.0009221862584235525
1788135897.8173358,16120,19,Loss/l_ce,0.054445743560791016
1788135897.817502,16120,19,Loss/l_total,0.054445743560791016
1788135897.8175244,16120,19,LR,0.0009221862584235525
1788135907.2928069,16160,19,Loss/l_ce,0.04160714149475098
1788135907.2930574,16160,19,Loss/l_total,0.04160714149475098
1788135907.2930918,16160,19,LR,0.0009221862584235525
1788135917.3598254,16200,19,Loss/l_ce,0.03829503059387207
1788135917.3599927,16200,19,Loss/l_total,0.03829503059387207
1788135917.3600166,16200,19,LR,0.0009221862584235525
1788135927.2525146,16240,19,Loss/l_ce,0.04095149040222168
1788135927.2527413,16240,19,Loss/l_total,0.04095149040222168
1788135927.252764,16240,19,LR,0.0009221862584235525
1788135957.225623,16240,19,Val/dense_error,0.05200578272342682
1788135957.225872,16240,19,Val/auc,0.5718925563165728
1788135957.225897,16240,19,Val/pck_max,0.1
1788135957.225916,16240,19,Val/pck_n,100.0
1788135968.6882014,16280,20,Loss/l_ce,0.34456968307495117
1788135968.6883996,16280,20,Loss/l_total,0.34456968307495117
1788135968.6884246,16280,20,LR,0.000914057647468726
1788135978.6881294,16320,20,Loss/l_ce,0.04119515419006348
1788135978.688367,16320,20,Loss/l_total,0.04119515419006348
1788135978.6883955,16320,20,LR,0.000914057647468726
1788135989.7368336,16360,20,Loss/l_ce,0.0641322135925293
1788135989.737089,16360,20,Loss/l_total,0.0641322135925293
1788135989.737114,16360,20,LR,0.000914057647468726
1788135999.9806297,16400,20,Loss/l_ce,0.10306262969970703
1788135999.9807937,16400,20,Loss/l_total,0.10306262969970703
1788135999.9808161,16400,20,LR,0.000914057647468726
1788136009.3376458,16440,20,Loss/l_ce,0.034857749938964844
1788136009.3378701,16440,20,Loss/l_total,0.034857749938964844
1788136009.3378952,16440,20,LR,0.000914057647468726
1788136019.021618,16480,20,Loss/l_ce,0.12972593307495117
1788136019.021777,16480,20,Loss/l_total,0.12972593307495117
1788136019.0217993,16480,20,LR,0.000914057647468726
1788136028.6873887,16520,20,Loss/l_ce,0.036162614822387695
1788136028.687548,16520,20,Loss/l_total,0.036162614822387695
1788136028.6875718,16520,20,LR,0.000914057647468726
1788136038.1145396,16560,20,Loss/l_ce,0.04050779342651367
1788136038.1147377,16560,20,Loss/l_total,0.04050779342651367
1788136038.1147637,16560,20,LR,0.000914057647468726
1788136047.5251749,16600,20,Loss/l_ce,0.0432283878326416
1788136047.5254052,16600,20,Loss/l_total,0.0432283878326416
1788136047.5254264,16600,20,LR,0.000914057647468726
1788136056.928945,16640,20,Loss/l_ce,0.2189188003540039
1788136056.9291482,16640,20,Loss/l_total,0.2189188003540039
1788136056.9291732,16640,20,LR,0.000914057647468726
1788136066.4830937,16680,20,Loss/l_ce,0.21666526794433594
1788136066.4832554,16680,20,Loss/l_total,0.21666526794433594
1788136066.4832778,16680,20,LR,0.000914057647468726
1788136075.9312549,16720,20,Loss/l_ce,0.049504756927490234
1788136075.931433,16720,20,Loss/l_total,0.049504756927490234
1788136075.9314566,16720,20,LR,0.000914057647468726
1788136085.3911583,16760,20,Loss/l_ce,0.19107508659362793
1788136085.3913195,16760,20,Loss/l_total,0.19107508659362793
1788136085.3913422,16760,20,LR,0.000914057647468726
1788136094.8858066,16800,20,Loss/l_ce,0.04276633262634277
1788136094.885981,16800,20,Loss/l_total,0.04276633262634277
1788136094.886006,16800,20,LR,0.000914057647468726
1788136104.5928726,16840,20,Loss/l_ce,0.1855790615081787
1788136104.5930748,16840,20,Loss/l_total,0.1855790615081787
1788136104.5931017,16840,20,LR,0.000914057647468726
1788136113.8423326,16880,20,Loss/l_ce,0.00583338737487793
1788136113.8424823,16880,20,Loss/l_total,0.00583338737487793
1788136113.8425086,16880,20,LR,0.000914057647468726
1788136123.2196157,16920,20,Loss/l_ce,0.036107778549194336
1788136123.2197952,16920,20,Loss/l_total,0.036107778549194336
1788136123.21982,16920,20,LR,0.000914057647468726
1788136132.658465,16960,20,Loss/l_ce,0.06364750862121582
1788136132.6586454,16960,20,Loss/l_total,0.06364750862121582
1788136132.6586704,16960,20,LR,0.000914057647468726
1788136142.1131382,17000,20,Loss/l_ce,0.04029679298400879
1788136142.1133318,17000,20,Loss/l_total,0.04029679298400879
1788136142.1133556,17000,20,LR,0.000914057647468726
1788136151.6533113,17040,20,Loss/l_ce,0.042630672454833984
1788136151.653558,17040,20,Loss/l_total,0.042630672454833984
1788136151.65359,17040,20,LR,0.000914057647468726
1788136184.8394163,17052,20,Val/dense_error,0.055500276386737823
1788136184.839662,17052,20,Val/auc,0.5645164034274346
1788136184.839686,17052,20,Val/pck_max,0.1
1788136184.839725,17052,20,Val/pck_n,100.0
1788136193.0828288,17080,21,Loss/l_ce,0.09723806381225586
1788136193.0829842,17080,21,Loss/l_total,0.09723806381225586
1788136193.0830092,17080,21,LR,0.0009055697555690602
1788136202.7484763,17120,21,Loss/l_ce,0.07438158988952637
1788136202.7486994,17120,21,Loss/l_total,0.07438158988952637
1788136202.7487206,17120,21,LR,0.0009055697555690602
1788136212.2145712,17160,21,Loss/l_ce,0.06557297706604004
1788136212.2147517,17160,21,Loss/l_total,0.06557297706604004
1788136212.2147756,17160,21,LR,0.0009055697555690602
1788136222.1360822,17200,21,Loss/l_ce,0.04281282424926758
1788136222.1362565,17200,21,Loss/l_total,0.04281282424926758
1788136222.1362803,17200,21,LR,0.0009055697555690602
1788136231.764426,17240,21,Loss/l_ce,0.07822036743164062
1788136231.7646003,17240,21,Loss/l_total,0.07822036743164062
1788136231.764624,17240,21,LR,0.0009055697555690602
1788136241.3429437,17280,21,Loss/l_ce,0.10111260414123535
1788136241.3431218,17280,21,Loss/l_total,0.10111260414123535
1788136241.3431468,17280,21,LR,0.0009055697555690602
1788136251.0836127,17320,21,Loss/l_ce,0.07975506782531738
1788136251.083778,17320,21,Loss/l_total,0.07975506782531738
1788136251.0838015,17320,21,LR,0.0009055697555690602
1788136260.218576,17360,21,Loss/l_ce,0.034813642501831055
1788136260.2188015,17360,21,Loss/l_total,0.034813642501831055
1788136260.2188265,17360,21,LR,0.0009055697555690602
1788136269.730224,17400,21,Loss/l_ce,0.07027673721313477
1788136269.7304115,17400,21,Loss/l_total,0.07027673721313477
1788136269.7304485,17400,21,LR,0.0009055697555690602
1788136279.207361,17440,21,Loss/l_ce,0.10285091400146484
1788136279.2075212,17440,21,Loss/l_total,0.10285091400146484
1788136279.2075734,17440,21,LR,0.0009055697555690602
1788136288.686166,17480,21,Loss/l_ce,0.07028961181640625
1788136288.6863382,17480,21,Loss/l_total,0.07028961181640625
1788136288.6863608,17480,21,LR,0.0009055697555690602
1788136298.2815387,17520,21,Loss/l_ce,0.07515454292297363
1788136298.2817297,17520,21,Loss/l_total,0.07515454292297363
1788136298.2817535,17520,21,LR,0.0009055697555690602
1788136307.7839663,17560,21,Loss/l_ce,0.03427243232727051
1788136307.7841668,17560,21,Loss/l_total,0.03427243232727051
1788136307.7841942,17560,21,LR,0.0009055697555690602
1788136317.4682174,17600,21,Loss/l_ce,0.1008915901184082
1788136317.4683943,17600,21,Loss/l_total,0.1008915901184082
1788136317.468423,17600,21,LR,0.0009055697555690602
1788136326.8423245,17640,21,Loss/l_ce,0.05717778205871582
1788136326.842513,17640,21,Loss/l_total,0.05717778205871582
1788136326.8425393,17640,21,LR,0.0009055697555690602
1788136336.1811333,17680,21,Loss/l_ce,0.08292269706726074
1788136336.1813111,17680,21,Loss/l_total,0.08292269706726074
1788136336.1813374,17680,21,LR,0.0009055697555690602
1788136345.8032439,17720,21,Loss/l_ce,0.1786966323852539
1788136345.8034217,17720,21,Loss/l_total,0.1786966323852539
1788136345.8034432,17720,21,LR,0.0009055697555690602
1788136355.526343,17760,21,Loss/l_ce,0.035507917404174805
1788136355.526557,17760,21,Loss/l_total,0.035507917404174805
1788136355.5265808,17760,21,LR,0.0009055697555690602
1788136365.1695235,17800,21,Loss/l_ce,0.10473012924194336
1788136365.169857,17800,21,Loss/l_total,0.10473012924194336
1788136365.169889,17800,21,LR,0.0009055697555690602
1788136375.1416368,17840,21,Loss/l_ce,0.054902076721191406
1788136375.1419227,17840,21,Loss/l_total,0.054902076721191406
1788136375.141949,17840,21,LR,0.0009055697555690602
1788136410.8995888,17864,21,Val/dense_error,0.05901806056499481
1788136410.8998868,17864,21,Val/auc,0.559890496635161
1788136410.8999119,17864,21,Val/pck_max,0.1
1788136410.899933,17864,21,Val/pck_n,100.0
1788136416.3132217,17880,22,Loss/l_ce,0.056292057037353516
1788136416.313376,17880,22,Loss/l_total,0.056292057037353516
1788136416.3133986,17880,22,LR,0.0008967309592491047
1788136425.8518794,17920,22,Loss/l_ce,0.04088425636291504
1788136425.8521206,17920,22,Loss/l_total,0.04088425636291504
1788136425.8521502,17920,22,LR,0.0008967309592491047
1788136435.3235013,17960,22,Loss/l_ce,0.06743168830871582
1788136435.3236845,17960,22,Loss/l_total,0.06743168830871582
1788136435.3237078,17960,22,LR,0.0008967309592491047
1788136445.412078,18000,22,Loss/l_ce,0.0394899845123291
1788136445.4122498,18000,22,Loss/l_total,0.0394899845123291
1788136445.4122748,18000,22,LR,0.0008967309592491047
1788136454.8911512,18040,22,Loss/l_ce,0.17766356468200684
1788136454.891315,18040,22,Loss/l_total,0.17766356468200684
1788136454.8913388,18040,22,LR,0.0008967309592491047
1788136464.4009554,18080,22,Loss/l_ce,0.10591983795166016
1788136464.4011455,18080,22,Loss/l_total,0.10591983795166016
1788136464.401169,18080,22,LR,0.0008967309592491047
1788136473.8494048,18120,22,Loss/l_ce,0.17711329460144043
1788136473.849557,18120,22,Loss/l_total,0.17711329460144043
1788136473.8495817,18120,22,LR,0.0008967309592491047
1788136483.5047846,18160,22,Loss/l_ce,0.10929393768310547
1788136483.5050128,18160,22,Loss/l_total,0.10929393768310547
1788136483.5050685,18160,22,LR,0.0008967309592491047
1788136493.1387172,18200,22,Loss/l_ce,0.0425877571105957
1788136493.1388834,18200,22,Loss/l_total,0.0425877571105957
1788136493.1389072,18200,22,LR,0.0008967309592491047
1788136502.660708,18240,22,Loss/l_ce,0.033606529235839844
1788136502.6608834,18240,22,Loss/l_total,0.033606529235839844
1788136502.660906,18240,22,LR,0.0008967309592491047
1788136511.8526826,18280,22,Loss/l_ce,0.03818774223327637
1788136511.8528545,18280,22,Loss/l_total,0.03818774223327637
1788136511.8528795,18280,22,LR,0.0008967309592491047
1788136521.4153962,18320,22,Loss/l_ce,0.05897188186645508
1788136521.4155684,18320,22,Loss/l_total,0.05897188186645508
1788136521.415592,18320,22,LR,0.0008967309592491047
1788136530.6655555,18360,22,Loss/l_ce,0.0890204906463623
1788136530.6657264,18360,22,Loss/l_total,0.0890204906463623
1788136530.665749,18360,22,LR,0.0008967309592491047
1788136540.3479378,18400,22,Loss/l_ce,0.18853497505187988
1788136540.3481443,18400,22,Loss/l_total,0.18853497505187988
1788136540.348166,18400,22,LR,0.0008967309592491047
1788136550.0021706,18440,22,Loss/l_ce,0.030392885208129883
1788136550.002389,18440,22,Loss/l_total,0.030392885208129883
1788136550.002414,18440,22,LR,0.0008967309592491047
1788136559.4889984,18480,22,Loss/l_ce,0.03307938575744629
1788136559.4892714,18480,22,Loss/l_total,0.03307938575744629
1788136559.4892974,18480,22,LR,0.0008967309592491047
1788136568.8987515,18520,22,Loss/l_ce,0.06763911247253418
1788136568.8989842,18520,22,Loss/l_total,0.06763911247253418
1788136568.8990116,18520,22,LR,0.0008967309592491047
1788136578.3744543,18560,22,Loss/l_ce,0.03127765655517578
1788136578.374694,18560,22,Loss/l_total,0.03127765655517578
1788136578.3747203,18560,22,LR,0.0008967309592491047
1788136587.9561088,18600,22,Loss/l_ce,0.03979015350341797
1788136587.9562776,18600,22,Loss/l_total,0.03979015350341797
1788136587.9563,18600,22,LR,0.0008967309592491047
1788136597.958605,18640,22,Loss/l_ce,0.03936314582824707
1788136597.958846,18640,22,Loss/l_total,0.03936314582824707
1788136597.9588723,18640,22,LR,0.0008967309592491047
1788136636.2380047,18676,22,Val/dense_error,0.06740313768386841
1788136636.238292,18676,22,Val/auc,0.5515453454576622
1788136636.2383194,18676,22,Val/pck_max,0.1
1788136636.2383373,18676,22,Val/pck_n,100.0
1788136638.7550936,18680,23,Loss/l_ce,0.0634756088256836
1788136638.7552586,18680,23,Loss/l_total,0.0634756088256836
1788136638.7552848,18680,23,LR,0.0008875499813337064
1788136648.4472654,18720,23,Loss/l_ce,0.029602527618408203
1788136648.4474196,18720,23,Loss/l_total,0.029602527618408203
1788136648.4474432,18720,23,LR,0.0008875499813337064
1788136657.89112,18760,23,Loss/l_ce,0.0050013065338134766
1788136657.8914106,18760,23,Loss/l_total,0.0050013065338134766
1788136657.891444,18760,23,LR,0.0008875499813337064
1788136667.6734617,18800,23,Loss/l_ce,0.03513193130493164
1788136667.673658,18800,23,Loss/l_total,0.03513193130493164
1788136667.673684,18800,23,LR,0.0008875499813337064
1788136677.1863186,18840,23,Loss/l_ce,0.03443479537963867
1788136677.186472,18840,23,Loss/l_total,0.03443479537963867
1788136677.1864955,18840,23,LR,0.0008875499813337064
1788136686.7097518,18880,23,Loss/l_ce,0.0368039608001709
1788136686.7099216,18880,23,Loss/l_total,0.0368039608001709
1788136686.7099454,18880,23,LR,0.0008875499813337064
1788136696.612938,18920,23,Loss/l_ce,0.048417091369628906
1788136696.6131847,18920,23,Loss/l_total,0.048417091369628906
1788136696.6132135,18920,23,LR,0.0008875499813337064
1788136706.3271232,18960,23,Loss/l_ce,0.042641401290893555
1788136706.3274343,18960,23,Loss/l_total,0.042641401290893555
1788136706.3274617,18960,23,LR,0.0008875499813337064
1788136715.8824327,19000,23,Loss/l_ce,0.07591390609741211
1788136715.8826609,19000,23,Loss/l_total,0.07591390609741211
1788136715.8826892,19000,23,LR,0.0008875499813337064
1788136725.7993298,19040,23,Loss/l_ce,0.030237197875976562
1788136725.7994986,19040,23,Loss/l_total,0.030237197875976562
1788136725.7995224,19040,23,LR,0.0008875499813337064
1788136735.4720085,19080,23,Loss/l_ce,0.1052851676940918
1788136735.4722564,19080,23,Loss/l_total,0.1052851676940918
1788136735.4722862,19080,23,LR,0.0008875499813337064
1788136745.2289257,19120,23,Loss/l_ce,0.03877520561218262
1788136745.2291858,19120,23,Loss/l_total,0.03877520561218262
1788136745.2292106,19120,23,LR,0.0008875499813337064
1788136754.886205,19160,23,Loss/l_ce,0.01642322540283203
1788136754.8864746,19160,23,Loss/l_total,0.01642322540283203
1788136754.8864996,19160,23,LR,0.0008875499813337064
1788136764.720959,19200,23,Loss/l_ce,0.14202451705932617
1788136764.721149,19200,23,Loss/l_total,0.14202451705932617
1788136764.7211738,19200,23,LR,0.0008875499813337064
1788136774.3517022,19240,23,Loss/l_ce,0.1518106460571289
1788136774.3519256,19240,23,Loss/l_total,0.1518106460571289
1788136774.3519492,19240,23,LR,0.0008875499813337064
1788136783.9877279,19280,23,Loss/l_ce,0.029913663864135742
1788136783.9879167,19280,23,Loss/l_total,0.029913663864135742
1788136783.9879403,19280,23,LR,0.0008875499813337064
1788136793.4206405,19320,23,Loss/l_ce,0.05529308319091797
1788136793.4209065,19320,23,Loss/l_total,0.05529308319091797
1788136793.4209445,19320,23,LR,0.0008875499813337064
1788136803.0622559,19360,23,Loss/l_ce,0.03397798538208008
1788136803.062471,19360,23,Loss/l_total,0.03397798538208008
1788136803.0624957,19360,23,LR,0.0008875499813337064
1788136812.6445837,19400,23,Loss/l_ce,0.02525615692138672
1788136812.644745,19400,23,Loss/l_total,0.02525615692138672
1788136812.6447678,19400,23,LR,0.0008875499813337064
1788136822.2234871,19440,23,Loss/l_ce,0.1534132957458496
1788136822.2236524,19440,23,Loss/l_total,0.1534132957458496
1788136822.2236762,19440,23,LR,0.0008875499813337064
1788136831.7535646,19480,23,Loss/l_ce,0.06295442581176758
1788136831.753707,19480,23,Loss/l_total,0.06295442581176758
1788136831.7537308,19480,23,LR,0.0008875499813337064
1788136864.2915955,19488,23,Val/dense_error,0.05363776534795761
1788136864.291898,19488,23,Val/auc,0.5740951557228235
1788136864.291929,19488,23,Val/pck_max,0.1
1788136864.2919517,19488,23,Val/pck_n,100.0
1788136873.3755689,19520,24,Loss/l_ce,0.05755805969238281
1788136873.3757412,19520,24,Loss/l_total,0.05755805969238281
1788136873.375765,19520,24,LR,0.0008780358823396348
1788136882.6310272,19560,24,Loss/l_ce,0.1822032928466797
1788136882.6312969,19560,24,Loss/l_total,0.1822032928466797
1788136882.631324,19560,24,LR,0.0008780358823396348
1788136892.15835,19600,24,Loss/l_ce,0.0465397834777832
1788136892.1585805,19600,24,Loss/l_total,0.0465397834777832
1788136892.1586053,19600,24,LR,0.0008780358823396348
1788136902.0322585,19640,24,Loss/l_ce,0.035375356674194336
1788136902.03256,19640,24,Loss/l_total,0.035375356674194336
1788136902.032585,19640,24,LR,0.0008780358823396348
1788136911.5389783,19680,24,Loss/l_ce,0.1943671703338623
1788136911.539174,19680,24,Loss/l_total,0.1943671703338623
1788136911.5391989,19680,24,LR,0.0008780358823396348
1788136920.8306026,19720,24,Loss/l_ce,0.06917500495910645
1788136920.830934,19720,24,Loss/l_total,0.06917500495910645
1788136920.8309731,19720,24,LR,0.0008780358823396348
1788136930.3494055,19760,24,Loss/l_ce,0.09188461303710938
1788136930.3496332,19760,24,Loss/l_total,0.09188461303710938
1788136930.349657,19760,24,LR,0.0008780358823396348
1788136939.8805506,19800,24,Loss/l_ce,0.18968558311462402
1788136939.8808224,19800,24,Loss/l_total,0.18968558311462402
1788136939.8808475,19800,24,LR,0.0008780358823396348
1788136949.3877122,19840,24,Loss/l_ce,0.29430437088012695
1788136949.3879497,19840,24,Loss/l_total,0.29430437088012695
1788136949.3879733,19840,24,LR,0.0008780358823396348
1788136958.7624495,19880,24,Loss/l_ce,0.05162215232849121
1788136958.7627237,19880,24,Loss/l_total,0.05162215232849121
1788136958.7627547,19880,24,LR,0.0008780358823396348
1788136968.5978425,19920,24,Loss/l_ce,0.07068228721618652
1788136968.5980763,19920,24,Loss/l_total,0.07068228721618652
1788136968.5981035,19920,24,LR,0.0008780358823396348
1788136978.0755925,19960,24,Loss/l_ce,0.11314725875854492
1788136978.075811,19960,24,Loss/l_total,0.11314725875854492
1788136978.0758345,19960,24,LR,0.0008780358823396348
1788136987.7079568,20000,24,Loss/l_ce,0.14886856079101562
1788136987.7081738,20000,24,Loss/l_total,0.14886856079101562
1788136987.7082083,20000,24,LR,0.0008780358823396348
1788136997.2270558,20040,24,Loss/l_ce,0.04532909393310547
1788136997.227259,20040,24,Loss/l_total,0.04532909393310547
1788136997.2273016,20040,24,LR,0.0008780358823396348
1788137006.8198078,20080,24,Loss/l_ce,0.13045406341552734
1788137006.8199918,20080,24,Loss/l_total,0.13045406341552734
1788137006.8200142,20080,24,LR,0.0008780358823396348
1788137016.6702845,20120,24,Loss/l_ce,0.028730392456054688
1788137016.6704545,20120,24,Loss/l_total,0.028730392456054688
1788137016.670502,20120,24,LR,0.0008780358823396348
1788137026.3791332,20160,24,Loss/l_ce,0.03305959701538086
1788137026.3793826,20160,24,Loss/l_total,0.03305959701538086
1788137026.3794065,20160,24,LR,0.0008780358823396348
1788137036.1202273,20200,24,Loss/l_ce,0.0925452709197998
1788137036.120554,20200,24,Loss/l_total,0.0925452709197998
1788137036.1205788,20200,24,LR,0.0008780358823396348
1788137045.529271,20240,24,Loss/l_ce,0.039053916931152344
1788137045.5294774,20240,24,Loss/l_total,0.039053916931152344
1788137045.529501,20240,24,LR,0.0008780358823396348
1788137055.1528015,20280,24,Loss/l_ce,0.047878265380859375
1788137055.1529596,20280,24,Loss/l_total,0.047878265380859375
1788137055.152982,20280,24,LR,0.0008780358823396348
1788137090.368304,20300,24,Val/dense_error,0.06312205642461777
1788137090.3685915,20300,24,Val/auc,0.5601373077652327
1788137090.3686163,20300,24,Val/pck_max,0.1
1788137090.3686345,20300,24,Val/pck_n,100.0
1788137096.6874568,20320,25,Loss/l_ce,0.043660640716552734
1788137096.6876445,20320,25,Loss/l_total,0.043660640716552734
1788137096.687674,20320,25,LR,0.000868198051533946
1788137106.1722562,20360,25,Loss/l_ce,0.016611099243164062
1788137106.1724188,20360,25,Loss/l_total,0.016611099243164062
1788137106.1724436,20360,25,LR,0.000868198051533946
1788137115.6498365,20400,25,Loss/l_ce,0.018257617950439453
1788137115.6500194,20400,25,Loss/l_total,0.018257617950439453
1788137115.6500666,20400,25,LR,0.000868198051533946
1788137125.3264847,20440,25,Loss/l_ce,0.030061006546020508
1788137125.326652,20440,25,Loss/l_total,0.030061006546020508
1788137125.3266783,20440,25,LR,0.000868198051533946
1788137134.7861648,20480,25,Loss/l_ce,0.05613422393798828
1788137134.7863371,20480,25,Loss/l_total,0.05613422393798828
1788137134.7863605,20480,25,LR,0.000868198051533946
1788137144.2932448,20520,25,Loss/l_ce,0.19641971588134766
1788137144.2934268,20520,25,Loss/l_total,0.19641971588134766
1788137144.2934492,20520,25,LR,0.000868198051533946
1788137153.7561731,20560,25,Loss/l_ce,0.10086226463317871
1788137153.7563393,20560,25,Loss/l_total,0.10086226463317871
1788137153.756363,20560,25,LR,0.000868198051533946
1788137163.3331525,20600,25,Loss/l_ce,0.0431365966796875
1788137163.3334136,20600,25,Loss/l_total,0.0431365966796875
1788137163.3334374,20600,25,LR,0.000868198051533946
1788137172.9317963,20640,25,Loss/l_ce,0.03577089309692383
1788137172.9321215,20640,25,Loss/l_total,0.03577089309692383
1788137172.932149,20640,25,LR,0.000868198051533946
1788137182.5655212,20680,25,Loss/l_ce,0.2726097106933594
1788137182.5658062,20680,25,Loss/l_total,0.2726097106933594
1788137182.5660672,20680,25,LR,0.000868198051533946
1788137192.0658135,20720,25,Loss/l_ce,0.05851268768310547
1788137192.0661483,20720,25,Loss/l_total,0.05851268768310547
1788137192.066179,20720,25,LR,0.000868198051533946
1788137201.9546998,20760,25,Loss/l_ce,0.027504444122314453
1788137201.9549205,20760,25,Loss/l_total,0.027504444122314453
1788137201.9549456,20760,25,LR,0.000868198051533946
1788137211.3902805,20800,25,Loss/l_ce,0.1823427677154541
1788137211.390544,20800,25,Loss/l_total,0.1823427677154541
1788137211.3905795,20800,25,LR,0.000868198051533946
1788137220.777672,20840,25,Loss/l_ce,0.04846549034118652
1788137220.777856,20840,25,Loss/l_total,0.04846549034118652
1788137220.7778785,20840,25,LR,0.000868198051533946
1788137230.3071198,20880,25,Loss/l_ce,0.10811662673950195
1788137230.3073359,20880,25,Loss/l_total,0.10811662673950195
1788137230.3073645,20880,25,LR,0.000868198051533946
1788137239.989342,20920,25,Loss/l_ce,0.029189109802246094
1788137239.9895306,20920,25,Loss/l_total,0.029189109802246094
1788137239.9895554,20920,25,LR,0.000868198051533946
1788137249.4155276,20960,25,Loss/l_ce,0.06019926071166992
1788137249.4157403,20960,25,Loss/l_total,0.06019926071166992
1788137249.4157653,20960,25,LR,0.000868198051533946
1788137258.9661503,21000,25,Loss/l_ce,0.032567501068115234
1788137258.9663653,21000,25,Loss/l_total,0.032567501068115234
1788137258.966402,21000,25,LR,0.000868198051533946
1788137268.4512947,21040,25,Loss/l_ce,0.06746125221252441
1788137268.4515452,21040,25,Loss/l_total,0.06746125221252441
1788137268.4515688,21040,25,LR,0.000868198051533946
1788137278.1204472,21080,25,Loss/l_ce,0.21337461471557617
1788137278.1206822,21080,25,Loss/l_total,0.21337461471557617
1788137278.120706,21080,25,LR,0.000868198051533946
1788137316.4211144,21112,25,Val/dense_error,0.055243365466594696
1788137316.4213889,21112,25,Val/auc,0.5567771440296512
1788137316.4214125,21112,25,Val/pck_max,0.1
1788137316.4214315,21112,25,Val/pck_n,100.0
1788137319.9532151,21120,26,Loss/l_ce,0.027522802352905273
1788137319.953384,21120,26,Loss/l_total,0.027522802352905273
1788137319.9534087,21120,26,LR,0.0008580461976679096
1788137329.4627287,21160,26,Loss/l_ce,0.16605925559997559
1788137329.4629803,21160,26,Loss/l_total,0.16605925559997559
1788137329.4630055,21160,26,LR,0.0008580461976679096
1788137339.2715952,21200,26,Loss/l_ce,0.04633164405822754
1788137339.2717674,21200,26,Loss/l_total,0.04633164405822754
1788137339.2717912,21200,26,LR,0.0008580461976679096
1788137348.985892,21240,26,Loss/l_ce,0.04097318649291992
1788137348.9861495,21240,26,Loss/l_total,0.04097318649291992
1788137348.9861805,21240,26,LR,0.0008580461976679096
1788137358.5033991,21280,26,Loss/l_ce,0.029690027236938477
1788137358.503761,21280,26,Loss/l_total,0.029690027236938477
1788137358.503792,21280,26,LR,0.0008580461976679096
1788137367.9579256,21320,26,Loss/l_ce,0.052690982818603516
1788137367.9582794,21320,26,Loss/l_total,0.052690982818603516
1788137367.9583104,21320,26,LR,0.0008580461976679096
1788137377.8809395,21360,26,Loss/l_ce,0.06003975868225098
1788137377.8812957,21360,26,Loss/l_total,0.06003975868225098
1788137377.881324,21360,26,LR,0.0008580461976679096
1788137387.5895164,21400,26,Loss/l_ce,0.13776111602783203
1788137387.5897822,21400,26,Loss/l_total,0.13776111602783203
1788137387.5898132,21400,26,LR,0.0008580461976679096
1788137397.2187665,21440,26,Loss/l_ce,0.02786874771118164
1788137397.218949,21440,26,Loss/l_total,0.02786874771118164
1788137397.2189753,21440,26,LR,0.0008580461976679096
1788137406.713735,21480,26,Loss/l_ce,0.02899646759033203
1788137406.7138944,21480,26,Loss/l_total,0.02899646759033203
1788137406.713917,21480,26,LR,0.0008580461976679096
1788137416.5411162,21520,26,Loss/l_ce,0.02785968780517578
1788137416.541286,21520,26,Loss/l_total,0.02785968780517578
1788137416.5413074,21520,26,LR,0.0008580461976679096
1788137426.1420236,21560,26,Loss/l_ce,0.04189252853393555
1788137426.1422577,21560,26,Loss/l_total,0.04189252853393555
1788137426.1422813,21560,26,LR,0.0008580461976679096
1788137435.4707515,21600,26,Loss/l_ce,0.03180122375488281
1788137435.4709997,21600,26,Loss/l_total,0.03180122375488281
1788137435.4710248,21600,26,LR,0.0008580461976679096
1788137444.8137186,21640,26,Loss/l_ce,0.05330014228820801
1788137444.8139608,21640,26,Loss/l_total,0.05330014228820801
1788137444.8139918,21640,26,LR,0.0008580461976679096
1788137454.1325536,21680,26,Loss/l_ce,0.046559810638427734
1788137454.1328514,21680,26,Loss/l_total,0.046559810638427734
1788137454.1328788,21680,26,LR,0.0008580461976679096
1788137463.8672783,21720,26,Loss/l_ce,0.14765048027038574
1788137463.867474,21720,26,Loss/l_total,0.14765048027038574
1788137463.8674994,21720,26,LR,0.0008580461976679096
1788137473.1642752,21760,26,Loss/l_ce,0.04134082794189453
1788137473.1645885,21760,26,Loss/l_total,0.04134082794189453
1788137473.1646135,21760,26,LR,0.0008580461976679096
1788137482.7966,21800,26,Loss/l_ce,0.20556020736694336
1788137482.7968125,21800,26,Loss/l_total,0.20556020736694336
1788137482.7968373,21800,26,LR,0.0008580461976679096
1788137491.9969172,21840,26,Loss/l_ce,0.06873488426208496
1788137491.9971013,21840,26,Loss/l_total,0.06873488426208496
1788137491.9971275,21840,26,LR,0.0008580461976679096
1788137501.5209093,21880,26,Loss/l_ce,0.03667736053466797
1788137501.5211267,21880,26,Loss/l_total,0.03667736053466797
1788137501.5211515,21880,26,LR,0.0008580461976679096
1788137510.8096018,21920,26,Loss/l_ce,0.034705162048339844
1788137510.8097928,21920,26,Loss/l_total,0.034705162048339844
1788137510.8098156,21920,26,LR,0.0008580461976679096
1788137541.6180189,21924,26,Val/dense_error,0.054279763251543045
1788137541.6183214,21924,26,Val/auc,0.5839639646659445
1788137541.6183474,21924,26,Val/pck_max,0.1
1788137541.6183667,21924,26,Val/pck_n,100.0
1788137551.5903726,21960,27,Loss/l_ce,0.03677845001220703
1788137551.59052,21960,27,Loss/l_total,0.03677845001220703
1788137551.5905423,21960,27,LR,0.000847590339395643
1788137560.8590548,22000,27,Loss/l_ce,0.025128841400146484
1788137560.8592732,22000,27,Loss/l_total,0.025128841400146484
1788137560.859297,22000,27,LR,0.000847590339395643
1788137570.0382893,22040,27,Loss/l_ce,0.039020538330078125
1788137570.0384486,22040,27,Loss/l_total,0.039020538330078125
1788137570.0384734,22040,27,LR,0.000847590339395643
1788137579.4092047,22080,27,Loss/l_ce,0.0330808162689209
1788137579.4093888,22080,27,Loss/l_total,0.0330808162689209
1788137579.4094136,22080,27,LR,0.000847590339395643
1788137588.874979,22120,27,Loss/l_ce,0.07779192924499512
1788137588.8751595,22120,27,Loss/l_total,0.07779192924499512
1788137588.8751843,22120,27,LR,0.000847590339395643
1788137598.1687973,22160,27,Loss/l_ce,0.03635740280151367
1788137598.168956,22160,27,Loss/l_total,0.03635740280151367
1788137598.16898,22160,27,LR,0.000847590339395643
1788137607.5648956,22200,27,Loss/l_ce,0.033347368240356445
1788137607.565087,22200,27,Loss/l_total,0.033347368240356445
1788137607.5651143,22200,27,LR,0.000847590339395643
1788137617.2246764,22240,27,Loss/l_ce,0.021059274673461914
1788137617.224858,22240,27,Loss/l_total,0.021059274673461914
1788137617.2248852,22240,27,LR,0.000847590339395643
1788137626.625214,22280,27,Loss/l_ce,0.07187294960021973
1788137626.6254056,22280,27,Loss/l_total,0.07187294960021973
1788137626.6254303,22280,27,LR,0.000847590339395643
1788137635.9863124,22320,27,Loss/l_ce,0.06988024711608887
1788137635.9864726,22320,27,Loss/l_total,0.06988024711608887
1788137635.9864988,22320,27,LR,0.000847590339395643
1788137645.3305485,22360,27,Loss/l_ce,0.0782618522644043
1788137645.3307254,22360,27,Loss/l_total,0.0782618522644043
1788137645.3307502,22360,27,LR,0.000847590339395643
1788137654.9393175,22400,27,Loss/l_ce,0.027263879776000977
1788137654.9394934,22400,27,Loss/l_total,0.027263879776000977
1788137654.9395158,22400,27,LR,0.000847590339395643
1788137664.4914207,22440,27,Loss/l_ce,0.031415462493896484
1788137664.4915833,22440,27,Loss/l_total,0.031415462493896484
1788137664.4916058,22440,27,LR,0.000847590339395643
1788137673.980833,22480,27,Loss/l_ce,0.05543971061706543
1788137673.9810252,22480,27,Loss/l_total,0.05543971061706543
1788137673.9810765,22480,27,LR,0.000847590339395643
1788137683.6491318,22520,27,Loss/l_ce,0.09941506385803223
1788137683.6493716,22520,27,Loss/l_total,0.09941506385803223
1788137683.6493955,22520,27,LR,0.000847590339395643
1788137693.137473,22560,27,Loss/l_ce,0.007755756378173828
1788137693.1376417,22560,27,Loss/l_total,0.007755756378173828
1788137693.1376655,22560,27,LR,0.000847590339395643
1788137702.515455,22600,27,Loss/l_ce,0.028774023056030273
1788137702.515633,22600,27,Loss/l_total,0.028774023056030273
1788137702.515657,22600,27,LR,0.000847590339395643
1788137712.0676005,22640,27,Loss/l_ce,0.1191263198852539
1788137712.0677855,22640,27,Loss/l_total,0.1191263198852539
1788137712.0678082,22640,27,LR,0.000847590339395643
1788137721.8834062,22680,27,Loss/l_ce,0.07744026184082031
1788137721.8835902,22680,27,Loss/l_total,0.07744026184082031
1788137721.8836186,22680,27,LR,0.000847590339395643
1788137731.558472,22720,27,Loss/l_ce,0.043071746826171875
1788137731.5586417,22720,27,Loss/l_total,0.043071746826171875
1788137731.5586655,22720,27,LR,0.000847590339395643
1788137765.1103945,22736,27,Val/dense_error,0.06660361588001251
1788137765.1106627,22736,27,Val/auc,0.5735303017316388
1788137765.1106865,22736,27,Val/pck_max,0.1
1788137765.1107054,22736,27,Val/pck_n,100.0
1788137772.5891612,22760,28,Loss/l_ce,0.036415815353393555
1788137772.5893607,22760,28,Loss/l_total,0.036415815353393555
1788137772.589382,22760,28,LR,0.0008368407953869101
1788137781.9688203,22800,28,Loss/l_ce,0.07822203636169434
1788137781.9690576,22800,28,Loss/l_total,0.07822203636169434
1788137781.9692204,22800,28,LR,0.0008368407953869101
1788137791.4095016,22840,28,Loss/l_ce,0.05415630340576172
1788137791.4096913,22840,28,Loss/l_total,0.05415630340576172
1788137791.4097161,22840,28,LR,0.0008368407953869101
1788137801.124074,22880,28,Loss/l_ce,0.025420188903808594
1788137801.1242568,22880,28,Loss/l_total,0.025420188903808594
1788137801.124278,22880,28,LR,0.0008368407953869101
1788137810.528254,22920,28,Loss/l_ce,0.055579185485839844
1788137810.5284321,22920,28,Loss/l_total,0.055579185485839844
1788137810.5284545,22920,28,LR,0.0008368407953869101
1788137819.9180036,22960,28,Loss/l_ce,0.0332484245300293
1788137819.9181862,22960,28,Loss/l_total,0.0332484245300293
1788137819.9182112,22960,28,LR,0.0008368407953869101
1788137829.1217725,23000,28,Loss/l_ce,0.07249069213867188
1788137829.1219802,23000,28,Loss/l_total,0.07249069213867188
1788137829.1220062,23000,28,LR,0.0008368407953869101
1788137838.591902,23040,28,Loss/l_ce,0.029493331909179688
1788137838.592169,23040,28,Loss/l_total,0.029493331909179688
1788137838.592194,23040,28,LR,0.0008368407953869101
1788137848.2203867,23080,28,Loss/l_ce,0.011434078216552734
1788137848.22056,23080,28,Loss/l_total,0.011434078216552734
1788137848.2205827,23080,28,LR,0.0008368407953869101
1788137857.5412052,23120,28,Loss/l_ce,0.1005403995513916
1788137857.541425,23120,28,Loss/l_total,0.1005403995513916
1788137857.5414486,23120,28,LR,0.0008368407953869101
1788137867.0219476,23160,28,Loss/l_ce,0.05441761016845703
1788137867.0221436,23160,28,Loss/l_total,0.05441761016845703
1788137867.0221686,23160,28,LR,0.0008368407953869101
1788137876.4503822,23200,28,Loss/l_ce,0.024638652801513672
1788137876.4506009,23200,28,Loss/l_total,0.024638652801513672
1788137876.4506235,23200,28,LR,0.0008368407953869101
1788137886.0885708,23240,28,Loss/l_ce,0.17955398559570312
1788137886.0887609,23240,28,Loss/l_total,0.17955398559570312
1788137886.0887868,23240,28,LR,0.0008368407953869101
1788137895.514364,23280,28,Loss/l_ce,0.037100791931152344
1788137895.5145953,23280,28,Loss/l_total,0.037100791931152344
1788137895.514619,23280,28,LR,0.0008368407953869101
1788137904.9229126,23320,28,Loss/l_ce,0.08405375480651855
1788137904.923143,23320,28,Loss/l_total,0.08405375480651855
1788137904.9231713,23320,28,LR,0.0008368407953869101
1788137914.3160608,23360,28,Loss/l_ce,0.026688814163208008
1788137914.316279,23360,28,Loss/l_total,0.026688814163208008
1788137914.3163028,23360,28,LR,0.0008368407953869101
1788137924.0828662,23400,28,Loss/l_ce,0.11587405204772949
1788137924.0830586,23400,28,Loss/l_total,0.11587405204772949
1788137924.0830858,23400,28,LR,0.0008368407953869101
1788137933.607633,23440,28,Loss/l_ce,0.041872262954711914
1788137933.6078255,23440,28,Loss/l_total,0.041872262954711914
1788137933.6078506,23440,28,LR,0.0008368407953869101
1788137943.072952,23480,28,Loss/l_ce,0.19148588180541992
1788137943.073197,23480,28,Loss/l_total,0.19148588180541992
1788137943.0732217,23480,28,LR,0.0008368407953869101
1788137952.632136,23520,28,Loss/l_ce,0.07879447937011719
1788137952.6323166,23520,28,Loss/l_total,0.07879447937011719
1788137952.6323383,23520,28,LR,0.0008368407953869101
1788137989.5095334,23548,28,Val/dense_error,0.05304577574133873
1788137989.5097876,23548,28,Val/auc,0.5892269961117994
1788137989.5098138,23548,28,Val/pck_max,0.1
1788137989.509834,23548,28,Val/pck_n,100.0
1788137993.7849443,23560,29,Loss/l_ce,0.16347455978393555
1788137993.785126,23560,29,Loss/l_total,0.16347455978393555
1788137993.785152,23560,29,LR,0.0008258081741438392
1788138003.3041458,23600,29,Loss/l_ce,0.057064056396484375
1788138003.3043516,23600,29,Loss/l_total,0.057064056396484375
1788138003.304375,23600,29,LR,0.0008258081741438392
1788138013.1223931,23640,29,Loss/l_ce,0.02901458740234375
1788138013.1225924,23640,29,Loss/l_total,0.02901458740234375
1788138013.1226506,23640,29,LR,0.0008258081741438392
1788138022.6123621,23680,29,Loss/l_ce,0.04587554931640625
1788138022.6125927,23680,29,Loss/l_total,0.04587554931640625
1788138022.6126175,23680,29,LR,0.0008258081741438392
1788138032.2058709,23720,29,Loss/l_ce,0.03657865524291992
1788138032.2060547,23720,29,Loss/l_total,0.03657865524291992
1788138032.206082,23720,29,LR,0.0008258081741438392
1788138041.661559,23760,29,Loss/l_ce,0.16768860816955566
1788138041.661731,23760,29,Loss/l_total,0.16768860816955566
1788138041.6617525,23760,29,LR,0.0008258081741438392
1788138051.1701257,23800,29,Loss/l_ce,0.028088092803955078
1788138051.170373,23800,29,Loss/l_total,0.028088092803955078
1788138051.1703978,23800,29,LR,0.0008258081741438392
1788138060.8234477,23840,29,Loss/l_ce,0.03883767127990723
1788138060.8236544,23840,29,Loss/l_total,0.03883767127990723
1788138060.8236818,23840,29,LR,0.0008258081741438392
1788138070.311403,23880,29,Loss/l_ce,0.1373271942138672
1788138070.3116927,23880,29,Loss/l_total,0.1373271942138672
1788138070.3117213,23880,29,LR,0.0008258081741438392
1788138079.6307695,23920,29,Loss/l_ce,0.024674415588378906
1788138079.630983,23920,29,Loss/l_total,0.024674415588378906
1788138079.631007,23920,29,LR,0.0008258081741438392
1788138088.9053414,23960,29,Loss/l_ce,0.027594327926635742
1788138088.905574,23960,29,Loss/l_total,0.027594327926635742
1788138088.905598,23960,29,LR,0.0008258081741438392
1788138098.5677116,24000,29,Loss/l_ce,0.03528094291687012
1788138098.5680523,24000,29,Loss/l_total,0.03528094291687012
1788138098.5680962,24000,29,LR,0.0008258081741438392
1788138108.1033795,24040,29,Loss/l_ce,0.03444957733154297
1788138108.1035705,24040,29,Loss/l_total,0.03444957733154297
1788138108.1036,24040,29,LR,0.0008258081741438392
1788138117.7848518,24080,29,Loss/l_ce,0.1758408546447754
1788138117.7850204,24080,29,Loss/l_total,0.1758408546447754
1788138117.785074,24080,29,LR,0.0008258081741438392
1788138127.574779,24120,29,Loss/l_ce,0.021578073501586914
1788138127.5749547,24120,29,Loss/l_total,0.021578073501586914
1788138127.5749774,24120,29,LR,0.0008258081741438392
1788138137.2051253,24160,29,Loss/l_ce,0.03586006164550781
1788138137.2052927,24160,29,Loss/l_total,0.03586006164550781
1788138137.2053177,24160,29,LR,0.0008258081741438392
1788138146.6657367,24200,29,Loss/l_ce,0.11703014373779297
1788138146.6659303,24200,29,Loss/l_total,0.11703014373779297
1788138146.6659527,24200,29,LR,0.0008258081741438392
1788138156.162905,24240,29,Loss/l_ce,0.04411458969116211
1788138156.1631558,24240,29,Loss/l_total,0.04411458969116211
1788138156.1631818,24240,29,LR,0.0008258081741438392
1788138165.7721424,24280,29,Loss/l_ce,0.03975319862365723
1788138165.7723002,24280,29,Loss/l_total,0.03975319862365723
1788138165.772324,24280,29,LR,0.0008258081741438392
1788138175.4203193,24320,29,Loss/l_ce,0.1487424373626709
1788138175.4205186,24320,29,Loss/l_total,0.1487424373626709
1788138175.420546,24320,29,LR,0.0008258081741438392
1788138185.0079856,24360,29,Loss/l_ce,0.01753520965576172
1788138185.0081816,24360,29,Loss/l_total,0.01753520965576172
1788138185.0082054,24360,29,LR,0.0008258081741438392
1788138215.3964615,24360,29,Val/dense_error,0.05437673255801201
1788138215.3967192,24360,29,Val/auc,0.5671809376874947
1788138215.3967428,24360,29,Val/pck_max,0.1
1788138215.396762,24360,29,Val/pck_n,100.0
1788138227.3521671,24400,30,Loss/l_ce,0.11922430992126465
1788138227.3524616,24400,30,Loss/l_total,0.11922430992126465
1788138227.3524876,24400,30,LR,0.0008145033635316127
1788138237.1028905,24440,30,Loss/l_ce,0.02890753746032715
1788138237.1030781,24440,30,Loss/l_total,0.02890753746032715
1788138237.103102,24440,30,LR,0.0008145033635316127
1788138246.628358,24480,30,Loss/l_ce,0.03909587860107422
1788138246.628663,24480,30,Loss/l_total,0.03909587860107422
1788138246.6286867,24480,30,LR,0.0008145033635316127
1788138256.238186,24520,30,Loss/l_ce,0.07631516456604004
1788138256.2383616,24520,30,Loss/l_total,0.07631516456604004
1788138256.23842,24520,30,LR,0.0008145033635316127
1788138266.1206362,24560,30,Loss/l_ce,0.0521245002746582
1788138266.1208525,24560,30,Loss/l_total,0.0521245002746582
1788138266.1208751,24560,30,LR,0.0008145033635316127
1788138275.7714963,24600,30,Loss/l_ce,0.07427024841308594
1788138275.7718463,24600,30,Loss/l_total,0.07427024841308594
1788138275.7718797,24600,30,LR,0.0008145033635316127
1788138285.485684,24640,30,Loss/l_ce,0.031340599060058594
1788138285.4858608,24640,30,Loss/l_total,0.031340599060058594
1788138285.4858856,24640,30,LR,0.0008145033635316127
1788138295.1144896,24680,30,Loss/l_ce,0.025699853897094727
1788138295.1146786,24680,30,Loss/l_total,0.025699853897094727
1788138295.1147022,24680,30,LR,0.0008145033635316127
1788138305.0925112,24720,30,Loss/l_ce,0.027080535888671875
1788138305.092712,24720,30,Loss/l_total,0.027080535888671875
1788138305.0927367,24720,30,LR,0.0008145033635316127
1788138314.580778,24760,30,Loss/l_ce,0.02871990203857422
1788138314.580962,24760,30,Loss/l_total,0.02871990203857422
1788138314.5809917,24760,30,LR,0.0008145033635316127
1788138324.5032306,24800,30,Loss/l_ce,0.061296939849853516
1788138324.5034146,24800,30,Loss/l_total,0.061296939849853516
1788138324.5034487,24800,30,LR,0.0008145033635316127
1788138334.302889,24840,30,Loss/l_ce,0.027712345123291016
1788138334.3030791,24840,30,Loss/l_total,0.027712345123291016
1788138334.3031054,24840,30,LR,0.0008145033635316127
1788138344.1133773,24880,30,Loss/l_ce,0.07620668411254883
1788138344.1135614,24880,30,Loss/l_total,0.07620668411254883
1788138344.1135862,24880,30,LR,0.0008145033635316127
1788138353.7801561,24920,30,Loss/l_ce,0.09075593948364258
1788138353.7803924,24920,30,Loss/l_total,0.09075593948364258
1788138353.7804244,24920,30,LR,0.0008145033635316127
1788138363.3066335,24960,30,Loss/l_ce,0.0241091251373291
1788138363.30682,24960,30,Loss/l_total,0.0241091251373291
1788138363.306846,24960,30,LR,0.0008145033635316127
1788138372.9767356,25000,30,Loss/l_ce,0.07831048965454102
1788138372.9769065,25000,30,Loss/l_total,0.07831048965454102
1788138372.9769313,25000,30,LR,0.0008145033635316127
1788138382.6362932,25040,30,Loss/l_ce,0.1748363971710205
1788138382.6364677,25040,30,Loss/l_total,0.1748363971710205
1788138382.6364925,25040,30,LR,0.0008145033635316127
1788138392.3029757,25080,30,Loss/l_ce,0.026398420333862305
1788138392.303192,25080,30,Loss/l_total,0.026398420333862305
1788138392.303225,25080,30,LR,0.0008145033635316127
1788138401.8534873,25120,30,Loss/l_ce,0.04776453971862793
1788138401.8536773,25120,30,Loss/l_total,0.04776453971862793
1788138401.8537047,25120,30,LR,0.0008145033635316127
1788138411.549146,25160,30,Loss/l_ce,0.04067564010620117
1788138411.5493393,25160,30,Loss/l_total,0.04067564010620117
1788138411.5493631,25160,30,LR,0.0008145033635316127
1788138444.6571035,25172,30,Val/dense_error,0.05508623644709587
1788138444.6573398,25172,30,Val/auc,0.5841427907254597
1788138444.6573625,25172,30,Val/pck_max,0.1
1788138444.65738,25172,30,Val/pck_n,100.0
1788138452.7972286,25200,31,Loss/l_ce,0.03965592384338379
1788138452.7974136,25200,31,Loss/l_total,0.03965592384338379
1788138452.7974386,25200,31,LR,0.0008029375200334586
1788138462.5765855,25240,31,Loss/l_ce,0.05932331085205078
1788138462.5767705,25240,31,Loss/l_total,0.05932331085205078
1788138462.5767953,25240,31,LR,0.0008029375200334586
1788138472.0328147,25280,31,Loss/l_ce,0.026723623275756836
1788138472.033101,25280,31,Loss/l_total,0.026723623275756836
1788138472.0331295,25280,31,LR,0.0008029375200334586
1788138481.9259348,25320,31,Loss/l_ce,0.16945815086364746
1788138481.926132,25320,31,Loss/l_total,0.16945815086364746
1788138481.9261582,25320,31,LR,0.0008029375200334586
1788138491.4601555,25360,31,Loss/l_ce,0.04016876220703125
1788138491.4603953,25360,31,Loss/l_total,0.04016876220703125
1788138491.4604201,25360,31,LR,0.0008029375200334586
1788138501.2936823,25400,31,Loss/l_ce,0.08733487129211426
1788138501.2939448,25400,31,Loss/l_total,0.08733487129211426
1788138501.2939734,25400,31,LR,0.0008029375200334586
1788138511.1880088,25440,31,Loss/l_ce,0.025783538818359375
1788138511.1882496,25440,31,Loss/l_total,0.025783538818359375
1788138511.1882722,25440,31,LR,0.0008029375200334586
1788138520.7631457,25480,31,Loss/l_ce,0.11805987358093262
1788138520.7633095,25480,31,Loss/l_total,0.11805987358093262
1788138520.7633348,25480,31,LR,0.0008029375200334586
1788138530.3257911,25520,31,Loss/l_ce,0.15308380126953125
1788138530.325967,25520,31,Loss/l_total,0.15308380126953125
1788138530.3259919,25520,31,LR,0.0008029375200334586
1788138539.9320068,25560,31,Loss/l_ce,0.027063369750976562
1788138539.9322765,25560,31,Loss/l_total,0.027063369750976562
1788138539.9323003,25560,31,LR,0.0008029375200334586
1788138549.5927076,25600,31,Loss/l_ce,0.28046584129333496
1788138549.5929298,25600,31,Loss/l_total,0.28046584129333496
1788138549.592957,25600,31,LR,0.0008029375200334586
1788138559.1796596,25640,31,Loss/l_ce,0.14302301406860352
1788138559.179822,25640,31,Loss/l_total,0.14302301406860352
1788138559.1798472,25640,31,LR,0.0008029375200334586
1788138568.6485834,25680,31,Loss/l_ce,0.04994368553161621
1788138568.6487472,25680,31,Loss/l_total,0.04994368553161621
1788138568.6487699,25680,31,LR,0.0008029375200334586
1788138578.5052981,25720,31,Loss/l_ce,0.03358173370361328
1788138578.505499,25720,31,Loss/l_total,0.03358173370361328
1788138578.5055213,25720,31,LR,0.0008029375200334586
1788138588.0717845,25760,31,Loss/l_ce,0.12955904006958008
1788138588.0720162,25760,31,Loss/l_total,0.12955904006958008
1788138588.0720694,25760,31,LR,0.0008029375200334586
1788138597.5734968,25800,31,Loss/l_ce,0.01841878890991211
1788138597.5736666,25800,31,Loss/l_total,0.01841878890991211
1788138597.573689,25800,31,LR,0.0008029375200334586
1788138606.923114,25840,31,Loss/l_ce,0.03388357162475586
1788138606.9233205,25840,31,Loss/l_total,0.03388357162475586
1788138606.9233477,25840,31,LR,0.0008029375200334586
1788138618.0766277,25880,31,Loss/l_ce,0.026987075805664062
1788138618.076927,25880,31,Loss/l_total,0.026987075805664062
1788138618.0769553,25880,31,LR,0.0008029375200334586
1788138628.0552719,25920,31,Loss/l_ce,0.14849638938903809
1788138628.0554452,25920,31,Loss/l_total,0.14849638938903809
1788138628.0554702,25920,31,LR,0.0008029375200334586
1788138637.6989076,25960,31,Loss/l_ce,0.04799365997314453
1788138637.699094,25960,31,Loss/l_total,0.04799365997314453
1788138637.6991212,25960,31,LR,0.0008029375200334586
1788138675.5995119,25984,31,Val/dense_error,0.05427595600485802
1788138675.5998206,25984,31,Val/auc,0.5742508006264755
1788138675.5998623,25984,31,Val/pck_max,0.1
1788138675.5998836,25984,31,Val/pck_n,100.0
1788138681.2092013,26000,32,Loss/l_ce,0.02499103546142578
1788138681.209402,26000,32,Loss/l_total,0.02499103546142578
1788138681.209434,26000,32,LR,0.0007911220577405481
1788138690.9844582,26040,32,Loss/l_ce,0.04209733009338379
1788138690.984673,26040,32,Loss/l_total,0.04209733009338379
1788138690.984705,26040,32,LR,0.0007911220577405481
1788138700.6282468,26080,32,Loss/l_ce,0.08604288101196289
1788138700.6284285,26080,32,Loss/l_total,0.08604288101196289
1788138700.628452,26080,32,LR,0.0007911220577405481
1788138710.2586534,26120,32,Loss/l_ce,0.09376835823059082
1788138710.2588303,26120,32,Loss/l_total,0.09376835823059082
1788138710.2588515,26120,32,LR,0.0007911220577405481
1788138719.8269975,26160,32,Loss/l_ce,0.050436973571777344
1788138719.827204,26160,32,Loss/l_total,0.050436973571777344
1788138719.8272293,26160,32,LR,0.0007911220577405481
1788138729.512458,26200,32,Loss/l_ce,0.03545832633972168
1788138729.5126255,26200,32,Loss/l_total,0.03545832633972168
1788138729.512649,26200,32,LR,0.0007911220577405481
1788138739.089626,26240,32,Loss/l_ce,0.03678536415100098
1788138739.0897934,26240,32,Loss/l_total,0.03678536415100098
1788138739.0898185,26240,32,LR,0.0007911220577405481
1788138748.6216104,26280,32,Loss/l_ce,0.06719279289245605
1788138748.6217995,26280,32,Loss/l_total,0.06719279289245605
1788138748.621823,26280,32,LR,0.0007911220577405481
1788138758.1621044,26320,32,Loss/l_ce,0.027279376983642578
1788138758.1622992,26320,32,Loss/l_total,0.027279376983642578
1788138758.1623204,26320,32,LR,0.0007911220577405481
1788138767.8724148,26360,32,Loss/l_ce,0.1486053466796875
1788138767.872619,26360,32,Loss/l_total,0.1486053466796875
1788138767.8726392,26360,32,LR,0.0007911220577405481
1788138777.4942453,26400,32,Loss/l_ce,0.054903507232666016
1788138777.494434,26400,32,Loss/l_total,0.054903507232666016
1788138777.4944556,26400,32,LR,0.0007911220577405481
1788138787.256646,26440,32,Loss/l_ce,0.031938791275024414
1788138787.2568347,26440,32,Loss/l_total,0.031938791275024414
1788138787.256862,26440,32,LR,0.0007911220577405481
1788138797.1609035,26480,32,Loss/l_ce,0.025588512420654297
1788138797.1611063,26480,32,Loss/l_total,0.025588512420654297
1788138797.161135,26480,32,LR,0.0007911220577405481
1788138806.574969,26520,32,Loss/l_ce,0.018730878829956055
1788138806.575151,26520,32,Loss/l_total,0.018730878829956055
1788138806.5751734,26520,32,LR,0.0007911220577405481
1788138816.2890599,26560,32,Loss/l_ce,0.058248281478881836
1788138816.289277,26560,32,Loss/l_total,0.058248281478881836
1788138816.2893033,26560,32,LR,0.0007911220577405481
1788138825.8973243,26600,32,Loss/l_ce,0.023542404174804688
1788138825.8975215,26600,32,Loss/l_total,0.023542404174804688
1788138825.8975475,26600,32,LR,0.0007911220577405481
1788138835.3718448,26640,32,Loss/l_ce,0.06878519058227539
1788138835.3720217,26640,32,Loss/l_total,0.06878519058227539
1788138835.3720682,26640,32,LR,0.0007911220577405481
1788138845.100608,26680,32,Loss/l_ce,0.03342556953430176
1788138845.1008263,26680,32,Loss/l_total,0.03342556953430176
1788138845.1008515,26680,32,LR,0.0007911220577405481
1788138854.806022,26720,32,Loss/l_ce,0.05779147148132324
1788138854.8062084,26720,32,Loss/l_total,0.05779147148132324
1788138854.806232,26720,32,LR,0.0007911220577405481
1788138864.1710677,26760,32,Loss/l_ce,0.027045011520385742
1788138864.1712599,26760,32,Loss/l_total,0.027045011520385742
1788138864.1712825,26760,32,LR,0.0007911220577405481
1788138903.2214189,26796,32,Val/dense_error,0.050963710993528366
1788138903.2216907,26796,32,Val/auc,0.5902435255096607
1788138903.221719,26796,32,Val/pck_max,0.1
1788138903.2217402,26796,32,Val/pck_n,100.0
1788138905.825865,26800,33,Loss/l_ce,0.03147745132446289
1788138905.826126,26800,33,Loss/l_total,0.03147745132446289
1788138905.8261511,26800,33,LR,0.0007790686370876667
1788138915.6456594,26840,33,Loss/l_ce,0.029770851135253906
1788138915.645841,26840,33,Loss/l_total,0.029770851135253906
1788138915.6458647,26840,33,LR,0.0007790686370876667
1788138925.2429497,26880,33,Loss/l_ce,0.024346351623535156
1788138925.2431562,26880,33,Loss/l_total,0.024346351623535156
1788138925.243181,26880,33,LR,0.0007790686370876667
1788138934.860095,26920,33,Loss/l_ce,0.033011674880981445
1788138934.8603241,26920,33,Loss/l_total,0.033011674880981445
1788138934.860348,26920,33,LR,0.0007790686370876667
1788138944.747818,26960,33,Loss/l_ce,0.07250022888183594
1788138944.748071,26960,33,Loss/l_total,0.07250022888183594
1788138944.7483478,26960,33,LR,0.0007790686370876667
1788138954.3882072,27000,33,Loss/l_ce,0.1996312141418457
1788138954.3883662,27000,33,Loss/l_total,0.1996312141418457
1788138954.3883889,27000,33,LR,0.0007790686370876667
1788138964.0821908,27040,33,Loss/l_ce,0.08124971389770508
1788138964.0823975,27040,33,Loss/l_total,0.08124971389770508
1788138964.0824285,27040,33,LR,0.0007790686370876667
1788138973.8228767,27080,33,Loss/l_ce,0.06390666961669922
1788138973.8231452,27080,33,Loss/l_total,0.06390666961669922
1788138973.823195,27080,33,LR,0.0007790686370876667
1788138983.730069,27120,33,Loss/l_ce,0.08733129501342773
1788138983.7302246,27120,33,Loss/l_total,0.08733129501342773
1788138983.7302485,27120,33,LR,0.0007790686370876667
1788138993.134498,27160,33,Loss/l_ce,0.03400540351867676
1788138993.1346796,27160,33,Loss/l_total,0.03400540351867676
1788138993.134702,27160,33,LR,0.0007790686370876667
1788139002.8970048,27200,33,Loss/l_ce,0.026348352432250977
1788139002.8972828,27200,33,Loss/l_total,0.026348352432250977
1788139002.8973396,27200,33,LR,0.0007790686370876667
1788139012.8064554,27240,33,Loss/l_ce,0.02497720718383789
1788139012.8066177,27240,33,Loss/l_total,0.02497720718383789
1788139012.8066404,27240,33,LR,0.0007790686370876667
1788139023.138831,27280,33,Loss/l_ce,0.03480982780456543
1788139023.1390896,27280,33,Loss/l_total,0.03480982780456543
1788139023.1391346,27280,33,LR,0.0007790686370876667
1788139033.0712748,27320,33,Loss/l_ce,0.03583574295043945
1788139033.0714943,27320,33,Loss/l_total,0.03583574295043945
1788139033.0715194,27320,33,LR,0.0007790686370876667
1788139042.752492,27360,33,Loss/l_ce,0.2072129249572754
1788139042.7526667,27360,33,Loss/l_total,0.2072129249572754
1788139042.7526903,27360,33,LR,0.0007790686370876667
1788139052.102508,27400,33,Loss/l_ce,0.11586785316467285
1788139052.1026967,27400,33,Loss/l_total,0.11586785316467285
1788139052.10273,27400,33,LR,0.0007790686370876667
1788139061.4535878,27440,33,Loss/l_ce,0.10811281204223633
1788139061.4537694,27440,33,Loss/l_total,0.10811281204223633
1788139061.4537942,27440,33,LR,0.0007790686370876667
1788139071.2283227,27480,33,Loss/l_ce,0.09554004669189453
1788139071.2285128,27480,33,Loss/l_total,0.09554004669189453
1788139071.2285411,27480,33,LR,0.0007790686370876667
1788139080.911798,27520,33,Loss/l_ce,0.2567141056060791
1788139080.9119701,27520,33,Loss/l_total,0.2567141056060791
1788139080.9119937,27520,33,LR,0.0007790686370876667
1788139090.4527278,27560,33,Loss/l_ce,0.04649066925048828
1788139090.4529119,27560,33,Loss/l_total,0.04649066925048828
1788139090.4529366,27560,33,LR,0.0007790686370876667
1788139099.9770677,27600,33,Loss/l_ce,0.02506232261657715
1788139099.9772542,27600,33,Loss/l_total,0.02506232261657715
1788139099.977279,27600,33,LR,0.0007790686370876667
1788139132.2548373,27608,33,Val/dense_error,0.05513127148151398
1788139132.2551365,27608,33,Val/auc,0.5828406201381259
1788139132.2551627,27608,33,Val/pck_max,0.1
1788139132.2551827,27608,33,Val/pck_n,100.0
1788139141.6552553,27640,34,Loss/l_ce,0.04967498779296875
1788139141.6554143,27640,34,Loss/l_total,0.04967498779296875
1788139141.6554368,27640,34,LR,0.0007667891533457716
1788139151.2629416,27680,34,Loss/l_ce,0.03578305244445801
1788139151.2632005,27680,34,Loss/l_total,0.03578305244445801
1788139151.263229,27680,34,LR,0.0007667891533457716
1788139160.7534482,27720,34,Loss/l_ce,0.10913324356079102
1788139160.753682,27720,34,Loss/l_total,0.10913324356079102
1788139160.7537105,27720,34,LR,0.0007667891533457716
1788139170.2419603,27760,34,Loss/l_ce,0.031992435455322266
1788139170.242201,27760,34,Loss/l_total,0.031992435455322266
1788139170.242225,27760,34,LR,0.0007667891533457716
1788139179.9636772,27800,34,Loss/l_ce,0.13200807571411133
1788139179.9638946,27800,34,Loss/l_total,0.13200807571411133
1788139179.963918,27800,34,LR,0.0007667891533457716
1788139189.5403092,27840,34,Loss/l_ce,0.04036664962768555
1788139189.540517,27840,34,Loss/l_total,0.04036664962768555
1788139189.5405433,27840,34,LR,0.0007667891533457716
1788139199.0781822,27880,34,Loss/l_ce,0.23014068603515625
1788139199.0783627,27880,34,Loss/l_total,0.23014068603515625
1788139199.0783854,27880,34,LR,0.0007667891533457716
1788139208.589265,27920,34,Loss/l_ce,0.0501856803894043
1788139208.5894883,27920,34,Loss/l_total,0.0501856803894043
1788139208.5895135,27920,34,LR,0.0007667891533457716
1788139218.1442986,27960,34,Loss/l_ce,0.04558849334716797
1788139218.14446,27960,34,Loss/l_total,0.04558849334716797
1788139218.1444836,27960,34,LR,0.0007667891533457716
1788139227.5972137,28000,34,Loss/l_ce,0.024892091751098633
1788139227.5974262,28000,34,Loss/l_total,0.024892091751098633
1788139227.5974512,28000,34,LR,0.0007667891533457716
1788139237.0108037,28040,34,Loss/l_ce,0.02784442901611328
1788139237.010978,28040,34,Loss/l_total,0.02784442901611328
1788139237.0110018,28040,34,LR,0.0007667891533457716
1788139246.5417707,28080,34,Loss/l_ce,0.09003281593322754
1788139246.5419962,28080,34,Loss/l_total,0.09003281593322754
1788139246.5422397,28080,34,LR,0.0007667891533457716
1788139256.1141424,28120,34,Loss/l_ce,0.027190208435058594
1788139256.1143906,28120,34,Loss/l_total,0.027190208435058594
1788139256.114413,28120,34,LR,0.0007667891533457716
1788139265.7427042,28160,34,Loss/l_ce,0.12372159957885742
1788139265.743007,28160,34,Loss/l_total,0.12372159957885742
1788139265.743065,28160,34,LR,0.0007667891533457716
1788139275.7625132,28200,34,Loss/l_ce,0.023847103118896484
1788139275.7627554,28200,34,Loss/l_total,0.023847103118896484
1788139275.7627778,28200,34,LR,0.0007667891533457716
1788139285.5086565,28240,34,Loss/l_ce,0.06517982482910156
1788139285.5088382,28240,34,Loss/l_total,0.06517982482910156
1788139285.508862,28240,34,LR,0.0007667891533457716
1788139295.1603162,28280,34,Loss/l_ce,0.026998281478881836
1788139295.1605227,28280,34,Loss/l_total,0.026998281478881836
1788139295.1605477,28280,34,LR,0.0007667891533457716
1788139304.8269503,28320,34,Loss/l_ce,0.023195743560791016
1788139304.8272197,28320,34,Loss/l_total,0.023195743560791016
1788139304.827253,28320,34,LR,0.0007667891533457716
1788139314.2121906,28360,34,Loss/l_ce,0.03155231475830078
1788139314.2124093,28360,34,Loss/l_total,0.03155231475830078
1788139314.2124364,28360,34,LR,0.0007667891533457716
1788139323.521461,28400,34,Loss/l_ce,0.13159728050231934
1788139323.5216653,28400,34,Loss/l_total,0.13159728050231934
1788139323.5216877,28400,34,LR,0.0007667891533457716
1788139358.5381281,28420,34,Val/dense_error,0.05406903102993965
1788139358.5383632,28420,34,Val/auc,0.5851897737986707
1788139358.538387,28420,34,Val/pck_max,0.1
1788139358.5384035,28420,34,Val/pck_n,100.0
1788139364.8028004,28440,35,Loss/l_ce,0.08804845809936523
1788139364.8030093,28440,35,Loss/l_total,0.08804845809936523
1788139364.8030818,28440,35,LR,0.0007542957248827957
1788139374.4483383,28480,35,Loss/l_ce,0.08675718307495117
1788139374.448522,28480,35,Loss/l_total,0.08675718307495117
1788139374.4485447,28480,35,LR,0.0007542957248827957
1788139384.117401,28520,35,Loss/l_ce,0.03156161308288574
1788139384.11763,28520,35,Loss/l_total,0.03156161308288574
1788139384.117655,28520,35,LR,0.0007542957248827957
1788139393.5713463,28560,35,Loss/l_ce,0.02662515640258789
1788139393.5715232,28560,35,Loss/l_total,0.02662515640258789
1788139393.5715468,28560,35,LR,0.0007542957248827957
1788139403.2488866,28600,35,Loss/l_ce,0.021950244903564453
1788139403.2491121,28600,35,Loss/l_total,0.021950244903564453
1788139403.2491524,28600,35,LR,0.0007542957248827957
1788139413.0872438,28640,35,Loss/l_ce,0.052974700927734375
1788139413.0874147,28640,35,Loss/l_total,0.052974700927734375
1788139413.0874395,28640,35,LR,0.0007542957248827957
1788139422.4747684,28680,35,Loss/l_ce,0.08193731307983398
1788139422.4749713,28680,35,Loss/l_total,0.08193731307983398
1788139422.4749975,28680,35,LR,0.0007542957248827957
1788139431.8943217,28720,35,Loss/l_ce,0.017396211624145508
1788139431.8944926,28720,35,Loss/l_total,0.017396211624145508
1788139431.8945174,28720,35,LR,0.0007542957248827957
1788139441.590288,28760,35,Loss/l_ce,0.028321266174316406
1788139441.5904553,28760,35,Loss/l_total,0.028321266174316406
1788139441.5904777,28760,35,LR,0.0007542957248827957
1788139451.3268418,28800,35,Loss/l_ce,0.02429819107055664
1788139451.3269844,28800,35,Loss/l_total,0.02429819107055664
1788139451.3270118,28800,35,LR,0.0007542957248827957
1788139461.205184,28840,35,Loss/l_ce,0.0353853702545166
1788139461.2053766,28840,35,Loss/l_total,0.0353853702545166
1788139461.2054014,28840,35,LR,0.0007542957248827957
1788139470.8175008,28880,35,Loss/l_ce,0.1434340476989746
1788139470.8177278,28880,35,Loss/l_total,0.1434340476989746
1788139470.8177598,28880,35,LR,0.0007542957248827957
1788139480.6542335,28920,35,Loss/l_ce,0.041239261627197266
1788139480.6545455,28920,35,Loss/l_total,0.041239261627197266
1788139480.6545706,28920,35,LR,0.0007542957248827957
1788139490.1148472,28960,35,Loss/l_ce,0.01205897331237793
1788139490.1150918,28960,35,Loss/l_total,0.01205897331237793
1788139490.1151192,28960,35,LR,0.0007542957248827957
1788139499.4221802,29000,35,Loss/l_ce,0.021404266357421875
1788139499.4223416,29000,35,Loss/l_total,0.021404266357421875
1788139499.4223619,29000,35,LR,0.0007542957248827957
1788139508.6837158,29040,35,Loss/l_ce,0.06123924255371094
1788139508.6839378,29040,35,Loss/l_total,0.06123924255371094
1788139508.6839604,29040,35,LR,0.0007542957248827957
1788139518.0525982,29080,35,Loss/l_ce,0.04429793357849121
1788139518.0528166,29080,35,Loss/l_total,0.04429793357849121
1788139518.0528417,29080,35,LR,0.0007542957248827957
1788139527.579924,29120,35,Loss/l_ce,0.007377147674560547
1788139527.5801415,29120,35,Loss/l_total,0.007377147674560547
1788139527.5801678,29120,35,LR,0.0007542957248827957
1788139537.143681,29160,35,Loss/l_ce,0.1731874942779541
1788139537.143865,29160,35,Loss/l_total,0.1731874942779541
1788139537.143889,29160,35,LR,0.0007542957248827957
1788139546.675779,29200,35,Loss/l_ce,0.03691840171813965
1788139546.675943,29200,35,Loss/l_total,0.03691840171813965
1788139546.6759691,29200,35,LR,0.0007542957248827957
1788139584.323315,29232,35,Val/dense_error,0.051338959485292435
1788139584.3235989,29232,35,Val/auc,0.5896332182716857
1788139584.3236237,29232,35,Val/pck_max,0.1
1788139584.323645,29232,35,Val/pck_n,100.0
1788139587.9462874,29240,36,Loss/l_ce,0.04365348815917969
1788139587.9464521,29240,36,Loss/l_total,0.04365348815917969
1788139587.9464748,29240,36,LR,0.0007416006812042824
1788139597.3167484,29280,36,Loss/l_ce,0.024953365325927734
1788139597.317019,29280,36,Loss/l_total,0.024953365325927734
1788139597.3170698,29280,36,LR,0.0007416006812042824
1788139606.7603562,29320,36,Loss/l_ce,0.04473567008972168
1788139606.7605734,29320,36,Loss/l_total,0.04473567008972168
1788139606.760597,29320,36,LR,0.0007416006812042824
1788139616.235609,29360,36,Loss/l_ce,0.03131818771362305
1788139616.2358882,29360,36,Loss/l_total,0.03131818771362305
1788139616.2359166,29360,36,LR,0.0007416006812042824
1788139625.5878606,29400,36,Loss/l_ce,0.031673431396484375
1788139625.5880814,29400,36,Loss/l_total,0.031673431396484375
1788139625.5881088,29400,36,LR,0.0007416006812042824
1788139634.9382362,29440,36,Loss/l_ce,0.022570133209228516
1788139634.9384391,29440,36,Loss/l_total,0.022570133209228516
1788139634.938463,29440,36,LR,0.0007416006812042824
1788139644.3183987,29480,36,Loss/l_ce,0.023772478103637695
1788139644.3185687,29480,36,Loss/l_total,0.023772478103637695
1788139644.3185923,29480,36,LR,0.0007416006812042824
1788139653.9217384,29520,36,Loss/l_ce,0.0610499382019043
1788139653.9219203,29520,36,Loss/l_total,0.0610499382019043
1788139653.921945,29520,36,LR,0.0007416006812042824
1788139663.2889454,29560,36,Loss/l_ce,0.0689690113067627
1788139663.2891972,29560,36,Loss/l_total,0.0689690113067627
1788139663.2892458,29560,36,LR,0.0007416006812042824
1788139672.7040088,29600,36,Loss/l_ce,0.024010419845581055
1788139672.7042058,29600,36,Loss/l_total,0.024010419845581055
1788139672.704245,29600,36,LR,0.0007416006812042824
1788139682.3179324,29640,36,Loss/l_ce,0.0400395393371582
1788139682.3181424,29640,36,Loss/l_total,0.0400395393371582
1788139682.3181686,29640,36,LR,0.0007416006812042824
1788139691.8092732,29680,36,Loss/l_ce,0.13062739372253418
1788139691.8094444,29680,36,Loss/l_total,0.13062739372253418
1788139691.8094704,29680,36,LR,0.0007416006812042824
1788139701.1760092,29720,36,Loss/l_ce,0.1981031894683838
1788139701.1761956,29720,36,Loss/l_total,0.1981031894683838
1788139701.1762216,29720,36,LR,0.0007416006812042824
1788139711.051487,29760,36,Loss/l_ce,0.02446269989013672
1788139711.0516555,29760,36,Loss/l_total,0.02446269989013672
1788139711.051677,29760,36,LR,0.0007416006812042824
1788139720.670409,29800,36,Loss/l_ce,0.027317523956298828
1788139720.6706285,29800,36,Loss/l_total,0.027317523956298828
1788139720.6706536,29800,36,LR,0.0007416006812042824
1788139730.1883554,29840,36,Loss/l_ce,0.0262453556060791
1788139730.1886654,29840,36,Loss/l_total,0.0262453556060791
1788139730.1886902,29840,36,LR,0.0007416006812042824
1788139739.8168697,29880,36,Loss/l_ce,0.02721881866455078
1788139739.8171582,29880,36,Loss/l_total,0.02721881866455078
1788139739.8171842,29880,36,LR,0.0007416006812042824
1788139749.3410769,29920,36,Loss/l_ce,0.02620220184326172
1788139749.341434,29920,36,Loss/l_total,0.02620220184326172
1788139749.3414602,29920,36,LR,0.0007416006812042824
1788139758.715073,29960,36,Loss/l_ce,0.04735612869262695
1788139758.715231,29960,36,Loss/l_total,0.04735612869262695
1788139758.7152512,29960,36,LR,0.0007416006812042824
1788139768.013936,30000,36,Loss/l_ce,0.1527118682861328
1788139768.014258,30000,36,Loss/l_total,0.1527118682861328
1788139768.0142841,30000,36,LR,0.0007416006812042824
1788139777.6319966,30040,36,Loss/l_ce,0.0749363899230957
1788139777.6323113,30040,36,Loss/l_total,0.0749363899230957
1788139777.6323388,30040,36,LR,0.0007416006812042824
1788139808.918252,30044,36,Val/dense_error,0.0512448213994503
1788139808.9185512,30044,36,Val/auc,0.5876003542755922
1788139808.918575,30044,36,Val/pck_max,0.1
1788139808.9185927,30044,36,Val/pck_n,100.0
1788139818.8012528,30080,37,Loss/l_ce,0.15881681442260742
1788139818.8015428,30080,37,Loss/l_total,0.15881681442260742
1788139818.8015687,30080,37,LR,0.0007287165507856509
1788139828.3592708,30120,37,Loss/l_ce,0.025130510330200195
1788139828.3595808,30120,37,Loss/l_total,0.025130510330200195
1788139828.3596103,30120,37,LR,0.0007287165507856509
1788139838.226685,30160,37,Loss/l_ce,0.14125943183898926
1788139838.2268996,30160,37,Loss/l_total,0.14125943183898926
1788139838.2269225,30160,37,LR,0.0007287165507856509
1788139847.8997889,30200,37,Loss/l_ce,0.07985544204711914
1788139847.8999727,30200,37,Loss/l_total,0.07985544204711914
1788139847.8999987,30200,37,LR,0.0007287165507856509
1788139857.8008637,30240,37,Loss/l_ce,0.05527520179748535
1788139857.8010645,30240,37,Loss/l_total,0.05527520179748535
1788139857.8010905,30240,37,LR,0.0007287165507856509
1788139867.565856,30280,37,Loss/l_ce,0.04156899452209473
1788139867.5660923,30280,37,Loss/l_total,0.04156899452209473
1788139867.5661256,30280,37,LR,0.0007287165507856509
1788139876.8736506,30320,37,Loss/l_ce,0.02744889259338379
1788139876.8738072,30320,37,Loss/l_total,0.02744889259338379
1788139876.8738308,30320,37,LR,0.0007287165507856509
1788139886.405021,30360,37,Loss/l_ce,0.06262326240539551
1788139886.4052203,30360,37,Loss/l_total,0.06262326240539551
1788139886.4052465,30360,37,LR,0.0007287165507856509
1788139895.8882847,30400,37,Loss/l_ce,0.13640570640563965
1788139895.888452,30400,37,Loss/l_total,0.13640570640563965
1788139895.888476,30400,37,LR,0.0007287165507856509
1788139905.4646738,30440,37,Loss/l_ce,0.12139654159545898
1788139905.464884,30440,37,Loss/l_total,0.12139654159545898
1788139905.464916,30440,37,LR,0.0007287165507856509
1788139914.9729397,30480,37,Loss/l_ce,0.0326080322265625
1788139914.973182,30480,37,Loss/l_total,0.0326080322265625
1788139914.9732103,30480,37,LR,0.0007287165507856509
1788139924.3315504,30520,37,Loss/l_ce,0.02390432357788086
1788139924.331751,30520,37,Loss/l_total,0.02390432357788086
1788139924.331776,30520,37,LR,0.0007287165507856509
1788139933.8526285,30560,37,Loss/l_ce,0.03916168212890625
1788139933.85279,30560,37,Loss/l_total,0.03916168212890625
1788139933.8528125,30560,37,LR,0.0007287165507856509
1788139943.4991193,30600,37,Loss/l_ce,0.06049203872680664
1788139943.4992795,30600,37,Loss/l_total,0.06049203872680664
1788139943.4993021,30600,37,LR,0.0007287165507856509
1788139952.9196382,30640,37,Loss/l_ce,0.024882793426513672
1788139952.9198198,30640,37,Loss/l_total,0.024882793426513672
1788139952.9198449,30640,37,LR,0.0007287165507856509
1788139962.802934,30680,37,Loss/l_ce,0.14502716064453125
1788139962.803131,30680,37,Loss/l_total,0.14502716064453125
1788139962.803156,30680,37,LR,0.0007287165507856509
1788139972.5843778,30720,37,Loss/l_ce,0.019904613494873047
1788139972.5845332,30720,37,Loss/l_total,0.019904613494873047
1788139972.584557,30720,37,LR,0.0007287165507856509
1788139982.0995502,30760,37,Loss/l_ce,0.044118404388427734
1788139982.0997462,30760,37,Loss/l_total,0.044118404388427734
1788139982.0997984,30760,37,LR,0.0007287165507856509
1788139991.8313923,30800,37,Loss/l_ce,0.024132490158081055
1788139991.8315883,30800,37,Loss/l_total,0.024132490158081055
1788139991.8316312,30800,37,LR,0.0007287165507856509
1788140001.2458432,30840,37,Loss/l_ce,0.1424717903137207
1788140001.2460282,30840,37,Loss/l_total,0.1424717903137207
1788140001.2460842,30840,37,LR,0.0007287165507856509
1788140034.4519234,30856,37,Val/dense_error,0.05381423607468605
1788140034.452225,30856,37,Val/auc,0.569009197139822
1788140034.4522512,30856,37,Val/pck_max,0.1
1788140034.4522712,30856,37,Val/pck_n,100.0
1788140041.422356,30880,38,Loss/l_ce,0.021576642990112305
1788140041.4224985,30880,38,Loss/l_total,0.021576642990112305
1788140041.4225223,30880,38,LR,0.0007156560487081049
1788140050.8742328,30920,38,Loss/l_ce,0.07009410858154297
1788140050.8743956,30920,38,Loss/l_total,0.07009410858154297
1788140050.8744218,30920,38,LR,0.0007156560487081049
1788140060.4276626,30960,38,Loss/l_ce,0.0872948169708252
1788140060.4278324,30960,38,Loss/l_total,0.0872948169708252
1788140060.4278574,30960,38,LR,0.0007156560487081049
1788140070.237091,31000,38,Loss/l_ce,0.2009296417236328
1788140070.237381,31000,38,Loss/l_total,0.2009296417236328
1788140070.2374058,31000,38,LR,0.0007156560487081049
1788140079.9939365,31040,38,Loss/l_ce,0.03933525085449219
1788140079.9941707,31040,38,Loss/l_total,0.03933525085449219
1788140079.9941957,31040,38,LR,0.0007156560487081049
1788140089.5639484,31080,38,Loss/l_ce,0.027317047119140625
1788140089.5642192,31080,38,Loss/l_total,0.027317047119140625
1788140089.5642512,31080,38,LR,0.0007156560487081049
1788140099.105224,31120,38,Loss/l_ce,0.0665287971496582
1788140099.1053984,31120,38,Loss/l_total,0.0665287971496582
1788140099.105421,31120,38,LR,0.0007156560487081049
1788140108.6709056,31160,38,Loss/l_ce,0.002820253372192383
1788140108.6711488,31160,38,Loss/l_total,0.002820253372192383
1788140108.6711857,31160,38,LR,0.0007156560487081049
1788140118.532416,31200,38,Loss/l_ce,0.027082443237304688
1788140118.5326285,31200,38,Loss/l_total,0.027082443237304688
1788140118.532651,31200,38,LR,0.0007156560487081049
1788140127.8761685,31240,38,Loss/l_ce,0.13283777236938477
1788140127.876483,31240,38,Loss/l_total,0.13283777236938477
1788140127.876508,31240,38,LR,0.0007156560487081049
1788140137.3627548,31280,38,Loss/l_ce,0.07660722732543945
1788140137.3629591,31280,38,Loss/l_total,0.07660722732543945
1788140137.3629827,31280,38,LR,0.0007156560487081049
1788140147.1742506,31320,38,Loss/l_ce,0.12040328979492188
1788140147.1744845,31320,38,Loss/l_total,0.12040328979492188
1788140147.1769447,31320,38,LR,0.0007156560487081049
1788140156.5499327,31360,38,Loss/l_ce,0.03071427345275879
1788140156.5502796,31360,38,Loss/l_total,0.03071427345275879
1788140156.5503094,31360,38,LR,0.0007156560487081049
1788140165.9478807,31400,38,Loss/l_ce,0.04703807830810547
1788140165.9481301,31400,38,Loss/l_total,0.04703807830810547
1788140165.948157,31400,38,LR,0.0007156560487081049
1788140175.2319834,31440,38,Loss/l_ce,0.05337786674499512
1788140175.2322161,31440,38,Loss/l_total,0.05337786674499512
1788140175.232241,31440,38,LR,0.0007156560487081049
1788140185.0417767,31480,38,Loss/l_ce,0.032536983489990234
1788140185.0419774,31480,38,Loss/l_total,0.032536983489990234
1788140185.0419986,31480,38,LR,0.0007156560487081049
1788140194.4792552,31520,38,Loss/l_ce,0.037549495697021484
1788140194.479437,31520,38,Loss/l_total,0.037549495697021484
1788140194.4794595,31520,38,LR,0.0007156560487081049
1788140203.9313226,31560,38,Loss/l_ce,0.00898289680480957
1788140203.9315693,31560,38,Loss/l_total,0.00898289680480957
1788140203.9315956,31560,38,LR,0.0007156560487081049
1788140213.656431,31600,38,Loss/l_ce,0.12244820594787598
1788140213.6567073,31600,38,Loss/l_total,0.12244820594787598
1788140213.6567383,31600,38,LR,0.0007156560487081049
1788140223.2659798,31640,38,Loss/l_ce,0.0236055850982666
1788140223.266319,31640,38,Loss/l_total,0.0236055850982666
1788140223.266348,31640,38,LR,0.0007156560487081049
1788140260.2399096,31668,38,Val/dense_error,0.05010867491364479
1788140260.240262,31668,38,Val/auc,0.5919308149637282
1788140260.2402894,31668,38,Val/pck_max,0.1
1788140260.2403085,31668,38,Val/pck_n,100.0
1788140264.4364092,31680,39,Loss/l_ce,0.05028557777404785
1788140264.4365733,31680,39,Loss/l_total,0.05028557777404785
1788140264.436597,31680,39,LR,0.0007024320641103809
1788140274.0088518,31720,39,Loss/l_ce,0.023222684860229492
1788140274.0089967,31720,39,Loss/l_total,0.023222684860229492
1788140274.0090215,31720,39,LR,0.0007024320641103809
1788140283.5457845,31760,39,Loss/l_ce,0.12648701667785645
1788140283.5459697,31760,39,Loss/l_total,0.12648701667785645
1788140283.5461955,31760,39,LR,0.0007024320641103809
1788140293.2505095,31800,39,Loss/l_ce,0.038106441497802734
1788140293.250696,31800,39,Loss/l_total,0.038106441497802734
1788140293.2507257,31800,39,LR,0.0007024320641103809
1788140302.6233058,31840,39,Loss/l_ce,0.030017614364624023
1788140302.6235492,31840,39,Loss/l_total,0.030017614364624023
1788140302.6235766,31840,39,LR,0.0007024320641103809
1788140312.002453,31880,39,Loss/l_ce,0.11322498321533203
1788140312.0026205,31880,39,Loss/l_total,0.11322498321533203
1788140312.0026417,31880,39,LR,0.0007024320641103809
1788140321.2284544,31920,39,Loss/l_ce,0.026758670806884766
1788140321.2286525,31920,39,Loss/l_total,0.026758670806884766
1788140321.2286754,31920,39,LR,0.0007024320641103809
1788140330.7313259,31960,39,Loss/l_ce,0.03338313102722168
1788140330.7314959,31960,39,Loss/l_total,0.03338313102722168
1788140330.7315207,31960,39,LR,0.0007024320641103809
1788140339.9988508,32000,39,Loss/l_ce,0.02623605728149414
1788140339.9990754,32000,39,Loss/l_total,0.02623605728149414
1788140339.9990978,32000,39,LR,0.0007024320641103809
1788140349.5135112,32040,39,Loss/l_ce,0.048270225524902344
1788140349.5136669,32040,39,Loss/l_total,0.048270225524902344
1788140349.5136907,32040,39,LR,0.0007024320641103809
1788140358.9974124,32080,39,Loss/l_ce,0.032880544662475586
1788140358.997594,32080,39,Loss/l_total,0.032880544662475586
1788140358.997619,32080,39,LR,0.0007024320641103809
1788140368.3365073,32120,39,Loss/l_ce,0.04239225387573242
1788140368.336669,32120,39,Loss/l_total,0.04239225387573242
1788140368.3366926,32120,39,LR,0.0007024320641103809
1788140377.7229054,32160,39,Loss/l_ce,0.022818565368652344
1788140377.7230835,32160,39,Loss/l_total,0.022818565368652344
1788140377.7231083,32160,39,LR,0.0007024320641103809
1788140387.319013,32200,39,Loss/l_ce,0.026619911193847656
1788140387.3192234,32200,39,Loss/l_total,0.026619911193847656
1788140387.319253,32200,39,LR,0.0007024320641103809
1788140396.8741403,32240,39,Loss/l_ce,0.020174026489257812
1788140396.874328,32240,39,Loss/l_total,0.020174026489257812
1788140396.8743503,32240,39,LR,0.0007024320641103809
1788140406.0734158,32280,39,Loss/l_ce,0.003371715545654297
1788140406.0735772,32280,39,Loss/l_total,0.003371715545654297
1788140406.073602,32280,39,LR,0.0007024320641103809
1788140415.591074,32320,39,Loss/l_ce,0.07084250450134277
1788140415.5912545,32320,39,Loss/l_total,0.07084250450134277
1788140415.5912783,32320,39,LR,0.0007024320641103809
1788140424.9809084,32360,39,Loss/l_ce,0.1422877311706543
1788140424.9810853,32360,39,Loss/l_total,0.1422877311706543
1788140424.9811125,32360,39,LR,0.0007024320641103809
1788140434.3644166,32400,39,Loss/l_ce,0.12241172790527344
1788140434.3645732,32400,39,Loss/l_total,0.12241172790527344
1788140434.3645947,32400,39,LR,0.0007024320641103809
1788140443.6706307,32440,39,Loss/l_ce,0.040457963943481445
1788140443.6708112,32440,39,Loss/l_total,0.040457963943481445
1788140443.670835,32440,39,LR,0.0007024320641103809
1788140453.1125455,32480,39,Loss/l_ce,0.07279682159423828
1788140453.1127057,32480,39,Loss/l_total,0.07279682159423828
1788140453.1127274,32480,39,LR,0.0007024320641103809
1788140483.7479115,32480,39,Val/dense_error,0.048603806644678116
1788140483.748231,32480,39,Val/auc,0.5919458145351689
1788140483.7482593,32480,39,Val/pck_max,0.1
1788140483.7482939,32480,39,Val/pck_n,100.0
1788140494.9105966,32520,40,Loss/l_ce,0.008330583572387695
1788140494.9107816,32520,40,Loss/l_total,0.008330583572387695
1788140494.9108078,32520,40,LR,0.0006890576474687261
1788140504.595602,32560,40,Loss/l_ce,0.02415943145751953
1788140504.5957646,32560,40,Loss/l_total,0.02415943145751953
1788140504.595786,32560,40,LR,0.0006890576474687261
1788140514.0603595,32600,40,Loss/l_ce,0.04091453552246094
1788140514.0605826,32600,40,Loss/l_total,0.04091453552246094
1788140514.0606062,32600,40,LR,0.0006890576474687261
1788140523.6469166,32640,40,Loss/l_ce,0.04513740539550781
1788140523.6471398,32640,40,Loss/l_total,0.04513740539550781
1788140523.6471741,32640,40,LR,0.0006890576474687261
1788140533.293594,32680,40,Loss/l_ce,0.030726909637451172
1788140533.2938418,32680,40,Loss/l_total,0.030726909637451172
1788140533.2938666,32680,40,LR,0.0006890576474687261
1788140543.0496304,32720,40,Loss/l_ce,0.02594161033630371
1788140543.049793,32720,40,Loss/l_total,0.02594161033630371
1788140543.049818,32720,40,LR,0.0006890576474687261
1788140552.4626014,32760,40,Loss/l_ce,0.2008969783782959
1788140552.4628103,32760,40,Loss/l_total,0.2008969783782959
1788140552.4628365,32760,40,LR,0.0006890576474687261
1788140562.0779781,32800,40,Loss/l_ce,0.030035972595214844
1788140562.078346,32800,40,Loss/l_total,0.030035972595214844
1788140562.0783734,32800,40,LR,0.0006890576474687261
1788140571.8792472,32840,40,Loss/l_ce,0.028956890106201172
1788140571.8794582,32840,40,Loss/l_total,0.028956890106201172
1788140571.8794847,32840,40,LR,0.0006890576474687261
1788140581.280495,32880,40,Loss/l_ce,0.1783585548400879
1788140581.2806683,32880,40,Loss/l_total,0.1783585548400879
1788140581.2806942,32880,40,LR,0.0006890576474687261
1788140590.3997066,32920,40,Loss/l_ce,0.020325660705566406
1788140590.3998597,32920,40,Loss/l_total,0.020325660705566406
1788140590.3998835,32920,40,LR,0.0006890576474687261
1788140599.9926848,32960,40,Loss/l_ce,0.18352937698364258
1788140599.992908,32960,40,Loss/l_total,0.18352937698364258
1788140599.992945,32960,40,LR,0.0006890576474687261
1788140609.548566,33000,40,Loss/l_ce,0.02038097381591797
1788140609.5487335,33000,40,Loss/l_total,0.02038097381591797
1788140609.5487607,33000,40,LR,0.0006890576474687261
1788140618.8883047,33040,40,Loss/l_ce,0.04874753952026367
1788140618.8885503,33040,40,Loss/l_total,0.04874753952026367
1788140618.8885741,33040,40,LR,0.0006890576474687261
1788140628.5322988,33080,40,Loss/l_ce,0.022109031677246094
1788140628.532567,33080,40,Loss/l_total,0.022109031677246094
1788140628.5325954,33080,40,LR,0.0006890576474687261
1788140637.928719,33120,40,Loss/l_ce,0.1681046485900879
1788140637.9288898,33120,40,Loss/l_total,0.1681046485900879
1788140637.9289136,33120,40,LR,0.0006890576474687261
1788140647.2526371,33160,40,Loss/l_ce,0.1127309799194336
1788140647.2528448,33160,40,Loss/l_total,0.1127309799194336
1788140647.2528698,33160,40,LR,0.0006890576474687261
1788140656.69675,33200,40,Loss/l_ce,0.007811546325683594
1788140656.6969671,33200,40,Loss/l_total,0.007811546325683594
1788140656.6969955,33200,40,LR,0.0006890576474687261
1788140666.2198343,33240,40,Loss/l_ce,0.03679370880126953
1788140666.220028,33240,40,Loss/l_total,0.03679370880126953
1788140666.2200742,33240,40,LR,0.0006890576474687261
1788140675.5807083,33280,40,Loss/l_ce,0.027268648147583008
1788140675.5808709,33280,40,Loss/l_total,0.027268648147583008
1788140675.5808947,33280,40,LR,0.0006890576474687261
1788140708.262532,33292,40,Val/dense_error,0.05278822407126427
1788140708.262709,33292,40,Val/auc,0.5789625491219731
1788140708.2627327,33292,40,Val/pck_max,0.1
1788140708.262753,33292,40,Val/pck_n,100.0
1788140716.6868055,33320,41,Loss/l_ce,0.0570988655090332
1788140716.6869872,33320,41,Loss/l_total,0.0570988655090332
1788140716.6870108,33320,41,LR,0.0006755459977176529
1788140726.2232757,33360,41,Loss/l_ce,0.13170456886291504
1788140726.223468,33360,41,Loss/l_total,0.13170456886291504
1788140726.2234955,33360,41,LR,0.0006755459977176529
1788140735.7697878,33400,41,Loss/l_ce,0.08107542991638184
1788140735.7702699,33400,41,Loss/l_total,0.08107542991638184
1788140735.7702987,33400,41,LR,0.0006755459977176529
1788140745.5432007,33440,41,Loss/l_ce,0.07622051239013672
1788140745.5433776,33440,41,Loss/l_total,0.07622051239013672
1788140745.5434015,33440,41,LR,0.0006755459977176529
1788140755.1207314,33480,41,Loss/l_ce,0.02526259422302246
1788140755.120894,33480,41,Loss/l_total,0.02526259422302246
1788140755.1209164,33480,41,LR,0.0006755459977176529
1788140764.9778829,33520,41,Loss/l_ce,0.02228832244873047
1788140764.9781334,33520,41,Loss/l_total,0.02228832244873047
1788140764.9781618,33520,41,LR,0.0006755459977176529
1788140774.7472687,33560,41,Loss/l_ce,0.04532027244567871
1788140774.7475593,33560,41,Loss/l_total,0.04532027244567871
1788140774.7475843,33560,41,LR,0.0006755459977176529
1788140784.5107641,33600,41,Loss/l_ce,0.04518628120422363
1788140784.5110583,33600,41,Loss/l_total,0.04518628120422363
1788140784.511271,33600,41,LR,0.0006755459977176529
1788140794.0478704,33640,41,Loss/l_ce,0.022405147552490234
1788140794.0480533,33640,41,Loss/l_total,0.022405147552490234
1788140794.0480797,33640,41,LR,0.0006755459977176529
1788140803.513128,33680,41,Loss/l_ce,0.0543370246887207
1788140803.5133855,33680,41,Loss/l_total,0.0543370246887207
1788140803.513415,33680,41,LR,0.0006755459977176529
1788140812.8861253,33720,41,Loss/l_ce,0.03969287872314453
1788140812.8863344,33720,41,Loss/l_total,0.03969287872314453
1788140812.886358,33720,41,LR,0.0006755459977176529
1788140822.536392,33760,41,Loss/l_ce,0.03699660301208496
1788140822.5365605,33760,41,Loss/l_total,0.03699660301208496
1788140822.5365844,33760,41,LR,0.0006755459977176529
1788140832.1656706,33800,41,Loss/l_ce,0.023268699645996094
1788140832.1659248,33800,41,Loss/l_total,0.023268699645996094
1788140832.1659474,33800,41,LR,0.0006755459977176529
1788140841.4894679,33840,41,Loss/l_ce,0.052332162857055664
1788140841.4897065,33840,41,Loss/l_total,0.052332162857055664
1788140841.4897304,33840,41,LR,0.0006755459977176529
1788140851.1351385,33880,41,Loss/l_ce,0.05775785446166992
1788140851.1353796,33880,41,Loss/l_total,0.05775785446166992
1788140851.1356514,33880,41,LR,0.0006755459977176529
1788140860.8727355,33920,41,Loss/l_ce,0.05261707305908203
1788140860.8729835,33920,41,Loss/l_total,0.05261707305908203
1788140860.8730073,33920,41,LR,0.0006755459977176529
1788140870.4542801,33960,41,Loss/l_ce,0.023366212844848633
1788140870.454481,33960,41,Loss/l_total,0.023366212844848633
1788140870.4545093,33960,41,LR,0.0006755459977176529
1788140879.9429286,34000,41,Loss/l_ce,0.07732558250427246
1788140879.9431744,34000,41,Loss/l_total,0.07732558250427246
1788140879.9431992,34000,41,LR,0.0006755459977176529
1788140889.7034118,34040,41,Loss/l_ce,0.19230318069458008
1788140889.7035697,34040,41,Loss/l_total,0.19230318069458008
1788140889.7035947,34040,41,LR,0.0006755459977176529
1788140899.2902067,34080,41,Loss/l_ce,0.09043741226196289
1788140899.2904491,34080,41,Loss/l_total,0.09043741226196289
1788140899.2904727,34080,41,LR,0.0006755459977176529
1788140934.710849,34104,41,Val/dense_error,0.051426466554403305
1788140934.7111187,34104,41,Val/auc,0.5823521925347587
1788140934.7111437,34104,41,Val/pck_max,0.1
1788140934.7111626,34104,41,Val/pck_n,100.0
1788140939.807977,34120,42,Loss/l_ce,0.031186580657958984
1788140939.8081694,34120,42,Loss/l_total,0.031186580657958984
1788140939.8081965,34120,42,LR,0.0006619104492241843
1788140949.2711174,34160,42,Loss/l_ce,0.020000696182250977
1788140949.271285,34160,42,Loss/l_total,0.020000696182250977
1788140949.271309,34160,42,LR,0.0006619104492241843
1788140959.1038182,34200,42,Loss/l_ce,0.1127467155456543
1788140959.1039665,34200,42,Loss/l_total,0.1127467155456543
1788140959.1039894,34200,42,LR,0.0006619104492241843
1788140968.5582168,34240,42,Loss/l_ce,0.12205743789672852
1788140968.5583973,34240,42,Loss/l_total,0.12205743789672852
1788140968.558422,34240,42,LR,0.0006619104492241843
1788140978.395105,34280,42,Loss/l_ce,0.022283077239990234
1788140978.395283,34280,42,Loss/l_total,0.022283077239990234
1788140978.3953078,34280,42,LR,0.0006619104492241843
1788140987.9551227,34320,42,Loss/l_ce,0.02681756019592285
1788140987.9553032,34320,42,Loss/l_total,0.02681756019592285
1788140987.9553256,34320,42,LR,0.0006619104492241843
1788140997.2730584,34360,42,Loss/l_ce,0.034802913665771484
1788140997.273233,34360,42,Loss/l_total,0.034802913665771484
1788140997.2732553,34360,42,LR,0.0006619104492241843
1788141006.9098158,34400,42,Loss/l_ce,0.054389238357543945
1788141006.9099975,34400,42,Loss/l_total,0.054389238357543945
1788141006.91002,34400,42,LR,0.0006619104492241843
1788141016.5516777,34440,42,Loss/l_ce,0.07057785987854004
1788141016.5518785,34440,42,Loss/l_total,0.07057785987854004
1788141016.5519032,34440,42,LR,0.0006619104492241843
1788141026.04783,34480,42,Loss/l_ce,0.03522014617919922
1788141026.0479853,34480,42,Loss/l_total,0.03522014617919922
1788141026.0480092,34480,42,LR,0.0006619104492241843
1788141035.6438107,34520,42,Loss/l_ce,0.02828812599182129
1788141035.6440246,34520,42,Loss/l_total,0.02828812599182129
1788141035.6440744,34520,42,LR,0.0006619104492241843
1788141045.0565507,34560,42,Loss/l_ce,0.2517876625061035
1788141045.056883,34560,42,Loss/l_total,0.2517876625061035
1788141045.0569081,34560,42,LR,0.0006619104492241843
1788141055.452373,34600,42,Loss/l_ce,0.021548986434936523
1788141055.453059,34600,42,Loss/l_total,0.021548986434936523
1788141055.4530878,34600,42,LR,0.0006619104492241843
1788141064.9196465,34640,42,Loss/l_ce,0.09488058090209961
1788141064.9202046,34640,42,Loss/l_total,0.09488058090209961
1788141064.9202342,34640,42,LR,0.0006619104492241843
1788141074.5212533,34680,42,Loss/l_ce,0.020161151885986328
1788141074.521645,34680,42,Loss/l_total,0.020161151885986328
1788141074.52167,34680,42,LR,0.0006619104492241843
1788141083.9574142,34720,42,Loss/l_ce,0.14443039894104004
1788141083.9576585,34720,42,Loss/l_total,0.14443039894104004
1788141083.9576824,34720,42,LR,0.0006619104492241843
1788141093.4906223,34760,42,Loss/l_ce,0.035781145095825195
1788141093.4908004,34760,42,Loss/l_total,0.035781145095825195
1788141093.4908288,34760,42,LR,0.0006619104492241843
1788141103.079873,34800,42,Loss/l_ce,0.04013681411743164
1788141103.0802412,34800,42,Loss/l_total,0.04013681411743164
1788141103.0802722,34800,42,LR,0.0006619104492241843
1788141112.6781821,34840,42,Loss/l_ce,0.08416199684143066
1788141112.6784194,34840,42,Loss/l_total,0.08416199684143066
1788141112.6784432,34840,42,LR,0.0006619104492241843
1788141122.2341604,34880,42,Loss/l_ce,0.03027653694152832
1788141122.2343647,34880,42,Loss/l_total,0.03027653694152832
1788141122.2343955,34880,42,LR,0.0006619104492241843
1788141160.3841398,34916,42,Val/dense_error,0.05257883667945862
1788141160.384464,34916,42,Val/auc,0.5853136014295696
1788141160.3844926,34916,42,Val/pck_max,0.1
1788141160.3845115,34916,42,Val/pck_n,100.0
1788141162.768976,34920,43,Loss/l_ce,0.27307868003845215
1788141162.769173,34920,43,Loss/l_total,0.27307868003845215
1788141162.769198,34920,43,LR,0.0006481644586284439
1788141172.4884095,34960,43,Loss/l_ce,0.022353649139404297
1788141172.4885879,34960,43,Loss/l_total,0.022353649139404297
1788141172.4886138,34960,43,LR,0.0006481644586284439
1788141182.0777495,35000,43,Loss/l_ce,0.06320452690124512
1788141182.0779133,35000,43,Loss/l_total,0.06320452690124512
1788141182.077937,35000,43,LR,0.0006481644586284439
1788141191.7501428,35040,43,Loss/l_ce,0.045709848403930664
1788141191.750347,35040,43,Loss/l_total,0.045709848403930664
1788141191.7503731,35040,43,LR,0.0006481644586284439
1788141201.3274744,35080,43,Loss/l_ce,0.023183345794677734
1788141201.3276608,35080,43,Loss/l_total,0.023183345794677734
1788141201.3276882,35080,43,LR,0.0006481644586284439
1788141211.188756,35120,43,Loss/l_ce,0.024621963500976562
1788141211.1889958,35120,43,Loss/l_total,0.024621963500976562
1788141211.1890256,35120,43,LR,0.0006481644586284439
1788141220.7666602,35160,43,Loss/l_ce,0.04811906814575195
1788141220.7668324,35160,43,Loss/l_total,0.04811906814575195
1788141220.766887,35160,43,LR,0.0006481644586284439
1788141230.2114768,35200,43,Loss/l_ce,0.040403127670288086
1788141230.211713,35200,43,Loss/l_total,0.040403127670288086
1788141230.2117426,35200,43,LR,0.0006481644586284439
1788141239.7633758,35240,43,Loss/l_ce,0.061501502990722656
1788141239.7635407,35240,43,Loss/l_total,0.061501502990722656
1788141239.7635646,35240,43,LR,0.0006481644586284439
1788141249.353874,35280,43,Loss/l_ce,0.029767751693725586
1788141249.3541088,35280,43,Loss/l_total,0.029767751693725586
1788141249.3541327,35280,43,LR,0.0006481644586284439
1788141259.097013,35320,43,Loss/l_ce,0.03021407127380371
1788141259.0972004,35320,43,Loss/l_total,0.03021407127380371
1788141259.0972242,35320,43,LR,0.0006481644586284439
1788141268.4130218,35360,43,Loss/l_ce,0.1089322566986084
1788141268.4132292,35360,43,Loss/l_total,0.1089322566986084
1788141268.4132545,35360,43,LR,0.0006481644586284439
1788141278.0202322,35400,43,Loss/l_ce,0.019403457641601562
1788141278.020396,35400,43,Loss/l_total,0.019403457641601562
1788141278.0204234,35400,43,LR,0.0006481644586284439
1788141287.4557827,35440,43,Loss/l_ce,0.035402536392211914
1788141287.4559739,35440,43,Loss/l_total,0.035402536392211914
1788141287.4559965,35440,43,LR,0.0006481644586284439
1788141296.8009908,35480,43,Loss/l_ce,0.029385805130004883
1788141296.8011725,35480,43,Loss/l_total,0.029385805130004883
1788141296.801196,35480,43,LR,0.0006481644586284439
1788141306.312014,35520,43,Loss/l_ce,0.05839729309082031
1788141306.312229,35520,43,Loss/l_total,0.05839729309082031
1788141306.3122563,35520,43,LR,0.0006481644586284439
1788141316.184867,35560,43,Loss/l_ce,0.010310173034667969
1788141316.1850224,35560,43,Loss/l_total,0.010310173034667969
1788141316.1850724,35560,43,LR,0.0006481644586284439
1788141325.5646303,35600,43,Loss/l_ce,0.033820152282714844
1788141325.5648239,35600,43,Loss/l_total,0.033820152282714844
1788141325.5648475,35600,43,LR,0.0006481644586284439
1788141335.0142517,35640,43,Loss/l_ce,0.019061803817749023
1788141335.0144715,35640,43,Loss/l_total,0.019061803817749023
1788141335.014494,35640,43,LR,0.0006481644586284439
1788141344.3858833,35680,43,Loss/l_ce,0.04570889472961426
1788141344.3861113,35680,43,Loss/l_total,0.04570889472961426
1788141344.3861387,35680,43,LR,0.0006481644586284439
1788141353.5765822,35720,43,Loss/l_ce,0.03476905822753906
1788141353.576778,35720,43,Loss/l_total,0.03476905822753906
1788141353.5768027,35720,43,LR,0.0006481644586284439
1788141385.3459208,35728,43,Val/dense_error,0.05022919923067093
1788141385.3461668,35728,43,Val/auc,0.5899526247302025
1788141385.3461916,35728,43,Val/pck_max,0.1
1788141385.3462105,35728,43,Val/pck_n,100.0
1788141394.6884072,35760,44,Loss/l_ce,0.030324459075927734
1788141394.6885924,35760,44,Loss/l_total,0.030324459075927734
1788141394.6886127,35760,44,LR,0.0006343215915635759
1788141404.3246446,35800,44,Loss/l_ce,0.06729245185852051
1788141404.3248014,35800,44,Loss/l_total,0.06729245185852051
1788141404.324823,35800,44,LR,0.0006343215915635759
1788141413.768404,35840,44,Loss/l_ce,0.21137666702270508
1788141413.7685714,35840,44,Loss/l_total,0.21137666702270508
1788141413.768594,35840,44,LR,0.0006343215915635759
1788141423.5244088,35880,44,Loss/l_ce,0.1123204231262207
1788141423.524613,35880,44,Loss/l_total,0.1123204231262207
1788141423.524646,35880,44,LR,0.0006343215915635759
1788141433.1467183,35920,44,Loss/l_ce,0.061690330505371094
1788141433.1469,35920,44,Loss/l_total,0.061690330505371094
1788141433.1469226,35920,44,LR,0.0006343215915635759
1788141442.508984,35960,44,Loss/l_ce,0.017810583114624023
1788141442.5092452,35960,44,Loss/l_total,0.017810583114624023
1788141442.5092714,35960,44,LR,0.0006343215915635759
1788141452.2933085,36000,44,Loss/l_ce,0.09395194053649902
1788141452.2934651,36000,44,Loss/l_total,0.09395194053649902
1788141452.2934875,36000,44,LR,0.0006343215915635759
1788141461.728017,36040,44,Loss/l_ce,0.03407144546508789
1788141461.7282453,36040,44,Loss/l_total,0.03407144546508789
1788141461.7282891,36040,44,LR,0.0006343215915635759
1788141471.1684725,36080,44,Loss/l_ce,0.05152249336242676
1788141471.1686482,36080,44,Loss/l_total,0.05152249336242676
1788141471.1686707,36080,44,LR,0.0006343215915635759
1788141480.7357938,36120,44,Loss/l_ce,0.028644084930419922
1788141480.735991,36120,44,Loss/l_total,0.028644084930419922
1788141480.7360158,36120,44,LR,0.0006343215915635759
1788141490.181128,36160,44,Loss/l_ce,0.0977323055267334
1788141490.181344,36160,44,Loss/l_total,0.0977323055267334
1788141490.1813736,36160,44,LR,0.0006343215915635759
1788141499.921741,36200,44,Loss/l_ce,0.036083221435546875
1788141499.921911,36200,44,Loss/l_total,0.036083221435546875
1788141499.9219346,36200,44,LR,0.0006343215915635759
1788141509.6458142,36240,44,Loss/l_ce,0.022703170776367188
1788141509.645997,36240,44,Loss/l_total,0.022703170776367188
1788141509.6460245,36240,44,LR,0.0006343215915635759
1788141519.3297591,36280,44,Loss/l_ce,0.03417181968688965
1788141519.3300595,36280,44,Loss/l_total,0.03417181968688965
1788141519.330094,36280,44,LR,0.0006343215915635759
1788141530.8302858,36320,44,Loss/l_ce,0.08037686347961426
1788141530.8304627,36320,44,Loss/l_total,0.08037686347961426
1788141530.8304877,36320,44,LR,0.0006343215915635759
1788141540.4387236,36360,44,Loss/l_ce,0.019456148147583008
1788141540.4388945,36360,44,Loss/l_total,0.019456148147583008
1788141540.4389172,36360,44,LR,0.0006343215915635759
1788141549.8343377,36400,44,Loss/l_ce,0.11034560203552246
1788141549.834525,36400,44,Loss/l_total,0.11034560203552246
1788141549.8345504,36400,44,LR,0.0006343215915635759
1788141559.5062318,36440,44,Loss/l_ce,0.019878864288330078
1788141559.5064764,36440,44,Loss/l_total,0.019878864288330078
1788141559.5065,36440,44,LR,0.0006343215915635759
1788141568.9929874,36480,44,Loss/l_ce,0.16495513916015625
1788141568.9933176,36480,44,Loss/l_total,0.16495513916015625
1788141568.993346,36480,44,LR,0.0006343215915635759
1788141578.4274535,36520,44,Loss/l_ce,0.21203374862670898
1788141578.4276755,36520,44,Loss/l_total,0.21203374862670898
1788141578.4277005,36520,44,LR,0.0006343215915635759
1788141612.6423852,36540,44,Val/dense_error,0.0498250313103199
1788141612.6426666,36540,44,Val/auc,0.5890314822173911
1788141612.6426916,36540,44,Val/pck_max,0.1
1788141612.6427116,36540,44,Val/pck_n,100.0
1788141619.0522892,36560,45,Loss/l_ce,0.03968191146850586
1788141619.0524626,36560,45,Loss/l_total,0.03968191146850586
1788141619.0524888,36560,45,LR,0.0006203955092681036
1788141628.7366729,36600,45,Loss/l_ce,0.07322478294372559
1788141628.7368414,36600,45,Loss/l_total,0.07322478294372559
1788141628.7368653,36600,45,LR,0.0006203955092681036
1788141638.2794716,36640,45,Loss/l_ce,0.0745229721069336
1788141638.2796342,36640,45,Loss/l_total,0.0745229721069336
1788141638.2796617,36640,45,LR,0.0006203955092681036
1788141647.8029196,36680,45,Loss/l_ce,0.08202028274536133
1788141647.80313,36680,45,Loss/l_total,0.08202028274536133
1788141647.803163,36680,45,LR,0.0006203955092681036
1788141657.5418751,36720,45,Loss/l_ce,0.02156805992126465
1788141657.542154,36720,45,Loss/l_total,0.02156805992126465
1788141657.5421815,36720,45,LR,0.0006203955092681036
1788141667.0514927,36760,45,Loss/l_ce,0.0778951644897461
1788141667.0517087,36760,45,Loss/l_total,0.0778951644897461
1788141667.051731,36760,45,LR,0.0006203955092681036
1788141676.7859824,36800,45,Loss/l_ce,0.059336185455322266
1788141676.7861714,36800,45,Loss/l_total,0.059336185455322266
1788141676.7861974,36800,45,LR,0.0006203955092681036
1788141686.33023,36840,45,Loss/l_ce,0.022298336029052734
1788141686.3304296,36840,45,Loss/l_total,0.022298336029052734
1788141686.3304627,36840,45,LR,0.0006203955092681036
1788141695.7494266,36880,45,Loss/l_ce,0.01780390739440918
1788141695.749607,36880,45,Loss/l_total,0.01780390739440918
1788141695.749632,36880,45,LR,0.0006203955092681036
1788141705.4169915,36920,45,Loss/l_ce,0.026685237884521484
1788141705.417204,36920,45,Loss/l_total,0.026685237884521484
1788141705.4172323,36920,45,LR,0.0006203955092681036
1788141715.0148263,36960,45,Loss/l_ce,0.028838157653808594
1788141715.015016,36960,45,Loss/l_total,0.028838157653808594
1788141715.0150661,36960,45,LR,0.0006203955092681036
1788141724.5713744,37000,45,Loss/l_ce,0.023503780364990234
1788141724.5715346,37000,45,Loss/l_total,0.023503780364990234
1788141724.5715594,37000,45,LR,0.0006203955092681036
1788141734.043147,37040,45,Loss/l_ce,0.021586179733276367
1788141734.0433118,37040,45,Loss/l_total,0.021586179733276367
1788141734.0433357,37040,45,LR,0.0006203955092681036
1788141743.7626405,37080,45,Loss/l_ce,0.04975295066833496
1788141743.7628198,37080,45,Loss/l_total,0.04975295066833496
1788141743.762847,37080,45,LR,0.0006203955092681036
1788141753.2781212,37120,45,Loss/l_ce,0.030251502990722656
1788141753.278279,37120,45,Loss/l_total,0.030251502990722656
1788141753.2783017,37120,45,LR,0.0006203955092681036
1788141762.8713448,37160,45,Loss/l_ce,0.045332908630371094
1788141762.8715017,37160,45,Loss/l_total,0.045332908630371094
1788141762.871524,37160,45,LR,0.0006203955092681036
1788141772.5891597,37200,45,Loss/l_ce,0.1283721923828125
1788141772.5893579,37200,45,Loss/l_total,0.1283721923828125
1788141772.58939,37200,45,LR,0.0006203955092681036
1788141782.0139394,37240,45,Loss/l_ce,0.04092073440551758
1788141782.0141222,37240,45,Loss/l_total,0.04092073440551758
1788141782.014146,37240,45,LR,0.0006203955092681036
1788141791.7329938,37280,45,Loss/l_ce,0.02114272117614746
1788141791.7331564,37280,45,Loss/l_total,0.02114272117614746
1788141791.7331789,37280,45,LR,0.0006203955092681036
1788141801.2138686,37320,45,Loss/l_ce,0.041014671325683594
1788141801.214099,37320,45,Loss/l_total,0.041014671325683594
1788141801.2141345,37320,45,LR,0.0006203955092681036
1788141838.590744,37352,45,Val/dense_error,0.052089475095272064
1788141838.5910516,37352,45,Val/auc,0.587513019108545
1788141838.591079,37352,45,Val/pck_max,0.1
1788141838.591105,37352,45,Val/pck_n,100.0
1788141841.9149027,37360,46,Loss/l_ce,0.1382899284362793
1788141841.9150891,37360,46,Loss/l_total,0.1382899284362793
1788141841.9151154,37360,46,LR,0.0006063999551039368
1788141851.3292854,37400,46,Loss/l_ce,0.021262645721435547
1788141851.3294706,37400,46,Loss/l_total,0.021262645721435547
1788141851.3295085,37400,46,LR,0.0006063999551039368
1788141860.9788964,37440,46,Loss/l_ce,0.01944875717163086
1788141860.979102,37440,46,Loss/l_total,0.01944875717163086
1788141860.9791281,37440,46,LR,0.0006063999551039368
1788141870.5770988,37480,46,Loss/l_ce,0.025211095809936523
1788141870.5772638,37480,46,Loss/l_total,0.025211095809936523
1788141870.5772865,37480,46,LR,0.0006063999551039368
1788141880.1429389,37520,46,Loss/l_ce,0.045562744140625
1788141880.1431563,37520,46,Loss/l_total,0.045562744140625
1788141880.1431801,37520,46,LR,0.0006063999551039368
1788141889.7852125,37560,46,Loss/l_ce,0.027875423431396484
1788141889.7853763,37560,46,Loss/l_total,0.027875423431396484
1788141889.7853987,37560,46,LR,0.0006063999551039368
1788141899.4222703,37600,46,Loss/l_ce,0.09955573081970215
1788141899.4224377,37600,46,Loss/l_total,0.09955573081970215
1788141899.4224627,37600,46,LR,0.0006063999551039368
1788141909.100387,37640,46,Loss/l_ce,0.06286478042602539
1788141909.100564,37640,46,Loss/l_total,0.06286478042602539
1788141909.1005878,37640,46,LR,0.0006063999551039368
1788141918.8706489,37680,46,Loss/l_ce,0.13746118545532227
1788141918.8708208,37680,46,Loss/l_total,0.13746118545532227
1788141918.870847,37680,46,LR,0.0006063999551039368
1788141928.5599976,37720,46,Loss/l_ce,0.058679819107055664
1788141928.560227,37720,46,Loss/l_total,0.058679819107055664
1788141928.5602517,37720,46,LR,0.0006063999551039368
1788141938.2291586,37760,46,Loss/l_ce,0.01449728012084961
1788141938.229318,37760,46,Loss/l_total,0.01449728012084961
1788141938.2293403,37760,46,LR,0.0006063999551039368
1788141948.165345,37800,46,Loss/l_ce,0.01541280746459961
1788141948.1655314,37800,46,Loss/l_total,0.01541280746459961
1788141948.1655564,37800,46,LR,0.0006063999551039368
1788141957.6705313,37840,46,Loss/l_ce,0.0258941650390625
1788141957.6707735,37840,46,Loss/l_total,0.0258941650390625
1788141957.6708033,37840,46,LR,0.0006063999551039368
1788141967.5288203,37880,46,Loss/l_ce,0.0190885066986084
1788141967.529007,37880,46,Loss/l_total,0.0190885066986084
1788141967.5290282,37880,46,LR,0.0006063999551039368
1788141977.206314,37920,46,Loss/l_ce,0.03978919982910156
1788141977.2065003,37920,46,Loss/l_total,0.03978919982910156
1788141977.2065241,37920,46,LR,0.0006063999551039368
1788141986.8344493,37960,46,Loss/l_ce,0.030282974243164062
1788141986.8346193,37960,46,Loss/l_total,0.030282974243164062
1788141986.834643,37960,46,LR,0.0006063999551039368
1788141996.7121499,38000,46,Loss/l_ce,0.16922330856323242
1788141996.7123208,38000,46,Loss/l_total,0.16922330856323242
1788141996.7123446,38000,46,LR,0.0006063999551039368
1788142006.5599706,38040,46,Loss/l_ce,0.0869288444519043
1788142006.560277,38040,46,Loss/l_total,0.0869288444519043
1788142006.5603042,38040,46,LR,0.0006063999551039368
1788142016.420986,38080,46,Loss/l_ce,0.024185657501220703
1788142016.4212685,38080,46,Loss/l_total,0.024185657501220703
1788142016.4212933,38080,46,LR,0.0006063999551039368
1788142026.082159,38120,46,Loss/l_ce,0.023438692092895508
1788142026.0825129,38120,46,Loss/l_total,0.023438692092895508
1788142026.0825367,38120,46,LR,0.0006063999551039368
1788142035.776237,38160,46,Loss/l_ce,0.0767507553100586
1788142035.7764769,38160,46,Loss/l_total,0.0767507553100586
1788142035.7765005,38160,46,LR,0.0006063999551039368
1788142067.4363756,38164,46,Val/dense_error,0.048073895275592804
1788142067.4366426,38164,46,Val/auc,0.5994225489661333
1788142067.43667,38164,46,Val/pck_max,0.1
1788142067.4366913,38164,46,Val/pck_n,100.0
1788142077.8858466,38200,47,Loss/l_ce,0.18271160125732422
1788142077.8860126,38200,47,Loss/l_total,0.18271160125732422
1788142077.8860734,38200,47,LR,0.0005923487409933312
1788142087.7515373,38240,47,Loss/l_ce,0.07234764099121094
1788142087.7516966,38240,47,Loss/l_total,0.07234764099121094
1788142087.7517192,38240,47,LR,0.0005923487409933312
1788142097.2414958,38280,47,Loss/l_ce,0.037912845611572266
1788142097.2417355,38280,47,Loss/l_total,0.037912845611572266
1788142097.2417617,38280,47,LR,0.0005923487409933312
1788142106.83302,38320,47,Loss/l_ce,0.17225217819213867
1788142106.833216,38320,47,Loss/l_total,0.17225217819213867
1788142106.8332396,38320,47,LR,0.0005923487409933312
1788142116.4811735,38360,47,Loss/l_ce,0.020877361297607422
1788142116.4813433,38360,47,Loss/l_total,0.020877361297607422
1788142116.481367,38360,47,LR,0.0005923487409933312
1788142126.0901072,38400,47,Loss/l_ce,0.04130268096923828
1788142126.0902889,38400,47,Loss/l_total,0.04130268096923828
1788142126.0903137,38400,47,LR,0.0005923487409933312
1788142135.6324918,38440,47,Loss/l_ce,0.12897014617919922
1788142135.632652,38440,47,Loss/l_total,0.12897014617919922
1788142135.632676,38440,47,LR,0.0005923487409933312
1788142145.4386861,38480,47,Loss/l_ce,0.03081512451171875
1788142145.4388478,38480,47,Loss/l_total,0.03081512451171875
1788142145.4388716,38480,47,LR,0.0005923487409933312
1788142155.421193,38520,47,Loss/l_ce,0.02720928192138672
1788142155.421377,38520,47,Loss/l_total,0.02720928192138672
1788142155.4214032,38520,47,LR,0.0005923487409933312
1788142164.8989744,38560,47,Loss/l_ce,0.02503037452697754
1788142164.8991559,38560,47,Loss/l_total,0.02503037452697754
1788142164.899182,38560,47,LR,0.0005923487409933312
1788142174.5811396,38600,47,Loss/l_ce,0.018811702728271484
1788142174.5813258,38600,47,Loss/l_total,0.018811702728271484
1788142174.5813494,38600,47,LR,0.0005923487409933312
1788142184.1389697,38640,47,Loss/l_ce,0.027616500854492188
1788142184.139183,38640,47,Loss/l_total,0.027616500854492188
1788142184.139219,38640,47,LR,0.0005923487409933312
1788142193.5385344,38680,47,Loss/l_ce,0.02446603775024414
1788142193.5386996,38680,47,Loss/l_total,0.02446603775024414
1788142193.538722,38680,47,LR,0.0005923487409933312
1788142203.274403,38720,47,Loss/l_ce,0.03655242919921875
1788142203.2746015,38720,47,Loss/l_total,0.03655242919921875
1788142203.2748852,38720,47,LR,0.0005923487409933312
1788142213.3547099,38760,47,Loss/l_ce,0.11665010452270508
1788142213.3548653,38760,47,Loss/l_total,0.11665010452270508
1788142213.354888,38760,47,LR,0.0005923487409933312
1788142223.2795448,38800,47,Loss/l_ce,0.010841846466064453
1788142223.279711,38800,47,Loss/l_total,0.010841846466064453
1788142223.2797348,38800,47,LR,0.0005923487409933312
1788142233.1893132,38840,47,Loss/l_ce,0.007489442825317383
1788142233.1894758,38840,47,Loss/l_total,0.007489442825317383
1788142233.1894996,38840,47,LR,0.0005923487409933312
1788142243.1545603,38880,47,Loss/l_ce,0.028922319412231445
1788142243.154742,38880,47,Loss/l_total,0.028922319412231445
1788142243.1547668,38880,47,LR,0.0005923487409933312
1788142252.7542617,38920,47,Loss/l_ce,0.0777430534362793
1788142252.7544565,38920,47,Loss/l_total,0.0777430534362793
1788142252.7544873,38920,47,LR,0.0005923487409933312
1788142262.317943,38960,47,Loss/l_ce,0.03498697280883789
1788142262.3181388,38960,47,Loss/l_total,0.03498697280883789
1788142262.3181663,38960,47,LR,0.0005923487409933312
1788142296.2800775,38976,47,Val/dense_error,0.05177198722958565
1788142296.2803304,38976,47,Val/auc,0.588425070971998
1788142296.2803552,38976,47,Val/pck_max,0.1
1788142296.2803755,38976,47,Val/pck_n,100.0
1788142303.2830215,39000,48,Loss/l_ce,0.0838005542755127
1788142303.2832553,39000,48,Loss/l_total,0.0838005542755127
1788142303.283284,39000,48,LR,0.0005782557337881908
1788142313.07923,39040,48,Loss/l_ce,0.0891566276550293
1788142313.079441,39040,48,Loss/l_total,0.0891566276550293
1788142313.07947,39040,48,LR,0.0005782557337881908
1788142322.7189765,39080,48,Loss/l_ce,0.031651973724365234
1788142322.719171,39080,48,Loss/l_total,0.031651973724365234
1788142322.7191975,39080,48,LR,0.0005782557337881908
1788142332.2687664,39120,48,Loss/l_ce,0.01705646514892578
1788142332.2689695,39120,48,Loss/l_total,0.01705646514892578
1788142332.268998,39120,48,LR,0.0005782557337881908
1788142342.0014474,39160,48,Loss/l_ce,0.04397726058959961
1788142342.0016088,39160,48,Loss/l_total,0.04397726058959961
1788142342.001634,39160,48,LR,0.0005782557337881908
1788142352.0954082,39200,48,Loss/l_ce,0.01889801025390625
1788142352.0955675,39200,48,Loss/l_total,0.01889801025390625
1788142352.095591,39200,48,LR,0.0005782557337881908
1788142361.9479635,39240,48,Loss/l_ce,0.14855670928955078
1788142361.9481568,39240,48,Loss/l_total,0.14855670928955078
1788142361.9481854,39240,48,LR,0.0005782557337881908
1788142371.7295716,39280,48,Loss/l_ce,0.020838260650634766
1788142371.7297604,39280,48,Loss/l_total,0.020838260650634766
1788142371.7297902,39280,48,LR,0.0005782557337881908
1788142381.5514398,39320,48,Loss/l_ce,0.06774187088012695
1788142381.551605,39320,48,Loss/l_total,0.06774187088012695
1788142381.5516276,39320,48,LR,0.0005782557337881908
1788142391.0522292,39360,48,Loss/l_ce,0.052224159240722656
1788142391.0524025,39360,48,Loss/l_total,0.052224159240722656
1788142391.0524263,39360,48,LR,0.0005782557337881908
1788142400.7735312,39400,48,Loss/l_ce,0.10227012634277344
1788142400.7736843,39400,48,Loss/l_total,0.10227012634277344
1788142400.7737103,39400,48,LR,0.0005782557337881908
1788142410.3709662,39440,48,Loss/l_ce,0.09512805938720703
1788142410.3711538,39440,48,Loss/l_total,0.09512805938720703
1788142410.371181,39440,48,LR,0.0005782557337881908
1788142420.1423008,39480,48,Loss/l_ce,0.032684326171875
1788142420.1424944,39480,48,Loss/l_total,0.032684326171875
1788142420.1425207,39480,48,LR,0.0005782557337881908
1788142429.8354747,39520,48,Loss/l_ce,0.09619569778442383
1788142429.8356445,39520,48,Loss/l_total,0.09619569778442383
1788142429.8356683,39520,48,LR,0.0005782557337881908
1788142439.4249716,39560,48,Loss/l_ce,0.017377376556396484
1788142439.4251902,39560,48,Loss/l_total,0.017377376556396484
1788142439.4252198,39560,48,LR,0.0005782557337881908
1788142448.7918873,39600,48,Loss/l_ce,0.025289058685302734
1788142448.79217,39600,48,Loss/l_total,0.025289058685302734
1788142448.792196,39600,48,LR,0.0005782557337881908
1788142458.404336,39640,48,Loss/l_ce,0.03810882568359375
1788142458.4045007,39640,48,Loss/l_total,0.03810882568359375
1788142458.404521,39640,48,LR,0.0005782557337881908
1788142467.8829927,39680,48,Loss/l_ce,0.04454469680786133
1788142467.883223,39680,48,Loss/l_total,0.04454469680786133
1788142467.8832455,39680,48,LR,0.0005782557337881908
1788142477.2112644,39720,48,Loss/l_ce,0.026124954223632812
1788142477.211439,39720,48,Loss/l_total,0.026124954223632812
1788142477.2114604,39720,48,LR,0.0005782557337881908
1788142486.7217371,39760,48,Loss/l_ce,0.14354372024536133
1788142486.7219937,39760,48,Loss/l_total,0.14354372024536133
1788142486.7220566,39760,48,LR,0.0005782557337881908
1788142522.9285579,39788,48,Val/dense_error,0.04945078864693642
1788142522.9288795,39788,48,Val/auc,0.5938365397352283
1788142522.928907,39788,48,Val/pck_max,0.1
1788142522.9289272,39788,48,Val/pck_n,100.0
1788142527.502369,39800,49,Loss/l_ce,0.14419984817504883
1788142527.5025458,39800,49,Loss/l_total,0.14419984817504883
1788142527.502571,39800,49,LR,0.0005641348415851575
1788142536.8791656,39840,49,Loss/l_ce,0.021079540252685547
1788142536.8793461,39840,49,Loss/l_total,0.021079540252685547
1788142536.8793745,39840,49,LR,0.0005641348415851575
1788142546.2300136,39880,49,Loss/l_ce,0.019257545471191406
1788142546.2304685,39880,49,Loss/l_total,0.019257545471191406
1788142546.2304971,39880,49,LR,0.0005641348415851575
1788142555.6492193,39920,49,Loss/l_ce,0.07114911079406738
1788142555.6494296,39920,49,Loss/l_total,0.07114911079406738
1788142555.6494591,39920,49,LR,0.0005641348415851575
1788142565.5082738,39960,49,Loss/l_ce,0.029382705688476562
1788142565.5084555,39960,49,Loss/l_total,0.029382705688476562
1788142565.5084841,39960,49,LR,0.0005641348415851575
1788142575.1779678,40000,49,Loss/l_ce,0.028040409088134766
1788142575.1782598,40000,49,Loss/l_total,0.028040409088134766
1788142575.1783087,40000,49,LR,0.0005641348415851575
1788142584.7006118,40040,49,Loss/l_ce,0.042513132095336914
1788142584.7008576,40040,49,Loss/l_total,0.042513132095336914
1788142584.7008896,40040,49,LR,0.0005641348415851575
1788142594.1169274,40080,49,Loss/l_ce,0.19067597389221191
1788142594.1172197,40080,49,Loss/l_total,0.19067597389221191
1788142594.117243,40080,49,LR,0.0005641348415851575
1788142603.8058167,40120,49,Loss/l_ce,0.0990896224975586
1788142603.8060718,40120,49,Loss/l_total,0.0990896224975586
1788142603.8061016,40120,49,LR,0.0005641348415851575
1788142613.6702056,40160,49,Loss/l_ce,0.020161151885986328
1788142613.670519,40160,49,Loss/l_total,0.020161151885986328
1788142613.670544,40160,49,LR,0.0005641348415851575
1788142623.166647,40200,49,Loss/l_ce,0.02342510223388672
1788142623.1668158,40200,49,Loss/l_total,0.02342510223388672
1788142623.1668382,40200,49,LR,0.0005641348415851575
1788142632.613138,40240,49,Loss/l_ce,0.011524200439453125
1788142632.6134098,40240,49,Loss/l_total,0.011524200439453125
1788142632.6134346,40240,49,LR,0.0005641348415851575
1788142642.0733693,40280,49,Loss/l_ce,0.01696920394897461
1788142642.0735545,40280,49,Loss/l_total,0.01696920394897461
1788142642.073577,40280,49,LR,0.0005641348415851575
1788142651.5047576,40320,49,Loss/l_ce,0.00869607925415039
1788142651.5049202,40320,49,Loss/l_total,0.00869607925415039
1788142651.504944,40320,49,LR,0.0005641348415851575
1788142661.0219138,40360,49,Loss/l_ce,0.025661945343017578
1788142661.0220957,40360,49,Loss/l_total,0.025661945343017578
1788142661.022123,40360,49,LR,0.0005641348415851575
1788142670.8503957,40400,49,Loss/l_ce,0.07984709739685059
1788142670.8505666,40400,49,Loss/l_total,0.07984709739685059
1788142670.850594,40400,49,LR,0.0005641348415851575
1788142680.4368818,40440,49,Loss/l_ce,0.03452253341674805
1788142680.4371467,40440,49,Loss/l_total,0.03452253341674805
1788142680.4371774,40440,49,LR,0.0005641348415851575
1788142690.0637133,40480,49,Loss/l_ce,0.10966181755065918
1788142690.0639317,40480,49,Loss/l_total,0.10966181755065918
1788142690.0639555,40480,49,LR,0.0005641348415851575
1788142699.581563,40520,49,Loss/l_ce,0.06489992141723633
1788142699.5817375,40520,49,Loss/l_total,0.06489992141723633
1788142699.581759,40520,49,LR,0.0005641348415851575
1788142709.318458,40560,49,Loss/l_ce,0.04319119453430176
1788142709.3186338,40560,49,Loss/l_total,0.04319119453430176
1788142709.318655,40560,49,LR,0.0005641348415851575
1788142718.5761583,40600,49,Loss/l_ce,0.14060735702514648
1788142718.5763257,40600,49,Loss/l_total,0.14060735702514648
1788142718.5763469,40600,49,LR,0.0005641348415851575
1788142748.5564375,40600,49,Val/dense_error,0.05300884321331978
1788142748.5567415,40600,49,Val/auc,0.5776158343527847
1788142748.55677,40600,49,Val/pck_max,0.1
1788142748.556789,40600,49,Val/pck_n,100.0
1788142759.5801816,40640,50,Loss/l_ce,0.09453773498535156
1788142759.5803573,40640,50,Loss/l_total,0.09453773498535156
1788142759.580382,40640,50,LR,0.0005499999999999997
1788142769.1565983,40680,50,Loss/l_ce,0.01864004135131836
1788142769.1567469,40680,50,Loss/l_total,0.01864004135131836
1788142769.1567702,40680,50,LR,0.0005499999999999997
1788142778.78565,40720,50,Loss/l_ce,0.01798248291015625
1788142778.7858899,40720,50,Loss/l_total,0.01798248291015625
1788142778.785915,40720,50,LR,0.0005499999999999997
1788142788.3088367,40760,50,Loss/l_ce,0.028931617736816406
1788142788.3090026,40760,50,Loss/l_total,0.028931617736816406
1788142788.3090255,40760,50,LR,0.0005499999999999997
1788142797.7368686,40800,50,Loss/l_ce,0.03370380401611328
1788142797.737061,40800,50,Loss/l_total,0.03370380401611328
1788142797.737086,40800,50,LR,0.0005499999999999997
1788142807.485443,40840,50,Loss/l_ce,0.02007150650024414
1788142807.485608,40840,50,Loss/l_total,0.02007150650024414
1788142807.485632,40840,50,LR,0.0005499999999999997
1788142817.216176,40880,50,Loss/l_ce,0.13753557205200195
1788142817.2163684,40880,50,Loss/l_total,0.13753557205200195
1788142817.2163944,40880,50,LR,0.0005499999999999997
1788142826.717976,40920,50,Loss/l_ce,0.02903604507446289
1788142826.7182112,40920,50,Loss/l_total,0.02903604507446289
1788142826.7182362,40920,50,LR,0.0005499999999999997
1788142836.2613337,40960,50,Loss/l_ce,0.10788655281066895
1788142836.2615461,40960,50,Loss/l_total,0.10788655281066895
1788142836.2615712,40960,50,LR,0.0005499999999999997
1788142845.9221492,41000,50,Loss/l_ce,0.0471034049987793
1788142845.9223225,41000,50,Loss/l_total,0.0471034049987793
1788142845.9223464,41000,50,LR,0.0005499999999999997
1788142855.3799846,41040,50,Loss/l_ce,0.051595211029052734
1788142855.3802402,41040,50,Loss/l_total,0.051595211029052734
1788142855.3802636,41040,50,LR,0.0005499999999999997
1788142864.663631,41080,50,Loss/l_ce,0.11212849617004395
1788142864.6638162,41080,50,Loss/l_total,0.11212849617004395
1788142864.6638446,41080,50,LR,0.0005499999999999997
1788142874.1386123,41120,50,Loss/l_ce,0.030405521392822266
1788142874.1388035,41120,50,Loss/l_total,0.030405521392822266
1788142874.138833,41120,50,LR,0.0005499999999999997
1788142883.734827,41160,50,Loss/l_ce,0.04109334945678711
1788142883.7349863,41160,50,Loss/l_total,0.04109334945678711
1788142883.73501,41160,50,LR,0.0005499999999999997
1788142893.2196605,41200,50,Loss/l_ce,0.14606475830078125
1788142893.2198126,41200,50,Loss/l_total,0.14606475830078125
1788142893.2198374,41200,50,LR,0.0005499999999999997
1788142902.6814024,41240,50,Loss/l_ce,0.22690916061401367
1788142902.6816432,41240,50,Loss/l_total,0.22690916061401367
1788142902.6816707,41240,50,LR,0.0005499999999999997
1788142912.1323893,41280,50,Loss/l_ce,0.2076575756072998
1788142912.132557,41280,50,Loss/l_total,0.2076575756072998
1788142912.1325805,41280,50,LR,0.0005499999999999997
1788142921.532824,41320,50,Loss/l_ce,0.024027347564697266
1788142921.5330105,41320,50,Loss/l_total,0.024027347564697266
1788142921.5330555,41320,50,LR,0.0005499999999999997
1788142931.2823153,41360,50,Loss/l_ce,0.019854307174682617
1788142931.282503,41360,50,Loss/l_total,0.019854307174682617
1788142931.28253,41360,50,LR,0.0005499999999999997
1788142941.027437,41400,50,Loss/l_ce,0.06665754318237305
1788142941.027778,41400,50,Loss/l_total,0.06665754318237305
1788142941.027804,41400,50,LR,0.0005499999999999997
1788142974.1804636,41412,50,Val/dense_error,0.04988493397831917
1788142974.1807625,41412,50,Val/auc,0.5865240863248063
1788142974.1807878,41412,50,Val/pck_max,0.1
1788142974.1808054,41412,50,Val/pck_n,100.0
1788142983.2167783,41440,51,Loss/l_ce,0.019380569458007812
1788142983.2170064,41440,51,Loss/l_total,0.019380569458007812
1788142983.21705,41440,51,LR,0.000535865158414842
1788142993.6628332,41480,51,Loss/l_ce,0.028429508209228516
1788142993.6632,41480,51,Loss/l_total,0.028429508209228516
1788142993.6632297,41480,51,LR,0.000535865158414842
1788143003.4781647,41520,51,Loss/l_ce,0.16454553604125977
1788143003.4785054,41520,51,Loss/l_total,0.16454553604125977
1788143003.4785316,41520,51,LR,0.000535865158414842
1788143012.700106,41560,51,Loss/l_ce,0.019995450973510742
1788143012.7004027,41560,51,Loss/l_total,0.019995450973510742
1788143012.7004278,41560,51,LR,0.000535865158414842
1788143022.4224997,41600,51,Loss/l_ce,0.029343605041503906
1788143022.4227252,41600,51,Loss/l_total,0.029343605041503906
1788143022.4227512,41600,51,LR,0.000535865158414842
1788143032.11534,41640,51,Loss/l_ce,0.038375139236450195
1788143032.1155002,41640,51,Loss/l_total,0.038375139236450195
1788143032.1155255,41640,51,LR,0.000535865158414842
1788143041.7394896,41680,51,Loss/l_ce,0.019963741302490234
1788143041.7397401,41680,51,Loss/l_total,0.019963741302490234
1788143041.7397711,41680,51,LR,0.000535865158414842
1788143051.3109162,41720,51,Loss/l_ce,0.015398025512695312
1788143051.3111024,41720,51,Loss/l_total,0.015398025512695312
1788143051.3111277,41720,51,LR,0.000535865158414842
1788143060.885311,41760,51,Loss/l_ce,0.05412650108337402
1788143060.885475,41760,51,Loss/l_total,0.05412650108337402
1788143060.8854997,41760,51,LR,0.000535865158414842
1788143070.7413394,41800,51,Loss/l_ce,0.019832134246826172
1788143070.7415793,41800,51,Loss/l_total,0.019832134246826172
1788143070.741604,41800,51,LR,0.000535865158414842
1788143080.1109457,41840,51,Loss/l_ce,0.14980578422546387
1788143080.111156,41840,51,Loss/l_total,0.14980578422546387
1788143080.1111844,41840,51,LR,0.000535865158414842
1788143089.6879027,41880,51,Loss/l_ce,0.1007230281829834
1788143089.6881936,41880,51,Loss/l_total,0.1007230281829834
1788143089.6882257,41880,51,LR,0.000535865158414842
1788143099.3002896,41920,51,Loss/l_ce,0.05122256278991699
1788143099.300463,41920,51,Loss/l_total,0.05122256278991699
1788143099.3004866,41920,51,LR,0.000535865158414842
1788143108.845669,41960,51,Loss/l_ce,0.027924299240112305
1788143108.8458767,41960,51,Loss/l_total,0.027924299240112305
1788143108.845904,41960,51,LR,0.000535865158414842
1788143118.3135195,42000,51,Loss/l_ce,0.03814363479614258
1788143118.3136916,42000,51,Loss/l_total,0.03814363479614258
1788143118.3137152,42000,51,LR,0.000535865158414842
1788143128.035477,42040,51,Loss/l_ce,0.019107818603515625
1788143128.0356386,42040,51,Loss/l_total,0.019107818603515625
1788143128.035661,42040,51,LR,0.000535865158414842
1788143137.5829084,42080,51,Loss/l_ce,0.11555957794189453
1788143137.5831943,42080,51,Loss/l_total,0.11555957794189453
1788143137.5832264,42080,51,LR,0.000535865158414842
1788143147.1866376,42120,51,Loss/l_ce,0.05746126174926758
1788143147.1868632,42120,51,Loss/l_total,0.05746126174926758
1788143147.1868942,42120,51,LR,0.000535865158414842
1788143156.708802,42160,51,Loss/l_ce,0.06900572776794434
1788143156.7089744,42160,51,Loss/l_total,0.06900572776794434
1788143156.7089956,42160,51,LR,0.000535865158414842
1788143166.3152635,42200,51,Loss/l_ce,0.06870365142822266
1788143166.3154404,42200,51,Loss/l_total,0.06870365142822266
1788143166.315464,42200,51,LR,0.000535865158414842
1788143202.032498,42224,51,Val/dense_error,0.056017447263002396
1788143202.032694,42224,51,Val/auc,0.5914012197054109
1788143202.0329516,42224,51,Val/pck_max,0.1
1788143202.0329766,42224,51,Val/pck_n,100.0
1788143207.274777,42240,52,Loss/l_ce,0.031478166580200195
1788143207.2749302,42240,52,Loss/l_total,0.031478166580200195
1788143207.2749789,42240,52,LR,0.0005217442662118087
1788143216.792018,42280,52,Loss/l_ce,0.03410983085632324
1788143216.7922363,42280,52,Loss/l_total,0.03410983085632324
1788143216.792259,42280,52,LR,0.0005217442662118087
1788143226.2108133,42320,52,Loss/l_ce,0.0992121696472168
1788143226.2111053,42320,52,Loss/l_total,0.0992121696472168
1788143226.2111304,42320,52,LR,0.0005217442662118087
1788143235.467437,42360,52,Loss/l_ce,0.12015342712402344
1788143235.4675891,42360,52,Loss/l_total,0.12015342712402344
1788143235.4676116,42360,52,LR,0.0005217442662118087
1788143244.8217208,42400,52,Loss/l_ce,0.029090404510498047
1788143244.8218775,42400,52,Loss/l_total,0.029090404510498047
1788143244.821905,42400,52,LR,0.0005217442662118087
1788143254.0378664,42440,52,Loss/l_ce,0.14796805381774902
1788143254.0381026,42440,52,Loss/l_total,0.14796805381774902
1788143254.0381286,42440,52,LR,0.0005217442662118087
1788143263.6502347,42480,52,Loss/l_ce,0.1260988712310791
1788143263.6504164,42480,52,Loss/l_total,0.1260988712310791
1788143263.6504438,42480,52,LR,0.0005217442662118087
1788143272.9223897,42520,52,Loss/l_ce,0.036237239837646484
1788143272.9225738,42520,52,Loss/l_total,0.036237239837646484
1788143272.9225986,42520,52,LR,0.0005217442662118087
1788143282.4730985,42560,52,Loss/l_ce,0.025312185287475586
1788143282.4732742,42560,52,Loss/l_total,0.025312185287475586
1788143282.4732978,42560,52,LR,0.0005217442662118087
1788143291.8616369,42600,52,Loss/l_ce,0.021276235580444336
1788143291.861802,42600,52,Loss/l_total,0.021276235580444336
1788143291.8618257,42600,52,LR,0.0005217442662118087
1788143301.3383632,42640,52,Loss/l_ce,0.09523129463195801
1788143301.3385293,42640,52,Loss/l_total,0.09523129463195801
1788143301.3385577,42640,52,LR,0.0005217442662118087
1788143310.8181844,42680,52,Loss/l_ce,0.04623866081237793
1788143310.8183672,42680,52,Loss/l_total,0.04623866081237793
1788143310.8183897,42680,52,LR,0.0005217442662118087
1788143320.4430873,42720,52,Loss/l_ce,0.0249788761138916
1788143320.4432464,42720,52,Loss/l_total,0.0249788761138916
1788143320.443269,42720,52,LR,0.0005217442662118087
1788143330.029167,42760,52,Loss/l_ce,0.025123119354248047
1788143330.0293355,42760,52,Loss/l_total,0.025123119354248047
1788143330.0293593,42760,52,LR,0.0005217442662118087
1788143339.5577683,42800,52,Loss/l_ce,0.01166534423828125
1788143339.5579998,42800,52,Loss/l_total,0.01166534423828125
1788143339.5580237,42800,52,LR,0.0005217442662118087
1788143349.1938891,42840,52,Loss/l_ce,0.0724940299987793
1788143349.1941037,42840,52,Loss/l_total,0.0724940299987793
1788143349.1941276,42840,52,LR,0.0005217442662118087
1788143358.72913,42880,52,Loss/l_ce,0.05102658271789551
1788143358.7292974,42880,52,Loss/l_total,0.05102658271789551
1788143358.729321,42880,52,LR,0.0005217442662118087
1788143368.57842,42920,52,Loss/l_ce,0.01810622215270996
1788143368.578618,42920,52,Loss/l_total,0.01810622215270996
1788143368.578642,42920,52,LR,0.0005217442662118087
1788143379.8550038,42960,52,Loss/l_ce,0.02111983299255371
1788143379.8552308,42960,52,Loss/l_total,0.02111983299255371
1788143379.8552558,42960,52,LR,0.0005217442662118087
1788143391.748534,43000,52,Loss/l_ce,0.018265247344970703
1788143391.7487288,43000,52,Loss/l_total,0.018265247344970703
1788143391.7487514,43000,52,LR,0.0005217442662118087
1788143430.534944,43036,52,Val/dense_error,0.04846614599227905
1788143430.5352573,43036,52,Val/auc,0.5991071683666183
1788143430.5352836,43036,52,Val/pck_max,0.1
1788143430.5353014,43036,52,Val/pck_n,100.0
1788143433.0891974,43040,53,Loss/l_ce,0.018992900848388672
1788143433.0893636,43040,53,Loss/l_total,0.018992900848388672
1788143433.0893872,43040,53,LR,0.0005076512590066682
1788143442.3477025,43080,53,Loss/l_ce,0.03088235855102539
1788143442.3480065,43080,53,Loss/l_total,0.03088235855102539
1788143442.3480575,43080,53,LR,0.0005076512590066682
1788143451.7719624,43120,53,Loss/l_ce,0.09781599044799805
1788143451.772164,43120,53,Loss/l_total,0.09781599044799805
1788143451.7723315,43120,53,LR,0.0005076512590066682
1788143461.4256077,43160,53,Loss/l_ce,0.054045915603637695
1788143461.4258237,43160,53,Loss/l_total,0.054045915603637695
1788143461.4258463,43160,53,LR,0.0005076512590066682
1788143471.090631,43200,53,Loss/l_ce,0.0671837329864502
1788143471.0909693,43200,53,Loss/l_total,0.0671837329864502
1788143471.0910144,43200,53,LR,0.0005076512590066682
1788143480.5039191,43240,53,Loss/l_ce,0.025730609893798828
1788143480.5041625,43240,53,Loss/l_total,0.025730609893798828
1788143480.50419,43240,53,LR,0.0005076512590066682
1788143490.1328702,43280,53,Loss/l_ce,0.017978906631469727
1788143490.1330743,43280,53,Loss/l_total,0.017978906631469727
1788143490.1330993,43280,53,LR,0.0005076512590066682
1788143500.0306983,43320,53,Loss/l_ce,0.022158384323120117
1788143500.0310638,43320,53,Loss/l_total,0.022158384323120117
1788143500.0313108,43320,53,LR,0.0005076512590066682
1788143509.5364056,43360,53,Loss/l_ce,0.14279603958129883
1788143509.53658,43360,53,Loss/l_total,0.14279603958129883
1788143509.536604,43360,53,LR,0.0005076512590066682
1788143519.1066139,43400,53,Loss/l_ce,0.019772052764892578
1788143519.1069283,43400,53,Loss/l_total,0.019772052764892578
1788143519.1069534,43400,53,LR,0.0005076512590066682
1788143528.5712492,43440,53,Loss/l_ce,0.051412105560302734
1788143528.5714211,43440,53,Loss/l_total,0.051412105560302734
1788143528.571445,43440,53,LR,0.0005076512590066682
1788143538.0321765,43480,53,Loss/l_ce,0.026114702224731445
1788143538.032352,43480,53,Loss/l_total,0.026114702224731445
1788143538.032377,43480,53,LR,0.0005076512590066682
1788143548.0675752,43520,53,Loss/l_ce,0.02307724952697754
1788143548.0677521,43520,53,Loss/l_total,0.02307724952697754
1788143548.0677783,43520,53,LR,0.0005076512590066682
1788143557.2089658,43560,53,Loss/l_ce,0.06925225257873535
1788143557.2092853,43560,53,Loss/l_total,0.06925225257873535
1788143557.2093174,43560,53,LR,0.0005076512590066682
1788143566.707966,43600,53,Loss/l_ce,0.07084536552429199
1788143566.7082322,43600,53,Loss/l_total,0.07084536552429199
1788143566.708256,43600,53,LR,0.0005076512590066682
1788143576.180445,43640,53,Loss/l_ce,0.019870519638061523
1788143576.1806219,43640,53,Loss/l_total,0.019870519638061523
1788143576.1806467,43640,53,LR,0.0005076512590066682
1788143585.6362681,43680,53,Loss/l_ce,0.016601085662841797
1788143585.6364903,43680,53,Loss/l_total,0.016601085662841797
1788143585.6365116,43680,53,LR,0.0005076512590066682
1788143595.0703366,43720,53,Loss/l_ce,0.12299156188964844
1788143595.0705004,43720,53,Loss/l_total,0.12299156188964844
1788143595.0705242,43720,53,LR,0.0005076512590066682
1788143604.8211956,43760,53,Loss/l_ce,0.02438807487487793
1788143604.8213916,43760,53,Loss/l_total,0.02438807487487793
1788143604.8214142,43760,53,LR,0.0005076512590066682
1788143613.9720027,43800,53,Loss/l_ce,0.025317668914794922
1788143613.9722319,43800,53,Loss/l_total,0.025317668914794922
1788143613.9722545,43800,53,LR,0.0005076512590066682
1788143622.974582,43840,53,Loss/l_ce,0.0037078857421875
1788143622.974786,43840,53,Loss/l_total,0.0037078857421875
1788143622.974809,43840,53,LR,0.0005076512590066682
1788143654.4409392,43848,53,Val/dense_error,0.053759101778268814
1788143654.4412265,43848,53,Val/auc,0.5942368529730319
1788143654.4412503,43848,53,Val/pck_max,0.1
1788143654.4414804,43848,53,Val/pck_n,100.0
1788143663.377258,43880,54,Loss/l_ce,0.01647496223449707
1788143663.3774242,43880,54,Loss/l_total,0.01647496223449707
1788143663.3774455,43880,54,LR,0.0004936000448960629
1788143672.850938,43920,54,Loss/l_ce,0.018096923828125
1788143672.8511496,43920,54,Loss/l_total,0.018096923828125
1788143672.8511732,43920,54,LR,0.0004936000448960629
1788143682.3554919,43960,54,Loss/l_ce,0.051293134689331055
1788143682.3557053,43960,54,Loss/l_total,0.051293134689331055
1788143682.3557398,43960,54,LR,0.0004936000448960629
1788143692.033565,44000,54,Loss/l_ce,0.03227949142456055
1788143692.0337858,44000,54,Loss/l_total,0.03227949142456055
1788143692.0338094,44000,54,LR,0.0004936000448960629
1788143701.6266873,44040,54,Loss/l_ce,0.01660919189453125
1788143701.6268916,44040,54,Loss/l_total,0.01660919189453125
1788143701.6269164,44040,54,LR,0.0004936000448960629
1788143711.4202747,44080,54,Loss/l_ce,0.08140873908996582
1788143711.420472,44080,54,Loss/l_total,0.08140873908996582
1788143711.4204955,44080,54,LR,0.0004936000448960629
1788143720.875342,44120,54,Loss/l_ce,0.1263740062713623
1788143720.8755069,44120,54,Loss/l_total,0.1263740062713623
1788143720.8755283,44120,54,LR,0.0004936000448960629
1788143730.502093,44160,54,Loss/l_ce,0.1067051887512207
1788143730.5023248,44160,54,Loss/l_total,0.1067051887512207
1788143730.5023487,44160,54,LR,0.0004936000448960629
1788143740.0947418,44200,54,Loss/l_ce,0.02606201171875
1788143740.0949817,44200,54,Loss/l_total,0.02606201171875
1788143740.095009,44200,54,LR,0.0004936000448960629
1788143749.6125054,44240,54,Loss/l_ce,0.01850748062133789
1788143749.6126714,44240,54,Loss/l_total,0.01850748062133789
1788143749.612694,44240,54,LR,0.0004936000448960629
1788143758.9366293,44280,54,Loss/l_ce,0.018770694732666016
1788143758.936844,44280,54,Loss/l_total,0.018770694732666016
1788143758.9368656,44280,54,LR,0.0004936000448960629
1788143768.2954695,44320,54,Loss/l_ce,0.10736274719238281
1788143768.2956762,44320,54,Loss/l_total,0.10736274719238281
1788143768.2957036,44320,54,LR,0.0004936000448960629
1788143777.8977318,44360,54,Loss/l_ce,0.02525949478149414
1788143777.8978863,44360,54,Loss/l_total,0.02525949478149414
1788143777.8979087,44360,54,LR,0.0004936000448960629
1788143787.3771398,44400,54,Loss/l_ce,0.016786813735961914
1788143787.377362,44400,54,Loss/l_total,0.016786813735961914
1788143787.377388,44400,54,LR,0.0004936000448960629
1788143796.7566676,44440,54,Loss/l_ce,0.023818492889404297
1788143796.7568552,44440,54,Loss/l_total,0.023818492889404297
1788143796.7568803,44440,54,LR,0.0004936000448960629
1788143806.6388633,44480,54,Loss/l_ce,0.021881818771362305
1788143806.6391137,44480,54,Loss/l_total,0.021881818771362305
1788143806.6391506,44480,54,LR,0.0004936000448960629
1788143816.1315215,44520,54,Loss/l_ce,0.035553932189941406
1788143816.1316736,44520,54,Loss/l_total,0.035553932189941406
1788143816.1316972,44520,54,LR,0.0004936000448960629
1788143825.6730573,44560,54,Loss/l_ce,0.01845526695251465
1788143825.673222,44560,54,Loss/l_total,0.01845526695251465
1788143825.6732447,44560,54,LR,0.0004936000448960629
1788143834.9386997,44600,54,Loss/l_ce,0.08400559425354004
1788143834.938904,44600,54,Loss/l_total,0.08400559425354004
1788143834.938936,44600,54,LR,0.0004936000448960629
1788143844.309018,44640,54,Loss/l_ce,0.01886916160583496
1788143844.3092005,44640,54,Loss/l_total,0.01886916160583496
1788143844.3092234,44640,54,LR,0.0004936000448960629
1788143880.506797,44660,54,Val/dense_error,0.050929345190525055
1788143880.5070794,44660,54,Val/auc,0.592750207136939
1788143880.5071104,44660,54,Val/pck_max,0.1
1788143880.5071316,44660,54,Val/pck_n,100.0
1788143886.7720907,44680,55,Loss/l_ce,0.07237410545349121
1788143886.7723043,44680,55,Loss/l_total,0.07237410545349121
1788143886.772334,44680,55,LR,0.00047960449073189583
1788143896.3238003,44720,55,Loss/l_ce,0.021379470825195312
1788143896.3240745,44720,55,Loss/l_total,0.021379470825195312
1788143896.3240995,44720,55,LR,0.00047960449073189583
1788143905.9963562,44760,55,Loss/l_ce,0.036805152893066406
1788143905.996525,44760,55,Loss/l_total,0.036805152893066406
1788143905.9965513,44760,55,LR,0.00047960449073189583
1788143915.2739978,44800,55,Loss/l_ce,0.030524492263793945
1788143915.2742841,44800,55,Loss/l_total,0.030524492263793945
1788143915.2743173,44800,55,LR,0.00047960449073189583
1788143924.6131115,44840,55,Loss/l_ce,0.06342935562133789
1788143924.613278,44840,55,Loss/l_total,0.06342935562133789
1788143924.6133006,44840,55,LR,0.00047960449073189583
1788143933.9551022,44880,55,Loss/l_ce,0.08555030822753906
1788143933.9552815,44880,55,Loss/l_total,0.08555030822753906
1788143933.955303,44880,55,LR,0.00047960449073189583
1788143943.3753903,44920,55,Loss/l_ce,0.017801523208618164
1788143943.3755848,44920,55,Loss/l_total,0.017801523208618164
1788143943.3756063,44920,55,LR,0.00047960449073189583
1788143952.956478,44960,55,Loss/l_ce,0.08466100692749023
1788143952.956673,44960,55,Loss/l_total,0.08466100692749023
1788143952.956698,44960,55,LR,0.00047960449073189583
1788143962.8657763,45000,55,Loss/l_ce,0.01971602439880371
1788143962.8660235,45000,55,Loss/l_total,0.01971602439880371
1788143962.8660793,45000,55,LR,0.00047960449073189583
1788143972.302023,45040,55,Loss/l_ce,0.016823768615722656
1788143972.3022175,45040,55,Loss/l_total,0.016823768615722656
1788143972.30224,45040,55,LR,0.00047960449073189583
1788143981.747149,45080,55,Loss/l_ce,0.116485595703125
1788143981.747402,45080,55,Loss/l_total,0.116485595703125
1788143981.7474258,45080,55,LR,0.00047960449073189583
1788143991.580324,45120,55,Loss/l_ce,0.02032160758972168
1788143991.5805423,45120,55,Loss/l_total,0.02032160758972168
1788143991.5805647,45120,55,LR,0.00047960449073189583
1788144000.994769,45160,55,Loss/l_ce,0.007191181182861328
1788144000.994934,45160,55,Loss/l_total,0.007191181182861328
1788144000.994958,45160,55,LR,0.00047960449073189583
1788144010.4550986,45200,55,Loss/l_ce,0.017620325088500977
1788144010.4552648,45200,55,Loss/l_total,0.017620325088500977
1788144010.4552872,45200,55,LR,0.00047960449073189583
1788144020.0474362,45240,55,Loss/l_ce,0.10155701637268066
1788144020.0476122,45240,55,Loss/l_total,0.10155701637268066
1788144020.0476346,45240,55,LR,0.00047960449073189583
1788144029.586283,45280,55,Loss/l_ce,0.03677964210510254
1788144029.586454,45280,55,Loss/l_total,0.03677964210510254
1788144029.5864766,45280,55,LR,0.00047960449073189583
1788144039.133691,45320,55,Loss/l_ce,0.04194140434265137
1788144039.1339228,45320,55,Loss/l_total,0.04194140434265137
1788144039.1339476,45320,55,LR,0.00047960449073189583
1788144048.8318205,45360,55,Loss/l_ce,0.07440805435180664
1788144048.831983,45360,55,Loss/l_total,0.07440805435180664
1788144048.832007,45360,55,LR,0.00047960449073189583
1788144058.2986944,45400,55,Loss/l_ce,0.0196993350982666
1788144058.2988489,45400,55,Loss/l_total,0.0196993350982666
1788144058.298874,45400,55,LR,0.00047960449073189583
1788144067.471327,45440,55,Loss/l_ce,0.041498661041259766
1788144067.4714968,45440,55,Loss/l_total,0.041498661041259766
1788144067.4715228,45440,55,LR,0.00047960449073189583
1788144105.4055407,45472,55,Val/dense_error,0.0577300488948822
1788144105.4057899,45472,55,Val/auc,0.5973348164078428
1788144105.4058137,45472,55,Val/pck_max,0.1
1788144105.4058313,45472,55,Val/pck_n,100.0
1788144108.6983025,45480,56,Loss/l_ce,0.11515331268310547
1788144108.69844,45480,56,Loss/l_total,0.11515331268310547
1788144108.698463,45480,56,LR,0.00046567840843642365
1788144118.0700173,45520,56,Loss/l_ce,0.07307910919189453
1788144118.0702024,45520,56,Loss/l_total,0.07307910919189453
1788144118.0702286,45520,56,LR,0.00046567840843642365
1788144127.5752065,45560,56,Loss/l_ce,0.04003286361694336
1788144127.5754154,45560,56,Loss/l_total,0.04003286361694336
1788144127.5754414,45560,56,LR,0.00046567840843642365
1788144137.5339794,45600,56,Loss/l_ce,0.02738189697265625
1788144137.5341835,45600,56,Loss/l_total,0.02738189697265625
1788144137.534211,45600,56,LR,0.00046567840843642365
1788144147.3685613,45640,56,Loss/l_ce,0.021402359008789062
1788144147.36896,45640,56,Loss/l_total,0.021402359008789062
1788144147.3689933,45640,56,LR,0.00046567840843642365
1788144157.0841413,45680,56,Loss/l_ce,0.01615619659423828
1788144157.0843124,45680,56,Loss/l_total,0.01615619659423828
1788144157.0843375,45680,56,LR,0.00046567840843642365
1788144166.7170787,45720,56,Loss/l_ce,0.022841930389404297
1788144166.7173889,45720,56,Loss/l_total,0.022841930389404297
1788144166.7174172,45720,56,LR,0.00046567840843642365
1788144176.4309697,45760,56,Loss/l_ce,0.02548670768737793
1788144176.431376,45760,56,Loss/l_total,0.02548670768737793
1788144176.4314246,45760,56,LR,0.00046567840843642365
1788144186.112995,45800,56,Loss/l_ce,0.019655227661132812
1788144186.1132023,45800,56,Loss/l_total,0.019655227661132812
1788144186.113225,45800,56,LR,0.00046567840843642365
1788144195.7953997,45840,56,Loss/l_ce,0.033014535903930664
1788144195.795642,45840,56,Loss/l_total,0.033014535903930664
1788144195.7956657,45840,56,LR,0.00046567840843642365
1788144205.6060123,45880,56,Loss/l_ce,0.017685413360595703
1788144205.6063294,45880,56,Loss/l_total,0.017685413360595703
1788144205.606351,45880,56,LR,0.00046567840843642365
1788144214.904123,45920,56,Loss/l_ce,0.03780007362365723
1788144214.9043748,45920,56,Loss/l_total,0.03780007362365723
1788144214.9044008,45920,56,LR,0.00046567840843642365
1788144224.4120145,45960,56,Loss/l_ce,0.14516139030456543
1788144224.412309,45960,56,Loss/l_total,0.14516139030456543
1788144224.4123435,45960,56,LR,0.00046567840843642365
1788144233.858909,46000,56,Loss/l_ce,0.021157264709472656
1788144233.8591535,46000,56,Loss/l_total,0.021157264709472656
1788144233.8591795,46000,56,LR,0.00046567840843642365
1788144243.5129092,46040,56,Loss/l_ce,0.01140284538269043
1788144243.5131345,46040,56,Loss/l_total,0.01140284538269043
1788144243.5131679,46040,56,LR,0.00046567840843642365
1788144253.0487838,46080,56,Loss/l_ce,0.030936241149902344
1788144253.0490687,46080,56,Loss/l_total,0.030936241149902344
1788144253.049101,46080,56,LR,0.00046567840843642365
1788144262.4849615,46120,56,Loss/l_ce,0.021886587142944336
1788144262.4851706,46120,56,Loss/l_total,0.021886587142944336
1788144262.4851944,46120,56,LR,0.00046567840843642365
1788144271.9211655,46160,56,Loss/l_ce,0.017634153366088867
1788144271.9214172,46160,56,Loss/l_total,0.017634153366088867
1788144271.9214447,46160,56,LR,0.00046567840843642365
1788144281.5780616,46200,56,Loss/l_ce,0.11998248100280762
1788144281.5782728,46200,56,Loss/l_total,0.11998248100280762
1788144281.5782967,46200,56,LR,0.00046567840843642365
1788144291.001008,46240,56,Loss/l_ce,0.026009082794189453
1788144291.0012512,46240,56,Loss/l_total,0.026009082794189453
1788144291.001275,46240,56,LR,0.00046567840843642365
1788144300.2866023,46280,56,Loss/l_ce,0.006622314453125
1788144300.2867815,46280,56,Loss/l_total,0.006622314453125
1788144300.2868066,46280,56,LR,0.00046567840843642365
1788144331.9877136,46284,56,Val/dense_error,0.04788209870457649
1788144331.9880044,46284,56,Val/auc,0.595873949056001
1788144331.9880602,46284,56,Val/pck_max,0.1
1788144331.9880862,46284,56,Val/pck_n,100.0
1788144342.189223,46320,57,Loss/l_ce,0.004516124725341797
1788144342.1894035,46320,57,Loss/l_total,0.004516124725341797
1788144342.1894274,46320,57,LR,0.0004518355413715557
1788144351.8068779,46360,57,Loss/l_ce,0.06244945526123047
1788144351.8071568,46360,57,Loss/l_total,0.06244945526123047
1788144351.8071828,46360,57,LR,0.0004518355413715557
1788144361.3409317,46400,57,Loss/l_ce,0.05184769630432129
1788144361.341137,46400,57,Loss/l_total,0.05184769630432129
1788144361.3411608,46400,57,LR,0.0004518355413715557
1788144370.859783,46440,57,Loss/l_ce,0.02111196517944336
1788144370.8599777,46440,57,Loss/l_total,0.02111196517944336
1788144370.8600004,46440,57,LR,0.0004518355413715557
1788144380.474968,46480,57,Loss/l_ce,0.07021594047546387
1788144380.475226,46480,57,Loss/l_total,0.07021594047546387
1788144380.4752507,46480,57,LR,0.0004518355413715557
1788144390.1395507,46520,57,Loss/l_ce,0.017208576202392578
1788144390.1397097,46520,57,Loss/l_total,0.017208576202392578
1788144390.1397324,46520,57,LR,0.0004518355413715557
1788144399.9445655,46560,57,Loss/l_ce,0.08773040771484375
1788144399.9448242,46560,57,Loss/l_total,0.08773040771484375
1788144399.9448493,46560,57,LR,0.0004518355413715557
1788144409.524059,46600,57,Loss/l_ce,0.03578472137451172
1788144409.5243015,46600,57,Loss/l_total,0.03578472137451172
1788144409.5243263,46600,57,LR,0.0004518355413715557
1788144419.3152006,46640,57,Loss/l_ce,0.01564812660217285
1788144419.3155031,46640,57,Loss/l_total,0.01564812660217285
1788144419.315529,46640,57,LR,0.0004518355413715557
1788144428.8602676,46680,57,Loss/l_ce,0.019390344619750977
1788144428.8604407,46680,57,Loss/l_total,0.019390344619750977
1788144428.8604941,46680,57,LR,0.0004518355413715557
1788144438.683271,46720,57,Loss/l_ce,0.023693084716796875
1788144438.683564,46720,57,Loss/l_total,0.023693084716796875
1788144438.6835878,46720,57,LR,0.0004518355413715557
1788144448.0911922,46760,57,Loss/l_ce,0.052289485931396484
1788144448.0913563,46760,57,Loss/l_total,0.052289485931396484
1788144448.0913796,46760,57,LR,0.0004518355413715557
1788144457.6891842,46800,57,Loss/l_ce,0.04625654220581055
1788144457.6894548,46800,57,Loss/l_total,0.04625654220581055
1788144457.6894822,46800,57,LR,0.0004518355413715557
1788144466.9950893,46840,57,Loss/l_ce,0.07613444328308105
1788144466.9953043,46840,57,Loss/l_total,0.07613444328308105
1788144466.9953282,46840,57,LR,0.0004518355413715557
1788144476.6654544,46880,57,Loss/l_ce,0.09049081802368164
1788144476.6657095,46880,57,Loss/l_total,0.09049081802368164
1788144476.6657343,46880,57,LR,0.0004518355413715557
1788144486.4177542,46920,57,Loss/l_ce,0.02304220199584961
1788144486.4181736,46920,57,Loss/l_total,0.02304220199584961
1788144486.4182055,46920,57,LR,0.0004518355413715557
1788144495.7938254,46960,57,Loss/l_ce,0.031104087829589844
1788144495.7941008,46960,57,Loss/l_total,0.031104087829589844
1788144495.7941267,46960,57,LR,0.0004518355413715557
1788144505.2876663,47000,57,Loss/l_ce,0.0886993408203125
1788144505.2879028,47000,57,Loss/l_total,0.0886993408203125
1788144505.2879276,47000,57,LR,0.0004518355413715557
1788144514.6636317,47040,57,Loss/l_ce,0.024323225021362305
1788144514.6637921,47040,57,Loss/l_total,0.024323225021362305
1788144514.663817,47040,57,LR,0.0004518355413715557
1788144524.3528209,47080,57,Loss/l_ce,0.02719259262084961
1788144524.3531144,47080,57,Loss/l_total,0.02719259262084961
1788144524.3531406,47080,57,LR,0.0004518355413715557
1788144558.2555332,47096,57,Val/dense_error,0.049321483820676804
1788144558.2557695,47096,57,Val/auc,0.6002110329315267
1788144558.2557945,47096,57,Val/pck_max,0.1
1788144558.2558136,47096,57,Val/pck_n,100.0
1788144565.3901699,47120,58,Loss/l_ce,0.018774032592773438
1788144565.390362,47120,58,Loss/l_total,0.018774032592773438
1788144565.3903873,47120,58,LR,0.00043808955077581505
1788144575.0246875,47160,58,Loss/l_ce,0.01936030387878418
1788144575.0248694,47160,58,Loss/l_total,0.01936030387878418
1788144575.0248954,47160,58,LR,0.00043808955077581505
1788144584.5972657,47200,58,Loss/l_ce,0.04536724090576172
1788144584.5974426,47200,58,Loss/l_total,0.04536724090576172
1788144584.5974665,47200,58,LR,0.00043808955077581505
1788144594.429821,47240,58,Loss/l_ce,0.0211331844329834
1788144594.4300227,47240,58,Loss/l_total,0.0211331844329834
1788144594.430068,47240,58,LR,0.00043808955077581505
1788144603.9594316,47280,58,Loss/l_ce,0.06547117233276367
1788144603.959572,47280,58,Loss/l_total,0.06547117233276367
1788144603.9595954,47280,58,LR,0.00043808955077581505
1788144613.5727885,47320,58,Loss/l_ce,0.04857969284057617
1788144613.573026,47320,58,Loss/l_total,0.04857969284057617
1788144613.573361,47320,58,LR,0.00043808955077581505
1788144623.0289876,47360,58,Loss/l_ce,0.010382652282714844
1788144623.0291812,47360,58,Loss/l_total,0.010382652282714844
1788144623.029205,47360,58,LR,0.00043808955077581505
1788144632.5442572,47400,58,Loss/l_ce,0.06984543800354004
1788144632.5444508,47400,58,Loss/l_total,0.06984543800354004
1788144632.5444746,47400,58,LR,0.00043808955077581505
1788144642.1237524,47440,58,Loss/l_ce,0.01755356788635254
1788144642.1239069,47440,58,Loss/l_total,0.01755356788635254
1788144642.1239307,47440,58,LR,0.00043808955077581505
1788144651.8299556,47480,58,Loss/l_ce,0.019369125366210938
1788144651.8301458,47480,58,Loss/l_total,0.019369125366210938
1788144651.8301706,47480,58,LR,0.00043808955077581505
1788144661.3279133,47520,58,Loss/l_ce,0.05407381057739258
1788144661.3281176,47520,58,Loss/l_total,0.05407381057739258
1788144661.3281436,47520,58,LR,0.00043808955077581505
1788144670.504533,47560,58,Loss/l_ce,0.01848125457763672
1788144670.5047514,47560,58,Loss/l_total,0.01848125457763672
1788144670.5047965,47560,58,LR,0.00043808955077581505
1788144680.0426104,47600,58,Loss/l_ce,0.018695354461669922
1788144680.0428228,47600,58,Loss/l_total,0.018695354461669922
1788144680.0428455,47600,58,LR,0.00043808955077581505
1788144689.49376,47640,58,Loss/l_ce,0.11835551261901855
1788144689.4939477,47640,58,Loss/l_total,0.11835551261901855
1788144689.4939692,47640,58,LR,0.00043808955077581505
1788144699.0233972,47680,58,Loss/l_ce,0.01711416244506836
1788144699.0235834,47680,58,Loss/l_total,0.01711416244506836
1788144699.023606,47680,58,LR,0.00043808955077581505
1788144708.7529237,47720,58,Loss/l_ce,0.08501243591308594
1788144708.7531242,47720,58,Loss/l_total,0.08501243591308594
1788144708.753148,47720,58,LR,0.00043808955077581505
1788144718.5228622,47760,58,Loss/l_ce,0.018332958221435547
1788144718.523088,47760,58,Loss/l_total,0.018332958221435547
1788144718.523114,47760,58,LR,0.00043808955077581505
1788144728.1490548,47800,58,Loss/l_ce,0.04943370819091797
1788144728.1493053,47800,58,Loss/l_total,0.04943370819091797
1788144728.1497898,47800,58,LR,0.00043808955077581505
1788144737.8692956,47840,58,Loss/l_ce,0.03390812873840332
1788144737.8694856,47840,58,Loss/l_total,0.03390812873840332
1788144737.869514,47840,58,LR,0.00043808955077581505
1788144747.1939197,47880,58,Loss/l_ce,0.018263816833496094
1788144747.1941028,47880,58,Loss/l_total,0.018263816833496094
1788144747.1941264,47880,58,LR,0.00043808955077581505
1788144783.2636793,47908,58,Val/dense_error,0.05150799825787544
1788144783.2639737,47908,58,Val/auc,0.5933728516847571
1788144783.2639987,47908,58,Val/pck_max,0.1
1788144783.2640176,47908,58,Val/pck_n,100.0
1788144787.5344107,47920,59,Loss/l_ce,0.05318713188171387
1788144787.534584,47920,59,Loss/l_total,0.05318713188171387
1788144787.534608,47920,59,LR,0.0004244540022823466
1788144797.1116369,47960,59,Loss/l_ce,0.01730489730834961
1788144797.111808,47960,59,Loss/l_total,0.01730489730834961
1788144797.1118317,47960,59,LR,0.0004244540022823466
1788144807.1961517,48000,59,Loss/l_ce,0.02665400505065918
1788144807.1963606,48000,59,Loss/l_total,0.02665400505065918
1788144807.1963844,48000,59,LR,0.0004244540022823466
1788144816.768483,48040,59,Loss/l_ce,0.0838618278503418
1788144816.7686691,48040,59,Loss/l_total,0.0838618278503418
1788144816.768699,48040,59,LR,0.0004244540022823466
1788144826.573062,48080,59,Loss/l_ce,0.12253379821777344
1788144826.573278,48080,59,Loss/l_total,0.12253379821777344
1788144826.5733027,48080,59,LR,0.0004244540022823466
1788144836.677313,48120,59,Loss/l_ce,0.033609628677368164
1788144836.67749,48120,59,Loss/l_total,0.033609628677368164
1788144836.6775138,48120,59,LR,0.0004244540022823466
1788144846.2898839,48160,59,Loss/l_ce,0.0225217342376709
1788144846.2900999,48160,59,Loss/l_total,0.0225217342376709
1788144846.2901285,48160,59,LR,0.0004244540022823466
1788144856.225805,48200,59,Loss/l_ce,0.028377771377563477
1788144856.226097,48200,59,Loss/l_total,0.028377771377563477
1788144856.2261305,48200,59,LR,0.0004244540022823466
1788144865.8316796,48240,59,Loss/l_ce,0.0037758350372314453
1788144865.8318365,48240,59,Loss/l_total,0.0037758350372314453
1788144865.8318589,48240,59,LR,0.0004244540022823466
1788144875.4745157,48280,59,Loss/l_ce,0.023115873336791992
1788144875.4747605,48280,59,Loss/l_total,0.023115873336791992
1788144875.474784,48280,59,LR,0.0004244540022823466
1788144885.1475484,48320,59,Loss/l_ce,0.016074657440185547
1788144885.1477063,48320,59,Loss/l_total,0.016074657440185547
1788144885.147729,48320,59,LR,0.0004244540022823466
1788144894.4658697,48360,59,Loss/l_ce,0.16898751258850098
1788144894.4660714,48360,59,Loss/l_total,0.16898751258850098
1788144894.4660974,48360,59,LR,0.0004244540022823466
1788144903.8922331,48400,59,Loss/l_ce,0.0205533504486084
1788144903.8923898,48400,59,Loss/l_total,0.0205533504486084
1788144903.892415,48400,59,LR,0.0004244540022823466
1788144913.5389614,48440,59,Loss/l_ce,0.04424285888671875
1788144913.5391335,48440,59,Loss/l_total,0.04424285888671875
1788144913.5391595,48440,59,LR,0.0004244540022823466
1788144922.8428566,48480,59,Loss/l_ce,0.046936988830566406
1788144922.8430812,48480,59,Loss/l_total,0.046936988830566406
1788144922.8431048,48480,59,LR,0.0004244540022823466
1788144932.2426345,48520,59,Loss/l_ce,0.12303018569946289
1788144932.2429976,48520,59,Loss/l_total,0.12303018569946289
1788144932.243025,48520,59,LR,0.0004244540022823466
1788144941.593574,48560,59,Loss/l_ce,0.024024486541748047
1788144941.5938983,48560,59,Loss/l_total,0.024024486541748047
1788144941.5939243,48560,59,LR,0.0004244540022823466
1788144951.1511245,48600,59,Loss/l_ce,0.06394529342651367
1788144951.1513667,48600,59,Loss/l_total,0.06394529342651367
1788144951.1513963,48600,59,LR,0.0004244540022823466
1788144960.805267,48640,59,Loss/l_ce,0.020537376403808594
1788144960.8054729,48640,59,Loss/l_total,0.020537376403808594
1788144960.8054988,48640,59,LR,0.0004244540022823466
1788144970.3975878,48680,59,Loss/l_ce,0.025206327438354492
1788144970.397843,48680,59,Loss/l_total,0.025206327438354492
1788144970.3978667,48680,59,LR,0.0004244540022823466
1788144979.7740078,48720,59,Loss/l_ce,0.020544052124023438
1788144979.774294,48720,59,Loss/l_total,0.020544052124023438
1788144979.7743237,48720,59,LR,0.0004244540022823466
1788145010.1654983,48720,59,Val/dense_error,0.05235613137483597
1788145010.1657348,48720,59,Val/auc,0.5925858611831869
1788145010.1657617,48720,59,Val/pck_max,0.1
1788145010.1657834,48720,59,Val/pck_n,100.0
1788145021.12131,48760,60,Loss/l_ce,0.03068852424621582
1788145021.1214905,48760,60,Loss/l_total,0.03068852424621582
1788145021.1215153,48760,60,LR,0.00041094235253127357
1788145030.6810212,48800,60,Loss/l_ce,0.024214982986450195
1788145030.6813061,48800,60,Loss/l_total,0.024214982986450195
1788145030.681332,48800,60,LR,0.00041094235253127357
1788145040.157002,48840,60,Loss/l_ce,0.02316117286682129
1788145040.1572275,48840,60,Loss/l_total,0.02316117286682129
1788145040.1572526,48840,60,LR,0.00041094235253127357
1788145049.6425726,48880,60,Loss/l_ce,0.022161483764648438
1788145049.642809,48880,60,Loss/l_total,0.022161483764648438
1788145049.642842,48880,60,LR,0.00041094235253127357
1788145059.2333448,48920,60,Loss/l_ce,0.20509600639343262
1788145059.2335002,48920,60,Loss/l_total,0.20509600639343262
1788145059.2335217,48920,60,LR,0.00041094235253127357
1788145069.0971627,48960,60,Loss/l_ce,0.039521217346191406
1788145069.0973883,48960,60,Loss/l_total,0.039521217346191406
1788145069.0974145,48960,60,LR,0.00041094235253127357
1788145078.5950754,49000,60,Loss/l_ce,0.03689742088317871
1788145078.5952654,49000,60,Loss/l_total,0.03689742088317871
1788145078.5952938,49000,60,LR,0.00041094235253127357
1788145087.8529663,49040,60,Loss/l_ce,0.07626843452453613
1788145087.8531756,49040,60,Loss/l_total,0.07626843452453613
1788145087.8532004,49040,60,LR,0.00041094235253127357
1788145097.1639192,49080,60,Loss/l_ce,0.12168502807617188
1788145097.1640985,49080,60,Loss/l_total,0.12168502807617188
1788145097.1641233,49080,60,LR,0.00041094235253127357
1788145106.6188138,49120,60,Loss/l_ce,0.026513099670410156
1788145106.6189609,49120,60,Loss/l_total,0.026513099670410156
1788145106.6189847,49120,60,LR,0.00041094235253127357
1788145116.4454718,49160,60,Loss/l_ce,0.01554107666015625
1788145116.4456902,49160,60,Loss/l_total,0.01554107666015625
1788145116.4457176,49160,60,LR,0.00041094235253127357
1788145126.023978,49200,60,Loss/l_ce,0.09788298606872559
1788145126.0241737,49200,60,Loss/l_total,0.09788298606872559
1788145126.0241988,49200,60,LR,0.00041094235253127357
1788145135.6850648,49240,60,Loss/l_ce,0.025046825408935547
1788145135.6852832,49240,60,Loss/l_total,0.025046825408935547
1788145135.6853163,49240,60,LR,0.00041094235253127357
1788145144.8683522,49280,60,Loss/l_ce,0.02364516258239746
1788145144.868617,49280,60,Loss/l_total,0.02364516258239746
1788145144.8686419,49280,60,LR,0.00041094235253127357
1788145154.1939704,49320,60,Loss/l_ce,0.0948190689086914
1788145154.1942542,49320,60,Loss/l_total,0.0948190689086914
1788145154.1942801,49320,60,LR,0.00041094235253127357
1788145163.6326144,49360,60,Loss/l_ce,0.08165431022644043
1788145163.6328814,49360,60,Loss/l_total,0.08165431022644043
1788145163.6329112,49360,60,LR,0.00041094235253127357
1788145172.9582114,49400,60,Loss/l_ce,0.03269672393798828
1788145172.958476,49400,60,Loss/l_total,0.03269672393798828
1788145172.9585104,49400,60,LR,0.00041094235253127357
1788145182.3593807,49440,60,Loss/l_ce,0.0361330509185791
1788145182.3596501,49440,60,Loss/l_total,0.0361330509185791
1788145182.3596752,49440,60,LR,0.00041094235253127357
1788145191.837963,49480,60,Loss/l_ce,0.033455610275268555
1788145191.8381863,49480,60,Loss/l_total,0.033455610275268555
1788145191.8382134,49480,60,LR,0.00041094235253127357
1788145201.3065104,49520,60,Loss/l_ce,0.06030154228210449
1788145201.306699,49520,60,Loss/l_total,0.06030154228210449
1788145201.3067214,49520,60,LR,0.00041094235253127357
1788145234.5286922,49532,60,Val/dense_error,0.051638904958963394
1788145234.5290034,49532,60,Val/auc,0.5963310788522925
1788145234.5290556,49532,60,Val/pck_max,0.1
1788145234.5290756,49532,60,Val/pck_n,100.0
1788145242.659425,49560,61,Loss/l_ce,0.06750059127807617
1788145242.6596138,49560,61,Loss/l_total,0.06750059127807617
1788145242.6596375,49560,61,LR,0.00039756793588961866
1788145252.2149622,49600,61,Loss/l_ce,0.20436501502990723
1788145252.2152116,49600,61,Loss/l_total,0.20436501502990723
1788145252.21524,49600,61,LR,0.00039756793588961866
1788145261.5729024,49640,61,Loss/l_ce,0.028331518173217773
1788145261.5731032,49640,61,Loss/l_total,0.028331518173217773
1788145261.5731268,49640,61,LR,0.00039756793588961866
1788145270.835947,49680,61,Loss/l_ce,0.03451061248779297
1788145270.836131,49680,61,Loss/l_total,0.03451061248779297
1788145270.8361585,49680,61,LR,0.00039756793588961866
1788145280.3081255,49720,61,Loss/l_ce,0.014780521392822266
1788145280.3082917,49720,61,Loss/l_total,0.014780521392822266
1788145280.308314,49720,61,LR,0.00039756793588961866
1788145290.2275722,49760,61,Loss/l_ce,0.06779813766479492
1788145290.2277682,49760,61,Loss/l_total,0.06779813766479492
1788145290.2277977,49760,61,LR,0.00039756793588961866
1788145300.1183412,49800,61,Loss/l_ce,0.028769731521606445
1788145300.118511,49800,61,Loss/l_total,0.028769731521606445
1788145300.1185381,49800,61,LR,0.00039756793588961866
1788145309.6178796,49840,61,Loss/l_ce,0.029572725296020508
1788145309.6181216,49840,61,Loss/l_total,0.029572725296020508
1788145309.618149,49840,61,LR,0.00039756793588961866
1788145319.1380818,49880,61,Loss/l_ce,0.020900249481201172
1788145319.1383834,49880,61,Loss/l_total,0.020900249481201172
1788145319.1384108,49880,61,LR,0.00039756793588961866
1788145328.5670736,49920,61,Loss/l_ce,0.021820545196533203
1788145328.5672386,49920,61,Loss/l_total,0.021820545196533203
1788145328.5672636,49920,61,LR,0.00039756793588961866
1788145338.121256,49960,61,Loss/l_ce,0.02482748031616211
1788145338.1215127,49960,61,Loss/l_total,0.02482748031616211
1788145338.1215374,49960,61,LR,0.00039756793588961866
1788145347.6702898,50000,61,Loss/l_ce,0.04973149299621582
1788145347.6705153,50000,61,Loss/l_total,0.04973149299621582
1788145347.670539,50000,61,LR,0.00039756793588961866
1788145357.086764,50040,61,Loss/l_ce,0.03452944755554199
1788145357.086967,50040,61,Loss/l_total,0.03452944755554199
1788145357.0869906,50040,61,LR,0.00039756793588961866
1788145366.4909296,50080,61,Loss/l_ce,0.017643451690673828
1788145366.4911265,50080,61,Loss/l_total,0.017643451690673828
1788145366.4911516,50080,61,LR,0.00039756793588961866
1788145376.0271747,50120,61,Loss/l_ce,0.07611846923828125
1788145376.0273943,50120,61,Loss/l_total,0.07611846923828125
1788145376.027419,50120,61,LR,0.00039756793588961866
1788145385.4307182,50160,61,Loss/l_ce,0.05439639091491699
1788145385.4310684,50160,61,Loss/l_total,0.05439639091491699
1788145385.4311028,50160,61,LR,0.00039756793588961866
1788145395.0080757,50200,61,Loss/l_ce,0.05751156806945801
1788145395.0083108,50200,61,Loss/l_total,0.05751156806945801
1788145395.0083406,50200,61,LR,0.00039756793588961866
1788145404.431015,50240,61,Loss/l_ce,0.01654052734375
1788145404.4313164,50240,61,Loss/l_total,0.01654052734375
1788145404.4313416,50240,61,LR,0.00039756793588961866
1788145413.8753421,50280,61,Loss/l_ce,0.017929792404174805
1788145413.87555,50280,61,Loss/l_total,0.017929792404174805
1788145413.8755739,50280,61,LR,0.00039756793588961866
1788145423.3397822,50320,61,Loss/l_ce,0.06566452980041504
1788145423.3400576,50320,61,Loss/l_total,0.06566452980041504
1788145423.3400874,50320,61,LR,0.00039756793588961866
1788145458.6479363,50344,61,Val/dense_error,0.05047432705760002
1788145458.6482105,50344,61,Val/auc,0.593727322076512
1788145458.6482365,50344,61,Val/pck_max,0.1
1788145458.6482556,50344,61,Val/pck_n,100.0
1788145464.1262462,50360,62,Loss/l_ce,0.035343170166015625
1788145464.1263993,50360,62,Loss/l_total,0.035343170166015625
1788145464.1264217,50360,62,LR,0.00038434395129189486
1788145473.9045727,50400,62,Loss/l_ce,0.061438560485839844
1788145473.9047425,50400,62,Loss/l_total,0.061438560485839844
1788145473.9047663,50400,62,LR,0.00038434395129189486
1788145483.4394717,50440,62,Loss/l_ce,0.018076419830322266
1788145483.4397137,50440,62,Loss/l_total,0.018076419830322266
1788145483.4397385,50440,62,LR,0.00038434395129189486
1788145492.7553241,50480,62,Loss/l_ce,0.018897533416748047
1788145492.7555366,50480,62,Loss/l_total,0.018897533416748047
1788145492.7555604,50480,62,LR,0.00038434395129189486
1788145502.3317287,50520,62,Loss/l_ce,0.06566238403320312
1788145502.3319519,50520,62,Loss/l_total,0.06566238403320312
1788145502.3319767,50520,62,LR,0.00038434395129189486
1788145511.8939772,50560,62,Loss/l_ce,0.031235933303833008
1788145511.894173,50560,62,Loss/l_total,0.031235933303833008
1788145511.8941977,50560,62,LR,0.00038434395129189486
1788145521.3858757,50600,62,Loss/l_ce,0.05383944511413574
1788145521.3862092,50600,62,Loss/l_total,0.05383944511413574
1788145521.3862367,50600,62,LR,0.00038434395129189486
1788145530.7456975,50640,62,Loss/l_ce,0.011815071105957031
1788145530.745852,50640,62,Loss/l_total,0.011815071105957031
1788145530.7458768,50640,62,LR,0.00038434395129189486
1788145540.0865605,50680,62,Loss/l_ce,0.018133163452148438
1788145540.0868194,50680,62,Loss/l_total,0.018133163452148438
1788145540.0868442,50680,62,LR,0.00038434395129189486
1788145549.7793593,50720,62,Loss/l_ce,0.04622173309326172
1788145549.779585,50720,62,Loss/l_total,0.04622173309326172
1788145549.7796097,50720,62,LR,0.00038434395129189486
1788145559.2852218,50760,62,Loss/l_ce,0.02955460548400879
1788145559.2854035,50760,62,Loss/l_total,0.02955460548400879
1788145559.285426,50760,62,LR,0.00038434395129189486
1788145568.6125152,50800,62,Loss/l_ce,0.021613359451293945
1788145568.6127908,50800,62,Loss/l_total,0.021613359451293945
1788145568.6128144,50800,62,LR,0.00038434395129189486
1788145577.7337883,50840,62,Loss/l_ce,0.040256500244140625
1788145577.7340007,50840,62,Loss/l_total,0.040256500244140625
1788145577.734023,50840,62,LR,0.00038434395129189486
1788145587.0188792,50880,62,Loss/l_ce,0.018552780151367188
1788145587.0190892,50880,62,Loss/l_total,0.018552780151367188
1788145587.0191202,50880,62,LR,0.00038434395129189486
1788145596.409566,50920,62,Loss/l_ce,0.03145289421081543
1788145596.409788,50920,62,Loss/l_total,0.03145289421081543
1788145596.4098127,50920,62,LR,0.00038434395129189486
1788145605.6955488,50960,62,Loss/l_ce,0.05579185485839844
1788145605.6957302,50960,62,Loss/l_total,0.05579185485839844
1788145605.6957552,50960,62,LR,0.00038434395129189486
1788145615.0051622,51000,62,Loss/l_ce,0.17421889305114746
1788145615.0053308,51000,62,Loss/l_total,0.17421889305114746
1788145615.0053544,51000,62,LR,0.00038434395129189486
1788145624.329288,51040,62,Loss/l_ce,0.13080954551696777
1788145624.3294637,51040,62,Loss/l_total,0.13080954551696777
1788145624.3294864,51040,62,LR,0.00038434395129189486
1788145633.7489922,51080,62,Loss/l_ce,0.10509300231933594
1788145633.7491882,51080,62,Loss/l_total,0.10509300231933594
1788145633.7492118,51080,62,LR,0.00038434395129189486
1788145643.125896,51120,62,Loss/l_ce,0.12992382049560547
1788145643.1261156,51120,62,Loss/l_total,0.12992382049560547
1788145643.1261463,51120,62,LR,0.00038434395129189486
1788145681.4736164,51156,62,Val/dense_error,0.05329161137342453
1788145681.4738944,51156,62,Val/auc,0.5841483749814941
1788145681.4739215,51156,62,Val/pck_max,0.1
1788145681.4739418,51156,62,Val/pck_n,100.0
1788145683.8406594,51160,63,Loss/l_ce,0.026730775833129883
1788145683.840839,51160,63,Loss/l_total,0.026730775833129883
1788145683.8408625,51160,63,LR,0.0003712834492143485
1788145693.480117,51200,63,Loss/l_ce,0.026055097579956055
1788145693.4802794,51200,63,Loss/l_total,0.026055097579956055
1788145693.480302,51200,63,LR,0.0003712834492143485
1788145702.9175167,51240,63,Loss/l_ce,0.0032601356506347656
1788145702.9176662,51240,63,Loss/l_total,0.0032601356506347656
1788145702.91769,51240,63,LR,0.0003712834492143485
1788145712.3345225,51280,63,Loss/l_ce,0.04264521598815918
1788145712.334683,51280,63,Loss/l_total,0.04264521598815918
1788145712.3347065,51280,63,LR,0.0003712834492143485
1788145721.9208899,51320,63,Loss/l_ce,0.03443455696105957
1788145721.9210896,51320,63,Loss/l_total,0.03443455696105957
1788145721.921118,51320,63,LR,0.0003712834492143485
1788145731.5632064,51360,63,Loss/l_ce,0.07489776611328125
1788145731.563414,51360,63,Loss/l_total,0.07489776611328125
1788145731.563438,51360,63,LR,0.0003712834492143485
1788145740.8870628,51400,63,Loss/l_ce,0.030159711837768555
1788145740.8872256,51400,63,Loss/l_total,0.030159711837768555
1788145740.8872516,51400,63,LR,0.0003712834492143485
1788145749.9837267,51440,63,Loss/l_ce,0.09788155555725098
1788145749.9838872,51440,63,Loss/l_total,0.09788155555725098
1788145749.9839122,51440,63,LR,0.0003712834492143485
1788145759.3832912,51480,63,Loss/l_ce,0.02955913543701172
1788145759.3835263,51480,63,Loss/l_total,0.02955913543701172
1788145759.3835585,51480,63,LR,0.0003712834492143485
1788145768.8270645,51520,63,Loss/l_ce,0.0682523250579834
1788145768.8272283,51520,63,Loss/l_total,0.0682523250579834
1788145768.8272536,51520,63,LR,0.0003712834492143485
1788145778.3821495,51560,63,Loss/l_ce,0.01564955711364746
1788145778.3823047,51560,63,Loss/l_total,0.01564955711364746
1788145778.382332,51560,63,LR,0.0003712834492143485
1788145788.0751028,51600,63,Loss/l_ce,0.10349464416503906
1788145788.075263,51600,63,Loss/l_total,0.10349464416503906
1788145788.0752869,51600,63,LR,0.0003712834492143485
1788145797.6914437,51640,63,Loss/l_ce,0.016585350036621094
1788145797.6916692,51640,63,Loss/l_total,0.016585350036621094
1788145797.691694,51640,63,LR,0.0003712834492143485
1788145807.1305854,51680,63,Loss/l_ce,0.015694379806518555
1788145807.130766,51680,63,Loss/l_total,0.015694379806518555
1788145807.1307943,51680,63,LR,0.0003712834492143485
1788145816.6625903,51720,63,Loss/l_ce,0.03457045555114746
1788145816.6627636,51720,63,Loss/l_total,0.03457045555114746
1788145816.6627862,51720,63,LR,0.0003712834492143485
1788145826.208382,51760,63,Loss/l_ce,0.02379298210144043
1788145826.2085886,51760,63,Loss/l_total,0.02379298210144043
1788145826.2086124,51760,63,LR,0.0003712834492143485
1788145835.9522836,51800,63,Loss/l_ce,0.016428232192993164
1788145835.9524581,51800,63,Loss/l_total,0.016428232192993164
1788145835.9524844,51800,63,LR,0.0003712834492143485
1788145845.2019272,51840,63,Loss/l_ce,0.03500509262084961
1788145845.2021122,51840,63,Loss/l_total,0.03500509262084961
1788145845.2021372,51840,63,LR,0.0003712834492143485
1788145854.5834162,51880,63,Loss/l_ce,0.11188721656799316
1788145854.5835838,51880,63,Loss/l_total,0.11188721656799316
1788145854.5836072,51880,63,LR,0.0003712834492143485
1788145864.1143026,51920,63,Loss/l_ce,0.1016538143157959
1788145864.1145213,51920,63,Loss/l_total,0.1016538143157959
1788145864.114552,51920,63,LR,0.0003712834492143485
1788145873.5494375,51960,63,Loss/l_ce,0.03293323516845703
1788145873.549605,51960,63,Loss/l_total,0.03293323516845703
1788145873.54963,51960,63,LR,0.0003712834492143485
1788145906.1676328,51968,63,Val/dense_error,0.049541328102350235
1788145906.1678157,51968,63,Val/auc,0.591543618234284
1788145906.167836,51968,63,Val/pck_max,0.1
1788145906.1678512,51968,63,Val/pck_n,100.0
1788145915.1828854,52000,64,Loss/l_ce,0.01824212074279785
1788145915.183079,52000,64,Loss/l_total,0.01824212074279785
1788145915.1831026,52000,64,LR,0.0003583993187957171
1788145924.7571735,52040,64,Loss/l_ce,0.10260915756225586
1788145924.7573788,52040,64,Loss/l_total,0.10260915756225586
1788145924.7574027,52040,64,LR,0.0003583993187957171
1788145934.2909808,52080,64,Loss/l_ce,0.006466865539550781
1788145934.2911732,52080,64,Loss/l_total,0.006466865539550781
1788145934.2911968,52080,64,LR,0.0003583993187957171
1788145943.7547984,52120,64,Loss/l_ce,0.05048227310180664
1788145943.755,52120,64,Loss/l_total,0.05048227310180664
1788145943.7550287,52120,64,LR,0.0003583993187957171
1788145953.3013287,52160,64,Loss/l_ce,0.044740915298461914
1788145953.3015838,52160,64,Loss/l_total,0.044740915298461914
1788145953.3016076,52160,64,LR,0.0003583993187957171
1788145962.8162534,52200,64,Loss/l_ce,0.020363569259643555
1788145962.816416,52200,64,Loss/l_total,0.020363569259643555
1788145962.8164399,52200,64,LR,0.0003583993187957171
1788145972.578214,52240,64,Loss/l_ce,0.03600764274597168
1788145972.5784097,52240,64,Loss/l_total,0.03600764274597168
1788145972.5784395,52240,64,LR,0.0003583993187957171
1788145981.931177,52280,64,Loss/l_ce,0.07341337203979492
1788145981.9314158,52280,64,Loss/l_total,0.07341337203979492
1788145981.9314406,52280,64,LR,0.0003583993187957171
1788145991.4440084,52320,64,Loss/l_ce,0.024583101272583008
1788145991.4442425,52320,64,Loss/l_total,0.024583101272583008
1788145991.4442673,52320,64,LR,0.0003583993187957171
1788146000.9532733,52360,64,Loss/l_ce,0.01669764518737793
1788146000.9534657,52360,64,Loss/l_total,0.01669764518737793
1788146000.9534943,52360,64,LR,0.0003583993187957171
1788146010.535609,52400,64,Loss/l_ce,0.016292333602905273
1788146010.5357788,52400,64,Loss/l_total,0.016292333602905273
1788146010.5358038,52400,64,LR,0.0003583993187957171
1788146020.005596,52440,64,Loss/l_ce,0.04993414878845215
1788146020.0057752,52440,64,Loss/l_total,0.04993414878845215
1788146020.0057976,52440,64,LR,0.0003583993187957171
1788146029.5300841,52480,64,Loss/l_ce,0.01949310302734375
1788146029.530249,52480,64,Loss/l_total,0.01949310302734375
1788146029.530273,52480,64,LR,0.0003583993187957171
1788146039.1948872,52520,64,Loss/l_ce,0.02307605743408203
1788146039.1950877,52520,64,Loss/l_total,0.02307605743408203
1788146039.1951127,52520,64,LR,0.0003583993187957171
1788146048.6381443,52560,64,Loss/l_ce,0.10684680938720703
1788146048.6384351,52560,64,Loss/l_total,0.10684680938720703
1788146048.638459,52560,64,LR,0.0003583993187957171
1788146057.875117,52600,64,Loss/l_ce,0.015659332275390625
1788146057.875325,52600,64,Loss/l_total,0.015659332275390625
1788146057.8753498,52600,64,LR,0.0003583993187957171
1788146067.0975978,52640,64,Loss/l_ce,0.027410268783569336
1788146067.0977464,52640,64,Loss/l_total,0.027410268783569336
1788146067.09777,52640,64,LR,0.0003583993187957171
1788146076.4213407,52680,64,Loss/l_ce,0.014845609664916992
1788146076.4215379,52680,64,Loss/l_total,0.014845609664916992
1788146076.4215653,52680,64,LR,0.0003583993187957171
1788146086.0068312,52720,64,Loss/l_ce,0.04799032211303711
1788146086.0070105,52720,64,Loss/l_total,0.04799032211303711
1788146086.0070627,52720,64,LR,0.0003583993187957171
1788146095.5278776,52760,64,Loss/l_ce,0.013730525970458984
1788146095.5280864,52760,64,Loss/l_total,0.013730525970458984
1788146095.5281198,52760,64,LR,0.0003583993187957171
1788146131.0331721,52780,64,Val/dense_error,0.04883814975619316
1788146131.0334606,52780,64,Val/auc,0.5970045011700965
1788146131.0334868,52780,64,Val/pck_max,0.1
1788146131.0336947,52780,64,Val/pck_n,100.0
1788146137.156229,52800,65,Loss/l_ce,0.016277790069580078
1788146137.156419,52800,65,Loss/l_total,0.016277790069580078
1788146137.1564465,52800,65,LR,0.00034570427511720377
1788146146.628112,52840,65,Loss/l_ce,0.06509947776794434
1788146146.6284006,52840,65,Loss/l_total,0.06509947776794434
1788146146.6284277,52840,65,LR,0.00034570427511720377
1788146156.187342,52880,65,Loss/l_ce,0.14277148246765137
1788146156.1875556,52880,65,Loss/l_total,0.14277148246765137
1788146156.1875782,52880,65,LR,0.00034570427511720377
1788146165.633603,52920,65,Loss/l_ce,0.038092851638793945
1788146165.633831,52920,65,Loss/l_total,0.038092851638793945
1788146165.6338582,52920,65,LR,0.00034570427511720377
1788146175.0754545,52960,65,Loss/l_ce,0.016311168670654297
1788146175.0756373,52960,65,Loss/l_total,0.016311168670654297
1788146175.075661,52960,65,LR,0.00034570427511720377
1788146184.569249,53000,65,Loss/l_ce,0.0755462646484375
1788146184.5694745,53000,65,Loss/l_total,0.0755462646484375
1788146184.5695043,53000,65,LR,0.00034570427511720377
1788146194.585736,53040,65,Loss/l_ce,0.05254721641540527
1788146194.5859141,53040,65,Loss/l_total,0.05254721641540527
1788146194.5859365,53040,65,LR,0.00034570427511720377
1788146203.9005635,53080,65,Loss/l_ce,0.0724952220916748
1788146203.9007664,53080,65,Loss/l_total,0.0724952220916748
1788146203.9007902,53080,65,LR,0.00034570427511720377
1788146213.1009762,53120,65,Loss/l_ce,0.02022409439086914
1788146213.101211,53120,65,Loss/l_total,0.02022409439086914
1788146213.1012375,53120,65,LR,0.00034570427511720377
1788146222.5731108,53160,65,Loss/l_ce,0.04765892028808594
1788146222.5733259,53160,65,Loss/l_total,0.04765892028808594
1788146222.5733507,53160,65,LR,0.00034570427511720377
1788146232.0114598,53200,65,Loss/l_ce,0.02230668067932129
1788146232.0116143,53200,65,Loss/l_total,0.02230668067932129
1788146232.0116367,53200,65,LR,0.00034570427511720377
1788146241.2824917,53240,65,Loss/l_ce,0.0304872989654541
1788146241.2827575,53240,65,Loss/l_total,0.0304872989654541
1788146241.2827826,53240,65,LR,0.00034570427511720377
1788146250.655132,53280,65,Loss/l_ce,0.0804286003112793
1788146250.655353,53280,65,Loss/l_total,0.0804286003112793
1788146250.6553767,53280,65,LR,0.00034570427511720377
1788146260.1335049,53320,65,Loss/l_ce,0.019228219985961914
1788146260.1336758,53320,65,Loss/l_total,0.019228219985961914
1788146260.1337008,53320,65,LR,0.00034570427511720377
1788146269.296811,53360,65,Loss/l_ce,0.044498443603515625
1788146269.2970247,53360,65,Loss/l_total,0.044498443603515625
1788146269.2970698,53360,65,LR,0.00034570427511720377
1788146279.0747573,53400,65,Loss/l_ce,0.09075474739074707
1788146279.0749733,53400,65,Loss/l_total,0.09075474739074707
1788146279.0750043,53400,65,LR,0.00034570427511720377
1788146288.8305905,53440,65,Loss/l_ce,0.07166433334350586
1788146288.830817,53440,65,Loss/l_total,0.07166433334350586
1788146288.8308432,53440,65,LR,0.00034570427511720377
1788146298.6242566,53480,65,Loss/l_ce,0.027077436447143555
1788146298.6245415,53480,65,Loss/l_total,0.027077436447143555
1788146298.6245654,53480,65,LR,0.00034570427511720377
1788146307.9845967,53520,65,Loss/l_ce,0.031120777130126953
1788146307.9848044,53520,65,Loss/l_total,0.031120777130126953
1788146307.9848306,53520,65,LR,0.00034570427511720377
1788146317.381641,53560,65,Loss/l_ce,0.04275345802307129
1788146317.381882,53560,65,Loss/l_total,0.04275345802307129
1788146317.381907,53560,65,LR,0.00034570427511720377
1788146354.7788615,53592,65,Val/dense_error,0.04862438142299652
1788146354.7791321,53592,65,Val/auc,0.5987490617151198
1788146354.7791584,53592,65,Val/pck_max,0.1
1788146354.7791762,53592,65,Val/pck_n,100.0
1788146358.4683666,53600,66,Loss/l_ce,0.01631927490234375
1788146358.468528,53600,66,Loss/l_total,0.01631927490234375
1788146358.4685519,53600,66,LR,0.00033321084665422786
1788146368.5324392,53640,66,Loss/l_ce,0.025599241256713867
1788146368.5326176,53640,66,Loss/l_total,0.025599241256713867
1788146368.5326412,53640,66,LR,0.00033321084665422786
1788146378.4914758,53680,66,Loss/l_ce,0.01642012596130371
1788146378.4916465,53680,66,Loss/l_total,0.01642012596130371
1788146378.4916787,53680,66,LR,0.00033321084665422786
1788146388.1563737,53720,66,Loss/l_ce,0.016883134841918945
1788146388.1566312,53720,66,Loss/l_total,0.016883134841918945
1788146388.1566563,53720,66,LR,0.00033321084665422786
1788146397.7681403,53760,66,Loss/l_ce,0.05025744438171387
1788146397.768365,53760,66,Loss/l_total,0.05025744438171387
1788146397.7683885,53760,66,LR,0.00033321084665422786
1788146407.2322361,53800,66,Loss/l_ce,0.09364819526672363
1788146407.2324212,53800,66,Loss/l_total,0.09364819526672363
1788146407.232445,53800,66,LR,0.00033321084665422786
1788146416.5553925,53840,66,Loss/l_ce,0.018181562423706055
1788146416.5555599,53840,66,Loss/l_total,0.018181562423706055
1788146416.5555847,53840,66,LR,0.00033321084665422786
1788146426.0602267,53880,66,Loss/l_ce,0.0889272689819336
1788146426.0603926,53880,66,Loss/l_total,0.0889272689819336
1788146426.0604165,53880,66,LR,0.00033321084665422786
1788146435.6341887,53920,66,Loss/l_ce,0.020551681518554688
1788146435.6343393,53920,66,Loss/l_total,0.020551681518554688
1788146435.6343617,53920,66,LR,0.00033321084665422786
1788146445.435679,53960,66,Loss/l_ce,0.022346973419189453
1788146445.4358463,53960,66,Loss/l_total,0.022346973419189453
1788146445.4358711,53960,66,LR,0.00033321084665422786
1788146455.0663936,54000,66,Loss/l_ce,0.013990640640258789
1788146455.0666263,54000,66,Loss/l_total,0.013990640640258789
1788146455.0666583,54000,66,LR,0.00033321084665422786
1788146464.6885443,54040,66,Loss/l_ce,0.04095339775085449
1788146464.6887178,54040,66,Loss/l_total,0.04095339775085449
1788146464.6887414,54040,66,LR,0.00033321084665422786
1788146474.1429327,54080,66,Loss/l_ce,0.08928275108337402
1788146474.1431665,54080,66,Loss/l_total,0.08928275108337402
1788146474.143194,54080,66,LR,0.00033321084665422786
1788146483.9027824,54120,66,Loss/l_ce,0.027228593826293945
1788146483.9030197,54120,66,Loss/l_total,0.027228593826293945
1788146483.9030697,54120,66,LR,0.00033321084665422786
1788146493.2537975,54160,66,Loss/l_ce,0.12003660202026367
1788146493.2539616,54160,66,Loss/l_total,0.12003660202026367
1788146493.2539852,54160,66,LR,0.00033321084665422786
1788146502.7853138,54200,66,Loss/l_ce,0.02216935157775879
1788146502.785493,54200,66,Loss/l_total,0.02216935157775879
1788146502.7855215,54200,66,LR,0.00033321084665422786
1788146512.451545,54240,66,Loss/l_ce,0.02933788299560547
1788146512.4517648,54240,66,Loss/l_total,0.02933788299560547
1788146512.4517884,54240,66,LR,0.00033321084665422786
1788146522.0101602,54280,66,Loss/l_ce,0.013993978500366211
1788146522.0103455,54280,66,Loss/l_total,0.013993978500366211
1788146522.0103717,54280,66,LR,0.00033321084665422786
1788146531.5532537,54320,66,Loss/l_ce,0.034154415130615234
1788146531.5534687,54320,66,Loss/l_total,0.034154415130615234
1788146531.5535007,54320,66,LR,0.00033321084665422786
1788146541.0810192,54360,66,Loss/l_ce,0.0660240650177002
1788146541.0812721,54360,66,Loss/l_total,0.0660240650177002
1788146541.081298,54360,66,LR,0.00033321084665422786
1788146550.4768088,54400,66,Loss/l_ce,0.03132152557373047
1788146550.4769795,54400,66,Loss/l_total,0.03132152557373047
1788146550.477001,54400,66,LR,0.00033321084665422786
1788146582.2517772,54404,66,Val/dense_error,0.051588207483291626
1788146582.2519732,54404,66,Val/auc,0.5894790668318568
1788146582.2519956,54404,66,Val/pck_max,0.1
1788146582.2520137,54404,66,Val/pck_n,100.0
1788146592.3512967,54440,67,Loss/l_ce,0.016600608825683594
1788146592.3514655,54440,67,Loss/l_total,0.016600608825683594
1788146592.351489,54440,67,LR,0.0003209313629123327
1788146601.7911477,54480,67,Loss/l_ce,0.01643514633178711
1788146601.791472,54480,67,Loss/l_total,0.01643514633178711
1788146601.7914994,54480,67,LR,0.0003209313629123327
1788146611.2081447,54520,67,Loss/l_ce,0.015026092529296875
1788146611.2083833,54520,67,Loss/l_total,0.015026092529296875
1788146611.2084093,54520,67,LR,0.0003209313629123327
1788146620.743439,54560,67,Loss/l_ce,0.1347944736480713
1788146620.7436478,54560,67,Loss/l_total,0.1347944736480713
1788146620.7436764,54560,67,LR,0.0003209313629123327
1788146630.4409566,54600,67,Loss/l_ce,0.021962404251098633
1788146630.441168,54600,67,Loss/l_total,0.021962404251098633
1788146630.4412158,54600,67,LR,0.0003209313629123327
1788146639.7524803,54640,67,Loss/l_ce,0.028894901275634766
1788146639.7526324,54640,67,Loss/l_total,0.028894901275634766
1788146639.7526584,54640,67,LR,0.0003209313629123327
1788146649.6387663,54680,67,Loss/l_ce,0.01313328742980957
1788146649.6389325,54680,67,Loss/l_total,0.01313328742980957
1788146649.6389527,54680,67,LR,0.0003209313629123327
1788146659.1927297,54720,67,Loss/l_ce,0.11723136901855469
1788146659.1929016,54720,67,Loss/l_total,0.11723136901855469
1788146659.1929255,54720,67,LR,0.0003209313629123327
1788146668.5450282,54760,67,Loss/l_ce,0.056412458419799805
1788146668.5452738,54760,67,Loss/l_total,0.056412458419799805
1788146668.5453026,54760,67,LR,0.0003209313629123327
1788146677.9887795,54800,67,Loss/l_ce,0.015671730041503906
1788146677.9889708,54800,67,Loss/l_total,0.015671730041503906
1788146677.9889946,54800,67,LR,0.0003209313629123327
1788146687.5891886,54840,67,Loss/l_ce,0.016865253448486328
1788146687.58942,54840,67,Loss/l_total,0.016865253448486328
1788146687.5894425,54840,67,LR,0.0003209313629123327
1788146696.8917897,54880,67,Loss/l_ce,0.023671627044677734
1788146696.891957,54880,67,Loss/l_total,0.023671627044677734
1788146696.8919795,54880,67,LR,0.0003209313629123327
1788146706.4054844,54920,67,Loss/l_ce,0.015285491943359375
1788146706.405735,54920,67,Loss/l_total,0.015285491943359375
1788146706.4057586,54920,67,LR,0.0003209313629123327
1788146715.8798609,54960,67,Loss/l_ce,0.010093927383422852
1788146715.8800604,54960,67,Loss/l_total,0.010093927383422852
1788146715.8800912,54960,67,LR,0.0003209313629123327
1788146725.5011365,55000,67,Loss/l_ce,0.0229794979095459
1788146725.5013812,55000,67,Loss/l_total,0.0229794979095459
1788146725.501405,55000,67,LR,0.0003209313629123327
1788146734.9885757,55040,67,Loss/l_ce,0.011801481246948242
1788146734.9887836,55040,67,Loss/l_total,0.011801481246948242
1788146734.9888098,55040,67,LR,0.0003209313629123327
1788146744.5448554,55080,67,Loss/l_ce,0.02851581573486328
1788146744.5450928,55080,67,Loss/l_total,0.02851581573486328
1788146744.5451167,55080,67,LR,0.0003209313629123327
1788146754.2335103,55120,67,Loss/l_ce,0.014438152313232422
1788146754.2336884,55120,67,Loss/l_total,0.014438152313232422
1788146754.2337132,55120,67,LR,0.0003209313629123327
1788146763.7812617,55160,67,Loss/l_ce,0.05142974853515625
1788146763.7815025,55160,67,Loss/l_total,0.05142974853515625
1788146763.7815275,55160,67,LR,0.0003209313629123327
1788146773.490314,55200,67,Loss/l_ce,0.020272493362426758
1788146773.4904945,55200,67,Loss/l_total,0.020272493362426758
1788146773.490522,55200,67,LR,0.0003209313629123327
1788146806.6599252,55216,67,Val/dense_error,0.04858221486210823
1788146806.6601615,55216,67,Val/auc,0.5975209799200543
1788146806.6601853,55216,67,Val/pck_max,0.1
1788146806.6602054,55216,67,Val/pck_n,100.0
1788146813.7975202,55240,68,Loss/l_ce,0.13314056396484375
1788146813.7976851,55240,68,Loss/l_total,0.13314056396484375
1788146813.7977078,55240,68,LR,0.00030887794225945123
1788146823.5203407,55280,68,Loss/l_ce,0.039315223693847656
1788146823.5205069,55280,68,Loss/l_total,0.039315223693847656
1788146823.5205307,55280,68,LR,0.00030887794225945123
1788146833.1238081,55320,68,Loss/l_ce,0.01852273941040039
1788146833.1241455,55320,68,Loss/l_total,0.01852273941040039
1788146833.124175,55320,68,LR,0.00030887794225945123
1788146842.7057405,55360,68,Loss/l_ce,0.017989158630371094
1788146842.7059472,55360,68,Loss/l_total,0.017989158630371094
1788146842.7059731,55360,68,LR,0.00030887794225945123
1788146852.2234783,55400,68,Loss/l_ce,0.05701160430908203
1788146852.2237597,55400,68,Loss/l_total,0.05701160430908203
1788146852.2237906,55400,68,LR,0.00030887794225945123
1788146861.7733169,55440,68,Loss/l_ce,0.028490543365478516
1788146861.7735379,55440,68,Loss/l_total,0.028490543365478516
1788146861.7735612,55440,68,LR,0.00030887794225945123
1788146871.2087169,55480,68,Loss/l_ce,0.038393259048461914
1788146871.208972,55480,68,Loss/l_total,0.038393259048461914
1788146871.2091358,55480,68,LR,0.00030887794225945123
1788146880.8889692,55520,68,Loss/l_ce,0.07162308692932129
1788146880.8892515,55520,68,Loss/l_total,0.07162308692932129
1788146880.8892825,55520,68,LR,0.00030887794225945123
1788146890.269084,55560,68,Loss/l_ce,0.030408859252929688
1788146890.269263,55560,68,Loss/l_total,0.030408859252929688
1788146890.2692893,55560,68,LR,0.00030887794225945123
1788146899.986933,55600,68,Loss/l_ce,0.015283346176147461
1788146899.9871469,55600,68,Loss/l_total,0.015283346176147461
1788146899.9871752,55600,68,LR,0.00030887794225945123
1788146909.667456,55640,68,Loss/l_ce,0.02323746681213379
1788146909.6676521,55640,68,Loss/l_total,0.02323746681213379
1788146909.667677,55640,68,LR,0.00030887794225945123
1788146919.0068347,55680,68,Loss/l_ce,0.01680612564086914
1788146919.007166,55680,68,Loss/l_total,0.01680612564086914
1788146919.007191,55680,68,LR,0.00030887794225945123
1788146928.490439,55720,68,Loss/l_ce,0.027364015579223633
1788146928.4906108,55720,68,Loss/l_total,0.027364015579223633
1788146928.490636,55720,68,LR,0.00030887794225945123
1788146937.9554012,55760,68,Loss/l_ce,0.020800352096557617
1788146937.9555614,55760,68,Loss/l_total,0.020800352096557617
1788146937.9555843,55760,68,LR,0.00030887794225945123
1788146947.1383312,55800,68,Loss/l_ce,0.015212535858154297
1788146947.138539,55800,68,Loss/l_total,0.015212535858154297
1788146947.1385603,55800,68,LR,0.00030887794225945123
1788146956.5277438,55840,68,Loss/l_ce,0.06730461120605469
1788146956.5279288,55840,68,Loss/l_total,0.06730461120605469
1788146956.5279527,55840,68,LR,0.00030887794225945123
1788146965.7804449,55880,68,Loss/l_ce,0.05735659599304199
1788146965.7806065,55880,68,Loss/l_total,0.05735659599304199
1788146965.7806313,55880,68,LR,0.00030887794225945123
1788146975.353545,55920,68,Loss/l_ce,0.018626689910888672
1788146975.353723,55920,68,Loss/l_total,0.018626689910888672
1788146975.3537517,55920,68,LR,0.00030887794225945123
1788146984.9445293,55960,68,Loss/l_ce,0.015026569366455078
1788146984.9447608,55960,68,Loss/l_total,0.015026569366455078
1788146984.9447846,55960,68,LR,0.00030887794225945123
1788146994.4440837,56000,68,Loss/l_ce,0.027126073837280273
1788146994.4443984,56000,68,Loss/l_total,0.027126073837280273
1788146994.4444315,56000,68,LR,0.00030887794225945123
1788147032.070649,56028,68,Val/dense_error,0.05449159815907478
1788147032.070929,56028,68,Val/auc,0.5943064613738309
1788147032.070954,56028,68,Val/pck_max,0.1
1788147032.0710075,56028,68,Val/pck_n,100.0
1788147036.1269083,56040,69,Loss/l_ce,0.027808427810668945
1788147036.1270921,56040,69,Loss/l_total,0.027808427810668945
1788147036.1271174,56040,69,LR,0.000297062479966541
1788147045.2797,56080,69,Loss/l_ce,0.009615421295166016
1788147045.279872,56080,69,Loss/l_total,0.009615421295166016
1788147045.2798958,56080,69,LR,0.000297062479966541
1788147055.2661023,56120,69,Loss/l_ce,0.12483716011047363
1788147055.2664096,56120,69,Loss/l_total,0.12483716011047363
1788147055.2664385,56120,69,LR,0.000297062479966541
1788147064.5266755,56160,69,Loss/l_ce,0.07905173301696777
1788147064.526838,56160,69,Loss/l_total,0.07905173301696777
1788147064.526864,56160,69,LR,0.000297062479966541
1788147074.1677125,56200,69,Loss/l_ce,0.014431476593017578
1788147074.1679938,56200,69,Loss/l_total,0.014431476593017578
1788147074.16802,56200,69,LR,0.000297062479966541
1788147083.6335073,56240,69,Loss/l_ce,0.02524566650390625
1788147083.633828,56240,69,Loss/l_total,0.02524566650390625
1788147083.633853,56240,69,LR,0.000297062479966541
1788147093.235175,56280,69,Loss/l_ce,0.025681257247924805
1788147093.2354527,56280,69,Loss/l_total,0.025681257247924805
1788147093.2354789,56280,69,LR,0.000297062479966541
1788147103.311477,56320,69,Loss/l_ce,0.06094551086425781
1788147103.311807,56320,69,Loss/l_total,0.06094551086425781
1788147103.311832,56320,69,LR,0.000297062479966541
1788147113.2445447,56360,69,Loss/l_ce,0.017419815063476562
1788147113.2448263,56360,69,Loss/l_total,0.017419815063476562
1788147113.244875,56360,69,LR,0.000297062479966541
1788147122.6873915,56400,69,Loss/l_ce,0.030870437622070312
1788147122.6876075,56400,69,Loss/l_total,0.030870437622070312
1788147122.6876314,56400,69,LR,0.000297062479966541
1788147131.8602686,56440,69,Loss/l_ce,0.05750107765197754
1788147131.8605049,56440,69,Loss/l_total,0.05750107765197754
1788147131.8605263,56440,69,LR,0.000297062479966541
1788147141.3121424,56480,69,Loss/l_ce,0.04854154586791992
1788147141.3123739,56480,69,Loss/l_total,0.04854154586791992
1788147141.3123975,56480,69,LR,0.000297062479966541
1788147150.8063977,56520,69,Loss/l_ce,0.09392023086547852
1788147150.8065758,56520,69,Loss/l_total,0.09392023086547852
1788147150.806602,56520,69,LR,0.000297062479966541
1788147160.2265384,56560,69,Loss/l_ce,0.04646873474121094
1788147160.2267036,56560,69,Loss/l_total,0.04646873474121094
1788147160.2267296,56560,69,LR,0.000297062479966541
1788147169.7893212,56600,69,Loss/l_ce,0.02384495735168457
1788147169.7895148,56600,69,Loss/l_total,0.02384495735168457
1788147169.7895396,56600,69,LR,0.000297062479966541
1788147179.6791987,56640,69,Loss/l_ce,0.021794795989990234
1788147179.6793873,56640,69,Loss/l_total,0.021794795989990234
1788147179.6794147,56640,69,LR,0.000297062479966541
1788147189.3451543,56680,69,Loss/l_ce,0.013390779495239258
1788147189.3453822,56680,69,Loss/l_total,0.013390779495239258
1788147189.3454118,56680,69,LR,0.000297062479966541
1788147198.825012,56720,69,Loss/l_ce,0.053095340728759766
1788147198.8252578,56720,69,Loss/l_total,0.053095340728759766
1788147198.8252816,56720,69,LR,0.000297062479966541
1788147208.3637514,56760,69,Loss/l_ce,0.03116440773010254
1788147208.3639355,56760,69,Loss/l_total,0.03116440773010254
1788147208.3639617,56760,69,LR,0.000297062479966541
1788147217.994163,56800,69,Loss/l_ce,0.01754617691040039
1788147217.9943435,56800,69,Loss/l_total,0.01754617691040039
1788147217.9943671,56800,69,LR,0.000297062479966541
1788147227.2511668,56840,69,Loss/l_ce,0.017184734344482422
1788147227.2513342,56840,69,Loss/l_total,0.017184734344482422
1788147227.2513578,56840,69,LR,0.000297062479966541
1788147257.3588734,56840,69,Val/dense_error,0.049628112465143204
1788147257.3591666,56840,69,Val/auc,0.5981055086737782
1788147257.359194,56840,69,Val/pck_max,0.1
1788147257.359213,56840,69,Val/pck_n,100.0
1788147268.1475427,56880,70,Loss/l_ce,0.0996096134185791
1788147268.1477387,56880,70,Loss/l_total,0.0996096134185791
1788147268.147761,56880,70,LR,0.000285496636468387
1788147277.712805,56920,70,Loss/l_ce,0.028196096420288086
1788147277.712969,56920,70,Loss/l_total,0.028196096420288086
1788147277.7129939,56920,70,LR,0.000285496636468387
1788147287.3881905,56960,70,Loss/l_ce,0.017246723175048828
1788147287.3884265,56960,70,Loss/l_total,0.017246723175048828
1788147287.3884587,56960,70,LR,0.000285496636468387
1788147296.9449944,57000,70,Loss/l_ce,0.02010512351989746
1788147296.945258,57000,70,Loss/l_total,0.02010512351989746
1788147296.9452853,57000,70,LR,0.000285496636468387
1788147306.395507,57040,70,Loss/l_ce,0.15036773681640625
1788147306.3956685,57040,70,Loss/l_total,0.15036773681640625
1788147306.395696,57040,70,LR,0.000285496636468387
1788147315.720512,57080,70,Loss/l_ce,0.01926898956298828
1788147315.720684,57080,70,Loss/l_total,0.01926898956298828
1788147315.720708,57080,70,LR,0.000285496636468387
1788147325.275027,57120,70,Loss/l_ce,0.014007091522216797
1788147325.2752159,57120,70,Loss/l_total,0.014007091522216797
1788147325.2752407,57120,70,LR,0.000285496636468387
1788147334.724635,57160,70,Loss/l_ce,0.04932212829589844
1788147334.7247927,57160,70,Loss/l_total,0.04932212829589844
1788147334.7248166,57160,70,LR,0.000285496636468387
1788147344.4321342,57200,70,Loss/l_ce,0.06631040573120117
1788147344.4324546,57200,70,Loss/l_total,0.06631040573120117
1788147344.4324808,57200,70,LR,0.000285496636468387
1788147353.8189378,57240,70,Loss/l_ce,0.06522631645202637
1788147353.819123,57240,70,Loss/l_total,0.06522631645202637
1788147353.819148,57240,70,LR,0.000285496636468387
1788147363.5200863,57280,70,Loss/l_ce,0.0186154842376709
1788147363.5204365,57280,70,Loss/l_total,0.0186154842376709
1788147363.5204637,57280,70,LR,0.000285496636468387
1788147372.8129225,57320,70,Loss/l_ce,0.018935203552246094
1788147372.8131065,57320,70,Loss/l_total,0.018935203552246094
1788147372.8131301,57320,70,LR,0.000285496636468387
1788147382.123586,57360,70,Loss/l_ce,0.07830214500427246
1788147382.1238732,57360,70,Loss/l_total,0.07830214500427246
1788147382.123897,57360,70,LR,0.000285496636468387
1788147391.6972368,57400,70,Loss/l_ce,0.07883405685424805
1788147391.6974504,57400,70,Loss/l_total,0.07883405685424805
1788147391.6974874,57400,70,LR,0.000285496636468387
1788147401.2302308,57440,70,Loss/l_ce,0.03273463249206543
1788147401.230555,57440,70,Loss/l_total,0.03273463249206543
1788147401.2305846,57440,70,LR,0.000285496636468387
1788147410.5481071,57480,70,Loss/l_ce,0.010755538940429688
1788147410.5484138,57480,70,Loss/l_total,0.010755538940429688
1788147410.5484385,57480,70,LR,0.000285496636468387
1788147420.0123298,57520,70,Loss/l_ce,0.10533642768859863
1788147420.0126386,57520,70,Loss/l_total,0.10533642768859863
1788147420.0126646,57520,70,LR,0.000285496636468387
1788147429.521064,57560,70,Loss/l_ce,0.0216214656829834
1788147429.5212386,57560,70,Loss/l_total,0.0216214656829834
1788147429.5212622,57560,70,LR,0.000285496636468387
1788147438.884251,57600,70,Loss/l_ce,0.027106285095214844
1788147438.884434,57600,70,Loss/l_total,0.027106285095214844
1788147438.8844614,57600,70,LR,0.000285496636468387
1788147448.266727,57640,70,Loss/l_ce,0.09634590148925781
1788147448.2669015,57640,70,Loss/l_total,0.09634590148925781
1788147448.2669241,57640,70,LR,0.000285496636468387
1788147481.2594528,57652,70,Val/dense_error,0.04861467331647873
1788147481.2597094,57652,70,Val/auc,0.590317809101558
1788147481.2597356,57652,70,Val/pck_max,0.1
1788147481.2597544,57652,70,Val/pck_n,100.0
1788147489.3393068,57680,71,Loss/l_ce,0.015238046646118164
1788147489.3394837,57680,71,Loss/l_total,0.015238046646118164
1788147489.3395112,57680,71,LR,0.0002741918258561604
1788147499.1701422,57720,71,Loss/l_ce,0.01759934425354004
1788147499.170319,57720,71,Loss/l_total,0.01759934425354004
1788147499.170342,57720,71,LR,0.0002741918258561604
1788147508.9225178,57760,71,Loss/l_ce,0.00954437255859375
1788147508.9226842,57760,71,Loss/l_total,0.00954437255859375
1788147508.9227066,57760,71,LR,0.0002741918258561604
1788147518.7295423,57800,71,Loss/l_ce,0.14524006843566895
1788147518.7297285,57800,71,Loss/l_total,0.14524006843566895
1788147518.7297523,57800,71,LR,0.0002741918258561604
1788147528.1697114,57840,71,Loss/l_ce,0.03889894485473633
1788147528.1698847,57840,71,Loss/l_total,0.03889894485473633
1788147528.1699085,57840,71,LR,0.0002741918258561604
1788147537.6851003,57880,71,Loss/l_ce,0.017164945602416992
1788147537.6852534,57880,71,Loss/l_total,0.017164945602416992
1788147537.6852772,57880,71,LR,0.0002741918258561604
1788147546.790983,57920,71,Loss/l_ce,0.04596400260925293
1788147546.7912025,57920,71,Loss/l_total,0.04596400260925293
1788147546.7912273,57920,71,LR,0.0002741918258561604
1788147556.391584,57960,71,Loss/l_ce,0.050292253494262695
1788147556.3917856,57960,71,Loss/l_total,0.050292253494262695
1788147556.3918095,57960,71,LR,0.0002741918258561604
1788147565.8185647,58000,71,Loss/l_ce,0.0331573486328125
1788147565.8187356,58000,71,Loss/l_total,0.0331573486328125
1788147565.8187594,58000,71,LR,0.0002741918258561604
1788147575.5289845,58040,71,Loss/l_ce,0.024804353713989258
1788147575.52919,58040,71,Loss/l_total,0.024804353713989258
1788147575.5292244,58040,71,LR,0.0002741918258561604
1788147585.1188529,58080,71,Loss/l_ce,0.057646989822387695
1788147585.1190047,58080,71,Loss/l_total,0.057646989822387695
1788147585.1190596,58080,71,LR,0.0002741918258561604
1788147594.563073,58120,71,Loss/l_ce,0.03405499458312988
1788147594.5632439,58120,71,Loss/l_total,0.03405499458312988
1788147594.563269,58120,71,LR,0.0002741918258561604
1788147603.8916376,58160,71,Loss/l_ce,0.04214310646057129
1788147603.891812,58160,71,Loss/l_total,0.04214310646057129
1788147603.8918333,58160,71,LR,0.0002741918258561604
1788147613.7425003,58200,71,Loss/l_ce,0.023110151290893555
1788147613.742662,58200,71,Loss/l_total,0.023110151290893555
1788147613.7426858,58200,71,LR,0.0002741918258561604
1788147623.502971,58240,71,Loss/l_ce,0.07598423957824707
1788147623.5031598,58240,71,Loss/l_total,0.07598423957824707
1788147623.5031846,58240,71,LR,0.0002741918258561604
1788147633.1644685,58280,71,Loss/l_ce,0.04886937141418457
1788147633.1646383,58280,71,Loss/l_total,0.04886937141418457
1788147633.1646633,58280,71,LR,0.0002741918258561604
1788147642.4928977,58320,71,Loss/l_ce,0.022736787796020508
1788147642.4931352,58320,71,Loss/l_total,0.022736787796020508
1788147642.4931674,58320,71,LR,0.0002741918258561604
1788147651.9272194,58360,71,Loss/l_ce,0.014161825180053711
1788147651.9274058,58360,71,Loss/l_total,0.014161825180053711
1788147651.9274297,58360,71,LR,0.0002741918258561604
1788147661.466675,58400,71,Loss/l_ce,0.054366111755371094
1788147661.466852,58400,71,Loss/l_total,0.054366111755371094
1788147661.466877,58400,71,LR,0.0002741918258561604
1788147670.712968,58440,71,Loss/l_ce,0.020965576171875
1788147670.7131593,58440,71,Loss/l_total,0.020965576171875
1788147670.7131844,58440,71,LR,0.0002741918258561604
1788147706.1816247,58464,71,Val/dense_error,0.05013306438922882
1788147706.1819,58464,71,Val/auc,0.5866038243063185
1788147706.1819248,58464,71,Val/pck_max,0.1
1788147706.181944,58464,71,Val/pck_n,100.0
1788147711.5896673,58480,72,Loss/l_ce,0.026592493057250977
1788147711.5898416,58480,72,Loss/l_total,0.026592493057250977
1788147711.5898654,58480,72,LR,0.0002631592046130895
1788147720.8746,58520,72,Loss/l_ce,0.014453411102294922
1788147720.8747616,58520,72,Loss/l_total,0.014453411102294922
1788147720.874784,58520,72,LR,0.0002631592046130895
1788147730.173513,58560,72,Loss/l_ce,0.016496658325195312
1788147730.1736887,58560,72,Loss/l_total,0.016496658325195312
1788147730.17371,58560,72,LR,0.0002631592046130895
1788147739.6940167,58600,72,Loss/l_ce,0.023621559143066406
1788147739.69422,58600,72,Loss/l_total,0.023621559143066406
1788147739.6942437,58600,72,LR,0.0002631592046130895
1788147749.4768515,58640,72,Loss/l_ce,0.05141854286193848
1788147749.4770126,58640,72,Loss/l_total,0.05141854286193848
1788147749.4770627,58640,72,LR,0.0002631592046130895
1788147758.9682786,58680,72,Loss/l_ce,0.05726790428161621
1788147758.9684956,58680,72,Loss/l_total,0.05726790428161621
1788147758.9685242,58680,72,LR,0.0002631592046130895
1788147768.4546192,58720,72,Loss/l_ce,0.020961999893188477
1788147768.4548483,58720,72,Loss/l_total,0.020961999893188477
1788147768.4548743,58720,72,LR,0.0002631592046130895
1788147778.3458464,58760,72,Loss/l_ce,0.027880430221557617
1788147778.3461065,58760,72,Loss/l_total,0.027880430221557617
1788147778.346134,58760,72,LR,0.0002631592046130895
1788147787.9397895,58800,72,Loss/l_ce,0.05645036697387695
1788147787.9400637,58800,72,Loss/l_total,0.05645036697387695
1788147787.940097,58800,72,LR,0.0002631592046130895
1788147797.2697434,58840,72,Loss/l_ce,0.018906593322753906
1788147797.2699072,58840,72,Loss/l_total,0.018906593322753906
1788147797.2699296,58840,72,LR,0.0002631592046130895
1788147806.5348613,58880,72,Loss/l_ce,0.06817436218261719
1788147806.535,58880,72,Loss/l_total,0.06817436218261719
1788147806.5350225,58880,72,LR,0.0002631592046130895
1788147815.828651,58920,72,Loss/l_ce,0.022316694259643555
1788147815.8288162,58920,72,Loss/l_total,0.022316694259643555
1788147815.82884,58920,72,LR,0.0002631592046130895
1788147825.6004996,58960,72,Loss/l_ce,0.019989967346191406
1788147825.600679,58960,72,Loss/l_total,0.019989967346191406
1788147825.6007028,58960,72,LR,0.0002631592046130895
1788147834.9585576,59000,72,Loss/l_ce,0.015656709671020508
1788147834.9587264,59000,72,Loss/l_total,0.015656709671020508
1788147834.9587524,59000,72,LR,0.0002631592046130895
1788147844.3847883,59040,72,Loss/l_ce,0.05962491035461426
1788147844.3849616,59040,72,Loss/l_total,0.05962491035461426
1788147844.3850079,59040,72,LR,0.0002631592046130895
1788147853.7736697,59080,72,Loss/l_ce,0.0160064697265625
1788147853.7738361,59080,72,Loss/l_total,0.0160064697265625
1788147853.7738597,59080,72,LR,0.0002631592046130895
1788147863.2269633,59120,72,Loss/l_ce,0.017271757125854492
1788147863.2271628,59120,72,Loss/l_total,0.017271757125854492
1788147863.2271864,59120,72,LR,0.0002631592046130895
1788147872.7547061,59160,72,Loss/l_ce,0.017487049102783203
1788147872.7549272,59160,72,Loss/l_total,0.017487049102783203
1788147872.7549555,59160,72,LR,0.0002631592046130895
1788147882.1729746,59200,72,Loss/l_ce,0.03406882286071777
1788147882.1731977,59200,72,Loss/l_total,0.03406882286071777
1788147882.1732225,59200,72,LR,0.0002631592046130895
1788147891.6491663,59240,72,Loss/l_ce,0.021815061569213867
1788147891.6494274,59240,72,Loss/l_total,0.021815061569213867
1788147891.6494608,59240,72,LR,0.0002631592046130895
1788147930.846169,59276,72,Val/dense_error,0.053802937269210815
1788147930.8464909,59276,72,Val/auc,0.5981553124456185
1788147930.846517,59276,72,Val/pck_max,0.1
1788147930.8467307,59276,72,Val/pck_n,100.0
1788147933.4530115,59280,73,Loss/l_ce,0.0326695442199707
1788147933.4532514,59280,73,Loss/l_total,0.0326695442199707
1788147933.4532762,59280,73,LR,0.00025240966060435663
1788147942.9587064,59320,73,Loss/l_ce,0.0901651382446289
1788147942.9588807,59320,73,Loss/l_total,0.0901651382446289
1788147942.9589167,59320,73,LR,0.00025240966060435663
1788147952.446917,59360,73,Loss/l_ce,0.016012907028198242
1788147952.4471486,59360,73,Loss/l_total,0.016012907028198242
1788147952.447176,59360,73,LR,0.00025240966060435663
1788147961.9541638,59400,73,Loss/l_ce,0.14365267753601074
1788147961.9543371,59400,73,Loss/l_total,0.14365267753601074
1788147961.9543643,59400,73,LR,0.00025240966060435663
1788147971.4985693,59440,73,Loss/l_ce,0.014928579330444336
1788147971.4987142,59440,73,Loss/l_total,0.014928579330444336
1788147971.4987378,59440,73,LR,0.00025240966060435663
1788147980.9396741,59480,73,Loss/l_ce,0.01648712158203125
1788147980.9398496,59480,73,Loss/l_total,0.01648712158203125
1788147980.9398746,59480,73,LR,0.00025240966060435663
1788147990.4588969,59520,73,Loss/l_ce,0.06461358070373535
1788147990.459087,59520,73,Loss/l_total,0.06461358070373535
1788147990.459113,59520,73,LR,0.00025240966060435663
1788148000.075972,59560,73,Loss/l_ce,0.013619661331176758
1788148000.0762022,59560,73,Loss/l_total,0.013619661331176758
1788148000.076231,59560,73,LR,0.00025240966060435663
1788148009.4774058,59600,73,Loss/l_ce,0.019369840621948242
1788148009.4775612,59600,73,Loss/l_total,0.019369840621948242
1788148009.4775848,59600,73,LR,0.00025240966060435663
1788148019.1672502,59640,73,Loss/l_ce,0.049941301345825195
1788148019.1674378,59640,73,Loss/l_total,0.049941301345825195
1788148019.167465,59640,73,LR,0.00025240966060435663
1788148028.8014092,59680,73,Loss/l_ce,0.10381388664245605
1788148028.8015754,59680,73,Loss/l_total,0.10381388664245605
1788148028.8015993,59680,73,LR,0.00025240966060435663
1788148038.3297079,59720,73,Loss/l_ce,0.045918941497802734
1788148038.3298965,59720,73,Loss/l_total,0.045918941497802734
1788148038.3299203,59720,73,LR,0.00025240966060435663
1788148047.6199014,59760,73,Loss/l_ce,0.014014959335327148
1788148047.6201422,59760,73,Loss/l_total,0.014014959335327148
1788148047.620172,59760,73,LR,0.00025240966060435663
1788148057.3728328,59800,73,Loss/l_ce,0.07758188247680664
1788148057.373088,59800,73,Loss/l_total,0.07758188247680664
1788148057.3731153,59800,73,LR,0.00025240966060435663
1788148066.9101155,59840,73,Loss/l_ce,0.04208064079284668
1788148066.9103887,59840,73,Loss/l_total,0.04208064079284668
1788148066.9104125,59840,73,LR,0.00025240966060435663
1788148076.3323152,59880,73,Loss/l_ce,0.060420989990234375
1788148076.3325253,59880,73,Loss/l_total,0.060420989990234375
1788148076.332549,59880,73,LR,0.00025240966060435663
1788148085.6707096,59920,73,Loss/l_ce,0.08223247528076172
1788148085.6709113,59920,73,Loss/l_total,0.08223247528076172
1788148085.6710596,59920,73,LR,0.00025240966060435663
1788148095.1887522,59960,73,Loss/l_ce,0.024499177932739258
1788148095.1889803,59960,73,Loss/l_total,0.024499177932739258
1788148095.1890028,59960,73,LR,0.00025240966060435663
1788148104.6521926,60000,73,Loss/l_ce,0.060489654541015625
1788148104.652374,60000,73,Loss/l_total,0.060489654541015625
1788148104.6523979,60000,73,LR,0.00025240966060435663
1788148114.4024465,60040,73,Loss/l_ce,0.03231096267700195
1788148114.4026055,60040,73,Loss/l_total,0.03231096267700195
1788148114.4026282,60040,73,LR,0.00025240966060435663
1788148123.524601,60080,73,Loss/l_ce,0.05856180191040039
1788148123.5247529,60080,73,Loss/l_total,0.05856180191040039
1788148123.5247755,60080,73,LR,0.00025240966060435663
1788148156.0450666,60088,73,Val/dense_error,0.05398433282971382
1788148156.0452447,60088,73,Val/auc,0.591398167844555
1788148156.0452685,60088,73,Val/pck_max,0.1
1788148156.0452888,60088,73,Val/pck_n,100.0
1788148165.0865693,60120,74,Loss/l_ce,0.046332597732543945
1788148165.0867486,60120,74,Loss/l_total,0.046332597732543945
1788148165.0867712,60120,74,LR,0.00024195380233208997
1788148174.5541248,60160,74,Loss/l_ce,0.03344440460205078
1788148174.5543325,60160,74,Loss/l_total,0.03344440460205078
1788148174.554362,60160,74,LR,0.00024195380233208997
1788148183.758344,60200,74,Loss/l_ce,0.025214672088623047
1788148183.7585056,60200,74,Loss/l_total,0.025214672088623047
1788148183.7585292,60200,74,LR,0.00024195380233208997
1788148193.182734,60240,74,Loss/l_ce,0.03641176223754883
1788148193.1829264,60240,74,Loss/l_total,0.03641176223754883
1788148193.1829503,60240,74,LR,0.00024195380233208997
1788148202.6959505,60280,74,Loss/l_ce,0.01586461067199707
1788148202.6961465,60280,74,Loss/l_total,0.01586461067199707
1788148202.6961703,60280,74,LR,0.00024195380233208997
1788148211.9106715,60320,74,Loss/l_ce,0.043526411056518555
1788148211.9108815,60320,74,Loss/l_total,0.043526411056518555
1788148211.9111476,60320,74,LR,0.00024195380233208997
1788148221.3493552,60360,74,Loss/l_ce,0.01660776138305664
1788148221.3495026,60360,74,Loss/l_total,0.01660776138305664
1788148221.3495262,60360,74,LR,0.00024195380233208997
1788148230.6843529,60400,74,Loss/l_ce,0.022665739059448242
1788148230.6846056,60400,74,Loss/l_total,0.022665739059448242
1788148230.6846318,60400,74,LR,0.00024195380233208997
1788148240.0279534,60440,74,Loss/l_ce,0.030597448348999023
1788148240.0281374,60440,74,Loss/l_total,0.030597448348999023
1788148240.0281646,60440,74,LR,0.00024195380233208997
1788148249.541411,60480,74,Loss/l_ce,0.015645503997802734
1788148249.5415804,60480,74,Loss/l_total,0.015645503997802734
1788148249.541603,60480,74,LR,0.00024195380233208997
1788148258.9610019,60520,74,Loss/l_ce,0.015985727310180664
1788148258.961192,60520,74,Loss/l_total,0.015985727310180664
1788148258.9612167,60520,74,LR,0.00024195380233208997
1788148268.182026,60560,74,Loss/l_ce,0.0076715946197509766
1788148268.1822278,60560,74,Loss/l_total,0.0076715946197509766
1788148268.1822505,60560,74,LR,0.00024195380233208997
1788148277.559359,60600,74,Loss/l_ce,0.021008729934692383
1788148277.5595086,60600,74,Loss/l_total,0.021008729934692383
1788148277.5595345,60600,74,LR,0.00024195380233208997
1788148287.1076267,60640,74,Loss/l_ce,0.09076476097106934
1788148287.107812,60640,74,Loss/l_total,0.09076476097106934
1788148287.107837,60640,74,LR,0.00024195380233208997
1788148296.404271,60680,74,Loss/l_ce,0.05732870101928711
1788148296.4044955,60680,74,Loss/l_total,0.05732870101928711
1788148296.4045215,60680,74,LR,0.00024195380233208997
1788148305.859749,60720,74,Loss/l_ce,0.019339561462402344
1788148305.8599868,60720,74,Loss/l_total,0.019339561462402344
1788148305.860014,60720,74,LR,0.00024195380233208997
1788148315.3238008,60760,74,Loss/l_ce,0.014997005462646484
1788148315.32401,60760,74,Loss/l_total,0.014997005462646484
1788148315.3240514,60760,74,LR,0.00024195380233208997
1788148324.5728786,60800,74,Loss/l_ce,0.018216848373413086
1788148324.5730767,60800,74,Loss/l_total,0.018216848373413086
1788148324.5731256,60800,74,LR,0.00024195380233208997
1788148333.7708788,60840,74,Loss/l_ce,0.024507999420166016
1788148333.7711244,60840,74,Loss/l_total,0.024507999420166016
1788148333.7711482,60840,74,LR,0.00024195380233208997
1788148343.2687066,60880,74,Loss/l_ce,0.037468910217285156
1788148343.2688718,60880,74,Loss/l_total,0.037468910217285156
1788148343.2689204,60880,74,LR,0.00024195380233208997
1788148377.8679354,60900,74,Val/dense_error,0.04879983142018318
1788148377.8682442,60900,74,Val/auc,0.5952198768346877
1788148377.8682704,60900,74,Val/pck_max,0.1
1788148377.868496,60900,74,Val/pck_n,100.0
1788148384.084366,60920,75,Loss/l_ce,0.022883892059326172
1788148384.084535,60920,75,Loss/l_total,0.022883892059326172
1788148384.0845597,60920,75,LR,0.0002318019484660536
1788148393.626942,60960,75,Loss/l_ce,0.01634979248046875
1788148393.6271522,60960,75,Loss/l_total,0.01634979248046875
1788148393.6271782,60960,75,LR,0.0002318019484660536
1788148402.9082394,61000,75,Loss/l_ce,0.055429935455322266
1788148402.9084365,61000,75,Loss/l_total,0.055429935455322266
1788148402.9084637,61000,75,LR,0.0002318019484660536
1788148412.4808037,61040,75,Loss/l_ce,0.013287782669067383
1788148412.481008,61040,75,Loss/l_total,0.013287782669067383
1788148412.4810555,61040,75,LR,0.0002318019484660536
1788148421.6821332,61080,75,Loss/l_ce,0.050234317779541016
1788148421.6823542,61080,75,Loss/l_total,0.050234317779541016
1788148421.682379,61080,75,LR,0.0002318019484660536
1788148431.0208256,61120,75,Loss/l_ce,0.019575834274291992
1788148431.0209918,61120,75,Loss/l_total,0.019575834274291992
1788148431.0210133,61120,75,LR,0.0002318019484660536
1788148440.6572227,61160,75,Loss/l_ce,0.024579524993896484
1788148440.6574647,61160,75,Loss/l_total,0.024579524993896484
1788148440.6574912,61160,75,LR,0.0002318019484660536
1788148450.1189818,61200,75,Loss/l_ce,0.02056097984313965
1788148450.119218,61200,75,Loss/l_total,0.02056097984313965
1788148450.1192489,61200,75,LR,0.0002318019484660536
1788148459.3143368,61240,75,Loss/l_ce,0.047857046127319336
1788148459.3145647,61240,75,Loss/l_total,0.047857046127319336
1788148459.3145907,61240,75,LR,0.0002318019484660536
1788148468.8171098,61280,75,Loss/l_ce,0.024717092514038086
1788148468.8172688,61280,75,Loss/l_total,0.024717092514038086
1788148468.8172913,61280,75,LR,0.0002318019484660536
1788148478.308747,61320,75,Loss/l_ce,0.049935340881347656
1788148478.3089037,61320,75,Loss/l_total,0.049935340881347656
1788148478.3089266,61320,75,LR,0.0002318019484660536
1788148487.6531503,61360,75,Loss/l_ce,0.014040470123291016
1788148487.6533296,61360,75,Loss/l_total,0.014040470123291016
1788148487.6533523,61360,75,LR,0.0002318019484660536
1788148496.976611,61400,75,Loss/l_ce,0.04738903045654297
1788148496.9767783,61400,75,Loss/l_total,0.04738903045654297
1788148496.9768007,61400,75,LR,0.0002318019484660536
1788148506.3134227,61440,75,Loss/l_ce,0.02240300178527832
1788148506.313622,61440,75,Loss/l_total,0.02240300178527832
1788148506.3136504,61440,75,LR,0.0002318019484660536
1788148515.5587423,61480,75,Loss/l_ce,0.02734518051147461
1788148515.5589583,61480,75,Loss/l_total,0.02734518051147461
1788148515.5589812,61480,75,LR,0.0002318019484660536
1788148524.8283923,61520,75,Loss/l_ce,0.060256004333496094
1788148524.8285608,61520,75,Loss/l_total,0.060256004333496094
1788148524.8285856,61520,75,LR,0.0002318019484660536
1788148534.0731008,61560,75,Loss/l_ce,0.013637781143188477
1788148534.0732965,61560,75,Loss/l_total,0.013637781143188477
1788148534.0733216,61560,75,LR,0.0002318019484660536
1788148543.4187696,61600,75,Loss/l_ce,0.014384746551513672
1788148543.4189334,61600,75,Loss/l_total,0.014384746551513672
1788148543.4189584,61600,75,LR,0.0002318019484660536
1788148552.396105,61640,75,Loss/l_ce,0.07070636749267578
1788148552.3962498,61640,75,Loss/l_total,0.07070636749267578
1788148552.3962736,61640,75,LR,0.0002318019484660536
1788148561.5668151,61680,75,Loss/l_ce,0.016056060791015625
1788148561.567016,61680,75,Loss/l_total,0.016056060791015625
1788148561.5671597,61680,75,LR,0.0002318019484660536
1788148598.9025996,61712,75,Val/dense_error,0.053762055933475494
1788148598.9028063,61712,75,Val/auc,0.589154660516193
1788148598.9028313,61712,75,Val/pck_max,0.1
1788148598.9028513,61712,75,Val/pck_n,100.0
1788148602.31892,61720,76,Loss/l_ce,0.013993263244628906
1788148602.3191147,61720,76,Loss/l_total,0.013993263244628906
1788148602.3191385,61720,76,LR,0.00022196411766036485
1788148611.6786537,61760,76,Loss/l_ce,0.01923966407775879
1788148611.6788483,61760,76,Loss/l_total,0.01923966407775879
1788148611.678872,61760,76,LR,0.00022196411766036485
1788148621.0138743,61800,76,Loss/l_ce,0.0948178768157959
1788148621.0141604,61800,76,Loss/l_total,0.0948178768157959
1788148621.0141864,61800,76,LR,0.00022196411766036485
1788148630.7916534,61840,76,Loss/l_ce,0.018029451370239258
1788148630.791835,61840,76,Loss/l_total,0.018029451370239258
1788148630.7918634,61840,76,LR,0.00022196411766036485
1788148640.3128295,61880,76,Loss/l_ce,0.07591724395751953
1788148640.3129838,61880,76,Loss/l_total,0.07591724395751953
1788148640.3130088,61880,76,LR,0.00022196411766036485
1788148649.7058654,61920,76,Loss/l_ce,0.01833629608154297
1788148649.706064,61920,76,Loss/l_total,0.01833629608154297
1788148649.706091,61920,76,LR,0.00022196411766036485
1788148659.2999556,61960,76,Loss/l_ce,0.02663445472717285
1788148659.3001518,61960,76,Loss/l_total,0.02663445472717285
1788148659.300179,61960,76,LR,0.00022196411766036485
1788148668.513778,62000,76,Loss/l_ce,0.01647162437438965
1788148668.513949,62000,76,Loss/l_total,0.01647162437438965
1788148668.5139728,62000,76,LR,0.00022196411766036485
1788148678.126548,62040,76,Loss/l_ce,0.11614274978637695
1788148678.1267545,62040,76,Loss/l_total,0.11614274978637695
1788148678.1267784,62040,76,LR,0.00022196411766036485
1788148687.5743349,62080,76,Loss/l_ce,0.017034053802490234
1788148687.5745046,62080,76,Loss/l_total,0.017034053802490234
1788148687.5745285,62080,76,LR,0.00022196411766036485
1788148696.8245466,62120,76,Loss/l_ce,0.014561653137207031
1788148696.8247092,62120,76,Loss/l_total,0.014561653137207031
1788148696.8247352,62120,76,LR,0.00022196411766036485
1788148706.1769438,62160,76,Loss/l_ce,0.21196770668029785
1788148706.1771529,62160,76,Loss/l_total,0.21196770668029785
1788148706.1771789,62160,76,LR,0.00022196411766036485
1788148715.4015276,62200,76,Loss/l_ce,0.03506922721862793
1788148715.401735,62200,76,Loss/l_total,0.03506922721862793
1788148715.401758,62200,76,LR,0.00022196411766036485
1788148724.6641285,62240,76,Loss/l_ce,0.08930826187133789
1788148724.664335,62240,76,Loss/l_total,0.08930826187133789
1788148724.66436,62240,76,LR,0.00022196411766036485
1788148734.3058696,62280,76,Loss/l_ce,0.0966482162475586
1788148734.3062189,62280,76,Loss/l_total,0.0966482162475586
1788148734.306253,62280,76,LR,0.00022196411766036485
1788148743.964315,62320,76,Loss/l_ce,0.08020353317260742
1788148743.96467,62320,76,Loss/l_total,0.08020353317260742
1788148743.9646938,62320,76,LR,0.00022196411766036485
1788148753.395841,62360,76,Loss/l_ce,0.051554203033447266
1788148753.3960614,62360,76,Loss/l_total,0.051554203033447266
1788148753.39609,62360,76,LR,0.00022196411766036485
1788148762.987517,62400,76,Loss/l_ce,0.072418212890625
1788148762.9876668,62400,76,Loss/l_total,0.072418212890625
1788148762.9876919,62400,76,LR,0.00022196411766036485
1788148772.2794027,62440,76,Loss/l_ce,0.039023637771606445
1788148772.2795537,62440,76,Loss/l_total,0.039023637771606445
1788148772.2795773,62440,76,LR,0.00022196411766036485
1788148781.5899825,62480,76,Loss/l_ce,0.031147003173828125
1788148781.5902152,62480,76,Loss/l_total,0.031147003173828125
1788148781.5902638,62480,76,LR,0.00022196411766036485
1788148790.819694,62520,76,Loss/l_ce,0.06337666511535645
1788148790.8199124,62520,76,Loss/l_total,0.06337666511535645
1788148790.8199363,62520,76,LR,0.00022196411766036485
1788148821.663644,62524,76,Val/dense_error,0.05021892488002777
1788148821.6638792,62524,76,Val/auc,0.5908042887086342
1788148821.6639018,62524,76,Val/pck_max,0.1
1788148821.663935,62524,76,Val/pck_n,100.0
1788148831.778348,62560,77,Loss/l_ce,0.06467556953430176
1788148831.778575,62560,77,Loss/l_total,0.06467556953430176
1788148831.7785974,62560,77,LR,0.00021245001866629313
1788148841.388151,62600,77,Loss/l_ce,0.09623932838439941
1788148841.3884099,62600,77,Loss/l_total,0.09623932838439941
1788148841.3884299,62600,77,LR,0.00021245001866629313
1788148850.6847725,62640,77,Loss/l_ce,0.01807689666748047
1788148850.6849935,62640,77,Loss/l_total,0.01807689666748047
1788148850.6850624,62640,77,LR,0.00021245001866629313
1788148860.2773895,62680,77,Loss/l_ce,0.05972433090209961
1788148860.2777731,62680,77,Loss/l_total,0.05972433090209961
1788148860.2778099,62680,77,LR,0.00021245001866629313
1788148869.853827,62720,77,Loss/l_ce,0.017206192016601562
1788148869.854062,62720,77,Loss/l_total,0.017206192016601562
1788148869.8540907,62720,77,LR,0.00021245001866629313
1788148879.2885253,62760,77,Loss/l_ce,0.08581662178039551
1788148879.2887225,62760,77,Loss/l_total,0.08581662178039551
1788148879.2887464,62760,77,LR,0.00021245001866629313
1788148888.7979994,62800,77,Loss/l_ce,0.02867579460144043
1788148888.7981894,62800,77,Loss/l_total,0.02867579460144043
1788148888.7982144,62800,77,LR,0.00021245001866629313
1788148898.1880543,62840,77,Loss/l_ce,0.043584585189819336
1788148898.1882536,62840,77,Loss/l_total,0.043584585189819336
1788148898.1882775,62840,77,LR,0.00021245001866629313
1788148907.6865613,62880,77,Loss/l_ce,0.08434772491455078
1788148907.6867666,62880,77,Loss/l_total,0.08434772491455078
1788148907.6867926,62880,77,LR,0.00021245001866629313
1788148917.3724034,62920,77,Loss/l_ce,0.0192263126373291
1788148917.3726206,62920,77,Loss/l_total,0.0192263126373291
1788148917.3726456,62920,77,LR,0.00021245001866629313
1788148926.892556,62960,77,Loss/l_ce,0.01906728744506836
1788148926.8927317,62960,77,Loss/l_total,0.01906728744506836
1788148926.8927531,62960,77,LR,0.00021245001866629313
1788148936.3597813,63000,77,Loss/l_ce,0.09386777877807617
1788148936.3599596,63000,77,Loss/l_total,0.09386777877807617
1788148936.359982,63000,77,LR,0.00021245001866629313
1788148945.8264594,63040,77,Loss/l_ce,0.014048337936401367
1788148945.8266518,63040,77,Loss/l_total,0.014048337936401367
1788148945.8266768,63040,77,LR,0.00021245001866629313
1788148955.5379603,63080,77,Loss/l_ce,0.013023138046264648
1788148955.5381753,63080,77,Loss/l_total,0.013023138046264648
1788148955.5382059,63080,77,LR,0.00021245001866629313
1788148965.3038924,63120,77,Loss/l_ce,0.07301926612854004
1788148965.3040648,63120,77,Loss/l_total,0.07301926612854004
1788148965.3040895,63120,77,LR,0.00021245001866629313
1788148974.982224,63160,77,Loss/l_ce,0.018309831619262695
1788148974.9824364,63160,77,Loss/l_total,0.018309831619262695
1788148974.9824603,63160,77,LR,0.00021245001866629313
1788148984.439362,63200,77,Loss/l_ce,0.02213001251220703
1788148984.439559,63200,77,Loss/l_total,0.02213001251220703
1788148984.4395852,63200,77,LR,0.00021245001866629313
1788148993.998934,63240,77,Loss/l_ce,0.01708221435546875
1788148993.99915,63240,77,Loss/l_total,0.01708221435546875
1788148993.9991775,63240,77,LR,0.00021245001866629313
1788149003.464007,63280,77,Loss/l_ce,0.02053236961364746
1788149003.4642491,63280,77,Loss/l_total,0.02053236961364746
1788149003.4642751,63280,77,LR,0.00021245001866629313
1788149012.8449016,63320,77,Loss/l_ce,0.017515182495117188
1788149012.8452008,63320,77,Loss/l_total,0.017515182495117188
1788149012.845227,63320,77,LR,0.00021245001866629313
1788149046.062261,63336,77,Val/dense_error,0.05379443243145943
1788149046.0626528,63336,77,Val/auc,0.5943870434870691
1788149046.0626814,63336,77,Val/pck_max,0.1
1788149046.062703,63336,77,Val/pck_n,100.0
1788149053.2593422,63360,78,Loss/l_ce,0.045156002044677734
1788149053.2594965,63360,78,Loss/l_total,0.045156002044677734
1788149053.2595189,63360,78,LR,0.00020326904075089485
1788149062.8758507,63400,78,Loss/l_ce,0.025430679321289062
1788149062.8760183,63400,78,Loss/l_total,0.025430679321289062
1788149062.8760717,63400,78,LR,0.00020326904075089485
1788149072.4263413,63440,78,Loss/l_ce,0.03530597686767578
1788149072.4266844,63440,78,Loss/l_total,0.03530597686767578
1788149072.4267142,63440,78,LR,0.00020326904075089485
1788149081.8703337,63480,78,Loss/l_ce,0.03551173210144043
1788149081.8705497,63480,78,Loss/l_total,0.03551173210144043
1788149081.8705735,63480,78,LR,0.00020326904075089485
1788149091.3828638,63520,78,Loss/l_ce,0.03585624694824219
1788149091.3830752,63520,78,Loss/l_total,0.03585624694824219
1788149091.3831015,63520,78,LR,0.00020326904075089485
1788149101.0248294,63560,78,Loss/l_ce,0.01389002799987793
1788149101.0250053,63560,78,Loss/l_total,0.01389002799987793
1788149101.0250564,63560,78,LR,0.00020326904075089485
1788149110.8281534,63600,78,Loss/l_ce,0.038672685623168945
1788149110.8283184,63600,78,Loss/l_total,0.038672685623168945
1788149110.8283434,63600,78,LR,0.00020326904075089485
1788149120.3476388,63640,78,Loss/l_ce,0.01795649528503418
1788149120.3478465,63640,78,Loss/l_total,0.01795649528503418
1788149120.3478737,63640,78,LR,0.00020326904075089485
1788149129.9202175,63680,78,Loss/l_ce,0.013643741607666016
1788149129.9204004,63680,78,Loss/l_total,0.013643741607666016
1788149129.9204314,63680,78,LR,0.00020326904075089485
1788149139.4451253,63720,78,Loss/l_ce,0.06854104995727539
1788149139.4452844,63720,78,Loss/l_total,0.06854104995727539
1788149139.4453058,63720,78,LR,0.00020326904075089485
1788149148.96041,63760,78,Loss/l_ce,0.06399393081665039
1788149148.9605753,63760,78,Loss/l_total,0.06399393081665039
1788149148.9605978,63760,78,LR,0.00020326904075089485
1788149158.4428082,63800,78,Loss/l_ce,0.005539894104003906
1788149158.4429693,63800,78,Loss/l_total,0.005539894104003906
1788149158.4429932,63800,78,LR,0.00020326904075089485
1788149167.7047951,63840,78,Loss/l_ce,0.01529240608215332
1788149167.7049518,63840,78,Loss/l_total,0.01529240608215332
1788149167.7049732,63840,78,LR,0.00020326904075089485
1788149176.9830554,63880,78,Loss/l_ce,0.02278757095336914
1788149176.9832013,63880,78,Loss/l_total,0.02278757095336914
1788149176.9832263,63880,78,LR,0.00020326904075089485
1788149186.3048952,63920,78,Loss/l_ce,0.0727541446685791
1788149186.305109,63920,78,Loss/l_total,0.0727541446685791
1788149186.3051338,63920,78,LR,0.00020326904075089485
1788149195.595343,63960,78,Loss/l_ce,0.037445783615112305
1788149195.595526,63960,78,Loss/l_total,0.037445783615112305
1788149195.5955484,63960,78,LR,0.00020326904075089485
1788149205.1593792,64000,78,Loss/l_ce,0.020442962646484375
1788149205.159543,64000,78,Loss/l_total,0.020442962646484375
1788149205.1595693,64000,78,LR,0.00020326904075089485
1788149214.614992,64040,78,Loss/l_ce,0.02813410758972168
1788149214.615177,64040,78,Loss/l_total,0.02813410758972168
1788149214.6152017,64040,78,LR,0.00020326904075089485
1788149224.0705662,64080,78,Loss/l_ce,0.015140771865844727
1788149224.070767,64080,78,Loss/l_total,0.015140771865844727
1788149224.0707953,64080,78,LR,0.00020326904075089485
1788149233.5543275,64120,78,Loss/l_ce,0.02023148536682129
1788149233.5545032,64120,78,Loss/l_total,0.02023148536682129
1788149233.5545282,64120,78,LR,0.00020326904075089485
1788149270.3333726,64148,78,Val/dense_error,0.051861438900232315
1788149270.3336174,64148,78,Val/auc,0.5904120271888337
1788149270.3336422,64148,78,Val/pck_max,0.1
1788149270.3336601,64148,78,Val/pck_n,100.0
1788149274.4453409,64160,79,Loss/l_ce,0.04118514060974121
1788149274.4455857,64160,79,Loss/l_total,0.04118514060974121
1788149274.445614,64160,79,LR,0.0001944302444309393
1788149283.7949424,64200,79,Loss/l_ce,0.022202253341674805
1788149283.7951634,64200,79,Loss/l_total,0.022202253341674805
1788149283.7951896,64200,79,LR,0.0001944302444309393
1788149293.226459,64240,79,Loss/l_ce,0.013214588165283203
1788149293.226641,64240,79,Loss/l_total,0.013214588165283203
1788149293.2266634,64240,79,LR,0.0001944302444309393
1788149302.65113,64280,79,Loss/l_ce,0.012688159942626953
1788149302.6513069,64280,79,Loss/l_total,0.012688159942626953
1788149302.651332,64280,79,LR,0.0001944302444309393
1788149312.0059984,64320,79,Loss/l_ce,0.017116308212280273
1788149312.00618,64320,79,Loss/l_total,0.017116308212280273
1788149312.0062037,64320,79,LR,0.0001944302444309393
1788149321.6267366,64360,79,Loss/l_ce,0.02531147003173828
1788149321.6268983,64360,79,Loss/l_total,0.02531147003173828
1788149321.6269183,64360,79,LR,0.0001944302444309393
1788149331.0108993,64400,79,Loss/l_ce,0.022988557815551758
1788149331.0110881,64400,79,Loss/l_total,0.022988557815551758
1788149331.011112,64400,79,LR,0.0001944302444309393
1788149340.4527206,64440,79,Loss/l_ce,0.05585217475891113
1788149340.4528916,64440,79,Loss/l_total,0.05585217475891113
1788149340.4529164,64440,79,LR,0.0001944302444309393
1788149350.0491457,64480,79,Loss/l_ce,0.01757955551147461
1788149350.0493522,64480,79,Loss/l_total,0.01757955551147461
1788149350.0493817,64480,79,LR,0.0001944302444309393
1788149359.3863115,64520,79,Loss/l_ce,0.020009517669677734
1788149359.3865216,64520,79,Loss/l_total,0.020009517669677734
1788149359.3865478,64520,79,LR,0.0001944302444309393
1788149368.9814599,64560,79,Loss/l_ce,0.06058073043823242
1788149368.981751,64560,79,Loss/l_total,0.06058073043823242
1788149368.9817746,64560,79,LR,0.0001944302444309393
1788149378.3169103,64600,79,Loss/l_ce,0.024493694305419922
1788149378.3171465,64600,79,Loss/l_total,0.024493694305419922
1788149378.3171716,64600,79,LR,0.0001944302444309393
1788149387.7112234,64640,79,Loss/l_ce,0.014207839965820312
1788149387.7114024,64640,79,Loss/l_total,0.014207839965820312
1788149387.7114263,64640,79,LR,0.0001944302444309393
1788149397.0351233,64680,79,Loss/l_ce,0.019245147705078125
1788149397.0352778,64680,79,Loss/l_total,0.019245147705078125
1788149397.0352993,64680,79,LR,0.0001944302444309393
1788149406.5156734,64720,79,Loss/l_ce,0.01953291893005371
1788149406.515867,64720,79,Loss/l_total,0.01953291893005371
1788149406.5158904,64720,79,LR,0.0001944302444309393
1788149415.8080163,64760,79,Loss/l_ce,0.021912336349487305
1788149415.8082526,64760,79,Loss/l_total,0.021912336349487305
1788149415.8082764,64760,79,LR,0.0001944302444309393
1788149425.7335563,64800,79,Loss/l_ce,0.01960158348083496
1788149425.7337925,64800,79,Loss/l_total,0.01960158348083496
1788149425.7338173,64800,79,LR,0.0001944302444309393
1788149435.2886646,64840,79,Loss/l_ce,0.020829439163208008
1788149435.2888734,64840,79,Loss/l_total,0.020829439163208008
1788149435.2888997,64840,79,LR,0.0001944302444309393
1788149444.693675,64880,79,Loss/l_ce,0.0993034839630127
1788149444.6939635,64880,79,Loss/l_total,0.0993034839630127
1788149444.6939883,64880,79,LR,0.0001944302444309393
1788149454.0157065,64920,79,Loss/l_ce,0.0697472095489502
1788149454.015962,64920,79,Loss/l_total,0.0697472095489502
1788149454.0159879,64920,79,LR,0.0001944302444309393
1788149463.2105503,64960,79,Loss/l_ce,0.08488655090332031
1788149463.210738,64960,79,Loss/l_total,0.08488655090332031
1788149463.2107618,64960,79,LR,0.0001944302444309393
1788149493.5622456,64960,79,Val/dense_error,0.049643225967884064
1788149493.562507,64960,79,Val/auc,0.5917178340359106
1788149493.562532,64960,79,Val/pck_max,0.1
1788149493.5625508,64960,79,Val/pck_n,100.0
1788149504.4428568,65000,80,Loss/l_ce,0.009587287902832031
1788149504.4431996,65000,80,Loss/l_total,0.009587287902832031
1788149504.443227,65000,80,LR,0.00018594235253127368
1788149513.8453407,65040,80,Loss/l_ce,0.1927475929260254
1788149513.845685,65040,80,Loss/l_total,0.1927475929260254
1788149513.8457122,65040,80,LR,0.00018594235253127368
1788149523.5815568,65080,80,Loss/l_ce,0.016545772552490234
1788149523.5817358,65080,80,Loss/l_total,0.016545772552490234
1788149523.5817597,65080,80,LR,0.00018594235253127368
1788149533.2347393,65120,80,Loss/l_ce,0.007094860076904297
1788149533.2349696,65120,80,Loss/l_total,0.007094860076904297
1788149533.2349944,65120,80,LR,0.00018594235253127368
1788149542.679315,65160,80,Loss/l_ce,0.01778411865234375
1788149542.679561,65160,80,Loss/l_total,0.01778411865234375
1788149542.6795847,65160,80,LR,0.00018594235253127368
1788149552.0872324,65200,80,Loss/l_ce,0.04516315460205078
1788149552.087415,65200,80,Loss/l_total,0.04516315460205078
1788149552.0874388,65200,80,LR,0.00018594235253127368
1788149561.5128934,65240,80,Loss/l_ce,0.0427398681640625
1788149561.513187,65240,80,Loss/l_total,0.0427398681640625
1788149561.5132103,65240,80,LR,0.00018594235253127368
1788149570.8895028,65280,80,Loss/l_ce,0.023656129837036133
1788149570.8897092,65280,80,Loss/l_total,0.023656129837036133
1788149570.889733,65280,80,LR,0.00018594235253127368
1788149580.0557885,65320,80,Loss/l_ce,0.009939432144165039
1788149580.0560865,65320,80,Loss/l_total,0.009939432144165039
1788149580.0561116,65320,80,LR,0.00018594235253127368
1788149589.656272,65360,80,Loss/l_ce,0.06384062767028809
1788149589.6565828,65360,80,Loss/l_total,0.06384062767028809
1788149589.6566103,65360,80,LR,0.00018594235253127368
1788149599.1975126,65400,80,Loss/l_ce,0.031599998474121094
1788149599.1976993,65400,80,Loss/l_total,0.031599998474121094
1788149599.197722,65400,80,LR,0.00018594235253127368
1788149608.5229032,65440,80,Loss/l_ce,0.021004438400268555
1788149608.5231254,65440,80,Loss/l_total,0.021004438400268555
1788149608.5231504,65440,80,LR,0.00018594235253127368
1788149617.8481016,65480,80,Loss/l_ce,0.042902231216430664
1788149617.8483248,65480,80,Loss/l_total,0.042902231216430664
1788149617.8483486,65480,80,LR,0.00018594235253127368
1788149627.0558336,65520,80,Loss/l_ce,0.20003604888916016
1788149627.056096,65520,80,Loss/l_total,0.20003604888916016
1788149627.056121,65520,80,LR,0.00018594235253127368
1788149636.6354954,65560,80,Loss/l_ce,0.009625434875488281
1788149636.6356866,65560,80,Loss/l_total,0.009625434875488281
1788149636.635715,65560,80,LR,0.00018594235253127368
1788149646.4372647,65600,80,Loss/l_ce,0.013707637786865234
1788149646.43747,65600,80,Loss/l_total,0.013707637786865234
1788149646.4374924,65600,80,LR,0.00018594235253127368
1788149655.9834876,65640,80,Loss/l_ce,0.06819009780883789
1788149655.9836607,65640,80,Loss/l_total,0.06819009780883789
1788149655.9836822,65640,80,LR,0.00018594235253127368
1788149665.8454702,65680,80,Loss/l_ce,0.039288997650146484
1788149665.8457005,65680,80,Loss/l_total,0.039288997650146484
1788149665.8457255,65680,80,LR,0.00018594235253127368
1788149675.47215,65720,80,Loss/l_ce,0.01394510269165039
1788149675.4723616,65720,80,Loss/l_total,0.01394510269165039
1788149675.4723864,65720,80,LR,0.00018594235253127368
1788149685.1272705,65760,80,Loss/l_ce,0.08852791786193848
1788149685.1274378,65760,80,Loss/l_total,0.08852791786193848
1788149685.1274617,65760,80,LR,0.00018594235253127368
1788149717.4306438,65772,80,Val/dense_error,0.04899447038769722
1788149717.4308906,65772,80,Val/auc,0.5981225861079295
1788149717.4309156,65772,80,Val/pck_max,0.1
1788149717.4309309,65772,80,Val/pck_n,100.0
1788149725.4128768,65800,81,Loss/l_ce,0.015657424926757812
1788149725.4130573,65800,81,Loss/l_total,0.015657424926757812
1788149725.4131105,65800,81,LR,0.0001778137415764472
1788149734.8408687,65840,81,Loss/l_ce,0.045334577560424805
1788149734.8411584,65840,81,Loss/l_total,0.045334577560424805
1788149734.8411846,65840,81,LR,0.0001778137415764472
1788149744.6565354,65880,81,Loss/l_ce,0.031879425048828125
1788149744.656737,65880,81,Loss/l_total,0.031879425048828125
1788149744.656762,65880,81,LR,0.0001778137415764472
1788149754.1614404,65920,81,Loss/l_ce,0.026708602905273438
1788149754.1616955,65920,81,Loss/l_total,0.026708602905273438
1788149754.1617203,65920,81,LR,0.0001778137415764472
1788149763.648068,65960,81,Loss/l_ce,0.01779651641845703
1788149763.6482556,65960,81,Loss/l_total,0.01779651641845703
1788149763.648449,65960,81,LR,0.0001778137415764472
1788149773.0448992,66000,81,Loss/l_ce,0.07245540618896484
1788149773.045151,66000,81,Loss/l_total,0.07245540618896484
1788149773.0451796,66000,81,LR,0.0001778137415764472
1788149782.6806371,66040,81,Loss/l_ce,0.0173947811126709
1788149782.680889,66040,81,Loss/l_total,0.0173947811126709
1788149782.680914,66040,81,LR,0.0001778137415764472
1788149792.5460858,66080,81,Loss/l_ce,0.05907750129699707
1788149792.5462925,66080,81,Loss/l_total,0.05907750129699707
1788149792.5463197,66080,81,LR,0.0001778137415764472
1788149802.4037137,66120,81,Loss/l_ce,0.022481203079223633
1788149802.4040022,66120,81,Loss/l_total,0.022481203079223633
1788149802.4040523,66120,81,LR,0.0001778137415764472
1788149812.2262783,66160,81,Loss/l_ce,0.04474163055419922
1788149812.2264612,66160,81,Loss/l_total,0.04474163055419922
1788149812.2264946,66160,81,LR,0.0001778137415764472
1788149822.130371,66200,81,Loss/l_ce,0.012542724609375
1788149822.1306121,66200,81,Loss/l_total,0.012542724609375
1788149822.1306372,66200,81,LR,0.0001778137415764472
1788149831.45168,66240,81,Loss/l_ce,0.010437965393066406
1788149831.4519484,66240,81,Loss/l_total,0.010437965393066406
1788149831.4519708,66240,81,LR,0.0001778137415764472
1788149840.938715,66280,81,Loss/l_ce,0.013357162475585938
1788149840.938943,66280,81,Loss/l_total,0.013357162475585938
1788149840.9389668,66280,81,LR,0.0001778137415764472
1788149850.3841448,66320,81,Loss/l_ce,0.02745199203491211
1788149850.3843822,66320,81,Loss/l_total,0.02745199203491211
1788149850.3844082,66320,81,LR,0.0001778137415764472
1788149859.5508642,66360,81,Loss/l_ce,0.016641855239868164
1788149859.5510638,66360,81,Loss/l_total,0.016641855239868164
1788149859.55109,66360,81,LR,0.0001778137415764472
1788149869.0251975,66400,81,Loss/l_ce,0.007569789886474609
1788149869.025423,66400,81,Loss/l_total,0.007569789886474609
1788149869.0254612,66400,81,LR,0.0001778137415764472
1788149878.631855,66440,81,Loss/l_ce,0.06484746932983398
1788149878.6320298,66440,81,Loss/l_total,0.06484746932983398
1788149878.6320734,66440,81,LR,0.0001778137415764472
1788149888.3043873,66480,81,Loss/l_ce,0.015180826187133789
1788149888.3045986,66480,81,Loss/l_total,0.015180826187133789
1788149888.304621,66480,81,LR,0.0001778137415764472
1788149897.9506958,66520,81,Loss/l_ce,0.046263694763183594
1788149897.9508665,66520,81,Loss/l_total,0.046263694763183594
1788149897.9508903,66520,81,LR,0.0001778137415764472
1788149907.254784,66560,81,Loss/l_ce,0.016907691955566406
1788149907.2550664,66560,81,Loss/l_total,0.016907691955566406
1788149907.2550924,66560,81,LR,0.0001778137415764472
1788149942.9061916,66584,81,Val/dense_error,0.050838928669691086
1788149942.9064693,66584,81,Val/auc,0.599261125006818
1788149942.9064968,66584,81,Val/pck_max,0.1
1788149942.9065144,66584,81,Val/pck_n,100.0
1788149948.2448902,66600,82,Loss/l_ce,0.048943519592285156
1788149948.24508,66600,82,Loss/l_total,0.048943519592285156
1788149948.2451074,66600,82,LR,0.00017005243352409327
1788149957.5961258,66640,82,Loss/l_ce,0.07472968101501465
1788149957.5962982,66640,82,Loss/l_total,0.07472968101501465
1788149957.5963209,66640,82,LR,0.00017005243352409327
1788149967.1481524,66680,82,Loss/l_ce,0.012415885925292969
1788149967.1483223,66680,82,Loss/l_total,0.012415885925292969
1788149967.148346,66680,82,LR,0.00017005243352409327
1788149976.506545,66720,82,Loss/l_ce,0.037308692932128906
1788149976.5067127,66720,82,Loss/l_total,0.037308692932128906
1788149976.5067363,66720,82,LR,0.00017005243352409327
1788149985.9789066,66760,82,Loss/l_ce,0.017608642578125
1788149985.979113,66760,82,Loss/l_total,0.017608642578125
1788149985.9791417,66760,82,LR,0.00017005243352409327
1788149995.5633366,66800,82,Loss/l_ce,0.06909537315368652
1788149995.5635114,66800,82,Loss/l_total,0.06909537315368652
1788149995.5635338,66800,82,LR,0.00017005243352409327
1788150005.125796,66840,82,Loss/l_ce,0.014395713806152344
1788150005.1259444,66840,82,Loss/l_total,0.014395713806152344
1788150005.1259668,66840,82,LR,0.00017005243352409327
1788150014.5593317,66880,82,Loss/l_ce,0.006786346435546875
1788150014.5595036,66880,82,Loss/l_total,0.006786346435546875
1788150014.5595274,66880,82,LR,0.00017005243352409327
1788150024.1741552,66920,82,Loss/l_ce,0.03311562538146973
1788150024.1743524,66920,82,Loss/l_total,0.03311562538146973
1788150024.1743762,66920,82,LR,0.00017005243352409327
1788150033.876478,66960,82,Loss/l_ce,0.04052543640136719
1788150033.8766513,66960,82,Loss/l_total,0.04052543640136719
1788150033.8766737,66960,82,LR,0.00017005243352409327
1788150043.0418108,67000,82,Loss/l_ce,0.03061223030090332
1788150043.0419638,67000,82,Loss/l_total,0.03061223030090332
1788150043.0419862,67000,82,LR,0.00017005243352409327
1788150052.4771879,67040,82,Loss/l_ce,0.026815176010131836
1788150052.4773872,67040,82,Loss/l_total,0.026815176010131836
1788150052.477417,67040,82,LR,0.00017005243352409327
1788150061.9653792,67080,82,Loss/l_ce,0.009024381637573242
1788150061.965586,67080,82,Loss/l_total,0.009024381637573242
1788150061.9656107,67080,82,LR,0.00017005243352409327
1788150071.282257,67120,82,Loss/l_ce,0.012164592742919922
1788150071.2827737,67120,82,Loss/l_total,0.012164592742919922
1788150071.282802,67120,82,LR,0.00017005243352409327
1788150082.7337449,67160,82,Loss/l_ce,0.01248931884765625
1788150082.7342305,67160,82,Loss/l_total,0.01248931884765625
1788150082.734259,67160,82,LR,0.00017005243352409327
1788150092.305319,67200,82,Loss/l_ce,0.0502619743347168
1788150092.3056836,67200,82,Loss/l_total,0.0502619743347168
1788150092.3057063,67200,82,LR,0.00017005243352409327
1788150101.9399827,67240,82,Loss/l_ce,0.06392955780029297
1788150101.9402888,67240,82,Loss/l_total,0.06392955780029297
1788150101.9403198,67240,82,LR,0.00017005243352409327
1788150111.6173637,67280,82,Loss/l_ce,0.07958030700683594
1788150111.6176343,67280,82,Loss/l_total,0.07958030700683594
1788150111.617663,67280,82,LR,0.00017005243352409327
1788150121.0003061,67320,82,Loss/l_ce,0.01671743392944336
1788150121.0005248,67320,82,Loss/l_total,0.01671743392944336
1788150121.0005496,67320,82,LR,0.00017005243352409327
1788150130.575092,67360,82,Loss/l_ce,0.02458930015563965
1788150130.5752583,67360,82,Loss/l_total,0.02458930015563965
1788150130.575281,67360,82,LR,0.00017005243352409327
1788150168.794525,67396,82,Val/dense_error,0.049015339463949203
1788150168.7947135,67396,82,Val/auc,0.5937547888242154
1788150168.7947373,67396,82,Val/pck_max,0.1
1788150168.7947564,67396,82,Val/pck_n,100.0
1788150171.2104883,67400,83,Loss/l_ce,0.0227813720703125
1788150171.2106366,67400,83,Loss/l_total,0.0227813720703125
1788150171.210659,67400,83,LR,0.00016266608784822528
1788150181.2479832,67440,83,Loss/l_ce,0.08192873001098633
1788150181.2481995,67440,83,Loss/l_total,0.08192873001098633
1788150181.2482243,67440,83,LR,0.00016266608784822528
1788150190.8998742,67480,83,Loss/l_ce,0.033219337463378906
1788150190.9001606,67480,83,Loss/l_total,0.033219337463378906
1788150190.9001913,67480,83,LR,0.00016266608784822528
1788150200.573759,67520,83,Loss/l_ce,0.03470015525817871
1788150200.5739322,67520,83,Loss/l_total,0.03470015525817871
1788150200.5739548,67520,83,LR,0.00016266608784822528
1788150209.7877471,67560,83,Loss/l_ce,0.02483057975769043
1788150209.787962,67560,83,Loss/l_total,0.02483057975769043
1788150209.7879891,67560,83,LR,0.00016266608784822528
1788150219.1481595,67600,83,Loss/l_ce,0.054051876068115234
1788150219.148409,67600,83,Loss/l_total,0.054051876068115234
1788150219.1484327,67600,83,LR,0.00016266608784822528
1788150228.982456,67640,83,Loss/l_ce,0.040613651275634766
1788150228.982638,67640,83,Loss/l_total,0.040613651275634766
1788150228.9826603,67640,83,LR,0.00016266608784822528
1788150238.828914,67680,83,Loss/l_ce,0.014137029647827148
1788150238.829174,67680,83,Loss/l_total,0.014137029647827148
1788150238.829198,67680,83,LR,0.00016266608784822528
1788150248.3617017,67720,83,Loss/l_ce,0.05266380310058594
1788150248.3618822,67720,83,Loss/l_total,0.05266380310058594
1788150248.3619082,67720,83,LR,0.00016266608784822528
1788150257.781474,67760,83,Loss/l_ce,0.026063203811645508
1788150257.7816772,67760,83,Loss/l_total,0.026063203811645508
1788150257.781708,67760,83,LR,0.00016266608784822528
1788150267.1438932,67800,83,Loss/l_ce,0.010204792022705078
1788150267.144094,67800,83,Loss/l_total,0.010204792022705078
1788150267.1441164,67800,83,LR,0.00016266608784822528
1788150276.7625153,67840,83,Loss/l_ce,0.013803482055664062
1788150276.7627218,67840,83,Loss/l_total,0.013803482055664062
1788150276.762743,67840,83,LR,0.00016266608784822528
1788150286.109763,67880,83,Loss/l_ce,0.013213634490966797
1788150286.1099198,67880,83,Loss/l_total,0.013213634490966797
1788150286.109941,67880,83,LR,0.00016266608784822528
1788150295.6466599,67920,83,Loss/l_ce,0.0557708740234375
1788150295.646832,67920,83,Loss/l_total,0.0557708740234375
1788150295.6468534,67920,83,LR,0.00016266608784822528
1788150305.0745132,67960,83,Loss/l_ce,0.021474361419677734
1788150305.0746758,67960,83,Loss/l_total,0.021474361419677734
1788150305.074697,67960,83,LR,0.00016266608784822528
1788150314.4909387,68000,83,Loss/l_ce,0.028232574462890625
1788150314.4911213,68000,83,Loss/l_total,0.028232574462890625
1788150314.4911475,68000,83,LR,0.00016266608784822528
1788150324.0064545,68040,83,Loss/l_ce,0.02715301513671875
1788150324.0066314,68040,83,Loss/l_total,0.02715301513671875
1788150324.0066576,68040,83,LR,0.00016266608784822528
1788150333.6994903,68080,83,Loss/l_ce,0.013234853744506836
1788150333.6996613,68080,83,Loss/l_total,0.013234853744506836
1788150333.6996875,68080,83,LR,0.00016266608784822528
1788150343.216062,68120,83,Loss/l_ce,0.012803077697753906
1788150343.2162602,68120,83,Loss/l_total,0.012803077697753906
1788150343.2162852,68120,83,LR,0.00016266608784822528
1788150352.5391636,68160,83,Loss/l_ce,0.2157270908355713
1788150352.5393333,68160,83,Loss/l_total,0.2157270908355713
1788150352.5393856,68160,83,LR,0.00016266608784822528
1788150362.1537037,68200,83,Loss/l_ce,0.09697508811950684
1788150362.153948,68200,83,Loss/l_total,0.09697508811950684
1788150362.1539733,68200,83,LR,0.00016266608784822528
1788150393.9836602,68208,83,Val/dense_error,0.050942983478307724
1788150393.983868,68208,83,Val/auc,0.5998201999423393
1788150393.983894,68208,83,Val/pck_max,0.1
1788150393.9839141,68208,83,Val/pck_n,100.0
1788150403.0478308,68240,84,Loss/l_ce,0.03934025764465332
1788150403.0479991,68240,84,Loss/l_total,0.03934025764465332
1788150403.0480244,68240,84,LR,0.00015566199398026135
1788150412.8757324,68280,84,Loss/l_ce,0.015465021133422852
1788150412.8759522,68280,84,Loss/l_total,0.015465021133422852
1788150412.8759758,68280,84,LR,0.00015566199398026135
1788150422.4619946,68320,84,Loss/l_ce,0.05151796340942383
1788150422.4621847,68320,84,Loss/l_total,0.05151796340942383
1788150422.4622073,68320,84,LR,0.00015566199398026135
1788150432.0362878,68360,84,Loss/l_ce,0.03890872001647949
1788150432.03646,68360,84,Loss/l_total,0.03890872001647949
1788150432.0364826,68360,84,LR,0.00015566199398026135
1788150441.4942818,68400,84,Loss/l_ce,0.08252620697021484
1788150441.4944575,68400,84,Loss/l_total,0.08252620697021484
1788150441.4944825,68400,84,LR,0.00015566199398026135
1788150451.3156238,68440,84,Loss/l_ce,0.014717340469360352
1788150451.3158197,68440,84,Loss/l_total,0.014717340469360352
1788150451.3158424,68440,84,LR,0.00015566199398026135
1788150460.880212,68480,84,Loss/l_ce,0.03479480743408203
1788150460.8803759,68480,84,Loss/l_total,0.03479480743408203
1788150460.8804007,68480,84,LR,0.00015566199398026135
1788150470.4771836,68520,84,Loss/l_ce,0.0182034969329834
1788150470.477389,68520,84,Loss/l_total,0.0182034969329834
1788150470.4774199,68520,84,LR,0.00015566199398026135
1788150479.9594114,68560,84,Loss/l_ce,0.027395009994506836
1788150479.9595766,68560,84,Loss/l_total,0.027395009994506836
1788150479.959599,68560,84,LR,0.00015566199398026135
1788150489.521796,68600,84,Loss/l_ce,0.015536308288574219
1788150489.5220263,68600,84,Loss/l_total,0.015536308288574219
1788150489.5220737,68600,84,LR,0.00015566199398026135
1788150499.0412872,68640,84,Loss/l_ce,0.04828023910522461
1788150499.0414474,68640,84,Loss/l_total,0.04828023910522461
1788150499.0414712,68640,84,LR,0.00015566199398026135
1788150508.4909523,68680,84,Loss/l_ce,0.011379480361938477
1788150508.4911385,68680,84,Loss/l_total,0.011379480361938477
1788150508.491161,68680,84,LR,0.00015566199398026135
1788150518.233422,68720,84,Loss/l_ce,0.0356137752532959
1788150518.233612,68720,84,Loss/l_total,0.0356137752532959
1788150518.2336574,68720,84,LR,0.00015566199398026135
1788150527.8481095,68760,84,Loss/l_ce,0.045197248458862305
1788150527.8482735,68760,84,Loss/l_total,0.045197248458862305
1788150527.8482947,68760,84,LR,0.00015566199398026135
1788150537.328782,68800,84,Loss/l_ce,0.029443740844726562
1788150537.3291192,68800,84,Loss/l_total,0.029443740844726562
1788150537.329144,68800,84,LR,0.00015566199398026135
1788150546.9517138,68840,84,Loss/l_ce,0.08376383781433105
1788150546.9518898,68840,84,Loss/l_total,0.08376383781433105
1788150546.9519122,68840,84,LR,0.00015566199398026135
1788150556.5961251,68880,84,Loss/l_ce,0.04586529731750488
1788150556.59641,68880,84,Loss/l_total,0.04586529731750488
1788150556.5964348,68880,84,LR,0.00015566199398026135
1788150565.9958847,68920,84,Loss/l_ce,0.015038251876831055
1788150565.9960673,68920,84,Loss/l_total,0.015038251876831055
1788150565.9960911,68920,84,LR,0.00015566199398026135
1788150575.3082662,68960,84,Loss/l_ce,0.017504453659057617
1788150575.308441,68960,84,Loss/l_total,0.017504453659057617
1788150575.3084633,68960,84,LR,0.00015566199398026135
1788150584.8773437,69000,84,Loss/l_ce,0.020479917526245117
1788150584.8775337,69000,84,Loss/l_total,0.020479917526245117
1788150584.8775563,69000,84,LR,0.00015566199398026135
1788150619.953519,69020,84,Val/dense_error,0.05019889399409294
1788150619.9539642,69020,84,Val/auc,0.5932103238608767
1788150619.953988,69020,84,Val/pck_max,0.1
1788150619.954006,69020,84,Val/pck_n,100.0
1788150626.0645368,69040,85,Loss/l_ce,0.02250075340270996
1788150626.064696,69040,85,Loss/l_total,0.02250075340270996
1788150626.0647197,69040,85,LR,0.00014904706411523447
1788150635.5985556,69080,85,Loss/l_ce,0.02725815773010254
1788150635.5987184,69080,85,Loss/l_total,0.02725815773010254
1788150635.598741,69080,85,LR,0.00014904706411523447
1788150644.9062455,69120,85,Loss/l_ce,0.028096437454223633
1788150644.9064507,69120,85,Loss/l_total,0.028096437454223633
1788150644.9064755,69120,85,LR,0.00014904706411523447
1788150654.2406785,69160,85,Loss/l_ce,0.04636383056640625
1788150654.2409112,69160,85,Loss/l_total,0.04636383056640625
1788150654.2409363,69160,85,LR,0.00014904706411523447
1788150663.7277768,69200,85,Loss/l_ce,0.04243803024291992
1788150663.7279513,69200,85,Loss/l_total,0.04243803024291992
1788150663.7279725,69200,85,LR,0.00014904706411523447
1788150673.177074,69240,85,Loss/l_ce,0.030910015106201172
1788150673.1773255,69240,85,Loss/l_total,0.030910015106201172
1788150673.1773503,69240,85,LR,0.00014904706411523447
1788150682.7440758,69280,85,Loss/l_ce,0.040238142013549805
1788150682.7442741,69280,85,Loss/l_total,0.040238142013549805
1788150682.744299,69280,85,LR,0.00014904706411523447
1788150692.1972709,69320,85,Loss/l_ce,0.04202079772949219
1788150692.197488,69320,85,Loss/l_total,0.04202079772949219
1788150692.1975129,69320,85,LR,0.00014904706411523447
1788150701.808788,69360,85,Loss/l_ce,0.0635066032409668
1788150701.8089733,69360,85,Loss/l_total,0.0635066032409668
1788150701.8089957,69360,85,LR,0.00014904706411523447
1788150711.1596334,69400,85,Loss/l_ce,0.04168844223022461
1788150711.1598601,69400,85,Loss/l_total,0.04168844223022461
1788150711.1598828,69400,85,LR,0.00014904706411523447
1788150721.1328993,69440,85,Loss/l_ce,0.015821456909179688
1788150721.1331263,69440,85,Loss/l_total,0.015821456909179688
1788150721.1331546,69440,85,LR,0.00014904706411523447
1788150730.4891837,69480,85,Loss/l_ce,0.009271860122680664
1788150730.4894,69480,85,Loss/l_total,0.009271860122680664
1788150730.4894233,69480,85,LR,0.00014904706411523447
1788150740.0918102,69520,85,Loss/l_ce,0.015443563461303711
1788150740.0921297,69520,85,Loss/l_total,0.015443563461303711
1788150740.092156,69520,85,LR,0.00014904706411523447
1788150749.7725778,69560,85,Loss/l_ce,0.015347719192504883
1788150749.7727323,69560,85,Loss/l_total,0.015347719192504883
1788150749.772757,69560,85,LR,0.00014904706411523447
1788150759.000646,69600,85,Loss/l_ce,0.08237218856811523
1788150759.0008838,69600,85,Loss/l_total,0.08237218856811523
1788150759.0009298,69600,85,LR,0.00014904706411523447
1788150768.519458,69640,85,Loss/l_ce,0.08868122100830078
1788150768.5196576,69640,85,Loss/l_total,0.08868122100830078
1788150768.5196812,69640,85,LR,0.00014904706411523447
1788150778.3699553,69680,85,Loss/l_ce,0.04382133483886719
1788150778.3702002,69680,85,Loss/l_total,0.04382133483886719
1788150778.370225,69680,85,LR,0.00014904706411523447
1788150788.8413026,69720,85,Loss/l_ce,0.058901309967041016
1788150788.8415992,69720,85,Loss/l_total,0.058901309967041016
1788150788.8416243,69720,85,LR,0.00014904706411523447
1788150798.5902705,69760,85,Loss/l_ce,0.016190528869628906
1788150798.5904794,69760,85,Loss/l_total,0.016190528869628906
1788150798.5905044,69760,85,LR,0.00014904706411523447
1788150808.397758,69800,85,Loss/l_ce,0.09099292755126953
1788150808.3980026,69800,85,Loss/l_total,0.09099292755126953
1788150808.3980572,69800,85,LR,0.00014904706411523447
1788150846.59267,69832,85,Val/dense_error,0.047649744898080826
1788150846.592954,69832,85,Val/auc,0.603272503902486
1788150846.5929778,69832,85,Val/pck_max,0.1
1788150846.5929954,69832,85,Val/pck_n,100.0
1788150850.2333856,69840,86,Loss/l_ce,0.015437126159667969
1788150850.2335303,69840,86,Loss/l_total,0.015437126159667969
1788150850.2335541,69840,86,LR,0.00014282782639029126
1788150860.2744308,69880,86,Loss/l_ce,0.03974008560180664
1788150860.2745874,69880,86,Loss/l_total,0.03974008560180664
1788150860.2746098,69880,86,LR,0.00014282782639029126
1788150870.0818563,69920,86,Loss/l_ce,0.014040708541870117
1788150870.082101,69920,86,Loss/l_total,0.014040708541870117
1788150870.0821283,69920,86,LR,0.00014282782639029126
1788150880.3739326,69960,86,Loss/l_ce,0.04128146171569824
1788150880.3742378,69960,86,Loss/l_total,0.04128146171569824
1788150880.3742652,69960,86,LR,0.00014282782639029126
1788150891.309283,70000,86,Loss/l_ce,0.03290605545043945
1788150891.309511,70000,86,Loss/l_total,0.03290605545043945
1788150891.3095348,70000,86,LR,0.00014282782639029126
1788150901.5172024,70040,86,Loss/l_ce,0.059126853942871094
1788150901.5174897,70040,86,Loss/l_total,0.059126853942871094
1788150901.5175135,70040,86,LR,0.00014282782639029126
1788150911.4036322,70080,86,Loss/l_ce,0.05365252494812012
1788150911.4038754,70080,86,Loss/l_total,0.05365252494812012
1788150911.4039004,70080,86,LR,0.00014282782639029126
1788150921.4740555,70120,86,Loss/l_ce,0.062314510345458984
1788150921.4743285,70120,86,Loss/l_total,0.062314510345458984
1788150921.474362,70120,86,LR,0.00014282782639029126
1788150931.2291963,70160,86,Loss/l_ce,0.018131256103515625
1788150931.2293851,70160,86,Loss/l_total,0.018131256103515625
1788150931.2294087,70160,86,LR,0.00014282782639029126
1788150941.2161744,70200,86,Loss/l_ce,0.062200069427490234
1788150941.216401,70200,86,Loss/l_total,0.062200069427490234
1788150941.216426,70200,86,LR,0.00014282782639029126
1788150951.1761818,70240,86,Loss/l_ce,0.04598569869995117
1788150951.1763847,70240,86,Loss/l_total,0.04598569869995117
1788150951.1764085,70240,86,LR,0.00014282782639029126
1788150961.2645144,70280,86,Loss/l_ce,0.013974428176879883
1788150961.264753,70280,86,Loss/l_total,0.013974428176879883
1788150961.2647805,70280,86,LR,0.00014282782639029126
1788150971.3775883,70320,86,Loss/l_ce,0.012592315673828125
1788150971.377796,70320,86,Loss/l_total,0.012592315673828125
1788150971.3778183,70320,86,LR,0.00014282782639029126
1788150981.2908077,70360,86,Loss/l_ce,0.026996612548828125
1788150981.290987,70360,86,Loss/l_total,0.026996612548828125
1788150981.291012,70360,86,LR,0.00014282782639029126
1788150991.1702192,70400,86,Loss/l_ce,0.028542757034301758
1788150991.170396,70400,86,Loss/l_total,0.028542757034301758
1788150991.1704214,70400,86,LR,0.00014282782639029126
1788151001.1552646,70440,86,Loss/l_ce,0.0199429988861084
1788151001.1554508,70440,86,Loss/l_total,0.0199429988861084
1788151001.1554747,70440,86,LR,0.00014282782639029126
1788151011.0565934,70480,86,Loss/l_ce,0.01841282844543457
1788151011.0567667,70480,86,Loss/l_total,0.01841282844543457
1788151011.0568109,70480,86,LR,0.00014282782639029126
1788151020.6674528,70520,86,Loss/l_ce,0.10372734069824219
1788151020.6676214,70520,86,Loss/l_total,0.10372734069824219
1788151020.6676428,70520,86,LR,0.00014282782639029126
1788151030.361587,70560,86,Loss/l_ce,0.09055924415588379
1788151030.361778,70560,86,Loss/l_total,0.09055924415588379
1788151030.361804,70560,86,LR,0.00014282782639029126
1788151040.4804497,70600,86,Loss/l_ce,0.013088703155517578
1788151040.480603,70600,86,Loss/l_total,0.013088703155517578
1788151040.4806302,70600,86,LR,0.00014282782639029126
1788151050.3816636,70640,86,Loss/l_ce,0.06624388694763184
1788151050.381825,70640,86,Loss/l_total,0.06624388694763184
1788151050.3818498,70640,86,LR,0.00014282782639029126
1788151081.263306,70644,86,Val/dense_error,0.049174435436725616
1788151081.2634842,70644,86,Val/auc,0.5979335006012815
1788151081.263509,70644,86,Val/pck_max,0.1
1788151081.2636385,70644,86,Val/pck_n,100.0
1788151091.887166,70680,87,Loss/l_ce,0.05344986915588379
1788151091.8874948,70680,87,Loss/l_total,0.05344986915588379
1788151091.887522,70680,87,LR,0.00013701041844220855
1788151103.0358331,70720,87,Loss/l_ce,0.06993436813354492
1788151103.0360775,70720,87,Loss/l_total,0.06993436813354492
1788151103.0361085,70720,87,LR,0.00013701041844220855
1788151114.4022868,70760,87,Loss/l_ce,0.01393747329711914
1788151114.4025552,70760,87,Loss/l_total,0.01393747329711914
1788151114.4025803,70760,87,LR,0.00013701041844220855
1788151124.4778728,70800,87,Loss/l_ce,0.01746821403503418
1788151124.4781518,70800,87,Loss/l_total,0.01746821403503418
1788151124.4781768,70800,87,LR,0.00013701041844220855
1788151134.1833858,70840,87,Loss/l_ce,0.01775503158569336
1788151134.1836174,70840,87,Loss/l_total,0.01775503158569336
1788151134.1836412,70840,87,LR,0.00013701041844220855
1788151143.9775531,70880,87,Loss/l_ce,0.044153690338134766
1788151143.9778013,70880,87,Loss/l_total,0.044153690338134766
1788151143.977826,70880,87,LR,0.00013701041844220855
1788151153.4927747,70920,87,Loss/l_ce,0.01728510856628418
1788151153.4930062,70920,87,Loss/l_total,0.01728510856628418
1788151153.4930537,70920,87,LR,0.00013701041844220855
1788151162.796811,70960,87,Loss/l_ce,0.051064252853393555
1788151162.797083,70960,87,Loss/l_total,0.051064252853393555
1788151162.7971148,70960,87,LR,0.00013701041844220855
1788151172.425309,71000,87,Loss/l_ce,0.020782947540283203
1788151172.4254787,71000,87,Loss/l_total,0.020782947540283203
1788151172.4255047,71000,87,LR,0.00013701041844220855
1788151182.0403926,71040,87,Loss/l_ce,0.02986288070678711
1788151182.0406492,71040,87,Loss/l_total,0.02986288070678711
1788151182.0406754,71040,87,LR,0.00013701041844220855
1788151191.6390946,71080,87,Loss/l_ce,0.02270197868347168
1788151191.6393566,71080,87,Loss/l_total,0.02270197868347168
1788151191.6394043,71080,87,LR,0.00013701041844220855
1788151201.434221,71120,87,Loss/l_ce,0.01598525047302246
1788151201.4344547,71120,87,Loss/l_total,0.01598525047302246
1788151201.434482,71120,87,LR,0.00013701041844220855
1788151210.8778963,71160,87,Loss/l_ce,0.04461359977722168
1788151210.8781788,71160,87,Loss/l_total,0.04461359977722168
1788151210.8782036,71160,87,LR,0.00013701041844220855
1788151220.4700866,71200,87,Loss/l_ce,0.014187812805175781
1788151220.4703228,71200,87,Loss/l_total,0.014187812805175781
1788151220.4703503,71200,87,LR,0.00013701041844220855
1788151231.617905,71240,87,Loss/l_ce,0.030287742614746094
1788151231.6181648,71240,87,Loss/l_total,0.030287742614746094
1788151231.618197,71240,87,LR,0.00013701041844220855
1788151241.3580751,71280,87,Loss/l_ce,0.18552470207214355
1788151241.358361,71280,87,Loss/l_total,0.18552470207214355
1788151241.3583863,71280,87,LR,0.00013701041844220855
1788151250.6226242,71320,87,Loss/l_ce,0.014665842056274414
1788151250.6228476,71320,87,Loss/l_total,0.014665842056274414
1788151250.6228724,71320,87,LR,0.00013701041844220855
1788151260.6121252,71360,87,Loss/l_ce,0.08522653579711914
1788151260.6123354,71360,87,Loss/l_total,0.08522653579711914
1788151260.6123865,71360,87,LR,0.00013701041844220855
1788151269.953547,71400,87,Loss/l_ce,0.01593017578125
1788151269.9537716,71400,87,Loss/l_total,0.01593017578125
1788151269.9537964,71400,87,LR,0.00013701041844220855
1788151279.4704738,71440,87,Loss/l_ce,0.05060005187988281
1788151279.4706638,71440,87,Loss/l_total,0.05060005187988281
1788151279.4706862,71440,87,LR,0.00013701041844220855
1788151313.6564815,71456,87,Val/dense_error,0.05332787707448006
1788151313.6567667,71456,87,Val/auc,0.5959388173324919
1788151313.6567929,71456,87,Val/pck_max,0.1
1788151313.6570504,71456,87,Val/pck_n,100.0
1788151321.0523355,71480,88,Loss/l_ce,0.023453712463378906
1788151321.0524945,71480,88,Loss/l_total,0.023453712463378906
1788151321.0525198,71480,88,LR,0.00013160058135028687
1788151330.6403236,71520,88,Loss/l_ce,0.021589040756225586
1788151330.640491,71520,88,Loss/l_total,0.021589040756225586
1788151330.6405146,71520,88,LR,0.00013160058135028687
1788151339.9368448,71560,88,Loss/l_ce,0.026238203048706055
1788151339.937024,71560,88,Loss/l_total,0.026238203048706055
1788151339.9371486,71560,88,LR,0.00013160058135028687
1788151349.2585926,71600,88,Loss/l_ce,0.1343097686767578
1788151349.2587836,71600,88,Loss/l_total,0.1343097686767578
1788151349.2588122,71600,88,LR,0.00013160058135028687
1788151358.7395792,71640,88,Loss/l_ce,0.0207064151763916
1788151358.7397583,71640,88,Loss/l_total,0.0207064151763916
1788151358.7397997,71640,88,LR,0.00013160058135028687
1788151368.1479661,71680,88,Loss/l_ce,0.009611368179321289
1788151368.1481738,71680,88,Loss/l_total,0.009611368179321289
1788151368.1481988,71680,88,LR,0.00013160058135028687
1788151377.7715883,71720,88,Loss/l_ce,0.0404658317565918
1788151377.771752,71720,88,Loss/l_total,0.0404658317565918
1788151377.771776,71720,88,LR,0.00013160058135028687
1788151387.454844,71760,88,Loss/l_ce,0.03859138488769531
1788151387.4550266,71760,88,Loss/l_total,0.03859138488769531
1788151387.4550753,71760,88,LR,0.00013160058135028687
1788151397.2465398,71800,88,Loss/l_ce,0.04290056228637695
1788151397.2467,71800,88,Loss/l_total,0.04290056228637695
1788151397.246724,71800,88,LR,0.00013160058135028687
1788151407.0493999,71840,88,Loss/l_ce,0.002583026885986328
1788151407.0495672,71840,88,Loss/l_total,0.002583026885986328
1788151407.049591,71840,88,LR,0.00013160058135028687
1788151416.5652125,71880,88,Loss/l_ce,0.016199111938476562
1788151416.5653677,71880,88,Loss/l_total,0.016199111938476562
1788151416.5653906,71880,88,LR,0.00013160058135028687
1788151426.1466575,71920,88,Loss/l_ce,0.02082037925720215
1788151426.1468403,71920,88,Loss/l_total,0.02082037925720215
1788151426.1468663,71920,88,LR,0.00013160058135028687
1788151435.6263087,71960,88,Loss/l_ce,0.016851425170898438
1788151435.6264865,71960,88,Loss/l_total,0.016851425170898438
1788151435.6265104,71960,88,LR,0.00013160058135028687
1788151445.0702624,72000,88,Loss/l_ce,0.07943868637084961
1788151445.070431,72000,88,Loss/l_total,0.07943868637084961
1788151445.0704525,72000,88,LR,0.00013160058135028687
1788151454.4955308,72040,88,Loss/l_ce,0.08425474166870117
1788151454.495792,72040,88,Loss/l_total,0.08425474166870117
1788151454.4958158,72040,88,LR,0.00013160058135028687
1788151464.0962918,72080,88,Loss/l_ce,0.01389002799987793
1788151464.0965078,72080,88,Loss/l_total,0.01389002799987793
1788151464.096533,72080,88,LR,0.00013160058135028687
1788151473.7367551,72120,88,Loss/l_ce,0.0252685546875
1788151473.736932,72120,88,Loss/l_total,0.0252685546875
1788151473.7369583,72120,88,LR,0.00013160058135028687
1788151483.2886128,72160,88,Loss/l_ce,0.03500771522521973
1788151483.2887623,72160,88,Loss/l_total,0.03500771522521973
1788151483.2887862,72160,88,LR,0.00013160058135028687
1788151492.8252733,72200,88,Loss/l_ce,0.013324737548828125
1788151492.825443,72200,88,Loss/l_total,0.013324737548828125
1788151492.8254704,72200,88,LR,0.00013160058135028687
1788151502.042011,72240,88,Loss/l_ce,0.29207420349121094
1788151502.0422485,72240,88,Loss/l_total,0.29207420349121094
1788151502.0422735,72240,88,LR,0.00013160058135028687
1788151538.473693,72268,88,Val/dense_error,0.05012591928243637
1788151538.4739292,72268,88,Val/auc,0.5949673515821625
1788151538.473954,72268,88,Val/pck_max,0.1
1788151538.473972,72268,88,Val/pck_n,100.0
1788151542.9423327,72280,89,Loss/l_ce,0.06035494804382324
1788151542.9425366,72280,89,Loss/l_total,0.06035494804382324
1788151542.942563,72280,89,LR,0.00012660365397059852
1788151552.4848988,72320,89,Loss/l_ce,0.015341043472290039
1788151552.4851243,72320,89,Loss/l_total,0.015341043472290039
1788151552.4851468,72320,89,LR,0.00012660365397059852
1788151561.9050596,72360,89,Loss/l_ce,0.045411109924316406
1788151561.9052162,72360,89,Loss/l_total,0.045411109924316406
1788151561.90524,72360,89,LR,0.00012660365397059852
1788151571.3374517,72400,89,Loss/l_ce,0.04111886024475098
1788151571.337694,72400,89,Loss/l_total,0.04111886024475098
1788151571.337719,72400,89,LR,0.00012660365397059852
1788151580.6861517,72440,89,Loss/l_ce,0.012746810913085938
1788151580.686375,72440,89,Loss/l_total,0.012746810913085938
1788151580.6864011,72440,89,LR,0.00012660365397059852
1788151590.0101953,72480,89,Loss/l_ce,0.021847009658813477
1788151590.010366,72480,89,Loss/l_total,0.021847009658813477
1788151590.010392,72480,89,LR,0.00012660365397059852
1788151599.5724835,72520,89,Loss/l_ce,0.04418754577636719
1788151599.572721,72520,89,Loss/l_total,0.04418754577636719
1788151599.572747,72520,89,LR,0.00012660365397059852
1788151609.2483604,72560,89,Loss/l_ce,0.017908334732055664
1788151609.2485242,72560,89,Loss/l_total,0.017908334732055664
1788151609.2485492,72560,89,LR,0.00012660365397059852
1788151618.7062585,72600,89,Loss/l_ce,0.02043771743774414
1788151618.7064376,72600,89,Loss/l_total,0.02043771743774414
1788151618.7064614,72600,89,LR,0.00012660365397059852
1788151627.7503884,72640,89,Loss/l_ce,0.022095441818237305
1788151627.7505689,72640,89,Loss/l_total,0.022095441818237305
1788151627.7505915,72640,89,LR,0.00012660365397059852
1788151637.256462,72680,89,Loss/l_ce,0.0407252311706543
1788151637.256638,72680,89,Loss/l_total,0.0407252311706543
1788151637.2566605,72680,89,LR,0.00012660365397059852
1788151646.6904671,72720,89,Loss/l_ce,0.017312049865722656
1788151646.6906414,72720,89,Loss/l_total,0.017312049865722656
1788151646.6906652,72720,89,LR,0.00012660365397059852
1788151656.1889966,72760,89,Loss/l_ce,0.025971651077270508
1788151656.189214,72760,89,Loss/l_total,0.025971651077270508
1788151656.1892412,72760,89,LR,0.00012660365397059852
1788151665.654467,72800,89,Loss/l_ce,0.018526554107666016
1788151665.654606,72800,89,Loss/l_total,0.018526554107666016
1788151665.6546285,72800,89,LR,0.00012660365397059852
1788151675.3597867,72840,89,Loss/l_ce,0.05199289321899414
1788151675.359954,72840,89,Loss/l_total,0.05199289321899414
1788151675.359979,72840,89,LR,0.00012660365397059852
1788151684.647924,72880,89,Loss/l_ce,0.055486202239990234
1788151684.6481092,72880,89,Loss/l_total,0.055486202239990234
1788151684.6481354,72880,89,LR,0.00012660365397059852
1788151693.9591496,72920,89,Loss/l_ce,0.04260516166687012
1788151693.9593265,72920,89,Loss/l_total,0.04260516166687012
1788151693.9593513,72920,89,LR,0.00012660365397059852
1788151703.4034114,72960,89,Loss/l_ce,0.04260826110839844
1788151703.403573,72960,89,Loss/l_total,0.04260826110839844
1788151703.4035978,72960,89,LR,0.00012660365397059852
1788151712.7515383,73000,89,Loss/l_ce,0.030552387237548828
1788151712.7517066,73000,89,Loss/l_total,0.030552387237548828
1788151712.7517304,73000,89,LR,0.00012660365397059852
1788151722.0429502,73040,89,Loss/l_ce,0.011765480041503906
1788151722.043177,73040,89,Loss/l_total,0.011765480041503906
1788151722.043204,73040,89,LR,0.00012660365397059852
1788151731.444473,73080,89,Loss/l_ce,0.05578327178955078
1788151731.444638,73080,89,Loss/l_total,0.05578327178955078
1788151731.444663,73080,89,LR,0.00012660365397059852
1788151761.461942,73080,89,Val/dense_error,0.05260702967643738
1788151761.4621367,73080,89,Val/auc,0.5909361680575361
1788151761.4621618,73080,89,Val/pck_max,0.1
1788151761.4621973,73080,89,Val/pck_n,100.0
1788151772.434176,73120,90,Loss/l_ce,0.04609370231628418
1788151772.4343374,73120,90,Loss/l_total,0.04609370231628418
1788151772.4343588,73120,90,LR,0.00012202456766718089
1788151781.7906291,73160,90,Loss/l_ce,0.022261381149291992
1788151781.7908108,73160,90,Loss/l_total,0.022261381149291992
1788151781.7908335,73160,90,LR,0.00012202456766718089
1788151791.2115133,73200,90,Loss/l_ce,0.0213470458984375
1788151791.2116761,73200,90,Loss/l_total,0.0213470458984375
1788151791.2116988,73200,90,LR,0.00012202456766718089
1788151800.8201518,73240,90,Loss/l_ce,0.02948451042175293
1788151800.8203511,73240,90,Loss/l_total,0.02948451042175293
1788151800.8203773,73240,90,LR,0.00012202456766718089
1788151810.244789,73280,90,Loss/l_ce,0.01583099365234375
1788151810.2449682,73280,90,Loss/l_total,0.01583099365234375
1788151810.244992,73280,90,LR,0.00012202456766718089
1788151819.5598674,73320,90,Loss/l_ce,0.018512725830078125
1788151819.560023,73320,90,Loss/l_total,0.018512725830078125
1788151819.5600693,73320,90,LR,0.00012202456766718089
1788151828.8576481,73360,90,Loss/l_ce,0.013785123825073242
1788151828.8577988,73360,90,Loss/l_total,0.013785123825073242
1788151828.8578205,73360,90,LR,0.00012202456766718089
1788151838.71055,73400,90,Loss/l_ce,0.02618885040283203
1788151838.7107556,73400,90,Loss/l_total,0.02618885040283203
1788151838.7107863,73400,90,LR,0.00012202456766718089
1788151848.6253598,73440,90,Loss/l_ce,0.012833595275878906
1788151848.6255522,73440,90,Loss/l_total,0.012833595275878906
1788151848.625837,73440,90,LR,0.00012202456766718089
1788151858.259074,73480,90,Loss/l_ce,0.015665292739868164
1788151858.2592545,73480,90,Loss/l_total,0.015665292739868164
1788151858.2592793,73480,90,LR,0.00012202456766718089
1788151867.7321305,73520,90,Loss/l_ce,0.01148223876953125
1788151867.7323549,73520,90,Loss/l_total,0.01148223876953125
1788151867.7323787,73520,90,LR,0.00012202456766718089
1788151877.2799592,73560,90,Loss/l_ce,0.021293163299560547
1788151877.2801516,73560,90,Loss/l_total,0.021293163299560547
1788151877.2801764,73560,90,LR,0.00012202456766718089
1788151886.6702397,73600,90,Loss/l_ce,0.023704051971435547
1788151886.6704,73600,90,Loss/l_total,0.023704051971435547
1788151886.6704297,73600,90,LR,0.00012202456766718089
1788151896.2571948,73640,90,Loss/l_ce,0.03641963005065918
1788151896.2574275,73640,90,Loss/l_total,0.03641963005065918
1788151896.2574522,73640,90,LR,0.00012202456766718089
1788151905.4375913,73680,90,Loss/l_ce,0.06059098243713379
1788151905.4377942,73680,90,Loss/l_total,0.06059098243713379
1788151905.437818,73680,90,LR,0.00012202456766718089
1788151915.0785859,73720,90,Loss/l_ce,0.07106423377990723
1788151915.0788946,73720,90,Loss/l_total,0.07106423377990723
1788151915.078922,73720,90,LR,0.00012202456766718089
1788151924.5771086,73760,90,Loss/l_ce,0.03631114959716797
1788151924.577256,73760,90,Loss/l_total,0.03631114959716797
1788151924.5772798,73760,90,LR,0.00012202456766718089
1788151933.9031425,73800,90,Loss/l_ce,0.03452277183532715
1788151933.9033656,73800,90,Loss/l_total,0.03452277183532715
1788151933.9033895,73800,90,LR,0.00012202456766718089
1788151943.1642525,73840,90,Loss/l_ce,0.013994216918945312
1788151943.1644294,73840,90,Loss/l_total,0.013994216918945312
1788151943.1644545,73840,90,LR,0.00012202456766718089
1788151952.5611262,73880,90,Loss/l_ce,0.0717921257019043
1788151952.561308,73880,90,Loss/l_total,0.0717921257019043
1788151952.5613303,73880,90,LR,0.00012202456766718089
1788151985.5852957,73892,90,Val/dense_error,0.05114032328128815
1788151985.5855958,73892,90,Val/auc,0.5979766811857323
1788151985.5856233,73892,90,Val/pck_max,0.1
1788151985.5856423,73892,90,Val/pck_n,100.0
1788151993.740509,73920,91,Loss/l_ce,0.01381540298461914
1788151993.7406764,73920,91,Loss/l_total,0.01381540298461914
1788151993.7407024,73920,91,LR,0.00011786784144537566
1788152003.1275043,73960,91,Loss/l_ce,0.013127565383911133
1788152003.1277716,73960,91,Loss/l_total,0.013127565383911133
1788152003.1277978,73960,91,LR,0.00011786784144537566
1788152012.4520922,74000,91,Loss/l_ce,0.020807504653930664
1788152012.4523177,74000,91,Loss/l_total,0.020807504653930664
1788152012.4523392,74000,91,LR,0.00011786784144537566
1788152021.950159,74040,91,Loss/l_ce,0.07583069801330566
1788152021.9503193,74040,91,Loss/l_total,0.07583069801330566
1788152021.9503446,74040,91,LR,0.00011786784144537566
1788152031.4712133,74080,91,Loss/l_ce,0.032692909240722656
1788152031.471376,74080,91,Loss/l_total,0.032692909240722656
1788152031.4713998,74080,91,LR,0.00011786784144537566
1788152040.969646,74120,91,Loss/l_ce,0.04886817932128906
1788152040.969823,74120,91,Loss/l_total,0.04886817932128906
1788152040.9698515,74120,91,LR,0.00011786784144537566
1788152050.4876428,74160,91,Loss/l_ce,0.01286935806274414
1788152050.4878342,74160,91,Loss/l_total,0.01286935806274414
1788152050.4878697,74160,91,LR,0.00011786784144537566
1788152060.3265812,74200,91,Loss/l_ce,0.04052567481994629
1788152060.326777,74200,91,Loss/l_total,0.04052567481994629
1788152060.3268023,74200,91,LR,0.00011786784144537566
1788152069.5303533,74240,91,Loss/l_ce,0.021658897399902344
1788152069.5305872,74240,91,Loss/l_total,0.021658897399902344
1788152069.5306158,74240,91,LR,0.00011786784144537566
1788152079.0029314,74280,91,Loss/l_ce,0.031278133392333984
1788152079.0031083,74280,91,Loss/l_total,0.031278133392333984
1788152079.0031335,74280,91,LR,0.00011786784144537566
1788152088.461585,74320,91,Loss/l_ce,0.013619422912597656
1788152088.4617584,74320,91,Loss/l_total,0.013619422912597656
1788152088.4617822,74320,91,LR,0.00011786784144537566
1788152097.9666336,74360,91,Loss/l_ce,0.07134008407592773
1788152097.966852,74360,91,Loss/l_total,0.07134008407592773
1788152097.9668744,74360,91,LR,0.00011786784144537566
1788152107.810017,74400,91,Loss/l_ce,0.029387950897216797
1788152107.8102758,74400,91,Loss/l_total,0.029387950897216797
1788152107.8103209,74400,91,LR,0.00011786784144537566
1788152117.108394,74440,91,Loss/l_ce,0.015561342239379883
1788152117.1085556,74440,91,Loss/l_total,0.015561342239379883
1788152117.108578,74440,91,LR,0.00011786784144537566
1788152126.6292145,74480,91,Loss/l_ce,0.08185100555419922
1788152126.6294305,74480,91,Loss/l_total,0.08185100555419922
1788152126.6294553,74480,91,LR,0.00011786784144537566
1788152136.2002513,74520,91,Loss/l_ce,0.06235933303833008
1788152136.2004094,74520,91,Loss/l_total,0.06235933303833008
1788152136.2004333,74520,91,LR,0.00011786784144537566
1788152146.0142517,74560,91,Loss/l_ce,0.030975341796875
1788152146.0144155,74560,91,Loss/l_total,0.030975341796875
1788152146.0144393,74560,91,LR,0.00011786784144537566
1788152155.5105429,74600,91,Loss/l_ce,0.0610051155090332
1788152155.5107744,74600,91,Loss/l_total,0.0610051155090332
1788152155.510798,74600,91,LR,0.00011786784144537566
1788152165.3340948,74640,91,Loss/l_ce,0.025007963180541992
1788152165.3342636,74640,91,Loss/l_total,0.025007963180541992
1788152165.3342874,74640,91,LR,0.00011786784144537566
1788152175.0471835,74680,91,Loss/l_ce,0.037122249603271484
1788152175.0474055,74680,91,Loss/l_total,0.037122249603271484
1788152175.0474293,74680,91,LR,0.00011786784144537566
1788152210.4223835,74704,91,Val/dense_error,0.05078084021806717
1788152210.4225745,74704,91,Val/auc,0.5946707366802506
1788152210.4225998,74704,91,Val/pck_max,0.1
1788152210.4226174,74704,91,Val/pck_n,100.0
1788152215.727699,74720,92,Loss/l_ce,0.014434099197387695
1788152215.7278793,74720,92,Loss/l_total,0.014434099197387695
1788152215.7279043,74720,92,LR,0.00011413757749211605
1788152225.0900817,74760,92,Loss/l_ce,0.07374286651611328
1788152225.0902991,74760,92,Loss/l_total,0.07374286651611328
1788152225.090331,74760,92,LR,0.00011413757749211605
1788152234.2999842,74800,92,Loss/l_ce,0.013556480407714844
1788152234.3002596,74800,92,Loss/l_total,0.013556480407714844
1788152234.3002844,74800,92,LR,0.00011413757749211605
1788152243.5042658,74840,92,Loss/l_ce,0.0314023494720459
1788152243.5044332,74840,92,Loss/l_total,0.0314023494720459
1788152243.5044556,74840,92,LR,0.00011413757749211605
1788152252.6878219,74880,92,Loss/l_ce,0.023190021514892578
1788152252.6880474,74880,92,Loss/l_total,0.023190021514892578
1788152252.6880713,74880,92,LR,0.00011413757749211605
1788152262.0495174,74920,92,Loss/l_ce,0.04907393455505371
1788152262.0497253,74920,92,Loss/l_total,0.04907393455505371
1788152262.0497465,74920,92,LR,0.00011413757749211605
1788152271.5267239,74960,92,Loss/l_ce,0.013939380645751953
1788152271.5269053,74960,92,Loss/l_total,0.013939380645751953
1788152271.526928,74960,92,LR,0.00011413757749211605
1788152281.0885344,75000,92,Loss/l_ce,0.02548956871032715
1788152281.0887363,75000,92,Loss/l_total,0.02548956871032715
1788152281.0887766,75000,92,LR,0.00011413757749211605
1788152290.6403244,75040,92,Loss/l_ce,0.01934194564819336
1788152290.6404846,75040,92,Loss/l_total,0.01934194564819336
1788152290.6405072,75040,92,LR,0.00011413757749211605
1788152300.1198068,75080,92,Loss/l_ce,0.013674736022949219
1788152300.1200192,75080,92,Loss/l_total,0.013674736022949219
1788152300.1200655,75080,92,LR,0.00011413757749211605
1788152309.637628,75120,92,Loss/l_ce,0.023685693740844727
1788152309.6379094,75120,92,Loss/l_total,0.023685693740844727
1788152309.6379333,75120,92,LR,0.00011413757749211605
1788152318.9781685,75160,92,Loss/l_ce,0.00461578369140625
1788152318.978408,75160,92,Loss/l_total,0.00461578369140625
1788152318.9784343,75160,92,LR,0.00011413757749211605
1788152328.5338883,75200,92,Loss/l_ce,0.040418148040771484
1788152328.5341234,75200,92,Loss/l_total,0.040418148040771484
1788152328.5341506,75200,92,LR,0.00011413757749211605
1788152337.9968424,75240,92,Loss/l_ce,0.03813576698303223
1788152337.9971216,75240,92,Loss/l_total,0.03813576698303223
1788152337.9971488,75240,92,LR,0.00011413757749211605
1788152347.6666138,75280,92,Loss/l_ce,0.02628612518310547
1788152347.66683,75280,92,Loss/l_total,0.02628612518310547
1788152347.6668549,75280,92,LR,0.00011413757749211605
1788152357.3226519,75320,92,Loss/l_ce,0.012606620788574219
1788152357.3228228,75320,92,Loss/l_total,0.012606620788574219
1788152357.3228514,75320,92,LR,0.00011413757749211605
1788152366.544401,75360,92,Loss/l_ce,0.00879812240600586
1788152366.5446231,75360,92,Loss/l_total,0.00879812240600586
1788152366.5446467,75360,92,LR,0.00011413757749211605
1788152376.0027246,75400,92,Loss/l_ce,0.10504031181335449
1788152376.002886,75400,92,Loss/l_total,0.10504031181335449
1788152376.002911,75400,92,LR,0.00011413757749211605
1788152385.6510975,75440,92,Loss/l_ce,0.01303410530090332
1788152385.651265,75440,92,Loss/l_total,0.01303410530090332
1788152385.6512885,75440,92,LR,0.00011413757749211605
1788152395.1323836,75480,92,Loss/l_ce,0.07783269882202148
1788152395.1325414,75480,92,Loss/l_total,0.07783269882202148
1788152395.132564,75480,92,LR,0.00011413757749211605
1788152433.1502564,75516,92,Val/dense_error,0.04968102648854256
1788152433.1505058,75516,92,Val/auc,0.5960851767871567
1788152433.1505318,75516,92,Val/pck_max,0.1
1788152433.1505494,75516,92,Val/pck_n,100.0
1788152435.4729848,75520,93,Loss/l_ce,0.015726566314697266
1788152435.4731915,75520,93,Loss/l_total,0.015726566314697266
1788152435.4732234,75520,93,LR,0.00011083745712756369
1788152446.4648714,75560,93,Loss/l_ce,0.005320310592651367
1788152446.4651244,75560,93,Loss/l_total,0.005320310592651367
1788152446.4651518,75560,93,LR,0.00011083745712756369
1788152458.050883,75600,93,Loss/l_ce,0.012835025787353516
1788152458.0511715,75600,93,Loss/l_total,0.012835025787353516
1788152458.0511987,75600,93,LR,0.00011083745712756369
1788152467.8347192,75640,93,Loss/l_ce,0.019774913787841797
1788152467.834997,75640,93,Loss/l_total,0.019774913787841797
1788152467.8350196,75640,93,LR,0.00011083745712756369
1788152477.4349177,75680,93,Loss/l_ce,0.014133930206298828
1788152477.4352062,75680,93,Loss/l_total,0.014133930206298828
1788152477.4352322,75680,93,LR,0.00011083745712756369
1788152487.0836585,75720,93,Loss/l_ce,0.026374340057373047
1788152487.0838273,75720,93,Loss/l_total,0.026374340057373047
1788152487.083852,75720,93,LR,0.00011083745712756369
1788152496.4054906,75760,93,Loss/l_ce,0.010240316390991211
1788152496.4056878,75760,93,Loss/l_total,0.010240316390991211
1788152496.4057188,75760,93,LR,0.00011083745712756369
1788152506.1723473,75800,93,Loss/l_ce,0.015705585479736328
1788152506.1725054,75800,93,Loss/l_total,0.015705585479736328
1788152506.1725266,75800,93,LR,0.00011083745712756369
1788152515.7604423,75840,93,Loss/l_ce,0.043573617935180664
1788152515.760643,75840,93,Loss/l_total,0.043573617935180664
1788152515.7606692,75840,93,LR,0.00011083745712756369
1788152525.1055398,75880,93,Loss/l_ce,0.023309707641601562
1788152525.1057546,75880,93,Loss/l_total,0.023309707641601562
1788152525.1057785,75880,93,LR,0.00011083745712756369
1788152534.62956,75920,93,Loss/l_ce,0.012979507446289062
1788152534.6297324,75920,93,Loss/l_total,0.012979507446289062
1788152534.6297548,75920,93,LR,0.00011083745712756369
1788152544.1588187,75960,93,Loss/l_ce,0.018470048904418945
1788152544.1591096,75960,93,Loss/l_total,0.018470048904418945
1788152544.1591442,75960,93,LR,0.00011083745712756369
1788152554.0101397,76000,93,Loss/l_ce,0.014573097229003906
1788152554.0103319,76000,93,Loss/l_total,0.014573097229003906
1788152554.010358,76000,93,LR,0.00011083745712756369
1788152563.5812254,76040,93,Loss/l_ce,0.029445648193359375
1788152563.5814059,76040,93,Loss/l_total,0.029445648193359375
1788152563.5814297,76040,93,LR,0.00011083745712756369
1788152572.8497791,76080,93,Loss/l_ce,0.011713981628417969
1788152572.8499408,76080,93,Loss/l_total,0.011713981628417969
1788152572.8499632,76080,93,LR,0.00011083745712756369
1788152582.1019316,76120,93,Loss/l_ce,0.014432191848754883
1788152582.1021156,76120,93,Loss/l_total,0.014432191848754883
1788152582.102138,76120,93,LR,0.00011083745712756369
1788152591.456906,76160,93,Loss/l_ce,0.020831584930419922
1788152591.4571028,76160,93,Loss/l_total,0.020831584930419922
1788152591.457128,76160,93,LR,0.00011083745712756369
1788152601.0809038,76200,93,Loss/l_ce,0.0657052993774414
1788152601.0810947,76200,93,Loss/l_total,0.0657052993774414
1788152601.0811234,76200,93,LR,0.00011083745712756369
1788152610.4858608,76240,93,Loss/l_ce,0.019469261169433594
1788152610.4860804,76240,93,Loss/l_total,0.019469261169433594
1788152610.4861066,76240,93,LR,0.00011083745712756369
1788152619.8205469,76280,93,Loss/l_ce,0.08177351951599121
1788152619.820866,76280,93,Loss/l_total,0.08177351951599121
1788152619.8208885,76280,93,LR,0.00011083745712756369
1788152629.3090847,76320,93,Loss/l_ce,0.01747274398803711
1788152629.3092642,76320,93,Loss/l_total,0.01747274398803711
1788152629.3092866,76320,93,LR,0.00011083745712756369
1788152661.48967,76328,93,Val/dense_error,0.05344531312584877
1788152661.489923,76328,93,Val/auc,0.5862536395064037
1788152661.4899502,76328,93,Val/pck_max,0.1
1788152661.4901617,76328,93,Val/pck_n,100.0
1788152670.5901551,76360,94,Loss/l_ce,0.05194568634033203
1788152670.5903485,76360,94,Loss/l_total,0.05194568634033203
1788152670.590372,76360,94,LR,0.00010797073717209007
1788152680.5463414,76400,94,Loss/l_ce,0.022470951080322266
1788152680.5465562,76400,94,Loss/l_total,0.022470951080322266
1788152680.54658,76400,94,LR,0.00010797073717209007
1788152689.986459,76440,94,Loss/l_ce,0.028908729553222656
1788152689.9867108,76440,94,Loss/l_total,0.028908729553222656
1788152689.9867406,76440,94,LR,0.00010797073717209007
1788152699.6324348,76480,94,Loss/l_ce,0.037715911865234375
1788152699.6326165,76480,94,Loss/l_total,0.037715911865234375
1788152699.6326425,76480,94,LR,0.00010797073717209007
1788152709.1306992,76520,94,Loss/l_ce,0.015415668487548828
1788152709.1308775,76520,94,Loss/l_total,0.015415668487548828
1788152709.1309023,76520,94,LR,0.00010797073717209007
1788152718.6844282,76560,94,Loss/l_ce,0.016663312911987305
1788152718.68461,76560,94,Loss/l_total,0.016663312911987305
1788152718.6846335,76560,94,LR,0.00010797073717209007
1788152728.2315235,76600,94,Loss/l_ce,0.022217750549316406
1788152728.2316852,76600,94,Loss/l_total,0.022217750549316406
1788152728.23171,76600,94,LR,0.00010797073717209007
1788152737.6697419,76640,94,Loss/l_ce,0.10883259773254395
1788152737.6699116,76640,94,Loss/l_total,0.10883259773254395
1788152737.669934,76640,94,LR,0.00010797073717209007
1788152747.0359683,76680,94,Loss/l_ce,0.016455888748168945
1788152747.0361655,76680,94,Loss/l_total,0.016455888748168945
1788152747.036189,76680,94,LR,0.00010797073717209007
1788152756.5032313,76720,94,Loss/l_ce,0.07314777374267578
1788152756.503401,76720,94,Loss/l_total,0.07314777374267578
1788152756.5034258,76720,94,LR,0.00010797073717209007
1788152766.1260736,76760,94,Loss/l_ce,0.07197451591491699
1788152766.126241,76760,94,Loss/l_total,0.07197451591491699
1788152766.1262636,76760,94,LR,0.00010797073717209007
1788152775.5755033,76800,94,Loss/l_ce,0.044176578521728516
1788152775.5756733,76800,94,Loss/l_total,0.044176578521728516
1788152775.5756996,76800,94,LR,0.00010797073717209007
1788152785.0571954,76840,94,Loss/l_ce,0.01751089096069336
1788152785.0573926,76840,94,Loss/l_total,0.01751089096069336
1788152785.0574152,76840,94,LR,0.00010797073717209007
1788152794.4206223,76880,94,Loss/l_ce,0.013367891311645508
1788152794.4208267,76880,94,Loss/l_total,0.013367891311645508
1788152794.4208505,76880,94,LR,0.00010797073717209007
1788152803.9022374,76920,94,Loss/l_ce,0.009522438049316406
1788152803.9024048,76920,94,Loss/l_total,0.009522438049316406
1788152803.9024355,76920,94,LR,0.00010797073717209007
1788152813.2045314,76960,94,Loss/l_ce,0.013635873794555664
1788152813.2047453,76960,94,Loss/l_total,0.013635873794555664
1788152813.2047713,76960,94,LR,0.00010797073717209007
1788152822.6990905,77000,94,Loss/l_ce,0.03388261795043945
1788152822.6992898,77000,94,Loss/l_total,0.03388261795043945
1788152822.6993208,77000,94,LR,0.00010797073717209007
1788152832.5279582,77040,94,Loss/l_ce,0.013777732849121094
1788152832.5281959,77040,94,Loss/l_total,0.013777732849121094
1788152832.5282197,77040,94,LR,0.00010797073717209007
1788152842.2552555,77080,94,Loss/l_ce,0.02228093147277832
1788152842.2554455,77080,94,Loss/l_total,0.02228093147277832
1788152842.2554684,77080,94,LR,0.00010797073717209007
1788152851.9059854,77120,94,Loss/l_ce,0.016289472579956055
1788152851.9062278,77120,94,Loss/l_total,0.016289472579956055
1788152851.9062548,77120,94,LR,0.00010797073717209007
1788152886.0996385,77140,94,Val/dense_error,0.04946889728307724
1788152886.0998154,77140,94,Val/auc,0.5946030762757426
1788152886.0998416,77140,94,Val/pck_max,0.1
1788152886.0998604,77140,94,Val/pck_n,100.0
1788152892.2503603,77160,95,Loss/l_ce,0.01189422607421875
1788152892.2505245,77160,95,Loss/l_total,0.01189422607421875
1788152892.2505493,77160,95,LR,0.00010554024673218805
1788152901.6325169,77200,95,Loss/l_ce,0.07712435722351074
1788152901.6326914,77200,95,Loss/l_total,0.07712435722351074
1788152901.6327152,77200,95,LR,0.00010554024673218805
1788152911.0787587,77240,95,Loss/l_ce,0.006856203079223633
1788152911.0790057,77240,95,Loss/l_total,0.006856203079223633
1788152911.0790603,77240,95,LR,0.00010554024673218805
1788152920.7763677,77280,95,Loss/l_ce,0.04644894599914551
1788152920.7765362,77280,95,Loss/l_total,0.04644894599914551
1788152920.7765636,77280,95,LR,0.00010554024673218805
1788152930.5237467,77320,95,Loss/l_ce,0.021064281463623047
1788152930.5239499,77320,95,Loss/l_total,0.021064281463623047
1788152930.5239737,77320,95,LR,0.00010554024673218805
1788152939.8682637,77360,95,Loss/l_ce,0.013948917388916016
1788152939.8684464,77360,95,Loss/l_total,0.013948917388916016
1788152939.8684716,77360,95,LR,0.00010554024673218805
1788152949.3877997,77400,95,Loss/l_ce,0.012347936630249023
1788152949.3879778,77400,95,Loss/l_total,0.012347936630249023
1788152949.3880014,77400,95,LR,0.00010554024673218805
1788152958.9669428,77440,95,Loss/l_ce,0.14470911026000977
1788152958.967167,77440,95,Loss/l_total,0.14470911026000977
1788152958.9671931,77440,95,LR,0.00010554024673218805
1788152968.5638618,77480,95,Loss/l_ce,0.02090001106262207
1788152968.5641005,77480,95,Loss/l_total,0.02090001106262207
1788152968.5641267,77480,95,LR,0.00010554024673218805
1788152978.0917468,77520,95,Loss/l_ce,0.03481316566467285
1788152978.0919013,77520,95,Loss/l_total,0.03481316566467285
1788152978.0919237,77520,95,LR,0.00010554024673218805
1788152987.6611328,77560,95,Loss/l_ce,0.014904499053955078
1788152987.6612847,77560,95,Loss/l_total,0.014904499053955078
1788152987.661307,77560,95,LR,0.00010554024673218805
1788152997.298667,77600,95,Loss/l_ce,0.024100065231323242
1788152997.298908,77600,95,Loss/l_total,0.024100065231323242
1788152997.2989295,77600,95,LR,0.00010554024673218805
1788153006.466583,77640,95,Loss/l_ce,0.021762609481811523
1788153006.4667552,77640,95,Loss/l_total,0.021762609481811523
1788153006.466779,77640,95,LR,0.00010554024673218805
1788153015.9874892,77680,95,Loss/l_ce,0.03520011901855469
1788153015.9876945,77680,95,Loss/l_total,0.03520011901855469
1788153015.987735,77680,95,LR,0.00010554024673218805
1788153025.3871677,77720,95,Loss/l_ce,0.06427597999572754
1788153025.3873577,77720,95,Loss/l_total,0.06427597999572754
1788153025.3873792,77720,95,LR,0.00010554024673218805
1788153034.7022965,77760,95,Loss/l_ce,0.07774138450622559
1788153034.7024689,77760,95,Loss/l_total,0.07774138450622559
1788153034.7024925,77760,95,LR,0.00010554024673218805
1788153044.1039033,77800,95,Loss/l_ce,0.024242162704467773
1788153044.1040754,77800,95,Loss/l_total,0.024242162704467773
1788153044.1040993,77800,95,LR,0.00010554024673218805
1788153053.8262353,77840,95,Loss/l_ce,0.02000284194946289
1788153053.8264205,77840,95,Loss/l_total,0.02000284194946289
1788153053.8264444,77840,95,LR,0.00010554024673218805
1788153063.7244413,77880,95,Loss/l_ce,0.033599853515625
1788153063.7246704,77880,95,Loss/l_total,0.033599853515625
1788153063.7246943,77880,95,LR,0.00010554024673218805
1788153073.4522266,77920,95,Loss/l_ce,0.03906369209289551
1788153073.4524095,77920,95,Loss/l_total,0.03906369209289551
1788153073.452433,77920,95,LR,0.00010554024673218805
1788153110.9942334,77952,95,Val/dense_error,0.05241544917225838
1788153110.9945385,77952,95,Val/auc,0.5922541174148271
1788153110.9945645,77952,95,Val/pck_max,0.1
1788153110.9945822,77952,95,Val/pck_n,100.0
1788153114.5346448,77960,96,Loss/l_ce,0.015225887298583984
1788153114.534791,77960,96,Loss/l_total,0.015225887298583984
1788153114.534817,77960,96,LR,0.000103548384408485
1788153123.8118646,78000,96,Loss/l_ce,0.030970096588134766
1788153123.812026,78000,96,Loss/l_total,0.030970096588134766
1788153123.8120782,78000,96,LR,0.000103548384408485
1788153133.3391538,78040,96,Loss/l_ce,0.0018563270568847656
1788153133.3394458,78040,96,Loss/l_total,0.0018563270568847656
1788153133.339485,78040,96,LR,0.000103548384408485
1788153142.8038912,78080,96,Loss/l_ce,0.08465838432312012
1788153142.8040907,78080,96,Loss/l_total,0.08465838432312012
1788153142.8041167,78080,96,LR,0.000103548384408485
1788153152.5914307,78120,96,Loss/l_ce,0.034044742584228516
1788153152.591667,78120,96,Loss/l_total,0.034044742584228516
1788153152.5916896,78120,96,LR,0.000103548384408485
1788153162.2666733,78160,96,Loss/l_ce,0.048295021057128906
1788153162.2668715,78160,96,Loss/l_total,0.048295021057128906
1788153162.2669024,78160,96,LR,0.000103548384408485
1788153171.8557765,78200,96,Loss/l_ce,0.0541234016418457
1788153171.8559997,78200,96,Loss/l_total,0.0541234016418457
1788153171.856026,78200,96,LR,0.000103548384408485
1788153181.193907,78240,96,Loss/l_ce,0.014816045761108398
1788153181.1941075,78240,96,Loss/l_total,0.014816045761108398
1788153181.1941338,78240,96,LR,0.000103548384408485
1788153190.9309888,78280,96,Loss/l_ce,0.016352176666259766
1788153190.9312072,78280,96,Loss/l_total,0.016352176666259766
1788153190.9312346,78280,96,LR,0.000103548384408485
1788153200.5952349,78320,96,Loss/l_ce,0.06363677978515625
1788153200.5954046,78320,96,Loss/l_total,0.06363677978515625
1788153200.5954285,78320,96,LR,0.000103548384408485
1788153210.3672943,78360,96,Loss/l_ce,0.03215789794921875
1788153210.3675566,78360,96,Loss/l_total,0.03215789794921875
1788153210.3675804,78360,96,LR,0.000103548384408485
1788153219.860216,78400,96,Loss/l_ce,0.05799412727355957
1788153219.8604486,78400,96,Loss/l_total,0.05799412727355957
1788153219.8604712,78400,96,LR,0.000103548384408485
1788153229.2922268,78440,96,Loss/l_ce,0.04709744453430176
1788153229.292412,78440,96,Loss/l_total,0.04709744453430176
1788153229.2924335,78440,96,LR,0.000103548384408485
1788153238.944619,78480,96,Loss/l_ce,0.01493978500366211
1788153238.944846,78480,96,Loss/l_total,0.01493978500366211
1788153238.9448874,78480,96,LR,0.000103548384408485
1788153248.255984,78520,96,Loss/l_ce,0.16154789924621582
1788153248.256173,78520,96,Loss/l_total,0.16154789924621582
1788153248.2561953,78520,96,LR,0.000103548384408485
1788153257.4232354,78560,96,Loss/l_ce,0.030008316040039062
1788153257.423418,78560,96,Loss/l_total,0.030008316040039062
1788153257.4234407,78560,96,LR,0.000103548384408485
1788153266.9256506,78600,96,Loss/l_ce,0.006475210189819336
1788153266.9259048,78600,96,Loss/l_total,0.006475210189819336
1788153266.925938,78600,96,LR,0.000103548384408485
1788153276.6591444,78640,96,Loss/l_ce,0.014720916748046875
1788153276.6593297,78640,96,Loss/l_total,0.014720916748046875
1788153276.6593556,78640,96,LR,0.000103548384408485
1788153286.1683393,78680,96,Loss/l_ce,0.013528823852539062
1788153286.16851,78680,96,Loss/l_total,0.013528823852539062
1788153286.168535,78680,96,LR,0.000103548384408485
1788153295.2987142,78720,96,Loss/l_ce,0.01570916175842285
1788153295.2989266,78720,96,Loss/l_total,0.01570916175842285
1788153295.2989528,78720,96,LR,0.000103548384408485
1788153304.54498,78760,96,Loss/l_ce,0.05656886100769043
1788153304.5452635,78760,96,Loss/l_total,0.05656886100769043
1788153304.5452898,78760,96,LR,0.000103548384408485
1788153334.8573263,78764,96,Val/dense_error,0.05324899032711983
1788153334.8576124,78764,96,Val/auc,0.5932103887940865
1788153334.8576362,78764,96,Val/pck_max,0.1
1788153334.8576562,78764,96,Val/pck_n,100.0
1788153344.7177613,78800,97,Loss/l_ce,0.019726276397705078
1788153344.7179143,78800,97,Loss/l_total,0.019726276397705078
1788153344.7179382,78800,97,LR,0.000101997115928614
1788153354.000102,78840,97,Loss/l_ce,0.019686460494995117
1788153354.0003574,78840,97,Loss/l_total,0.019686460494995117
1788153354.0003858,78840,97,LR,0.000101997115928614
1788153363.6224782,78880,97,Loss/l_ce,0.048269033432006836
1788153363.6226945,78880,97,Loss/l_total,0.048269033432006836
1788153363.6227193,78880,97,LR,0.000101997115928614
1788153373.074861,78920,97,Loss/l_ce,0.029405593872070312
1788153373.0751495,78920,97,Loss/l_total,0.029405593872070312
1788153373.075177,78920,97,LR,0.000101997115928614
1788153382.6705077,78960,97,Loss/l_ce,0.04892420768737793
1788153382.6707215,78960,97,Loss/l_total,0.04892420768737793
1788153382.6707463,78960,97,LR,0.000101997115928614
1788153391.9792457,79000,97,Loss/l_ce,0.012939929962158203
1788153391.9794106,79000,97,Loss/l_total,0.012939929962158203
1788153391.9794378,79000,97,LR,0.000101997115928614
1788153401.4406564,79040,97,Loss/l_ce,0.018391132354736328
1788153401.4408963,79040,97,Loss/l_total,0.018391132354736328
1788153401.44092,79040,97,LR,0.000101997115928614
1788153410.87897,79080,97,Loss/l_ce,0.12648940086364746
1788153410.8791692,79080,97,Loss/l_total,0.12648940086364746
1788153410.8791955,79080,97,LR,0.000101997115928614
1788153420.435718,79120,97,Loss/l_ce,0.026598453521728516
1788153420.4358797,79120,97,Loss/l_total,0.026598453521728516
1788153420.435907,79120,97,LR,0.000101997115928614
1788153429.7660658,79160,97,Loss/l_ce,0.010185718536376953
1788153429.7663257,79160,97,Loss/l_total,0.010185718536376953
1788153429.7663567,79160,97,LR,0.000101997115928614
1788153439.5213075,79200,97,Loss/l_ce,0.020206212997436523
1788153439.5214987,79200,97,Loss/l_total,0.020206212997436523
1788153439.5215342,79200,97,LR,0.000101997115928614
1788153449.194933,79240,97,Loss/l_ce,0.022661924362182617
1788153449.1951551,79240,97,Loss/l_total,0.022661924362182617
1788153449.195185,79240,97,LR,0.000101997115928614
1788153458.7417924,79280,97,Loss/l_ce,0.01379847526550293
1788153458.7420595,79280,97,Loss/l_total,0.01379847526550293
1788153458.742108,79280,97,LR,0.000101997115928614
1788153468.6391828,79320,97,Loss/l_ce,0.012028694152832031
1788153468.6393704,79320,97,Loss/l_total,0.012028694152832031
1788153468.639393,79320,97,LR,0.000101997115928614
1788153478.1371765,79360,97,Loss/l_ce,0.024906158447265625
1788153478.1373463,79360,97,Loss/l_total,0.024906158447265625
1788153478.137369,79360,97,LR,0.000101997115928614
1788153487.8663034,79400,97,Loss/l_ce,0.021910429000854492
1788153487.8664615,79400,97,Loss/l_total,0.021910429000854492
1788153487.866484,79400,97,LR,0.000101997115928614
1788153497.319617,79440,97,Loss/l_ce,0.0259854793548584
1788153497.3197737,79440,97,Loss/l_total,0.0259854793548584
1788153497.319795,79440,97,LR,0.000101997115928614
1788153506.7825272,79480,97,Loss/l_ce,0.03766012191772461
1788153506.7827065,79480,97,Loss/l_total,0.03766012191772461
1788153506.7827315,79480,97,LR,0.000101997115928614
1788153516.2734518,79520,97,Loss/l_ce,0.012826919555664062
1788153516.2736263,79520,97,Loss/l_total,0.012826919555664062
1788153516.2736547,79520,97,LR,0.000101997115928614
1788153525.9165578,79560,97,Loss/l_ce,0.017311811447143555
1788153525.9167216,79560,97,Loss/l_total,0.017311811447143555
1788153525.9167478,79560,97,LR,0.000101997115928614
1788153559.496585,79576,97,Val/dense_error,0.05189713463187218
1788153559.4967606,79576,97,Val/auc,0.5864236346493997
1788153559.4967844,79576,97,Val/pck_max,0.1
1788153559.4968033,79576,97,Val/pck_n,100.0
1788153566.601849,79600,98,Loss/l_ce,0.05356788635253906
1788153566.6020083,79600,98,Loss/l_total,0.05356788635253906
1788153566.6020546,79600,98,LR,0.0001008879722072778
1788153575.8650954,79640,98,Loss/l_ce,0.05176973342895508
1788153575.8653271,79640,98,Loss/l_total,0.05176973342895508
1788153575.865352,79640,98,LR,0.0001008879722072778
1788153585.178544,79680,98,Loss/l_ce,0.048868417739868164
1788153585.178734,79680,98,Loss/l_total,0.048868417739868164
1788153585.1787639,79680,98,LR,0.0001008879722072778
1788153594.6312683,79720,98,Loss/l_ce,0.015637874603271484
1788153594.6314359,79720,98,Loss/l_total,0.015637874603271484
1788153594.6314583,79720,98,LR,0.0001008879722072778
1788153604.014016,79760,98,Loss/l_ce,0.016714096069335938
1788153604.014219,79760,98,Loss/l_total,0.016714096069335938
1788153604.0142415,79760,98,LR,0.0001008879722072778
1788153613.4110692,79800,98,Loss/l_ce,0.009455442428588867
1788153613.411239,79800,98,Loss/l_total,0.009455442428588867
1788153613.4112628,79800,98,LR,0.0001008879722072778
1788153623.1331542,79840,98,Loss/l_ce,0.05912280082702637
1788153623.1333144,79840,98,Loss/l_total,0.05912280082702637
1788153623.1333392,79840,98,LR,0.0001008879722072778
1788153632.7178617,79880,98,Loss/l_ce,0.004608154296875
1788153632.718175,79880,98,Loss/l_total,0.004608154296875
1788153632.7182047,79880,98,LR,0.0001008879722072778
1788153642.2736313,79920,98,Loss/l_ce,0.014384746551513672
1788153642.2738175,79920,98,Loss/l_total,0.014384746551513672
1788153642.2738414,79920,98,LR,0.0001008879722072778
1788153651.553705,79960,98,Loss/l_ce,0.014232158660888672
1788153651.5538971,79960,98,Loss/l_total,0.014232158660888672
1788153651.553926,79960,98,LR,0.0001008879722072778
1788153660.856843,80000,98,Loss/l_ce,0.03284025192260742
1788153660.8570068,80000,98,Loss/l_total,0.03284025192260742
1788153660.8570533,80000,98,LR,0.0001008879722072778
1788153670.257881,80040,98,Loss/l_ce,0.05936264991760254
1788153670.2580874,80040,98,Loss/l_total,0.05936264991760254
1788153670.258124,80040,98,LR,0.0001008879722072778
1788153679.8591628,80080,98,Loss/l_ce,0.020123958587646484
1788153679.8593376,80080,98,Loss/l_total,0.020123958587646484
1788153679.8593671,80080,98,LR,0.0001008879722072778
1788153689.1280117,80120,98,Loss/l_ce,0.01430821418762207
1788153689.128235,80120,98,Loss/l_total,0.01430821418762207
1788153689.1282587,80120,98,LR,0.0001008879722072778
1788153698.6648085,80160,98,Loss/l_ce,0.06490397453308105
1788153698.6649997,80160,98,Loss/l_total,0.06490397453308105
1788153698.6650794,80160,98,LR,0.0001008879722072778
1788153708.0001814,80200,98,Loss/l_ce,0.06931066513061523
1788153708.0004084,80200,98,Loss/l_total,0.06931066513061523
1788153708.0004344,80200,98,LR,0.0001008879722072778
1788153717.4335659,80240,98,Loss/l_ce,0.027832984924316406
1788153717.433737,80240,98,Loss/l_total,0.027832984924316406
1788153717.433764,80240,98,LR,0.0001008879722072778
1788153726.256184,80280,98,Loss/l_ce,0.024685382843017578
1788153726.256355,80280,98,Loss/l_total,0.024685382843017578
1788153726.2563777,80280,98,LR,0.0001008879722072778
1788153735.646916,80320,98,Loss/l_ce,0.06573653221130371
1788153735.6471615,80320,98,Loss/l_total,0.06573653221130371
1788153735.6471868,80320,98,LR,0.0001008879722072778
1788153745.2145548,80360,98,Loss/l_ce,0.02074599266052246
1788153745.2147565,80360,98,Loss/l_total,0.02074599266052246
1788153745.2147803,80360,98,LR,0.0001008879722072778
1788153781.8752518,80388,98,Val/dense_error,0.05343913659453392
1788153781.8754358,80388,98,Val/auc,0.5930379911223314
1788153781.8754597,80388,98,Val/pck_max,0.1
1788153781.8754785,80388,98,Val/pck_n,100.0
1788153786.3102112,80400,99,Loss/l_ce,0.012997150421142578
1788153786.3103797,80400,99,Loss/l_total,0.012997150421142578
1788153786.3104033,80400,99,LR,0.00010022204783542078
1788153795.6155894,80440,99,Loss/l_ce,0.012943506240844727
1788153795.6157472,80440,99,Loss/l_total,0.012943506240844727
1788153795.6157722,80440,99,LR,0.00010022204783542078
1788153805.2229815,80480,99,Loss/l_ce,0.0998075008392334
1788153805.2232375,80480,99,Loss/l_total,0.0998075008392334
1788153805.2232628,80480,99,LR,0.00010022204783542078
1788153814.6458983,80520,99,Loss/l_ce,0.06585931777954102
1788153814.6460812,80520,99,Loss/l_total,0.06585931777954102
1788153814.6461048,80520,99,LR,0.00010022204783542078
1788153824.1652687,80560,99,Loss/l_ce,0.05725979804992676
1788153824.1655004,80560,99,Loss/l_total,0.05725979804992676
1788153824.1655266,80560,99,LR,0.00010022204783542078
1788153833.7498968,80600,99,Loss/l_ce,0.012918472290039062
1788153833.750128,80600,99,Loss/l_total,0.012918472290039062
1788153833.7501614,80600,99,LR,0.00010022204783542078
1788153843.1004279,80640,99,Loss/l_ce,0.012488842010498047
1788153843.1005988,80640,99,Loss/l_total,0.012488842010498047
1788153843.1006227,80640,99,LR,0.00010022204783542078
1788153852.5044503,80680,99,Loss/l_ce,0.06692266464233398
1788153852.5046532,80680,99,Loss/l_total,0.06692266464233398
1788153852.5046768,80680,99,LR,0.00010022204783542078
1788153862.122322,80720,99,Loss/l_ce,0.017557859420776367
1788153862.1224825,80720,99,Loss/l_total,0.017557859420776367
1788153862.1225052,80720,99,LR,0.00010022204783542078
1788153871.6129518,80760,99,Loss/l_ce,0.05535316467285156
1788153871.6131692,80760,99,Loss/l_total,0.05535316467285156
1788153871.613206,80760,99,LR,0.00010022204783542078
1788153881.0333908,80800,99,Loss/l_ce,0.12276291847229004
1788153881.0336,80800,99,Loss/l_total,0.12276291847229004
1788153881.0336235,80800,99,LR,0.00010022204783542078
1788153890.4557607,80840,99,Loss/l_ce,0.013782501220703125
1788153890.4559233,80840,99,Loss/l_total,0.013782501220703125
1788153890.4559493,80840,99,LR,0.00010022204783542078
1788153899.9908936,80880,99,Loss/l_ce,0.07330918312072754
1788153899.9911726,80880,99,Loss/l_total,0.07330918312072754
1788153899.9911988,80880,99,LR,0.00010022204783542078
1788153909.506417,80920,99,Loss/l_ce,0.0853421688079834
1788153909.5065858,80920,99,Loss/l_total,0.0853421688079834
1788153909.5066106,80920,99,LR,0.00010022204783542078
1788153919.1111245,80960,99,Loss/l_ce,0.034040212631225586
1788153919.1112752,80960,99,Loss/l_total,0.034040212631225586
1788153919.1112978,80960,99,LR,0.00010022204783542078
1788153928.5774536,81000,99,Loss/l_ce,0.11180305480957031
1788153928.5776687,81000,99,Loss/l_total,0.11180305480957031
1788153928.577691,81000,99,LR,0.00010022204783542078
1788153937.999524,81040,99,Loss/l_ce,0.012304306030273438
1788153937.9996939,81040,99,Loss/l_total,0.012304306030273438
1788153937.9997177,81040,99,LR,0.00010022204783542078
1788153947.5664504,81080,99,Loss/l_ce,0.005532979965209961
1788153947.5666332,81080,99,Loss/l_total,0.005532979965209961
1788153947.5666544,81080,99,LR,0.00010022204783542078
1788153957.014798,81120,99,Loss/l_ce,0.017054080963134766
1788153957.0149963,81120,99,Loss/l_total,0.017054080963134766
1788153957.015021,81120,99,LR,0.00010022204783542078
1788153966.65622,81160,99,Loss/l_ce,0.016318321228027344
1788153966.6564348,81160,99,Loss/l_total,0.016318321228027344
1788153966.6564598,81160,99,LR,0.00010022204783542078
1788153975.8732264,81200,99,Loss/l_ce,0.0178835391998291
1788153975.8733952,81200,99,Loss/l_total,0.0178835391998291
1788153975.8734176,81200,99,LR,0.00010022204783542078
1788154005.4506664,81200,99,Val/dense_error,0.05031609535217285
1788154005.4508574,81200,99,Val/auc,0.5882230637566197
1788154005.4508836,81200,99,Val/pck_max,0.1
1788154005.4509027,81200,99,Val/pck_n,100.0
