{
  "name": "faust_matrix_diffusion_gcn_512_redo",
  "checkpoint": "/data2/home/jrr25/Documents/shape-match-diffusion/experiments/faust_matrix_diffusion_gcn_512_redo/models/final.pth",
  "n_pairs": 8,
  "n_samples": 8,
  "t_bins": 10,
  "t_repeats": 16,
  "divergence_mean": 0.04278564453125,
  "divergence_median": 0.040283203125,
  "divergence_max": 0.08761160714285714,
  "slope_mean": 0.018820699201244878,
  "per_pair": [
    {
      "pair": 0,
      "trajectory_divergence": 0.008510044642857142,
      "loss_t_slope": 0.0007961644135890733,
      "loss_vs_t": {
        "0.05": 2.7939651481290184e-08,
        "0.15": 6.041947808732573e-08,
        "0.25": 5.793096269357534e-08,
        "0.35": 8.471831103307181e-08,
        "0.45": 6.263098406567025e-08,
        "0.55": 6.174270306136265e-08,
        "0.65": 7.423756391844449e-07,
        "0.75": 4.20121425728226e-05,
        "0.85": 0.0006720834526277031,
        "0.95": 0.003266215993789956
      }
    },
    {
      "pair": 54,
      "trajectory_divergence": 0.08761160714285714,
      "loss_t_slope": 0.020686801135283307,
      "loss_vs_t": {
        "0.05": 1.1699735680270607e-08,
        "0.15": 7.968598536578497e-08,
        "0.25": 1.1927770182662556e-07,
        "0.35": 4.0119373045932605e-08,
        "0.45": 4.576510981291193e-08,
        "0.55": 7.780356159337032e-08,
        "0.65": 2.0265090478144288e-05,
        "0.75": 0.002592391922007664,
        "0.85": 0.029089658695738763,
        "0.95": 0.0717319087125361
      }
    },
    {
      "pair": 108,
      "trajectory_divergence": 0.03369140625,
      "loss_t_slope": 0.009469797850818673,
      "loss_vs_t": {
        "0.05": 1.8262642953459363e-08,
        "0.15": 4.912721807137643e-08,
        "0.25": 1.0899380287199278e-08,
        "0.35": 3.6685280480064364e-08,
        "0.45": 3.76540684410287e-07,
        "0.55": 3.9021702935571057e-07,
        "0.65": 6.392943927124861e-06,
        "0.75": 0.0002038962908557096,
        "0.85": 0.005014246104110498,
        "0.95": 0.04212455521337688
      }
    },
    {
      "pair": 162,
      "trajectory_divergence": 0.05922154017857143,
      "loss_t_slope": 0.056125884545334424,
      "loss_vs_t": {
        "0.05": 5.1571704018371634e-08,
        "0.15": 1.1516258124899537e-07,
        "0.25": 1.7705696153669237e-07,
        "0.35": 1.8989614725128945e-07,
        "0.45": 8.602982215499821e-08,
        "0.55": 3.337373315481784e-07,
        "0.65": 4.043162758282648e-05,
        "0.75": 0.0012856651242998396,
        "0.85": 0.058818119345232844,
        "0.95": 0.22048549260944128
      }
    },
    {
      "pair": 217,
      "trajectory_divergence": 0.057338169642857144,
      "loss_t_slope": 0.04039964209757647,
      "loss_vs_t": {
        "0.05": 3.2610805500432605e-08,
        "0.15": 1.0560296326289631e-07,
        "0.25": 1.2327793319499847e-07,
        "0.35": 4.730781211215174e-08,
        "0.45": 1.0452496990165372e-07,
        "0.55": 3.332600839733857e-07,
        "0.65": 3.1567871729976105e-06,
        "0.75": 0.0003397475310578102,
        "0.85": 0.023088862406439148,
        "0.95": 0.1785665238276124
      }
    },
    {
      "pair": 271,
      "trajectory_divergence": 0.03166852678571429,
      "loss_t_slope": 0.012349414630267966,
      "loss_vs_t": {
        "0.05": 1.0506479075633735e-08,
        "0.15": 4.0236027176732136e-08,
        "0.25": 7.028572571177172e-09,
        "0.35": 1.0491913698951194e-08,
        "0.45": 2.9452992045264637e-08,
        "0.55": 2.1216608803165116e-08,
        "0.65": 1.568328040102429e-06,
        "0.75": 0.00154933469099916,
        "0.85": 0.008043754292884842,
        "0.95": 0.05215249233879149
      }
    },
    {
      "pair": 325,
      "trajectory_divergence": 0.046875,
      "loss_t_slope": 0.007308140322613665,
      "loss_vs_t": {
        "0.05": 2.828890477424295e-08,
        "0.15": 8.151970076752946e-08,
        "0.25": 1.8597324069613563e-08,
        "0.35": 2.545123289898754e-08,
        "0.45": 9.708897685811735e-08,
        "0.55": 1.1641064306955329e-07,
        "0.65": 1.1044003489946164e-05,
        "0.75": 0.0004765494593357289,
        "0.85": 0.0069891842431388795,
        "0.95": 0.02906405844260007
      }
    },
    {
      "pair": 379,
      "trajectory_divergence": 0.017368861607142856,
      "loss_t_slope": 0.0034297486144754252,
      "loss_vs_t": {
        "0.05": 8.159151088094063e-08,
        "0.15": 8.525933337111269e-08,
        "0.25": 6.397118070822216e-07,
        "0.35": 2.0266983113970127e-07,
        "0.45": 1.3723664049614115e-07,
        "0.55": 3.9454196065769054e-07,
        "0.65": 6.879379366164784e-06,
        "0.75": 0.00033084883477840776,
        "0.85": 0.0017197750639752485,
        "0.95": 0.015091991721419618
      }
    }
  ]
}